$20 is $20,Dwadzieścia dolarów to dwadzieścia dolar…
'ark at 'ee,spójrz na nią
'fess up,przyznaj się
'fraid not,Obawiam się, że nie
'fraid so,Obawiam się, że tak
'nuff said,Wszystko powiedziane
'til next time,do następnego razu
'til the cows come home,aż krowy wrócą do domu
'til we meet again,do zobaczenia
'tis the season,To jest czas
10 points to Gryffindor,10 punktów dla Gryffindoru
11 Downing Street,Downing Street 11
110 proof,110 stopni
11th commandment,jedenasta przykazanie
12-ounce curls,lokienki o objętości 12 uncji
13th reason why,13 powodów
15 minutes of fame,piętnastominutowa sława
20 bucks is 20 bucks,Dwadzieścia dolarów to dwadzieścia dolar…
20 dollars is 20 dollars,dwadzieścia dolarów to dwadzieścia dolar…
20 whole dollars,dwadzieścia dolarów
20% cooler,20% chłodniejsze
23 skidoo,szybko
23 Skidoo Street,Ulica Skidoo numer 23
51 percent,pięćdziesiąt jeden procent
800-pound gorilla,ogromny gracz
a bad penny always comes back,zła moneta zawsze wraca
a bad penny always turns up,zła moneta zawsze się odnajdzie
a balancing act,akrobatyka
a barking dog never bites,pies który szczeka nie gryzie
a barking dog seldom bites,pies który szczeka nie gryzie
a big ask,duże wyzwanie
a big mouth,duża buzia
a bird in the hand,lepszy wróbel w garści niż gołąb na dach…
a boon and a bane,zarówno błogosławieństwo jak i przekleńs…
a breath of fresh air,powiew świeżości
a bridge too far,za daleko
a buck is a buck,dolar to dolar
a buck's a buck,dolar to dolar
a bumpy ride,nierówna jazda
a burnt child dreads the fire,kto raz się oparzy, ten się bać będzie o…
a calorie is a calorie,kaloria to kaloria
a case in point,przykład
a cash cow,kura nosząca złote jajka
a change of heart,zmiana zdania
a cigar is a cigar,cygara to cygara
a cigar is just a cigar,cygara to tylko cygara
a closed mouth catches no flies,Mówienie rodzi kłopoty
a closed mouth doesn't get fed,Cisza jest złotem
a closed mouth gathers no feet,Milczący nie popełnia błędów
a cold day in July,zimny dzień w lipcu
a creaking door hangs longest,skrzypiące drzwi wiszą najdłużej
a cut above,lepszy
a cut above the rest,lepszy od reszty
a danger foreseen is half avoided,Przewidziana niebezpieczeństwo to połowa…
a dark horse,czarny koń
a dead end,ślepa uliczka
a deal is a deal,obietnica jest obietnicą
a dime a dozen,bardzo pospolity
a fact of life,fakt życia
a far remove,daleko
a fault confessed is half redressed,przyznanie się do błędu to już połowa na…
a fine line,cienka granica
a fool and his money,głupi i jego pieniądze
A for effort,Za wysiłek
a frame of mind,stan umysłu
a free agent,wolny agent
a full-time job,praca na pełny etat
a game plan,plan działania
a good bet,dobra opcja
a good deal,dobra oferta
a gray area,szara strefa
a great deal,dużo
a grey area,szara strefa
a gut feeling,przeczucie
a head start,początek
a hen night,wieczór panieński
a hen party,wieczór panieński
a high profile,wysoki profil
a hit dog hollers,pies szczeka
a hit dog will holler,pies który został trafiony będzie szczek…
a horse apiece,po jednym koniu na osobę
a house is not a home,dom nie jest rodziną
a hundred and ten percent,sto dziesięć procent
a into g,od a do g
a juggling act,żonglerka
a la,na styl
a laughing stock,powód do śmiechu
a leading light,wybitna postać
a leopard can't change its spots,Lew nie może zmienić swojej sierści
a leopard cannot change its spots,Lew nie może zmienić swojej sierści
a level playing field,równe szanse
a lie has no legs,kłamstwo nie ma nóg
a little bird told me,słyszałem od ptaszka
a little birdie told me,słyszałem od ptaszka
a little goes a long way,niewiele wystarczy
a little pot is soon hot,Mały garnek szybko się nagrzewa
a long shot,mało prawdopodobne
a lump in one's throat,kłęb w gardle
a magician never reveals his secrets,Magik nigdy nie zdradza swoich sekretów
a man's home is his castle,dom to twierdza mężczyzny
a means to an end,środek do celu
a mite,roztocz
a mixed bag,mieszanka
a new broom sweeps clean,Nowy miotnik posprząta dokładnie
a new lease of life,nowe życie
a new man,nowy człowiek
a new woman,nowa kobieta
a notch above,o poziom wyżej
a number of,liczba
a one-night stand,jednorazowy romans
a pain in the arse,bol w dupie
a pain in the ass,ból głowy
a pain in the neck,ból głowy
a pat on the back,klepnięcie w plecy
a pecking order,hierarchia
a perfect storm,idealna burza
a picture paints a thousand words,obraz jest wart tysiąca słów
a pit stop,przystanek serwisowy
a plague o' both your houses,niech was pogodzi
a plague on both your houses,niechaj klęska obydwa wasze domy
a pound to a penny,funt do grosza
a pox on both your houses,niechaj klęska obydwa wasze domy
a promise is a promise,obietnica to obietnica
a question mark over somebody,znak zapytania w odniesieniu do kogoś
a question mark over something,znak zapytania nad czymś
a quick fix,szybkie rozwiązanie
a race against the clock,wyścig z czasem
a race against time,wyścig z czasem
a red flag,czerwona flaga
a red herring,fałszywa trop
a rising tide lifts all boats,Wzrost gospodarczy przynosi korzyści wsz…
a rite of passage,obrzęd przejścia
a Roland for an Oliver,zamiana jednego na drugi
a roll of honour,lista zasług
a rolling stone gathers no moss,kamień który się toczy nie zbiera mchu
a rough ride,trudna droga
a rule of thumb,zasada ogólna
a safe bet,pewny zakład
a safety net,siatka bezpieczeństwa
a sea change,głęboka zmiana
a slippery slope,niebezpieczna ścieżka
a smooth ride,płynna jazda
a stitch in time saves nine,zapobiegać problemom
a stumbling block,przeszkoda
a sucker is born every minute,Każda minuta rodzi naiwnika
a tall order,duże wyzwanie
a thin line,cienka linia
a thing or two,coś
a thousand,tysiąc
a Trojan horse,koń trojański
a turkey voting for Christmas,kaczka, która głosuje za świętami
a turn of phrase,zwrot
a twinkle in someone's eye,iskierka w oku
a vicious circle,krąg śmierci
a vote of confidence,wotum zaufania
a wake-up call,budzik
a war of words,słowna przepychanka
a watched kettle never boils,czekać nie sprawi że woda szybciej się z…
a watched pot never boils,Czekanie powoduje, że czas dłużej się wy…
a watched pot never boils over,cierpliwość nagradza
a wee bit,trochę
a week from next Tuesday,za tydzień od przyszłego wtorku
a wild card,dzika karta
a wish list,lista życzeń
a woman's work is never done,praca kobiety nigdy się nie kończy
a year and a day,rok i jeden dzień
ab off,wyłączony
aback of,za
abate of,łagodzenie
Abbot's Priory,Opactwo
abide by,przestrzegać
abound in one's own sense,być pełnym własnego zrozumienia
about one's ears,wokół uszu
about one's person,o osobie
about that life,o tym życiu
about time,wreszcie
about turn,obrót
above all else,przede wszystkim
above and beyond,ponad i powyżej
above average,powyżej średniej
above board,uczciwie
above grass,nad trawą
above ground,nad ziemią
above measure,ponad miarę
above one's bend,poza zasięgiem możliwości
above one's huckleberry,poza zasięgiem możliwości
above one's pay grade,poza kompetencjami
above one's paygrade,poza kompetencjami
above one's station,powyżej swojej pozycji
above par,powyżej normy
above proof,powyżej dowodu
above stairs,nad schodami
above the curve,powyżej krzywej
above the fold,powyżej linii zagięcia
above the fray,powyżej zgiełku
above the law,powyżej prawa
above the rim,nad obręczą
above the salt,powyżej soli
above the table,nad stołem
above water,nad wodą
absence makes the heart fonder,nieobecność przybliża serca
absence makes the heart go yonder,nieobecność sprawia, że serce tęskni
absence makes the heart grow fonder,nieobecność przybliża serca
absente reo,nieobecny oskarżony
absit invidia,niech nie będzie zazdrości
absolutely convergent,bezwzględnie zbieżny
absolutely summable,całkowicie podsumowalne
absorb oneself in,zajmować się czymś całkowicie
absque hoc,bez tego
absque impetitione vasti,bez ograniczeń ogromny
abstract away from,odciągnąć od
abuse of distress,wykorzystywanie słabości
abut on,graniczyć z
ac etiam,tak też
academically disadvantaged,upośledzeni pod względem edukacji
accident of birth,przypadek urodzenia
accident waiting to happen,niebezpieczeństwo czyhające za rogiem
accidentally on purpose,celowo niechcący
accidents will happen,wypadki się zdarzają
according to,zgodnie z
according to Cocker,zgodnie z Cockerem
according to Gunter,zgodnie z Guntherem
according to Hoyle,zgodnie z zasadami
according to one's lights,według własnego sumienia
according to one's understanding,zgodnie z własnym rozumieniem
according to plan,zgodnie z planem
account for,uwzględniać
account of,opis
account to,konto do
accredit with,przypisać zasługę
ace in the hole,as w rękawie
ace into,wchodzić do
ace out,przewyższyć
ace up one's sleeve,as w rękawie
ache for,tęsknić za
aches and pains,ból i dyskomfort
acknowledge the corn,uznać wartość kukurydzy
acquired taste,smak nabyty
across country,przez cały kraj
across lots,przez wiele miejsc
across the board,uniwersalnie
across the ditch,po drugiej stronie rowu
across the line,po drugiej stronie linii
across the pond,po drugiej stronie oceanu
across the way,po drugiej stronie
act of Congress,ustawa Kongresu
act on,działać
act one's age,zachowywać się zgodnie z wiekiem
act out,odtwarzać
act the hypocrite,udawać hipokrytę
act up,zachowywać się źle
act upon,działać
actions have consequences,czynności mają konsekwencje
actions speak louder than words,czynności mówią więcej niż słowa
activist judge,sędzia aktywista
activist justice,sprawiedliwość aktywistyczna
ad damnum,na własną odpowiedzialność
ad idem,do jednego celu
ad in,reklama
ad out,dodaj
ad quod damnum,na jaką szkodę
ad vitam aut culpam,na całe życie albo do winy
ad vivum,na żywo
Adam's ale,woda
add fuel to the fire,podlewać ogień
add insult to injury,dodać jeszcze więcej bólu
add oil,dodaj olej
add on,dodatek
add one's twopenn'orth,wyrazić swoją opinię
add up,dodawać
add up to,sumować się do
added value,dodana wartość
address me,zwróć się do mnie
adequately wet,odpowiednio wilgotny
adhere to,przestrzegać
adopt out,adoptować
adorn oneself with borrowed plumes,ozdabiać się cudzymi piórami
adrenaline rush,adrenalina
adversarial collaboration,współpraca oparta na rywalizacji
advise against,odradzać
affair partner,partner romansu
affinely independent,afinowo niezależne
afraid of one's own shadow,bać się własnego cienia
after a fashion,w pewnym sensie
after all,w końcu
after all is said and done,po wszystkim
after dark,po zmroku
after hours,po godzinach
after me the deluge,po mnie nastąpi powódź
after one's own heart,według własnego serca
after one's own soul,według własnego sumienia
after Saturday comes Sunday,po sobotę jest niedziela
after the fact,po fakcie
after the jump,po skoku
after the Lord Mayor's show,po paradzie burmistrza
after us the deluge,po nas potop
again and again,raz po razie
against all odds,przeciwko wszelkim przeciwnościom
against all the odds,przeciwko wszelkim przeciwnościom
against nature,przeciw naturze
against one's better judgment,wbrew rozsądkowi
against the clock,przeciwko zegarowi
against the collar,przeciwko kołnierzykowi
against the grain,przeciwko naturze
against the hair,przeciwko włosom
against the law,nielegalny
against the run of play,przeciwko biegu gry
against the world,przeciwko światu
against time,przeciwko czasowi
age ain't nothing but a number,wiek to tylko liczba
age before beauty,wiek przed urodą
age is just a number,wiek to tylko liczba
age out,wyjść poza wiek
age up,podnieść wiek
agree to disagree,nie zgadzamy się
agree with,zgadzać się z
ahead of,przed
ahead of one's time,przed swoimi czasami
ahead of schedule,przed czasem
ahead of the curve,przede wszystkim
ahead of the game,przede wszystkim
ahead of the pack,na czele grupy
ahead of time,z wyprzedzeniem
aid and abet,pomagać i wspierać
aim at,celować w
ain't no shame in my game,Nie mam się czego wstydzić
ain't no telling,nie da się przewidzieć
ain't that the truth,czy to nie prawda
ain't what it used to was,nie jest już taki jak kiedyś
air off,odpocząć
air one's dirty laundry in public,wywieszać brudy na światło dzienne
air one's dirty linen in public,wywieszać brudy na świat
air out,wietrzyć
air rage,gniew w locie
air sandwich,kanapka z powietrzem
air up,napiąć
alarums and excursions,alarmy i wycieczki
albatross around one's neck,obciążenie
albatross round one's neck,obciążenie
alert and oriented,przytomny i zorientowany
algebraically closed,algebraicznie domknięty
algebraically independent,algebraicznie niezależne
alive and kicking,żywy i zdrowy
alive and well,żywy i zdrowy
all aboard,Wsiadajcie
all along,cały czas
all and sundry,wszyscy i każdi
all at once,wszystko naraz
all bark and no bite,same straszny, a bez zębów
all bedlam breaks loose,cały chaos wybucha
all bets are off,wszystkie zakłady są nieważne
all cats are beautiful,wszystkie koty są piękne
all cats are gray at night,Wszystkie koty są szare w nocy
all cats are grey at night,Wszystkie koty są szare w nocy
all cats are grey by night,Wszystkie koty są szare w nocy
all correct,wszystko dobrze
all cows eat grass,wszystkie krowy jedzą trawę
all cry and no wool,same płaacz i nic nie wynika
all duck or no dinner,albo wszystko albo nic
all ears,wszystkimi uszami
all ends up,kończy się
all eyes,wszystkie oczy
all eyes and ears,wszystkie oczy i uszy
all eyes are on,wszyscy patrzą
all eyes on somebody,wszyscy patrzą na kogoś
all eyes on something,wszystkie oczy zwrócone na coś
all fingers and thumbs,niezdarny
all foam and no beer,puste gadanie
all for nought,na próżno
all fur and no knickers,ładna fasada a w środku nic
all fur coat and no knickers,pozory mogą oszukać
all good,wszystko w porządku
all good in the hood,wszystko w porządku w okolicy
all good things,wszystkie dobre rzeczy
all hands to the pump,wszyscy do pomp
all hat and no cattle,puste gadanie
all hat and no cowboy,puste gadanie
all heart,z całego serca
all hell breaks loose,wybuchają piekielne kłopoty
all holiday,wszystkie święta
all hollow,pusty w środku
all in a day's work,codzienna praca
all in all,ogólnie rzecz biorąc
all in one piece,cały i zdrowy
all in the family,w rodzinie
all is not lost,nie wszystko stracone
all it's cracked up to be,nie jest tak wspaniałe jak się mówi
all kidding aside,serio
all lives matter,wszystkie życia są ważne
all manner of,wszystkiego rodzaju
all mouth and no trousers,gaduła
all mouth and trousers,gaduła
all of a doodah,cały ten bałagan
all of a heap,w kupie
all of a sudden,nagle
all of the sudden,nagle
all on one's own,samemu
all one's born days,dni urodzenia
all one's life's worth,wartość całego życia
all out,na maksa
all over,wszędzie
all over bar the shouting,prawie gotowe
all over but the shouting,Wszystko już załatwione, tylko krzyki zo…
all over hell's half acre,w całym mieście
all over someone like a rash,jak plaga
all over the ballpark,w całym stadionie
all over the board,różne opinie
all over the gaff,wszędzie
all over the lot,wszędzie
all over the map,w różnych miejscach
all over the place,wszędzie
all over the shop,w całym sklepie
all over the show,na całym przedstawieniu
all over the world,na całym świecie
all points of the compass,wszystkie strony świata
all politics are local,wszystka polityka jest lokalna
all politics is local,wszystka polityka jest lokalna
all publicity is good publicity,każda reklama jest dobra
all quiet on the Western Front,Cisza na zachodnim froncie
all rights reserved,wszystkie prawa zastrzeżone
all roads lead to Mecca,wszystkie drogi prowadzą do Mekki
all roads lead to Rome,wszystkie drogi prowadzą do Rzymu
all roads lead to Sydney,wszystkie drogi prowadzą do Sydney
all rumors are true,Wszystkie plotki są prawdziwe
all set,gotowe
all sixes and nines,wszystko w porządku
all sixes and sevens,w nieładzie
all sizzle and no steak,duży hałas a mało treści
all students take calculus,Wszyscy studenci zdają rachunek różniczk…
all style and no substance,tylko pozory
all systems go,wszystkie systemy działają
all talk and no cider,same puste gadanie
all that glisters is not gold,nie wszystko co się błyszczy jest złotem
all that glitters,to co się świeci
all that glitters is not gold,nie wszystko złoto, co się świeci
all that jazz,wszystko to
all that said,mimo to
all the best,wszystkiego najlepszego
all the gear and no idea,dużo sprzętu a brak pomysłu
all the marbles,wszystkie kule
all the rage,bardzo modne
all the same,tak samo
all the sudden,nagle
all the tea in China,wszystka herbata w Chinach
all the while,cały czas
all the world's a stage,Cały świat jest teatrem
all there,wszyscy są tu
all things,wszystkie rzeczy
all things considered,biorąc pod uwagę wszystko
all things to all people,wszystko dla wszystkich
all thumbs,niezdarny
all to smash,zmiażdżyć wszystko
all to the better,na lepsze
all told,łącznie
all very well,wszystko w porządku
all wet,cały mokry
all wool and a yard wide,całkowicie szczery
all's fair in love and war,Wszystko jest dozwolone w miłości i wojn…
all's one,to jedno i to samo
all's well that ends well,Wszystko dobrze, co dobrze się kończy
all-weather friend,przyjaciel na dobre i złe
alles anderes ist Menschenwerk,wszystko inne jest dziełem człowieka
allot upon,przydzielać
allow for,uwzględniać
allude to,nawiązywać do
Ally Pally,Alexandra Palace
almighty dollar,wszechmocny dolar
almost doesn't count,prawie się nie liczy
alone in a crowd,sam w tłumie
along about,mniej więcej
along of,wraz z
along the lines of,w podobnym stylu
along the same vein,w tym samym duchu
along the way,po drodze
along with,razem z
alongside of,obok
alpha up,w górę
alright me babber,okej mój kochany
alright me lover,dobrze moja miłości
alright my babber,okej mój drogi
alright my lover,dobrze moja miłości
also known as,znany również jako
am I right,czy mam rację
amateur hour,amatorska godzina
amber gambler,hazardzista
amber light,pomarańczowe światło
amber nectar,miedziany nektar
American Dream,Amerykański sen
Amish bus driver rule,Zasada dotycząca kierowców autobusów ami…
ammo up,w górę
amount to,wynosić
amp down,zmniejszyć głośność
amp up,zwiększyć
an angel passes,anioł przeleciał
an arm and a leg,kosztuje majątek
an army marches on its stomach,Armia żyje z racji
an easy ride,łagodna jazda
an Englishman's home is his castle,Dom Anglika to jego twierdza
an uphill battle,ciężka walka
an uphill struggle,ciężka walka
an uphill task,trudne zadanie
anaconda mortgage,hipoteka anaconda
anatomically correct,anatomicznie poprawny
ancient history,starożytna historia
and a half,i pół
and all the rest of it,i wszystko inne
and another thing,a jeszcze coś
and change,i zmień
and company,i firma
and counting,i liczenie trwa
and crap,i bzdury
and don't play one on TV,i nie udawajcie tego w telewizji
and don't you forget it,i nie zapomnij tego
and everything,i wszystko
and finally,i wreszcie
and his mother,i jego matka
and how,i jak
and I claim my five pounds,i roszczę sobie pięć funtów
and I don't mean maybe,i nie mówię o czymś, co jest możliwe
and I oop,i oop
and no flies,i bez much
and no mistake,i bez błędu
and nothing of value was lost,i nic cennego nie zostało utracone
and shit,i inne takie
and so forth,i tak dalej
and so say all of us,i tak mówimy wszyscy
and stuff,i tym podobne
and such,i tym podobne
and that's flat,i to jest płasko
and the church says amen,i kościół odpowiada amin
and the like,i tym podobne
and whatnot,i tak dalej
and your little dog too,i twój mały pies też
angel's advocate,obrońca
angle for,kąt dla
angle for farthings,kąt dla pensów
angle iron,kątownik
angles and dangles,kąty i wystające elementy
another country heard from,inny kraj się odezwał
another county heard from,inny powiat się zgłosił
another day in paradise,jeszcze jeden dzień w raju
another nail in someone's coffin,kolejny gwóźdź do trumny
another nail in the coffin,kolejny gwóźdź do trumny
another string to one's bow,kolejny atut
answer back,odpowiedz
answer for,odpowiedź na
answer on a postcard,odpowiedz na pocztówce
answer someone's prayers,odpowiedzieć na modlitwy kogoś
answer the call of nature,odwdychać się
answer to,odpowiedź
answer to someone's prayers,odpowiedź na modlitwę
answer up,odpowiedz
ante in,przed
ante litteram,przed literą
ante up,postawić
ants in one's pants,bycie niespokojnym
any day now,w każdej chwili
any exposure is good exposure,każda ekspozycja jest dobra
any fule kno,każdy to wie
any given Sunday,każda niedziela
any hole's a goal,każda dziura to gol
any more for any more,jeszcze więcej dla jeszcze więcej
any nook or cranny,każdy zakątek
any number of,dowolna liczba
any old,dowolny stary
any old kind of way,w dowolny sposób
any old nook or cranny,każdy zakątek
any old thing,dowolna stara rzecz
any other business,inne sprawy
any port in a storm,każdy port w burzy
any press is good press,każda reklama jest dobra
any the wiser,być bardziej rozgarniętym
any time now,w każdej chwili
any time soon,wkrótce
any way one cuts it,jakkolwiek by to nie było
any way one slices it,jakkolwiek by to nie było przedstawione
anybody who is anybody,każdy, kto się liczy
anyone's guess,zgadywanka
anything goes,wszystko jest dozwolone
apart from,poza
ape in,w
ape leader,wódz małpy
apothecary's Latin,łaciński język aptekarza
appearances are deceptive,Pozory mylą
appetite comes with eating,apetyt przychodzi z jedzenia
apple of someone's eye,oczko w głowie
apple polisher,poler do jabłek
apple up,jabłko w górę
apples and oranges,jabłka i pomarańcze
apples to apples,jak do jakiego
apply oneself,starać się
April showers bring May flowers,Kwiecień deszczami, maj kwiatami
apron string,sznurek do fartucha
apron-string hold,sznurek do fartucha
apropos of,w związku z tym
apropos of nothing,z czystej ciekawości
arc up,wygiąć się
arch doxy,główna nauczycielka
are bears Catholic,Czy niedźwiedzie są katolikami
are the Kennedys gun-shy,czy rodzina Kennedy boi się broni
are we deadass,Czy to prawda
are we there yet,Czy jesteśmy już na miejscu
are you blind,czy jesteś ślepy
are you deaf,czy jesteś głuchy
are you sure you're sure,czy jesteś pewien że jesteś pewien
are your ears burning,czy ci uszy palą
argle-bargle morble whoosh,bełkotanie bzdury
argue down,przekonywać do zmiany zdania
argue out,wyjaśnić
ark at ee,spójrz na
arm candy,biżuteria
arm out,wyciągnięta ręka
arm to the teeth,uzbrojony po zęby
arm up,przygotować broń
arm's length,na dystans
armchair quarterback,kibic siedzący na trybunach
army volunteer,wolontariusz wojskowy
around one's ears,wokół uszu
around Robin Hood's barn,wokół stajni Robina Hooda
around the bend,za zakrętem
around the clock,całodobowo
around the corner,za rogiem
around the Horn,około przylądka Horn
around the traps,wokół różnych miejsc
around the way,w okolicy
around the wicket,wokół bramki
around the world,wokół świata
arrive at,przybyć do
arrow in the quiver,strzała w kołczanie
arse about,oszukiwać
arse around,gapić się
arse end of nowhere,koń świata
arse over tip,tylko dla przyjemności
arse over tit,od tyłu do przodu
arse up,zepsuć
arsy varsy,arsy warszy
arsy versy,wersy
art imitates life,sztuka naśladuje życie
art up,sztuka
artful dodger,sprytny oszust
article of death,akt zgonu
artificially intelligent,sztuczna inteligencja
artificially sweetened,słodzone sztucznie
as a duck takes to water,jak kaczka do wody
as a lamb to the slaughter,jak baranek na rzeź
as a matter of course,oczywiście
as a matter of fact,w rzeczywistości
as a matter of facts,w rzeczywistości
as a result,w rezultacie
as a rule,zazwyczaj
as a whole,w całości
as all fuck,jak wszystko
as all get-out,bardzo bardzo
as and when,w razie potrzeby
as anything,jak cokolwiek
as be damned,niech to
as best one can,jak najlepiej się da
as big as life,żywy jakby żył
as cold as ice,zimny jak lód
as ever trod shoe leather,jak zawsze chodził w butach
as ever trod shoe-leather,jak zawsze chodził w butach
as far as,o ile
as far as I know,o ile mi wiadomo
as far as one is concerned,z punktu widzenia kogoś
as far as one knows,o ile wiadomo
as far one's concerned,z punktu widzenia kogoś
as fate would have it,jak się stało
as fine as Dick's hatband,bardzo dobrze
as fit as a fiddle,w doskonałej formie
as for,w odniesieniu do
as God intended,tak jak Bóg chciał
as God is my witness,przysięgam Bogiem
as good as gold,jak aniołek
as good as it gets,tak dobrze jak się da
as good as new,jak nowy
as good as the original,tak dobry jak oryginał
as hard as nails,twardy jak skała
as I live and breathe,dopóki żyję
as I see it,z mojego punktu widzenia
as I was saying,jak mówiłem
as if,jakby
as if by magic,jak przez magię
as if I care,jakbym się tym przejmował
as if I cared,jakbym się tym przejmował
as if someone owns the place,jakby ktoś był właścicielem tego miejsca
as if there is no tomorrow,jakby jutra nie było
as if there were no tomorrow,jakby jutra nie było
as if there's no tomorrow,jakby jutra nie było
as it comes,jak leci
as it gets,jak się robi
as it goes,jak leci
as it happens,tak jak się dzieje
as it stands,obecnie
as large as life,żywy jakby żył
as light as air,lekki jak piórko
as long as,o ile
as luck may have it,jak się powiedziało
as luck would have it,jak na złość
as memory serves,o ile pamiętam
as much,tyle samo
as much as possible,jak najwięcej
as much sinning as sinned against,tak samo grzeszyć jak być obwinionym za …
as near as matters,w zasadzie
as of late,ostatnio
as of right,obecnie
as often as not,często
as opposed to,w przeciwieństwie do
as per,zgodnie z
as previously mentioned,jak wspomniano wcześniej
as provided for,zgodnie z wymaganiami
as regards,w odniesieniu do
as right as rain,całkiem dobrze
as she is spoke,tak jak mówiła
as soon as,jak najszybciej
as soon as look at someone,jak tylko zobaczy kogoś
as soon as possible,jak najszybciej
as such,w ten sposób
as the case may be,w zależności od okoliczności
as the crow flies,jak leci kruk
as the day is long,jak długi dzień
as the fella said,jak ten pan powiedział
as the fella says,jak ten pan mówi
as the gull flies,jak leci mewa
as the man said,jak powiedział ten mężczyzna
as the man says,jak mówi ten mężczyzna
as the next girl,jak następna dziewczyna
as the next guy,jak następny facet
as the next person,jak następna osoba
as the saying goes,jak to powiedzą
as the wind blows,jak wiatr wieje
as they come,jak przychodzą
as they say,jak to mówią
as though,jakby
as time goes by,z biegiem czasu
as times go,z biegiem czasu
as to,w odniesieniu do
as useful as a chocolate teapot,tak samo przydatny jak czekoladowy czajn…
as we know it,tak jak go znamy
as well,również
as well as,oraz
as white as a sheet,biały jak ściana
as who should say,kto powinien powiedzieć
as you go,w trakcie
as you know,jak wiesz
as you like,jak chcesz
as you please,jak chcesz
asap,jak najszybciej
Asian don't raisin,Azjaci nie rodzą się w winogronach
aside from,poza
ask a stupid question,zadawać głupie pytanie
ask after,pytać o
ask around,pytać dookoła
ask back,zapytać ponownie
ask for,pytać o
ask for it,poprosić o to
ask for the moon,prosić o księżyc
ask in,pytać o
ask me one about sport,Zadaj mi pytanie o sport
ask me one on sport,zaproś mnie do pytania o sport
ask my arse,zapytaj mojego tyłka
ask out,zaprosić na randkę
ask over,pytać o
ask round,pytać dookoła
asked and answered,zadane i odpowiedziane
asking for a friend,pytam dla znajomego
asleep at the switch,nieczujny
asphalt jungle,betonowy labirynt
asposed to,w porównaniu z
ass in the grass,tyłek na trawie
ass out,tyłek
ass over teakettle,na głowie uszy
assault and battery,znęcanie się i pobicie
assume room temperature,zakładamy temperaturę pokojową
assume the mantle,przejmować władzę
assume the position,zajmij pozycję
astern of,za rufą
astraddle of,na wierzchu
at a canter,w szybkim truchcie
at a clip,szybko
at a discount,ze zniżką
at a distance,w odległości
at a draft,w projekcie
at a draught,na zewnątrz
at a fast clip,bardzo szybko
at a glance,na pierwszy rzut oka
at a go,na raz
at a guess,na oko
at a loose end,bez zajęć
at a loss,w niepewności
at a loss for words,bezradny
at a low ebb,w dołku
at a minimum,minimum
at a moment's notice,w dowolnym momencie
at a pinch,w ostateczności
at a premium,za wysoką cenę
at a price,w cenie
at a profit,z zyskiem
at a push,w ostateczności
at a rate of knots,z dużą prędkością
at a run,na biegu
at a single stroke,jednym ruchem
at a stand,w miejscu
at a stretch,na siłę
at a stroke,jednym ruchem
at a time,na raz
at a venture,na ślepo
at adventure,w przygodzie
at all,w ogóle
at all adventures,wszystkie przygody
at all costs,za wszelką cenę
at all events,w każdym razie
at all hands,dla wszystkich
at all hours,o każdej porze
at all points,we wszystkich punktach
at anchor,na kotwicach
at antipodes,na przeciwległych biegunach
at any event,na każdym wydarzeniu
at any given moment,w dowolnej chwili
at any hand,w dowolnym momencie
at any rate,w każdym razie
at arm's length,na dystans
at bank,w banku
at bar,za barem
at bat,u wrzutni
at bay,pod kontrolą
at best,w najlepszym razie
at bottom,na dole
at call,na wezwanie
at command,na polecenie
at cost,po cenie kosztów
at cross-purposes,podobnie myślący
at daggers drawn,w stanie wojny
at dark,w ciemności
at death's door,na skraju śmierci
at each other's throats,w stanie wojny
at ease,wygodnie
at fault,winny
at first,na początku
at first bluff,początkowo blef
at first blush,na pierwszy rzut oka
at first glance,na pierwszy rzut oka
at first sight,na pierwszy rzut oka
at full pelt,na pełnych obrotach
at full steam,na pełnych obrotach
at full stretch,w pełnym rozciągnięciu
at full throttle,na pełnych obrotach
at full tilt,na pełnych obrotach
at gaze,wpatrzony
at grips,w tarczach
at gunpoint,pod groźbą broni
at hand,blisko
at heart,w głębi serca
at heck and manger,w nieładzie i bałaganie
at Her Majesty's pleasure,na życzenie Jej Wysokości
at home,w domu
at intervals,co pewien czas
at issue,w kwestii
at knifepoint,pod grożącym nożem
at large,na wolności
at last,wreszcie
at latter Lammas,w późniejszym czasie święto Lammas
at least,przynajmniej
at leisure,w wolnym czasie
at length,w końcu
at liberty,na wolności
at loggerheads,w sporze
at long last,wreszcie
at loose ends,bez zajęć
at minimum,minimum
at most,co najwyżej
at night,w nocy
at no time,w żadnym momencie
at odd times,w nieoczekiwanych momentach
at odds,w konflikcie
at once,od razu
at one go,na raz
at one stroke,jednym ruchem
at one time,kiedyś
at one time or another,czasem
at one's best,w najlepszej formie
at one's ease,wygodnie
at one's elbow,obok
at one's feet,u stóp kogoś
at one's fingers' ends,na wyciągnięcie ręki
at one's fingertips,na wyciągnięcie ręki
at one's leisure,w wolnym czasie
at one's own peril,na własną odpowiedzialność
at one's own risk,na własną odpowiedzialność
at one's peril,na własną odpowiedzialność
at one's risk,na własną odpowiedzialność
at pace,w tempie
at pains,z trudem
at peace,w pokoju
at peace with,w zgodzie z
at places,w miejscach
at play,w trakcie zabawy
at pleasure,według uznania
at present,obecnie
at rack and manger,w stajni
at random,losowo
at rest,w spoczynku
at right angles to,pod kątem prostym
at risk,w niebezpieczeństwie
at rovers,pojazdów łazików
at scale,w skali
at school,w szkole
at sea,na morzu
at second hand,używany
at short notice,w krótkim czasie
at short sight,krótkowzroczność
at sight,na widok
at sixes and sevens,w nieładzie
at some point,w pewnym momencie
at somebody's elbow,obok kogoś
at somebody's heels,u pięt
at someone's disposal,do dyspozycji
at someone's door,u czyjejś drzwi
at someone's elbow,obok kogoś
at someone's heels,u pięt
at someone's service,do usług kogoś
at someone's throat,w gardle
at spearpoint,na wierzchołku
at speed,z prędkością
at stake,w niebezpieczeństwie
at swordpoint,pod grożącym ostrzem
at swords' points,w stanie wojny
at table,przy stole
at ten and two,o dziesiątej i dwóch
at that time,wtedy
at the back of one's mind,w świadomości
at the bank,w banku
at the best,w najlepszym razie
at the best of times,w najlepszym przypadku
at the bottom of,na dole
at the bottom of the pile,na dnie sterty
at the coal face,na pierwszej linii frontu
at the corner,na rogu
at the cost of,kosztem
at the discretion of,według uznania
at the disposal of,do dyspozycji
at the door,przy drzwiach
at the door of,przy drzwiach
at the double,podwójnie
at the drop of a hat,z dnia na dzień
at the earliest,w najwcześniejszym terminie
at the elbow,przy łokciu
at the end of one's tether,na wyczerpaniu
at the end of the day,na koniec dnia
at the end of the rainbow,na końcu tęczy
at the expense of,kosztem
at the feet of,u stóp
at the hand of,dzięki pomocy
at the hands of,dzięki czemu
at the helm,na czele
at the high port,w porcie
at the instance of,z powodu
at the last,na końcu
at the last minute,w ostatniej chwili
at the last moment,w ostatniej chwili
at the latest,najpóźniej
at the least,przynajmniej
at the mercy of,na łasce
at the minimum,minimum
at the minute,w tej chwili
at the moment,w tym momencie
at the money,na pieniądze
at the most,co najwyżej
at the outset,na początku
at the outside,na zewnątrz
at the point of,w momencie
at the prospect of,w perspektywie
at the ready,gotowy do użycia
at the receiving end,na otrzymującej stronie
at the risk of,ryzykiem
at the same time,w tym samym czasie
at the sight of,na widok
at the soonest,najwcześniej
at the tail,na końcu
at the thought of,na myśl o
at the time,wtedy
at the top of one's bent,na granicy wytrzymałości
at the top of one's game,na szczycie formy
at the top of one's lungs,na całe płuca
at the top of one's voice,na całą gębę
at the top of the heap,na szczycie
at the top of the pile,na górze sterty
at the top of the tree,na szczycie drzewa
at the very least,przynajmniej
at the very most,co najwyżej
at the wheel,za kierownicą
at the whim of,według kaprysu
at the worst,w najgorszym przypadku
at third hand,z drugiej ręki
at this juncture,w tym momencie
at this moment in time,w tym momencie
at this point,w tym momencie
at this point in time,w tym momencie
at this rate,w takim tempie
at times,czasami
at times and again,czasami i znowu
at turns,naprzemiennie
at twice,dwa razy
at unawares,nieoczekiwanie
at variance,w sprzeczności
at war,w stanie wojny
at will,wedle woli
at work,w pracy
at worst,w najgorszym razie
at your service,do usług
atomic cocktail,koktajl atomowy
atta girl,brawo dziewczyno
attend to,zająć się
attention whore,szukający uwagi
Attic salt,Sól do przechowywania w spiżarni
attitude reflects leadership,postawa odzwierciedla przywództwo
attribute to,przypisywać
au jus,sos
auction off,sprzedawać na aukcji
audi alteram partem,usłyszeć drugą stronę
Augean stables,Stajnie Augeasza
auger in,wkręcać się
auld lang syne,na stare czasy
aurally challenged,osoba z problemami ze słuchem
autem cackler,kaczka
autem diver,autobus turystyczny
autem mort,jednak zmarł
autumn romance,jesienna romans
avant la lettre,przed czasem
average bear,średni niedźwiedź
average down,kupować taniej
average Joe,zwykły człowiek
average out,uśrednić
average up,średnio w górę
away at the races,na wyścigach
away from home,z dala od domu
away game,mecz wyjazdowy
away in a hack,w taksówce
away to the races,na wyścigach
away with the fairies,w przestworzach fantazji
awful but lawful,okropne ale legalne
ax to grind,własne interesy
ay up me duck,Wstaw mnie do wody
aye aye shepherd's pie,tak tak pasztecik z jagnięciną
ayo chill,relaks
ayy lmao,nie wiem
babe in arms,dziecko w ramionach
babe in the woods,naiwny człowiek
babe magnet,magnes na kobiety
babies in the eyes,dzieci w oczach
baby and bathwater,rzucanie dziecka z wodą
baby elephant in the room,elefant w pokoju
baby needs new shoes,dziecko potrzebuje nowych butów
baby step,mały krok
baby up,podnieś dziecko
babysitter test,test opiekuna do dzieci
back and edge,tył i krawędź
back and forth,w przód i w tył
back at ya,do ciebie
back at you,do ciebie
back atcha,do zobaczenia
back away,cofać się
back down,cofnąć się
back forty,czterdzieści akrów
back gammon player,gracz w backgammona
back in,wróć
back in the day,dawniej
back in the game,znowu w grze
back in the groove,znowu w formie
back in the saddle,znowu w siodle
back into,z powrotem do
back of one's hand,tył dłoni
back off,cofnij się
back office,biuro administracyjne
back on to,wrócić na
back one out,cofnąć się
back onto,z powrotem na
back out,wycofać się
back that train up,cofnij ten pociąg
back the right horse,wspierać właściwą stronę
back the wrong horse,stawiać na niewłaściwą stronę
back then,wtedy
back to back,tył do tyłu
back to back jack,dwójny as
back to square one,powrót do punktu wyjścia
back to the drawing board,do ponownego przemyślenia
back to the wall,w kącie
back up,kopia zapasowa
back up the truck,wyładuj samochód
back-cloth star,tło gwiazdy
backhanded compliment,pochlebstwo z ukrytym wyrzutem
backwards and forwards,w przód i w tył
bad actor,zły aktor
bad apple,zepsuty owoc
bad blood,złe uczucia
bad books,złe książki
bad business,zły biznes
bad company,złe towarzystwo
bad egg,zły człowiek
bad facts make bad law,źle sformułowane fakty prowadzą do złych…
bad hair day,zły dzień włosów
bad iron,zły żelazko
bad joke,zły żart
bad looker,nieatrakcyjny wygląd
bad money drives out good,zła waluta wypiera dobrą
bad news,złe wiadomości
bad news bears,zła wiadomość
bad news travels fast,Złe wiadomości rozchodzą się szybko
bad old days,stare dobre czasy
bad penny,niechciana moneta
bad scran to someone,Życzę komuś źle
bad taste in one's mouth,nieprzyjemny posmak
bad things come in threes,złe rzeczy przychodzą parami
bad trip,zła podróż
bad trot,biegunka
bad up,zepsuć
bad word,wulgarne słowo
badge bunny,odznaka królik
badge in,włączenie odznaki
badge of honor,znak honoru
badge out,odbiór karty dostępu
badge up,przyczepić odznakę
bag and tag,opakować i oznaczyć
bag down,zapakować
bag of bones,szkielet
bag of tricks,zbiór sztuczek
bag off,zdejmij torbę
bag out,wyciągnąć
bag up,pakować do torby
bah humbug,Bu, bu, bu
bail on,zawieść
bail out,pomóc finansowo
bail out on,wycofać się z
bail up,zatrzymać
bait up,przygotować przynętę
bake in,piec w
bake off,konkurs pieczenia
bake out,wypiec
bake something blind,piec bez patrzenia
bake up,piec
baker's dozen,trzynaście sztuk
baker's half dozen,pół tuzyna
baking hot,bardzo gorący
balance down,zmniejsz
balance out,wyrównać
balance the books,rozliczyć księgi
balance up,wyrównać
bale out,pomóc
bale up,zapakować
ball down,spuścić piłkę
ball hog,egoista
ball it off,zrezygnuj z tego
ball of fire,kulka ognia
ball of malt,kuleczka słodu
ball off,odbić
ball out,wydawać pieniądze
ball up,zwinąć
ballast up,zabezpieczyć balastem
ballistic podiatry,balistyczna podiatria
balloon goes up,balon leci w górę
balloon knot,węzeł balonowy
ballpark estimate,szacunkowa wycena
ballpark figure,szacunkowa kwota
balls about,obojętny wobec
balls around,wokół
balls of steel,stalowe nerwy
balls on,na piłkach
balls to the wall,z całych sił
balls to the walls,do granic możliwości
balls up,zepsuć
bally about,o
baloney pony,bzdury konik
balum rancum,nieznane słowo
bamboo ceiling,szklany sufit dla Azjatów
banana nose,nos jak banan
banana republic,republika bananowa
band together,łączyć się
band-aid solution,tymczasowe rozwiązanie
bandwagon fan,kibicowanie z powodów powierzchownych
bandwagon jumper,kto dołącza do popularnego trendu
bandy about,rozpowiadać
bandy around,rozpowiadać
bane of someone's existence,plaga istnienia
bang a uey,uderzyć
bang about,narzekać
bang around,uderzać
bang away,odstraszyć
bang down the door,wbić do drzwi
bang for one's buck,stosunek jakości do ceny
bang for the buck,stosunek jakości do ceny
bang into,uderzyć w
bang off,wyładować
bang on,dokładnie
bang out,wykonać
bang some heads together,porozumieć się
bang straw,słoma
bang to rights,złapać na gorącym uczynku
bang up,świetny
bank night,wieczór bankowy
bank on,liczyć na
bank up,zbierać
banker's dozen,trzynaście
bankers' hours,godziny pracy banków
bankrupt cart,wózek dla bankruta
banner year,wyjątkowy rok
banyan day,dzień banianu
bar down,w dół
bar none,bez wyjątku
bar off,zamknięcie baru
bar out,wykluczyć
bar star,gwiazda baru
bar up,bar do góry
barbecue up,przygotować na grillu
barber's sign,znak fryzjera
bare one's soul,wyjawić wszystko
bare one's teeth,pokazywać zęby
bare poles,gołe słupy
barf out,wymiatać
bargain away,oddać za bezcenność
bargain for,targować się
bargain on,liczyć na
barge in,wkraczać
barge into,wpaść
bark up the wrong tree,szukać w złym miejscu
barking dogs never bite,Goniący szczeka, ale nie gryzie
barking dogs seldom bite,psi szczekanie nie grozi ugryzieniem
Barkis is willin',Barkis jest gotowy
Barkis is willing,Barkis jest chętny
barn find,znalezisko w stodole
barrel of laughs,źródło śmiechu
barrel of monkeys,grupa małp
base off,opierać się na
base off of,opierać się na
base on,opierać się na
base over apex,podstawa nad wierzchołkiem
base upon,opierać się na
based on,oparty na
basement battler,walczący w piwnicy
bash about,bić
bash in,uderzyć
bash into shape,wkręcić w formę
bash one out,wykonać coś szybko
bash out,wykrzykiwać
bash someone's face in,wbić komuś nos w twarz
bash someone's head,uderzyć kogoś w głowę
bash the bishop,wyśmiewać biskupa
bash together,połączyć
bash up,bić
bask in the sunshine,opalać się na słońcu
basket house,koszykowa hala
bastardly gullion,podły tchórz
baste up,szyć na szybko
bat a thousand,zdobyć tysiąc punktów
bat about,o nietoperzu
bat an eyelid,mrugnąć okiem
bat around,rozbijać
bat away,odganiać
bat five hundred,pięćset
bat for the other team,grać dla drugiej drużyny
bat in,wbijanie
bat of an eye,mrugnięcie okiem
bat one's eyes,mrugać oczami
bat out,wylecieć
bat round,runda uderzeń
bat the breeze,łagodny wiatr
batch up,przygotować partię
bate an ace,uderzenie asami
bathroom singer,śpiewak z łazienki
batten down,zabezpieczyć
batten down the hatches,zabezpieczyć wszystko
batter up,do boju
battle it out,rozstrzygnąć spór
battle out,rozstrzygnąć
bawl off,odwołać
bawl one's eyes out,płakać jak z fontanny
bawl out,krzyczeć
be a bit much,być trochę za dużo
be a hundred years too early,być o sto lat przed czasem
be a lost cause,być beznadziejny
be a man,bądź mężczyzną
be a tall order,to duże wyzwanie
be a thing of the past,być przeszłością
be aces with,być świetnym w
be alive with something,żyć czymś
be all in,być zaangażowanym
be all over somebody,obsesja
be all very well,być w porządku
be along,będę wkrótce
be around,być w pobliżu
be at a loss,być zdezorientowanym
be at odds,być w konflikcie
be at pains to do something,starac się bardzo
be at the mercy of somebody,być w czyjejś łasce
be at the mercy of something,być w czyjejś/czegoś łasce
be at the plague,być na zarazie
be beside oneself,być wniebowziętym
be called,nazywać się
be careful,uważaj
be careful what you wish for,uważaj czego sobie życzysz
be cruel to be kind,być okrutnym, żeby być miłym
be damned,niech to
be down with,być za
be fearful when others are greedy,bądź ostrożny gdy inni są chciwi
be for the best,dla dobra
be greedy when others are fearful,bądź chciwy gdy inni się boją
be hard pressed,być pod presją
be in and out,wchodzić i wychodzić
be in for,być gotowym do
be in luck,mieć szczęście
be in the balance,być na równi pochyłej
be in the front line,być na pierwszej linii
be in the know,być na bieżąco
be in the loop,być na bieżąco
be in the market for something,szukać czegoś
be in the money,mieć pieniądze
be in the pipeline,w planach
be in the public eye,być w centrum uwagi
be in the right place at the right time,być we właściwym miejscu o właściwym cza…
be in the same boat,być w tej samej sytuacji
be in touch,utrzymać kontakt
be into,być zainteresowanym
be larger than life,być ponad wszystko
be left at the post,zostawić na poczcie
be left holding the baby,pozostać z problemem
be left kicking,pozostać z niczym
be like,być jak
be make or break for somebody,być kluczowy dla kogoś
be make or break for something,być kluczowym dla czegoś
be mother,być matką
be my guest,Proszę bardzo
be news to somebody,być nowością dla kogoś
be no match for,nie być równym
be no match for somebody,nie być równym komuś
be no match for something,nie być równym czemuś
be nothing short of,nie mniej niż
be of one's own making,być dziełem własnych działań
be of the essence,być kluczowym
be off the mark,mieć racji
be off the wall,być szalony
be on a roll,być w formie
be on about,mówić o
be on bad terms with somebody,być w złych stosunkach z kimś
be on edge,być na krawędzi
be on good terms with somebody,być w dobrych stosunkach z kimś
be on guard,być czujnym
be on hand,być obecnym
be on hold,czekać na połączenie
be on one's best behaviour,zachowywać się wzorowo
be on one's guard,być ostrożnym
be on the level,być szczerym
be on the line,być na linii
be on the loose,być na wolności
be on the march,być w drodze
be on the mend,wracać do zdrowia
be on the receiving end,być odbiorcą
be on the run,uciekać
be on the up,być na fali
be on the wing,być w gotowości
be on to,być na bieżąco
be one of a kind,być wyjątkowym
be one step ahead,być o krok przed
be one's own man,być niezależnym
be one's own person,być sobą
be one's own woman,być niezależną
be one's own worst enemy,być własnym największym wrogiem
be oneself,być sobą
be only a matter of time,to tylko kwestia czasu
be onto,być na właściwej drodze
be out for,być za
be out in force,być w pełnym składzie
be out of action,być poza służbą
be out of bounds,poza granicami
be out of line,być nie na miejscu
be out of luck,mieć pecha
be out of order,nie działa
be out of place,być nie na miejscu
be out of pocket,być niedostępnym
be out of the picture,nie być zaangażowanym
be out of the way,na drodze
be out of this world,niezwykły
be out of touch,być nie w kontakcie
be over and done with,skończyć
be right back,już wracam
be right up somebody's arse,być bardzo blisko kogoś
be seeing you,do zobaczenia
be set in stone,być niepodważalne
be somebody's strong point,być czyimś mocną stroną
be somebody's strong suit,być czyimś mocną stroną
be someone's to lose,mieć wszystko w zasięgu ręki
be still my heart,Uspokój się, serce moje
be taken ill,zchorować
be thankful for small mercies,być wdzięcznym za drobne łaski
be that as it may,niezależnie od tego
be the bigger man,być bardziej dojrzałym
be the order of the day,być na porządku dziennym
be there and be square,bądź tam i bądź szczery
be there or be square,bądź albo bądź w tyle
be up somebody's arse,wylewać komuś do uszu
be-all and end-all,wszystko
beak off,odłamować dziob
beam up,teleportować
bean counter,księgowy
bear a hand,pomóc
bear against,odporność
bear away,odciągnąć
bear away the bell,zdobyć dzwon
bear down,wyczerpać się
bear down on,naciskać
bear fruit,owocować
bear in,włącz
bear in mind,pamiętaj
bear in on,przesłuchać
bear in the air,w powietrzu
bear in with,wytrzymać
bear off,odciągnąć
bear off from,odchodzić od
bear on,mieć wpływ na
bear oneself,zachowywać się
bear out,potwierdzać
bear something in mind,pamiętać o czymś
bear testimony to something,świadczyć o czymś
bear the brunt,ponieść ciężar
bear up,wytrzymać
bear upon,ma znaczenie dla
bear with,wytrzymaj
bear witness to something,być świadkiem czegoś
beard the lion in his den,stawić czoła lwu w jego legowisku
Beast from the East,Bestia ze wschodu
beast on,bestia na
beast with two backs,bestia z dwoma grzbietami
beat a dead horse,marnować czas
beat a retreat,wycofać się
beat about,omijać
beat around the bush,omijać temat
beat as one,bić jak jeden
beat back,odparować
beat Banaghan,pokonać Banaghana
beat down,bić
beat feet,biegać
beat into,bić
beat it,odwal się
beat like a jungle drum,grać jak bęben w dżungli
beat off,odbić
beat off with a stick,odbić kijem
beat on,bić
beat one's brain,łamać sobie głowę
beat one's meat,uderzać
beat one's swords into ploughshares,przekuć miecze na pługi
beat one's swords into plowshares,przekuć miecze na pługi
beat out,pokonać
beat someone round the ears,dać komuś klapsy
beat someone's arse,pokonać kogoś
beat someone's ass,pokonać kogoś
beat someone's brains out,wbić komuś w głowę
beat the bishop,pokonać biskupa
beat the bushes,przeszukiwać dokładnie
beat the clock,pokonać czas
beat the cock,uderzyć w koguta
beat the crowd,przejść obok tłumu
beat the daylights out of,bić do nieprzytomności
beat the drum for,promować
beat the dust,odkurzyć
beat the meat,uderzać
beat the odds,pokonać przeciwności
beat the pants off,przewyższyć
beat the poop out of,bić do krwi
beat the shit out of,bić do krwi
beat the stuffing out of,bić po pasie
beat to,uderzyć do
beat to the punch,wyprzedzić konkurencję
beat up,podrapany
beat up on,znęcać się nad
beat with the ugly stick,bić kijem
beats me,Nie wiem
beautiful people,piękne osoby
beauty is but skin-deep,Uroda jest powierzchowna
beauty is only skin deep,Uroda jest tylko powierzchowna
beauty is only skin-deep,Uroda jest tylko powierzchowna
beauty never boiled the pot,piękno nigdy nie zagotowało garnka
beauty queen,królowa piękności
beauty sleep,sen potrzebny do zachowania urody
beauty won't boil the pot,piękno nie ugotuje zupy
beauty won't make the pot boil,piękno nie zagotuje garnka
beaver away,pracować pilnie
because is why,ponieważ
because reasons,z powodów
because you touch yourself at night,ponieważ dotykasz siebie w nocy
become of,stać się
become one flesh,stać się jedną duszą
become one with one's inner self,zjednoczyć się z samym sobą
bed and breakfast,nocleg z wyżywieniem
bed blocker,pacjent blokujący łóżko
bed down,położyć się spać
bed in,włożyć
bed of roses,łóżko z róż
bed out,wyłożyć łóżko
bee in one's bonnet,mieć coś w głowie
bee tee dubs,przypomnienia
beef out,wyjaśnić
beef to the hoof,wołowina od rogu do ogona
beef up,wzmocnić
been darkmans,był ciemny
been to the rodeo,byłem na rodeo
beep out,wyciszyć
beer and skittles,piwo i zabawa
beer goggles,róże gogle
beer muscles,piwne mięśnie
beer up,piwo
before dark,przed zmrokiem
before GTA 6,przed GTA 6
before it was cool,zanim to było modne
before long,wkrótce
before one can blink,zanim zdąży się mrugnąć
before one knows it,zanim zdąży się zorientować
before one knows where one is,zanim ktokolwiek wie gdzie jest
before one's eyes,przed oczami
before one's time,przed czasem
before someone's time,przed czasem
before the fact,z wyprzedzeniem
before the ink was dry,zanim atrament jeszcze wyschnął
before you can say Jack Robertson,zanim zdążysz powiedzieć Jacka Robertson…
before you can say Jack Robinson,zanim zdążysz się odezwać
before you can say knife,zanim zdążysz powiedzieć nóż
beg for one's life,prosić o litość
beg off,odmówić
beg pardon,przepraszam
beg the question,podważa pytanie
beg to differ,uważać inaczej
beg yours,proszę bardzo
beggar off,odmówić
beggars can't be choosers,ubogi nie może być wybredny
begger off,odmówić
begging your pardon,przepraszam
begin upon,rozpocząć
behind bars,za kratami
behind closed doors,za zamkniętymi drzwiami
behind its time,przede swoim czasem
behind someone's back,za czyimiś plecami
behind the arc,za łukiem
behind the bit,za bitem
behind the counter,za ladą
behind the curtain,za kurtyną
behind the curve,w tyle
behind the eight ball,w trudnej sytuacji
behind the eight-ball,w trudnej sytuacji
behind the scene,za kulisami
behind the scenes,za kulisami
behind the times,przedawniony
behind the wheel,za kierownicą
behind the wire,za drutem
behind time,spóźniony
behind-the-scenes,za kulisami
bein darkmans,być ciemnym
being poor is a mindset,bycie biednym to kwestia nastawienia
belay my last,cofnij ostatnie
belemnite battlefield,pole bitwy belemnitów
believe it or not,wierz lub nie wierz
believe me,uwierz mi
believe one's ears,nie wierzyć uszom
believe one's eyes,uważać to za prawdę
believe you me,uwierz mi
believing is seeing,wierzyć znaczy widzieć
bell out,dzwonić
bell the cat,dźwiedź tańczy
bell up,dzwonić
bellow out,krzyczeć
bellows to mend,naprawa dmuchawy
bells and smells,dzwony i zapachy
bells and whistles,dodatki
bellwether state,stan-wzorzec
belly out,brzuch wystający
belly up,na plecach
belly up to the bar,stać przy barze
below decks,poniżej pokładu
below ground,poniżej ziemi
below par,poniżej normy
below stairs,poniżej schodów
below the belt,poniżej pasa
below the breadline,poniżej progu ubóstwa
below the fold,poniżej nagłówka
below the gangway,poniżej rampy
below the law,poniżej prawa
below the mahogany,poniżej mahoniu
below the radar,poniżej progu wykrywalności
below the salt,poniżej poziomu soli
below the surface,poniżej powierzchni
belt down,zapiąć pas
belt out,śpiewać głośno
belt up,Zapnijcie pasy
bench jockey,oszołom
bend down,pochylić się
bend it like Beckham,Zgiń tak jak Beckham
bend one off,zrobić siusiu
bend one's elbow,zgiąć łokieć
bend over,pochylić się
bend over backwards,wyginać się w pół
bend someone's ear,gadać komuś do usrzu
bend someone's will,złamać wolę kogoś
bend the brain,zastanowić się
bend the knee,ukłonić się
bend the truth,wykręcać się
bend to one's will,poddać się woli
bend to someone's will,uginać się do czyjejś woli
bene darkmans,dobrze ciemności
bene lightmans,dobry wieczór
beneath contempt,poniżej pogardy
beneath the hood,pod maską
beneath the surface,pod powierzchnią
benevolent overlord,dobroczyńca
bent on,zdeterminowany
bent on a splice,zakrzywiony na złączu
beside oneself,nie w sobie
beside the mark,obok celu
beside the point,nie na temat
besides oneself,poza sobą
best before,najlepiej spożyć przed
best bet,najlepsza opcja
best laid plans,najlepsze plany
best of both worlds,najlepsze z obu światów
best of the best,najlepsze z najlepszych
best of the bunch,najlepszy z grupy
best pleased,bardzo zadowolony
best regards,z poważaniem
best thing since sliced bread,najlepsza rzecz od czasu wynalezienia pi…
best thing since sliced pan,najlepsza rzecz od czasu wynalezienia pi…
best-kept secret,najlepiej strzeżona tajemnica
bet on,stawiać
bet one's boots,stawiać wszystko na jedną kartę
bet one's bottom dollar,być pewnym
bet out,wyeliminować
bet round,runda zakładów
bet the farm,zaryzykować wszystko
bet the house,postawić wszystko
bet the ranch,postawić wszystko
bet up,stawka
betray with a kiss,zdradzić pocałunkiem
better and better,coraz lepiej
better angels,lepsze strony ludzkie
better dead than red,lepiej umrzeć niż żyć w komunizmie
better for it,lepiej z tego powodu
better is the enemy of good,lepsze jest wrogiem dobrego
better late than never,lepiej późno niż wcale
better luck next time,Powodzenia następnym razem
better nature,lepsza natura
better place,lepsze miejsce
better safe than sorry,lepiej być ostrożnym niż żałować
better than sex,lepsze niż seks
better the devil you know,lepiej diabeł znanego niż dwa nieznane
between jobs,pomiędzy pracami
between Scylla and Charybdis,między Scyllą a Charybdisem
between the ears,między uszami
between the hammer and the anvil,między młotem a miechem
between the jigs and the reels,między tańcami
between the lines,między wierszami
between the pegs,między kołkami
between the pipes,między rurami
between the sheets,pod kołdrą
between two stools,między dwoma stołkami
between wind and water,między wiatrem a wodą
betwixt and between,pomiędzy
beware of Greeks bearing gifts,Uważajcie na Greków, którzy przynoszą pr…
beyond a joke,poza żartami
beyond a reasonable doubt,poza wszelką wątpliwość
beyond a shadow of a doubt,bez cienia wątpliwości
beyond a shadow of doubt,bez cienia wątpliwości
beyond belief,poza wyobrażeniem
beyond dispute,niepodważalnie
beyond one's depth,ponad swoje możliwości
beyond one's ken,poza możliwościami kogoś
beyond one's pay grade,poza kompetencjami
beyond one's wildest dreams,ponad najśmielsze oczekiwania
beyond one's years,ponad swój wiek
beyond question,bez wątpienia
beyond reasonable doubt,poza wszelką wątpliwość
beyond seas,poza morzami
beyond someone's grasp,poza zasięgiem kogoś
beyond someone's scope,poza kompetencjami kogoś
beyond the beyonds,poza granicami granic
beyond the black stump,za czarnym pniem
beyond the call of duty,ponad i poza obowiązki
beyond the grave,po śmierci
beyond the pale,ponad wszelką miarę
beyond the shadow of a doubt,bez cienia wątpliwości
beyond words,niewiarygodne
bicycle chain,łańcuch rowerowy
bid down,obniżyć cenę
bid in,licytować
bid off,odrzucić ofertę
bid up,podbijać cenę
bide one's time,czekać na odpowiedni moment
big boy,duży chłopiec
big boys,duzi chłopcy
big break,przełom
big bucks,duże pieniądze
big cheese,ważna osoba
big deal,wielka sprawa
big dick energy,energia pewnego siebie mężczyzny
big end of town,najlepsza dzielnica miasta
big fat,duży gruby
big fish,duża ryba
big fish eat little fish,Duży ryba zjada małą rybę
big fish in a small pond,ważna osoba w małym środowisku
big girl,duża dziewczyna
big gun,duża broń
big hand,duża ręka
big head,duża głowa
big if true,duże gdyby to było prawdą
big kahuna,ważna osoba
big mad,bardzo zły
big man ting,ważne sprawy dla mężczyzn
big money,duże pieniądze
big mouth,duża buzia
big name,znana osoba
big ol',duży
big old,duży stary
big ole,duży
big picture,ogólny obraz
big rig,ciężarówka
big screen,duży ekran
big shop,duży sklep
big shot,ważna osoba
big sleep,głęboki sen
big spender,hojny człowiek
big talk,puste gadanie
big tamale,duży tamale
big tent,duży namiot
big things come in small packages,Wielkie rzeczy kryją się w małych opakow…
big up,podnieść
big wheel,duże koło
bigger fish to fry,ważniejsze sprawy
bigger than Ben Hur,większy niż film Ben Hur
bill of goods,towar
bill up,rozliczenie
bin off,wyłączony
bind off,zaciągnąć
bind over,aresztować
bind up,opatrywać
bio queen,królowa bio
bird in the bosom,ptaszek w klatce
bird in the hand,ptak w ręce
bird of ill omen,zły znak
bird of one's own brain,ptak z własnej głowy
bird off,odstraszyć ptaki
bird's-eye view,widok z góry
birds and bees,ptaki i pszczoły
birds of a feather,podobne dusze
birds of a feather flock together,Ptaki podobne ze sobą się łączą
birds of the feather flock together,Ptaki podobne ze sobą się łączą
birthday suit,strój do spania
bis dat qui cito dat,Kto szybko daje, dwa razy daje
bit by a barn mouse,ugryzion przez mysz polną
bit by bit,po kawałku
bitch and moan,narzekać
bitch goddess,bogini-szczur
bitch off,przestań narzekać
bitch out,wycofać się
bitch up,być złośliwym
bite back,powstrzymać się
bite down,ugryźć
bite in,ugryźć w
bite me,Ugryź mnie
bite my ass,Ucałuj mi tyłek
bite my shiny metal ass,Ucałuj mój błyszczący metalowy tyłek
bite of the cherry,kawałek wiśni
bite of the reality sandwich,kawałek tortu rzeczywistości
bite off,odgryzać
bite one's lip,zaciskać usta
bite one's nails,gryźć paznokcie
bite one's tongue,gryźć język
bite someone's hand off,gryźć do krwi
bite someone's head off,obrazić komuś
bite the big one,umarć
bite the biscuit,gryźć ciasteczko
bite the bullet,przełknąć gorycz
bite the curb,uderzyć w krawężnik
bite the dust,umarć
bite the hand that feeds one,gryźć rękę, która cię karmi
bite to eat,coś do jedzenia
bits and bobs,różne drobiazgi
bits and pieces,fragmenty
bitten by the same bug,zainfekowany tym samym błędem
bitter end,gorzki koniec
blab out,wypowiadać
black and blue,siniak
black and white,czarno biały
black babies,ciemnoskóre dzieci
black day,czarny dzień
black don't crack,czarny nie pęka
black gold,czarne złoto
black hat,czarny kapelusz
black in,w środku
black lie,czarna kłamstwo
black lives matter,życia czarnych mają znaczenie
black mark,plama
black market,czarny rynek
black out,czarny ekran
black over Bill's mother's,czarny nad domem matki Billa
black oxide,tlenek czarny
black rider,czarny jeździec
black sheep,czarny owiec
black up,czernienie
blame Canada,obwiniać Kanadę
blame game,gra w obwinianie
blanch up,zbladnąć
blank on,puste w
blank out,zaciemnić
blanket term,ogólne określenie
blare out,głośno krzyczeć
blast away,odstrzelić
blast from the past,powrót do przeszłości
blast off,wystartować
blast out,wybuchnąć
blast up,wybuchnąć
blaze a trail,wytyczać ścieżkę
blaze away,strzelać bez przerwy
blaze down,spalić do cna
blaze on,palić się
blaze up,zapalić
bleed for,krwić dla
bleed out,krwawić
bleed red ink,ponosić straty
bleeding edge,najnowocześniejszy
bleep out,wyciszyć
blend in,wtapiać się
blend into the woodwork,wtapiać się w tłum
blend up,miksuj
bless out,błogosławić
bless someone with,obdarzyć czymś
bless someone's cotton socks,niech żyje długo
bless someone's heart,niech Bóg mu błogosławi
bless someone's little cotton socks,niech Bóg błogosławi
bless you,błogosławieństwo
blessed event,szczęśliwe wydarzenie
blimp out,odlecieć
blimp up,podnieść
blind date,randka w ciemno
blind leading the blind,ślepi prowadzący ślepych
blind with science,ogłuszyć nauką
blinded by nostalgia,ogłuszony nostalgią
bling out,brylanty
bling up,ozdabiać błyskotkami
blink first,mrugnij najpierw
blink of an eye,mrugnięcie oka
blip out,zniknąć
bliss out,odpoczywać
blitz out,wyłączyć światło
blob off,odłącz się
blob out,wyciec
block off,zablokować
block out,zasłonić
block up,zablokować
blocking and tackling,podstawy i technika
blood and guts,krew i flaki
blood in,krew w
blood in the water,krew w wodzie
blood is thicker than water,Krew jest gęstsza od wody
blood out,krew
bloody oath,przysięga
bloody up,podnieść
bloom is off the peach,kwiaty opadły z drzewa brzoskwiniowego
bloom is off the rose,piękno róży minęło
blossom forth,rozkwitnąć
blossom out,zakwitnąć
blot on the escutcheon,plama na reputacji
blot one's copy book,psuć pracę
blot out,zaciemnić
blot up,wchłaniać
blow a fuse,przepalić bezpiecznik
blow a hole through,przebić dziurę
blow a kiss,pocałować
blow apart,rozlecieć się
blow away,zdmuchnąć
blow chunks,wymiatać
blow down,zalać
blow hot air,gadać bez sensu
blow hot and cold,być zmiennym
blow in,wlewać się
blow into,wdychać
blow me,poczuć
blow me down,niech mnie piorun trafi
blow off,odłożyć
blow off steam,opuścić parę
blow on,dmuchnąć na
blow one's chance,zmarnować szansę
blow one's load,wyładować emocje
blow one's mind,zaskoczyć
blow one's own trumpet,chwalić się
blow one's wad,wydać wszystkie oszczędności
blow out,zgasić
blow out of proportion,przesadzać
blow out of proportions,przesadzać
blow out of the water,przewyższyć
blow over,przejść
blow past,przejechać obok
blow someone's back out,wyciągnąć komuś pieniądze
blow someone's brains out,wystrzelić komuś w głowę
blow someone's cover,ujawnić czyjąś tożsamość
blow someone's mind,zaskoczyć kogoś
blow the cobwebs away,odkurzyć pajęczyny
blow the doors off,zdobyć ogromny sukces
blow the lid off,ujawnić prawdę
blow the whistle,zgłosić nadużycie
blow this for a lark,zrobić coś dla zabawy
blow this pop stand,rozbić ten stragan z balonami
blow this popsicle stand,zamknąć to miejsce
blow this taco stand,zlikwidować ten wózek z tacos
blow through,przelecieć przez
blow to kingdom come,do usrzenia
blow tomahawks,rzucanie toporów
blow town,miasto
blow up,wybuchnąć
blow up in one's face,zawalić się
blow upon,dmuchać na
blow wide open,otworzyć się szeroko
blue chamber,niebieska komora
blue devils,niebiescy diabły
blue lives matter,życie policjantów jest ważne
blue moon,niebieski księżyc
blue note,niebieska nuta
blue ribbon,niebieska wstęga
blue state,stan niebieski
blue wall of silence,niebieska ściana milczenia
blue-eyed boy,chłopiec z niebieskimi oczami
blue-sky thinking,myślenie bez ograniczeń
bluebird of happiness,błękitny ptak szczęścia
blues and twos,niebieskie światła i syreny
bluff out,oszukać
blur the line,zacierać granicę
blurt out,wykrzyknąć
blush is off the peach,rumieniec jest nie na miejscu
blush is off the rose,rumieniec zniknął z róży
board out,umieścić w rodzinie zastępczej
board up,zakryć deskami
Bob is your uncle,Bob jest twoim wujkiem
bob under,pod
bob up,wyskoczyć
Bob's your father's brother,Tata twojego ojca
Bob's your mother's brother,Wujek
Bob's your uncle,Proszę bardzo
body blow,cios w brzuch
body English,język ciała
body forth,wyrazić
bog down,utknąć
bog in,torfowisko
bog into,wchodzić do błota
bog off,wypad
bogged down,utknięty
boh pian,pianino
boh pien,bog pien
boil away,parować
boil down,sprowadzić do sedna
boil off,odparować
boil over,wypłynąć
boil up,zagotować
boiling frog,żaba gotująca się
boiling hot,bardzo gorący
boiling mad,wściekły
boiling point,punkt wrzenia
bollix up,zepsuć
bollocks to it,nie obchodzi mnie to
bollocks up,bzdury
bolster up,wzmacniać
bolt bucket,wiadro śruba
bolt down,przymocować
bolt from the blue,z dnia na dzień
bolt in,wkręcać
bolt to the bran,przykręcić do osi
bomb around,brykać
bomb off,odłożyć bombę
bomb out,zawalić
bon appétit,smacznego
bona nochy,dobranoc
bond out,wpłacić kaucję
bone apple teeth,kości jabłka zęby
bone down,do kości
bone dry,całkowicie suchy
bone hard,bardzo twardy
bone in her teeth,zęby
bone in the throat,kości w gardle
bone of contention,powód sporu
bone out,usuwać kości
bone to pick,spór
bone up,powtórzyć
boo up,podnieść na duchu
boob up,powiększyć piersi
booby prize,nagroda pocieszenia
booger off,wypad z mojego życia
booger up,zatarasowany
boogie down,tańczyć
boogie on down,tańcz
book away,zarezerwuj
book burning,palenie książek
book dumping,wyrzucanie książek
book in,zarezerwuj
book into,zarezerwować
book off,zamówienie anulowane
book on,książka o
book up,zarezerwować
boom goes the dynamite,bęc, huk, jak dynamit
boom off,wybuch
boon and bane,błogosławieństwo i przekleństwo
boot camp,obóz szkoleniowy
boot out,wyrzucić
boot up,uruchomić
booty down,dół tyłka
booze can,puszka z alkoholem
booze cruise,rejs z alkoholem
booze up,napić się
bop around,skakać
bop it up,podskakuj
bop the bishop,uderz w biskupa
border on,graniczyć z
bore in,wiercić w
bore out,potwierdzić
bored out of one's mind,nudzić się do szaleństwa
bored shitless,nudno do szaleństwa
born and bred,wychowany i urodzony
born and raised,urodzony i wychowany
born in a barn,urodzony w stajni
born in a mill,urodzony w młynie
born in the vestry,urodzony w zakrystii
borrow trouble,przewidywać kłopoty
borrowed time,wykorzystany czas
boss about,o szefie
boss around,nakazywać
boss up,stać się szefem
botch up,zepsuć
bottle away,odłożyć na bok
bottle down,ograniczyć
bottle off,odkręcić butelkę
bottle out,wycofać się
bottle up,zakorkować
bottom dollar,maksymalna kwota
bottom drops out,spadek
bottom falls out,dno wypada
bottom fishing,łowienie przy dnie
bottom line,podsumowanie
bottom of the line,najgorszy
bottom of the ninth,dziewiąta inninga
bottom on,na dole
bottom out,osiągnąć dno
bottom the house,dół domu
bounce around,podskakiwać
bounce back,odzyskiwać siły
bounce in,wskakiwać
bounce into,wskoczyć
bounce off,odbijać się
bounce off the walls,skakać po ścianach
bounce on it,podskakuj na nim
bounce to the ounce,dokładność do grama
bound ahead,wyprzedzać
bound to,związany z
bouquets and brickbats,pochwały i krytyka
bow and scrape,klęczeć i całować ręce
bow down,ukłonić się
bow down before the porcelain god,klęknij przed bogiem z porcelany
bow in,ukłon
bow out,opuszczać
bow to,klęknąć
bow up,napiąć
bow-legged wi' brass,z wykrzywionymi nogami z mosiądzu
bowl a googly,rzucać googly
bowl down,klęknąć
bowl of cherries,miska z wiśniami
bowl out,wyrzucić
bowl over,oszołomić
bowl up,zbierać się
Box and Cox,Pudełko i Cox
box clever,myśleć sprytnie
box in,w pudełku
box off,wyłącz
box oneself into a corner,zamknąć się w pułapce
box out,wykluczyć
box seat,miejsca w loży
box someone's ears,dać komuś klapsa
box the compass,obliczać kurs
box up,pakować
boy howdy,no i cóż
boy in the boat,chłopiec w łodzi
boy off,chłopiec
boy toy,zabawka
boys and girls,chłopcy i dziewczęta
boys and their toys,chłopcy i ich zabawki
boys will be boys,chłopcy to chłopcy
brace aback,zatrzymać
brace about,przygotować się do
brace by,podpórka przez
brace in,w nawiasach
brace of shakes,dwa koktajle
brace up,nabierz sił
brag on,chwalić się
bragging rights,prawo do przechwalania się
brain blast,iskra geniuszu
brain bucket,kask
brain candy,słodycze dla mózgu
brain drain,drenaż mózgów
brain surgeon,neurochirurg
brain surgery,operacja mózgu
branch off,rozgałęziać się
branch out,rozszerzać działalność
brass ceiling,szklany sufit dla oficerów
brass farthing,miedziana moneta
brass it out,wyjaśnić
brass monkey,małpa mosiężna
brass monkeys,małpie małpie
brass neck,bezczelność
brass off,zdejmij to
brass out,wyjść z brązu
brass up,złościć się
brassed off,zniecierpliwiony
brave new world,nowy świat
brave out,przetrwać
Bravo Zulu,Brawo Zulu
brazen out,wykazywać się bezczelnością
bread and butter,chleb z masłem
bread and circuses,chleb i przedstawienia
bread of life,chleb życia
breadcrumb up,w górę
break a leg,powodzenia
break a sweat,pocą się
break apart,rozdzielać się
break away,odłączyć się
break back,złamanie kręgosłupa
break cover,wyjść z ukrycia
break down,rozłożyć się
break even,wyrównać bilans
break from,przerwa od
break gates,łamacz bram
break in,włamanie
break into,włamać się
break into a run,zacząć biec
break it down,rozłóż to na czynniki pierwsze
break it to,powiedzieć komuś coś trudnego
break new ground,otwierać nowe horyzonty
break off,zerwać
break on,przerwa
break one off,odłamać
break one's back,wyczerpać się
break one's chops,łamać orzechy
break one's duck,zaliczyć pierwsze zwycięstwo
break one's heart,łamać serce
break one's lance,złamać lancę
break one's neck,łamać sobie kark
break one's promise,złamać obietnicę
break out,wybuchnąć
break ranks,zerwać szyki
break reality,łamać rzeczywistość
break someone's back,złamać komuś plecy
break someone's face,zaatakować kogoś
break someone's heart,zranić serce
break the back of,przełamać trudności
break the bank,wydać wszystkie oszczędności
break the buck,przełamać impas
break the cycle,przerwać cykl
break the deadlock,przełamać impas
break the fourth wall,przełamywać czwartą ścianę
break the ice,przełamać lody
break the Internet,zalać internet
break the mold,przełamywać schematy
break the Sabbath,naruszyć sabat
break the seal,złamać pieczęć
break the story,opowiedzieć historię
break the wheel,złamać koło
break through,przełamać
break up,rozstać się
break wind,puscić wiatr
break with,zerwanie z
breast down,na brzuchu
breast up,w górę piersią
breath and britches,oddech i spodnie
breath of fresh air,powiew świeżości
breathe a sigh of relief,odetchnąć z ulgą
breathe a word,powiedzieć słowo
breathe down someone's neck,dusić kogoś
breathe easy,oddychaj spokojnie
breathe in,wciągnąć
breathe life into something,ożywić coś
breathe new life into something,nadać nowe życie czemuś
breathe one's last,oddać ducha
breathe out,wydychać
breathe upon,oddychać na
breed in the bone,wrodzone
breed up,hodować
breeze off,wietrze
breeze past,przemknąć
breeze through,przejść bez problemów
breeze up,podmuch wiatru
brevity is the soul of wit,Krótkość to dusza dowcipu
brew up,przygotować
brick in,włożyć cegłę
brick in one's hat,wkładać cegłę do kapelusza
brick off,odłączyć
brick over,nad cegłą
brick up,zamurzyć
bricks and mortar,cegła i zaprawa
bridge over troubled waters,most nad trudnościami
bridge the gap,wypełnić lukę
bridge up,podnieś most
bridle up,spiąć się
brief against,sprzeciw wobec
bright and early,wcześnie rano
bright lights,jasne światła
bright line,jasna granica
bright side,jasna strona
bright spark,iskra geniuszu
bright young thing,młoda i obiecująca osoba
bright-eyed and bushy-tailed,pełen energii i entuzjazmu
bright-line rule,zasada jasnej granicy
brighten up,rozjaśnić
brim over,przepełniać się
bring a knife to a gunfight,przygotować się na walkę z niedostateczn…
bring a lump to someone's throat,wywołać gorszą wędrówkę
bring about,sprawić
bring along,zabierz ze sobą
bring around,przekonać
bring away,zabierz ze sobą
bring back,przywrócić
bring back to life,ożywić
bring down,obalić
bring down on,sprowadzić na
bring down the curtain,opuścić zasłonę
bring down the hammer,uderzyć młotem
bring down the house,wywołać burzę oklasków
bring forth,przynieść
bring forward,przesunąć do przodu
bring home,przynieść do domu
bring home the bacon,zarabiać na życie
bring in,wciągnąć
bring it weak,przynieś to słabe
bring off,udać się
bring on,wzywać
bring one's arse to an anchor,przypiąć coś do kotwicy
bring one's own hide to market,przychodzić na rynek z własną skórą
bring oneself away,odciągnąć się
bring oneself to,zebrać się na coś
bring out,wyciągnąć
bring out in a rash,wywołać wysypkę
bring out of oneself,wyciągnąć z siebie
bring over,przynieś
bring owls to Athens,przynieś sowy do Aten
bring round,przynieść
bring someone to their knees,sprowadzić kogoś na kolana
bring through,przetransportować
bring to,przynieść
bring to an end,zakończyć
bring to bear,wykorzystać
bring to heel,przytłumić
bring to justice,przedstawić przed wymiarem sprawiedliwoś…
bring to life,ożywić
bring to light,ujawnić
bring to nought,uniemożliwić
bring to the hammer,uderzyć młotkiem
bring to the table,wspierać
bring together,zebrać razem
bring under,pod
bring up,wychowywać
bring up against,podnosić przeciwko
bring up the rear,iść za plecami
bring up to,podnieść
bring upon,sprowadzić
bring with,przynieść razem z
brisk up,podnieść
bristle up,podnosić włosy
bro down,spadnij
bro out,wyjść na zewnątrz
broach to,poruszyć temat
broad and shallow,szeroki i płytki
broad brush,szeroko
broad in the beam,szeroki
broad shoulders,szerokie ramiona
broad strokes,ogólne zarysy
broaden one's horizons,poszerzać horyzonty
broaden someone's horizons,poszerzać horyzonty
broil up,smażyć
broken arrow,załamana strzała
broken heart,złamane serce
broken hearted,złamane serce
broken home,zepsuty dom
broken man,złamany człowiek
broken record,zepsuty gramofon
broken reed,złamana trzcina
broken vessel,uszkodzony pojemnik
Bronx cheer,Ośmieszenie
bronze up,awansować
brood above,nadziewać
broom up,miec
bros before hoes,Przyjaciele są ważniejsi niż dziewczyny
bros before hos,bracia przed dziewczynami
brother from another mother,brat z innej rodziny
brown bag,papierowy worek
brown bread,chleb razowy
brown noser,lizus
brown out,zanik zasilania
brown power,brązowa moc
brown study,zamyślenie
brown thumb,brak talentu do ogrodnictwa
brown up,brązowieć
browned off,znudzony
Brownian motion,Ruch Browna
brownie point,punkty lojalnościowe
bruise up,siniak
brush aside,odrzucić
brush away,odgarniać
brush back,odsunąć
brush by,przejść obok
brush down,odkurzyć
brush off,odrzucić
brush out,rozczesać
brush over,przeczesać
brush past,przemknąć obok
brush up,odświeżyć
brush up to,odświeżyć
bubble in,pęcherzyk
bubble over,przelewać się
bubble under,pod
bubble up,wypłynąć
buck down,ugnij się
buck fever,gorączka łowiecka
buck for,za
buck in,włożyć
buck off,zderzyć się
buck out,wydać pieniądze
buck the trend,iść pod prąd
buck up,podnieś się
buck up one's ideas,zbierać pomysły
buck up to,przygotować się do
bucket about,wiadro o
bucket down,w dół
bucket list,lista marzeń
bucket of bolts,złom
bucket of rust,wiadro rdzy
bucket of syrup,wiadro syropu
buckle down,zająć się czymś poważnie
buckle in,zapnijcie pasy
buckle over,uginać się
buckle to,poddać się
buckle under,poddawać się
buckle up,Zapnijcie pasy
Buckley's and none,Buckley's i nic
Buckley's chance,Mało szans
bud off,odgałęzienie
bud out,wybudować
bud up,buduj
buddy up,zaprzyjaźnić się
budge up,przesuń się
buff down,zmniejszyć
buff nor stye,obrzęk powieki
buff out,wypolerować
buff the muffin,poleruj muffina
buff up,wzmocnić
buffer up,buforować
buffing the muffin,polerowanie muffina
Bufton Tufton,Bufon Tufton
bug down,schować się
bug in,błąd w
bug off,Odejdź
bug out,panikować
bug storm,burza owadów
bug up,denerwować
bugger about,grzebie
bugger around,grzebie
bugger off,Spadaj
bugger up,zepsuć
buggerise about,oszustwo
Buggins's turn,Kolejna tura Bugginsa
build a better mousetrap,stworzyć lepszą pułapkę na myszy
build a case,udowadniać
build bridges,budować mosty
build castles in the air,budować zamki na piasku
build character,budować charakter
build down,budować w dół
build in,wbudowany
build into,wbudować
build on,budować na
build on sand,budować na piasku
build out,rozbudować
build the plane while flying it,buduj samolot podczas lotu
build up,budować
build upon,budować na podstawie
built different,zbudowany inaczej
built like a brick outhouse,budowany jak klocek
built like a brick shipyard,zbudowany jak stocznia
built like a brick shithouse,budowany jak z cegły
bulk billing,płatność za usługę według stałej stawki
bulk out,wypełnić
bulk up,nabierać masy
bull in a china shop,osoba niezdarna i nieostrożna
bull session,dyskusja
bull up,nabrzmiać
bully off,wyzywać
bum around,leniuchować
bum out,smutnić
bum rap,fałszywa oskarżenie
bum rush,nagły napad
bum steer,oszustwo
bum's rush,wyrzucenie
bumble along,przebierać nogami
bump across,natknąć się na
bump and grind,trzepać się
bump and jump,uderzenie i skok
bump down,obniżyć
bump in the road,przeszkoda
bump into,natknąć się
bump off,pozbyć się
bump on,guza
bump up,podnieść
bumper crop,obfitość plonów
bun fight,bójka
bunch in,wewnątrz
bunch together,zbierać się razem
bunch up,zbijać się w kupę
bundle of energy,źródło energii
bundle of joy,źródło radości
bundle of laughs,mora dobrych żartów
bundle of nerves,pęczek nerwów
bundle off,odłączyć
bundle together,łączyć razem
bundle up,Ubierz się ciepło
bundy off,zdejmij kurtki
bundy on,Kurtki
bung it on,włożyć
bung on,nakładka
bung out,wydać
bung up,zatkać
bunk down,położyć się spać
bunk in,wskoczyć
bunk into,wbić
bunk off,wylosować się
bunk out,spać
bunk together,nocować razem
bunk up,nocować
bunker out,wyburzyć
bunker up,schronić się
bunny hop,skok zajączka
bunny hug,uściski
buoy up,podnosić na duchu
buried treasure,skarbiec
burn a hole in someone's pocket,robić dziurę w kieszeni
burn away,spalić
burn bread,spalić chleb
burn daylight,marnować czas
burn down,spalić
burn in,spalić się
burn off,spalić
burn one down,spalić do cna
burn one's boats,spalić za sobą mosty
burn one's bridges,spalić mosty
burn one's fingers,spalić się
burn out,wypalenie
burn rubber,spalić opony
burn someone's ears,przepalić komuś uszy
burn the candle at both ends,spalać na obu końcach
burn the midnight oil,pracować do późna
burn the roof,spalić dach
burn through,zużywać
burn time,czas spalania
burn up,spalić się
burning question,palące pytanie
burr in one's saddle,niepokój
burst forth,wybuchnąć
burst in,wpadł
burst into,wybuchnąć
burst into tears,wybuchnąć płaczem
burst out,wybuchnąć
burst out laughing,wybuchnąć śmiechem
burst someone's bubble,rozczarować kogoś
burst up,wybuchnąć
bury one's head in the sand,zakopywać głowę w piasek
bury the hatchet,porzucić waśnie
bury the lede,ukryć najważniejszą informację
bus plunge,zanurzenie autobusu
bush league,amatorski
bush out,rozbudować
bush telegraph,szeptanka
business as usual,jak zwykle
business before pleasure,przede wszystkim obowiązki a potem przyj…
business end,końcowa część
business girl,dziewczyna biznesu
business is business,biznes to biznes
busman's holiday,urlop pracownika
buss down,rozbujany
buss it down,zrobić coś na dużą skalę
bust a cap,strzelić
bust a move,zrobić ruch
bust a nut,ejakulować
bust a U,zepsuć
bust around,włóczyć się
bust ass,wyczerpać się
bust chops,przekonywać kogoś
bust down,zdemolować
bust in,złamanie
bust into,wbić
bust it down,rozłóż to na czynniki pierwsze
bust off,odłączyć
bust on,aresztować za
bust one's balls,nakręcać kogoś
bust one's butt,wyczerpać się
bust one's chops,wyśmiewać kogoś
bust out,wybuchnąć
bust the dust,odkurzyć
bust up,rozbić
busted flush,zepsuty blef
busy around,zajęty
busy as a bee,zajęty jak pszczoła
busy as a nailer,zajęty jak wół
busy work,praca zajmująca
but for,ale dla
but for the grace of God,dzięki łasce Bożej
but good,ale dobre
but me no buts,ale ja nie chcę żadnych wymówek
but seriously folks,ale poważnie
but who's counting,ale kto to liczy
butch up,zachowywać się jak dureń
butcher's bill,rachunek od rzeźnika
butcher's thumb,kciuk rzeźnika
butt heads,sprzeczać się
butt in,wtrącać się
butt out,nie wtrącaj się
butt up,przyciśnij
butter down,rozpuścić masło
butter face,obrzydliwa twarz
butter one's bread on both sides,smażyć chleb z obu stron
butter out,rozprowadzić masło
butter the cony,masło
butter up,ulepchać
butter won't melt in someone's mouth,ktoś jest bardzo miły i uprzejmy
butter wouldn't melt in someone's mouth,byłby grzeczny jak dziecko
butterfly upon a wheel,motyl na kole
button nose,mały nosek
button one's lip,zacisnąć usta
button pusher,osoba naciskająca przyciski
button through,przycisk
button up,zapiąć
buy a dog and bark oneself,kupić psa i szczekać samemu
buy a ticket to,kupić bilet do
buy and hold,kup i trzymaj
buy back,odkupić
buy down,kupić taniej
buy in,kupić udział
buy into,wierzyć w
buy it,kup to
buy nice or buy twice,kup raz, kup dobrze
buy off,kupić
buy off on,kupić
buy out,kupić
buy out from under,oszukać
buy over,kupić więcej
buy straw hats in winter,kupować słomkowe kapelusze zimą
buy the farm,umarć
buy the rights,kupić prawa
buy the rumor,kupuj plotkę
buy the same horse twice,kupić tego samego konia dwa razy
buy time,zyskać czas
buy to let,zakup w celu wynajmu
buy up,kupować
buy yourself a hat,kup sobie kapelusz
buyer beware,kupujący uważaj
buzz about,szum
buzz in,brzęczenie
buzz off,wypad
buzz up,podnieść na duchu
buzzin' dozen,tuzin z pluskiem
by a hair's breadth,o włos
by a landslide,z miażdżącą przewagą
by a long chalk,z daleka
by a long shot,zdecydowanie nie
by a long way,z dużym wyprzedzeniem
by a time,w określonym czasie
by a whisker,o włos
by accident,przypadkowo
by all accounts,zgodnie z wszelkimi informacjami
by all appearances,na pierwszy rzut oka
by all means,proszę bardzo
by all reports,według wszystkich informacji
by an eyelash,o rzęsę
by and large,z grubsza
by any chance,być może
by any means,za wszelką cenę
by any measure,według jakichkolwiek kryteriów
by any stretch,w najmniejszym stopniu
by any stretch of the imagination,na wszelkich możliwych sposobów
by blood,przez krew
by chalks,kredkami
by chance,przypadkiem
by cock,włos
by cock and pie,nie wiem
by committee,przez komisję
by comparison,w porównaniu
by contrast,z drugiej strony
by crumbs,okruszki
by crums,przez okruchy
by day,w dzień
by default,domyślnie
by definition,z definicji
by degrees,stopniowo
by design,zaprojektowany
by dint of,dzięki
by ear,na słuch
by extension,w konsekwencji
by eye,na oko
by fair means or foul,uczciwie lub nieuczciwie
by far,zdecydowanie
by far and away,zdecydowanie
by foot,pieszo
by George,od George'a
by God,przysięgam
by guess or by gosh,na oślep
by gum,no tak
by gummy,gumowe
by half,o połowę
by halves,po połowie
by hand,ręcznie
by heart,na pamięć
by hell,przez piekło
by hook and by crook,siłą lub sprytem
by hook or by crook,siłą lub sprytem
by hook or crook,siłą lub sprytem
by inches,o kilka centymetrów
by leaps and starts,po kolei
by little and little,po trochu
by means of,za pomocą
by mistake,przypadkowo
by name,po nazwie
by nature,z natury
by night,w nocy
by no manner of means,żadnym sposobie
by no means,zdecydowanie nie
by no stretch,żadnym razie
by no stretch of imagination,żadną wyobraźnią
by no stretch of the imagination,żadną miarą
by numbers,według numerów
by one's lights,według własnego sumienia
by one's lonesome,samotnie
by one's own hand,własną ręką
by owner,od właściciela
by rail,koleją
by reason of,z powodu
by return mail,listem zwrotny
by return of post,pocztą za zwrotem
by right,zgodnie z prawem
by right of,z prawem
by rights,zgodnie z prawem
by sail,żaglowcem
by sight,na podstawie wyglądu
by some distance,z pewnym zapasem
by starts and leaps,skokami i podskokami
by steam,parowozy
by the book,zgodnie z przepisami
by the bye,inaczej
by the day,na dzień
by the ears,za uszy
by the eye,na oko
by the Grace of Allah,Z łaski Allaha
by the Grace of God,z łaski Bożej
by the holy poker,przez świętą grę w pokera
by the immortal powers,przez nieśmiertelne moce
by the job,na zlecenie
by the lay,u leżących
by the minute,minuta po minucie
by the moment,w tym momencie
by the name of,o imieniu
by the numbers,zgodnie z planem
by the piece,na sztukę
by the rood,przysięgam
by the same token,z tej samej perspektywy
by the score,w dużej ilości
by the skin of one's teeth,o włos
by the sound of it,na podstawie tego co słyszę
by the strong hand,silną ręką
by the ton,po tonie
by the way,inaczej
by the way of,przez pośrednictwo
by trade,z zawodu
by turns,naprzemiennie
by vice of,z powodu
by virtue of,dzięki
by way of,przez
by way of example,na przykład
by wire,przez kabel
by your leave,z twojej łaski
c'est la vie,takie życie
cable up,podłączyć kable
cack on,śmiać się
cack up,śmiać się do rozpuku
Cadillac problem,Problem z Cadillakiem
Caesar's wife must be above suspicion,Żona Cezara musi być ponad wszelką podej…
caf up,kawiarnia
caffeine up,pobudzić kofeiną
cake and gingerbread,ciasto i piernik
cake crumbs,okruszki ciasta
cake up,nakładać makijaż
cake walk,spacer
cakes and ale,ciasta i piwo
calculate out,obliczyć
Cali or bust,Albo Cali, albo nic
call a lid,zakryć pokrywką
call a shovel a shovel,nazywać rzeczy własnymi imionami
call a spade a spade,mówić wprost
call ahead,zadzwoń wcześniej
call an ambulance,zadzwonić po karetkę
call an audible,wydać sygnał dźwiękowy
call around,zadzwonić
call away,odwołać
call back,odpowiedzieć
call down,wołać
call for,zaproszenie
call forth,przywołać
call in,zadzwonić
call it,nazwij to
call it a day,zakończyć pracę
call it a night,idź spać
call it an early night,Połóżmy się wcześniej
call it as one sees it,mówić jak jest
call it quits,zrezygnować
call it stumps,zakończmy to
call off,odwołać
call off the dogs,odwołać pościg
call on,wołać
call out,wołać
call over,przyprowadzić
call roll,wołać
call round,zadzwonić
call someone's bluff,udowodnić kogoś
call someone's number,zadzwonić do kogoś
call the ball,wołaj piłkę
call the fire brigade,zadzwonić do straży pożarnej
call the fire department,zadzwonić do straży pożarnej
call the police,zadzwonić na policję
call the shots,decydować
call time on something,zakończyć coś
call to,zaproszenie
call to account,odpowiedzialność
call to the bar,wołanie do baru
call together,zebrać
call up,zadzwonić
call upon,wołać
calm before the storm,spokój przed burzą
calm down,Uspokój się
calm the farm,Uspokój sytuację
calm your farm,Uspokój się
cam out,wyjechać
camel's nose,nos słonia
cammy up,w górę
camo up,kamuflaż
camp as a row of tents,obóz w formie szeregu namiotów
camp down,rozbić obóz
camp it up,przekręcać
camp out,biwakować
camp out on,rozbić obóz na
can a duck,czy kaczka
can a duck swim,czy kaczka potrafi pływać
can of corn,puszka z kukurydzą
can of worms,puszka Pandory
can we say,czy możemy powiedzieć
can you not,nie możesz
can't be arsed,nie mam ochoty
can't complain,nie ma się do czego przyczepić
can't do right for doing wrong,nie potrafią dobrze zrobić niczego
can't get enough,nie mogę się nasycić
can't help,nie mogę pomóc
can't keep one's eyes off somebody,nie można oderwać od kogoś wzroku
can't keep one's eyes off something,nie może oderwać wzroku od czegoś
can't lie,nie mogę kłamać
can't stand,nie znoszę
can't stand the sight of,nie mogę znieść widoku
can't take one's eyes off somebody,nie można oderwać wzroku od kogoś
can't take one's eyes off something,nie można oderwać wzroku od czegoś
can't wait,nie mogę się doczekać
canary fit,pasuje do kanarka
canary in a coal mine,kanarek w kopalni węgla
cancel out,neutralizować
cancel someone's Christmas,zepsuć komuś święta
candle in the wind,świeca na wietrze
cannot away with,nie można z tym pogodzić
cannot make it,nie mogę przyjść
cap in hand,z podniesioną głową
cap it all off,podsumowując
cap it off,zakończyć
cap off,zakręcić
cap on,zakryć czapką
cap over the windmill,nakrycie na wiatrak
cap up,zamknij nakrętkę
captain's pick,wybór kapitana
carb up,ładować węglowodanami
carbon burning,spalanie węgla
carbonated water,woda gazowana
card of ten,dziesiątka
care a button,zapiąć guzik
care a jackstraw,niezgrabny
care a whit,nie przejmować się
care for,opieka
care killed a cat,nadmierna troska może zaszkodzić
care killed the cat,nadopiekuńczość zabija
care of,opieka nad
care package,paczka z pomocą
careful what you wish for,uważaj czego sobie życzysz
carpe diem,chwytaj dzień
carriage forward,do przodu
carriage trade,handel luksusowymi towarami
carried away,zanieśiony
carrot and stick,metoda marchewki i kija
carry a torch,nosić pochodnię
carry away,zabrać
carry coals to Newcastle,przenosić węgiel do Newcastle
carry forward,przenieść dalej
carry me out,wynieś mnie
carry off,zdobyć
carry on,kontynuować
carry one's weight,udźwignąć ciężar
carry oneself,zachowywać się
carry out,wykonać
carry over,przenieść
carry someone's water,robić za kogoś
carry the ball,przenosić piłkę
carry the can,ponosić odpowiedzialność
carry the mail,doręczać pocztę
carry the message to Garcia,przenieś wiadomość do Garcii
carry through,realizować
carry up,wnieść
carry water for,nosić wodę za
cart away,odwieźć
cart off,wywieźć
carve out,wykroić
carve up,kroić
carved in stone,wygrawiowane w kamieniu
case closed,sprawa zamknięta
case out,sprawdzić
case the joint,zabezpieczyć połączenie
case up,zamknąć
cash for crash,pieniądze za wypadek
cash in,zamienić na gotówkę
cash in one's chips,zrezygnować
cash is king,gotówka jest najważniejsza
cash on the barrelhead,zapłata gotówką od ręki
cash out,wypłacić
cash up,rozliczenie gotówki
cashed up,zamożny
cast a chill,wywołać dreszcze
cast a shadow,rzucać cień
cast about,rozglądać się
cast around,rozglądać się
cast aside,odrzucić
cast aspersions,rzucać cień
cast away,wyrzucić
cast back,wrzucić z powrotem
cast down,obalić
cast in concrete,zalany betonem
cast in someone's teeth,szyna ortodontyczna
cast loose,uwolnić
cast of thousands,zespół wielu aktorów
cast off,odrzucać
cast on,rzucać
cast one's bread upon the waters,rzucać chleb na wody
cast one's mind back,przypomnieć sobie
cast one's net wide,rozszerzać zakres działania
cast one's vote,oddawać głos
cast out,wyrzucić
cast over,rzucać cień
cast pearls before swine,rzucaj perły przed świniami
cast round,rzut okrągły
cast snowballs,rzucać śnieżkami
cast the first stone,rzuć pierwszy kamień
cast up,wyrzucać
cast up one's accounts,rozliczyć się
castle in the air,zamek na wodzie
cat and dog life,życie kota i psa
cat around,włóczyć się
cat got someone's tongue,ktoś stracił głos
cat in the meal-tub,kot w wiadrze z jedzeniem
cat in the sack,kot w worku
cat piss,siarka
cat that ate the canary,kot który zjadł kanarka
cat's cradle,sznurek
cat's meow,super
catbird seat,korzystna pozycja
catch a body,złapać ciało
catch a break,odpocząć
catch a case,zostać oskarżonym
catch a cold,przeziębić się
catch a date,umówić się na randkę
catch a fade,wziąć lanie
catch a falling knife,łapać spadający nóż
catch a packet,złapać paczkę
catch a stray,złapać bezdomnego
catch a wave,złapać falę
catch air,łapać powietrze
catch as catch can,jak się da
catch big air,łapać duże powietrze
catch dust,zbierać kurz
catch feelings,zakochać się
catch fire,zapalic sie
catch flies,łapać muchy
catch hands,łapać rękami
catch heat,otrzymywać krytykę
catch hell,narobić sobie problemów
catch it,złap to
catch napping,łapać na drzemce
catch no ball,łapać piłkę
catch no balls,nie łap żadnych piłek
catch of the day,łup dnia
catch on,zrozumieć
catch one's breath,odebrać dech
catch one's death,złapać przeziębienie
catch oneself on,zauważyć
catch out,wyłapać
catch red-handed,złapać na gorącym uczynku
catch sight of,zauważyć
catch some rays,łapać trochę słońca
catch some z's,zasnąć
catch someone napping,zaskoczyć kogoś śpiącego
catch someone's drift,zrozumieć o co chodzi
catch someone's eye,zwrócić czyjąś uwagę
catch the eye,przyciągać wzrok
catch the sun,łapać słońce
catch up,nadrobić zaległości
catch wind of something,usłyszeć o czymś
catch you later,do zobaczenia
catch you on the flip side,do zobaczenia
cattle call,masowa selekcja
cattle up,do góry
caucus race,wyścig
caught between two stools,między dwoma krzesłami
caught short,zaskoczony
caught up,niedogłębiony
caught with one's pants down,zaskoczony
caulk off,uszczelnić
cause a stir,wywołać zamieszanie
cause and effect,przyczyna i skutek
caution - slippery when wet,uwaga śliska gdy mokra
cautionary tale,opowieść ostrzegawcza
cave in,zapadnięcie się
cave out,wydrążyć
caveat emptor,kupujący powinien uważać
caveat lector,czytaj uważnie
caviar to the general,ikra dla wszystkich
cede the field,oddawać pole
cell up,ładowanie baterii
Celtic curse,celtyckie przekleństwo
cement together,łączyć
center field,środek pola
center part,środkowa część
Centrelink time,Czas Centrelink
cerebrally challenged,upośledzony umysłowo
chacun a son gout,każdy ma swoje gusta
chain up,zabezpieczyć łańcuchem
chair up,podnieś krzesło
chalk against,kreda przeciwko
chalk and cheese,jak ogień i woda
chalk and talk,wykład
chalk down,odznaczyć
chalk it down,zaznaczyć
chalk off,odznaczyć
chalk out,wyznaczyć
chalk something up to experience,przypisać coś doświadczeniu
chalk talk,dyskusja
chalk up,zaznaczyć
chalk up to,przypisać do
champ down on,ugryźć
champ up,podnieść
champagne taste on a beer budget,chcieć luksusu, mając tylko na piwo
chance on,szansa na
chance upon,natrafić na
chance would be a fine thing,to byłoby wspaniale
chance'd be a fine thing,to byłoby wspaniale
chances are,prawdopodobnie
change around,zmienić
change collars,wymiana kołnierzyków
change down,zmniejsz
change hands,przejść w inne ręce
change horses in midstream,zmieniać konie po przejechaniu połowy dr…
change of clothes,wymiana ubrań
change of heart,zmiana zdania
change of life,przemiana życiowa
change of pace,zmiana tempa
change of scenery,zmiana otoczenia
change of tack,zmiana kierunku
change one's battery,wymienić baterię
change one's mind,zmienić zdanie
change one's story,zmienić wersję wydarzeń
change one's tune,zmienić zdanie
change out,wymienić
change over,zmiana
change someone's mind,przekonać kogoś do zmiany zdania
change the channel,zmień kanał
change the game,zmienić zasady gry
change up,zmienić
change with the times,dostosowywać się do czasów
chaotic neutral,chaotyczny neutralny
Chap laps,Wąsy
chapter out,rozdział
char up,w górę
character assassination,zniesławienie
charge down,biec w dół
charge off,odpisać
charge up,ładować
charity begins at home,dobroczynność zaczyna się w domu
charity mugger,osoba wyłudzająca pieniądze pod pretekst…
charley horse,skurcz
charm offensive,ofensywa uroku
charm the birds from the trees,czarować ptaki z drzew
charm up,czarować
charmed life,szczęśliwe życie
chase a rainbow,gonić za tęczą
chase after,gonić za
chase away,odganiać
chase down,gonić
chase off,odganiać
chase one's tail,gonienie własnego ogona
chase rainbows,gonić za tęczami
chase tail,gonienie za ogonem
chase the ace,ucieczka przed asem
chase the dragon,gonić za mirażem
chase up,dopytywać się
chat away,rozmawiać bez przerwy
chat up,podrywać
chaw up,żuj
che sara sara,co będzie co będzie
che sera sera,wieczorem wieczorem
cheap and cheerful,tani i przyjemny
cheap at half the price,tani nawet za połowę ceny
cheap drunk,tani trunek
cheap out,oszczędzać
cheap thrill,tanie rozkosze
cheap-arse Tuesday,wtorek dla oszczędnych
cheapen out,oszczędzać
cheaper by the dozen,tańszy w większej ilości
cheat on,oszukiwać
cheat out,oszukać
cheat out of,oszukać z
cheat sheet,ściągawka
cheaters never prosper,oszukujący nigdy nie odnoszą sukcesu
cheats never prosper,Oszustwa nigdy nie przynoszą sukcesu
check and balance,kontrola i równowaga
check in,zameldowanie
check in on,sprawdzić jak u
check in with oneself,zastanowić się nad sobą
check into,zameldować się
check is in the mail,Czek jest wysłany pocztą
check off,odznaczyć
check on,sprawdzić
check out,sprawdzić
check over,sprawdzić
check the math,sprawdź obliczenia
check through,sprawdzić
check up,kontrola
check up on,sprawdzić
check you out,sprawdź mnie
check your privilege,sprawdź swoje przywileje
check yourself before you wreck yourself,Sprawdź siebie zanim coś zepsujesz
checks play,czeki
checkup from the neck up,badanie od szyi w górę
cheek by jowl,obok siebie
cheek for chowl,oko za oko
cheek it out,sprawdź to
cheek it through,sprawdź to
cheek up,podnieść policzek
cheek up to,zbliżyć się do
cheeky monkey,figlarny małpiszon
cheer on,kibicować
cheer up,wesoło się bawić
cheers my dears,Na zdrowie moi drodzy
cheese down,ser w dół
cheese it,idź stąd
cheese off,wyłącz
cheese out,wyjść z siebie
cheese tax,podatek od sera
cheese up,ucieszyć
cheesed off,wkurzony
chef up,przygotować
chemically imbalanced,chemicznie niezrównoważony
chemically impaired,upośledzony chemicznie
chemically inconvenienced,chemicznie zaniepokojony
cherry on top,wiśnia na torcie
chess piece,figura szachowa
chest down,w dół
chest up,od pasa w górę
chew off,gryźć
chew on,żuć
chew out,wyśmiewać
chew over,rozważać
chew the cud,rozmyślać
chew the scenery,udawać
chew up,żuć
chick with a dick,dziewczyna z penisem
chicken feed,pasza dla kur
Chicken Licken,Kaczuszka-zagubaska
chicken out,bać się
chicken scratch,nierozczytne pismo
chicks before dicks,Najpierw dziewczyny potem chłopaki
child's play,dziecięca zabawa
chill it with,zrelaksuj się z
chill out,odpocznij
chill to the bone,mroźny do szpiku kości
chillin' like a villain,relaksowanie się jak zły facet
chilly climate,chłodny klimat
chime in,wtrącić
chime up,dźwięczeć
chimney's afire,komin się pali
chimp out,zachowywać się jak małpa
chin up,podnieś brodę
China syndrome,syndrom chiński
China's final warning,Ostatnie ostrzeżenie Chin
Chinaman on one's back,Ciężar na plecach
Chinaman's chance,Małe szanse
Chinese compliment,Chińskie komplementy
Chinese green,chiński zielony
Chinese overtime,Praca w nadgodzinach dla Chińczyków
Chinese puzzle,Chińska zagadka
Chinese Wall,Chiński mur
Chinese water torture,chińskie tortury wodne
chink in the armor,słaby punkt
chink up,uszczelnić
chip and charge,ładowanie i wymiana baterii
chip at,czip
chip away,odłamywać
chip in,dołożyć
chip into,włożyć do
chip off the old block,kopiuje ojca
chip on one's shoulder,kompleks
chip shot,krótki uderzenie
chip up,zniechęcić
chipper up,podnieść na duchu
chirk up,pocieszyć
chisel in,włożyć
chisel out,wygryźć
chisel up,wyrzeźbić
chocolate teapot,czajnik czekoladowy
choke back,powstrzymać odruch
choke down,dławić się
choke off,odcinać dopływ
choke on,dławić się
choke out,dusić
choke the chicken,dusić kurczaka
choke up,zadławić się
chomp at the bit,być niecierpliwym
chomp down on,gryźć
chonk up,zjeść dużo
choose one's fighter,wybrać swojego zawodnika
choose out,wybierz
choose up,wybierz
choose violence,wybierz przemoc
chop and change,zmieniać zdanie
chop and drop,kroić i odrzucać
chop down,rąbać
chop it up,pokroić
chop off,odciąć
chop out,wycinać
chop up,kroić
chopped liver,wątróbka
chow down,jeść
Christmas came early,Święta przyszły wcześniej
Christmas come early,Boże Narodzenie przyszły wcześniej
Christmas comes but once a year,Boże Narodzenie przychodzi tylko raz w r…
Christmas comes early,Boże Narodzenie nadchodzi wcześniej
Christmas graduate,Ukończenie studiów w okresie świąt Bożeg…
Christmas is coming,Święta się zbliżają
Christmas tree bill,faktura za choinkę
chrome dome,łysy łeb
chrome horn,chromowana trąbka
chub up,zaokrąglić
chuck away,wyrzucić
chuck down,wyrzucić
chuck in,wrzucić
chuck it,odpuść to
chuck it down,wrzuć to do środka
chuck it in,wrzuć to do środka
chuck it up,wyrzuć to
chuck off,odłożyć
chuck out,wyrzucić
chuck over,wyrzuć
chuck up,wypluć
chug away,pociągać łykami
chum in,wchodzić
chum in the water,ryba
chum up,przytulać się
chump change,drobne
chump off,odłączyć
churn and burn,szybkie tempo pracy
churn out,produkować
churn up,wywoływać zamieszanie
ciao bella,cześć piękna
circle back,wrócić do tematu
circle gets the square,koło otacza kwadrat
circle in,wewnątrz
circle out,okrążyć
circle the drain,spływać do rzeki
circle the wagons,otoczyć wózami
circle up,zbierzcie się w kółko
circuit slugger,wytrzymały obudowa
circular file,okrężny plik
circular firing squad,zespół samobójczy
citation needed,potrzebne źródło
civil tongue,grzeczny język
clabber up,zakrzepiać się
claim someone's life,zabierać życie
claim to fame,powód sławy
clam up,zamilknąć
clamp down on,zaostrzyć kontrolę
clamp off,zamknąć zawór
clap back,odpowiadać
clap eyes on,zobaczyć
clap in,klasknij
clap on,klaskanie
clap one's hands red,zaczerwienić dłonie od oklasków
clap out,zepsuty
clap together,klaskać razem
clap up,klaskać
clash of the ash,zderzenie popiołów
class clown,klaun
class up,podnieś poziom
claw away,odrywać pazurami
claw back,odzyskać
claw off,odklejać
clay up,z gliny
clean as a bean,czysty jak łuska
clean as a hound's tooth,czysty jak łza
clean as a whistle,czysty jak łza
clean break,rozstanie
clean down,oczyścić
clean hands,czyste ręce
clean money,legalne pieniądze
clean off,oczyścić
clean out,oczyścić
clean someone's clock,pokonać kogoś
clean up,posprzątać
clean up after,sprzątać po
clean up one's act,naprawić swoje zachowanie
cleanliness is next to godliness,Czystość to prawie świętość
cleanup in aisle,porządkowanie w alejce
cleanup on aisle,porządkowanie
clear away,usunąć
clear blue water,czysta błękitna woda
clear cut,jednoznaczny
clear off,oczyścić
clear one's lines,oczyścić linię telefoniczną
clear out,oczyścić
clear somebody's name,oczyścić kogoś z zarzutów
clear the air,wyjaśnić sytuację
clear the table,oczyścić stół
clear up,wyjaśnić
clew down,zmniejszyć głośność
clew up,wyjaśnić
click for,kliknij aby
click into gear,przełączyć na bieg
click of the fingers,kliknięcie palcami
click off,wyłącz
click through,przejrzeć
clicks and bricks,online i stacjonarny
climb down,zejść
climb into,wskoczyć do
climb the ladder,wspinać się po drabinie
climb the walls,wchodzić po ścianach
climb up,wspinać się
cling on,trzymać się mocno
cling to,przylegać do
clinically dead,klinicznie martwy
clip in,mocowanie
clip it,przytnij to
clip someone's wings,Ograniczyć czyjeś możliwości
clip strip,paski mocujące
clock down,wyłączyć zegar
clock in,zaćwierzać
clock is running,zegar działa
clock is ticking,czas ucieka
clock off,skończyć pracę
clock on,przychodzić do pracy
clock onto,zrozumieć
clock out,odchodzić z pracy
clock the tea,zaparzyć herbatę
clock up,zbierać
clog up,zatykać
clogs to clogs in three generations,od zapałania do zapałania przez trzy pok…
close at hand,blisko
close but no cigar,blisko, ale nie do końca
close by,blisko
close down,zamknąć
close enough for government work,wystarczająco dobrze
close in,blisko
close in on,przybliżać się
close in upon,zbliżać się
close off,zamknąć
close on the heels of,tuż za
close one eye,zamknij jedno oko
close one's eyes,zamknąć oczy
close one's mind,zamknąć umysł
close only counts in horseshoes,Liczy się tylko w kowbojkach
close out,zamknąć
close round,okrągły kształt
close season,sezon zamknięty
close the book on,zamknąć książkę
close the books,zamknij księgi
close the face,zamknij twarz
close to,blisko
close to home,blisko domu
close to one's heart,bliski sercu
close up,zbliżenie
close with,zamknąć
closed book,zamknięta książka
closely held,ściśle strzeżony
closet case,bardzo blisko
clothes don't make the man,Ubranie nie czyni człowieka
clothes make the man,Ubranie czyni człowieka
clothes maketh the man,Ubranie czyni człowieka
clothespin vote,zacisk do prania głosowanie
cloud nine,na siódmym niebie
cloud over,chmura nad
cloud seven,na siódmym niebie
cloud up,zaciągnąć się
clout list,lista wpływowych osób
clout on,wpływ na
clown about,żartować
clown around,głupkować
clown college,szkoła klaunów
clown on,żartować
clown school,szkoła klaunów
club out,wyeliminować
club together,zbierać się razem
clue in,podpowiedzieć
clue stick,kij do gry w krokiet
clue up,zorientować się
clump up,zbijać się w grudki
clutch artist,artysta specjalizujący się w sprzęgłach
clutter up,zagracać
coach up,trenować
coals to Newcastle,węgiel do Katowic
coat up,nakryć
cobber up,zakryć
cobble together,zebrać po kawałkach
cobble up,składać z przypadkowych elementów
cock a snook,pokazać środkowego
cock cheese,ser koźli
cock in a frock,kaczor w sukience
cock in the henhouse,kogut w kurniku
cock it over,przekręcić
cock of the roost,pierwszy kogut
cock of the walk,głowa rodziny
cock off,wyłącz
cock on,na
cock one's toes,kręcić palcami u stóp
cock up,zepsuć
cock-and-bull story,bzdura
cocker up,wznieść się
code up,zrealizować
coffee money,pieniądze na kawę
coffee talk,plotki
coffee up,kawa
cog fog,zębatka mgła
coil up,zwijać się
coke dick,kokaina
Colbert bump,Efekt Colberta
cold as ice,zimny jak lód
cold cash,gotówka
cold chills,dreszcze
cold comfort,małe pocieszenie
cold day in Hell,zimny dzień w piekle
cold fish,zimny
cold hand,zimna ręka
cold hard cash,gotówka
cold one,zimne piwo
cold shoulder,zimne odbicie
cold snap,nagłe ochłodzenie
cold treatment,zimne traktowanie
cold turkey,nagłe odstawienie
collar up,podnieś kołnierz
collect dust,zbierać kurz
collect one's thoughts,zebrać myśli
collect up,zbierać
collectively exhaustive,wyczerpujący w sposób kompleksowy
color in,kolorować
color me,pokoloruj mnie
color up,kolorować
colour in,kolorować
colour up,kolorować
comb down,grzebień
comb out,rozczesać
comb over,czesanie do góry
comb through,przeszukiwać
come a cropper,nauczyć się na własnych błędach
come a long way,zrobić duży postęp
come about,zdarzyć się
come across,natknąć się
come across with,natknąć się na
come after,nadążyć za
come again,proszę powtórzyć
come alive,żyć
come along,dołącz
come and go,chodzić i wracać
come apart,rozpadać się
come apart at the seams,rozpadać się
come around,przyjechać
come as a surprise,być zaskoczeniem
come at,przychodzić
come away,odejdź
come back,wróć
come back from the dead,wstać z martwych
come before,być przed
come between,stawanie się przeszkodą
come by,przypadkiem
come clean,powiedzieć prawdę
come down,zejść
come down in stair rods,spadają w długich pasmach
come down in the last shower,przypadł podczas ostatniej ulewy
come down on,krytykować
come down to,zależy od
come down to earth,wrócić do rzeczywistości
come down to us,przechodzi do nas
come down upon,spadnąć na
come down with,zachorować
come first,przyjść pierwszy
come for,przyjdź
come forth,wyjść
come forward,wyjść naprzód
come from,pochodzić z
come from a Cracker Jack box,pochodzić z pudełka Cracker Jack
come from a good place,pochodzić z dobrego miejsca
come from behind,wyprzedzać
come from below,przychodzić z dołu
come full circle,wrócić do punktu wyjścia
come hell or high water,nie ważne co się stanie
come here to me,chodź do mnie
come home by weeping cross,wróć do domu przez krzyż
come home to roost,wrócić się
come in,proszę wejść
come in for,przyjdź na
come in from the cold,wejść z zimna
come in handy,przydatny
come in hot,wchodź ostrożnie
come into,wejść
come into being,powstać
come into effect,wchodzić w życie
come into force,wchodzić w życie
come into its own,pokazać swoje zalety
come into one's own,pokazać się z dobrej strony
come into play,wchodzić do gry
come into the world,narodzić się
come into view,wystąpić do wglądu
come knocking,pukać
come of,wyniknąć z
come of age,dorastanie
come off,odchodzić
come off it,przestań
come on,chodź
come on in,Wchodźcie
come on over,chodź do mnie
come on strong,atakować mocno
come on to,chodź
come online,połączyć się z internetem
come onto,wchodzić
come out,wyjść
come out in,wyjść w
come out in the wash,wyjść na jaw
come out of one's shell,wyjść z cienia
come out of the broom closet,wyjść z szafy
come out of the closet,wyjść z szafy
come out of the woodwork,wyskoczyć z ciemności
come out swinging,atakować od samego początku
come out with,wydać
come over,przyjdź
come right,przyjdź od razu
come round,przyjść
come the acid,przyjdź z kwasem
come the old soldier,przyjdź stary żołnierzu
come thick and fast,przychodzą szybko i w dużej ilości
come through,przejść przez
come to,przyjdź
come to a close,kończy się
come to a halt,zatrzymać się
come to a head,doprowadzić do kulminacji
come to a sticky end,skończyć źle
come to an end,dojść do końca
come to blows,dosłownie dojdzie do walki
come to find out,okazało się
come to fruition,stać się rzeczywistością
come to grief,spotkać nieszczęście
come to grips with,poradzić sobie z
come to Jesus,odnaleźć Boga
come to life,żyć
come to light,ujawnić się
come to mention it,mówiąc o tym
come to mind,przypadać do głowy
come to nothing,nic nie dać
come to nought,nie dać się usłyszeć
come to one's senses,ocknąć się
come to oneself,ożyć
come to papa,chodź do taty
come to pass,stać się
come to power,dostać się do władzy
come to someone's aid,pomóc komuś
come to someone's rescue,pomóc komuś
come to terms,poradzić sobie
come to terms with,poradzić się z czymś
come to the fore,wypłynąć na pierwszy plan
come to think of it,zastanawiając się nad tym
come to time,odejść
come together,zbliżyć się
come true,stać się rzeczywistością
come under,podlegać
come under fire,stać się celem ataku
come under pressure,znaleźć się pod presją
come unhinged,stracić zmysły
come unstuck,oderwać się
come up,wyskoczyć
come up against,spotkać się z
come up and bite,podejdź i ugryź
come up from behind,wyprzedzić
come up roses,kwitnąć
come up to,podejść
come up with,wymyślić
come up with snake eyes,wymyślić coś
come up with the goods,udać się
come upon,natknąć się
come upon the parish,trafić do parafii
come upon the town,dotrzeć do miasta
come what may,nie ważne co się stanie
come with,przyjdź z
come with it,idź z tym
come with the territory,idzie w pakiecie
comedy equals tragedy plus time,komedia to tragedia plus czas
comedy gold,złoto komedii
comedy of errors,skomedia pomyłek
comfort girl,dziewczyna do towarzystwa
comfort woman,kobieta-oficera
comfort zone,strefa komfortu
comfortable in one's own skin,czuć się dobrze ze sobą
comfortably off,zamożny
coming and going,chodzenie i powroty
coming into the world,wchodzenie na świat
coming right up,Już zaraz
command performance,wykonywanie rozkazów
comme moi,jak ja
comment out,zakomentować
common ground,punkt styczny
common or garden variety,zwykły
common purse,wspólny portfel
common run,bieganie
common touch,prosty kontakt
company town,miasto-fabryka
compare and despair,porównywać i popadać w rozpacz
compare notes,porównać notatki
comparison is the thief of joy,Porównywanie jest kradzieżą radości
compass out,wyjść z kompasu
complete and utter,całkowity i absolutny
completely and utterly,całkowicie i bezwzględnie
completely metrizable,całkowicie metryzowalny
compliments of the house,od właściciela
computationally secure,bezpieczny pod względem obliczeniowym
computer says no,komputer mówi nie
conclusively presumed,przypuszczalnie ostatecznie
concrete jungle,betonowy labirynt
condemn to,potępić do
condescend upon,uważać się za lepszego
cone off,odłączyć się
confide in,powierzyć się
conflict out,koniec konfliktu
confront one's demons,zmierzyć się ze swoimi demonami
conjure up,wywołać
conk off,żegnaj
conk out,zasnąć
connect the dots,połączyć kropki
connect up,połączyć
connecting rod,korbowód
conscience money,pieniądze sumienia
conscious and oriented,przytomny i zorientowany
consenting adult,pełnoletnia osoba wyrażająca zgodę
conservatively correct,ostrożnie poprawny
consider it done,rozumiem
considering cap,uwzględniając limit
considering that,biorąc pod uwagę że
consist in,polegać na
consist of,składać się z
conspicuous by one's absence,wyraźny nieobecnością
cont p.94,ciąg dalszy strona 94
cont p94,ciąg dalszy strona 94
cont. p.94,ciąg dalszy strona 94
cont. p94,ciąg dalszy strona 94
contain multitudes,zawierać wiele aspektów
contend with,radzić sobie z
continued on page 94,ciąg dalszy na stronie 94
continued page 94,ciąg dalszy strona 94
contract in,wchodzić w
contract out,zlecać
contract out of,wycofać się z
contrary to,wbrew
contrary to popular belief,wbrew powszechnemu przekonaniu
cook back,odgrzewać
cook off,konkurs kulinarny
cook out,grillowanie
cook someone's goose,zepsuć komuś plany
cook the books,fałszować księgi rachunkowe
cook through,dopiec
cook up,wymyślić
cook up a storm,gotować na całego
cooking on gas,gotowanie na gazie
cooking with gas,gotowanie na gazie
cool cat,fajny kot
cool down,schłodzenie
cool head,zimna głowa
cool heads must prevail,trzeba zachować zimną krew
cool heads prevail,zachowanie opanowania
cool heads will prevail,Rozwaga zwycięży
cool off,odpocząć
cool one's heels,czekać
cool one's jets,uspokój się
cool out,uspokój się
cooler heads must prevail,trzeba zachować zimną krew
cooler heads prevail,Rozwaga zwycięża
cooler heads prevailed,Zachowała się rozsądna postawa
cooler heads will prevail,Rozum zwycięży
coon's age,wiek lisa
coop in,współpraca
coop up,zamknąć
cop off,odmówić
cop off with,zrobić coś nielegalnie
cop on,aresztować
cop one's whack,zrobić komuś źle
cop oneself on,pocieszyć się
cop onto,zorientować się
cop out,unikać odpowiedzialności
cope and seethe,radzić sobie i gniewać się
cope with,radzić sobie z
copper chopper,miedziany siekacz
copy down,przepisanie
copy out,przepisać
corbel out,wystająca półka
cordon off,odizolować
cork off,odkręcić
cork out,wykręcać
cork up,zakorkować
corner the market,zdominować rynek
corner up,w górny róg
corporate ladder,drabina sukcesu
corporate welfare bum,osoba żyjąca z zasiłków państwowych
corporation pop,korporacja pop
correct me if I'm wrong,Popraw mnie jeśli się mylę
cost out,obliczyć koszt
cost the earth,kosztować fortunę
cost up,wzrost kosztów
cosy along,przytulać się
cosy up,przytulić się
cosy up to,przytulić się do
cotton on,zrozumieć
cotton on to,zrozumieć
cotton onto,zrozumieć
cotton to,do bawełny
couch down,usiąść
couch potato,leniwiec
couch up,wypluć
cough down,kaszleć
cough out,wykrztusić
cough over,kaszleć
cough up,wypluć
could go all day,mogłabym gadać cały dzień
could have fooled me,mogłem się mylić
could hear a pin drop,Można było usłyszeć upadek szpilki
could I get the bill,Czy mogę poprosić o rachunek
could not get elected dogcatcher,nie udało się zostać wybranym na stanowi…
could we get the bill,Czy możemy otrzymać rachunek
coulda fooled me,mogło by mnie oszukać
couldn't be more different,nie są bardziej różne
couldn't care less,nie obchodzi mnie to
couldn't happen to a nicer,nie mogło się zdarzyć lepszej osobie
couldn't organise a chook raffle,nie potrafił zorganizować loterii z nagr…
couldn't organise a two-ticket raffle,nie potrafił zorganizować loterii z dwom…
count 'em,policz je
count against,liczyć przeciwko
count angels on pinheads,liczyć anioły na głowach szpilek
count down,odliczanie
count in,liczyć w
count noses,liczyć głowy
count off,odliczać
count on,polegać na
count one's blessings,liczyć swoje szczęścia
count one's days,liczyć dni
count out,odliczyć
count sheep,liczyć owce
count to five,policz do pięciu
count to ten,licz do dziesięciu
count to three,policz do trzech
count towards,liczyć się
count up,policz
count upon,liczyć na
countably additive,liczbowo addytywny
countably infinite,nieskończenie wiele
country mile,długa droga
couple up,związać się
courage of one's convictions,odwaga do obrony swoich przekonań
court of public opinion,opinia publiczna
covenant of salt,pakt soli
cover one's bases,zabezpieczyć się
cover one's feet,zakryć stopy
cover someone's ass,chronić kogoś
cover up,zakryć
cow juice,mleko krowie
cowboy killer,zabójca kowbojów
cowboy shower,prysznic dla kowbojów
cowboy up,zbierz się w sobie
cowgirl position,pozycja kowbojki
Cox and Box,Cox i Box
cozy up,przytulić się
cozy up to,przytulić się do
crab mentality,zazdrość
crack a crust,pękać
crack a fat,pęknąć
crack a smile,uśmiechnąć się
crack along,pękać
crack down,zwalczać
crack hardy,twardy
crack kills,narkotyki zabijają
crack of dawn,świt
crack off,odłamać się
crack on,pęknięcie
crack one off,wypalić
crack onto,flirtować z
crack out,pękać
crack through,przełamać
crack up,rozbawiać
cradle robber,obżydliwiec
cradle snatcher,porwanie dziecka
cram together,upakować razem
cramp someone's style,psuć komuś zabawę
cramp up,skurcze
crank off,wyłączać
crank one out,wyprodukować
crank one's hog,przyspieszać
crank out,produkować masowo
crank the handle,kręcić korbką
crank up,rozgrzać
crap around,bałagan
crap on,psuć
crap out,zawalić
crap up,psuć
crash course,intensywny kurs
crash dive,zanurzenie
crash in,awaria
crash out,upaść
crawl before one walks,najpierw raczkowanie potem chodzenie
crawl into a hole,wpełzać do dziury
crawl over each other,pełzać jeden na drugim
crawl with,pełzać z
crazy enough to work,wystarczająco szalone żeby zadziałać
crazy up,podniecenie
cream in one's coffee,śmietana do kawy
cream in one's jeans,rozciągnąć spodnie
cream of the crop,kwintesencja
cream off,odciągać
cream the crop,wybierać najlepszych
cream up,nakładać krem
crease up,złożyć
creature comfort,komfort
creature feature,cecha stworzenia
creature of habit,osoba przyzwyczajona do rutyny
creature of statute,postać prawna
creature of the night,stworzenie nocy
credit where credit's due,uznanie dla zasługi
creep in,wślizgiwać się
creep on,obserwować
creep out,przerażać
creep up,podkradać się
creep up on,podkradać się
creepy weepy,straszny i smutny
crescent spanner,francuski klucz
crew up,zestawić
crime doesn't pay,przestępczość się nie opłaca
Crimea river,Rzeka w Krymie
Crip out,Wychodzić
crip up,zepsuć
criss-cross applesauce,siad na podłodze ze skrzyżowanymi nogami
crit out,krytykować
critically damped,krytycznie tłumiony
crock of gold,garn złota
crock off,oszukać
crock up,psuć
crocodile tear,krokołacze łzy
crony capitalism,klanizm
crop out,wyciąć
crop up,pojawiać się
cross lots,przejścia
cross my heart,daję słowo
cross of gold,złoty krzyż
cross off,odznaczyć
cross one's fingers,trzymać kciuki
cross one's mind,przypaść do głowy
cross out,zadrapać
cross over,przepłynąć
cross paths,spotkać się
cross someone's palm,dać łapówkę
cross someone's path,stanąć na drodze komuś
cross swords,zderzyć się
cross the aisle,przejść na drugą stronę
cross the line,przekroczyć granicę
cross the Rubicon,przekroczyć Rubikon
cross the Thames,przejść przez Tamizę
cross the Tiber,przekroczyć Tyber
cross to bear,cierń do poniesienia
cross to take up,przejść do
cross up,zdezorientować
crotch down,w dół
crow over,nad
crow to pick,wybierać
crow to pluck,wyrywać
crow to pull,ciągnąć
crowd in,tłum
crowd in on,wcisnąć się
crowd out,wypierać
crowd sail,tłum żagiel
crowd together,zbliżyć się
crowd up,zbliżyć się
cruel mistress,okrutna pani
cruisin' for a bruisin',szukając kłopotów
cruising for a bruising,szukać kłopotów
crum up,zgniatać
crumb down,kruszyć się
crumb up,kruszyć się
crumble up,kruszyć
crumple up,zgnieść
crunch numbers,obliczać liczby
crush it,Zmiażdżyć
crush on,zauroczenie
crush out,gasić
cry and seethe,płakać i wściekać się
cry cupboard,szafka
cry down,obniżać cenę
cry for help,krzyk o pomoc
cry foul,protestować
cry harder,płać więcej
cry in one's beer,smutnić się
cry it out,wypłakać to
cry off,odwołać się
cry on,płakać na
cry one's eyes out,płakać jak głupi
cry oneself to sleep,zasnąć w łzach
cry out,krzyczeć
cry out for,wołać o
cry over spilt milk,żałować przelanej mleka
cry someone a river,płakać krokodyle łzy
cry the blues,smutnić się
cry up,chwalić
cry wolf,fałszywy alarm
crying shame,żałosne
crystal clear,krystalicznie czysty
crystal dick,krystaliczny pręt
crystally clear,krystalicznie czysty
crème de la crème,śmietanka
cube out,wyciągnąć
cuddle up,przytulić się
cue in,sygnalizować początek
cue off,wyłączyć sygnał
cue up,przygotować
cuff out,wyciągnąć rękaw
cuff up,zapiąć mankiety
culinarily challenged,mało zdatny do gotowania
culminate in,doprowadzić do
culturally appropriative,kulturalnie nieodpowiedni
culture hero,bohater kultury
cum grano salis,z przymrużeniem oka
cup of joe,kawa
cup of tea,herbata
curate's egg,jajko kuratiera
curb appeal,atrakcyjny wygląd zewnętrzny
curb crawler,szantażysta
cure down,zmniejszyć
cure up,wyleczyć się
curiosity killed the cat,ciekawość zabiła kota
curiouser and curiouser,coraz bardziej ciekawe
curl one off,wykonać jedno zadanie
curl one out,wykręcić
curl someone's hair,kręcić włosy
curl up,zwijać się
curls for the girls,lokówki dla dziewczyn
curry favor,zyskać przychylność
curse out,obrażać
curtain off,zdjąć zasłonę
cushion for the pushin',poduszka amortyzująca
cuss out,obrażać
cut a dash,robić wrażenie
cut a deal,zawrzeć umowę
cut a figure,robić wrażenie
cut a rug,tańczyć
cut a swath,przecinać
cut a wide swath,zrobić duże wrażenie
cut about,około
cut above,powyżej reszty
cut across,przecinać
cut along,wzdłuż
cut and carve,tnąć i rzeźbić
cut and dried,gotowe
cut and thrust,szermierka
cut away,odcinać
cut away one's soul,zranić duszę
cut back,ograniczyć
cut bait,rzucać przynętą
cut below,tnij poniżej
cut both ways,ma dwojaki sens
cut corners,oszczędzać na wszystkim
cut down,znieść
cut down the tall poppy,obciąć komuś skrzydła
cut down to size,obniżyć ambicje
cut from the same cloth,tego samego materiału
cut in,wtrącić
cut into,kroić
cut it,potnij to
cut it out,przestań
cut it up,pokroić
cut loose,odpuścić sobie
cut of one's jib,zachowywać się
cut off,odciąć
cut on,włącz
cut one loose,dać wolność
cut one's teeth,zrobić pierwsze kroki
cut out,wyciąć
cut red tape,uprościć procedury
cut round,okrągły kształt
cut someone cold,odrzucić kogoś
cut someone dead,zabić kogoś
cut someone loose,odciąć kogoś od siebie
cut someone some slack,dać komuś więcej luzu
cut swathes,wykonywać cięcia
cut the cheese,puścić wietrzyki
cut the cord,przerwać więź
cut the mustard,być na wysokości zadania
cut the pigeon wing,odciągnąć skrzydło gołębia
cut the umbilical cord,przeciąć pępowinę
cut through,przecinać
cut to pieces,rozdrobniony
cut to the chase,przejdźmy do sedna
cut under,pod
cut up,pokroić
cut up nasty,obrzydliwy wygląd
cut up rough,być w złym nastroju
cut with a knife and fork,kroić nożem i widelcem
cutting edge,nowoczesny
cycle off,wyłącz
d.c. al coda,do końca
dab out,wyciszyć
dab up,wycierać
dag out,spędzić dzień
daily grind,codzienna rutyna
dam up,zapora
damn by association,potępiony przez skojarzenie
damn right,cholera tak
damn straight,całkowicie się zgadzam
damn the torpedoes,Niechaj idą torpedy
damn with faint praise,chwalić z ociąganiem się
damp down,osłabić
damp off,pleśń
damp squib,zimny prysznic
dampen down,osłabić
dampen off,zgnieć
dance around,tańczyć
dance attendance,obecność na zajęciach tańca
dance of the seven veils,taniec siedmiu welonów
dance on nothing,tańczyć na niczym
dance on someone's grave,tańczyć na grobie
dance out,tańczyć
dance with the devil,tańczyć z diabłem
dandy as candy,świetny jak cukier
dandy shandy,piwo z lemoniadą
dandy up,uciec
danger is one's middle name,niebezpieczeństwo to jego drugie imię
danger past and God forgotten,niebezpieczeństwo przeszłość i zapomnian…
dangle after,wisieć po
Daniel come to judgement,Daniel przyjdzie na sąd
dap up,przywitać się
dark cloud,ciemna chmura
dark horse,czarny koń
dark up,zciemnić
darken a church door,zaciemnić drzwi kościoła
darken down,zaciemnić
darken someone's door,przebywać u kogoś
darken up,przyciemnić
darn tootin',Cholera jasna
dart about,biegać wkoło
darwaza band,zamknięte drzwi
darwaza bund,zamknięte drzwi
Darwin out,Darwin wyjdź
das rite,prawo
dash down,biegiem
dash off,szybko napisać
dash on,nakładanie
dash someone's hopes,zniweczyć nadzieje
date back,pochodzić z
date out,randka
date up,aktualizować
date with destiny,spotkanie z przeznaczeniem
daughter of Eve,córka Ewy
daughter out,córka na zewnątrz
Davy Jones's locker,Morski grób
dawn of a new day,zaćwieczenie nowego dnia
dawn of time,początek czasów
dawn on,zaćśnienie
dawn upon,świt
day after day,dzień po dniu
day and age,czasy
day and night,dzień i noc
day at the beach,dzień na plaży
day in the sun,dzień na słońcu
day lark,skowronek
day of days,dzień dniów
day or night,dzień lub noc
day out,wycieczka
day to day,z dnia na dzień
daylight robbery,rabuś
days of yore,dawne czasy
de die ad diem,dzień po dniu
de minimis non curat lex,Prawo nie zajmuje się drobnymi sprawami
dead 'n' buried,spoczywa na wiecznym spoczynku
dead against,przeciwko
dead air,cisza
dead and buried,umarł i został pochowany
dead asleep,głęboki sen
dead cat bounce,fałszywy odwrót
dead center,dokładnie w środku
dead duck,martwa kaczka
dead end,ślepa uliczka
dead fish,martwa ryba
dead giveaway,oczywista wskazówka
dead heat,remis
dead inside,martwy w środku
dead last,ostatni
dead loss,całkowita strata
dead meat,martwe mięso
dead men can tell no tales,umarli nie mogą opowiadać historii
dead men tell no tales,umarli nie opowiadają historii
dead men's shoes,buty zmarłych
dead of night,późna noc
dead of winter,środek zimy
dead on,dokładnie
dead ringer,idealne podobieństwo
dead silence,całkowita cisza
dead soldier,żołnierz poległy
dead to rights,bezsprzecznie winny
dead to the world,nieprzytomny
dead tree edition,wydanie w wersji papierowej
deadbeat dad,ojciec-nieruch
deadstick landing,lądowanie bez silnika
deafening silence,ogłuszająca cisza
deal a bad hand,dać złą kartę
deal a good hand,rozdawać dobre karty
deal a hand,dać kartę
deal in,handlować
deal it out,rozdaj
deal out,rozdawać
deal to,oferta
deal with,radzić sobie z
dear diary,drogi dzienniczku
dear Sir,Szanowny Panie
dear Sir or Madam,Szanowny Panie lub Szanowna Pani
dear Sir/Madam,Szanowny Panie/Szanowna Pani
dear sirs,Szanowni Państwo
Dear Sirs or Madams,Szanowni Państwo
dear to one's heart,bliski sercu
death and taxes,śmierć i podatki
death by a thousand paper cuts,cierpienie z powodu drobnych, powtarzają…
death by PowerPoint,śmierć przez PowerPoint
death is the great leveller,śmierć wyrównuje szanse
death on,śmierć na
death rattle,agonia
death warmed up,śmierć w cieple
deathbed conversion,pokuta na łożu śmierci
debris field,pole szczątków
December bride,panna grudniowa
deceptively misdescriptive,wprowadzający w błąd i mylący
decide on,decydować o
decide upon,decydować o
decimal dozen,dziesiątka tuzinów
deck out,ozdabiać
deck over,pokrycie
deck up,ozdobić
declare against,ogłosić sprzeciw
deep cut,głębokie cięcie
deep dive,głęboka analiza
deep down,w głębi duszy
deep six,wyrzucić
deep thinker,głęboki myśliciel
deep water,głęboka woda
deer in the headlights,oszołomiony
degrade gracefully,zachować godność
delay no more,nie zwlekajcie dłużej
Delhi belly,Zaburzenia żołądkowe
delight in,radość
deliver on,wywiązać się z obietnicy
deliver over into,przekazać
deliver over to,przekazać
deliver the goods,dostarczyć towar
deliver the message to Garcia,przenieś wiadomość do Garcii
deliver up,przekazać
deliver up to,dostarczyć do
Delivered Ex Quay,Dostawa z nabrzeża
Delivered Ex Ship,Dostarczone na pokład statku
democratic wedding,demokratyczne wesele
denial ain't a river in Egypt,Zaprzeczenie to nie rzeka w Egipcie
denial is a river in Egypt,Zaprzeczenie to rzeka w Egipcie
denial isn't a river in Egypt,zaprzeczenie to nie rzeka w Egipcie
deny of,odmowa
depart with,opuszczać
depends who's asking,zależy kto pyta
Derangement Syndrome,Zespół zaburzeń poznawczych
descend on,zstąpić na
descend upon,opuszczać
desk jockey,pracownik biurowy
desperate times call for desperate measures,W sytuacjach kryzysowych trzeba podejmow…
desperate times require desperate measures,W trudnych sytuacjach wymagane są radyka…
despite of,pomimo
despite the fact that,pomimo że
detective work,śledztwo
deuces wild,dwójki są specjalne
devil dancing,taniec diabła
devil in disguise,diabeł w przebraniu
devil in one's eyes,diabeł w oczach
devil is kissing his wife,diabeł całuje swoją żonę
devil lies in the details,diabeł tkwi w szczegółach
devil take the hindmost,niech ostatni weźmie
devil to pay,cena do zapłacenia
devil's advocate,adwokat diabła
devil's beating his wife,Diabeł bije swoją żonę
devil's luck,szczęście diabła
devote to,poświęcić się
dey play,oni grają
dial back,zmniejszyć
dial down,zmniejszyć
dial in,dzwonić
dial into,połączyć się
dial it in,wykręcić
dial out,dzwonić
dial towards,obracaj w stronę
dial up,dzwonk
diamonds are a girl's best friend,Diamenty to najlepszy przyjaciel dziewcz…
diamonds are forever,diamenty są nieśmiertelne
diarrhea of the mouth,biegunka słowna
dice roll,rzut kostką
dice up,kroić w kostkę
dick about,o czymś głupim
dick around,gapić się
dick down,zmniejsz się
dick milk,mleczko penisa
dick munch,lizuch
dick off,Spadaj
dick out,wyjść z samochodu
dick up,podnieść tyłek
dicks before chicks,Nie dotyczy
dicky up,zepsuć się
dictated but not read,dyktowane ale nie czytane
did my back hurt your knife,Czy mój ból pleców uszkodził twój nóż
did not bat,nie uderzył
did the journal factory explode,Czy fabryka dzienników wybuchła
diddle for middle,dla nastolatków
die a thousand deaths,umrzeć tysiąc razy
die away,umierać
die back,usychać
die down,gaśnąć
die hard,nieugięty
die in harness,umrzeć w służbie
die liao,umarł
die off,umrzeć
die on,umrzeć na
die on one's arse,umrzeć z głodu
die on the vine,uschnąć na winie
die out,wygasać
die the way one lived,umrzeć tak jak się żyło
different breed of cat,inna rasa kota
different drummer,osoba myśląca inaczej
different strokes,każdy ma swoje upodobania
different strokes for different folks,Każdy ma swoje upodobania
differently able,osoba z niepełnosprawnością
differently abled,osoby niepełnosprawne
dig a hole for oneself,grzebać sobie grób
dig around,grzebać
dig deep,grzebać głęboko
dig down,kopać w dół
dig in,kopać
dig in one's heels,trwać na stanowisku
dig into,zagłębiać się w
dig on,kopać
dig one's heels in,upaływać się
dig one's own grave,kopać sobie grób
dig oneself in a hole,wpaść w kłopoty
dig out,wykopać
dig out of a hole,wydostać się z dołka
dig over,przekopać
dig round,kopać dookoła
dig up,wykopać
dig up dirt,wygrzebywać brudy
dig yourself,wykop się samemu
digital courage,cyfrowa odwaga
dike out,wykop
dike up,zablokować
dim and distant,przyciemniony i odległy
dim out,przyciemnić
dime out,wyłączyć światło
dime's worth,wartość dziesięciu centów
diminishing returns,malejące korzyści
dine and dash,ucieczka bez płacenia
dine in,jedzenie na miejscu
dine on ashes,jeść popiół
dine out,jeść na mieście
dine out on,jeść na mieście
ding up,dzwonić
dip a toe into,początkowo spróbować
dip into,zanurzyć się
dip one's finger in,maczać palec
dip one's toe in,początkowo spróbować
dip one's wick,zanurzyć knot
dip out,opuszczać
diplomatic flu,dyplomatyczna grypa
dire straits,trudna sytuacja
directly proportional,proporcjonalny
director of first impressions,kierownik pierwszego wrażenia
dirt file,plik konfiguracyjny
dirt sticks,przykleja się brud
dirty down,brudne pierze
dirty Gertie,brudna Gertrudka
dirty laundry,brudna bielizna
dirty look,obelżywe spojrzenie
dirty money,brudne pieniądze
dirty pool,brudny basen
Dirty Thirties,Trudne trzydziestki
dirty up,zabrudzić
dirty word,wulgarne słowo
dirty work,brudna robota
disagree with,nie zgadzać się z
Disgusted of Tunbridge Wells,Oburzony mieszkańcem Tunbridge Wells
dish off,wyłączanie talerza
dish out,rozdawać
dish the dirt,wywlekać brudy
dish up,podawać
dishpan hands,zmięknute ręce
dismal science,ponura nauka
dispense with,rezygnować z
dispose of,wyrzucić
ditch out,odłożyć
dive in,zanurzyć się
diversity is perversity,różnorodność to wypaczenie
divide and conquer,podziel i zwyciężaj
divide up,podzielić
divvy up,podzielić
divy up,podzielić
do a bunk,oszukać
do a number on,oszukać
do a slow burn,powoli się nagrzewać
do away with,pozbyć się
do bears shit in the woods,czy niedźwiedzie robią kupę w lesie
do by,robić
do by halves,nie robić czegoś do końca
do cartwheels,robić salta
do down,w dół
do drugs,używać narkotyków
do fish swim,czy ryby pływają
do for,dla
do ill,czuć się źle
do in,robić
do it tough,trudno
do it up,zrobić
do justice,sprawiedliwość
do me a favour,zrób mi przysługę
do me a lemon,zrób mi cytrynę
do not want,nie chcę
do numbers,liczby
do off,wyłączyć
do one's best,wyłożyć się
do one's business,załatwiać swoje sprawy
do one's damnedest,wyłożyć się na maksa
do one's darnedest,wyłożyć się na maksa
do one's homework,robić zadanie domowe
do one's own thing,robić swoje
do one's own time,robić coś według własnego planu
do one's utmost,wyłożyć się
do or die,albo śmierć
do out,wyjść na zewnątrz
do out of,zupełnie
do over,zrobić od nowa
do porridge,dodaj do owsianki
do right by,postępować słusznie wobec
do somebody wrong,zrobić komuś krzywdę
do somebody's dirty work,robić brudną robotę dla kogoś
do someone like that,lubić kogoś takiego
do someone one better,być lepszym od kogoś
do someone proud,sprawić komuś radość
do someone's head in,wkurzać
do tell,opowiedz mi
do the dash,do kreski
do the decent thing,zrób coś dobrego
do the dirty on,zdradzić
do the honors,wykonaj tę przysługę
do the mahi,wykonaj pracę
do the math,oblicz to
do the most,robić wszystko
do the needful,zrób to, co trzeba
do the right thing,robić to, co słuszne
do the talking,mówić
do the trick,udać się
do the work,wykonać pracę
do up,zapiąć
do want,chcę
do well by doing good,osiągnąć sukces poprzez dobre uczynki
do well for oneself,radzić sobie dobrze
do with mirrors,z lusterami
do without,obejść się bez
do you know what I'm saying,czy rozumiesz o czym mówię
do you know who I am,czy wiesz kim jestem
do you mind,czy przeszkadza to
do you need an invitation,czy potrzebujesz zaproszenia
dob in,dobrze
dob on,dobrze
doctor up,ulepszać
doctors make the worst patients,lekarze są najgorszymi pacjentami
dodge a bullet,uniknąć niebezpieczeństwa
dodge up,unikać
does Macy's tell Gimbel's,Czy Macy's informuje Gimbel's
does not compute,nie działa
does someone look like,czy ktoś przypomina
dog and cat,pies i kot
dog and pony show,pokazowa prezentacja
dog around,węszarzyć
dog eat dog,walka o przetrwanie
dog in the hunt,pies na polowaniu
dog in the manger,pies w żłobie
dog my cats,mój pies moje koty
dog out,wyciągnąć psa
dog that caught the car,pies który złapał samochód
dog who caught the tire,pies który złapał oponę
dog's breakfast,bałagan
dog's chance,szansa
dog's life,życie psa
dogs are barking,psy szczekają
dogs have masters; cats have staff,psy mają właścicieli; koty mają personel
dole out,rozdawać
doll up,udawać
dollar out,wydawać dolary
dollar up,wzrost dolara
dollar-sign eyes,oczy pełne chciwości
dollars to donuts,pieniądze na pączki
Don the Con,Don, oszust
don't @ me,nie pisz do mnie
don't ask,Nie pytaj
don't ask me,Nie pytaj mnie
don't be a stranger,nie bądź obcy
don't be that guy,nie bądź takim człowiekiem
don't bite the newbie,nie gryźcie nowicjusza
don't buy green bananas,Nie kupuj zielonych bananów
don't change a winning team,nie zmieniaj zwycięskiej drużyny
don't count your chickens,Nie licz kur przed wykluciem
don't count your chicks,nie licz kurcząt zanim się wyklują
don't cry over spilled milk,Nie płacz nad rozlanym mlekiem
don't cut yourself on that edge,Uważaj, żeby się nie zranić o tę krawędź
don't do anything I wouldn't do,nie rób niczego, czego bym nie zrobił
don't drop the soap,Nie upuść mydła
don't even think about it,nie myśl o tym
don't feed the troll,Nie karm trolla
don't feed the trolls,Nie karm trolli
don't fight the tape,nie walcz z trendem
don't fish off the company dock,Nie łówcie ryb z przystani firmowej
don't get above your raising,nie bądź zbyt pewny siebie
don't get me wrong,nie zrozumcie mnie źle
don't get someone started,nie zaczynaj z kimś kłótni
don't get your hopes up,Nie nabieraj nadziei
don't give me that,nie mów mi takich rzeczy
don't give up the day job,nie rezygnuj z obecnej pracy
don't give up your day job,nie rezygnuj z obecnej pracy
don't go there,Nie idź tam
don't hold your breath,nie wstrzymuj oddechu
don't knock yourself out,nie przemęczaj się
don't know,nie wiem
don't let the bedbugs bite,nie daj się ugryźć przez wszy
don't look at me,Nie patrz na mnie
don't look now,Nie patrz teraz
don't make me laugh,Nie śmiej się ze mnie
don't mention it,nie ma za co
don't mess with success,nie psuj tego co działa
don't mind if I do,nie mam nic przeciwko
don't pass go,nie przechodź do przodu
don't quit your day job,nie rezygnuj z pracy
don't quote me,nie cytuj mnie
don't real,nieprawdziwe
don't say gay,nie mów gej
don't shit in your own nest,Nie sikaj w swoje gniazdo
don't shit where you eat,Nie sikaj tam, gdzie jesz
don't shoot the messenger,Nie strzelaj do posłańca
don't spare the horses,Nie żałuj koni
don't spend it all at once,Nie wydawaj wszystkiego naraz
don't sweat it,nie przejmuj się
don't sweat the small stuff,nie przejmuj się drobiazgami
don't take any wooden nickels,nie bierz żadnych żetonów
don't tell me,nie mów mi
don't touch that dial,Nie zmieniaj stacji
don't tread on me,Nie deptaj mnie
don't try this at home,Nie próbujcie tego w domu
don't worry,nie martw się
don't worry your pretty little head,nie martw się, kochanie
don't you know,czy nie wiesz
Donald Ducking it,Unikaję tego
donde esta la biblioteca,gdzie jest biblioteka
done and dusted,zrobione
done deal,zrobione
donkey work,praca niewolnicza
donkey's ears,osły uszy
donkey's years,bardzo dawno
dont tread on me,nie deptaj mnie
donut steel,ciastko z dziurką stalowy
doodie up,ubierać się
doom and gloom,pogorszenie się sytuacji
doomy and gloomy,ponury i przygnębiający
dope off,odklejać się
dope out,wyeliminować
dope sheet,arkusz danych
dope up,narkotyzować
dork out,być dziwakiem
dormitive principle,zasada działania usypiającego
dormitive virtue,cnotliwa cnota
doss about,plotka
doss around,wylegiwać się
doss down,położyć się
doss off,odchodzić
doss out,lenistwo
dot down,zaznaczyć
dot or feather,kropka lub piórko
dote over,zachwycać się
double back,cofnij się
double booked,podwójnie zarezerwowany
double bookkeeping,podwójne księgowanie
double bubble,podwójna bańka
double down,podwoić stawkę
double Dutch,holenderski
double in brass,trąbka
double off,wyłączyć podwójnie
double over,zgiąć się w pół
double taker,oszust
double tap,podwójne kliknięcie
double up,podwoić
doubly even,parzysta parzysta
doubly incontinent,podwójnie nietrzymający
doubly infinite,podwójnie nieskończony
doubly magic,podwójnie magiczny
doubting Thomas,Tomasz, który nie wierzył
douche down,prysznic
dowdy up,ubierać się elegancko
down and out,na dnie
down at heel,w złym stanie
down but not out,w dół ale nie pokonany
down cellar,do piwnicy
down cold,zimny
down for the count,wykończony
down home,w domu
down in the dumps,w depresji
down in the mouth,zmartwiony
down line,linia zasilająca
down on one's knees,na kolanach
down on one's luck,w nieszczęściu
down on one's uppers,na skraju bankructwa
down someone's alley,pasuje komuś
down the banks,wzdłuż brzegów
down the cludgie,w dół rzeki
down the drain,w rynsztok
down the gurgler,w dół rynny
down the hatch,w dół
down the khazi,do toalety
down the line,w przyszłości
down the middle,pośrodku
down the pan,w dół patelni
down the plughole,do zlewu
down the road,dalej po drodze
down the shitter,do kibla
down the toilet,do toalety
down the track,w przyszłości
down the tube,na torach
down the tubes,na torach
down the way,w dół drogi
down the wind,pod wiatr
down to a fine art,do doskonałości
down to a science,do granic nauki
down to earth,przyziemny
down to the short strokes,do krótkich pociągnięć
down to the wire,do ostatniej chwili
down tools,odłożyć narzędzia
down under,Australia
down with the kids,wśród młodzieży
doze off,dosić
draft in,wersja robocza
draft up,sporządzić
drag and drop,przeciągnij i upuść
drag ass,ciągnąć tyłek
drag down,przeciągnąć w dół
drag in,przeciągnąć
drag into,przeciągnąć
drag on,przeciągać
drag one's balls across,przeciągać ją po jajach
drag one's feet,zwlekać
drag out,przeciągać
drag the chain,ciągnąć łańcuch
drag through the mud,brudzić
drag up,wyciągnąć
dragged through the garden,przeciągnięty przez ogród
drain away,odpływać
drain out,wylewać
drain the dragon,wylej smoka
drain the python,wyciągnąć pytona
drain the snake,wypuścić węża
drama king,król dram
drama queen,królowa dram
drape off,spadać
drastic times call for drastic measures,Trudne czasy wymagają radykalnych rozwią…
draw a blank,zapomnieć
draw a line,narysuj linię
draw a line under something,postawić kres czemuś
draw a long bow,przesadzać
draw a straight furrow,wyryć prostą bruzdę
draw ahead,wyprzedzać
draw away,oddalać się
draw back,cofnąć się
draw down,wycofać
draw even,remis
draw fire,przyciągnąć ogień
draw in,przyciągać
draw into,wciągać
draw off,odciągać
draw on,rysować na
draw one's last breath,oddać ostatni oddech
draw out,wyciągać
draw stumps,usuwać kłody
draw the line,wyznaczyć granicę
draw the long bow,przesadzać
draw the short straw,wylosować pecha
draw through,przeciągnąć
draw together,zbliżyć
draw up,sporządzić
draw upon,czerpać z
drawing card,karta do rysowania
dream come true,spełnione marzenie
dream on,marzyć
dream up,wymyślić
dredge up,wygrzebywać
dress down,ubierać się mniej formalnie
dress off,zdjąć sukienkę
dress out,ubrać się
dress to kill,ubierać się, żeby zrobić wrażenie
dress up,ubierać się
dressed to kill,ubrany z klasą
dressed to the nines,w pełnym rynsztunku
dribs and drabs,krople i okruchy
dried-fish woman,kobieta sprzedająca suszone ryby
drift along,płynąć
drift apart,oddalać się
drift off,zasnąć
drill and kill,ćwicz i zabijaj
drill down,szczegółowa analiza
drill in,wiercić w
drill out,wiercić
drill through,wiercić przez
drill up,wiercić do góry
drink and drive,pij i jedź
drink down,wypić
drink from a firehose,pobierać informacje w nadmiarze
drink in,pić
drink off,wypić
drink out,wypić
drink someone's bathwater,pływać w cudzej kąpieli
drink to,podnieś toast za
drink under,pod
drink up,pij
drink with the flies,pić z muchami
drinking hole,miejsce do picia
drinks o'clock,czas na drinki
dripping water hollows a stone,kapiąca woda wydrąża skałę
drive a coach and horses through,przemóc
drive a hard bargain,targować się zawzięcie
drive a stake through its heart,przebić serce kołem
drive a wedge,wtrącać kłody pod nogi
drive at,jechać z prędkością
drive away,odjechać
drive back,wrócić samochodem
drive down,zjechać
drive in,parking
drive off,odjechać
drive out,wyrzucić
drive someone crazy,wyprowadzić z równowagi
drive someone to drink,pchać kogoś do picia
drive someone up the wall,wnerwiać do szaleństwa
drive the porcelain bus,prowadzić porcelanowy autobus
drive to drink,pęd do picia
drive up,podjechać
drive-by media,media szybkiego użytku
drone on,mówić bez końca
drool bucket,wiadro na ślinę
drop a bollock,wystrzelić
drop a bomb,rzucać bombą
drop a bombshell,rzucenie bombą
drop a brick,upadł jak z bomby
drop a dime,zadzwonić
drop a hint,podsunąć podpowiedź
drop a log,wrzuć log
drop away,odchodzić
drop back,cofnąć się
drop behind,zostać w tyle
drop by,zatrzymać się
drop down,rozwijany
drop in,spadek
drop in the bucket,kropelka w morzu
drop in the ocean,kropka w oceanie
drop in the pond,kropla w stawie
drop in the sea,kropka w morzu
drop into,wpaść
drop off,odwieźć
drop off the hooks,zdejść z haczyka
drop off the radar,zniknąć
drop out,odpaść
drop round,zaokrąglony
drop someone a line,napisz wiadomość
drop someone in it,wplątać kogoś w kłopoty
drop the ball,zawalić
drop the bomb,wyjawić prawdę
drop the f-bomb,wykrzyknąć wulgarne słowo
drop the gloves,zdejmij rękawice
drop the mic,opuścić mikrofon
drop the pilot,odrzuć pilota
drop the topic,zrezygnować z tematu
drop the writ,wystaw nakaz
drop top,kabriolet
drop trow,upuść spodnie
drown out,zagłuszyć
drown the miller,utopić młynarza
drug of choice,lek pierwszego wyboru
drug on the market,lek dostępny na rynku
drum into,wbijaj
drum out,wybijać
drum up,zebrać
drunk as a skunk,bardzo pijany
drunk words are sober thoughts,Pijane słowa to trzeźwe myśli
drunkard's walk,losowy spacer
drunken words are sober thoughts,Pijane słowa to trzeźwe myśli
dry behind the ears,niezdarny
dry eye,suche oko
Dry January,Styczeń bez alkoholu
dry off,osuszyć
dry one's eyes,ocierać oczy
dry out,wysuszyć
dry run,próba generalna
dry up,wysychać
dry up and blow away,wyschnąć i rozwiać się
dub out,dubbing
dub over,dubbing
dub up,podwójny
duces tecum,z wami
duck and dive,unikać
duck down,schowaj się
duck off,wyprowadź się
duck or no dinner,kaczka albo brak kolacji
duck out,wyjść
duck soup,zupa z kaczki
ducked off,uciekł
ducks and drakes,kaczki i łabędzie
dude up,wstać
due course,odpowiedni czas
due to,z powodu
due to the fact that,ponieważ
duff up,pobić
duke in,książę
duke it out,rozegrać walkę
duke out,wyciągać
duke up,udawać dżentelmena
duly noted,Zrozumiano
dumb as a box of rocks,głupi jak but
dumb as a post,głupi jak but
dumb down,upraszczać
dumb luck,czysty przypadek
dumb out,uprościć
dumb shit,głupota
dummy out,wyłączyć
dummy run,próba
dummy spit,oszustwo
dummy up,oszukać
dump on,wylać
dump one's load,wyrzucić zawartość
dump out,wylać
dunk on,wyśmiewać
dunk out,rzut do kosza
Dunkirk spirit,Duch Dunkierki
Dunner stunner,Niespodzianka
durance vile,okropne męczenie
durwaza bund,Wrota do piekła
dust down,odkurzyć
dust mouse,mysz polna
dust off,odkurzyć
dust off a batter,odkurzyć bat
dust out,odkurzyć
dust settles,pył opada
dust up,kłótnia
dusty miller,sadzonka
Dutch courage,holenderski śmiałek
Dutch reckoning,holenderskie obliczenia
duty calls,obowiązek wzywa
dwell upon,rozważać
dyed in the wool,zakarzonym
dying quail,umarająca faza
dyke out,wykop
dyke up,zapora
dynamite charge,ładunek dynamitu
e pluribus unum,z wielu jeden
E ticket,Bilet elektroniczny
each to his own,każdy ma swoje zdanie
each to their own,każdy ma swoje zdanie
eager beaver,pilny pracownik
eagle eye,orli wzrok
eagle out,wychodzę
eagle up,orzeł w górę
ear to the ground,być na bieżąco
ear tunnel,torebka do uszu
early bath,wczesna kąpiel
early bird,wczesny ptaszek
earn one's crust,zarabiać na życie
earn one's keep,zarabiać na życie
earn out,zarobić
ears are burning,uszy mi płoną
Earth to someone,Halo
earth up,w górę
ease down,spuść
ease off,zwalniać
ease up,zwalniać
easier said than done,łatwiej powiedzieć niż zrobić
easy as kiss my hand,łatwe jak pstryknięcie palcami
easy does it,ostrożnie
easy for you to say,łatwo ci to powiedzieć
easy mark,łatwa ofiara
easy money,łatwe pieniądze
easy on the eye,przyjemny dla oka
easy on the eyes,przyjemny dla oka
easy peasy Japanesey,bardzo łatwo japońsko
easy peasy lemon squeezy,bardzo łatwo
easy pickings,łatwy łup
easy street,łagodny los
eat and leave no crumbs,zjeść i nie zostawić okruchów
Eat at Joe's,Zjedz w Joe's
eat away,żrą
eat away at,niszczyć
eat crow,poczuć się zawstydzonym
eat dirt,jeść błoto
eat down,zjeść
eat for two,jeść za dwoje
eat humble pie,być pokornym
eat in,jedz w środku
eat into,osłabiać
eat it,zjedz to
eat my shorts,żryj moje spodenki
eat one's feelings,jeść emocje
eat one's gun,zjeść pistolet
eat one's hat,zjeść swój kapelusz
eat one's head off,gadać bez końca
eat one's heart out,zazdrościć komuś
eat one's own,jeść własne
eat one's own dog food,jeść własne produkty
eat one's seed corn,marnować zasoby
eat one's Wheaties,być w doskonałej formie
eat one's young,pożerać własne potomstwo
eat out,jeść na mieście
eat out of someone's hand,być u kogoś na smyczy
eat shit,zjedz gówno
eat someone's dust,oddawać cześć komuś
eat someone's lunch,zjeść komuś obiad
eat the mic,zjeść mikrofon
eat the onion,zjedz cebulę
eat the rich,zjedzmy bogatych
eat up,zjeść
eat up with a spoon,jeść łyżką
eaten bread is soon forgotten,Zjedzone chleby szybko się zapominają
ebb and flow,wzrost i spadek
ecologically friendly,ekologiczny
economical with the truth,oszczędny w mówieniu prawdy
Eddie would go,Eddie by
edge in,krawędź
edge of the earth,krawędź ziemi
edge of the world,kraj świata
edge out,wyprzedzić
edge up,przybliżyć się
edit in,edytuj
edit out,usuń
eff and jeff,ef i dżef
eff off,Spadaj
eff up,psuć
eff why eye,dlaczego oko
effluxion of time,upływ czasu
egg on,podpuszczać
eggs in moonshine,jajka w bimbrze
eid mubarak,Wesołych Świąt
either do or die,albo zrób albo zgiń
ejaculate and evacuate,ekskrementować i ewakuować
ejusdem generis,tego samego rodzaju
eke out,wyczerpywać
elbow grease,siła woli
elbow mentality,mentalność egoistyczna
elbows up,łokcie do góry
electronic superhighway,autostrada informacyjna
element of surprise,element zaskoczenia
elephant in the room,elefant w pokoju
eleventh hour,ostatnia chwila
Elvis has left the building,Elvis opuścił budynek
Elysian Fields,Rajskie Pola
embarrassingly parallel,niepokojąco podobne
embarrassment of riches,nadmiar bogactw
embrace the penguin,obejmij pingwina
emotional cripple,emocjonalnie zraniony
emperor's new clothes,nowe szaty cesarza
emphasize everything and nothing is emphasized,podkreśl wszystko i nic nie podkreśl
empty barrels make the most noise,Puste beczki wydają najwięcej hałasu
empty cans make the most noise,Puste puszki wydają najwięcej hałasu
empty out,wylać
empty suit,pusty garnitur
empty the clip,wyjąć magazynek
empty the tank,wylać z baku
empty vessels make the most noise,Puste beczki hałasują najbardziej
empty vessels make the most sound,Puste naczynia wydają najwięcej hałasu
empty words,puste słowa
en croix,na krzyż
en route,w drodze
en route to,w drodze do
end in,kończyć się
end in smoke,skończyć się niczym dym
end in tears,skończyć się łzami
end of,koniec
end of discussion,koniec dyskusji
end of story,koniec historii
end of the line,koniec linii
end of the world,koniec świata
end off,zakończ
end out,koniec
end up,skończyć się
endorse out,poprzeć
Energizer bunny,Zajączek Energizer
engage in,angażować się
engage with,angażować się w
English or Spanish,Angielski lub hiszpański
enjoy your meal,smacznego
enlarge up,powiększyć
enough is enough,dość tego
enough is too much,więcej to już za dużo
enough said,powiedziałem wszystko
enough to choke a horse,wystarczy żeby udusić konia
enough to go around,wystarczy dla wszystkich
enough to make a cat laugh,wystarczające, żeby roześmiać kota
enough to make the angels weep,wystarczająco poruszające, by wywołać łz…
enough to put in one's eye,wystarczająco żeby włożyć do oka
enquire after,pytać o stan zdrowia
enter into,wejść do
enter on the boards,wejść na scenę
environmental storytelling,opowiadanie poprzez otoczenie
environmentally friendly,przyjazny dla środowiska
equal pay for equal work,równe wynagrodzenie za tę samą pracę
Erin go bragh,Niech żyje Irlandia
err on the side of,dążyć do ostrożności
err on the side of caution,zachować ostrożność
error out,wyświetlić błąd
escape fire,ucieczka przed ogniem
esprit de corps,duch zespołowy
est modus in rebus,Wszystko ma swoje granice
esthetically challenged,estetycznie niedoskonały
et al,i inni
et al.,i inni
et alia,i inne
et aliae,i inni
et alibi,w innym miejscu
et alii,i inni
et alios,i inni
et cetera,itd
et con,i
et con.,i wszystko
et conjunx,małżonek
et hoc genus omne,i tym podobne
et id genus omne,i to jest każdy rodzaj
et pass.,bilet przejściowy
et passim,i w wielu miejscach
et seq.,i następne
et seqq.,i następne
et sim.,i ja
et uxor,i żona
eternal sleep,wieczny sen
eternal triangle,trójkąt miłosny
ethically challenged,moralnie wątpliwy
ethnically challenged,z problemami w kwestii pochodzenia etnic…
eureka moment,chwila olśnienia
even a worm will turn,nawet robak się obróci
even Homer nods,nawet Homer się myli
even Jove nods,nawet Jowisz kiwa głową
even keel,równowaga
even money,równo
even steven,remis
even the score,wyrównać wynik
evenly divisible,równomiernie podzielny
everlasting staircase,niekończąca się schody
every accusation is a confession,Każda oskarżenie jest wyznaniem
every barrel has a rotten apple,w każdym koszu jest jabłko zgniłe
every bit,każdy kawałek
every cloud,każda chmura
every cloud has a silver lining,każda chmura ma srebrną obwódkę
every day is a school day,każdy dzień to lekcja
every dog has his day,każdy pies ma swoje pięć minut
every dog has its day,każdy pies ma swoje pięć minut
every dog must have his day,każdy pies musi mieć swój dzień
every dog must have its day,każdy pies musi mieć swój dzień
every good boy deserves favor,każdy dobry chłopiec zasługuje na przywi…
every good boy deserves favour,każdy dobry chłopiec zasługuje na przywi…
every good boy deserves food,każdy dobry chłopiec zasługuje na jedzen…
every good boy deserves fudge,każdy dobry chłopiec zasługuje na czekol…
every good boy deserves fun,każdy dobry chłopiec zasługuje na zabawę
every good boy does fine,każdy dobry chłopiec robi dobrze
every inch,każdy centymetr
every Jack has his Jill,Każdy Jack ma swoją Jill
every king needs a queen,każdy król potrzebuje królowej
every last,każdy ostatni
every law has a loophole,każdy przepis ma lukę
every law has its loophole,każdy przepis ma swoją lukę
every little bit helps,każda pomoc się liczy
every little helps,każda pomoc się liczy
every man for himself,każdy sam dla siebie
every man for hisself,każdy sam dla siebie
every man has a price,każdy człowiek ma swoją cenę
every man has his price,każdy ma swoją cenę
every man Jack,każdy facet
every old nook and cranny,każdy zakamarek
every rose has a thorn,każda róża ma kolce
every rose has its thorn,każda róża ma swoje ciernie
every rule has an exception,każda zasada ma wyjątek
every shut eye isn't asleep,nie każda drzemka oznacza sen
every silver lining has a cloud,każdy promyk nadziei ma swoje ciemne str…
every single time,za każdym razem
every so often,czasami
every stick has two ends,Każdy patyk ma dwa końce
every time,za każdym razem
every time one farts,za każdym razem, kiedy ktoś się zarzyga
every time one turns around,za każdym razem kiedy się odwrócić
every woman for herself,każda kobieta dla siebie
every woman Jill,każda kobieta Jill
Every. Single. Time.,Za każdym razem
everybody and his brother,wszyscy i wszyscy
everybody and his mother,wszyscy i ich matki
everybody and their dog,wszyscy i ich psy
everybody who is anybody,wszyscy, którzy coś znaczą
everybody who's anybody,wszyscy, którzy coś znaczą
everyone and his mother,wszyscy i ich matki
everything and the kitchen sink,wszystko i jeszcze trochę
everything but the kitchen sink,wszystko, co się dało zebrać
everything happens for a reason,wszystko dzieje się z jakiegoś powodu
everything in the garden is lovely,wszystko w ogrodzie jest piękne
everything in the garden is rosy,wszystko jest w porządku
everything is everything,wszystko jest wszystkim
everything is rosy in the garden,wszystko jest w porządku w ogrodzie
everything old is new again,wszystko stare staje się nowe
everything one touches becomes gold,wszystko czego dotknie zamienia się w zł…
everything one touches becomes shit,wszystko czego dotknie staje się śmiecie…
everything one touches turns to gold,wszystko czego dotknie zamienia się w zł…
everything one touches turns to shit,wszystko czego dotknie zamienia się w ku…
everything under the sun,wszystko na świecie
evil to him that evil thinks,zło dla tego, kto myśli o złu
evil twin,zły brat/siostra bliźniak
ex abundante cautela,z nadmiaru ostrożności
ex nihilo,z niczego
ex nihilo nihil fit,Z niczego nic nie powstaje
ex opere operato,z mocy samego działania
ex pede Herculem,Z nogi Herkulesa
ex tunc,od tego czasu
ex vi termini,z mocy postanowień
except for,z wyjątkiem
except that,z wyjątkiem tego
exceptio non numeratae pecuniae,wyjątek od przepisów dotyczących nieujaw…
exceptio quod metus causa,wyjątek z powodu obawy
excess baggage,nadbagaż
exchange contracts,podpisywać umowy
exchange flesh,wymiana ciała
exchange of contracts,podpisanie umowy
excuse me,przepraszam
excuse you,przepraszam
exempli gratia,na przykład
exeunt omnes,wychodzą wszyscy
exit stage left,opuszczać scenę po lewej stronie
expand one's horizons,poszerzać horyzonty
expensive drunk,drogi pijany
experience is the best teacher,doświadczenie jest najlepszym nauczyciel…
explain away,wyjaśnić
expose oneself,ujawniać się
express elevator,szybka winda
expressio unius est exclusio alterius,wyrażenie jednego wyklucza drugiego
exsqueeze me,przepraszam
extend one's hand,wyciągnąć rękę
extra pair of hands,dodatkowa pomoc
extract the urine,pobranie moczu
extraordinary claims require extraordinary evidence,nadzwyczajne twierdzenia wymagają nadzwy…
eye for an eye,oko za oko
eye in the sky,oko na niebie
eye of the beholder,w oczach widzącego
eye of the storm,oko burzy
eye sex,seksualne podniecenie wzrokiem
eye up,przyglądać się
eyes on the ground,ludzie na miejscu
eyes on the prize,skupić się na celu
F in the chat,F na czacie
F off,Spieprzaj
f/8 and be there,f/8 i bądź tam
face down,dołem
face facts,przyjąć fakty
face off,rozegrać mecz
face out,do przodu
face that would stop a clock,twarz, która mogłaby zatrzymać zegar
face the music,odpowiadać za swoje czyny
face to face with,twarzą w twarz
face up,odwrócony do góry
face up to,stawić się przed
face value,nominalna wartość
faceless bureaucrat,bezimienny urzędnik
faceless man,bezimienny człowiek
fack off,Spieprzaj
fact is,fakt jest
fact is stranger than fiction,rzeczywistość jest dziwniejsza niż fikcj…
fact of life,fakt życia
factor in,uwzględnić
factor out,wyciągnąć
factor space,przestrzeń czynnikowa
factor through,rozłożyć na czynniki
facts and figures,fakty i liczby
facts don't care about your feelings,fakty nie obchodzą twoich uczuć
facts on the ground,fakty
facts speak louder than words,fakty mówią więcej niż słowa
fade away,zanikać
fade in,płynne przejście
fade out,zaciemnienie
faff about,grzebie
faff around,grzebie
fag out,wyczerpanie
fail at life,nie odnosić sukcesów w życiu
fail of,niepowodzenie
fail out,zawalić
fail over,przełączenie na zapasowy system
fail up,awans mimo niepowodzeń
fail upwards,awansować mimo błędów
failure is the best teacher,porażka jest najlepszym nauczycielem
failure to launch,niezdolność do działania
faint heart ne'er won fair lady,Osoba tchórzliwa nigdy nie zdobyła piękn…
faint heart never won fair lady,Osoba nieśmiała nigdy nie zdobyła serca …
faint heart never won fair maiden,Osoba tchórzliwa nigdy nie zdobyła piękn…
fair and square,uczciwie i zgodnie z zasadami
fair coin,moneta do rzutu
fair crack of the whip,ostrzeganie
fair enough,rozumiem
fair exchange is no robbery,Sprawiedliwa wymiana nie jest kradzieżą
fair game,dozwolone
fair is fair,sprawiedliwość wymaga sprawiedliwości
fair off,daleko
fair sex,piękniejsza płeć
fair shake,uczciwe traktowanie
fair share,uczciwy udział
fair to middling,średni
fair up,poprawić się
fair's fair,sprawiedliwość
fair-haired boy,chłopiec blondyn
fair-weather fan,kibic pogodowy
fair-weather friend,kolega wyłącznie na dobre czasy
fairly and squarely,uczciwie i otwarcie
fairy money,bajkowe pieniądze
faites vos jeux,zacznijcie grę
faith can move mountains,wiara może przenosić góry
faith will move mountains,wiara przeniesie góry
fake it till one makes it,udawaj, aż się uda
fake out,oszukać
fake up,udawać
fall about,upadać
fall apart,rozpadać się
fall around,spadać wokół
fall asleep,zasnąć
fall at the last hurdle,zawalić na ostatniej przeszkodzie
fall away,odchodzić
fall back,cofnąć się
fall back into,wrócić do
fall back on,polegać na
fall back upon,polegać na
fall behind,załatać
fall below,spadać poniżej
fall between the cracks,przypadać w zapomnienie
fall between two stools,spadać między dwa krzesła
fall by,spadek o
fall by the wayside,odpaść
fall down,upadnąć
fall down on,upadnąć na
fall for,zakochać się w
fall foul,narazić się
fall from grace,upadek
fall in,spadanie
fall in line,stawiać się w kolejce
fall in with,zaprzyjaźnić się z
fall into,wpaść do
fall into a trap,wpaść w pułapkę
fall into line,stawiać się w kolejce
fall into oneself,zamykać się w sobie
fall into place,układać się
fall into someone's lap,przypaść komuś
fall into the wrong hands,wpaść w niepowołane ręce
fall off,odpaść
fall off a truck,wypaść z ciężarówki
fall off one's chair,oprzeć się na krześle
fall off one's perch,stracić pozycję
fall off the turnip truck,wpaść z ciężarówki z rzepą
fall off the twig,odpaść
fall off the wagon,wrócić do nałogu
fall on,spadnąć na
fall on a grenade,rzucić się na granat
fall on one's face,upaść na twarz
fall on one's sword,pójść na całość
fall on someone's neck,rzucić się komuś na szyję
fall out,kłótnia
fall out upon,wypadać na
fall over,upadć
fall over oneself,przesadzać
fall short,zawieść
fall through,prześlizgiwać się
fall through the cracks,wpaść w zapomnienie
fall to,spadać do
fall to pieces,rozpadać się
fall together,spadać razem
fall under,należeć do
fall up,wpaść do góry
fall upon,spadnąć na
fall victim,stać się ofiarą
falling off the bone,odpadające od kości
falling out,kłótnia
false alarm,fałszywy alarm
false light,fałszywe światło
false note,fałszywa nuta
familiarity breeds contempt,obojętność rodzi pogardę
family jewels,rodzinne skarby
fan dance,taniec wachlarza
fan out,rozłożyć
fan the flames,podsycać płomienie
fancy one's chances,uważać, że ma się szanse
fancy seeing you here,ciekawe spotkanie
fancy up,ozdabiać
fanny about,wesoło
fanny around,bawić się
fans are slans,fani
fap off,masturbować się
far and away,zdecydowanie
far and wide,daleko i szeroko
far be it,niech to będzie dla mnie odległe
far cry,daleki od
far far away,bardzo daleko
far from it,daleko od tego
far post,daleki słupek
far removed,odległy
fare thee well,do widzenia
farm down,spadek cen na rynku rolnym
farm nigger,niewolnik
farm out,zlecać
farmer's tan,opalenie rolnika
fart about,gaduła
fart around,gapić się
fart fan,fan wiatru
fart in a windstorm,nic nieznaczący
fart in an elevator,odparcie się w windzie
fart off,odjeżdżaj
fart out,puścić wiatr
fas est et ab hoste doceri,nawet od wroga można się nauczyć
fash one's thumb,złożyć kciuk
fashionably late,spóźniony z premedytacją
fast and furious,szybko i wściekle
fast asleep,głęboko śpiący
fast sheet,szybka kartka
fast times,szybkie czasy
fasten down,zapiąć
fasten up,zapiąć
fat as a barrel,gruby jak beczka
fat as a pig,gruby jak świnia
fat cat,bogaty człowiek
fat chance,mało prawdopodobne
fat finger,gruby palec
fat is flavor,tłuszcz to smak
fat is flavour,tłuszcz to smak
fat lip,obrzęk wargi
fat of the land,kwintesencja
fat up,otyłać się
fatten up,otłuścić
fatty boombalatty,gruby boombalatty
Faustian bargain,pakt faustowski
Faustian deal,pakt faustowski
Faustian dilemma,Dylemat faustowski
faux queen,fałszywa królowa
favorite person,ulubiona osoba
fawn over,uwielbiać
fear not,nie bój się
feast or famine,raz obficie raz skąpo
feather in one's cap,piórko w kapeluszu
feather one's nest,zapewniać sobie wygodne życie
feathered friend,ptak
feathered oof-bird,ptasi ptak
featherless biped,dwunożny bezskrzydły
fed up,wkurzony
fed up to the back teeth,wkurzony po uszy
fed up to the teeth,wkurzony po uszy
federal case,sprawa federalna
fee simple absolute in possession,pełna własność z natychmiastowym posiada…
feed back,informacja zwrotna
feed into,wpływać na
feed off,żywić się
feed on,żywić się
feed the dragon,nakarm smoka
feed the fire,podsycać ogień
feed the meter,dokładaj pieniądze do licznika
feed the troll,nakręcać trolla
feed through,przesyłać przez
feed two birds with one scone,zabić dwóch ptaków jednym kamieniem
feed up,zniechęcony
feeding frenzy,szaleństwo jedzenia
feel around,poszukać
feel for,odczuwać
feel free,czuj się swobodnie
feel like,czuć się jak
feel like death,czuć się jak po śmierci
feel one's way,wyczuwać drogę
feel oneself,czuć się
feel out,wyczuć
feel someone's collar,poczuć czyjś kołnierzyk
feel the pinch,czuć niedostatki
feel up,poczuć się lepiej
feels before reals,czuć zanim się stanie się rzeczywistości…
feels over reals,uczucia ważniejsze niż fakty
feet dry,suche stopy
feet first,pierwsze nogi
feet of clay,słabości
feet wet,nauczyć się pływać
fence in,ogrodzić
fence off,ogrodzić
fence the tables,otoczyć stoły
fencepost problem,problem z słupkiem ogrodzeniowym
fend and prove,bronić się i udowodnić
fend away,odstraszyć
fend for oneself,radzić sobie samemu
fend off,odparować
ferret about,grzebać
ferret around,grzebać
ferret out,wyszukać
fertile as a turtle,żyzny jak żółw
fess up,przyznaj się
fetch a compass,pobierz kompas
fetch about,przywozić
fetch and carry,pobierać i transportować
fetch away,zabierz
fetch in,pobierz
fetch off,pobierz
fetch up,pobierać
fetch way,sposób pobierania
fetus deletus,płod płodowy usunięty
fever pitch,punkt wrzenia
few and far between,rzadko występujące
few sandwiches short of a picnic,trochę nie w porządku
fiat lux,niechaj będzie światło
fickle mistress,nieprzewidywalna kochanka
fiddle about,grzebie
fiddle around,badać
fiddle away,marnować czas
fiddle while Rome burns,bawić się w czasie gdy wszystko się rozp…
fiddle with,grzebać
fie away,oddaj
field day,dzień sportu
field off,wyłącz
field out,wyjazd
field up,pole
fiercen up,rozgrzać się
fifth wheel,nadmiarowe koło
fifty-cent tour,wycieczka za pięćdziesiąt centów
fig out,rozpracować
fight a losing battle,walczyć z przegraną bitwą
fight back,walczyć
fight down,zwalczyć
fight fire with fire,odpowiadać złem na zło
fight fires,gasić pożary
fight for one's life,walczyć o życie
fight it out,rozstrzygnąć spór
fight like hell,walcz do samego końca
fight off,odbić
fight one's corner,stawiać się za sobą
fight out,rozwiązać
fight shy,być nieśmiałym
fight up,walcz dalej
fighting chance,szansa na sukces
fighting spirit,waleczny duch
figure away,obliczaj
figure on,zakładać
figure out,rozpracować
figure up,obliczyć
file away,archiwizować
file down,zmniejszyć rozmiar pliku
file in,zapisz w
file off,usuwać
file off the serial numbers,usuń numery seryjne
file out,wypełnić formularz
file past,archiwum
file with,plik z
fill and fly,napełnić i lecieć
fill away,wypełniać
fill in,wypełnić
fill in the blank,uzupełnij lukę
fill one's boots,nakarmć do syta
fill one's face,nakarmić
fill one's hand,napełnić dłoń
fill or kill,wypełnić lub zniszczyć
fill out,wypełnić
fill someone's shoes,zastąpić kogoś
fill up,napełnić
film at 11,film o jedenastej
film at eleven,wiadomości wieczorne
film out,wyświetlać
filter down,filtrować
filter out,filtrować
filter up,przesączać do góry
filthy lucre,brudne pieniądze
filthy rich,bardzo bogaty
final cut,ostateczna wersja
final nail in the coffin,ostatni gwoźdź do trumny
final say,ostateczne słowo
find another gear,znajdź inny bieg
find fault,wyszukiwać błędy
find forth,znajdź
find in,znaleźć w
find it in one's heart,zrobić coś z dobrego serca
find it in oneself,odnaleźć w sobie
find no bones in,nie znaleźć kości w
find one's feet,odnaleźć się
find one's place,znaleźć swoje miejsce
find one's tongue,odzyskać głos
find one's voice,odnaleźć swój głos
find oneself,odnaleźć siebie
find out,dowiedzieć się
find the net,znajdź sieć
find your height,znajdź swój wzrost
fine and dandy like sour candy,świetnie i wspaniale jak kwaśne cukierki
fine feathers make fine birds,Piękny strój zdobi człowieka
fine line,cienka linia
fine print,drobny druk
fine words butter no parsnips,ładne słowa nie napełnią brzucha
fine-feathered friend,piórkowaty przyjaciel
finer things,dobre rzeczy
finest hour,najlepsza chwila
finger in the pie,mieszanie się
finger on the pulse,być na bieżąco
finger pointing at the moon,wskazywanie na księżyc
finger to the wind,czuć wiatr
fingers and toes crossed,trzymam kciuki
fingers crossed,trzymajmy kciuki
fingers were made before forks,Palce powstały przed widelcami
finish off,zakończyć
finish out,ukończyć
finish up,zakończyć
finish with,zakończyć
fink out,wymiękać
fire at will,strzelać według własnego uznania
fire away,strzelaj
fire drill,ćwiczenie przeciwpożarowe
fire hose,wąż strażacki
fire in the belly,pasja
fire off,wystrzelić
fire on all cylinders,pracować na pełnych obrotach
fire out,wyeliminować
fire sale,wyprzedaż
fire the starting gun,wystrzelić pistolet startowy
fire up,uruchomić
firing line,linia ognia
firing on all cylinders,pracować na pełnych obrotach
firm up,utrwalić
first among equals,pierwszy wśród równych
first and foremost,przede wszystkim
first and last,pierwszy i ostatni
first annual,pierwszy coroczny
first catch your hare,najpierw złap zająca
first loser,pierwszy przegrany
first love,pierwsza miłość
first mile,pierwsza mila
first of all,przede wszystkim
first of never,pierwsze ani nigdy
first off,przede wszystkim
first port of call,pierwszy port, do którego się wpływa
first thing's first,Najpierw najważniejsze
first things first,Najpierw najważniejsze
first up,najpierw
first-mover disadvantage,niekorzyść wynikająca z bycia pionierem
fish and chips,ryba z frytkami
fish down,ryba w dół
fish in troubled waters,wykorzystywać sytuację
fish one's wish,spełniać marzenia
fish or cut bait,albo bądź albo odejdź
fish out,wyłowić
fish out of water,osoba nie w swoim żywiole
fish to fry,problemy do rozwiązania
fish up,wyłowić
fish-eating grin,uśmiech ryb
fishing expedition,wyprawa wędkarska
fist magnet,magnes do ręki
fit as a fiddle,w doskonałej formie
fit for a king,godny króla
fit in,pasować
fit into,pasować
fit out,wyposażać
fit the bill,pasować
fit to be tied,wściekły
fit to wake the dead,wystarczająco mocny żeby obudzić umarłyc…
fit together,pasować do siebie
fit up,montować
fits and starts,z postępami i zahamowaniami
five will get you ten,pięć da dziesięć
fix on,skupić się na
fix someone's wagon,naprawić wózek
fix to,przykleić
fix up,naprawić
fix upon,ustalić
fizz out,gaśnieć
fizzle out,gaśnieć
flag away,odbić
flag down,zatrzymać
flag up,zwrócić uwagę
flail about,machać bezładnie
flake down,sypać się
flake off,łuszczyć się
flake out,wypalić
flame out,zgasnąć
flame up,zapalać się
flannelled fool,głupek w flanelowej koszuli
flap off,odkleić
flap one's gums,machanie wargami
flare out,rozszerzać się
flare up,wybuchnąć
flash around,mrugać
flash back,powrót do przeszłości
flash for cash,zdjęcia za pieniądze
flash over,błysk
flash the ash,pokazać popiół
flash the cash,pokazywać pieniądze
flash up,migocze
flat as my hat,płaski jak mój kapelusz
flat as your hat,płaski jak kapelusz
flat chat,na pełnych obrotach
flat down,na płasko
flat is justice,sprawiedliwość
flat on one's back,na plecach
flat out,bez zastrzeżeń
flat strap,płaski pasek
flatten down,spłaszczyć
flatten out,wygładzić
flavor of the week,ciekawość dnia
flavor up,wzmocnić smak
flea in one's ear,włożyć pchłę w ucho
fleet up,zbliżyć się
flesh and blood,mięso i krew
flesh one's maiden sword,wypróbować nową broń
flesh out,rozwinąć
flex off,wyłącz
flex on,chwalić się
flex out,wyciągnąć
flex up,wygiąć się
flick off,wyłączyć
flick on the afterburners,włączyć dopalacz
flick over,przewrócić
flick through,przeglądać
flight of fancy,kaprys
fling off,odrzucić
fling out,wyrzucić
flip off,pokazać tyłek
flip one's lid,wpaść w furię
flip one's wig,oszaleć
flip out,wkurzyć się
flip over,przewrócić
flip shit,wkurzać się
flip the bird,pokazać środkowy palec
flip through,przeglądać
flirt with,flirtować z
float around,pływać
float at,pływać na
float someone's boat,zadowolić kogoś
flock together,trzymać się razem
flog a dead horse,marnować czas
flog a dead pony,marnować energię
flog the dolphin,bić delfina
flog the log,bić w dziennik
flood out,zalewać
flood the zone,zalewać strefę
floor it,Wcisnąć pedał gazu do dechy
floor one could eat off,czysta podłoga
flop down,opadać
flop for,zawalić
floppy infant syndrome,zespół płochliwości u niemowląt
flotsam and jetsam,wrak i szczątki
flout at,wyśmiewać
flow from,płynąć z
flow out,wypływać
flower of the flock,kwiat stada
flub up,zepsuć
fluff about,plotka o
fluff off,odłożyć na bok
fluff out,rozczesać
fluff up,napuszyć
fluke out,zawalić
fluke up,zepsuć
flump down,opadać
flunk out,nie zdać egzaminu
flush out,wypłukać
flute around,wokół fletu
flutter in the dovecote,mruczenie gołębnika
flutter the dovecote,mrugać gołębiarnią
fly apart,rozlecieć się
fly at,latać w
fly blind,lecieć na oślep
fly by,przylecieć
fly in,przylecieć
fly in the face of,sprzeciwić się
fly in the ointment,czarny kot w spłucce
fly into,przylecieć
fly low,lecieć nisko
fly off,odlecieć
fly off at a tangent,odbiegać od tematu
fly off the handle,wpaść w szał
fly off the shelves,rozchodzić się jak ciepłe bułeczki
fly on the wall,obserwator
fly out,wylecieć
fly out of the blocks,zacząć bardzo dobrze
fly out of the traps,ruszyć z kopyta
fly solo,lecieć samemu
fly the flag,podnosić flagę
fly too close to the sun,lecieć zbyt blisko słońca
fly under the radar,unikać uwagi
fly up,wlecieć
fly upon,lecieć na
flying start,dobry początek
flying visit,krótka wizyta
fo sheezy,bardzo fajnie
fo shizzle,na pewno
fo sho,na pewno
fo' sheezy,bardzo fajnie
fo' sho',na pewno
foam up,pianować
fob off,odrzucać
fog a mirror,zamglone lustro
fog out,wywiewać
fog up,parować
fogged out,zamglony
foist off,wcisnąć coś komuś
fold away,składany
fold down,złożyć
fold like a cheap suit,załamać się
fold one's tent,złożyć namiot
fold out,rozłożyć
fold under zero pressure,uginać się pod zerowym ciśnieniem
fold up,złożyć
folk devil,diabeł ludowy
follically challenged,z problemami z włosami
follicly challenged,łysiejący
follicularly challenged,z problemami z owłosieniem
follow along,podążać
follow on,śledzić
follow someone off a cliff,podążać za kimś na skraj urwiska
follow suit,podążać za przykładem
follow the crowd,podążać za tłumem
follow the money,śledź pieniądze
follow through,działać konsekwentnie
follow to the grave,podążać do grobu
follow up,kontynuacja
follow up on,dalsze działania
following along,podążanie
food baby,brzuszek po obfitym posiłku
food chain,łańcuch pokarmowy
food for thought,pokarm dla myśli
food noise,dźwięki jedzenia
fool about,głupkować
fool along,oszukiwać
fool around,bawić się
fool away,marnować
fool me once,oszukaj mnie raz
fool up,oszukać
fool with,oszukiwać
fool's bargain,oszustwo
fool's errand,głupie zadanie
fool's paradise,złudzenie
fools rush in,głupcy się porywają
foot the bill,ponieść koszty
foot up,stopa w górę
foot voting,głosowanie nogami
foot-in-mouth disease,choroba Midas
footle about,gapić się
footle around,gapić się
footle away,marnować
for a change,dla odmiany
for a fact,z pewnością
for a laugh,dla śmiechu
for a minute,na minutę
for a song,za grosze
for Africa,dla Afryki
for all intents and purposes,w zasadzie
for all money,za wszystkie pieniądze
for all of someone,dla kogoś
for all one is worth,za wszystko co się ma
for all one knows,może się okazać
for all practical purposes,w praktyce
for all somebody knows,dla wszystkich
for all someone cares,komu to zależy
for all that,mimo wszystko
for all the world,dla całego świata
for all the world to see,dla całego świata
for all time,na zawsze
for another thing,poza tym
for any sake,dla jakiejkolwiek przyczyny
for any sakes,dla jakiejkolwiek przyczyny
for beans,dla fasoli
for best,najlepszy
for better or worse,na lepsze lub gorsze
for Britain,dla Wielkiej Brytanii
for cause,z powodu
for certain,z pewnością
for chrissake,dla jasności
for crying out loud,na litość boską
for days,przez kilka dni
for dear life,o życie
for England,dla Anglii
for example,na przykład
for fake,fałszywy
for fear of,z obawy przed
for fear that,dlatego że obawiam się
for free,za darmo
for fuck's sake,dla jasności
for fucking out loud,na cholerę
for fudge's sake,dla jasności
for good,na zawsze
for good and all,na zawsze
for good measure,na wszelką ostrożność
for good or ill,na dobre lub na złe
for goodness' sake,dla jasności
for goodness' sakes,dla jasności
for goodness's sake,dla jasności
for grins,dla zabawy
for heaven's sake,dla jasności
for hellery,dla hellery
for instance,na przykład
for Ireland,dla Irlandii
for keeps,na stałe
for kicks,dla zabawy
for lack of,z powodu braku
for lack of trying,z powodu braku wysiłku
for laughs,dla śmiechu
for life,na całe życie
for long,przez długi czas
for love nor money,za żadne pieniądze ani z miłości
for me and not for thee,dla mnie a nie dla ciebie
for mercy's sake,dla miłosierdzia
for my money,według mnie
for my sins,za moje grzechy
for name's sake,dla imienia
for no good reason,bez wyraźnego powodu
for nothing,za darmo
for old sake's sake,dla dawnej przyjaźni
for old time's sake,dla starych czasów
for old times' sake,dla starych czasów
for old times' sakes,dla starych czasów
for once,raz
for once and for all,raz na zawsze
for one thing,po pierwsze
for one's foams,dla kogoś
for one's heart,dla serca
for one's life,dla życia
for one's liking,według uznania
for one's own hand,dla własnej ręki
for one's own part,z własnej strony
for one's part,z jednej strony
for one's particular,osobisty
for one's trouble,za trud
for Pete's sake,dla jasności
for pity's sake,dla litości
for real and for true,naprawdę i w pełni
for real life,dla życia codziennego
for reasons,z powodów
for rent,do wynajęcia
for sake of,dla dobra
for sale,na sprzedaż
for Scotland,dla Szkocji
for shame's sake,dla honoru
for sheezy,dla prawdziwych
for shit,na cholerę
for shits and giggles,dla śmiechu
for shits and grins,dla zabawy
for short,w skrócie
for show,na pokaz
for some reason,z jakiegoś powodu
for someone,dla kogoś
for sour apples,dla kwaśnych jabłek
for sure,na pewno
for that matter,w tym sensie
for the ages,na wieki
for the asking,za darmo
for the best,dla najlepszych
for the better,na lepsze
for the birds,dla ptaków
for the book,dla książki
for the cheap seats,na tanie miejsca
for the children,dla dzieci
for the chop,do krojenia
for the craic,dla zabawy
for the foreseeable,na najbliższą przyszłość
for the fuck of it,dla zabawy
for the fun of it,dla zabawy
for the Gipper,dla Gippera
for the gods,dla bogów
for the heck of it,dla zabawy
for the hell of it,dla zabawy
for the high jump,do skoku w wysokość
for the last time,ostatni raz
for the life of one,na całe życie
for the lols,dla śmiechu
for the lolz,dla śmiechu
for the lose,dla przegranych
for the loss,za stratę
for the love of,dla miłości do
for the love of me,dla mnie
for the love of the game,dla miłości do gry
for the lulz,dla śmiechu
for the main,dla głównej części
for the mean time,na razie
for the meantime,na razie
for the most part,zazwyczaj
for the nonce,na razie
for the plot,dla fabuły
for the present,na razie
for the record,dla jasności
for the rest,dla reszty
for the sake of,dla dobra
for the taking,do wzięcia
for the time being,na razie
for the want of,z powodu braku
for the win,dla zwycięstwa
for the world,dla świata
for the worse,na gorsze
for this once,tym razem
for toffee,dla toffi
for two pins,dla dwóch szpilek
for very shame's sake,dla samej hańby
for Wales,dla Walii
for want of,z powodu braku
for weal or woe,na lepsze lub gorsze
for what it's worth,na tyle na ile to się da
for worlds,dla światów
for XYZ reasons,z powodów XYZ
for ya,dla ciebie
for your eyes only,tylko dla twoich oczu
for your information,dla twojej informacji
forbidden fruit,zakazany owoc
forbidden fruit is the sweetest,Zakazane owoce są najsłodsze
force down someone's throat,wpychać komuś coś na siłę
force in,siła w
force of habit,siła przyzwyczajenia
force out,wyrzucić
force someone's hand,zmuszać kogoś do działania
forever and a day,na zawsze i dłużej
forewarned is forearmed,Ostrzeżony jesteś, przygotowany jesteś
forge ahead,dążyć do celu
forge over,przemocować
forget about,zapomnij o
forget it,zapomnij
forget oneself,zapomnieć o sobie
forget you,zapomnij o mnie
forgive and forget,wybacz i zapomnij
forgive but don't forget,wybacz ale nie zapomnij
fork found in kitchen,widelec znaleziony w kuchni
fork off,odchodzić
fork out,wyłożyć
fork over,zapłacić
forked tongue,widelcew język
fort up,wzmocnić
fortune favors the bold,szczęście sprzyja odważnym
fortune favors the brave,szczęście sprzyja odważnym
fortune favors the daring,szczęście sprzyja odważnym
fortune favours the bold,szczęście sprzyja odważnym
fortune favours the brave,szczęście sprzyja odważnym
fortune favours the daring,szczęście sprzyja odważnym
forty minutes of hell,czterdzieści minut piekła
forty winks,krótkie drzemki
forward and backward,do przodu i do tyłu
foster up,wspierać rozwój
foul out,zdyskwalifikować się
foul up,psuć
fountain of youth,źródło młodości
Four Floors of Whores,Cztery piętra prostytutek
Four Horsemen of the Apocalypse,Czterej jeźdźcy apokalipsy
four more years,cztery kolejne lata
four score and seven years ago,osiemdziesiąt siedem lat temu
four sheets to the wind,bardzo pijany
four-leaf clover,koniczyna czterolistna
four-minute warning,cztery minuty ostrzeżenia
fourth estate,czwarta władza
fourth gear,czwarty bieg
fourth wall,czwarta ściana
fox in the henhouse,lis w kurniku
fox sleep,lis śpi
fox's socks,skarpety lisa
foxtrot delta tango,fokstrot delta tango
frame in,ramka
frame out,obrysować
frame up,podsunąć
freak flag,flaga wyrażająca indywidualność
freak off,odwróć się
freak out,spanikować
freaking gosh,Ojejku
freckle up,zaparzyć
free alongside ship,wolny przy nabrzeżu
free alongside ships,wolny pokład przy statkach
free hand,ręcznie
free lunch,darmowy obiad
free ride,darmowa przejażdżka
free up,uwalniać
freedom ain't free,wolność nie jest darmowa
freedom is not free,wolność nie jest darmowa
freedom isn't free,wolność nie jest darmowa
freedom's not free,wolność nie jest darmowa
freeze on to,zamrozić
freeze onto,przyklejać się
freeze out,wykluczyć
freeze over,zamrozić się
freeze to,zamrozić
freeze up,zamrozić się
freezing cold,mroźno
French fact,Francuski fakt
French leave,urlop bez powiadomienia
frequent flyer,częsty podróżnik
fresh legs,świeże nogi
fresh off the boat,prosto z łodzi
fresh out of,świeżo po
fresh start,świeży początek
fresh up,odświeżyć się
freshen up,odświeżyć
fret the gizzard,martwić się o żołądek
friend of Bill W.,przyjaciel Billa W
friend with benefits,przyjaciel z korzyściami
friends in high places,wpływowi znajomi
friends in low places,znajomi z niższych sfer
friendship with benefits,relacja bez zobowiązań
frig around,bawić się
frig it,do diabła
frig off,wyłącz lodówkę
frig up,zamrozić
frigg up,zepsuć
frit away,marnować
fritter away,marnować
fritz out,zdemontować
fritz up,zaskoczyć
frizz up,marszczyć się
frog in one's throat,suchanie w gardle
from a distance,z daleka
from a mile away,z daleka
from a standing start,z miejsca
from A to B,od A do B
from A to izzard,od A do Izarda
from A to Z,od A do Z
from A to Zed,od A do Z
from A to Zee,od A do Z
from aardvark to zymurgy,od a do z
from all accounts,zgodnie z wszelkimi informacjami
from all reports,zgodnie z wszystkimi raportami
from an early age,od najmłodszych lat
from away,od
from beginning to end,od początku do końca
from can see to can't see,od widocznego do niewidocznego
from central casting,z agencji castingowej
from cover to cover,od początku do końca
from cradle to grave,od kołyski do grobu
from first to last,od początku do końca
from good hands,z dobrych rąk
from hand to hand,z ręki do ręki
from hell,z piekła
from here to Sunday,od teraz do niedzieli
from hereon out,od teraz
from home,z domu
from hunger,z głodu
from jump street,od razu
from Kashmir to Kanyakumari,od Kaszmiru do Kanyakumari
from me born,urodzony ode mnie
from memory,z pamięci
from Missouri,z Missouri
from Murphy to Manteo,z Murphy do Manteo
from now on,od teraz
from nowhere,znikąd
from on high,z góry
from one day to the next,z dnia na dzień
from pillar to post,od filara do filara
from post to pillar,od słupa do słupa
from power,z mocy
from scratch,od zera
from sea to shining sea,od morza do morza
from side to side,z boku na bok
from soda to hock,od napoju gazowanego do piwa
from someone's mouth to God's ears,do uszu Boga
from soup to nuts,od początku do końca
from start to finish,od początku do końca
from stem to stern,od dziobu do rufy
from the bottom of one's heart,od serca
from the cradle to the grave,od kołyski do grobu
from the dead,od umarłych
from the East German judge,od sędziego z NRD
from the face of the earth,z powierzchni ziemi
from the first,od pierwszego
from the get,od początku
from the get-go,od samego początku
from the git,z Gita
from the git-go,od samego początku
from the ground up,od podstaw
from the heart,z serca
from the hip,z biodra
from the jump,od samego początku
from the outset,od samego początku
from the river to the sea,od rzeki do morza
from the rooter to the tooter,od korzenia do gwizdka
from the start,od początku
from the top,od góry
from the womb to the tomb,od urodzenia do śmierci
from the word go,od samego początku
from time to time,czasami
from top to bottom,od góry do dołu
from top to toe,od stóp do głów
from week to week,z tygodnia na tydzień
from where one is sitting,z miejsca gdzie się siedzi
from where one sits,z miejsca gdzie siedzi
from womb to tomb,od urodzenia do śmierci
from your lips to God's ears,niech to usłyszy Bóg
front and center,na pierwszym planie
front of mind,na pierwszym planie
front off,z przodu
front on,z przodu
front oneself off,prezentować się
front runner,faworyt
front up,stawić się
frost up,zamrozić
froth up,pianować
frown at,marszczyć brwiami
frown on,sprzeciwić się
frown upon,sprzeciwić się
fruit of one's loins,dzieci
fruit of the poisonous tree,owoc trującego drzewa
fruit of the union,owoc związku
fruit up,owocować
fruity in the booty,owocowy w pośladkach
fry up,smażyć
fuck 12,pieprzyć dwanaście
fuck about,bałaganić się
fuck and chuck,pieprzyć i wyrzucić
fuck around,wałkować
fuck around and find out,oszukaj i zobaczysz
fuck away,idź precz
fuck if I know,nie mam pojęcia
fuck it,dość tego
fuck it up,zepsuć
fuck knows,Kto to wie
fuck off,Spierdol się
fuck over,oszukać
fuck round,oszukiwać
fuck someone upside down,pieprzyć kogoś do góry nogami
fuck someone's brains out,zrobić komuś coś strasznego
fuck that noise,Wypchaj to
fuck this,do cholery
fuck this for a lark,pieprz to wszystko
fuck up,zepsuć
fuck with,psuć
fuck y'all,idźcie się pierdolnijcie
fuck you,idź się pierdol
fuck yourself,spieprz się
fuck's sake,cholera jasna
fucked off,Wkurzony
fucked over,oszukany
fucking hell,cholera jasna
fucking oath,przysięgam
fucking shit,cholerna pierdoła
fudge factor,margines bezpieczeństwa
fudge the issue,zamaskować problem
fudge together,mieszać razem
fuel up,zatankować
fuh sheezy,naprawdę
fujo out,żegnaj
fujoshi out,fudżosi
fuk u,Spieprzaj
full blast,na pełnych obrotach
full butt,pełny tyłek
full circle,pełny krąg
full marks,pełen punktów
full of,pełen
full of beans,pełen energii
full of hot air,pełen bzdur
full of it,pełen bzdur
full of oneself,pełen siebie
full of piss and vinegar,pełen energii i temperamentu
full pelt,na pełnych obrotach
full ride,pełne stypendium
full speed ahead,Pełną parą naprzód
full steam,pełną parą
full tide,pełny przypływ
full tilt,na pełnych obrotach
full tilt boogie,pełną parą
full to the gills,pełny po brzegi
full whack,pełną mocą
full-time job,praca na pełny etat
fully briefed,w pełni poinformowany
fully fledged,w pełni rozwinięty
fully rigged,w pełni wyposażony
fun and games,zabawa i rozrywka
fun in a bun,zabawa w kokardzie
fun on a bun,zabawa
fun up,zabawa
functionally complete,funkcjonalnie kompletny
funk out,oszaleć
funk up,zepsuć
funny as a barrel of monkeys,zabawny jak małpa
funny bone,nerw żartobliwy
funny man,śmieszny facet
funny stuff,śmieszne rzeczy
funny that,śmieszne że
fur out,na zewnątrz
fur up,podnosić futro
furbish up,odświeżyć
furnish out,wyposażać
fuss around,zamieszanie
fuss over,martwić się
futt about,biegać bez celu
futz around,gapić się
futz with,grzebie w
fuzz out,rozmyć
fuzzy over,rozmyty
G. O. A.,G.O.A
gaff off,odrzucić
gag me with a spoon,zamknij mnie ustami
gagging for it,bardzo pragnąć
gain momentum,zyskiwać na sile
gain on,zyski z
gain over,zdobyć nad
gain time,zyskać czas
gain upon,zdobyć
gall and wormwood,gorzki i cierpki
gallows humor,czarny humor
game face,seriozny wyraz twarzy
game is game,gra jest grą
game on,Zaczynamy
game out,rozegrać
game over,Koniec gry
game plan,plan działania
gandy dancer,robotnik kolejowy
gang up,zbuntować się
gang up on,atakować
gape for,patrzeć z podziwem
gapers' block,blok dla gawędziarzy
garden variety,zwykły
garner up,zbierać
gas and air,gaz i powietrze
gas and go,paliwo i jedź
gas out,wydech
gas up,zatankować
gate off,zamknięcie bramy
gateway drug,narkotyk wprowadzający
gather dust,zbierać kurz
gather oneself together,zebrać się w sobie
gather rosebuds,zbierać róże
gather up,zebrać
gather way,zbierać
gavel out,uderzyć młotkiem
gavel to order,rozpoczęcie obrad
gay for pay,płatna relacja
gay for the stay,nie wiem
gay up,wesel się
gear down,zredukować prędkość
gear to,przełożyć
gear towards,skierowany na
gear up,przygotować się
gee along,idź dalej
gee up,ruszyć się
geek chic,inteligentny styl
geek out,szaleć na punkcie
geez Louise,Ojejku
geeze up,podnieść na duchu
geg in,nieznany
gen up,wstać z łóżka
gen. et sp. nov.,rodzaj i gatunek nowy
gender bender,osoba zmieniająca płeć
genetic lottery,genetyczna loteria
genetically engineered,genetycznie modyfikowany
genetically modified,genetycznie modyfikowany
gentle as a lamb,łagodny jak baranek
gentle giant,łagodny olbrzym
gentle sex,delikatna płeć
genuine article,oryginalny produkt
geographically challenged,mający problemy z orientacją w terenie
German goiter,Guźczyk niemiecki
German virgin,Niemiecka dziewica
get a charge out of,bawić się
get a clue,zrozum
get a fix,uzyskać poprawkę
get a grip,opanuj się
get a horse,kup konia
get a kick out of,bawić się
get a leg up,zyskać przewagę
get a life,żyj pełnią życia
get a line on,dowiedzieć się
get a move on,ruszaj się
get a pair,kup parę
get a rise out of,wywołać reakcję
get a room,zajmijcie się tym w pokoju
get a wiggle on,ruszaj się
get a wriggle on,ruszaj się
get about,poruszać się
get above oneself,wywyższyć się
get across,przekazać
get after,gonić
get ahead,wyprzedzać
get ahead of,wyprzedzić
get ahead of oneself,przedbiegać czasowi
get along,dogadać się
get amongst it,załapać się do akcji
get around,poruszać się
get around to,zająć się czymś
get at,dostawać się do
get away,uciekać
get away with,uciec
get back,wrócić
get back at,zemścić się
get back on the horse,wsiąść z powrotem na konia
get back to,wrócić do
get beans,kup fasolę
get behind,wspierać
get bent,zginąć
get bent out of shape,złościć się
get better,poprawić się
get between,wtrącać się
get big or get out,rośnij albo odejdź
get blood out of a stone,wycisnąć wodę z kamienia
get busy,zająć się czymś
get by,wyrabiać się
get by with,wyrabiać się
get changed,przebrać się
get down,zejdź
get down on,usiąść
get down to,zacząć pracę nad
get down to bedrock,dotrzeć do skały macierzystej
get down to brass tacks,przejść do konkretów
get down to business,zacząć pracę
get down to cases,rozpocząć pracę
get even,zemścić się
get even or get even worse,stać się jeszcze gorszym
get fresh,odświeżyć się
get grey hair from,z powodu
get high,odurzyć się
get hold of,zorientować się
get in,wsiądź
get in on,dołączyć
get in the boat and row,Wsiądź do łodzi i wiosłuj
get in the way,stanąć na drodze
get in touch,nawiązać kontakt
get in trouble,wpaść w kłopoty
get in with,współpracować z
get ink,dostać atrament
get into,wkręcić się
get into it,zainteresować się czymś
get into one's stride,wejść w rytm
get into someone's pants,wchodzić komuś do spodni
get into the act,dołączyć do akcji
get into the wrong hands,wpaść w niepowołane ręce
get into trouble,wpaść w kłopoty
get it,zrozum
get it how one lives,żyj tak jak umiesz
get it in,zdobyć
get it in ya,załap to
get it on,zdobądź to
get it together,ogarnij się
get it up,podnieś to
get late,spóźnić się
get life,żyć
get lost,zgubiłem się
get misty,mglić się
get moving,ruszaj się
get off,wyskoczyć
get off lightly,uciec kuli
get off of someone's cloud,zejść z obłoków
get off on,ekscytować się
get off one's chest,wyznać
get off one's high horse,zejść z piedestału
get off the ground,wystartować
get off the mark,zacząć
get off with,uciec z
get on,wsiadać
get on at,wsiadać na
get on it,zająć się tym
get on somebody's nerves,denerwować
get on someone's grill,obrażać kogoś
get on someone's nerves,denerwować
get on the end of,dostać się na koniec
get on the stick,załapać się
get on to,wsiadać na
get on up,wstać
get on with,iść dalej
get one over on,oszukać
get one up on,wyprzedzić
get one's act together,zebrać się w sobie
get one's ass in gear,wziąć się do roboty
get one's bowels in an uproar,wywołać problemy żołądkowe
get one's butt somewhere,iść gdzieś
get one's claws into,wkręcić się
get one's claws out,wyciągnąć pazury
get one's clock cleaned,zostać zdemolowanym
get one's feet wet,zaliczyć pierwsze kroki
get one's fill,nasycić się
get one's finger out,dać z siebie wszystko
get one's fingers burnt,spalić się
get one's fingers onto,dostać się do czegoś
get one's foot in the door,wejść do firmy
get one's freak on,dać upust emocjom
get one's fuck on,uprawiać seks
get one's hands dirty,ubrudzić ręce
get one's hands on something,dostać się do czegoś
get one's head around something,zrozumieć coś
get one's head straight,przyjść do siebie
get one's hopes up,mieć nadzieję
get one's juices flowing,pobudzić kreatywność
get one's kicks,bawić się
get one's knickers in a knot,martwić się
get one's knickers in a twist,złościć się
get one's marching orders,otrzymać rozkazy
get one's mind around something,zrozumieć coś
get one's monkey up,wkurzyć się
get one's panties in a bunch,martwić się bez potrzeby
get one's panties in a pretzel,spanikować
get one's panties in a wad,złościć się
get one's priorities right,ustawiać priorytety
get one's priorities straight,ustalić priorytety
get one's shine box,pudełko z kosmetykami
get one's shirt out,wyciągnąć koszulę
get one's shit together,ogarnąć się
get one's shorts in a knot,martwić się
get one's skates on,zwinąć się
get one's teeth into something,załapać się na coś
get one's tits in a wringer,wyprowadzić kogoś z równowagi
get one's undies in a bundle,spanikować
get one's way,osiągnąć swój cel
get one's wires crossed,pomylić się
get oneself together,zebrać się w sobie
get onto,wsiąść na
get out,wyjdź
get out from under,wyjść spod
get out of,wychodź z
get out of Dodge,opuszczać miasto
get out of hand,wymknąć się spod kontroli
get out of here,wyjdź stąd
get out of jail free card,karta dająca możliwość uniknięcia więzie…
get out of my face,Odejdź ode mnie
get out of my sight,Odejdź mi z oczu
get out of someone's hair,nie przeszkadzać komuś
get out the vote,zachęcanie do głosowania
get out while the getting's good,opuszczać miejsce póki jest jeszcze dobr…
get outta here,Wychodź stąd
get over,przejść przez
get over on,oszukać
get over oneself,przejść przez siebie
get past,przejść przez
get past oneself,przejść przez siebie
get rekt,bądź pokonany
get rid of,pozbyć się
get right,być racją
get right into it,zacząć od razu
get round,obejść
get round to,zająć się czymś
get some air,wietrzyć się
get somebody the green light,dać komuś pozwolenie
get someone at it,zainteresować kogoś czymś
get someone's back up,stanąć za kimś
get someone's dander up,podnieść na duchu
get someone's goat,wkurzać kogoś
get someone's neurons firing,pobudzić czyjeś myślenie
get something over with,zakończyć coś
get something the green light,uzyskać zgodę
get started,zacząć
get straight,być szczerym
get stuck in,utknąć w
get stuck into,zająć się czymś
get taken in,zostać oszukanym
get the ball rolling,zacząć
get the band back together,zebrać zespół ponownie
get the better of,pokonać
get the boot,wylecieć
get the bullet,zdobyć kulę
get the chop,stracić pracę
get the door,otwórz drzwi
get the drawers,wyciągnij szuflady
get the drift,zrozumć o co chodzi
get the feeling,mieć wrażenie
get the goods on,zdobyć informacje o
get the green light,dostać pozwolenie
get the hang of,nauczyć się
get the idea,zrozumieć
get the impression,mieć wrażenie
get the lead out,ruszaj się
get the memo,rozumiem
get the message,zrozumieć
get the nod,uzyskać akceptację
get the noggin joggin',pobudzić myślenie
get the point,zrozumieć
get the runaround,oszukiwać
get the sack,wylecieć z pracy
get the show on the road,zacznijmy
get the wind up,zestresować
get the word out,poinformować
get thee behind me,odejdź ode mnie
get there,dotrzeć tam
get this,zdobyć to
get through,przejść przez
get through one's head,wpaść do głowy
get to,dotrzeć do
get to first base,osiągnąć pierwszy etap
get to grips with,zrozumieć
get to one's feet,wstać na nogi
get to the bottom of,dotrzeć do sedna
get to the fireworks factory,dotrzeć do fabryki fajerwerków
get to the point,przejdźmy do sedna
get to work,idź do pracy
get together,spotkanie
get under it,wepchnąć pod to
get under somebody's skin,denerwować
get under someone's skin,denerwować
get underneath someone's skin,denerwować kogoś
get up,wstać
get up in,wstać w
get up into,wskoczyć do
get up off,wstać z
get up the yard,wstać z podwórka
get up to,osiągać
get up to speed,nadrobić zaległości
get up with the chickens,wstawać o świcie
get used,przyzwyczaić się
get well,zdrowej
get well soon,powrój do zdrowia
get wet,zmoić się
get what one asked for,dostać to, o co się prosiło
get what's coming to one,odpowiedzieć za swoje czyny
get wind,usłyszeć plotkę
get wind in one's jaws,zaciągnąć się
get wind of,usłyszeć o
get wind of something,dowieść się czegoś
get with,związać się z
get with it,dorównaj
get with the program,dołącz do programu
get with the times,nadążaj za czasem
get you,zdobyć cię
GG no re,Dobrze graliście
ghetto bird,samochód z niskiej półki
ghetto lottery,loteria gettowa
ghost at the feast,duch na uczcie
ghost from one's past,cień przeszłości
ghost home,dom opuszczony
gift from above,dar z nieba
gift from heaven,dar z nieba
gift from the goddesses,dar od bogiń
gift from the heavens,dar z nieba
gift horse,darowanemu koniowi nie patrz w zęby
gift of the gab,dary mowy
gift that keeps on giving,prezent, który daje radość przez długi c…
gild the lily,przekornie upiększać
gimme a break,daj mi spokój
gimme a five,piątka
gin up,wymyślić
ginger knob,imbir
ginger up,pobudzić
gingerbread up,pierniczek
gird up one's loins,zbierać siły
give a damn,walić
give a fuck,walić mnie
give a good account of oneself,pokazać się z dobrej strony
give a hang,zależeć
give a hoot,mieć to za nic
give a light,daj światło
give a man a fish,daj człowiekowi rybę
give a monkey's,nie przejmować się
give a nod,kiwać głową
give a rat's arse,nie obchodzi mnie to
give a rip,mieć to za nic
give a shit,walić
give a sneck posset,daj lizaka
give about,daj około
give against,przeciwko
give and take,kompromis
give as good as one gets,odpowiadać tym samym
give away,oddawać
give away the farm,rozdać wszystko
give away the store,oddawać wszystko
give back,zwróć
give birth,rodzić
give by,dawać
give chase,pogoń
give credit where credit is due,dawać każdemu co się mu należy
give curry,podaj curry
give dome,daj trochę
give ear,słuchaj
give face,pokazać twarz
give forth,wydawać
give head,dawać buziaki
give heed,zwróć uwagę
give in,poddać się
give into,ulegać
give it a red-hot crack,daj mu mocne uderzenie
give it a shot,spróbuj
give it a whirl,spróbuj
give it one's best shot,dać z siebie wszystko
give it the big one,daj z siebie wszystko
give it the gun,daj mu pistolet
give it to someone,daj to komuś
give it up,poddać się
give life to,nadać życie
give lip,obrażać
give me,daj mi
give me a break,daj mi spokój
give notice,złożyć wypowiedzenie
give of oneself,ofiarować siebie
give off,wydawać
give one's all,dać z siebie wszystko
give one's head a shake,potrząsnąć głową
give one's life,poświęcić życie
give oneself airs,uważać się za lepszego
give or take,mniej więcej
give out,rozdawać
give over,przekazać
give pause,dawać chwilę wytchnienia
give rise to,powodować
give somebody a hard time,dawać komuś trudności
give somebody the benefit of the doubt,dać komuś szansę
give somebody the green light,dać zielone światło
give someone a bloody nose,zadawać komuś ból
give someone a break,daj komuś spokój
give someone a hand,pomóc komuś
give someone a hard time,dawać komuś trudne chwile
give someone a ring,zadzwonić do kogoś
give someone a shout,dać znać
give someone a speaking to,porozmawiać z kimś
give someone an earful,wypalić komuś
give someone beans,dać komuś fasolę
give someone enough rope,dać komuś wystarczająco dużo przestrzeni
give someone grey hair,dawać komuś siwe włosy
give someone grief,dawać komuś do więdzenia
give someone Hail Columbia,życzyć komuś powodzenia
give someone hell,dawać komuś w kość
give someone line,dać komuś do zrozumienia
give someone something to think about,dać komuś coś do przemyślenia
give someone the bag,daj komuś torbę
give someone the boot,wyrzucić
give someone the brush-off,odrzucić kogoś
give someone the business,obstawiać kogoś
give someone the chair,dać komuś krzesło
give someone the cold shoulder,Ignorować kogoś
give someone the creeps,budzić grozę
give someone the eye,mruczać
give someone the heave-ho,wyrzucić
give someone the old heave-ho,wyrzucić
give someone the runaround,zwodzić
give someone the slip,uciec
give someone their cards,dać komuś jego karty
give someone their flowers,okazywać komuś uznanie
give someone their head,dać komuś wolną rękę
give someone time,dać komuś czas
give someone to understand,pomóc komuś zrozumieć
give someone what for,wygadać komuś
give someone what-for,wypomnieć komuś
give someone wood,dawać komuś wódkę
give something a go,spróbować
give something a miss,pomijać coś
give something a try,spróbować coś
give something a whirl,spróbować
give something the green light,dać zielone światło
give the axe,zwolnić
give the devil his due,daj diabłu to, co jego
give the elbow,pokazać łokieć
give the game away,wyjawić sekret
give the green light,dać zielone światło
give the lie,powiedzieć kłamstwo
give the lie to,obalić
give the royal treatment,traktować jak króla
give the sack,zwolnić
give the time of day,podaj godzinę
give up,poddać się
give up the ghost,umarć
give way,ustąpić pierwszeństwa
give weight,nadać wagę
give what for,dać komuś w kość
give your head a wobble,potrząśnij głową
give zero fucks,nie obchodzi mnie to
given that,biorąc pod uwagę że
given time,dany czas
glad tidings,dobre wieści
glam up,podkrasić się
glance away,odwrócić wzrok
glance off,odbijać
glance over,przejrzeć
glass ceiling,szklany sufit
glaze over,zaciemnić się
glaze up,migać
glitch out,zawiesić się
glom on,przyczepić się
glom onto,przyczepić się do
glomb on,nie wiem
glomb onto,przyczepić się
glomp on,przytulić się
glomp onto,przytulić się do
gloom and doom,pogorszenie i katastrofa
glory be,chwała Bogu
gloss over,pomijać
glove up,włożyć rękawiczki
gloves are off,rękawice są zdjęte
glow up,poprawa wyglądu
glutton for punishment,miłośnik kar
gnash one's teeth,zgrzytać zębami
gnash up,zgrzytać
gnaw someone's vitals,gryźć kogoś po żywcach
go a long way,być bardzo pomocny
go about,robić coś
go about to,planować
go after,pogoń
go against,być przeciwko
go against the grain,iść pod prąd
go ahead,proszę
go ahead with,kontynuować
go all around the Wrekin,obejść Wrekin dookoła
go all out,dać z siebie wszystko
go all the way,idź do końca
go along,iść razem
go along for the ride,podróżować razem
go along to get along,iść na kompromis
go along with,zgadzać się z
go along with the gag,iść na kompromis
go and boil your head,idź i zagotuj sobie głowę
go and eat coke,idź zjedz colę
go around,obejść
go around in circles,kręcić się w kółko
go around the houses,obejść domy
go around with,przemieszczać się
go at,idź do
go at a good clip,poruszać się z dobrą prędkością
go at it,zrób to
go away,odejdź
go back,wróć
go back in time,wrócić w czasie
go back on,cofnąć się
go back to,wróć do
go back to the drawing board,wrócić do początku
go back to your country,wróć do swojego kraju
go bail,wpłacić kaucję
go ballistic,wpaść w szał
go bananas,wpaść w szał
go batshit,oszaleć
go begging,prosić o jałmużnę
go below,zejdź w dół
go berserk,wpaść w szał
go between,pośrednik
go beyond,przekraczać
go big or go home,albo wszystko albo nic
go by,minąć
go by the board,ulegać zniszczeniu
go by the wayside,odpaść
go climb a tree,wspiąć się na drzewo
go commando,chodzić bez bielizny
go commit,wykonywać transakcję
go down,zejść
go down in flames,upadć w gruzach
go down on,zejść
go down that road,jedź tą drogą
go down the drain,spłynąć do kanalizacji
go down the khazi,zejdź do toalety
go down the pan,idzie do kosza
go down the road,jechać drogą
go down the toilet,spłynąć w toalecie
go down the tubes,zepsuć się
go down the wrong way,iść w złą stronę
go down with,zachorować
go downhill,zjeżdżać
go downtown,jedź do centrum
go Dutch,podzielić rachunek
go easy on somebody,nie bądź dla kogoś zbyt surowy
go far,idź daleko
go fig,idź sobie
go figure,niech to będzie
go fly a kite,leć latać wiatrakiem
go for,idź na
go for a song,być za grosze
go for broke,dać z siebie wszystko
go for it,zrób to
go for the gold,dążyć do zwycięstwa
go for the kill,atakować
go for the throat,atakować
go forth,idź dalej
go forth and multiply,idź i rozmnażaj się
go free,idź sobie
go from strength to strength,osiągać coraz większe sukcesy
go from zero to hero,od zera do bohatera
go fuck oneself,idź się pierdol
go fuck your mother,Idź się pierdol w dupę matki
go fuck yourself sideways,idź się pierdol z boku
go Galt,idź do Galt
go get 'em,Dajcie z siebie wszystko
go great guns,osiągać sukcesy
go green,być przyjaznym dla środowiska
go halfsies,dzielić się na pół
go halves,dzielić się na pół
go hang,idź się powiesić
go hard or go home,albo wszystko albo nic
go hard with someone,być stanowczym wobec kogoś
go Hollywood,iść do Hollywood
go horribly right,zakończyć się strasznie dobrze
go in,wejść
go in for,chodzić na
go in for the kill,atakować
go in off,wejść do środka
go in on,dołączyć
go in the out door,wejść przez drzwi na zewnątrz
go in with,wchodzić z
go into,wejść do
go into one's shell,zamykać się w sobie
go it alone,radź sobie sam
go jump in the lake,idź skocz do jeziora
go jump off a bridge,skocz z mostu
go jump off a building,skocz z budynku
go jump off a cliff,skacz z klifu
go left,idź w lewo
go moggy,idź kotku
go native,żyć jak miejscowi
go nowhere,nie prowadzić do niczego
go nowhere fast,szybko do nikąd
go off,wyjeżdżać
go off at score,wybuchnąć przy wyniku
go off half-cocked,działać pochopnie
go off into the weeds,zagłębiać się w szczegóły
go off on one,zacząć mówić o czymś innym
go off the boil,ostygnąć
go on,idź dalej
go on by,przejdź dalej
go on one's merry way,iść dalej swoim torem
go on sale,idzie do sprzedaży
go on the mitch,idź na Mitcha
go on the scout,udawać harcerza
go on then,no więc
go one's own way,iść własną drogą
go or blow,dmuchnąć
go out,wychodzić
go out of business,zbankrutować
go out of one's way,wykładać się
go out with a bang,zrobić furorę
go out with the ark,wyjechać z Noem
go over,przejrzeć
go over someone's head,przechodzić ponad głową kogoś
go over to the majority,przejść na stronę większości
go overboard,przesadzać
go past,przejść obok
go pear-shaped,zepsuć się
go places,podróżować
go play in the traffic,chodź pobaw się na ulicy
go public,wystąpić publicznie
go rogue,odbiegać od norm
go round,krążyć
go round in circles,kręcić się w kółko
go round with,rozchodzić się z
go shit yourself,idź się posrać
go snake,wąż
go so far as,doskonie do
go soak your head,idź się zamoczyć
go south,idź na południe
go straight,idź prosto
go the distance,przejść całą drogę
go the extra mile,wykładać się
go the way of,podążać śladem
go the way of the dinosaurs,zniknąć jak dinozaury
go the way of the dodo,stać się przestarzałym
go the whole hog,robić wszystko na najwyższym poziomie
go their separate ways,rozchodzić się
go through,przejść przez
go through hell,przejść przez piekło
go through the gears,przełączać biegi
go through the mill,przejść przez trudności
go through the motions,robić to automatycznie
go through with,zrealizować
go to,idź do
go to bat,stawiać się w obronie
go to Canossa,pójść do Canossy
go to great lengths,wykazywać się dużym wysiłkiem
go to great lengths to do something,wykonywać duże wysiłki aby coś zrobić
go to ground,wrócić na ziemię
go to one's head,wchodzić do głowy
go to pieces,rozpadać się
go to Prestwich,jedź do Prestwich
go to sea,płynąć na morze
go to seed,zdziczeć
go to sleep,chodź spać
go to someone's head,wchodzić komuś do głowy
go to the bow-wows,idź na spacer
go to the dogs,idzie się psuć
go to the mat,iść na matę
go to the mattresses,przygotować się do walki
go to the polls,pójść do urny wyborczej
go to the scaffold,iść na szubienicę
go to the wall,idź do ściany
go to the well,idź do studni
go to town,jechać do miasta
go to town on,wydawać dużo pieniędzy na
go to war,pójść na wojnę
go to work,iść do pracy
go together,iść razem
go too far,przekroczyć granicę
go towards,pójść w stronę
go tutti-frutti,wafel z posypką
go under,pod
go up,wznieść się
go up against,stawić się naprzeciw
go up for,wznieść się do
go up in flames,zająć się ogniem
go up in smoke,rozpaść się na dym
go walking,spacerować
go wild,szaleć
go with,idź z
go with one's gut,słuchać intuicji
go with the flow,poddać się prądowi
go with the flow of traffic,poruszać się zgodnie z ruchem drogowym
go with the wind,pod wpływem wiatru
go without,obejść się bez
go without saying,oczywiste
go wrong,zepsuć się
gob off,idź precz
gob up,pochłonąć
gobble down,pochłaniać
gobble off,pochłaniać
gobble up,pochłaniać
God bless someone's cotton socks,Niech Bóg błogosławi jego skarpetki
God does not play dice,Bóg nie gra w kości
God doesn't give with both hands,Bóg nie daje obiema rękami
God forbid,Niech Bóg broni
God forfend,Niech Bóg broni
God hates a coward,Bóg nienawidzi tchórza
God helps them that help themselves,Bóg pomaga tym, którzy pomagają sobie
God helps them who help themselves,Bóg pomaga tym, którzy pomagają sobie
God helps those who help themselves,Bóg pomaga tym, którzy pomagają sobie
God is in the detail,Bóg jest w szczegółach
God knew,Bóg wiedział
God knows,Bóg wie
God love someone,Niech Bóg błogosławi kogoś
God loves a trier,Bóg miłuje tych, którzy się starają
God only knows,Tylko Bóg wie
God rest her soul,Niech spoczywa w pokoju
God rest his soul,Niech spoczywa w pokoju
God rest their soul,Niech spoczywa w pokoju
God rest their souls,Niech spoczywają w pokoju
God Shave the Queen,Niech Bóg błogosławi Królową
god that failed,bóg który zawiódł
God works in mysterious ways,Bóg działa w tajemniczy sposób
God's eye,Oko Boga
God's gift,Dar od Boga
God's gift to men,Dar od Boga dla mężczyzn
God's gift to women,Dar od Boga dla kobiet
God's green earth,Zielona ziemia
God's honest truth,Prawda
God's work,Praca Boga
Goddess knows,Bog wie
Goddess only knows,Tylko bogini wie
gods bless you,Bóg cię błogosławi
going away,odchodzący
going on,co się dzieje
going rate,cena rynkowa
going to,idzie
gold in them thar hills,złoto w tych wzgórzach
gold is where you find it,złoto tam jest gdzie je znajdziesz
gold mine,złoża złota
gold over,złoto nakładane na
golden age,złoty wiek
golden duck,złoty kaczor
golden goose,złota gęś
golden handcuffs,złote kajdanki
golden handshake,złoty wstrząs
golden hello,złoty powitalny bonus
golden mean,złoty środek
golden opportunity,złota okazja
golden parachute,złoty spadochron
golden rule,zasada złotego przecinku
golden thread,złota nić
golden ticket,złoty bilet
golden touch,złoty dotyk
golden years,złote lata
golf widow,wdowa po golfiście
gone by lunchtime,zniknie do czasu obiadu
gone case,beznadziejny przypadek
gone fishing,pojechał na ryby
gone north about,poszedł na północ
gone with the wind,Przeznaczone przez wiatr
Gong Xi Fa Cai,Wszystkiego najlepszego
gonk out,wyjechać
good afternoon,dzień dobry
good and,dobry i
good as gold,grzeczny jak aniołek
good as new,jak nowy
good black don't crack,dobre czarne nie pękają
good books,dobre książki
good boy,dobry chłopak
good boys deserve fudge always,Dobrzy chłopcy zawsze zasługują na czeko…
good coin,dobra moneta
good day,dzień dobry
good deal,dobra oferta
good doctor,dobry lekarz
good drunk,wesoło pijany
good egg,dobry człowiek
good enough for government work,wystarczająco dobry do pracy dla rządu
good enough for jazz,wystarczająco dobry dla jazzu
good enough to eat,smaczne
good eve,Dobry wieczór
good fences make good neighbors,Dobre płoty tworzą dobrych sąsiadów
good fences make good neighbours,Dobre płoty tworzą dobrych sąsiadów
good game,dobra gra
good girl,dobra dziewczyna
good God,Boże
good graces,łaska
good gracious,ojojoj
good head on one's shoulders,mieć rozsądek
good job,dobra robota
good life,dobre życie
good looker,ładna osoba
good luck,powodzenia
good morn,dzień dobry
good morning,dzień dobry
good night,dobranoc
good night nurse,dobranoc pielęgniarko
good noon,Dzień dobry
good old days,dobre stare czasy
good on someone,brawo
good riddance,dobrze że to minęło
good run,dobry bieg
Good Samaritan,Dobry Samarytanin
good sense,zdrowy rozsądek
Good Thing,Dobrze
good things come in small packages,dobre rzeczy przychodzą w małych opakowa…
good things come in threes,dobre rzeczy przychodzą parami
good time coming,lepsze czasy nadchodzą
good times,dobre czasy
good turn,dobra czynność
good value,dobra cena
good voice to beg bacon,dobry głos do błagania o bekon
good wine needs no bush,Dobre wino samo się reklamuje
good-time Charlie,facet z życia
goodness gracious,Ojejku
goodness gracious me,Ojejku
goodness knows,Bóg wie
goodness me,ojciec boski
goodnight Irene,dobranoc Irene
goodnight nurse,dobranoc pielęgniarko
goodnight Vienna,dobranoc Wiedeń
goof around,głupkować
goof off,gapić się
goof on,oszukać
goof up,zepsuć
Google is your friend,Google jest twoim przyjacielem
google up,wyszukaj w Google
gook up,sprawdź
goon out,wychodzić
goon squad,grupa bandytów
goose up,podnieść
gooseberry season,sezon malin morwowych
gorilla in the room,elefant w pokoju
gosh knows,Bóg wie
got it,Rozumiem
got it going on,umiem to zrobić
got to,muszę
goth out,wychodzić
goth up,wstać
gottle o' geer,bogiemu
gouge out,wyrywać
grab and go,do szybkiego zabrania
grab at,chwytać
grab by the lapels,chwycić za kołnierz
grab off,schwytać
grab the bull by the horns,złapać byka za rogi
grab the popcorn,załap popcorn
graceful degradation,eleganckie obniżenie wydajności
gradually typed,wpisywane stopniowo
graff up,ozdabiać graffiti
grain of truth,ziarno prawdy
grain up,zboże
grammar Nazi,fanatyk gramatyki
grammar police,policja gramatyczna
grand passion,wielka pasja
grand poobah,wielki szef
grand scheme,ogólny plan
Grand Strand,Wielki Brzeg
grand total,suma całkowita
grandfather in,w
grandstand play,spektakularna akcja
granny dumping,wyrzucanie śmieci przez babcię
granny's fanny,rajstopki babci
granted that,pod warunkiem że
grapes of wrath,gniew
grapple with,zmagać się z
grasp at straws,chwytać się słomki
grass on,na trawie
grass tops,wierzchołki trawy
grass up,donosić
grate on somebody's nerves,denerwować
gravitationally challenged,mający problemy z utrzymaniem równowagi
gravity's pull,siła grawitacji
gravy train,łatwa robota
gray hat,szary kapelusz
gray out,szarzenie się
grease it on,nałożyć tłuszcz
grease monkey,mechanik
grease payment,prowizja
grease someone's palm,podkupić kogoś
grease the skids,ułatwiać
grease the wheels,namaszczyć koła
grease up,nasmarować
greasy spoon,tani bar
great balls of fire,wielkie kule ognia
great beyond,niezwykły
great deal,bardzo dużo
great haste makes great waste,Pośpiech jest złym doradcą
great job,świetna robota
great minds,wielkie umysły
great minds think alike,wielkie umysły myślą podobnie
great oaks from little acorns grow,Z małych dębów rosną wielkie dęby
great unwashed,biedni i niewykształceni
greater of two evils,mniejsze zło
greatest thing since sliced bread,najlepsza rzecz od czasu wynalezienia pi…
Greek calends,greckie kalendy
green about the gills,zielony
green as grass,zielony jak trawa
green fingers,zielony kciuk
green handshake,zielone uściskanie dłoni
green in earth,zielony w ziemi
green indigo,zielony indygo
green light,zielone światło
green lights to Malibu,zielone światło do Malibu
green old age,zielona starość
green out,zielenieć
green queen,zielona królowa
green state,zielony stan
green thumb,z głową do ogrodnictwa
green up,zielenieć
green with envy,zielony ze zazdrości
greener pastures,lepsze perspektywy
grey area,szara strefa
grey cells,szare komórki
grey matter,szara substancja
grey out,zaciemnić
grey power,siła seniorów
grill up,grillować
grin and bear it,znieść to z uśmiechem
grind down,mielić
grind one's gears,denerwować
grind out,wyciskać
grind the corn,mielenie kukurydzy
grind up,mielić
grinding machine,tokarka
grip off,odłączyć
grip oneself with both hands,chwycić się obiema rękami
grip up,mocowanie
grist for the mill,pokarm dla młyna
grist to the mill,pokarm dla młyna
grit one's teeth,zaciśnąć zęby
groove on,bawić się
gross out,obrzydzić
gross up,podwyższyć wynagrodzenie
ground and pound,uderzenia i dominacja
ground ball with eyes,uderzenie piłki nisko z odbiciem w oczac…
ground floor,parter
ground out,wyciągnięty
ground rule,zasada
grow a pair,zrób coś
grow a set,zrób coś
grow a tail,wyrosnąć ogon
grow apart,oddalać się
grow away from,oddalać się od
grow cold,zmarznąć
grow into,rozwijać się w
grow on,rośnie
grow out,wyrastać
grow out of,wyrastać z
grow some balls,zrób coś odważnego
grow up,dorastać
grub along,żywić się
grub out,wyrywać
grub up,jeść dużo
gruesome twosome,straszna dwójka
grunt level,podstawowy poziom
grunt work,praca fizyczna
guard against,chronić przed
guess what,odgadnij co
guff off,odwalać głupoty
guide on the side,instrukcja obok
guilt trip,wzbudzanie poczucia winy
guilty pleasure,niewinna przyjemność
gulp down,wypić łapczywie
gulp up,pochłonąć
gum up,zatykać
gummy up,kleić się
gun down,zabić
gun for,do broni
gun jumping,wcześniejsze wystrzelenie
gun off,odpalenie broni
gun to your head,pistolet przy głowie
gun up,nakręcić
gunboat diplomacy,dyplomacja siłowa
gunk up,zatykać
gunner's daughter,córka działonowca
guns blazing,z bronią w ruch
gussie up,ozdabiać
gussy up,ozdabiać
gut check,sprawdzenie sumienia
gut factor,czynnik dobroci
gut feeling,przeczucie
gut for,dobry dla
gut out,wyciągnąć
gut reaction,reakcja jelitowa
gut through,przez
gut up,podnieść na duchu
gutless wonder,cień człowieka
guts out,wyciągnąć wnętrzności
gutter out,rura spustowa
guzzle down,pochłaniać
guzzle up,pochłaniać
ha ha,haha
hab or nab,nie rozumiem
hack about,hak o
hack around,majstrować
hack away,rąbać
hack it,zhakuj to
hack off,odciąć
hack up,wymiotować
hackle up,podnieść pióra
had better,lepiej zrobić
hadaway and shite,tutaj i do diabła
hadn't ought,nie powinien był
hail down,pada grad
hail from,pochodzić z
hair of the dog,wódka na kaca
hair out of place,włosy potargane
hair up,włosy upięte
hair's breadth,na włosku
hairy canary,kanarek z piórami
hairy molly,włosaty molly
hakuna matata,nie martw się
halcyon days,złote czasy
hale and hearty,zdrowy i wesoły
half a brain,półmózg
half a head,połowa głowy
half a mind,pół umysłu
half again,ponownie w połowie
half in the bag,połowa w worku
half joke,półżart
half murder,półzabójstwo
half the battle,połowa bitwy
half the story,połowa historii
half-night stand,jednorazowy romans
halfway decent,znośnie
Hallmark moment,Ważny moment
halter up,podnieś uprząż
ham it up,przekonywać
ham up,przekręcać
hammer and tongs,z pełnym zaangażowaniem
hammer away,młotować
hammer home,podkreślić
hammer out,wygładzać
hammer up,wbić
hamster wheel,kołowrót dla chomika
hand around,przekazywać
hand away,oddawać
hand back,oddaj
hand down,przekazać
hand in,złożyć
hand in glove,jak dwie krople wody
hand in one's dinner pail,złożyć rezygnację
hand it out,rozdawać
hand it to,przekaż to
hand it to someone,przekazać komuś
hand off,przekazać
hand on,na ręce
hand out,rozdawać
hand over,przekazać
hand over fist,z wielką szybkością
hand over hand,ręka w rękę
hand over head,nad głową
hand round,przekazywać
hand someone their cards,dać komuś jego karty
hand someone their hat,wręczyć komuś kapelusz
hand someone their head,uderzyć kogoś w głowę
hand to God,przysięgam
hand to mouth,żyjąc z dnia na dzień
hand up,podnieść rękę
hand waving,machanie ręką
handbags at dawn,walka na pięści
handbags at ten paces,gotowanie na małym ogniu
handle oneself,radzić sobie
handle up,uchwyt w górę
handle with kid gloves,traktować ostrożnie
handled the ball,obsługiwał piłkę
handpick out,wybierać osobiście
hands down,bezapelacyjnie
hands up,podnieś ręce
handsome is as handsome does,Wygląd zewnętrzny nie jest najważniejszy
handsome is that handsome does,wygląd jest ważny ale ważniejsze są czyn…
handwriting on the wall,pisanie na ścianie
hang a leg,zawiesić nogę
hang a Louie,zawiesić Louie
hang a Ralph,zawiesić Ralfa
hang a uey,zawiesić się
hang about,przebywać
hang an arse,wieszać się
hang around,przebywać
hang back,cofać się
hang behind,pozostać w tyle
hang by a thread,wisieć na włosku
hang heavy,wisieć ciężko
hang in,trzymaj się
hang in the balance,wisieć na włosku
hang in there,trzymaj się
hang low,wisieć nisko
hang off,zawieszać się
hang on,czekaj
hang on every word,słuchać każdego słowa
hang on in there,trzymaj się
hang on to your hat,Trzymaj się mocno
hang one on,wypić coś mocnego
hang one's hat,zawiesić kapelusz
hang onto,trzymać się
hang onto your hat,Trzymaj się mocno
hang out,spędzać czas
hang out one's shingle,rozpocząć działalność
hang out to dry,wieszać do suszenia
hang over,wisieć nad
hang over someone's head,wisieć nad kimś
hang round,przebywać
hang the moon,zawiesić księżyc
hang tight,czekaj chwilę
hang to,wisieć
hang together,trzymać się razem
hang tough,trzymaj się mocno
hang up,zawieścić
hang up one's boots,zrezygnować
hang up one's fiddle,zrezygnować z gry na skrzypcach
hang up one's hat,zrezygnować
hang upon,zależeć od
hang with,spędzać czas z
hangar queen,królowa hangarów
hanging offence,przestępstwo karane śmiercią
happen across,natknąć się
happen along,przypadkowo spotkać
happen by,przypadkiem
happen on,zdarzyć się
happen upon,natrafić na
happily ever after,szczęśliwie na zawsze
happy 4th,Wszystkiego najlepszego z okazji 4 lipca
happy as a pig in mud,szczęśliwy jak świnia w błocie
happy as a pig in shit,szczęśliwy jak świnia w błocie
happy birthday,wszystkiego najlepszego z okazji urodzin
happy chappy,szczęśliwy i wesoły
Happy Christmas,Wesołych Świąt
happy Easter,Wesołego Zmartwychwstania
happy Fourth,Wesołego Czwartku
happy Halloween,Szczęśliwego Halloween
happy Hanukkah,Szczęśliwego Chanuki
happy holidays,Wesołych Świąt
happy Independence Day,Wszystkiego najlepszego z okazji Dnia Ni…
happy Kwanzaa,Wesołego Kwanzaa
happy landings,bezpiecznego lądowania
happy medium,złoty środek
happy Near Year,Szczęśliwego Nowego Roku
happy New Year,Szczęśliwego Nowego Roku
Happy New Year's,Szczęśliwego Nowego Roku
happy panda,szczęśliwy panda
happy place,miejsce, w którym czujesz się szczęśliwy
happy Ramadan,Szczęśliwego Ramadanu
happy Valentine's Day,Wszystkiego najlepszego z okazji Dnia Św…
hard as nails,twardy jak skała
hard at it,pracuje w pełnym tempie
hard at work,pracuje ciężko
hard cases make bad law,Trudne przypadki tworzą złe prawo
hard cheese,twardy ser
hard done by,potraktowany niesprawiedliwie
hard feelings,złe uczucia
hard going,trudne
hard nut to crack,trudny orzech do zgryzienia
hard of hearing,głuchy
hard on the eyes,szkodliwe dla wzroku
hard pass,nie dziękuję
hard pill to swallow,gorzka pigułka
hard to come by,trudny do zdobycia
hard to swallow,trudno przełknąć
hard up,w trudnej sytuacji finansowej
harden someone's heart,zaskurwić komuś serce
harden up,zacieśnij
hardy perennial,wytrzymała bylina
hark back,wracać do przeszłości
hark who's talking,Słuchaj kto mówi
harken back,odwoływać się do
harp on,powtarzać
harp on one string,grać na jednej strunie harfy
harp on the same string,grać na tej samej strunie
harrow up,martwić
harsh down,zmniejszyć
has left the building,opuścił budynek
hash out,omówić
hash over,rozważać
hash slinger,osoba zajmująca się handlem narkotykami
hash up,psuć
hasta la pasta,do zobaczenia
hasta la vista,do widzenia
hasta pasta,makaron
haste makes waste,Pośpiech jest złym doradcą
hat hair,włosy spod czapki
hat in hand,z podniesioną ręką
hatch out,wylęg
hatch up,wymyślić
hatchet man,osoba, która podejmuje trudne decyzje
hate on,nienawidzić
hate someone's guts,nienawidzić kogoś do szpiku kości
haters gonna hate,hejterzy zawsze będą hejtować
Hatfields and McCoys,Hatfieldowie i McCoyowie
haul around,przenosić
haul ass,dać z siebie wszystko
haul down,opuszczać
haul in,wciągać
haul off,odjechać
haul out,wyciągnąć
haul someone over the coals,obliczać kogoś
haul up,podciągnąć
have a bad time of it,mieć ciężko
have a ball,bawić się świetnie
have a bite,zjedz coś
have a blast,świetnie się bawić
have a blessed one,bądź pobłogosławiony
have a bone to pick,mieć coś do powiedzenia
have a break,zrób sobie przerwę
have a brick in one's hat,mieć cegłę w kapeluszu
have a clue,mieć pojęcie
have a fable for,mieć bajkę dla
have a fine finger,mieć zgrabne palce
have a finger in,mieć udział w
have a fit,stracić panowanie nad sobą
have a gas,baw się dobrze
have a go,spróbować
have a good one,miłego dnia
have a good time,miło spędzić czas
have a good time of it,baw się dobrze
have a good weekend,miłego weekendu
have a hand in,brać udział w
have a hand in something,brać udział w czymś
have a handle on,mieć kontrolę nad
have a hard time,mać trudności
have a hard time of it,mało się powodzi
have a head for,mieć smykałkę do
have a heart,miej serce
have a jag on,mieć ochotę
have a laugh,pośmiać się
have a look,spójrz
have a mind of one's own,mieć własne zdanie
have a moment,mam chwilę
have a mountain to climb,mieć trudny cel do osiągnięcia
have a nice day,miłego dnia
have a nice life,żyj dobrze
have a night of it,spędźcie miło czas
have a pair,mieć parę
have a point,masz rację
have a poor time of it,mieć ciężko
have a quiet word,powiedzieć coś na osobności
have a rough time of it,przejść przez trudny czas
have a row,kłócić się
have a say,mieć wpływ
have a seat,Usiądź
have a shot,spróbuj
have a snootful,napić się do woli
have a stab,spróbować
have a stroke,zawał
have a tantrum,wybuchać złością
have a thin time of it,mieć trudności
have a thing for,mieć słabość do
have a tiger by the tail,mieć lwa za ogon
have a time,spędzić czas
have a time of it,miewać trudności
have a track record,mieć doświadczenie
have a way with,mieć talent do
have a whale of a time,świetnie się bawić
have a word,miej na uwadze
have a word in someone's ear,powiedzieć komuś coś na ucho
have a word with oneself,porozmawiać z samym sobą
have against,mieć przeciwko
have an accident,mieć wypadek
have an affair,mieć romans
have an easy time of it,mieć łatwo
have an eye for,mieć dobry gust
have another thing coming,czeka go coś innego
have another think coming,pomyśl jeszcze raz
have at,miej
have bats in one's belfry,mieć w głowie dziury
have been around,istniał
have been around a bit,byłem trochę w różnych miejscach
have been around the block,mało się nie narobił
have blood on one's hands,mieć krew na rękach
have come a long way,zrobiło się duży postęp
have done,zrobiłem
have done with,skończył
have down,mieć w dół
have down as,zaznaczyć jako
have eyes bigger than one's stomach,mieć większy apetyt niż żołądek
have fingers made of lime-twigs,mieć palce zrobione z gałązek lipy
have fun,baw się dobrze
have fun with Dick and Jane,baw się dobrze z Dickiem i Jane
have got,mam
have got more chins than Chinatown,ma więcej podbródków niż Chinatown
have green fingers,mieć zacięcie do ogrodnictwa
have had it,dość tego
have had it up to here,dość tego
have had more than one's fair share of something,miał więcej niż swoją sprawiedliwą część…
have had one's chips,skończyło się
have I got news for you,mam dla ciebie nowiny
have in mind,mieć na uwadze
have it all,mieć wszystko
have it away,oddaj to
have it both ways,mieć wszystko
have it coming,zasłużyć się na coś
have it going on,ma się dobrze
have it in for,mieć coś do kogoś
have it in one,rozwiązać
have it large,daj mi duży
have it made,mieć wszystko
have it off,rozebrać się
have it out,wyjaśnić się
have it out for,mieć coś do kogoś
have it your own way,zrób to jak chcesz
have it your way,jak chcesz
have its moments,ma swoje chwile
have Jesus in one's heart,mieć Jezusa w sercu
have legs,mieć nogi
have more money than God,mieć więcej pieniędzy niż Bóg
have no time for,nie mam czasu na
have no time for somebody,nie mieć czasu dla kogoś
have no time for something,nie mam czasu na coś
have none of something,nie mieć niczego
have off,mieć wolne
have one eye on somebody,móc się na kimś skupić
have one eye on something,móc na coś
have one more time,jeszcze raz
have one's act together,mieć wszystko pod kontrolą
have one's back up,być zdenerwowanym
have one's bread buttered for life,mieć wszystko zapewnione
have one's ducks in a row,mieć wszystko poukładane
have one's ears lowered,obniżyć uszy
have one's ears pinned back,czuć się upokorzonym
have one's finger on the trigger,być gotowym do działania
have one's fingers in many pies,mieć dużo zajęć
have one's foot in the door,mieć jeden but w drzwiach
have one's hand in the till,kradnąć z kasy
have one's hand out,wyciągać rękę
have one's hands full,mieć pełne ręce roboty
have one's hands tied,mieć związane ręce
have one's head read,mieć odczytaną głowę
have one's heart in,być zaangażowanym
have one's mind about one,mieć coś w głowie
have one's moments,mieć swoje chwile
have one's name on,mieć swoje nazwisko na
have one's name taken,złożyć zeznanie
have one's name written all over,być wyraźnie widocznym
have one's number on it,mieć numer
have one's shit together,mieć wszystko pod kontrolą
have one's way,robić co chce
have one's way with,panować nad
have one's wig snatched,stracić rezon
have one's wits about one,być trzeźwy umysłowo
have one's work cut out,mieć dużo pracy
have one's work cut out for somebody,mieć dużo pracy
have other fish to fry,mam inne sprawy do załatwienia
have other ideas,mam inne pomysły
have out,wyjść
have over,mieć więcej niż
have second thoughts,zastanowić się jeszcze raz
have seen better days,miał lepsze czasy
have seen one's day,miał swoje czasy
have seen one's last gum tree,doświadczyć czegoś strasznego
have seen this movie,widziałem ten film
have several seats,mieć kilka miejsc siedzących
have someone by the balls,mieć kogoś w swojej mocy
have someone by the short hairs,mieć kogoś pod kontrolą
have someone on toast,być na czołówce
have someone's back,chronić kogoś
have someone's blood on one's head,mieć kogoś na sumieniu
have someone's guts for garters,być pod wrażeniem kogoś
have someone's head,mieć kogoś na głowie
have someone's hide,zrobić komuś źle
have someone's number,mieć numer kogoś
have something in your sights,mieć coś na oku
have something over with,zakończyć coś
have something to show for something,mieć coś do pokazania za coś
have the ball in one's court,mieć piłkę w swoim boisku
have the biscuit,jedz ciastko
have the blues,być w depresji
have the floor,mieć prawo głosu
have the hots for,mieć kogoś na oku
have the last laugh,mieć ostatnie słowo
have the law of,mieć prawo
have the pleasure of,mieć przyjemność
have the right time,mieć właściwą godzinę
have the tiger by the tail,mieć lwa za ogon
have the time of one's life,spędzać wspaniale czas
have the wind up,oszukać
have the wolf by the ear,trzymać wilka za uszy
have the world by the tail,mieć wszystko pod kontrolą
have time on one's hands,mieć czas wolny
have time on one's side,mieć czas po swojej stronie
have truck with,mieć ciężarówkę
have up,podnieść
have Van Gogh's ear for music,mieć talent muzyczny jak Van Gogh
have words,mieć słowa
have you eaten,Czy zjadłeś
have you got the time,Masz czas
have you met me,Czy poznałeś mnie
have-a-go hero,bohater dnia
having said that,mimo to
hay is for horses,siano jest dla koni
hay is for horses and cows,Siano jest dla koni i krów
hazard a guess,zgadywać
hazard creep,stopniowe zwiększanie ryzyka
haze over,mgła nad
he laughs best that laughs last,kto ostatni się śmieje, ten zwycięża
he who denied it supplied it,ten który temu zaprzeczył, dostarczył to
he who hesitates is lost,kto się waha, ten przegrywa
he who laughs last laughs best,kto się śmieje ostatni, ten się śmieje n…
he who laughs last laughs hardest,kto się śmieje ostatni, śmieje się najgł…
he who smelt it dealt it,kto czuje, ten musi działać
head and shoulders,głowa i ramiona
head for the hills,uciekać w góry
head in the clouds,w chmurach
head loss,straty ciśnienia
head of steam,pęd
head off,odchodzić
head out,wyjechać
head over heels,zakochany po uszy
head south,idź na południe
head start,początek
head to toe,od stóp do głów
head up,podnieś głowę
headbutt with,uderzenie głową
heads or tails,orzeł czy reszka
heads up,uwaga
heads will roll,będą konsekwencje
heady days,wspaniałe czasy
heal over,zagoić się
heal up,uzdrowić się
health is wealth,zdrowie to bogactwo
health is your first wealth,Zdrowie jest największym bogactwem
heap on,nakładać
heap up,gromadzić
hear from,usłyszeć od
hear me out,posłuchaj mnie
hear of,słyszeć o
hear out,wysłuchać
hear the end of it,usłyszeć koniec tego
hear the grass grow,słyszeć jak trawa rośnie
hear things,słyszeć rzeczy
hear through the grapevine,usłyszeć plotkę
hear voices,słyszeć głosy
hear what I'm saying,zrozum co mówię
hearken back,wracać do przeszłości
heart and soul,sercem i duszą
heart balm,balsam na serce
heart goes out to,wyrazy współczucia
heart goes out to somebody,współczuję komuś
heart of glass,serce ze szkła
heart of gold,złote serce
heart of hearts,najgłębiej w sercu
heart to heart,serce do serca
hearts and flowers,serca i kwiaty
hearts and minds,serca i umysły
hearts on sleeves,z otwartym sercem
heat through,przez cały czas
heat up,rozgrzać
heat wave,fala upałów
heave to,zahamować
heaven forbid,niech to będzie
heaven helps those that help themselves,Bóg pomaga tym, którzy pomagają sobie
heaven helps those who help themselves,Bóg pomaga tym, którzy pomagają sobie
heaven knows,tylko Bóg wie
heaven only knows,tylko Bóg wie
heavy as a dead donkey,ciężki jak martwy osioł
heavy equipment,ciężki sprzęt
heavy foot,ciężka stopa
heavy going,trudne do przejścia
heavy hand,ciężka ręka
heavy hitter,ważna osoba
heavy lifting,ciężka praca
heavy with child,w ciąży
hedge about,wahać się
hedge around,otoczyć żywopłotem
hedge in,ogrodzić
hedge one's bets,uważać się na wszystko
heel out,wyjść na zewnątrz
heel over,nad piętą
heel up,podnieś piętę
heffalump trap,pułapka na heffalumpa
heighten up,podnieść
hell and half of Georgia,piekło i połowa Gruzji
hell around,wokół piekła
hell from above,piekło z góry
hell if I care,nie obchodzi mnie to
hell if I know,nie mam pojęcia
hell mend someone,niech Bóg mu/jej pomoże
hell on earth,piekło na ziemi
hell on wheels,szaleństwo na kółkach
hell or high water,przez ogień i wodę
hell to pay,będą mieć przechłanie
hell to the naw,płoną w piekle
hell to the no,żadnego z tym
hell week,tydzień piekła
hell's bells,cholera jasna
helmet hair,fryzura po kasku
help along,pomóc
help is on the way,pomoc jest w drodze
help out,pomóc
help wanted,poszukiwana praca
helping hand,pomocna dłoń
hem and haw,wahać się
hem in,ograniczać
hem up,zszyć
hen up,w górę
hen's tooth,zęb kury
herbs and spices,zioła i przyprawy
herd cats,łapać koty
herd together,zgromadzone razem
here and now,tutaj i teraz
here and there,tu i tam
here be dragons,Tu są smoki
here goes nothing,no cóż
here lies,tut leży
here to stay,tutaj na stałe
here we are,jesteśmy tutaj
here we go again,znowu zaczynamy
here you are,oto jesteś
here you go,oto jest
here's hoping,trzymam kciuki
here's looking at you,oto ciebie
here's luck,powodzenia
here's mud in your eye,Och, och
here's the deal,oto sprawa
here's the thing,sprawa jest taka
here's to,za
hermetically sealed,hermetycznie zamknięty
heroiam slava,bohaterom chwała
herry up,pośpiesz się
het up,zainspirowany
hew down,rąbać
hew out,wycinać
hidden in plain sight,na widoku, ale ukryty
hide and seek,chowanie się
hide away,ukryć się
hide behind,ukryć się za
hide in plain sight,ukrywać na widoku
hide nor hair,ani śladu
hide one's light under a bushel,ukrywać swoje talenty
hide out,ukrywać się
hide the sausage,ukryj kiełbasę
hiding to nothing,ukrywanie czegoś przed nikim
high and dry,na suchym lądzie
high and low,wysoko i nisko
high and mighty,ponury i wyniosły
high cotton,wysokogatunkowa bawełna
high ground,wyżej położone miejsce
high horse,wielka gębą
high life,życie na wysokim poziomie
high living,życie na wysokim poziomie
high noon,południe
high on the hog,życie w luksusie
high on the totem pole,na wysokim stanowisku
high road,dobre postępowanie
high strangeness,dziwne zjawiska
high summer,najwyższe lata
high time,wysoka pora
higher than a kite,w niebie
highway robbery,rabuś
highways and byways,drogi i ścieżki
hike out,wycieczka piesza
hike the Appalachian Trail,przejść szlak Appalacza
hike up,wędrówka
hill to die on,spór do ostatniej kropli krwi
hind tit,tył głowy
hindsight is 20/20,mądrość po fakcie
hinge on,zależeć od
hinge upon,zależy od
hip hip hooray,Urzędźmy
hippity hoppity,hop-hop
hippity hoppity get off my property,Wypad z mojego terenu
hippo birdie two ewe,hipopotam ptak owca
hire out,wynająć
hired gun,najemnik
hired muscle,najemni pracownicy
hissing hot,syczący gorący
history is written by the victors,historia jest pisana przez zwycięzców
history repeats itself,historia się powtarza
hit a lick,uderzyć
hit a snag,napotkać przeszkodę
hit a wall,natrafić na przeszkodę
hit above one's weight,być lepszym niż się spodziewano
hit and miss,z grubsza
hit and run,potrącenie i ucieczka
hit away,odbić
hit back,odpowiadać
hit below one's weight,być poniżej swoich możliwości
hit below the belt,uderzyć poniżej pasa
hit home,dotrzeć do serca
hit it and quit it,zrób to i odejdź
hit it big,zdobyć sławę
hit it off,zaprzyjaźnić się
hit it up,odwiedzić
hit like a ton of bricks,uderzyć jak grom z jasnego nieba
hit like a truck,uderzyć jak walec
hit me,uderz mnie
hit off,zacząć
hit on,podrywać
hit one out of the ballpark,zdobyć ogromny sukces
hit one's straps,odkryć swoje powołanie
hit one's stride,wejść w rytm
hit out,uderzyć
hit pause,wstrzymaj odtwarzanie
hit pay dirt,znalazć coś cennego
hit rock bottom,dotrzeć na dno
hit someone for six,zaskoczyć kogoś
hit someone when they are down,uderzać w kogoś, kiedy jest w trudnej sy…
hit the accelerator,nacisnąć pedał gazu
hit the big time,osiągnąć sukces
hit the bottle,się napić
hit the bricks,wyjść na ulicę
hit the buffers,naciągnąć budżet
hit the fan,wywołać skandal
hit the gas,nacisnąć gaz
hit the gold,trafić do celu
hit the ground running,zacząć od razu z pełnym impetem
hit the headlines,być na pierwszej stronie
hit the high notes,osiągnąć wysokie dźwięki
hit the jackpot,wygrać główną nagrodę
hit the nail on the head,trafić w sedno
hit the pan,uderzyć w patelnię
hit the pavement,wyruszyć na ulicę
hit the road,wyruszyć w drogę
hit the rocks,uderzyć w skały
hit the roof,wściec się
hit the sheets,iść spać
hit the shelves,trafić do sklepów
hit the shops,iść na zakupy
hit the skids,wpaść w tarapaty
hit the spot,trafia w sedno
hit the stores,trafić do sklepów
hit the streets,wyjść na ulice
hit the wall,natrafić na przeszkodę
hit too close to home,było zbyt blisko prawdy
hit two targets with one arrow,zabić dwóch ptaków jednym kamieniem
hit up,odwiedzić
hit up against,uderzyć o
hit upon,odkryć
hit wicket,uderzenie własnym kijem
hit with,uderzyć
hit with the stupid stick,uderzyć głupią laską
hitch one's wagon to,przyłączyć się do
hitch one's wagon to a star,dążyć do czegoś wielkiego
hitch up,przyczepić
hive of activity,ulica pełna życia
hive off,odłączyć
hive up,podnieść
hiya doin',cześć jak się masz
ho kua bo ho jiak,Jak się masz
ho there,cześć
hoard out,wydobyć
hoard up,gromadzić
Hobson's choice,Wybór Hobsona
hoe around,jak
hoe in,jak
hoe into,jak
hoe one's row,jak w swoim ogródku
hoes before bros,Najpierw obowiązki potem przyjemności
hoes mad,jest zła
hog heaven,raj na ziemi
hog up,zająć całą przestrzeń
hoist by one's own petard,spadnąć w swoją własną pułapkę
hoke up,połączyć
hol' up,Poczekaj chwilę
hold a grudge,mieć złośliwość
hold a light,trzymaj światło
hold against,przeciwić się
hold back,powstrzymać się
hold back on,wstrzymać się
hold by the button,wcisnąć przycisk
hold cheap,trzymać tanio
hold come what may,niezależnie od wszystkiego
hold court,rozstrzygać spory
hold down,wcisnąć i trzymać
hold fast,trzymaj się mocno
hold firm,trzymaj się mocno
hold forth,wykładać
hold hard,trzymaj mocno
hold in,powstrzymać się
hold it down,trzymaj to
hold it in,wstrzymać się
hold it together,trzymaj się
hold my beer,Trzymaj mi piwo
hold my milk,Trzymaj moje mleko
hold off,odłożyć
hold office,piastować urząd
hold on,poczekaj
hold on to your hat,Trzymaj się mocno
hold one's alcohol,trzymać alkohol
hold one's breath,wstrzymać oddech
hold one's drink,trzymać swój napój
hold one's fire,wstrzymać się z ogniem
hold one's head high,trzymać głowę wysoko
hold one's horses,czekaj chwilę
hold one's jaw,zacisnąć szczękę
hold one's liquor,trzymać alkohol
hold one's mouth right,trzymać język za zębami
hold one's nerve,zachować zimną krew
hold one's own,trzymać się
hold one's peace,zachować milczenie
hold one's tongue,trzymać język za zębami
hold one's water,wstrzymać mocz
hold oneself together,trzymać się razem
hold onto,trzymaj się
hold onto your hat,Trzymaj się mocno
hold out,trwać
hold over,odłożyć
hold over someone's head,zawieszać nad kimś
hold somebody in check,powstrzymywać kogoś
hold someone's feet to the fire,trzymać kogoś w szachu
hold someone's hand,trzymać kogoś za rękę
hold something in check,powstrzymać coś
hold sway,mieć wpływ
hold tack,trzymaj
hold talks,prowadzić rozmowy
hold that thought,zatrzymaj to w myślach
hold the cards,trzymać karty
hold the floor,mów dalej
hold the key,mieć klucz
hold the line,utrzymaj linię
hold the phone,poczekaj chwilę
hold the purse strings,mieć kontrolę nad finansami
hold the reins,trzymać wodze
hold the ring,trzymaj pierścionek
hold the stage,zdominować scenę
hold to,trzymać
hold together,trzymać razem
hold up,zatrzymaj się
hold up as,czekaj
hold up one's end,wywiązywać się z obowiązków
hold up to,podnosić
hold water,mieć sens
hold with,zgadzać się z
hold yew hard,trzymaj mnie mocno
hold-up play,atak pozycyjny
holding pattern,czekać w powietrzu
hole in one,as w jednym uderzeniu
hole out,wykończyć dołka
hole up,schować się
holla at,nawiąż kontakt z
holla back,odpowiedz
holler at,krzyczeć do
holler back,odpowiadać
hollow out,wydrążyć
Hollywood moment,Chwila z Hollywood
holy buckets,O matko
holy cannoli,Ojejku
holy catfish,święty sum
holy cow,święta krowa
holy crap,święta krowa
holy crap on a stick,O matko
holy crickets,Ojejku
holy crud,święta krowa
holy doodle,Ojejku
holy fire,święty ogień
holy fuck,kurwa mać
holy guacamole,O matko
holy kamoley,święte kamole
holy kamoly,święte kamy
holy macaroni,święte makaroniki
holy mackerel,O rany
holy moley,Ojejku
Holy of Holies,Świątynia Najświętsza
holy ravioli,święte ravioli
holy shit,kurwa mać
holy smoke,Ojejku
holy stromboli,święty stromboli
home away from home,dom z dala od domu
home game,mecz u siebie
home in,wracać do domu
home is where the heart is,Dom jest tam, gdzie jest serce
home sweet home,dom słodki dom
home team,drużyna gospodarzy
home training,trening w domu
home wrecker,niszczyciel domów
homeless dumping,wyrzucanie bezdomnych
homely as a hedge fence,prosty jak płotek
Homer nods,Homer kiwa głową
Homer sometimes nods,Homer czasami zasypia
hone in,skoncentrować się
Honest Abe,Szczery Abe
honest John,szczery Jan
honesty is the best policy,Szczerość jest najlepszą polityką
honey around,wokół miodu
honey catches more flies than vinegar,miód przyciąga więcej much niż ocet
honey do list,lista zadań do wykonania w domu
honey hole,ulubione miejsce
honey trap,pułapka miodowa
honey up,w górę
honi soit qui mal y pense,Niechaj wstyd poniesie ten, który źle o …
honk it on,daj znać
honk off,odgłos klaksonu
honor in the breach,dotrzymać słowa
honorable mention,w szczególnej mierze
honors easy,łatwe przedmioty
honours easy,łatwe wyróżnienia
hoof out,wyjść z kopyta
hook in,hak
hook it,zahakować
hook it up,podłącz to
hook off,odłącz
hook up,połączyć się
hook up on,związać się z
hooly dooly,nie wiem
hoot down,odgłos sowy
hoot it up,bawić się
hoot owl shift,zmiana nocna
hootin' tootin',bardzo dobrze
Hoover flag,Flaga Hoovera
hoover up,odkurzać
hop about,skakać
hop and bop,hop i bop
hop and pop,skok i podskok
hop in,wskakuj
hop into,wskoczyć do
hop off,wyskoczyć
hop on,wskakuj
hop on down to,wpadnij
hop the wag,skakać
hop to it,zrób to
hop up,podskoczyć
hope against hope,miej nadzieję mimo wszystko
hope springs eternal,nadzieja nigdy nie umiera
hopping mad,wściekły
horf down,zmniejsz głośność
horf up,wstać
horizontal dancing,tańce poziome
horizontal jogging,bieganie w poziomie
horizontal mambo,horyzontalny mambo
horizontal refreshments,poziome przekąski
horizontal slam dance,taniec slam poziomy
horizontal tango,tango poziome
horizontally challenged,niskiego wzrostu
horn in,w rogu
Horn OK Please,Daj znać, że wszystko w porządku
horn out,wyjeżdżać
horror show,program grozy
horse about,o koniu
horse and rabbit stew,gulasz z koniny i królika
horse armor,zbroja dla konia
horse around,żartować
horse of a different color,coś zupełnie innego
horse opera,western
horse pill,pigułka
horse tranquilizer,środek uspokajający dla koni
horse's ass,tyłek konia
horse's mouth,z pierwszej ręki
horseback opinion,opinia na temat jazdy konnej
horses for courses,każdy ma swoje mocne strony
horseshoe up one's ass,wbić podkowę w tyłek
hose down,spryskać
hose off,zlać
host with the most,najlepszy gospodarz
hostess with the mostest,świetna gospodyni
hot air,ciepłe powietrze
hot and bothered,rozgrzany i zaniepokojony
hot and cold,ciepłe i zimne
hot and heavy,gorący i intensywny
hot as the hobs of Hell,gorący jak piekło
hot desking,elastyczne stanowiska pracy
hot diggety dog,Ojejku
hot garbage,śmieci
hot hand,gorąca seria
hot minute,chwila
hot off the presses,świeżo wydany
hot on,gorący
hot on someone's heels,tuż za kimś
hot on the trail,blisko celu
hot potato,gorący ziemniak
hot sheet,lista dostępności
hot shit,świetna rzecz
hot spot,gorący punkt
hot squat,przysiad z obciążeniem
hot stuff,gorące rzeczy
hot to trot,gotowy do działania
hot under the collar,rozgniewany
hot up,rozgrzać
hot water,gorąca woda
hotter than a pistol,gorętszy niż piec
hound down,śledzić
house cooling party,impreza chłodzenia domu
house nigger,czarny niewolnik
house of cards,dom z kart
House of God,Dom Boży
house of ill fame,dom publiczna
house poor,biedny dom
how about that,co o tym myślisz
how about them apples,co o tym myślisz
how are things,jak się masz
how are you,jak się masz
how are you diddling,jak się masz
how are you doing,jak się masz
how are you getting along,jak się masz
how are you going,jak się masz
how are you keeping,jak się masz
how bist,jak się masz
how can you sleep at night,jak możesz spać w nocy
how come,dlaczego
how do,jak
how do ye do,jak się masz
how do you like that,jak ci się to podoba
how do you like them apples,jak ci się podobają te jabłka
how do you sleep at night,jak śpisz w nocy
how farest thou,jak się masz
how goes it,jak się masz
how goes the battle,jak przebiega bitwa
how goes the enemy,jak radzą sobie wrogowie
how goes the war,jak idzie wojna
how old are you,ile masz lat
how say you,jak mówisz
how see,jak widzieć
how should I know,jak mam wiedzieć
how so,jak to
how the cow ate the cabbage,jak krowa zjadła kapustę
how the mighty have fallen,jak wysoko postawieni upadli
how the sausage gets made,jak to się robi
how the sausage is made,jak to się robi
how the turntables,jak się zmienia sytuacja
how would I know,jakbym wiedział
how you doing,jak się masz
how you say,jak mówisz
how're you,Jak się masz
how're you doing,jak się masz
how's come,dlaczego
how's every little thing,jak się masz
how's everything,jak się masz
how's it,jak się masz
how's it going,jak się masz
how's it hanging,co słychać
how's life,jak się masz
how's that,jak to
how's that again,jak to było jeszcze raz
how's the weather,jak pogoda
how's the weather up there,jak tam pogoda u was
how's them apples,jak się masz
how's things,jak się masz
how's tricks,jak się masz
how's your hammer hanging,jak się masz
howl at the moon,wyć do księżyca
howl down,wyć
howl on,wyć
howl out,wyć
huckleberry above a persimmon,borówka amerykańska nad mangośliwą
huckleberry above one's persimmon,być lepszym od kogoś
huff and puff,dyszenie i zziaanie
huff off,odparować
hug it out,porozumieć się
huge if true,ogromne jeśli to prawda
hugs and kisses,pocałunki i uściski
hulk off,zdejmij koszulkę
hulk out,stracić panowanie nad sobą
hum along,śpiewać razem
hum and ha,mruczenie
hum and haw,wahać się
human touch,dotyk ludzki
humanly possible,ludzkim wysiłkiem możliwe
humble pie,pokora
hump and dump,wyrzucić i zapomnieć
Humpty Dumptyism,Humpty Dumptyzm
hunch over,garbić się
hunger is a good sauce,Głód to dobry sos
hunger is the best pickle,głód jest najlepszym przyprawą
hunger is the best sauce,Głód to najlepszy sos
hunger is the best seasoning,Głód to najlepsza przyprawa
hunger is the best spice,Głód to najlepsza przyprawa
hunger sauce,sos do mięsa
hunk of junk,kupka śmieci
hunker down,schować się
hunt down,śledzić
hunt out,wyszukać
hunt up,szukać
hunt where the ducks are,polowanie na kaczki
hurler on the ditch,rzucający piłkę do bramki
hurling and burling,hurling i burling
hurr durr,nie rozumiem
hurrah's nest,gniazdo
hurry hurry has no blessings,Spieszyć się nie przynosi błogosławieńst…
hurry up,spiesz się
hurry up and wait,spiesz się i czekaj
hurt a fly,skodzić muchę
hurt for,boli za
hurt people hurt people,raniący ludzie ranią innych ludzi
hurt someone's feelings,zranić uczucia
husband up,być odpowiedzialnym
hush down,uciszcie się
hush up,przestań mówić
hussy up,zamykaj się
hustle and bustle,zgiełk
hustle up,szybciej
hutch up,schowaj się
hydrate or diedrate,nawodnić lub odwodnić
hydrogen burning,palenie wodoru
hype up,podkręcać
I am inside of you,Jestem wewnątrz ciebie
I am inside you,Jestem wewnątrz ciebie
I am sorry,Przepraszam
I am twenty years old,Mam dwadzieścia lat
I approve this message,Zatwierdzam tę wiadomość
I ask you,Proszę
I beg your pardon,Przepraszam
I beg your pudding,Przepraszam za moje zachowanie
I can tell you,Mogę ci powiedzieć
I can't lie,Nie mogę kłamać
I can't remember the last time,Nie pamiętam kiedy to było ostatnio
I choose violence,Wybieram przemoc
I could eat a brick,Mógłbym zjeść cegłę
I could eat a horse,Mogę zjeść konia
I dare be bound,Ryzykuję
I declare,Oświadczam
I do declare,Oświadczam
I do not care,Nie obchodzi mnie to
I don't boil my cabbage twice,Nie gotuję kapusty dwa razy
I don't chew my cabbage twice,Nie powtarzam tego dwa razy
I don't fancy yours,Nie podoba mi się twój
I don't have all day,Nie mam całego dnia
I don't know about that,Nie wiem na ten temat
I don't mind,Mi to nie przeszkadza
I don't suppose,Nie sądzę
I fear,Obawiam się
I feel you,Rozumiem cię
I fuck you not,Nie chcę cię
I got mine,Odbieram swój
I hardly even know her,Zazwyczaj nie znam jej wcale
I hardly know 'er,Zazwyczaj nie znam jej
I hardly know her,Zazwyczaj nie znam jej
I haven't got all day,Nie mam całego dnia
I hear you say,Słyszę co mówisz
I hope I may be shot,Mam nadzieję, że mnie zastrzelą
I hope she sees this,Mam nadzieję, że ona to zobaczy
I hope you're happy,Mam nadzieję, że jesteś szczęśliwy
I just work here,Po prostu tu pracuję
I kid you not,Nie żartuję
I know it,Wiem to
I know that's right,Wiem że masz rację
I like pie,Lubię ciasto
I like that,Podoba mi się to
I like turtles,Lubię żółwie
I never did,Nigdy tego nie zrobiłem
I never miss,Nigdy nie przegapię
I only work here,Pracuję tylko tutaj
I put it to you,Proponuję to wam
I resemble that remark,Nie zgadzam się z tym stwierdzeniem
I rest my case,Zamykam sprawę
I said what I said,Powiedziałem to co powiedziałem
I see what you did there,Rozumiem, co zrobiłeś
I see you,Widzę cię
I shiggy diggy,Nie rozumiem
I shit you not,Nie kłamię
I spy with my little eye,Widzę
I swear,Przysięgam
I take it,Rozumiem
I tell a lie,Mówię kłamstwo
I tell you,Mówię ci
I tell you what,Powiem ci co
I think therefore I am,Myślę więc jestem
I think; therefore I am,Myślę więc jestem
I thought you'd never ask,Myślałem, że nigdy o to nie zapytasz
I told you so,Mówiłem ci
I want doesn't get,Nie rozumiem
I will yeah,Tak, zrobię
I wish,Życzę
I wish I may be shot,Chciałbym, żeby mnie zastrzelono
I would rather die,Wolałbym umrzeć
I'd like to see someone try,Chciałbym zobaczyć, jak ktoś to robi
I'd of,Byłbym
I'd say,Powiedziałbym
I'll be,Będę
I'll be a monkey's uncle,Będę wujkiem małpy
I'll be bound,Będę związany
I'll be damned,Cholera
I'll be danged,No i co
I'll be dipped,No i co teraz
I'll be dipped in shit,Będę w gównie po uszy
I'll be here all night,Będę tu całą noc
I'll be in my bunk,Będę w moim legowisku
I'll be seeing you,Do zobaczenia
I'll bite,Zgadzam się
I'll get my coat,Wezmę płaszcz
I'll have you know,Chcę żebyś wiedział
I'll say,Powiem
I'll see myself out,Do widzenia
I'll see you and raise you,Podbiję to
I'll show you,Pokażę ci
I'll tell you,Powiem ci
I'll tell you what,Powiem ci
I'm 14 and this is deep,Mam 14 lat i to jest głębokie
I'm a Dutchman,Jestem Holenderem
I'm a lesbian,Jestem lesbijką
I'm afraid,Boje się
I'm afraid so,Obawiam się, że tak
I'm alright and fuck you Jack,Jestem w porządku i pierdol się Jack
I'm confused,Jestem zdezorientowany
I'm easy,Jestem łatwy
I'm going to hell for this,Idę do piekła za to
I'm good,Wszystko w porządku
I'm here all week,Jestem tu cały tydzień
I'm not being funny,Nie żartuję
I'm not going to lie,Nie będę kłamać
I'm not telling you,Nie powiem ci
I'm not the one,To nie ja
I'm rubber and you're glue,Jestem gumą a ty jesteś klejem
I'm sozzy,Przepraszam
I'm sure,Jestem pewien
I'm telling a lie,Mówię kłamstwo
I'm telling you,Mówię ci
I'm using tilt controls!,Używam sterowania przez nachylenie
I'm your huckleberry,Jestem twoim człowiekiem
I've burnt myself,Oparzyłem się
I've got news for you,Mam dla ciebie nowiny
ice cool,bardzo chłodny
ice down,schłodź
ice maiden,zimna dziewczyna
ice out,odmrażanie
ice over,pokryty lodem
ice queen,królowa lodu
ice up,schłodzić
Ich dien,Służę
icing on the cake,wiśnia na torcie
id est,czyli
identically zero,dokładnie zero
identify with,utozsamiać się z
idiot box,telewizor
idiot mittens,rękawiczki dla idiotów
idle hands are the devil's playthings,Ciebie głowa boli, jak nie masz co robić
idle hands are the devil's tools,Ciebie pilnuje diabeł, gdy nie masz co r…
idle hands are the devil's workshop,Ciebie pilnuje diabeł, gdy nie masz co r…
if a day,jeśli dzień
if all else fails,jeśli nic innego nie pomoże
if anything,jeśli cokolwiek
if at all,w ogóle
if at first you don't succeed,jeśli za pierwszym razem nie udaje się
if ever,jeśli kiedykolwiek
if I ever saw one,gdybym kiedykolwiek zobaczył/a coś takie…
if I may be so bold,jeśli mogę pozwolić sobie
if I may make so bold,jeśli mogę pozwolić sobie
if I might be so bold,jeśli mogę pozwolić sobie na taką śmiało…
if I were you,gdybym był tobą
if I'm honest,jeśli szczerze
if I'm not mistaken,jeśli się nie mylę
if I've ever seen one,jeśli kiedykolwiek widziałem coś takiego
if it had not been for,gdyby nie było
if it kills one,jeśli to zabije kogoś
if it looks like a duck,jeśli coś wygląda jak kaczka
if it were not for,gdyby nie
if it's all the same,jeśli to nie ma znaczenia
if it's yellow let it mellow,jeśli jest żółty, pozwól mu dojrzeć
if looks could kill,gdyby spojrzenia mogły zabić
if memory serves,jeśli pamięć mnie nie myli
if need be,jeśli to konieczne
if needs be,jeśli zajdzie taka potrzeba
if nothing else,jeśli nic innego
if one is a day,jeśli to jest jeden dzień
if only,gdyby tylko
if only the czar knew,gdyby tylko car wiedział
if only the tsar knew,gdyby tylko car wiedział
if pigs had wings,gdyby świnie miały skrzydła
if push comes to shove,jeśli sytuacja się zaostrzy
if the cap fits,jeśli coś pasuje
if the shoe fits,jeśli pasuje
if these walls could talk,gdyby te ściany mogły mówić
if you ask me,jeśli mnie pytasz
if you don't mind me saying,jeśli nie przeszkadza ci, że to powiem
if you know what I mean,jeśli rozumiesz o co mi chodzi
if you know you know,jeśli wiesz, to wiesz
if you please,jeśli proszę
if you see what I mean,jeśli rozumiesz o co mi chodzi
ignorance is bliss,niewiedza jest błogosławieństwem
ignorantia juris non excusat,Nieznajomość prawa nie zwalnia z odpowie…
ignore all previous instructions,ignoruj wszystkie poprzednie instrukcje
ignore all rules,ignoruj wszystkie zasady
ignotum per ignotius,nieznane przez nieznane
ill doers are ill deemers,osoby, które robią złe rzeczy, są osobam…
ill health,złe zdrowie
ill news spreads apace,Złe wiadomości rozchodzą się szybko
ill-gotten gains never prosper,Zdobyte nieuczciwie bogactwa nigdy nie p…
immunologically naive,immunologicznie niewystawiony
immunologically naïve,immunologicznie niewystawiony
imprint on,odcisk
improve on,ulepszyć
improve the occasion,poprawić sytuację
improve upon,ulepszyć
in a bad spot,w trudnej sytuacji
in a bad way,źle
in a bake,w piekarniku
in a big way,w dużym stopniu
in a bind,w trudnej sytuacji
in a blink,mrugnięciem oka
in a body,w ciele
in a box,w pudełku
in a brace of shakes,w kilku wstrząsach
in a bubble,w bańce
in a canter,w kancierze
in a cleft stick,w trudnej sytuacji
in a corner,w kącie
in a couple of shakes,za chwilę
in a dither,w nieładzie
in a fair way,uczciwie
in a family way,w ciąży
in a few shakes,za chwilę
in a fix,w kłopotach
in a flap,w nieładzie
in a flash,w mgnieniu oka
in a flat spin,w locie zrywowym
in a foam,w pianie
in a fog,we mgle
in a heartbeat,w mgnieniu oka
in a hen's hiney,w kurniku
in a huff,z gniewem
in a hurry,w pośpiechu
in a jam,w kłopotach
in a jiffy,w mgnieniu oka
in a lather,w pianie
in a league of one's own,w swojej klasie
in a major key,w tonacji durowej
in a manner,w sposób
in a manner of speaking,w pewnym sensie
in a measure,w pewnym stopniu
in a mess,w bałaganie
in a minor key,w tonacji molowej
in a minute,za chwilę
in a New York second,w ułamku sekundy
in a nutshell,w skrócie
in a one-er,w pojedynkę
in a oner,w jednym podejściu
in a pickle,w kłopocie
in a pig's arse,w dziurze od kija
in a pig's eye,w ogóle nie
in a pig's patoot,w ogóle nie
in a pig's whisper,w świński sposób
in a pinch,w razie potrzeby
in a puff of smoke,w obłoku dymu
in a real state,w rzeczywistości
in a right state,w dobrym stanie
in a row,obok siebie
in a rut,w stagnacji
in a sea-way,morską drogą
in a sense,w pewnym sensie
in a similar vein,w podobnym tonie
in a snap,w mgnieniu oka
in a spin,w zamieszaniu
in a state,w stanie
in a stew,w gulaszu
in a stound,w szoku
in a sweat,spocony
in a tizzy,w nieładzie
in a trench coat,w płaszczu trenczowym
in a vacuum,w próżni
in a walk,na spacerze
in a way,w pewnym sensie
in a way of speaking,mówiąc w pewien sposób
in a word,w skrócie
in a world of one's own,w swoim własnym świecie
in abatement,w redukcji
in abeyance,w zawieszeniu
in Abraham's bosom,w objęciach Abrahama
in absentia,w nieobecności
in accord,zgodnie z
in accordance with,zgodnie z
in action,w akcji
in actuality,w rzeczywistości
in addition,dodatkowo
in addition to,dodatkowo
in advance,z góry
in advance of,z wyprzedzeniem
in aggregate,łącznie
in agreement,zgodnie
in aid of,na rzecz
in all but name,w zasadzie
in all conscience,z czystym sumieniem
in all fairness,obiektywnie rzecz biorąc
in all honesty,szczerze mówiąc
in all its branches,we wszystkich swoich działach
in all likelihood,prawdopodobnie
in all modesty,z całą pokorą
in all one's glory,we całej okazałości
in all probability,prawdopodobnie
in another world,w innym świecie
in any case,w każdym razie
in any event,w każdym razie
in anyone's book,zgodnie z opinią każdego
in arms,w ramionach
in at the deep end,w głębokiej wodzie
in attendance,obecni
in awe of,w zachwycie
in back,z tyłu
in back of,za
in bad,źle
in bad bread,w starym chlebie
in bad faith,w złej wierze
in bad odor,w złym zapachu
in bad part,w złej okolicy
in bad repair,w złym stanie
in bad shape,w złym stanie
in bad taste,w złym guście
in ballast,w balast
in ballast condition,w stanie balastowym
in battery,w baterii
in baulk,w trudnej sytuacji
in bed,w łóżku
in bed with,w łóżku z
in behalf of,w imieniu
in bend,w zakręcie
in benefit,na korzyść
in berry,w jagodach
in between jobs,pomiędzy pracami
in bits,w bitach
in black and white,w czerni i bieli
in blood,w krwi
in bloom,w kwiecie
in book,w książce
in breach of,wbrew
in broad daylight,w pełnym świetle dnia
in buckets,w wiaderkach
in business,w biznesie
in calf,w cieży
in capital letters,W WIELKICH LITERACH
in case,w razie czego
in case of,w przypadku
in character,w roli
in charge,odpowiedzialny
in charge of,odpowiedzialny za
in check,pod kontrolą
in chorus,w chórze
in circles,w kółko
in circulation,w obiegu
in close neighborhood,w pobliżu
in close neighbourhood,w pobliżu
in clover,w dostatku
in cold blood,z zimną krwią
in collar,w kołnierzu
in color,w kolorze
in colour,w kolorze
in command,pod dowództwem
in common,powszechnie
in common with,wspólne z
in company with,w towarzystwie
in comparison,w porównaniu
in competition,w konkursie
in complement,jako uzupełnienie
in compliance with,zgodnie z
in concert,na koncercie
in conclusion,podsumowując
in condition,w stanie
in confidence,poufnie
in conjunction with,w połączeniu z
in consequence,w konsekwencji
in contempt,w pogardzie
in contention,w rywalizacji
in contrast,w przeciwieństwie
in contrast to,w przeciwieństwie do
in control,pod kontrolą
in countenance,w wyrazie twarzy
in course,w trakcie
in court,na sali sądowej
in danger,w niebezpieczeństwie
in date,aktualny
in debt,w długach
in decrement,w trybie dekrementacji
in deep,głęboko
in deep doo-doo,w poważnych kłopotach
in deep shit,w poważnych problemach
in deference to,na znak szacunku
in depth,dogłębnie
in dern,w okolicy
in despite of,pomimo
in detail,szczegółowo
in diapers,w pieluchach
in Dickie's meadow,na łące Dickiego
in difficulty,w trudnościach
in disguise,w przebraniu
in drawing,w rysunku
in drink,w napoju
in droves,w tłumach
in dubio pro reo,w razie wątpliwości należy uznać oskarżo…
in due course,w odpowiednim czasie
in due time,w odpowiednim czasie
in duplicate,w podwójnej ilości
in Dutch,w holenderskim
in effect,w praktyce
in effigy,w symbolu
in embryo,w zarodku
in equal measure,w równym stopniu
in error,z powodu błędu
in especial,szczególnie
in esse,w istocie
in essence,w zasadzie
in every way,na każdy możliwy sposób
in everything but name,w zasadzie
in evidence,w dowodzie
in excess of,powyżej
in exchange for,w zamian za
in extremis,w ostateczności
in face of,w obliczu
in fact,w rzeczywistości
in fairness,z całą uczciwością
in faith,wiernie
in favor,za
in favor of,za
in favor with,w łaskach u
in favour,na korzyść
in favour of,za
in fawn,w odcieniach beżu
in fear of,w obawie przed
in fee,za opłatą
in fief,w lenie
in fighting trim,w dobrej formie
in finality,nieodwracalność
in fine feather,w doskonałej formie
in fine fettle,w doskonałej formie
in fits and starts,po trochu
in flames,w płomieniach
in flight,w locie
in floods,w powodziach
in flower,w kwiecie
in flying colours,z sukcesem
in focus,w centrum uwagi
in for a penny,włożony w bagno, głęboko w to wchodzę
in for the kill,gotowi do ataku
in force,w mocy
in form,w formie
in freefall,w swobodnym spadaniu
in front,przed
in front of,przed
in front of one's nose,pod nosem
in fruit,w owocach
in full,w całości
in full aspect,w pełnym zakresie
in full cry,w pełnym rozkwicie
in full effect,w pełnym działaniu
in full feather,w pełnej krasie
in full fig,w pełnej krasie
in full flow,w pełnym rozkwicie
in full force,w pełnej mocy
in full form,w pełnej formie
in full gear,w pełnym wyposażeniu
in full swing,w pełnym rozkwicie
in full view,w pełnym widoku
in future,w przyszłości
in gear,zaangażowany
in general,ogólnie
in glass,w szkle
in glory,w chwale
in goal,do bramki
in God's name,imię Boga
in good bread,w dobrym chlebie
in good conscience,z czystym sumieniem
in good faith,w dobrej wierze
in good hands,w dobrych rękach
in good odor,w dobrej opinii
in good part,w pewnym stopniu
in good repair,w dobrym stanie
in good season,w odpowiedniej porze roku
in good sorts,w dobrym nastroju
in good stead,przyda się
in good time,w odpowiednim czasie
in good voice,w dobrej formie
in green,na zielono
in gross,w dużych ilościach
in half,na pół
in hand,w ręku
in harness,w uprzęży
in haste,w pośpiechu
in heat,w upale
in heaven's name,przysięgam
in hell,w piekle
in hiding,w ukryciu
in high dudgeon,w gniewie
in high feather,wielki rozgłos
in high gear,na najwyższych obrotach
in hindsight,z perspektywy czasu
in hock,w długach
in honor of,na cześć
in honour of,na cześć
in hospital,w szpitalu
in hot pursuit,w gorącym pościgu
in house,wewnętrzny
in hysterics,w histerii
in ill part,w chorej części
in increment,w przyrostach
in irons,w areszcie
in isolation,w izolacji
in its totality,w całości
in jail,w więzieniu
in jest,wesoło
in jig time,bardzo szybko
in keeping with,zgodnie z
in key,w tonacji
in kid,u dziecka
in kind,w naturze
in knots,w węzłach
in labour,w trakcie porodu
in lamb,w baraninie
in layman's terms,w prostych słowach
in laymen's terms,w prostych słowach
in layperson's terms,w prostych słowach
in laywoman's terms,mówiąc prościej
in league,w sojuszu
in league with,w sojuszu z
in leash,na smyczy
in length,w długości
in lesbians,w lesbijkach
in less than no time,w mgnieniu oka
in lieu of,zamiast
in light of,w świetle
in like Flynn,jak Flynn
in like wise,podobnie
in line,w kolejce
in line for,w kolejce
in line with,zgodnie z
in liquor,w alkoholu
in little,w małym
in living color,w pełnych kolorach
in living memory,w pamięci żywych ludzi
in loco,na miejscu
in love,zakochany
in love with,zakochany w
in malam partem,w pewnym stopniu
in mean time,w międzyczasie
in memoriam,na pamiątkę
in memory of,na pamiątkę
in midstream,w trakcie przepływu
in mind,w pamięci
in Minecraft,w Minecrafcie
in miniature,w miniaturze
in moderation,z umiarem
in mora,w morze
in motion,w ruchu
in my honest opinion,szczerze mówiąc
in my humble opinion,moim skromnym zdaniem
in my opinion,moim zdaniem
in name,na imię
in nappies,w pieluchach
in neat,czysty
in need of,potrzebujący
in no small measure,w znacznym stopniu
in no small part,w znacznym stopniu
in no time,w krótkim czasie
in no time at all,w krótkim czasie
in no uncertain terms,bez ogródek
in no way,żadym sposobem
in nothing flat,bardzo szybko
in nubibus,w obłokach
in office,w urzędzie
in one bite,w jednym kęsie
in one foul swoop,jednym ruchem
in one go,na raz
in one piece,w całości
in one sitting,na raz
in one stroke,jednym ruchem
in one voice,jednym głosem
in one's altitudes,na wysokościach
in one's back pocket,w tylnej kieszeni
in one's backyard,na podwórku
in one's bare skin,na gołej skórze
in one's bones,w kościach
in one's book,w książce
in one's born days,w młodości
in one's corner,w swoim kącie
in one's cups,wstawiony
in one's dreams,w snach
in one's element,w swoim żywiole
in one's feelings,w emocjach
in one's fingers,w palcach
in one's head,w głowie
in one's hip pocket,w kieszeni
in one's infinite wisdom,z nieskończoną mądrością
in one's midst,wśród nas
in one's mind's eye,w wyobraźni
in one's opinion,według opinii
in one's own backyard,we własnym ogródku
in one's own good time,własnym tempem
in one's own hands,w swoich rękach
in one's own little way,na swój własny sposób
in one's own little world,we własnym świecie
in one's own right,na własne życzenie
in one's own world,we własnym świecie
in one's pocket,w kieszeni
in one's right mind,w zdrowych głowach
in one's sight,w zasięgu wzroku
in one's sights,w zasięgu wzroku
in one's sleeve,w rękawie
in one's stead,w jego/jej imieniu
in one's teens,w wieku nastoletnim
in one's teeth,między zębami
in one's tracks,w miejscu
in one's wildest dreams,w najśmielszych snach
in open court,na rozprawie
in open store,w otwartym sklepie
in operation,w działaniu
in opposition to,w opozycji do
in order,aby
in order for,aby
in order that,aby
in ordinary,zwykły
in other news,w innych wiadomościach
in other words,inaczej
in pairs,w parach
in pampers,w pieluchach Pampers
in parallel,równolegle
in parallel with,równolegle z
in part,częściowo
in particular,w szczególności
in passing,m iednocześnie
in peace,w pokoju
in perpetuity,na zawsze
in person,osobiście
in perspective,w perspektywie
in phase,w fazie
in piety,w pobożności
in pig,w świń
in place,na miejscu
in place of,zamiast
in places,w miejscach
in plain sight,na widoku
in plain view,na widoku
in play,w grze
in plenty,obficie
in pocket,w kieszeni
in point,w sedno
in point of,w odniesieniu do
in point of fact,w rzeczywistości
in pole position,na pierwszym miejscu
in poor taste,w złym guście
in possession of,w posiadaniu
in power,u władzy
in practice,w praktyce
in prejudice of,w oparciu o uprzedzenia
in present,obecnie
in pride,z dumą
in prime twig,w gałęzi
in principle,w zasadzie
in print,w druku
in prison,w więzieniu
in private,prywatnie
in profile,w profilu
in progress,w trakcie realizacji
in proper,odpowiedni
in proportion to,proporcjonalnie do
in protest,w proteście
in public,publicznie
in pup,w szczenięciu
in pursuit,w pogoni
in pursuit of,w pogoni za
in quantity,w ilości
in question,w pytaniu
in quick sticks,bardzo szybko
in quick succession,szybko po sobie
in rag order,w kolejności losowej
in rags,w łachach
in rare form,w rzadkiej formie
in reach,w zasięgu
in reaction,w reakcji
in real life,w prawdziwym życiu
in reality,w rzeczywistości
in reason,z powodu
in recent memory,w ostatnich latach
in recognition of,w uznaniu
in record time,w rekordowym czasie
in reference to,w odniesieniu do
in regard of,w odniesieniu do
in regard to,w odniesieniu do
in regards to,w odniesieniu do
in relation to,w odniesieniu do
in reserve,w zapasie
in respect,w odniesieniu do
in respect of,w odniesieniu do
in retreat,w odwrocie
in retrospect,w retrospekcji
in return,w zamian
in return for,w zamian za
in reverse,w odwrotnej kolejności
in right of,w imieniu
in Roblox,w Roblox
in rough,w przybliżeniu
in route,w drodze
in ruins,w ruinach
in safe hands,w dobrych rękach
in school,w szkole
in search of,w poszukiwaniu
in season,w sezonie
in season and out of season,w sezonie i poza sezonem
in secret,potajemnie
in series,w serii
in service,w służbie
in session,w trakcie sesji
in shape,w formie
in sheets,w arkuszach
in shit,w kłopotach
in short,krótko mówiąc
in short order,w krótkim czasie
in short pants,w krótkich spodniach
in short supply,w ograniczonej ilości
in short trousers,w krótkich spodniach
in sickness and in health,w zdrowiu i w chorobie
in sight,w zasięgu wzroku
in silence,w ciszy
in silhouette,w sylwecie
in small doses,w małych dawkach
in so far as,na tyle że
in so many words,mówiąc wprost
in someone's black books,na czarnej liście
in someone's boots,w czyichś butach
in someone's corner,po czyjejś stronie
in someone's day,w ciągu dnia
in someone's debt,w długach u kogoś
in someone's eyes,w oczach kogoś
in someone's face,w twarz komuś
in someone's light,w czyjejś opinii
in someone's pocket,w kieszeni kogoś
in someone's shoes,w czyichś butach
in someone's time,w czasie kogoś
in someone's view,z punktu widzenia kogoś
in someone's vocabulary,w słowniku kogoś
in someone's way,na drodze
in something's way,na drodze czegoś
in sooth,w istocie
in sort,sortując
in spades,obficie
in special,specjalnie
in spirit,w duchu
in spite of,pomimo
in spite of someone's teeth,przeciwko czyjejś woli
in splendor,w blasku
in splendour,w blasku
in splits,w podziale
in state,w stanie
in steam,na parze
in step,krok po kroku
in stitches,w śmiechu
in stock,w magazynie
in store,w sklepie
in stride,z łatwością
in style,w stylu
in succession,następstwem
in sum,podsumowując
in summary,podsumowując
in sunder,rozdzielić
in suspense,w niepewności
in sync,w rytmie
in tandem,w tandemie
in tandem with,wspólnie z
in tatters,w strzępach
in terms of,pod względem
in that,w tym
in that regard,w tym zakresie
in the absence of,w braku
in the abstract,w abstrakcji
in the act,w trakcie działania
in the aggregate,łącznie
in the air,w powietrzu
in the altogether,całkiem nago
in the arms of Morpheus,w ramionach Morfeusza
in the arms of Murphy,w ramionach Murphy'ego
in the article of death,w artykule o śmierci
in the ascendant,wzrastający
in the back seat,na tylnym siedzeniu
in the bag,w tobie
in the ballpark,mniej więcej
in the bargain,w dodatku
in the barrel,w beczce
in the bed,w łóżku
in the bedroom,w sypialni
in the biblical sense,w sensie biblijnym
in the black,na plusie
in the blink of an eye,mrugnięciem oka
in the books,w książkach
in the bottom of the bag,na dnie torby
in the bucket,w wiadrze
in the buff,bez ubrania
in the business of,w biznesie
in the can,już gotowe
in the cards,w kartach
in the clear,jasno
in the closet,w szafie
in the clouds,w chmurach
in the club,w klubie
in the cold light of day,w chłodnym świetle dnia
in the course of time,z czasem
in the crosshairs,w centrum uwagi
in the dark,w ciemności
in the dead of night,w środku nocy
in the dead of winter,w środku zimy
in the depths of,w głębiach
in the dock,na doku
in the dogbox,w niełasce
in the doghouse,w tarapatach
in the doldrums,w stagnacji
in the drink,w napoju
in the driver's seat,na stanowisku kierowcy
in the driving seat,za kierownicą
in the dumps,w depresji
in the end,na końcu
in the event,w przypadku
in the event of,w przypadku
in the event that,w przypadku gdy
in the extreme,w skrajnych przypadkach
in the eye of the wind,w samym środku wiatru
in the eyes of,w oczach
in the eyes of the law,w świetle prawa
in the face of,w obliczu
in the family way,w ciąży
in the fast lane,na pasie ruchu szybszym
in the field,w terenie
in the final analysis,ostatecznie
in the first instance,na początku
in the first place,przede wszystkim
in the flesh,na żywo
in the flower of one's youth,w kwiecie młodości
in the foothills,u podnóża
in the footsteps of,naśladować
in the frame,w ramie
in the front row,w pierwszym rzędzie
in the furtherance of justice,dla dobra sprawiedliwości
in the future,w przyszłości
in the game,w grze
in the grand scheme of things,w ogólnym rozrachunku
in the great scheme of things,w ogólnym rozrachunku
in the green,na zielono
in the green tree,na zielonym drzewie
in the grip of,w uścisku
in the gristle,w chrząstce
in the groove,w rytmie
in the gross,w przychodach
in the ground,w ziemi
in the hand,w ręce
in the hands of,w rękach
in the heat of,w trakcie
in the heat of the moment,w emocjach
in the hole,w dziurze
in the hope of,w nadziei na
in the hope that,w nadziei że
in the hopper,w kolejce
in the hospital,w szpitalu
in the hot seat,w trudnej sytuacji
in the house,w domu
in the hunt,na polowaniu
in the interest of,w interesie
in the interest of justice,w imię sprawiedliwości
in the interest of time,ze względu na oszczędność czasu
in the interests of,w interesie
in the interim,tymczasem
in the know,w cunnieniu
in the lap of the gods,w rękach opatrzności
in the last analysis,ostatecznie
in the lead,na prowadzeniu
in the least,w najmniejszym stopniu
in the light of,w świetle
in the limelight,w centrum uwagi
in the limit,w granicy
in the line of duty,w czasie służby
in the long run,na dłuższą metę
in the long term,w dłuższej perspektywie
in the loop,w pętli
in the lump,w pakiecie
in the main,głównie
in the making,w trakcie powstawania
in the mean time,w międzyczasie
in the meantime,tymczasem
in the meanwhile,w międzyczasie
in the middle of,pośrodku
in the midst of,pośrodku
in the mix,w mieszance
in the moment,w tym momencie
in the money,w plusie
in the mood,w nastroju
in the name of,w imieniu
in the name of heaven,w imię nieba
in the name of something,w imieniu czegoś
in the name of the law,w imieniu prawa
in the nature of,w charakterze
in the nature of things,w naturze rzeczy
in the near future,w niedalekiej przyszłości
in the neighborhood of,w pobliżu
in the neighbourhood of,w okolicy
in the nick,na ostatnią chwilę
in the nick of time,w ostatniej chwili
in the nip,w pąku
in the nuddie,nago
in the nuddy,nagi
in the nude,nago
in the offing,w planach
in the old times,w dawnych czasach
in the open,na otwartej przestrzeni
in the original German,w oryginale niemieckim
in the oven,w piekarniku
in the palm of one's hand,w dłoni
in the pay of,na utrzymaniu
in the person of,w osobie
in the picture,na zdjęciu
in the pink,w doskonałej formie
in the pink of health,w doskonałej formie
in the pipeline,w przygotowaniu
in the pocket,w kieszeni
in the post,w poście
in the process of,w trakcie
in the pudding club,w klubie smakoszy deserów
in the racket,w rakiecie
in the rattle,w grzechotce
in the raw,w stanie surowym
in the rear with the gear,z tyłu z wyposażeniem
in the red,na czerwono
in the refrigerator,w lodówce
in the region of,w okolicy
in the reign of Queen Dick,za panowania królowej Dick
in the right,po prawej
in the room,w pokoju
in the rough,w stanie surowym
in the round,w okręgu
in the running,w grze
in the sack,w worku
in the saddle,na siodle
in the sales,w sprzedaży
in the same boat,w tej samej sytuacji
in the same breath,w tym samym oddechu
in the same shoes,w takiej samej sytuacji
in the same vein,w tym samym duchu
in the seven hells,w siedmiu piekłach
in the shadow of,w cieniu
in the shit,w kłopotach
in the shitter,w dupie
in the shoes of,w sytuacji kogoś innego
in the short run,w krótkim okresie
in the short term,w krótkim okresie
in the snap of one's fingers,w mgnieniu oka
in the soup,w zupie
in the space of,w ciągu
in the spotlight,w centrum uwagi
in the stars,w gwiazdach
in the stead of,zamiast
in the stratosphere,w stratosferze
in the straw,w słomie
in the streets,na ulicach
in the swim,w formie
in the swim of things,w grze
in the tank,w zbiorniku
in the teeth of,wbrew
in the thick of,w samym środku
in the thick of it,w samym środku
in the throes of,w środku
in the throes of something,w środku czegoś
in the toilet,w toalecie
in the trenches,w okopie
in the twinkling of a bedpost,w mgnieniu oka
in the twinkling of a bedstaff,mrugnięciem oka
in the twinkling of an eye,mrugnięciem oka
in the vein of,w duchu
in the vicinity of,w pobliżu
in the wake of,po
in the way,na drodze
in the way of,na drodze
in the weeds,w kłopotach
in the wild,na wolności
in the wind,na wietrze
in the wind's eye,w oku wiatru
in the wink of an eye,mrugnięciem oka
in the works,w trakcie realizacji
in the world,na świecie
in the worst way,w najgorszy sposób
in the wrong,nieprawidłowy
in the zone,w formie
in theory,w teorii
in there like swimwear,jak strój kąpielowy
in this connection,w tym związku
in this day and age,w dzisiejszych czasach
in this essay I will,w tym eseju napiszę
in this regard,w tym zakresie
in this respect,w tym względzie
in thunder,w gronie
in thunderation,w grzmotach
in time,na czas
in times,w czasach
in token of,jako znak
in too deep,zbyt głęboko
in total,łącznie
in totality,w całości
in touch,w kontakcie
in tow,w towarzystwie
in town,w mieście
in train,w pociągu
in transit,w transporcie
in trian aspect,z trzech punktów widzenia
in triplicate,w trzech egzemplarzach
in trouble,w kłopotach
in true,w prawdzie
in truth,w rzeczywistości
in tune,w nastroju
in tune with,w harmonii z
in turn,z kolei
in twain,na pół
in two,w dwóch
in two jumps,w dwóch skokach
in two minds,wątpię
in two shakes,w mgnieniu oka
in twos,po dwoje
in unison,w unizonie
in use,w użyciu
in vain,na próżno
in very deed,naprawdę
in view,w zasięgu wzroku
in view of,w świetle
in vigilance,w czujności
in vino veritas,w winie prawda
in virtue of,dzięki
in virtue of which,w związku z czym
in voice,głosowo
in waiting,w oczekiwaniu
in waves,falami
in ways,na różne sposoby
in weal and woe,w radości i smutku
in what universe,w jakim wszechświecie
in what world,w jakim świecie
in wine,w winie
in with a chance,ma szansę
in witness whereof,wobec powyższego
in words of one syllable,w słowach jednosylabowych
in writing,na piśmie
in your dreams,w twoich snach
in your face,prosto w twarz
in your wildest dreams,w najśmielszych snach
inch along,przesuwać się powoli
inch away,centymetr
inch back,cofnij się
inch by inch,centymetr po centymetrze
inch forward,centymetr do przodu
inch up,podnosić się
independently wealthy,niezależnie zamożny
Indian sign,Indyjski znak
indict a ham sandwich,oskarżyć kanapkę z szynką
inform on,donosić o
ink in,atrament
ink isn't dry on,atrakty nie zdążył jeszcze wyschnąć
ink up,nabijanie atramentem
inner circle,wewnętrzne kręgi
inner ear,wewnętrzne ucho
inner strength,wewnętrzna siła
innocently divorced,bez winy rozwiedziony
inquire after,pytać o
inquire of,pytać
ins and outs,zalety i wady
insane in the membrane,szalony
inside baseball,wewnętrzne informacje
inside job,praca od wewnątrz
inside joke,żart zrozumiały tylko dla wtajemniczonyc…
inside of,wewnątrz
inside out,na lewą stronę
inside scoop,informacje z pierwszej ręki
inside the box,wewnątrz pudełka
insofar as,na tyle że
inspite of,pomimo
installed base,zainstalowana baza
instance in,w
instead of,zamiast
insult one's intelligence,obrażać inteligencję
intellectually challenged,osoba z niepełnosprawnością intelektualn…
intents and purposes,w zamiarze i w praktyce
inter al.,między innymi
inter alios,między innymi
inter pocula,między filiżankami
interact with,wchodzić w interakcję z
interpret away,odinterpretować
into detail,w szczegółach
into power,do władzy
into shape,w formie
into space,w przestrzeń
into the bargain,dodatkowo
into the stratosphere,do stratosfery
into thin air,w nico
into time,w czasie
intra legem,zgodnie z prawem
invalid out,nieprawidłowy wyjście
inversely proportional,odwrotnie proporcjonalny
invited to the cookout,zaproszony na grilla
ipsissima verba,dosłowne słowa
iris in,wewnątrz tęczówki
iris out,zaćmienie
Irish hint,Wskazówka dotycząca Irlandii
Irish up,W górę
iron eagle,żelazny orzeł
iron out,wygładzić
ironing board,deska do prasowania
irons in the fire,sprawy do załatwienia
irrespective of,niezależnie od
is a bear Catholic,czy niedźwiedź jest katolikiem
is my middle name,to jest moje drugie imię
is someone cutting onions,czy ktoś kroi cebulę
is that the time,Czy to ta godzina
is the bear Catholic,czy niedźwiedź jest katolikiem
is the Pope a Catholic,Czy papież jest katolikiem
is the Pope a Muslim,Czy papież jest muzułmaninem
is the Pope Catholic,Czy papież jest katolikiem
is the Pope Jewish,Czy papież jest Żydem
is the Pope Muslim,Czy papież jest muzułmaninem
is the sky blue,czy niebo jest niebieskie
is this a safe space,czy to bezpieczne miejsce
is your head cold,Masz przeziębienie
ish ka bibble,nie rozumiem
isms and schisms,ideologie i podziały
isn't it,czy to nie
isn't it so,czyż nie tak
it ain't over till it's over,nie jest jeszcze koniec
it can't be helped,nie da się nic zrobić
it does not matter,to nie ma znaczenia
it figures,to ma sens
it happens,to się zdarza
it is and it isn't,to jest i nie jest
it is darkest before the dawn,najciemniej przed świtem
it is how it is,tak jest
it is important to note that,ważne jest, aby zauważyć że
it is no accident,to nie przypadek
it is not even funny,to wcale nie jest śmieszne
it is not every day,to nie codziennie
it is not funny,to nie jest śmieszne
it is said,mówi się
it is to laugh,to jest śmieszne
it is what it is,tak jest
it is worth noting that,warto zauważyć że
it isn't even funny,to wcale nie jest śmieszne
it isn't funny,to nie jest śmieszne
it never rains but it pours,kiedy zaczyna się, to już nie przestaje
it pays to advertise,reklama się opłaca
it takes a village,potrzeba całej społeczności
it takes all kinds,każdy jest jaki jest
it takes all sorts,każdy jest jaki jest
it takes one to know one,kto ma, ten kuma
it takes two to quarrel,potrzeba dwojga żeby się pokłócić
it takes two to tangle,potrzeba dwojga żeby się pokłócić
it takes two to tango,potrzeba dwojga do tanga
it was like this,było tak
it was this way,było tak
it wasn't only only,to nie było tylko tylko
it's a date,to jest randka
it's a deal,to jest umowa
it's a free country,to jest wolny kraj
it's a jungle out there,To jest dżungla
it's a long story,To długa historia
it's a man's world,to jest świat mężczyzn
it's a matter of time,to kwestia czasu
it's a question of time,to kwestia czasu
it's a small world,to jest mały świat
it's about time,nastał odpowiedni moment
it's all Chinese to me,To jest dla mnie niezrozumiałe
it's all g,wszystko w porządku
it's all go,wszystko w porządku
it's all good,wszystko w porządku
it's all Greek to me,To jest dla mnie niezrozumiałe
it's an ill wind,to jest zły znak
it's been 84 years,minęło 84 lata
it's been a slice,do zobaczenia
it's been real,było miło
it's early days,jeszcze za wcześnie
it's everywhere,to jest wszędzie
it's five o'clock somewhere,Gdzieś jest piąta godzina
it's going,idzie
it's Greek to me,To jest dla mnie niezrozumiałe
it's grim up north,jest ponuro na północy
It's high time,Nadszedł czas
it's lonely at the top,samotnie jest na szczycie
it's never too late to mend,nigdy nie jest za późno, żeby naprawić
it's no use,to jest bezcelowe
it's none of your business,to nie jest twoja sprawa
it's not even funny,to wcale nie jest śmieszne
it's not every day,to nie codzienność
it's not funny,to nie jest śmieszne
it's nothing,To nic
it's on,to jest włączone
it's only a matter of time,to tylko kwestia czasu
it's only a question of time,to tylko kwestia czasu
it's someone's funeral,to jest pogrzeb kogoś
it's the hit dog that howls,to jest pies, który wyje
it's the story of one's life,to jest historia życia
it's the thought that counts,ważne są intencje
it's too late for sorry,Już za późno na przeprosiny
it's what's inside that counts,to, co jest w środku, ma znaczenie
itch the ditch,drapać się
itchy feet,swędzące stopy
itchy trigger finger,palec uchoły
iura novit curia,sąd zna prawo
ivory tickler,dotykająca kości słoniowej
ivory tower,wieża ze słoniowej kości
jack around,żartować
jack in,włożyć
jack into,podłączyć
jack of all trades,wszechstronny
jack off,masturbacja
Jack Tar,Marynarz
jack up,podnieść
jacket up,zapiąć kurtkę
jag off,wyłącz
jake brake,hamulec silnikowy
jam out,bawić się
jam today,dżem dzisiaj
jam tomorrow,dżem na jutro
jam up,zablokować
Jane Average,Zwykła Jane
Jane Doe,Janina Kowalska
Jane Hancock,Dżeyn Henkok
Jane Wayne,Dżeyn Wejn
JAQ off,Wyłącz JAQ
jaw away,odwrócić uwagę
jaw down,zamknij usta
jazz around,improwizować
jazz up,ulepszyć
Jedi mind trick,Sztuczka Jedi
jeepers creepers,ojejku
jeepers peepers,Ojejku
jell out,żelować
jerk around,oszukiwać
jerk off,masturbować się
jerk one off,masturbować się
jerk one out,wyciągnąć
jerk over,przesunąć
jerk up,podnosić
jerkin the gherkin,kaszanka ogórek konserwowy
jerky up,podskoczyć
jerry to,przesyłka
jet off,wylecieć
jet set,elita
Jew crew,Żydowska załoga
Jew down,obniżyć cenę
jew out,wykluczyć
jew up,ozdobić
jewel in the crown,klejnot korony
jiak kentang,ziemniaki
jib out,wyjazd
jig up,zmontować
jill of all trades,wszechstronny człowiek
jill off,Jill odejdzie
jim up,podnieść
jimmy up,podnosić
jive around,oszukiwać
jive turkey,gaduła
jizz up,ulepszyć
job's a good 'un,to jest dobra robota
job's a good'un,to jest dobra robota
job's a goodun,to jest dobra robota
jock off,masturbować się
Joe Average,Przeciętny Joe
Joe Citizen,Zwykły obywatel
joe job,praca
Joe Public,Zwykły człowiek
Joe Random,Jan Kowalski
Joe Schmo,Jan Kowalski
Joe Schmoe,Zwykły człowiek
Joe Shmo,Jan Kowalski
Joe Shmoe,Jan Kowalski
jog on,biegać trucht
jog someone's memory,odświeżyć pamięć komuś
John Citizen,Zwykły obywatel
John Mastodon,John Mastodont
John Q. Public,Zwykły człowiek
join forces,łączyć siły
join hands,trzymać się za ręce
join in,dołączyć
join issue,dołączyć do sprawy
join out,dołącz do nas
join the club,dołącz do klubu
join up,dołączyć
joined at the hip,nierozerwalnie związani
joke around,żartować
joke it up,żartować
joke up,żartować
jolly along,bawić się
jot and tittle,kropka i przecinek
jot down,zapisz
Jove nods,Jowisz kiwa głową
judge a book by its cover,oceniać książkę po okładce
jug ears,uszy klapki
juggling act,żonglerka
juice up,naładować
jumble together,mieszanie
jumble up,mieszanie
jump about,skakać
jump and dump,skok i odrzut
jump around,skakać
jump at,skakać
jump at the chance,chwytać okazję oboma rękami
jump at the opportunity,chwytać okazję oboma rękami
jump before one is pushed,działać zanim zostanie się do tego zmusz…
jump down,zeskoczyć
jump down someone's throat,atakować słownie
jump for joy,skakać z radości
jump in,wskoczyć
jump in one's skin,drapać się
jump off,wyskoczyć
jump on,skakać na
jump on the bandwagon,dołączać do ogólnego trendu
jump onto,wskoczyć na
jump out,wyskoczyć
jump salty,skok słony
jump someone's bones,uwodzić kogoś
jump street,ulica
jump the gun,zrobić coś za wcześnie
jump the queue,wkraczać nie do końca zgodnie z zasadami
jump the shark,przekroczyć punkt krytyczny
jump through hoops,przeskakiwać przez obręcze
jump to,przejść do
jump to conclusions,wyciągać pochopne wnioski
jump to it,zrób to
jump up,podskoczyć
jump up behind,wskoczyć za plecy
jump upon,skoczyć na
jumpers for goalposts,słupki jako bramki
jungle telegraph,plotka
junk in the trunk,nadmiar kilogramów
junkyard dog,pies ze złomowiska
jure divino,z boskiego prawa
jury is out,decyzja nie została podjęta
just a minute,czekaj minutę
just a second,czekaj chwilę
just another pretty face,tylko ładna twarz
just as well,na szczęście
just deserts,zasłużona kara
just folks,zwykli ludzie
just friends,tylko przyjaciele
just in case,na wszelki wypadek
just in the nick of time,w ostatniej chwili
just in time,właśnie na czas
just like that,tak po prostu
just my luck,moje szczęście
just say no,po prostu powiedz nie
just shy of,nieco poniżej
just the job,idealne do tego
just the same,tak samo
just you wait,poczekaj tylko
justice delayed is justice denied,sprawiedliwość opóźniona jest sprawiedli…
justice is blind,sprawiedliwość jest ślepa
jut out,wystawać
kak on,jak on
kangaroo court,sąd doraźny
kao peh kao bu,nie rozumiem
karma is a bitch,karma to suka
karma's a bitch,karma to suka
Katy bar the door,Katy otwórz drzwi
keel over,przewrócić się
keen as a bean,bardzo bystry
keep a close watch,pilnować
keep a cool head,zachować zimną krew
keep a lid on,trzymać w tajemnicy
keep a lid on something,trzymać w tajemnicy
keep a low profile,zachować ostrożność
keep a straight face,zachować powagę
keep a weather eye open,być czujnym
keep across,być na bieżąco
keep ahead,być przed
keep an eye on,pilnować
keep an eye on something,pilnować czegoś
keep an eye open,uważać
keep an eye out,bądź czujny
keep an eye out for somebody,uważaj na kogoś
keep an eye out for something,zwróć uwagę na coś
keep an eye peeled,bądź czujny
keep around,trzymać blisko
keep at,trwać
keep away,trzymaj się z dala
keep away from,trzymać się z dala od
keep back,trzymać z tyłu
keep company,trzymać towarzystwo
keep count,liczyć
keep down,uciszyć
keep from,chronić przed
keep good time,być punktualnym
keep hope alive,utrzymać nadzieję przy życiu
keep house,prowadzić dom
keep in,zachowaj
keep in touch,utrzymuj kontakt
keep in with,być w dobrych stosunkach z
keep it between the ditches,trzymaj to w bezpiecznym miejscu
keep it in the family,trzymaj to w rodzinie
keep it moving,dalsze kroki
keep it one hundred,bądź szczery
keep it real,bądź szczery
keep it together,trzymaj się razem
keep it up,trzymaj się
keep off,trzymaj się z dala
keep off the streets,trzymaj się z dala od ulic
keep on,kontynuuj
keep on about,mówić bez końca
keep on truckin',jedź dalej
keep one eye on somebody,pilnować kogoś
keep one eye on something,pilnować czegoś
keep one's chin up,nie poddawaj się
keep one's cool,zachować spokój
keep one's ears open,słuchać uważnie
keep one's eye on the ball,być skupionym
keep one's eyes peeled,być czujnym
keep one's fingers crossed,trzymać kciuki
keep one's hair on,zachować włosy
keep one's head,zachować zimną krew
keep one's head above water,utrzymać się na powierzchni
keep one's head down,trzymać się cicho
keep one's head on a swivel,być czujnym
keep one's head up,nie poddawać się
keep one's knickers on,zachowaj spokój
keep one's lips sealed,trzymać język za zębami
keep one's mouth shut,trzymać język za zębami
keep one's nose clean,unikać kłopotów
keep one's options open,zachować otwarte możliwości
keep one's pants on,zachować spokój
keep one's pecker up,nie poddawaj się
keep one's powder dry,być gotowym
keep one's stick on the ice,utrzymać równowagę
keep one's temper,zachować spokój
keep one's tits on,trzymać się mocno
keep one's voice down,mówić ciszej
keep one's word,dotrzymywać słowa
keep oneself to oneself,trzymać się na uboczu
keep out,nie wchodzić
keep out of,trzymać się z dala od
keep pace,nadążać
keep quiet,milcz
keep shtum,milczeć
keep somebody in check,trzymać kogoś w ryzach
keep somebody on their toes,trzymać kogoś w niepewności
keep somebody posted,informować kogoś na bieżąco
keep somebody's eyes peeled,być czujnym
keep somebody's eyes skinned,uważać
keep someone amused,bawić kogoś
keep someone busy,zająć kogoś
keep someone company,robić komuś towarzystwo
keep someone in the loop,informować kogoś na bieżąco
keep someone on ice,trzymać kogoś w rezerwie
keep someone on their toes,trzymać kogoś w niepewności
keep someone posted,informować kogoś na bieżąco
keep someone sweet,zadowalać kogoś
keep something at bay,trzymać coś na dystans
keep something in check,trzymać coś pod kontrolą
keep something in mind,pamiętaj o czymś
keep straight,jedź prosto
keep tabs on,śledzić
keep tabs on somebody,śledzić kogoś
keep tabs on something,śledzić coś
keep telling yourself that,mów sobie to wciąż
keep the ball rolling,utrzymać dynamikę
keep the bones green,niech kości pozostaną zielone
keep the change,proszę, zróbcie litość
keep the home fires burning,utrzymywać domowy ogień
keep the peace,zachować pokój
keep the pot boiling,utrzymać temat
keep the rent down,utrzymać czynsz na niskim poziomie
keep the rent low,utrzymać niskie czynsze
keep the show on the road,utrzymać wszystko w ruchu
keep the wolf from the door,chronić przed głodem
keep to,przestrzegać
keep to oneself,być zamkniętym w sobie
keep together,trzymać razem
keep track of,śledzić
keep under,utrzymać poniżej
keep up,nadążaj
keep up appearances,dbać o pozory
keep up with,nadążać
keep up with the Joneses,dorównywać sąsiadom
keep up with the times,nadążać za czasem
keep watch,czuwać
keep yourself safe,Dbaj o swoje bezpieczeństwo
ken oath,przysięga
kernel of truth,ziarno prawdy
kettle of fish,zamieszanie
key down,wciśnięty klawisz
key in,klucz
key in on,skupić się na
key into,wprowadzić
key off,wyłączony klucz
key on,włączony
key out,wykluczyć
key up,włączyć
keys to the kingdom,klucze do królestwa
kick a dog when it's down,kopać psa, kiedy leży
kick about,kopać
kick against,sprzeciwić się
kick against the pricks,sprzeciwiać się władzy
kick around,kopać
kick ass,być świetny
kick ass and take names,być najlepszym i pokonywać konkurencję
kick at an open door,kopać w otwarte drzwi
kick at the can,odkładać na później
kick back,odpoczywać
kick bollocks scramble,żartować
kick butt,być świetnym
kick down,zdemolować
kick in,dołożyć się
kick in the teeth,cyniczny gest
kick into the long grass,odłożyć na później
kick into touch,uderzyć w aut
kick it,odwalać
kick loose,odbić
kick off,rozpocząć
kick on,włączyć
kick one's heels,czekać
kick out,wyrzucić
kick out the jams,robić zamieszanie
kick over,przewrócić
kick rocks,wypad stąd
kick some tail,pokonać konkurencję
kick some tires,sprawdzić opony
kick someone when they are down,deptać kogoś, kiedy jest w tarapatach
kick someone's ass,pokonać kogoś
kick the beam,uderzyć w belkę
kick the bucket,oduć się
kick the can down the road,odwlekać decyzję
kick the habit,rzeczyć się z nałogiem
kick the tires,sprawdzić opony
kick the tyres,sprawdzić opony
kick to,kopnięcie
kick to the curb,wyrzucić na margines
kick up,podnieść
kick up a fuss,robić zamieszanie
kick up one's heels,bawić się do woli
kick upstairs,przesunąć na wyższy poziom
kick with,kopać z
kick with the other foot,uderzyć drugą nogą
kicking and screaming,krzykliwy opór
kicking boots,kopanie butów
kicks and giggles,kopnięcia i chichoty
kid around,żartować
kid on,oszukiwać
kiddie table,stolik dla dzieci
kids will be kids,dzieci to dzieci
kill me,zabi mnie
kill off,wyeliminować
kill one's darlings,pozbyć się swoich ulubionych elementów
kill the fatted calf,zabić cielęta
kill trees,wycinanie drzew
kill two birds with one stone,zabić dwóch ptaków jednym kamieniem
kill your heroes,zabij swoich bohaterów
kill your idols,zabij swoich bożków
killer diller,świetny
killer instinct,instynkt zabójcy
Kilroy was here,Kilroy był tutaj
kind of,rodzaj
kind regards,z poważaniem
kindest regards,z poważaniem
kindred soul,osoba myśląca podobnie
kindred spirit,osoba myśląca podobnie
king of all one surveys,król wszystkiego co widzi
king of beasts,król zwierząt
king of birds,król ptaków
king of the castle,król zamku
king of the hill,król wzgórza
King of the Jungle,Król dżungli
King Shit of Turd Island,Król Gnoju z Wyspy Odchodów
king's cushion,królewski poduszka
king's ransom,królewski okup
kink on,zakrzywienie
kink out,wygięcie
Kiong Hee Huat Chai,Wszystkiego najlepszego
kip down,zmniejsz
kip in,skok
kip out,wyjechać
kip up,wstać
kirk out,wyjść z kościoła
kiss and cry,radość i smutek
kiss and make up,zgodzić się i zapomnieć o kłótni
kiss and tell,gadać o wszystkim
kiss arse,lizus
kiss ass,lizus
kiss goodbye to something,pożegnać się z czymś
kiss me,pocałuj mnie
kiss my ass,całuj mnie w dupę
kiss my balls,całuj moją dupę
kiss of death,pocałunek śmierci
kiss of life,ucisk ratunkowy
kiss off,odrzucić
kiss out,całować się
kiss someone's ass,lizusować kogoś
kiss someone's ring,całować pierścień
kiss the gunner's daughter,pocałuj córkę działonowego
kiss up,ulegać
kiss up to,ulegać
kissing goes by favor,pocałunki są przywilejem
kit out,wyposażyć
kit up,przygotować zestaw
kitchen table software,oprogramowanie dla małych firm
kite around,latać
kitty's titties,piersi kotki
kludge out,naprawić prowizorycznie
klunk out,wyjść z systemu
knee-deep in the Big Muddy,po pas w błocie
knee-high by the Fourth of July,wysoki do kolan do 4 lipca
knee-high to a grasshopper,bardzo młody
knee-jerk reaction,reakcja odruchowa
kneel before,klęknij przed
kneel down,klęknij
knick off,odciąć
knife up,nóż do góry
knight of the post,rycerz pocztowy
knit one's brows,marszczyć brwi
knit one's eyebrows,marszczyć brwi
knit together,splatać
knit up,zszyć
knive up,noś nóż
knob job,praca ręczna
knock about,bić
knock around,bawiać się
knock back,odrzucić
knock down,zburzyć
knock down a peg,obniżyć o jeden stopień
knock for a loop,zdezorientować
knock in,pukać
knock into,uderzyć w
knock it off,przestań
knock it out of the park,zdobyć ogromny sukces
knock off,odbić
knock on,pukać
knock on heaven's door,poczuć się blisko śmierci
knock on wood,zakląć
knock one out,wyeliminować
knock oneself out,wyczerpać się
knock out,wyeliminować
knock out of the box,wyjąć z pudełka
knock over,przewrócić
knock round,okrągły kształt
knock some sense into,wstrząsnąć
knock someone down with a feather,powalić kogoś lekkim muchem
knock someone flat,uderzyć kogoś bezsilnego
knock someone off their perch,zrzucenie kogoś z piedestału
knock someone over with a feather,przeciągnąć kogoś piórkiem
knock someone's block off,uderzyć kogoś
knock someone's socks off,oszołomić
knock someone's wind out,odebrać komuś oddech
knock the living daylights out of,wybić na głowę
knock the stuffing out of,wykończyć
knock together,uderzyć
knock under,uderzyć od dołu
knock up,zaciążyć
knocking on heaven's door,stukanie do niebios
knot off,odłączyć
know a thing or two,wiedzieć coś
know about,wiedzieć o
know beans about,nie mieć pojęcia
know every trick in the book,znać wszystkie sztuczki
know from a bar of soap,wiedzieć z mydła
know how many beans make five,wiedzieć ile ziaren potrzebnych jest do …
know inside and out,znać na wylot
know no bounds,nie mieć granic
know of,wiedzieć o
know one's own mind,znać swoje zdanie
know one's shit,znać się na rzeczy
know one's stuff,znać się na rzeczy
know one's way around,znać się na czymś
know someone,znać kogoś
know someone from Adam,znać kogoś od kołyski
know someone from Eve,znać kogoś od dawna
know someone in the biblical sense,znać kogoś w sensie biblijnym
know the drill,znam procedurę
know the score,znać sytuację
know thyself,poznaj siebie
know what,wiem co
know what I'm saying,rozumiesz o czym mówię
know what is what,wiedzieć co jest co
know where the bodies are buried,wiedzieć gdzie są zakopane ciała
know where you stand,wiedzieć jakie jest twoje stanowisko
know which end is up,wiedzieć która strona jest góra
knowledge is power,wiedza to potęga
knuckle down,złożyć się do pracy
knuckle dragger,wstydliwiec
knuckle sandwich,ciepłe klopsiki
knuckle to,do kostki
knuckle under,poddawać się
knuckle up,zaciśnij pięści
Kojak with a Kodak,Kojak z aparatem Kodak
konk out,wyeliminować
Kool-Aid smile,Uśmiech jak z reklamy Kool-Aid
Kung Hei Fat Choi,Szczęśliwego Nowego Roku
kung pow penis,Kung Pao z kurczakiem
L in the chat,L na czacie
l'istesso tempo,w tym samym czasie
lab rat,królik doświadczalny
labor of love,praca z miłością
labour of love,praca z miłością
labour the point,powtarzać coś bez potrzeby
lace into,wplątać się w
lace up,sznurować
laced mutton,baranina z przyprawami
ladies and gentlemen,dami i panowie
ladies first,damy pierwszeństwo
ladies' man,kobietokrajca
lady garden,ogród kwiatowy
lady or tiger,dama albo tygrys
lady's man,kobietokrajca
lag behind,załagować
lag off,opóźnienie
lair it up,zorganizuj to
lair up,wygodnie się ułożyć
lam into,włącz do
lam off,wyłącz
lam out,wychodzę
lamb down,baranina
lamp along,lampka obok
land down,lądowanie
land in someone's lap,wpaść komuś w ręce
land legs,nogi na stałym gruncie
land of opportunity,kraj możliwości
land on,lądować na
land on one's feet,wstać na nogi
land poor,biedny w ziemi
land the plane,lądować samolot
land up,wylądować
land upon,lądować na
land with,lądować z
landing strip,pas startowy
lands preserved,tereny chronione
lang may yer lum reek,Niech twoje światło nigdy nie zgaśnie
lang may your lum reek,Niech twoje światło świeci długo
lap of luxury,luksus
lap up,łapczywie pić
lard down,schłodzony smalec
lard up,natłuścić
large and in charge,duży i wpływowy
large it up,powiększ
lark about,żartować
lark around,żartować
laser in on,skupia się na
lash back,odpowiadać złością
lash down,mocować
lash off,odcinać
lash out,wyżywać się
lash together,łączyć
lash up,wiązać
lasso up,wiązać
last burst of fire,ostatni wybuch ognia
last cast,ostatni rzut
last full measure,ostatnie poświęcenie
last hurrah,ostatni raz
last I checked,ostatnio jak sprawdzałem
last I heard,ostatni raz kiedy słyszałem
last known good,ostatnio znany sprawny stan
last mile,ostatnia mila
last minute,w ostatniej chwili
last nail in the coffin,ostatni gwoźdź do trumny
last of the big spenders,ostatni z wielkich wydawców
last out,ostatni wyjazd
last refuge,ostatnie schronienie
last resort,ostateczność
last roundup,ostatnie spędzenie
last straw,ostatnia kropla
Last Supper,Ostatnia wieczerza
last thing,ostatnia rzecz
last thing one needs,ostatnia rzecz, której komuś potrzeba
last time I checked,ostatnio jak sprawdzałem
last trump,ostatni argument
last word,ostatnie słowo
latch on,zapiąć
latch onto,przyczepić się do
late in the game,pod koniec meczu
late model,nowoczesny
late to the party,spóźniony na imprezę
latest and greatest,najnowsze i najlepsze
lather up,spienić
lathered up,spieniony
lato sensu,w szerokim sensie
laugh a minute,śmiech na minutę
laugh and grow fat,śmiać się i tyć
laugh at,śmiać się z
laugh away,śmiać się
laugh down,wyśmiać
laugh in one's sleeve,śmiać się w ukryciu
laugh off,odrzucać
laugh one's head off,śmiać się do łez
laugh out of court,odrzucić pozew
laugh up one's sleeve,mieć asa w rękawie
laugh with,śmiać się z
laughing stock,powód do śmiechu
laughing tackle,żartobliwy atak
laughter is the best medicine,śmiech to najlepszy lekarstwo
launch forth,wypuścić
launch into,rozpocząć
laundry list,lista zadań
law and order,prawo i porządek
lawful but awful,legalne ale okropne
lawyer up,zatrudnić prawnika
lax up,zrelaksować się
lay a finger on,dotknąć
lay about,leżeć
lay an anchor to the windward,kotwiczyć pod wiatr
lay an egg,znosić jajko
lay aside,odłożyć
lay at someone's door,obarczać winą
lay away,odłożyć na bok
lay back,odpocznij
lay bare something,ujawnić coś
lay behind,za
lay by,odłożyć na bok
lay by the heels,położyć do góry nogami
lay claim,pretendować
lay down,położyć się
lay down on,położyć się
lay down the law,ustanawiać zasady
lay down the marker,ustalić granice
lay eggs,składać jaja
lay eyes on,zobaczyć
lay eyes on somebody,zobaczyć kogoś
lay eyes on something,zobaczyć coś
lay for,leżeć dla
lay hands on,położyć ręce na
lay in,położyć się
lay in lavender,położyć na lawendzie
lay into,wyśmiewać
lay it on,nałóż to
lay it on thick,przesadzać
lay odds,określać kursy
lay of the land,ogólny obraz sytuacji
lay off,zwolnić
lay on,położyć się
lay on the line,powiedzieć prawdę
lay one down,położyć kogoś
lay one's hands on something,dotknąć czegoś
lay one's head,położyć głowę
lay one's tongue to,dotknąć językiem
lay out,układać
lay over,przesiadka
lay something at the feet of,położyć u stóp
lay something on the line,stawiać wszystko na jedną kartę
lay store by,cenić sobie
lay the groundwork,przygotować podstawy
lay the wood,układać drewno
lay to,położyć
lay to rest,spocząć na wiecznym spoczynku
lay up,dołka
lay up with,położyć się z
layer up,ubieraj się warstwowo
laze about,leniuchować
laze around,leniuchować
lead by the nose,prowadzić na smyczy
lead foot,ciężka stopa
lead in,prowadzić
lead nowhere,nie prowadzić donikąd
lead off,rozpocząć
lead on,prowadź dalej
lead out,wywodzić
lead someone to the altar,prowadzić kogoś do ołtarza
lead someone up the garden path,wprowadzać kogoś w błąd
lead the line,prowadzić linię
lead the way,prowadź
lead through,przewodzić przez
lead time,czas realizacji
lead to,prowadzić do
lead up to,prowadzić do
lead with one's chin,wystawiać się na cios
leading light,wybitna postać
leaf out,rozkwitać
leaf through,przeglądać
leak out,wyciekać
lean and mean,smukły i groźny
lean in,nachylać się
lean into,pochylać się
lean on,opierać się na
lean towards,pochylać się w stronę
leap ahead,wyprzedzać
leap at,skakać na
leap out,wyskoczyć
leap to mind,przypada do głowy
leap up,podskoczyć
leaps and bounds,skokami i krokami
learn one's lesson,wyciągnąć lekcję
learn one's place,poznać swoje miejsce
learned profession,zawód
lease out,wynajmować
least of all,najmniej z wszystkiego
leave aside,odłożyć na bok
leave at the door,zostaw przed drzwiami
leave behind,pozostawić
leave for dust,pozostawić w tyle
leave home,opuszczać dom
leave it all on the field,daj z siebie wszystko
leave it alone,nie dotykaj
leave it at that,zostaw to tak
leave it be,Pozostaw to
leave it out,pomijaj to
leave me alone,zostaw mnie w spokoju
leave no crumbs,nie zostawiać okruchów
leave no stone unturned,nie zostawiać kamienia na kamieniu
leave off,przestać dodawać
leave on,zostawić włączone
leave out,pominąć
leave over,pozostawić
leave someone at the altar,opuścić kogoś przy ołtarzu
leave someone high and dry,pozostawić kogoś w potrzebie
leave someone holding the baby,zostawić kogoś z problemem
leave someone in the dust,pozostawić kogoś w tyle
leave someone in the lurch,pozostawić kogoś w potrzebie
leave someone no choice,nie zostawiać komuś wyboru
leave someone out in the cold,pozostawić kogoś w potrzebie
leave someone to their fate,pozostawić kogoś na pastwę losu
leave someone to their own devices,zostawić kogoś samego
leave something to be desired,pozostawiać wiele do życzenia
leave the ball in someone's court,zostawić decyzję komuś innemu
leave the door open,zostaw otwarte drzwi
leave the nest,opuszczać gniazdo
leave things alone,niech to być
leave things be,pozostaw wszystko tak jak jest
leave to the imagination,pozostawić wyobraźni
lede to kum,nie wiem
left hook,lewoskręt
left turn,skręt w lewo
left-handed compliment,komplement z przymrużeniem oka
leg around,wokół nogi
leg out,wyciągnąć nogę
leg over,przekroczyć nogą
leg up,pomoc
legal beagle,ekspert prawny
legal duty,obowiązek prawny
legal eagle,wybitny prawnik
legally binding,związujące prawnie
legend in one's own lifetime,legenda za życia
legend in one's own lunchtime,legenda w swoim czasie wolnym
lemon law,prawo konsumenta
lend a hand,pomóc
lend an ear,słuchać uważnie
lend itself to,nadawać się do
lend somebody a hand,pomóc komuś
length and breadth,długość i szerokość
lengthen down,wydłużyć w dół
lengthen out,wydłużyć
lengthen up,wydłużyć
les jeux sont faits,gra jest skończona
less is a bore,mniej znaczy nudno
less is more,mniej znaczy więcej
less than nothing,mniej niż nic
lesser of two evils,mniejsze zło
lessons learned,lekcje wyciągnięte
let a sleeping dog lie,nie budź śpiącego psa
let a thousand flowers bloom,niech tysiąc kwiatów rozkwitnie
let alone,nie wspominając już o
let bygones be bygones,niech to będzie przeszłość
let down,zawiedziony
let drive,pozwól prowadzić
let fly,puść w górę
let George do it,niech George to zrobi
let go and let God,oddaj to i pozwól Bogu
let in,wpuszczać
let in on,wpuścić do środka
let into,wpuścić
let it all hang out,daj się ponieść
let it alone,Pozostaw to w spokoju
let it be,niech to będzie
let it snow,niech pada śnieg
let loose,puścić wolno
let me count the ways,Pozwól mi je policzyć
let me see,daj mi zobaczyć
let me tell you,pozwól mi ci powiedzieć
let nature take its course,niech natura sama zrobi swoje
let off,opuścić
let on,włącz
let one go,puścić kogoś
let one off,opuścić
let one's fingers do the walking,niech palce same chodzą
let one's hair down,opuścić włosy
let oneself go,opuścić się
let out,uwolnić
let past,niech minie
let sleeping dogs lie,niech spać, tego co śpi
let slide,przesuwać
let slip,wydać
let slip something,wydać coś nieopatrznie
let someone down gently,łagodnie zawieść kogoś
let someone go,puścić kogoś
let someone have it,dać komuś do zrozumienia
let something slip,przypadkowo wygadać
let that sink in,dajcie temu czas się wchłonąć
let the buyer beware,kupujący powinien uważać
let the dog see the rabbit,daj psu zobaczyć królika
let the matter drop,odpuścić sprawę
let them eat cake,niech jedzą ciasto
let there be light,niechaj będzie światło
let things alone,niech to być
let things be,niech tak być
let this cup pass from me,niech ten kielich mnie omija
let through,wpuścić
let up,puścić
let us count the ways,Policzmy sposoby
let us go,chodźmy
let us see,zobaczmy
let well alone,niech tak jak jest
let's be having you,Zapraszamy
let's face it,trzeba to przyznać
let's get the party started,Zaczynamy imprezę
let's get this party started,Zaczynamy imprezę
let's go,chodźmy
let's go Brandon,niech to pójdzie do Brandon
let's have it,dajmy temu szansę
let's hear it for someone,podnieśmy toast za kogoś
let's know,dajcie nam znać
let's not and say we did,nie róbmy tego i powiedzmy, że zrobiliśm…
let's roll,zaczynamy
let's say,powiedzmy
let's see,zobaczmy
letters after one's name,tytuły po nazwisku
level best,najlepiej
level down,obniżyć poziom
level off,wygładzać
level out,wygładzić
level to the ground,spłaszczyć do ziemi
level up,awansować
level with,na równi z
lex dubia non obligat,Niepewne prawo nie obowiązuje
lexically scoped,z zakresu leksykalnego
lez out,odpoczywaj
lez up,wstań wstań
liar liar pants on fire,kłamca kłamca spodnie płoną
lib out,wyjście z biblioteki
libel chill,spokój relaks
licence to print money,prawo do drukowania pieniędzy
lick and a promise,obietnica i nic więcej
lick into shape,nadać kształt
lick log,lizanie kłody
lick my balls,liz moją cipę
lick one's chops,lizanie warg
lick one's lips,lizanie warg
lick one's wounds,leczyć rany
lick out,wylizać
lick someone's ass,lizanie tyłka
lick someone's balls,lizanie jaj
lick the pants off,przewyższać
lick up,liznąć
lie above,znajdować się powyżej
lie ahead,czekać przed nami
lie along,leżeć wzdłuż
lie around,leżeć
lie at someone's door,czekać przed czyjąś drzwiami
lie back,położyć się na plecach
lie back and think of England,połóż się wygodnie i pomyśl o Anglii
lie before,leżeć przed
lie behind,znajdować się za
lie by,obok
lie down,położyć się
lie ill in one's mouth,leżeć w ustach
lie in,leżeć w
lie in one's throat,zaczerknąć
lie in wait,czekać w ukryciu
lie low,czekać w ukryciu
lie off,odpoczynek
lie over,leżeć na
lie through one's teeth,kłamać w zębach
lie to,kłamać
lie upon,leżeć na
lie with,leżeć z
lies beget more lies,kłamstwa rodzą kolejne kłamstwa
life and limb,życie i zdrowie
life and soul of the party,dusza towarzystwa
life goes on,życie toczy się dalej
life happens,życie się dzieje
life imitates art,życie naśladuje sztukę
life is short,życie jest krótkie
life is too short,życie jest zbyt krótkie
life is what you make it,życie jest tym, co z niego zrobisz
life of its own,życie własne
life of Riley,życie w luksusie
life of the party,dusza towarzystwa
life off,życie poza
life's a bitch,życie jest surowe
life's too short,życie jest za krótkie
lift a finger against,podnieść palec przeciwko
lift all boats,podnieść wszystkie statki
lift and shift,przeniesienie i uruchomienie
lift down,w dół
lift off,wystartować
lift one's game,poprawić swoje umiejętności
lift one's hand against,podnieść rękę na
lift someone's spirits,podnieść na duchu
lift the lid on something,ujawnić coś
lift up,podnieść
light a fire under,nakręcać
light along,wzdłuż
light as air,lekki jak piórko
light at the end of the tunnel,światło na końcu tunelu
light bucket,wiadro
light down,lekko w dół
light in the loafers,jasne mokasyny
light into,do środka
light of one's life,światło życia
light off,wyłącz światło
light on,włączony
light out,zgaszenie światła
light skirt,lekka spódnica
light someone's ass up,podnieść komuś humor
light the blue touchpaper,podpal niebieski lont
light up,zapalić
light up a room,oświetlić pokój
light upon,światło na
light-bulb moment,chwila olśnienia
lighten someone's purse,oczyścić kogoś z pieniędzy
lighten up,zrelaksuj się
lightning fast,błyskawiczny
lightning in a bottle,iskra geniuszu
lightning never strikes twice,błyskawica nie uderza dwa razy
lightning strike,uderzenie pioruna
lights out,gasną światła
like a bag of ferrets,jak worek z fretkami
like a bat out of hell,jak z impetem
like a big dog,jak duży pies
like a bitch,jak suka
like a bitch on heat,jak suka w rui
like a boss,jak szef
like a bug to a zapper,jak owad do rakiety owadobójczej
like a bull at a gate,jak taran
like a champ,jak mistrz
like a charm,jak za dotknięciem czarodziejskiej różdż…
like a chicken with no head,jak kura bez głowy
like a chicken with the pip,jak kurczak z dzióbkiem
like a demon,jak demon
like a dog on heat,jak pies w rui
like a dog with two dicks,jak pies z dwoma penisami
like a dog with two tails,jak pies z dwoma ogonami
like a dose of salts,jak dawka soli
like a dream,jak we śnie
like a drowned rat,jak wystraszona mysz
like a duck takes to water,jak ryba w wodzie
like a duck to water,jak ryba w wodzie
like a fart in church,jak petarda w kościele
like a hawk,jak sokół
like a headless chicken,jak bezgłowy kurczak
like a headless chook,jak bez głowy
like a hole in one's head,jak nóż w głowie
like a hole in the head,jak dziura w głowie
like a hot knife through butter,jak gorący nóż przez masło
like a kid at Christmas,jak dziecko na Boże Narodzenie
like a kid on Christmas morning,jak dziecko w dniu Świąt Bożego Narodzen…
like a knife through butter,jak nóż przez masło
like a lamb to the slaughter,jak baranek na rzeź
like a man,jak mężczyzna
like a man possessed,jak opętany
like a martin to his gourd,jak skowronek do swojej miski
like a martin to its gourd,jak skowronek do swojej miski
like a million bucks,wyglądać olśniewająco
like a million dollars,jak milion dolarów
like a million pounds,jak milion funtów
like a monkey on a stick,jak małpa na patyku
like a moth to a flame,jak motyl do płomienia
like a moth to flame,jak motyl do płomienia
like a moth to the flame,jak motyl do płomienia
like a mother hawk,jak matka jastrząb
like a pakapoo ticket,jak bilet do pakapoo
like a phoenix from the ashes,jak feniks z popiołów
like a raped ape,jak zgwałcona małpa
like a rat up a drain,jak szczur w dziurze
like a rat up a drainpipe,jak szczur w rurze
like a ripe plum,jak dojrzała śliwa
like a scalded cat,jak poparzone koty
like a scalded dog,jak poparzone psy
like a shot,jak strzała
like a stuck pig,jak przyklejona świnka
like a ton of bricks,jak grom z jasnego nieba
like a train,jak pociąg
like a wet weekend,jak mokry weekend
like a wolf on the fold,jak wilk na owczarni
like all possessed,jak wszyscy opętani
like anything,jak cokolwiek
like atomic clockwork,jak precyzyjny mechanizm
like Blackpool Illuminations,jak Blackpool Illuminations
like breaking sticks,jak łamanie patyków
like buggery,jak przeklęty
like butter on a bald monkey,jak masło na łysym małpie
like candy,jak cukierki
like cats and dogs,jak kot i pies
like cheese at fourpence,jak ser za cztery pensy
like clockwork,jak zegarek
like crack,jak pęknięcie
like crazy,jak szalony
like father like son,jak ojciec tak syn
like ferrets in a bag,jak szczury w worku
like flies on a rib roast,jak muchy na pieczonym mięsie
like flies on pie,jak muchy na cieście
like fuck,jak cholera
like fudge,jak fudge
like fun,zabawa
like fury,z wściekłością
like gangbusters,z wielkim sukcesem
like grease through a goose,jak smar przez gęsia
like grim death,jak ponury śmierć
like heck,cholera
like hell,cholera wie
like hey-go-mad,wpadnij w szał
like hot cakes,jak świeże bułeczki
like I care,mnie to nie obchodzi
like I cared,jakbym się tym przejmował
like it or leave it,lubić albo nie lubić
like it or lump it,lub się z tym pogodź
like it's going out of fashion,jakby to było ostatnie w swoim rodzaju
like it's going out of style,jakby to było ostatnie co robię
like lightning,jak błyskawica
like mad,wściekły
like magic,jak za dotknięciem czarodziejskiej różdż…
like merry hell,jak w piekle
like molasses,jak melasa
like molasses in January,jak melasa w styczniu
like mushrooms,jak grzyby
like new,jak nowy
like no other,niepowtarzalny
like of,jak
like old boots,jak stare buty
like one means it,tak jak jeden oznacza to
like one o'clock,jak jedna
like one o'clock half struck,jakby pół pierwszej rozległo się
like one owns the place,jakby to było własne
like one's life depended on it,jakby od tego zależało życie
like painting the Forth Bridge,jak malowanie mostu Forth
like peas and carrots,jak groch i marchewka
like peas in a pod,jak dwie krople wody
like rats from a sinking ship,jak szczury z tonącego statku
like rats in a sack,jak szczury w worku
like riding a bike,jak jazda na rowerze
like robbing a baby,jak kradzież dziecku
like shelling peas,jak obieranie groszku
like shit through a goose,jak przez sito
like shooting fish in a barrel,łatwy jak wół
like sin,jak grzech
like smack,klepać
like someone owns the place,jakby to był jego teren
like speaking to a brick wall,jak rozmawiać ze ścianą
like speaking to a wall,jak rozmawiać ze ścianą
like stink,strasznie
like stink on shit,jak gówno na niebie
like strange bulldogs,jak dziwne buldogi
like taking candy from a baby,łatwizna
like talking to a brick wall,jak rozmawiać ze ścianą
like talking to a wall,jak rozmawiać ze ścianą
like that,tak jak to
like the bottom of a birdcage,jak dno klatki dla ptaków
like the clappers,jak szalone
like the devil,jak diabeł
like the man said,tak jak powiedział ten mężczyzna
like the man says,jak mówi ten człowiek
like the new time,nowa godzina
like the wind,jak wiatr
like the wrath of God,jak gniew Boży
like there is no tomorrow,jakby nie było jutra
like turkeys voting for Christmas,jak indyki głosujące za świętami
like two peas in a pod,jak dwie krople wody
like water,jak woda
like water off a duck's back,jak z kaczek woda
like white on rice,jak śnieg na ryżu
like winkin,mruganie
like winking,jak mrugnięcie
likker up,wypić
limber up,rozgrzewka
limit out,osiągnięcie limitu
limp in,wlecze się
line in,w linii
line in the sand,linia na piasku
line of attack,linia ataku
line of country,linia wiejska
line of fire,linia ognia
line of questioning,linia pytań
line off,wyłącz linię
line one's pockets,napełniać kieszenie
line out,wyjaśnić
line someone's pockets,napełniać kieszenie
line up,stawaj
line up behind,stawaj się w kolejce za
line up one's ducks,ułożyć wszystko po kolei
linearly dependent,liniowo zależne
linearly independent,liniowo niezależne
linger on,trwać
linger out,trwać dłużej
link in,link w
link out,link nieaktywny
link up,połączyć się
lion's den,legowisko lwa
lion's share,większość
lip off,przestań gadać
lip out,wyszczerzyć wargi
lip service,puste słowa
liquid courage,płynna odwaga
liquor up,nalać
listen after,słuchaj po
listen in,podsłuchiwać
listen out,słuchać uważnie
listen to you,słuchać ciebie
listen up,Posłuchajcie
little emperor,mały cesarz
little girl,mała dziewczynka
little hand,mała ręka
little head,mała głowa
Little Joe from Kokomo,Mały Joe z Kokomo
little mad,trochę wściekły
little old,mały stary
little pitcher,mała konewka
little pitchers have big ears,Małe dzieci słyszą wszystko
little pitchers have long ears,Małe dzbany mają długie uszy
little shit,mały gnoj
little strokes fell great oaks,małe kroki prowadzą do wielkich rzeczy
live a lie,żyć w kłamstwie
live and die by,żyć i umrzeć przez
live and learn,żyć i się uczyć
live and let live,żyj i pozwól żyć
live beyond one's means,życ ponad swoje możliwości
live down,być zapamiętany
live down to,nie sprostać
live for,żyć dla
live in,mieszkać w
live in sin,żyć w grzechu
live in the past,życ przeszłością
live in the shadow of,życ w cieniu
live it up,bawić się do woli
live large,żyć na duży luz
live long and prosper,żyj długo i prosperuj
live off,życ z
live on,żyje
live on the edge,życ na krawędzi
live one,żyć
live out,żyć
live over the brush,życie nad krzewami
live paycheck to paycheck,życ od wypłaty do wypłaty
live rent-free in someone's head,mieszkać w czyjejś głowie
live rent-free in someone's mind,żyć w czyjejś głowie
live rough,żyć w biedzie
live the dream,żyj marzeniem
live through,przetrwać
live to tell the tale,żyć żeby opowiedzieć
live together,mieszkać razem
live up,dorównać
live with,mieszkać z
live with oneself,żyć z samym sobą
liven up,ożywić
living death,żywe trupiecie
living end,życie
living proof,żywe dowody
load down,ściągnąć
load of shit,dupa
load out,wyposażenie
load up,załadować
load up on,załadować się
loaded for bear,gotowy do walki
loaded language,język nacechowany emocjonalnie
loaded word,obciążony słowo
loaf about,włóczyć się
loaf around,leniuchować
lobby out,wyjść z lobby
lobby up,zbliżyć się
locally compact,lokalnie zwarty
locally finite,lokalnie skończony
locally indicable,lokalnie wskazany
lock and key,zamek i klucz
lock and load,załadować i być gotowym
lock away,zamknąć
lock down,blokada
lock horns,starć się
lock in,zablokować
lock into,zablokować
lock off,zablokować
lock on,zablokować
lock out,wykluczyć
lock through,przez kanał
lock under,pod zamkiem
lock up,zamknąć
locked up,zamknięty
locker room humor,żarty z szatni
locks only keep honest people honest,Zamki chronią tylko uczciwych ludzi
log in,zaloguj się
log into,zalogować się
log off,wylogować się
log on,zalogować się
log onto,zalogować się
log out,wylogować się
loll about,wygrywać
loll around,leniuchować
lolly up,wylegiwać się
lone gunman,samotny strzelec
lone it,zostaw to
Lone Ranger,Samotny Strzelec
long arm,długa ręka
long arm of the law,długa ręka prawa
long betwixt the fingers,długi między palcami
long drink,napój długi
long finger,długi palec
long for,tęsknić za
long fuse,długi lont
long green,zielony
long hair don't care,długie włosy nie obchodzą mnie
long hour,długa godzina
long in coming,długo oczekiwany
long in the tooth,stary
long long ago,dawno dawno temu
long odds,małe szanse
long off,wyłączony na długo
long pork,mięso
long row to hoe,duża praca do wykonania
long run,długi dystans
long screwdriver,długi śrubokręt
long shot,odległy cel
long since,dawno
long story,długa historia
long story short,mówiąc krótko
long time,długo
long time no hear,dawno się nie słyszeliśmy
long time no see,dawno się nie widzieliśmy
look after,opiekowac sie
look ahead,patrzeć w przyszłość
look ahead to,spoglądać w przyszłość
look ahere,spójrz tutaj
look around,rozejrzyj się
look askance,patrzeć z nieufnością
look at,spójrz
look at it this way,spójrz na to w ten sposób
look away,odwróć wzrok
look back,spojrzeć wstecz
look before one leaps,zanim zrobisz coś, zastanów się
look beyond,patrzeć dalej
look both ways,sprawdź obie strony
look down,spojrzeć w dół
look down on,patrzeć z góry
look down one's nose,patrzeć z góry
look down upon,patrzeć z góry
look for,szukać
look for a dog to kick,szukać psa, żeby go kopnąć
look for number one,szukaj numer jeden
look forward to,cieszyć się z
look here,spójrz tutaj
look in,spojrzeć w
look in on,odwiedzić
look into,zbadaj
look off,spojrzeć na bok
look on,spojrzeć na
look on as,patrzeć na
look on the bright side,patrz na to z pozytywnej strony
look on the dark side,patrzeć na to w negatywny sposób
look out,uważaj
look out for number one,dbać o siebie
look out for someone,zwróć uwagę na kogoś
look over,przejrzeć
look over one's shoulder,spoglądać przez ramię
look past,przeoczyć
look right through,patrzeć przez coś
look round,rozejrzeć się
look the other way,odwrócić wzrok
look the part,wyglądać odpowiednio
look through,przeglądać
look through one's fingers,patrzeć przez palce
look to,spoglądać
look up,sprawdzić
look up and down,spojrzeć w górę i w dół
look up to,podziwiać
look upon,patrzeć na
look what the cat dragged in,spójrz co kot przyniósł
look what the cat drug in,spójrz co kot przyniósł
look what the cat's dragged in,spójrz co kot przywiózł
look what the wind blew in,spójrz co przyniosło wiatr
look who the cat dragged in,spójrz, kto się tu pojawił
look who's talking,spójrz kto mówi
lookers-on see most of the game,widzowie widzą większość meczu
looks can be deceiving,Pozory mogą być mylące
loom ahead,wyłaniać się
loom large,wyrastać
loop in,pętla
loop off,wyłącz pętlę
loop up,wyszukać
loose cannon,nieprzewidywalna osoba
loose end,luźny koniec
loose ends,niedokończone sprawy
loose lip,plotkarski język
loose lips sink ships,Cisza to bezpieczeństwo
loose off,poluzować
loose tongue,wygrywanie
loosen someone's lips,wydobyć z kogoś informacje
loosen someone's tongue,sprawić, że ktoś się otworzy
loosen the apron strings,dać więcej swobody
loosen the purse strings,poluzować pieniądze
loosen up,poluzować
lop down,upaść
lop off,odcinać
lord it over,panoszyć się
Lord knows,Bóg wie
Lord love you,Bóg cię kocha
lord of gingerbread,pan piernikowy
lord of the flies,Władca much
Lord only knows,Tylko Bóg wie
lord over,panować nad
Lord rest his soul,Niech Bóg odpoczywa na jego duszy
Lord's Supper,Wieczera Pańska
lose count,zgubić rachubę
lose face,stracić honor
lose ground,tracić pozycję
lose it,stracić to
lose one's battle,przegrać walkę
lose one's bottle,stracić odwagę
lose one's cool,stracić panowanie nad sobą
lose one's head,stracić głowę
lose one's heart,stracić serce
lose one's mind,wpaść w obłęd
lose one's shirt,stracić koszulę
lose one's shit,wściec się
lose one's temper,stracić panowanie nad sobą
lose one's tongue,stracić głos
lose one's touch,stracić wprawę
lose one's virginity,stracić dziewictwo
lose one's wits,stracić zmysły
lose out,przegrać
lose patience,stracić cierpliwość
lose sight of something,stracić z oczu
lose the bell,zgubić dzwonek
lose the bubble,stracić bańkę
lose the number of one's mess,zgubić numer telefonu
lose the plot,zgubić wątek
lose touch,stracić kontakt
lose track,zgubić zmysł
loss and gain are brothers twain,strata i zysk to bracia
loss of face,utrata honoru
lost cause,przegrana sprawa
lost errand,zapomniana sprawa
lost for words,bezradny
lost in the shuffle,zagubiony w tłumie
lost in translation,zagubiony w tłumaczeniu
lost on,zgubiony
lost to the world,zagubiony dla świata
lost to time,zagubiony w czasie
lotion up,nakładaj krem
loud and clear,głośno i wyraźnie
louse around,leniuchować
louse up,zepsuć
love at first sight,miłość od pierwszego wejrzenia
love away,kocham z daleka
love buzz,euforia miłosna
love cannot be forced,miłość nie może być wymuszona
love conquers all,miłość wszystko zwycięża
love goggles,różowe okulary
love is blind,miłość jest ślepa
love is love,miłość to miłość
love it or lump it,lub to albo zaakceptuj to
love muscle,mięsień sercowy
love nest,gniazdo miłości
love of one's life,miłość życia
love on,kochać
love up,kochać
love ya,Kocham cię
love you,Kocham cię
low and slow,wolno i powoli
low blow,podły ruch
low on the totem pole,na najniższym szczeblu hierarchii
low road,łatwiejsza droga
low-hanging fruit,łatwe cele
lower one's sights,obniżyć wymagania
lower the bar,obniżyć poprzeczkę
lower the boom,wyciągnąć wnioski
lube up,nasmarować
lubrication payment,płatność za smarowanie
luck in,szczęście w
luck into,przypadkiem
luck of the draw,szczęście losu
luck out,mieć szczęście
luck through,przez przypadek
lucky break,szczęśliwy przypadek
lucky dip,losowanie
lucky dog,szczęśliwy pies
lucky duckie,szczęśliwy kaczorek
lucky duckling,szczęśliwy kaczek
lucky ducky,szczęściarz
lucky star,gwiazda szczęścia
lucky you,szczęściarz
lucus a non lucendo,ciemność
luff up,podnieść
lug in,włożyć
lug out,wyciągnąć
lumber with,zajęty z
lump in one's throat,kłęb w gardle
lump it,przeżyć to
lump to one's throat,węzeł w gardle
lump together,łączyć w całość
lump up,zwęzić się
lunatics have taken over the asylum,szaleńcy przejęli szpital psychiatryczny
lunch in,obiad w
lunch out,obiad na mieście
luncheon truncheon,obiad pałka
lush around,zielono
lush it up,Udekorować
lush up,podkrasić
lust after,pożądanie
ma non troppo,nie za bardzo
macho up,podnieść się
mack down,zdominować
mack on,zająć się czymś
mack out,zdobyć
mad money,dodatkowe pieniądze
made for each other,stworzeni dla siebie
made for life,stworzony dla życia
made in China,wyprodukowano w Chinach
made in Japan,wyprodukowano w Japonii
made in the shade,w cieniu
made of sterner stuff,wykonany z mocniejszego materiału
made to fade,zrobiony żeby blaknąć
magic asterisk,magiczna gwiazdka
magic box,magiczna skrzynka
magic bullet,cudowne lekarstwo
magic touch,magiczny dotyk
magic up,wyczarować
mail it in,wyślij to pocztą
main character,główna postać
main event,główny punkt programu
main man,główny człowiek
Main Street,Główna ulica
major in,specjalizacja
make a big thing out of,robić z igły widły
make a break for it,uciec
make a career of,budować karierę
make a case,złożyć sprawę
make a case for,argumentować za
make a clean breast,wyznawać się
make a comeback,powrót
make a day of it,spędźcie cały dzień
make a difference,mieć znaczenie
make a face,krecić miny
make a fist of,zaciśnij pięść
make a fool of,wyśmiać
make a fuss,robić zamieszanie
make a go of,podjąć się czegoś
make a grab,złapać
make a killing,zarobić fortunę
make a leg,zrobić nogę
make a light,zapal światło
make a living,zarabiać na życie
make a meal of,przyrządzić posiłek
make a mess of something,zepsuć coś
make a mockery of,wyśmiewać
make a monkey out of,wyśmiać
make a move,zrobić ruch
make a name for oneself,zyskać sławę
make a night of it,spędźmy miło czas
make a noise in the world,dawać o sobie znać
make a pig of oneself,objadać się
make a pig's ear of,zepsuć
make a point,podkreślić coś
make a poor fist of,zepsuć
make a rabbit bite a bulldog,Spraw, żeby królik ugryzł buldoga
make a return,zwrócić
make a run for it,uciec
make a scene,robić scenę
make a show of oneself,wybijać się
make a spectacle of oneself,robić z siebie dziwaka
make a splash,wywołać sensację
make a start,zacząć
make a statement,wydać oświadczenie
make a Virginia fence,zbuduj ogrodzenie w stylu wirginii
make a virtue of necessity,robić z konieczności zaletę
make after,po
make against,przeciwko
make all the difference,mieć ogromne znaczenie
make amends,odpokutować
make an appearance,zjawić się
make an ass of,wyglądać głupio
make an example of,daj przykład
make an exhibition of oneself,wystawiać się
make an honest woman,uczynić kobietą
make away,uciec
make away with,ukraść
make baby Jesus cry,sprawić, żeby mały Jezus zapłakał
make beautiful music together,tworzyć piękną muzykę razem
make believe,udawać
make biscuits,piecz ciasteczka
make bones about,marudzić
make book,zrobić książkę
make both ends meet,wyrównać budżet
make bricks without straw,budować bez materiałów
make do,improvisować
make do and mend,im prowizoryczny sposób naprawić i napra…
make down,zmniejszyć
make ends meet,wyrównywać budżet
make every effort,dołożyć wszelkich starań
make eye contact,patrzeć w oczy
make faces,krecić miny
make for,dla
make friends,zaprzyjaźnić się
make from scratch,zrób od podstaw
make fun of,wyśmiewać
make game of,wyśmiewać
make garden,zrób ogród
make good,naprawić
make good on,wywiązać się
make good on something,spełnić obietnicę
make ground,przygotować grunt
make happen,sprawić żeby się stało
make hard work of,robić ciężką pracę
make haste slowly,Spiesz się powoli
make hay while the sun shines,Wykorzystaj okazję
make head or tail of,rozumieć
make headway,robić postępy
make heavy going of,utrudniać
make heavy weather,utrudniać sytuację
make history,wpisać się do historii
make interesting,czynić interesującym
make into,zamienić w
make it do or do without,zrób to albo zrezygnuj
make it interesting,zrób to interesujące
make it make sense,Upewnij się, że ma sens
make it rain,sprawić, żeby padał deszcz
make it snappy,zrób to szybko
make it so,zrób to tak
make it up to,odrobić
make light of,bagatelizować
make light work of,łatwo radzić sobie z
make like a banana and split,rozdziel się
make like a tree and leave,wyjdź stąd
make love to the camera,zakochiwać się w obiektywie
make matters worse,pogorszyć sytuację
make me,zrób mnie
make mention of,wspomnieć o
make mincemeat out of,rozgniatać
make money,zarabiać pieniądze
make muffins,piec muffiny
make news,być w nagłówkach
make no bones about,nie owijać w bawełnę
make no mistake,nie ma co się mylić
make noise,hałasować
make of,zrobiony z
make off,uciec
make off with,ukraść
make one's bow,ukłonić się
make one's hand,pomóc
make one's mark,zostawić ślad
make one's presence felt,dawać o sobie znać
make one's way,dostawać się
make oneself at home,czuć się jak w domu
make oneself clear,wyjaśnić się
make or break,zaważyć
make out,rozpoznać
make out like a bandit,zarobić fortunę
make out of,wykonać z
make out with,obijać się
make over,remont
make peace,zawrzeć pokój
make pigs and whistles of,robić z kogoś pośmiewisko
make quick work of,z łatwością
make room,zrób miejsce
make sense,mieć sens
make shit of,psuć
make short work of,łatwo uporać się z
make somebody's day,ucieszyć kogoś
make someone's blood boil,doprowadzać kogoś do furii
make someone's day,ucieszyć kogoś
make someone's ears sad,sprawić, żeby komuś smutno było do słuch…
make someone's head spin,zakręcić komuś głowę
make someone's jaw drop,zrobić komuś otwartą paszczę
make someone's skin crawl,wywoływać dreszcze
make someone's teeth itch,dawać komuś do myślenia
make something of oneself,zdobyć uznanie
make sport of,wyśmiewać
make strange,uczynić dziwnym
make strides,robić postępy
make the bald man cry,Sprawić, żeby łysy mężczyzna płakał
make the best of,wykorzystać okazję
make the best of one's way,wykorzystać okazję
make the best of something,wykorzystać coś najlepiej jak się da
make the call,zadzwonić
make the case for,argumentować za
make the cut,awansować
make the difference,zrób różnicę
make the grade,uzyskać wymagany poziom
make the headlines,być na pierwszej stronie
make the most of,wykorzystać w pełni
make the move,zrobić ruch
make the point,podkreślić
make the running,bieganie
make the weather,wpływać na pogodę
make the welkin ring,rozbrzmiewać niebo
make the world go around,napędzać świat
make time,znajdź czas
make time with,spędzić czas z
make to order,na zamówienie
make to stock,zaopatrzyć w zapasy
make tracks,zniknąć
make tracks for,pędzić do
make trial of,wypróbować
make up,makijaż
make up for lost time,nadrobić stracony czas
make up one's mind,podjąć decyzję
make up the numbers,wymyślać liczby
make up to,nadrobić
make waves,wywoływać zamieszanie
make way,Ustep
make with,wykonać z
make yourself at home,czuj się jak w domu
makes you think,zmusza do myślenia
mama's boy,ulubieniec mamy
mama's girl,dziewczyna taty
man about town,dżentelmen
man among men,człowiek wśród ludzi
man bites dog,pies gryzie człowieka
man down,ranny
man in the street,przeciętny człowiek
man is a wolf to man,człowiek jest wilkiem dla człowieka
man it out,wyciągnąć
man of few words,człowiek niewiele mówiący
man of parts,człowiek wszechstronny
man of the people,człowiek z ludu
man on the street,przeciętny człowiek
man overboard,człowiek za burtą
man plans and God laughs,człowiek planuje a Bóg się śmieje
man the fort,strzegć fortu
man up,zrób to jak mężczyzna
manage down,zmniejszać
manage out,zwolnić
manage up,budować dobre relacje z przełożonym
manage with,radzić sobie z
manners maketh man,Dobre maniery czynią człowieka
manoeuvre the apostles,manewrować apostołami
many a mickle makes a muckle,małe rzeczy składają się na duże
many a time and oft,często
many hands make light work,wspólnymi siłami łatwiej
many happy returns,wiele szczęśliwych okazji
many moons ago,dawno temu
many moons from now,za wiele lat
many such cases,wiele takich przypadków
many thanks,bardzo dziękuję
map onto,przenosić na
map out,zaplanować
march on,marsz
march past,parada
mare's fart,wiatr z morza
marginalize out,marginalizować
marinate on,marynować
mark as,oznaczyć jako
mark down,zaznaczyć
mark down as,oznaczyć jako
mark my word,zwróć uwagę na moje słowa
mark my words,zapisz to sobie
mark off,oznaczyć
mark one's own homework,sprawdzanie własnych zadań domowych
mark out,oznaczyć
mark someone's card,oznaczyć kartę kogoś
mark up,podwyższyć cenę
Marks and Sparks,Marks and Spencer
marriage bed,łóżko małżeńskie
marriage penalty,kara małżeńska
marry in,wziąć ślub w
marry into,wziąć ślub z
marry me,wyjdź za mnie
marry off,wyszydzać
marry out,wystawiać na aukcji
marry the ketchup,poślubić ketchup
marry up,wziąć ślub
marshal together,zebrać
mash it up,wymieszaj to
mash up,miksować
mask off,zdejmij maskę
mask up,Załóż maskę
mass destruction,masowe zniszczenie
massively parallel,masowo równoległy
Master John Goodfellow,Mistrz John Goodfellow
Master of the Universe,Pan wszechświata
master out,wyjść na prostą
master plan,plan główny
match made in heaven,para ideal
match made in hell,para idealna do piekła
match up,dopasować
matter at hand,sprawa
matter of course,oczywistość
matter of fact,właściwie
matter of life and death,sprawa życia i śmierci
matter of time,sprawa czasu
max out,wykorzystać do maksimum
may as well,może warto
may God be my witness,Niech Bóg będzie moim świadkiem
may I help you,czy mogę wam pomóc
may I pass through,czy mogę przejść
May the 4th Be With You,Niech siódmy dzień maja będzie z wami
may the Force be with you,Niech Siła będzie z tobą
may the Force be without you,Niech Moc będzie z tobą
May the Fourth Be With You,Niech Siódmy dzień miesiąca z wami będzi…
may you live in interesting times,niech ci się dzieją ciekawe rzeczy
me gusta,podoba mi się
me thinketh,myślę
me three,trzy
meal deal,zestaw posiłków
meal ticket,bilet na posiłek
meals on wheels,dostawa posiłków do domu
mean business,mieć poważne intencje
mean machine,maszyna
mean people suck,Złe osoby są odrażające
mean streak,złośliwość
mean the world to,znaczyć wszystko
mean to,znaczyć
meant to,miał być
measure for measure,oko za oko
measure off,odmierzyć
measure out,odmierzyć
measure swords with,mierzyć siły z
measure the drapes,zmierzyć zasłony
measure twice and cut once,mierz dwa razy, tnij raz
measure up,odpowiadać wymaganiom
meat market,sklep mięsny
meat off,zdejmij mięso
meat on one's bones,mieć mięso na kościach
meat on the bones,mięso na kościach
meat rack,ruszt do mięsa
meat sweats,pot po mięsie
media darling,ulubieniec mediów
medical out,wypowiedzenie z pracy medycznej
medicine up,w górę
meet a sticky end,spotkać nieciekawy koniec
meet halfway,spotkać się na pół drogi
meet one's maker,spotkać swojego twórcę
meet up,spotkanie
meet with,spotkać się z
meeting of the mindless,spotkanie bezmyślnych
meeting of the minds,spotkanie umysłów
mellow out,zrelaksować się
mellow yellow,żółty i spokojny
melon head,głupiec
melt away,topnieć
melt down,topnienie
melt in the mouth,topi się w ustach
melt into,rozpuścić się w
melt out,topić się
melt up,topnieć
member for Barkshire,członek parlamentu z okręgu Barkshire
meme on,mem
memory lane,aleja wspomnień
mend fences,naprawiać płoty
mend one's ways,naprawić swoje zachowanie
mental gymnast,akrobat umysłu
mentally challenged,osoba z niepełnosprawnością intelektualn…
mentally ill,upośledzony psychicznie
mentally retarded,upośledzony umysłowo
merc up,w górę
merchant of death,handlarz bronią
mercy bucket,wiadro do wody
mercy buckets,wiadra do zbierania darów
mercy fuck,wybacz mi
mercy sake's alive,dla miłosierdzia, żyje
mere mortal,śmiertelnik
Merry Andrew,Bawarczyk
merry Christmas,Wesołych Świąt
merry dance,wesoły taniec
merry men,wesoła drużyna
merry Xmas,Wesołych Świąt
mess about,bałaganić się
mess around,bawić się
mess of pottage,zupa
mess over,zepsuć
mess up,zepsuć
mess with,psuć
metabolically challenged,mający problemy z metabolizmem
mete out,rozdawać
methinks thou dost protest too much,wydaje mi się, że protestujesz zbyt mocn…
method to one's madness,nie ma co się przejmować
mew up,zdezorientować
Mexican breakfast,Śniadanie meksykańskie
mic drop,efektowna zapowiedź zakończenia wystąpie…
mic up,włącz mikrofon
micky off,wyłącz mysz
microwave up,podgrzać w mikrofalówce
Midas touch,Dotyk Midasa
middle for diddle,środek
middle of nowhere,środek niczego
middle of the road,średni
might as well,może warto
might is right,kto ma moc, ten ma rację
might makes right,siła daje prawo
mighty oaks from little acorns grow,Z małych dębów rosną potężne dęby
mike off,wyłącz mikrofon
mike up,podłączyć mikrofon
mile a minute,mile na minutę
milieu control,kontrola środowiska
milk before meat,mleko przed mięsem
milk can,wiadro na mleko
milk drinker,pijący mleko
milk of human kindness,mleko ludzkiej dobroci
milk the clock,marnować czas
mill about,mielić
mill around,krążyć
Miller of Dee,Młyn w Dee
milling machine,frezarka
million and one,milion i jeden
mime out,odgrywać
mince up,kroić w kostkę
mince words,łagodzić słowa
mind how you go,uważaj na siebie
mind one's language,uważać na słowa
mind one's own business,zająć się własnymi sprawami
mind one's P's and Q's,zachowywać się odpowiednio
mind one's ps and qs,dbać o dobre maniery
mind out,uważaj
mind the gap,uważaj na szczelinę
mind the store,pilnować sklepu
mind you,uwaga
mind your own beeswax,zajmij się swoimi sprawami
mind's ear,słuch wewnętrzny
mind's eye,wyobraźnia
miners' canary,kanarek górników
mines and minerals,kopalnie i minerały
minor in,specjalizacja dodatkowa
minor miracle,mały cud
mint condition,jak nowy
misery enjoys company,Nieszczęście lubi towarzystwo
misery loves company,Nieszczęście lubi towarzystwo
misfortunes never come alone,Nieszczęścia rzadko przychodzą pojedyncz…
misfortunes never come singly,Nieszczęścia rzadko przychodzą pojedyncz…
miss off,pominąć
miss out,przegapić
Miss Priss,Panienka
Miss Right,Ta odpowiednia osoba
miss the forest for the trees,nie widzieć lasu za drzewami
miss the mark,pomylić się
miss the memo,nie wiedzieć o czymś
miss the point,pomijać istotę
miss the wood for the trees,nie widzieć lasu za drzewami
miss the woods for the trees,nie widzieć lasu za drzewami
Miss Wrong,Pani Mylska
misses and kisses,buziaki i całuski
missing stair,brakujący schodek
mission accomplished,misja zakończona
mission creep,rozszerzanie zakresu zadań
mist over,mgła
mist up,mgła
mistake windmills for giants,mylic się na wiatrakach, biorąc je za ol…
Mister Right,Idealny mężczyzna
Mister Wrong,Zły człowiek
misters before sisters,Panowie przed paniami
mists of time,mgły czasu
mitten onto,na
mix and match,mieszaj i dopasowuj
mix apples and oranges,mieszaj jabłka i pomarańcze
mix down,miksować
mix it up,wymieszaj to
mix up,wymieszać
mixed bag,mieszanka
mixed blessing,mieszana radość
mixed herbs,mieszanka ziół
mixed message,mieszane sygnały
mixed picture,mieszany obraz
mob up,zebra
mobilia sequuntur personam,meble podążają za człowiekiem
mock out,wyśmiewać
mock up,makiet
mocking is catching,naśladownictwo jest zaraźliwe
modern as next week,nowoczesny jak w przyszłym tygodniu
modern up,modernizacja
modest proposal,skromna propozycja
molehill mountaineer,górnik
molon labe,niech będzie pochwalony
moment in the sun,chwila w słońcu
moment of truth,chwila prawdy
mommy brain,mózg matki
Monday-morning quarterback,Krytykowanie z perspektywy
money can't buy happiness,pieniądze nie dają szczęścia
money cannot buy happiness,pieniądze nie mogą kupić szczęścia
money does not smell,pieniądze nie śmierdzą
money does not stink,pieniądze nie śmierdzą
money doesn't grow on trees,pieniądze nie rosną na drzewach
money for jam,pieniądze na dżem
money for old rope,pieniądze za nic
money has no smell,pieniądze nie mają zapachu
money is no object,pieniądze nie grają roli
money makes the world go around,pieniądze kręcą światem
money makes the world go round,pieniądze kręcą świat
money pit,dół bez dna
money talks,pieniądze mówią
money talks and bullshit walks,Pieniądze mówią a bzdury odchodzą
money's worth,wartość pieniędzy
mong out,wyjść
monkey about,bawić się
monkey around,bawić się
monkey business,oszustwa
monkey paw,łapa małpy
monkey up,wyskoczyć
monkey wrench,klucz nastawny
monkey's paw,ręka małpy
monkeys humping a football,małpy kopulujące z piłką nożną
Monopoly money,Pieniądze z Monopoly
month of Sundays,miesiące leniuchowania
Moo U,Mu
mooch off,przywłaszczać sobie
moonlight and roses,księżycowe światło i róże
moonlight flit,promienny taniec
moor up,cumować
mop down,umyć
mop up,wycierać
mope about,narzekać
mope around,marudzić
moral bankruptcy,moralne bankructwo
moral high ground,moralna przewaga
moral low ground,moralnie nagłe stanowisko
moral of the story,morał historii
morally bankrupt,moralnie zrujnowany
morbidly obese,bardzo otyły
more at eleven,więcej o jedenastej
more betoken,oznaczać więcej
more by token,więcej za token
more confusing than a Rubik's cube,bardziej skomplikowane niż kostka Rubika
more cry than wool,więcej płaczu niż wełny
more cushion for the pushin',więcej amortyzacji
more dollars than sense,więcej pieniędzy niż rozsądku
more equal,bardziej równy
more honored in the breach,bardziej ceniona w praktyce niż w teorii
more is more,więcej znaczy więcej
more like,bardziej jak
more like it,bardziej jak to
more money than brains,więcej pieniędzy niż rozumu
more money than sense,więcej pieniędzy niż rozsądku
more often than not,często
more or less,mniej więcej
more power to someone,więcej siły dla kogoś
more than meets the eye,to nie jest takie proste jak się wydaje
more than one bargained for,więcej niż się spodziewano
more than one cares to mention,więcej niż można by się spodziewać
more to the point,istotniejsze
more's the pity,szkoda
morning person,osoba, która lubi wstać wcześnie
morris off,wyłączone Morris
moss out,wyłączanie
most an end,najlepiej zakończyć
mother hen,kura matka
Mother Hubbard,Matka Hubbard
mother lode,bogactwo
mother of all,matka wszystkich
mother up,wychować
motion of someone's ocean,ruch oceanu
mount up,wsiadać
mouse around,przeglądać
mouse over,przesuwanie kursorem
mouth breather,oddychanie ustami
mouth of a sailor,usta marynarza
mouth off,gadać głupoty
mouth the words,wymawiać bez dźwięku
mouthful of marbles,garść kulek
move about,poruszać się
move ahead,idź dalej
move along,idź dalej
move around,poruszać się
move away,oddalać się
move back,cofnij się
move down,zejść
move furniture,przenoszenie mebli
move heaven and earth,przenieść góry i doliny
move house,przeprowadzka
move in,wchodzić
move in on,wkraczać
move into,wkraczać
move it or lose it,Rusz się albo przegrasz
move off,oddal się
move on,idź dalej
move one's body,poruszać ciałem
move out,wyprowadzić się
move over,przesuń się
move someone to tears,wywołać łzy
move the goalposts,przesuwać bramki
move the needle,przesunąć igłę
move the yardsticks,przesuń miarki
move through the gears,przełączać biegi
move to,przenieść się
move together,poruszać się razem
move up,wspiąć się
move up in the world,awansować
move with,poruszaj się z
move with the times,nadążać za czasem
movie jail,więzienie dla gwiazd
mow down,koszenie
much ado about nothing,duży hałas o nic
much good may it do someone,niech to komuś dobrze służy
much less,o wiele mniej
much of a muchness,niewiele różnicy
much the same as,mniej więcej to samo co
much to be said,dużo do powiedzenia
muck about,bawić się
muck around,bawić się
muck in,pomóc
muck out,wyczyścić oborę
muck up,zepsuć
mud and stud,błoto i podkowka
mud fence,ogródek z błota
mud monkey,małpa błotna
mud out,wyciągnąć
mud sticks,błoto przywiera
muddle along,przedzierać się
muddle on,marnować czas
muddle through,wyjść na sucho
muddle up,pomieszać
muddy the waters,zaciemniać sytuację
muddy up,ubrudzić
muff up,zepsuć
muffle up,zatykać
mug off,wyłączyć
mug up,uczyć się na pamięć
mug's game,dziecinada
mugged by reality,oszołomiony rzeczywistością
mukluk telegraph,telegraf Mukluk
mull over,rozważać
mull up,rozważać
multum in parvo,wielu w małym
mum's the word,tajemnica
munch on,gryźć
murder will out,prawda zawsze wyjdzie na jaw
murderers' row,rzęd kolejnych morderców
murk out,zaciemnić
muscle in,mięsień
muscle in on,wkraczać
muscle up,podciągnąć się
mush it up,wymieszaj to
mush up,zmieszać
music to one's ears,muzyka dla uszu
music to someone's ears,muzyka dla uszu
muss up,psuć
must get in front,musi być przed
must have been the wind,musiało to być wiatr
must have killed a Chinaman,musiał zabić Chińczyka
must've been the wind,musiało to być wiatr
muster in,zebra
muster out,zdemobilizować
muster up,zebrać siły
mustn't grumble,nie wolno narzekać
mutual admiration society,towarzystwo wzajemnego podziwu
mutually exclusive,wzajemnie wykluczające się
mutually intelligible,wzajemnie zrozumiały
my arse,moje pośladki
my back teeth are floating,moje tylne zęby wypadają
my bad,moje winy
my bloody oath,przysięgam
my body is ready,Moje ciało jest gotowe
my culture is not your costume,moja kultura to nie twój strój
my dog ate my homework,Mój pies zjadł moją pracę domową
my enemy's enemy is my friend,wróg mojego wroga jest moim przyjacielem
my eye,moje oko
my eyes are up here,Moje oczy są tutaj
my foot,moja stopa
my head's a shed,mam zamieszanie w głowie
my kingdom for a horse,Oddałbym całe swoje królestwo za konia
my sides,moje boki
my skull's afly,moja czaszka lata
my spider sense is tingling,czuję, że coś się dzieje
my teeth are floating,moje zęby pływają
my watch has ended,moja kadencja dobiegła końca
my way or the highway,moje warunki albo nic
my word,moje słowo
n'est-ce pas,czyż nie
na na na na boo boo,bu bu bu bu bu
na-na na-na boo-boo,na-na na-na bu-bu
Nader's raider,Najemnik Nader
naff off,wypadaj
nail down,ustalić
nail in one's coffin,początek końca
naked ape,goły małpolud
name after,nazwać na cześć
name and shame,ujawnianie i potępienie
name for,nazwa dla
name names,wymieniać nazwiska
name of the game,nazwa gry
name one's poison,wybierać sobie
nanny nanny boo boo,nie wiem
Nantucket sleigh ride,Przejażdżka saniami na Nantucket
narrow down,ograniczyć
narrow up,wąskać
native soil,rodzima gleba
nature abhors a vacuum,Natura nienawidzi pustki
nature beckons,natura wzywa
nature calls,natura wzywa
nature of the beast,natura bestii
nature versus nurture,natura a wychowanie
nature vs nurture,natura a wychowanie
nature vs. nurture,natura a wychowanie
nause up,zniechęcić
ne bis in idem,nie można być sądzonym za to samo dwukro…
near and dear,drogi
near at hand,blisko
near beer,piwo bezalkoholowe
near post,blisko bramki
near the knuckle,blisko kostki
near the mark,blisko celu
nearest and dearest,najbliżsi i najdrożsi
nearly man,niemal człowiek
nearly never bulled a cow,prawie nigdy nie dojony krowa
nearly never won the race,prawie nigdy nie wygrał wyścigu
neat and tidy,czysty i schludny
neato burrito,fajny burrito
neato mosquito,fajny komar
neato torpedo,torpeda
necessary evil,nieuniknione zło
necessity is the mother of innovation,konieczność jest matką wynalazku
necessity is the mother of invention,Konieczność jest matką wynalazku
necessity knows no law,konieczność nie zna prawa
neck and neck,równiutko
neck down,od szyi w dół
neck of the woods,okolice
neck up,od szyi w górę
necker's knob,wierzchołek szyi
necktie party,impreza w krawacie
need I say more,czy muszę coś więcej mówić
need one's eyes checked,sprawdzić wzrok
needle drop,spadek igły
needle in a haystack,igła w stogu siana
needle mover,ruchomy wskaźnik
needless to say,oczywiście
needs must,trzeba
needs must when the devil drives,czasem trzeba działać pod przymusem
negative Nancy,pesymista
neither employed nor retired,ani zatrudniony ani na emeryturze
neither fish nor flesh,ani ryba ani mięso
neither fish nor fowl,ani ryba ani ptak
neither here nor there,nie ważne
nerd out,szaleć na swój temat
nerve out,jąć na nervy
nerve up,nabrać odwagi
nerves of steel,żelazne nerwy
nervous hit,nerwowy cios
nervous Purvis,nerwowy Purvis
nest together,gniazdować się razem
net out,wynik netto
neti neti,nie to nie to
never a dull moment,nigdy nie jest nudno
never change a running system,nie zmieniaj działającego systemu
never eat shredded wheat,nigdy nie jedz płatków pszennych
never eat soggy waffles,nigdy nie jedz napęczniałych naleśników
never eat soggy Weet-Bix,nigdy nie jedz rozmokłych płatków Weet-B…
never eat soggy wheat,nigdy nie jedz rozmokłych płatków
never fear,nigdy nie bój się
never in a million years,nigdy w życiu
never in a month of Sundays,nigdy w życiu
never meet your heroes,nigdy nie spotykaj swoich idoli
never mind,nie martw się
never say never,nigdy nie mów nigdy
never sick at sea,nigdy nie choruje na morzu
never the twain shall meet,te dwa nigdy się nie spotkają
never trust me,nigdy mi nie ufaj
never waste a crisis,nie marnuj kryzysu
never you mind,nie martw się
new brooms sweep clean,Nowe miotły lepiej sprzątają
new dawn,nowy świt
new hotness,nowość
new kid in town,nowy mieszkaniec
new kid on the block,nowy mieszkaniec
new normal,nowa normalność
new school,nowa szkoła
new territory,nowy obszar
new up,nowoczesny
new wine in an old bottle,nowe wino w starym bukłaku
new wine in an old wineskin,nowe wino w starym bukłaku
News of the Screws,Wieści o śrubach
newspaperman's newspaper,gazeta dziennikarza
next door,obok
next thing one knows,zanim zdąży się zorientować
next to,obok
next to no time,bardzo mało czasu
next to nothing,prawie nic
nice guy,miły facet
nice guys finish last,Miły człowiek zawsze przychodzi ostatni
nice knowing you,Miło było Cię poznać
nice to meet you,miło mi cię poznać
nicen up,zoptymalizować
nick off,wyjść z systemu
nick up,zarejestrować się
nickel and dime,drobiazgi
nickel nurser,niemysłowa butelka
nickel tour,wycieczka po fabryce
nigger nose,Czarna dziura
nigger rich,bogaty
nigh on,prawie
night and day,dzień i noc
night out,wieczór
night owl,nocny marek
night person,nocny marek
nighty night,dobranoc
Nikon choir,Chór Nikonowski
nil by mouth,nic przez usta
nil per os,nic przez usta
Nina from Pasadena,Nina z Pasadeny
nine times out of ten,dziesięć razy z dziesięciu
nine-day wonder,krótkotrwały entuzjazm
ninjas cutting onions,ninje krojące cebulę
nip and tuck,lifting
nip at,gryźć
nip in the bud,zatrzymać w zarodku
nishtaneh hateva,niszczenie przyrody
nix off,odrzuć
Nixon goes to China,Nixon jedzie do Chin
Nixon in China,Nixon w Chinach
Nixon to China,Nixon w Chinach
no and low,nie i niski
no big deal,żadna filozofia
no biggie,żadna filozofia
no bigs,nie ma sprawy
no bones about it,bez ogródek
no brown in town,Brak brązowego koloru w mieście
no buts,bez żadnych ale
no chance,żadnych szans
no cigar,żadnych papierosów
no comment,brak komentarza
no contest,bezdyskusyjnie
no deal,brak umowy
no dice,nie mówi
no diggity,żadnych takich rzeczy
no entry,zakaz wjazdu
no eye see,nie widzę
no fear,bez strachu
no fixed abode,bez stałego miejsca zamieszkania
no flies on,nie ma much
no free lunch,nie ma darmowych obiadów
no fun at parties,nieśmieszny na imprezach
no further action,brak dalszych działań
no gain without pain,nie ma zysku bez wysiłku
no glove no love,bez rękawiczek brak czułości
no go,nie można
no good deed ever goes unpunished,żadna dobra czyn nie pozostaje bez kary
no good deed goes unpunished,żadna dobra czyn nie pozostaje bez kary
no great scratch,żadnych poważnych zarysowań
no great shakes,żadna rewolucja
no hard feelings,bez urazy
no harm done,nie ma żadnych szkód
no horse in this race,żaden koń w tym wyścigu
no human involved,bez udziału człowieka
no johns,bez prostytutek
no joke,bez żartów
no joy,brak radości
no love lost,bez sentymentów
no man is an island,żaden człowiek nie jest samotną wyspą
no matter,nie ważne
no matter how,niezależnie od tego
no matter what,nie ważne co
no me gusta,nie lubię
no means no,nie znaczy tak
no more,już nie
no more Mister Nice Guy,koniec z udawaniem miłego człowieka
no more Mr Nice Guy,Nie będę już udawać miłego człowieka
no more Mr. Nice Guy,Nie będę już udawać miłego człowieka
no news is good news,brak wiadomości to dobra wiadomość
no notes,bez notatek
no offence,bez obrazy
no offense,bez obrazy
no one is born a master,nikt się nie rodzi mistrzem
no parking,zakaz parkowania
no peace for the weary,brak wytchnienia dla zmęczonych
no picnic,żadna przyjemność
no pressure,bez presji
no prize for guessing,bez nagrody za zgadywanie
no problem,nie ma problemu
no probs,nie ma problemu
no promo homo,bez promocji dla homoseksualistów
no pun intended,bez obrazy
no question,bez pytania
no rest for the weary,nie ma wytchnienia dla zmęczonych
no rest for the wicked,nie ma wytchnienia dla złoczyńców
no rights reserved,bez zastrzeżeń
no rose without a thorn,Nie ma róży bez ciernia
no score,brak wyniku
no screaming hell,żadnych krzyków piekła
no sense no feeling,bez sensu bez uczuć
no shame in my game,Nie mam się czego wstydzić
no shot,żaden strzał
no show without Punch,żaden występ bez Puncha
no skin off one's back,nie ma to większego znaczenia
no skin off one's nose,nie robi się krzywdy
no skin off one's teeth,nie robić krzywdy
no sleep for the wicked,złodzieje nie śpią spokojnie
no smoke without fire,gdzie dym, tam i ogień
no smoking,zakaz palenia
no soap,bez mydła
no sooner said than done,jak tylko powiedziane, tak zrobione
no sooner than,nie prędzej niż
no soup for you,Nie dostaniesz zupy
no spring chicken,już nie młody
no string attached,bez żadnych zobowiązań
no strings attached,bez żadnych zobowiązań
no such thing,takiej rzeczy nie ma
no thanks to,dzięki czemu
no time,brak czasu
no time like the present,nie ma lepszego czasu niż teraz
no time to lose,nie ma czasu do stracenia
no trespassing,zakaz wjazdu
no two ways about it,nie ma co do tego wątpliwości
no way,żaden sposób
no way Jose,żaden problem
no ways,żadnych szans
no word of a lie,bez krzty prawdy
no word of lie,żadnego kłamstwa
no wrong answers,nie ma złych odpowiedzi
no wuckas,żadnych problemów
no wuckaz,nie martw się
no wuckers,nie ma problemu
no wuckies,nie ma problemu
no wuckin' furries,żadnych obrzydliwych furry
no wucking furries,żadnych furry
no wucks,nie działa
no wukkas,nie wiem
no wukkaz,nie wiem
no-good ass,zła dupa
no-hit wonder,jednorazowy hit
noah fence,ogródek
nobody's perfect,nikt nie jest idealny
nod in,kiwać głową
nod off,zasnąć
nod out,zasnąć
nod through,przemilczenie
nodding acquaintance,znajomość z pogardą
noise up,hałas
noli illegitimi carborundum,Nie pozwól, aby nieuczciwi cię zniechęci…
nome sane,zdrowy pokarm
non constat,nie można stwierdzić
non est factum,nie jest ważne
non est inventus,nie znaleziono
non possumus,nie możemy
non prosequitur,nie ściganie
non-denial denial,zaprzeczenie bez zaprzeczenia
none of someone's business,nie należy się
none of your bee's wax,nie obchodzi mnie to
none of your bees' wax,nie obchodzi mnie to
none of your beeswax,to nie twoja sprawa
none other than,nikt inny niż
none taken,nie ma problemu
none the wiser,nieświadomy
none the worse,nie gorzej
noodle up,makaron
nook and cranny,zakątki i szczeliny
nook or cranny,zakątek
nope out,nie
normally black,zwykle czarny
normally white,zwykle biały
north forty,północna ćwiartka
north of,na północ od
nose about,dowiedzieć się o
nose around,szperać
nose count,liczenie osób
nose out,wywierać presję
nose out of joint,zazdroszczony
nose over,nad
nose to the grindstone,pracować niestrudzenie
nosh off,zjeść coś na szybko
nostra sponte,z własnej inicjatywy
not a bother on someone,nie jest problemem
not a chance,żadnych szans
not a minute too soon,nie za późno
not a patch on,daleko w tyle
not a pretty sight,nieładny widok
not a word,nie słowo
not a word of a lie,Ani słowa kłamstwa
not all heroes wear capes,Nie wszyscy bohaterowie noszą peleryny
not at all,wcale nie
not be caught dead,nie chciałbym tego za żadne skarby
not before time,nie za wcześnie
not break the bank,nie kosztować fortuny
not by a jugful,nie w dużych ilościach
not by any manner of means,żadnym sposobem
not by any means,żadnym razie
not care beans,nie obchodzi mnie
not cricket,nie fair
not do someone any favors,nie robić komuś przysług
not do someone any favours,nie robić komuś przysług
not feeling it,nie czuję tego
not for attribution,bez podania źródła
not for nothing,nie bez powodu
not for the world,nie dla wszystkich
not grow on trees,nie rośnie na drzewach
not half bad,nie jest źle
not have a prayer,nie mieć szans
not here to fuck spiders,Nie jestem tu po to, żeby zalecać pająko…
not if I see you first,jeśli ja cię zobaczyłem pierwszy
not in a million,nie za milion
not in a million years,nigdy
not in Kansas anymore,już nie w Kansas
not in the least,wcale nie
not in the slightest,ani trochę
not invented here,nie wymyślono tego tutaj
not just a pretty face,nie tylko ładna twarz
not know one is born,nie wiedzieć kiedy się urodzono
not know what hit one,nie wiedzieć co się stało
not know what one is missing,nie wiedzieć czego się nie ma
not know which way to turn,nie wiedzieć co robić
not least,przede wszystkim
not leave one's thoughts,nie opuszczać myśli
not likely,mało prawdopodobne
not long for this world,nie długo żyć
not look a day over,nie wygląda na starszego
not miss a trick,nie przeoczyć niczego
not much of anything,nie za wiele
not my Nigel,nie mój Nigel
not necessarily,niekoniecznie
not on any account,Ani w najmniejszym stopniu
not on your life,Ani myślisz
not on your nellie,żaden problem
not on your nelly,żaden problem
not one's first rodeo,nie jest to pierwszy raz
not only,nie tylko
not quite,prawie
not saying much,nie mówi dużo
not see someone for dust,nie widzieć kogoś długo
not so fast,nie tak szybko
not so much,nie aż tak bardzo
not the end of the world,nie koniec świata
not to be outdone,nie można pozwolić, żeby ktoś był lepszy
not to brag,nie żeby się chwalić
not to mention,nie wspominając o
not to say,nie mówiąc już o
not to worry,nie martw się
not touch with a barge pole,nie miałbym z tym nic wspólnego
not touch with a ten-foot pole,unikać jak ognia
not want to do that,nie chcę tego robić
not wanted on voyage,nieakceptowany na pokład
not win for losing,nie wygrać przegrywając
not worth a brass farthing,nie jest warty grosza
not worth a Continental,nie jest wart kontynenta
not worth a dime,nie warty grosza
not worth a plug nickel,nie jest warty grosza
not worth a whistle,nie jest wart tyle co nic
not worth beans,nie warty grosza
not worth hell room,nie warto piekielnej komórki
not worth salt,nie warty grosza
not worth the powder,nie warto tego ryzyka
not worth the powder and shot,nie warto tego ryzyka
not worth writing home about,nie warto o tym pisać
not wrapped too tight,nie za bardzo napięty
not your father's,nie taki jak ojca
nota bene,uwaga
notch on one's bedpost,rysa na oparciu łóżka
notch up,zdobyć
note down,zapisz
nothing about us without us,nic o nas bez nas
nothing doing,nic z tego
nothing for it,nic się nie da zrobić
nothing gold can stay,nic złote nie może trwać
nothing if not,jeśli nie
nothing less than,nie mniej niż
nothing more than,nie więcej niż
nothing new under the sun,nic nowego pod słońcem
nothing short of,nie mniej niż
nothing succeeds like success,sukces rodzi sukces
nothing to choose between,nie ma różnicy
nothing to it,bez problemu
nothing to see here,Nic ciekawego tutaj
nothing to write home about,nic specjalnego
nourish a viper in one's bosom,karmić węża w swoim łonie
now and again,czasami
now and then,czasami
now hear this,posłuchajcie tego
now I've heard everything,teraz już usłyszałem wszystko
now I've seen everything,teraz widziałem wszystko
now or never,teraz albo nigdy
now that's what I call,teraz to dopiero coś
now there's a thought,teraz to już myśl
now we're talking,teraz rozmawiamy
now you mention it,teraz, kiedy o tym wspomniałeś
now you're cooking,teraz to już coś
now you're talking,teraz mówisz
nowhere to be found,nie można go znaleźć
Nubian queen,nubijska królowa
nuclear option,opcja nuklearna
nudge ahead,przesunąć do przodu
nudge nudge wink wink,mrug mrug
nudge out,wypchnąć
nudie rudie,nudy rudy
nudy rudy,nudny rudy
nugget of truth,ziarno prawdy
nuke it out,wyeliminować
nuke the fridge,oczyścić lodówkę
null and void,nieważny
nulla bona,nic dobrego
nulla poena sine lege,Nie ma kary bez prawa
numb out,otępiać
number games,gry liczbowe
number one,pierwszy
number one with a bullet,pierwsze miejsce z dużym prowadzeniem
nunc pro tunc,teraz za tamto
Nuremberg defense,Proces norymberski
nut out,wyciągnąć orzech
nut up,zaciągnąć
nut-cutting time,czas na poważne rozmowy
nuts and bolts,śruby i nakrętki
nuts to,nie obchodzi mnie
nuts to butts,od orzechów do pośladków
nuttier than squirrel poop,szalony jak wściekła wiewiórka
nuttier than squirrel shit,szalony jak wściekła wiewiórka
o algo,coś
O me of little faith,O moja wiara
O ye of little faith,O wy, którzy mało wierzycie
O'Malley's Alley,Aleja O'Malley'ów
o. b. o.,o.b.o
oat opera,opera o owsie
object to,sprzeciwić się
obscurum per obscurius,przez ciemność w ciemność
obtusely umbonate,tępokształtny z wypukłością
occur to,przypaść do głowy
occurs to one,przychodzi do głowy
odd and curious,dziwny i ciekawy
odd bod,dziwak
odd duck,dziwak
odd fish,dziwna ryba
odds and bods,różne osoby
odds and ends,różne drobiazgi
odds and sods,różne drobiazgi
of a blood,krwi
of a certain,pewnego rodzaju
of a certain age,pewnego wieku
of a feather,z tego samego pióra
of a kind,rodzaju
of a lifetime,na całe życie
of a piece,jednolite
of a piece with,w jedności z
of a sudden,nagle
of a surety,z pewnością
of a truth,właściwie
of age,pełnoletni
of all loves,ze wszystkich miłości
of all people,z ludzi
of all places,we wszystkich miejscach
of all things,przede wszystkim
of all time,wszystkich czasów
of any use,użyteczny
of blessed memory,pamięci błogosławionej
of choice,wyboru
of consequence,istotny
of counsel,doradca prawny
of course,oczywiście
of course my horse,oczywiście mój koń
of coz,oczywiście
of even date,tego samego dnia
of hers,jej
of interest,interesujące
of its hand,ze swojej strony
of its kind,tego rodzaju
of its own head,z własnej inicjatywy
of its own study,własnego badania
of its part,ze swojej strony
of its proper movement,jego prawidłowego ruchu
of Koranic proportions,w rozmiarach koranicznych
of late,ostatnio
of means,z zasobów
of mine,mój/moja/moje
of modest means,o skromnych środkach
of note,warto zwrócić uwagę
of old,stary
of one mind,jednogłośnie
of one's choice,według własnego wyboru
of one's choosing,według własnego wyboru
of one's making,swojej roboty
of one's own,własny
of one's own accord,z własnej inicjatywy
of one's own making,swojej własnej roboty
of one's word,słowa
of ours,nasz
of record,oficjalny
of service,serwisowy
of some use,użyteczny
of someone's dreams,marzeń kogoś
of someone's life,z życia kogoś
of sorts,jakiegoś rodzaju
of that ilk,tego rodzaju
of the best water,najlepszej wody
of the century,z wieku
of the colors,w kolorach
of the colours,w kolorach
of the deepest dye,najgłębszego rodzaju
of the essence,istotne
of the finest water,najlepszej wody
of the first water,najwyższej jakości
of the like,podobnego rodzaju
of the moment,na czasie
of the order of,rzędu
of the same leaven,z tego samego ciasta
of the same stripe,tego samego rodzaju
of the world,świata
of theirs,ich
of two minds,wątpliwy
of use,użyteczności
of value,wartościowy
of yore,dawnych czasów
of yours,Twój
off air,wyłączony
off and running,w ruchu
off at the races,w drodze na wyścig
off balance,w nie równowadze
off base,nie na temat
off board,poza systemem
off book,na pamięć
off camera,poza kadrem
off chance,mała szansa
off course,z boku trasy
off duty,wolny od służby
off guard,nieprzygotowany
off keel,zderzenie
off kilter,nierówne
off label,poza wskazaniami
off like a bride's nightie,jak po białej nocy
off one's block,wściekły
off one's box,wyjść z siebie
off one's chump,oszukać
off one's dot,w rozsypce
off one's face,być pijany
off one's feed,odciąć od dostępu do informacji
off one's game,nie w formie
off one's guard,nieuważny
off one's head,z głową
off one's hinge,wyjść z osi
off one's hinges,w rozsypce
off one's meds,bez leków
off one's nut,wpaść w szał
off one's nuts,oszaleć
off one's onion,być pod wpływem alkoholu
off one's own bat,samodzielnie
off one's rocker,wariować
off one's rocket,odłożyć rakietę
off one's tits,bardzo pijany
off one's tree,z drzewa
off one's trolley,w szoku
off pat,z pamięci
off record,nieoficjalnie
off rip,od razu
off service,poza służbą
off someone's hands,z rąk
off sync,niesynchronizowany
off tap,z kranu
off target,niecelowo
off the air,wyłączony
off the back foot,w niekorzystnej sytuacji
off the bat,od razu
off the beam,niecelowo
off the beaten path,poza utartymi ścieżkami
off the beaten track,poza utartymi ścieżkami
off the boil,schłodzony
off the books,nieoficjalny
off the chain,niesamowity
off the chart,poza skalę
off the charts,poza skalę
off the clock,po godzinach pracy
off the cuff,z głowy
off the deep end,na skraj
off the derech,poza utartą ścieżką
off the dome,z pamięci
off the face of the earth,z powierzchni ziemi
off the grid,poza siecią
off the ground,nad ziemią
off the hinges,z zawiasów
off the hizzy,wściekły
off the hook,uwolniony
off the hooks,zdejmując z odpowiedzialności
off the horn,zdejść z rogu
off the lay,na urlopie
off the mark,niecelnie
off the nut,zdejść nakrętkę
off the plan,w trakcie budowy
off the radar,poza zasięgiem
off the radio,z radia
off the rails,poza kontrolą
off the record,nieoficjalnie
off the reservation,poza rezerwatem
off the rip,od razu
off the scale,poza skalę
off the shelf,gotowy do użycia
off the shits,wyluzowany
off the table,nieaktualne
off the tools,na emeryturze
off the top of one's dome,z pamięci
off the top of one's head,z pamięci
off the track,poza torem
off the wagon,wrócić do nałogu
off the water cart,z wozu z wodą
off to the races,do wyścigów
off with someone's head,Odebrać komuś głowę
off with their head,Odebrać im głowę
offer affordances,możliwości oferowane
offer one can't refuse,oferta której nie można odrzucić
offer one's condolences,wyrażać współczucie
offer up,złożyć ofertę
office up,w górę
officer down,oficer padł
Officer Friendly,Oficer Przyjaciel
oh dark hundred,ciemne sto
oh dark thirty,trzy nad ranem
oh me of little faith,o mnie, człowieku o małej wierze
oh my,o mój boże
oh my God,o mój Boże
oh my goodness,o mój Boże
oh my goodness gracious,o mój Boże
oh my gosh,o mój boże
oh my life,o mój Boże
oh well,no cóż
oh ye of little faith,o wy, którzy mało wierzycie
oi oi saveloy,nie wiem
oil and water,olej i woda
oil and water don't mix,olej i woda się nie mieszają
oil burner,palnik olejowy
oil trash,olejowe odpady
oil up,nasmarować
oink out,chichotać
OK yah,Dobrze
okey dokey smokey,okej dokej smoki
okey-dokey artichokey,okej-dokej karczek
okey-dokey Smokey,okej-okej Smokey
old as the hills,stary jak świat
old boy network,sieć znajomości
old chestnut,znane powiedzenie
old enough to vote,pełnoletni
old fart,stary dziadek
old flame,stara miłość
old fogey,staruch
old habits die hard,Stare nawyki trudno zmienić
old hand,doświadczony pracownik
old hat,stary kapelusz
old head on young shoulders,mądry głowa na młodych barkach
old man yells at cloud,stary człowiek krzyczy na chmurę
old man yells at clouds,stary człowiek krzyczy na chmury
old money,stare pieniądze
old salt,stary marynarz
old saw,piła
old school,stara szkoła
old sins cast long shadows,stare grzechy rzucają długie cienie
old sins have long shadows,Stare grzechy rzucają długie cienie
old song,stara piosenka
old stager,weteran
old stick,stara gałąź
old wine in a new bottle,stare wino w nowej butelce
old-fashioned look,stary styl
olive juice,sok z oliwek
oll korrect,wszystko w porządku
olly olly oxen free,nie wiem
on a bell,na dzwonie
on a collision course,na kursie kolizyjnym
on a daily basis,codziennie
on a day-to-day basis,na co dzień
on a different note,na innym poziomie
on a dime,w mgnieniu oka
on a first-name basis,po imieniu
on a full stomach,na pełny żołądek
on a go-slow,w spowolnieniu
on a good wicket,w dobrej sytuacji
on a kick,w formie
on a lark,z ciekawości
on a losing wicket,w trudnej sytuacji
on a mission,na misji
on a need-to-know basis,tylko dla osób, które muszą to wiedzieć
on a pair,na parze
on a par,na równym poziomie
on a par with,na równym poziomie
on a plate,na talerzu
on a platter,na talerzu
on a promise,na obietnicy
on a regular basis,regularnie
on a roll,w formie
on a shoestring,z ograniczonym budżetem
on a silver platter,na srebrnej tacy
on a sixpence,za grosze
on a stick,na patyku
on a string,na sznurze
on a sudden,nagle
on a tear,w euforii
on a tight leash,na smyczy
on a time,kiedyś
on a whim,na impuls
on a wing and a prayer,na skraju
on a wonder,na cud
on accident,przypadkiem
on account,ze względu na
on account of,ze względu na
on acid,na kwasie
on air,w eterze
on alert,w stanie gotowości
on all counts,we wszystkich aspektach
on all fours,na czworakach
on all hands,ze wszystkich stron
on all-fours,na czworakach
on an empty stomach,na czczo
on an equal footing,na równych prawach
on an impulse,z impulsu
on an irregular basis,w sposób nieregularny
on and off,włączony i wyłączony
on and on,ciągle i ciągle
on another note,z zupełnie innej strony
on any view,z każdego punktu widzenia
on average,średnio
on background,na drugim planie
on bad terms,w złych stosunkach
on bail,na zwolnieniu za kaucją
on balance,ogólnie rzecz biorąc
on base,na bazie
on behalf of,w imieniu
on bended knee,na kolanach
on blast,w eksplozji
on board,na pokładzie
on butt,na pośladku
on call,w gotowości
on camera,przed kamerą
on cloud nine,na siódmym niebie
on cloud seven,na siódmym niebie
on command,na polecenie
on condition,pod warunkiem
on contact,w kontakcie
on course,na kursie
on course for,na kursie
on course to do something,na dobrej drodze do zrobienia czegoś
on credit,na kredyt
on cue,zgodnie z planem
on death's doorstep,na skraju śmierci
on deck,na pokładzie
on demand,na żądanie
on display,na wystawie
on duty,w służbie
on earth,na ziemi
on edge,na krawędzi
on end,na końcu
on equal footing,na równych prawach
on equal terms,na równych zasadach
on eternal patrol,na wiecznej straży
on everybody's lips,na ustach wszystkich
on everyone's lips,na ustach wszystkich
on familiar ground,na znanym terenie
on file,w archiwum
on fire,w ogniu
on firecall,wzywany do akcji
on first-name terms,na imię
on fleek,idealnie
on foenem grave,na grobie
on foot,pieszo
on form,w formularzu
on fours,na czworakach
on God's green earth,na całej ziemi
on good terms,w dobrych stosunkach
on hand,dostępny
on heat,na ciepło
on high,na wysokości
on hire,do wynajęcia
On HMS,Na HMS
on hold,wstrzymany
on horseback,na koniu
on ice,na lodzie
on impulse,z impulsu
on in years,w latach
on instruments,na instrumentach
on it like a car bonnet,jak nakrycie na silniku samochodu
on its merits,ze względu na jego zalety
on its way out,na wyginięciu
on Jah,na Jah
on keel,na dnie
on level terms,na równych zasadach
on like Donkey Kong,jak Donkey Kong
on line,online
on lobby terms,na warunkach lobby
on location,na planie
on long-term sick,na długotrwałym zwolnieniu lekarskim
on loop,w pętli
on main,główna
on memo,w notatce
on net,w internecie
on no account,za żadne okoliczności
on nodding terms,znajomi
on notice,na wypowiedzenie
on oath,pod przysięgą
on occasion,czasami
on offer,w ofercie
on one hand,z jednej strony
on one's back,na plecach
on one's beam ends,na krawędzi
on one's behaviour,na temat zachowania
on one's bill,na rachunku
on one's conscience,na sumieniu
on one's deathbed,na łożu śmierci
on one's feet,na nogach
on one's game,w formie
on one's guard,w stanie gotowości
on one's hands and knees,na czworakach
on one's head,na głowie
on one's high horse,na swoim krzyżackim koniu
on one's honor,na słowo
on one's Jack Jones,w spodniach Jack Jones
on one's L's,na luzie
on one's last legs,na ostatnim tchnieniu
on one's lee-lane,w osłoniętej strefie
on one's legs,na nogach
on one's lonesome,samotnie
on one's Ls,na swoich warunkach
on one's mark,gotowi, start
on one's mettle,w pełnej gotowości
on one's mind,w myślach
on one's ones,na własne życzenie
on one's own,samodzielnie
on one's own account,na własny koszt
on one's own bat,samodzielnie
on one's own ground,na własnym terenie
on one's own hook,na własną rękę
on one's own time,we własnym czasie
on one's P's,na swoich miejscach
on one's part,z jednej strony
on one's pat,na własną odpowiedzialność
on one's Pat Malone,w stanie depresji
on one's period,podczas miesiączki
on one's person,na osobie
on one's plate,na głowie
on one's Ps,na swoich błędach
on one's side,po swojej stronie
on one's tod,samotnie
on one's todd,samotnie
on one's toes,na palcach
on one's uppers,na skraju bankructwa
on one's watch,pod swoją opieką
on one's way,w drodze
on ones,na jednym
on opposite sides of the barricades,po przeciwnych stronach barykady
on order,na zamówienie
on pain of,pod groźbą
on paper,na papierze
on parade,na paradzie
on pins and needles,na krawędzi
on point,trafiony
on principle,zasadniczo
on pump,na pompie
on purpose,celowo
on rails,na szynach
on rare form,w wyjątkowej formie
on read,czytać
on record,w dokumentach
on reflection,po namyśle
on remand,w odwołaniu
on report,w raporcie
on sale,na wyprzedaży
on schedule,zgodnie z planem
on second thought,po zastanowieniu
on second thoughts,po zastanowieniu
on seen,widziałem
on serve,na podaniu
on shaky ground,na niepewnym gruncie
on shipboard,na pokładzie
on short notice,w krótkim czasie
on show,na wystawie
on sight,na widok
on site,na miejscu
on skibidi,na skibidi
on sleep,o śnie
on solid ground,na solidnym gruncie
on somebody's account,ze względu na kogoś
on somebody's agenda,na planach kogoś
on somebody's mind,na czyjejś myśli
on someone's account,ze względu na kogoś
on someone's ass,na kogoś naciskać
on someone's back,na plecach kogoś
on someone's books,na czyjejś liście
on someone's dime,na koszt kogoś
on someone's doorstep,na progu czyjejś domu
on someone's good side,w łaskach u kogoś
on someone's hands,na czyichś rękach
on someone's mind,w myślach kogoś
on someone's own dime,na własny koszt
on someone's radar,w zasięgu uwagi
on someone's radar screen,w polu widzenia kogoś
on someone's side,po czyjejś stronie
on someone's tail,za kimś jechać
on song,w formie
on speaking terms,w dobrych stosunkach
on spec,na próbę
on special,w promocji
on steroids,na sterydach
on strike,na strajku
on stun,w stanie ogłuszenia
on sufferance,z przymusu
on suspicion of,z powodu podejrzenia o
on sync,zsynchronizowany
on tag,na etykiecie
on talking terms,w dobrych relacjach
on tap,z kranu
on tape,na taśmie
on target,celnie
on task,zaangażowany
on television,w telewizji
on tender hooks,na delikatnych haczykach
on tenterhooks,w niepewności
on tenters,na suszarkach
on terms with,w zgodzie z
on that basis,na tej podstawie
on that note,w związku z tym
on that score,w tym względzie
on the agenda,na porządku dziennym
on the air,w eterze
on the alert,w stanie gotowości
on the anvil,na miechu
on the assumption that,zakładając że
on the back burner,na dalszym planie
on the back foot,w defensywie
on the back of,na plecach
on the ball,w formie
on the bash,na bashu
on the basis of,na podstawie
on the batter,na cieście
on the beach,na plaży
on the beat,w rytmie
on the bench,na ławce
on the bias,pod kątem
on the blanket,na koca
on the blink,niesprawny
on the blob,na blobie
on the block,na sprzedaż
on the boil,na ogniu
on the boob,na piersi
on the book,na książce
on the books,w księgach
on the bounce,w trakcie odbicia
on the bow,na dziobie
on the brain,w głowie
on the breadline,na granicy ubóstwa
on the brew,w produkcji
on the brink,na krawędzi
on the brink of,na krawędzi
on the bubble,na granicy
on the bum,na utrzymaniu
on the bung,na korku
on the burst,w nagłym ataku
on the button,na guziku
on the cadge,na gapę
on the canvas,na płótnie
on the cards,na kartach
on the carpet,na dywanie
on the case,nad sprawą
on the cheap,tanie
on the clock,w czasie pracy
on the contrary,wręcz przeciwnie
on the couch,na kanapie
on the count of,w rytmie
on the critical list,na liście pacjentów w stanie krytycznym
on the crook,na haczyku
on the cross,na krzyżu
on the cuff,na rękawie
on the cusp,na progu
on the cutting room floor,na etapie montażu
on the debit side,w debecie
on the deck,na pokładzie
on the defensive,w defensywie
on the district,w okręgu
on the DL,potajemnie
on the docket,w planach
on the door,na drzwiach
on the dot,dokładnie
on the double,podwójnie
on the down-low,potajemnie
on the downlow,potajemnie
on the drum,na bębnach
on the dry,na sucho
on the earie,na brzegu
on the edge,na krawędzi
on the edge of,na krawędzi
on the edge of one's seat,na krawędzi siedzenia
on the eve of,w przededniu
on the face of,na powierzchni
on the face of it,pozornie
on the face of the earth,na powierzchni ziemi
on the fence,niezdecydowany
on the fiddle,na skrzypcach
on the flat,na mieszkaniu
on the flip side,z drugiej strony
on the flipside,z drugiej strony
on the floor,na podłodze
on the fly,w biegu
on the fritz,zepsuty
on the front burner,na pierwszym miejscu
on the front foot,na pierwszej linii
on the full,w całości
on the game,w grze
on the go,w drodze
on the grid,na siatce
on the gridiron,na boisku
on the gripping hand,na dłoni trzymającej
on the grog,w stanie upojenia
on the ground,na ziemi
on the grounds of,na podstawie
on the grounds that,na podstawie tego że
on the half hour,co pół godziny
on the heels of,po
on the high rope,na linie
on the high ropes,na linie
on the hog,na grzbiecie świni
on the hog train,w pociągu towarowym
on the hoof,na żywo
on the hook,na haczyku
on the hop,w biegu
on the horizon,na horyzoncie
on the horn,na rogu
on the horns of a dilemma,w trudnej sytuacji
on the hour,co godzinę
on the house,na koszt firmy
on the huh,na co
on the hunt,na polowaniu
on the hurry up,w pośpiechu
on the hush,w tajemnicy
on the hush-hush,w tajemnicy
on the hustle,w biegu
on the improve,w poprawie
on the inside,wewnątrz
on the instant,natychmiast
on the internet,w internecie
on the jar,na słoiku
on the job,w pracy
on the jump,w powietrzu
on the knocker,na dzwonie
on the ladder,na drabinie
on the lam,na uchodni
on the lash,na imprezie
on the latch,na zatrzasku
on the level,na poziomie
on the line,na linii
on the lines of,wzorem
on the lookout,w pogotowiu
on the loose,na wolności
on the low,potajemnie
on the make,w pogoni za czymś
on the mark,na znaku
on the market,na rynku
on the mat,na macie
on the mend,w poprawie
on the mending hand,na ręce, która naprawia
on the money,trafiony
on the mop,na mopa
on the move,w ruchu
on the muscle,na mięśniu
on the nail,celnie
on the needle,na igle
on the nick,na krawędzi
on the nod,skinieniem głowy
on the nose,trafiony
on the nut,na orzechu
on the off-chance,na wszelką możliwość
on the one hand,z jednej strony
on the order of,wielkości
on the other bus,w drugim autobusie
on the other hand,z drugiej strony
on the other paw,z drugiej strony
on the other side of,po drugiej stronie
on the outlook,w perspektywie
on the outs,w konflikcie
on the outside,na zewnątrz
on the outside looking in,patrząc z zewnątrz
on the outskirts of,na obrzeżach
on the pad,na podkładce
on the panel,na panelu
on the part of,w imieniu
on the Pat and Mick,na Pat i Mick
on the pdq,na PDQ
on the phone,po telefonie
on the pill,na tabletkach
on the piss,na podbicu
on the plus side,z jednej strony
on the point of,na skraju
on the premises,na terenie obiektu
on the prod,na produkcji
on the prowl,na poszukiwaniach
on the pull,na wyciągu
on the Q.T.,potajemnie
on the qt,potajemnie
on the quarter,na ćwierć
on the rack,na półce
on the radar,na radarze
on the rag,w okresie menstruacji
on the rail,na szynie
on the rails,na szynach
on the rampage,na fali niszczycielskiej
on the ran tan,na bieżąco
on the razz,na imprezie
on the razzle,w szale
on the razzle-dazzle,w blasku fleszy
on the ready,gotowy
on the real,w rzeczywistości
on the receiving end,odbiorca
on the record,oficjalnie
on the reg,regularnie
on the reggo,na rejestracji
on the regs,regularnie
on the regular,regularnie
on the right foot,z dobrym początkiem
on the right side of history,po właściwej stronie historii
on the right track,na dobrej drodze
on the rise,wzrost
on the rivet,przyklejony do
on the road,na drodze
on the rob,na gapę
on the rocks,na lodzie
on the ropes,w trudnej sytuacji
on the run,w ucieczce
on the safe side,na wszelką ostrożność
on the same page,na tej samej stronie
on the same wavelength,na tej samej fali
on the sauce,w sosie
on the scene,na miejscu
on the scoot,na hulajnodze
on the scrounge,na skróty
on the shady side of,po zacienionej stronie
on the shelf,na półce
on the sick,na zwolnieniu lekarskim
on the side,z boku
on the side of the angels,po stronie aniołów
on the skids,w tarapatach
on the slide,na slajdzie
on the sly,potajemnie
on the sniff,na podstawie zapachu
on the spectrum,na spektrum
on the spin,w trakcie obrotu
on the spot,na miejscu
on the square,na placu
on the stand,na ławce świadków
on the stock,na giełdzie
on the stocks,na stanie
on the street,na ulicy
on the streets,na ulicach
on the strength of,na podstawie
on the stroke of,dokładnie o
on the stump,na wiecu
on the surface,na powierzchni
on the table,na stole
on the take,wzięty
on the tap,na kranie
on the tapis,na stole
on the telephone,po telefonie
on the tenterhooks,w niepewności
on the tenters,na suszarniach
on the tiles,na płytkach
on the tip of one's tongue,na języku
on the tools,przy pracy
on the toss of a coin,rzucając monetą
on the town,w mieście
on the trot,bez przerwy
on the turf,na trawie
on the turn,na kolei
on the turps,na trupa
on the up-and-up,w porządku
on the uptake,w fazie rozwoju
on the verge,na krawędzi
on the verge of,na krawędzi
on the viretot,na viretot
on the wagon,na wozie
on the wallaby,w drodze
on the wallaby track,na śladzie kangura
on the wane,malejący
on the warpath,na wojnie
on the watch,na straży
on the way,w drodze
on the way out,w drodze do wyjścia
on the whole,ogólnie
on the wind,na wietrze
on the wing,w locie
on the wings of the wind,na skrzydłach wiatru
on the wrong foot,na złej drodze
on the wrong side of history,po złej stronie historii
on the wrong track,na złej drodze
on thin ice,na cienkim lodzie
on this score,w tym zakresie
on threes,na trzech
on tick,na raty
on tilt,wściekły
on time,na czas
on tiptoe,na palcach
on top,na górze
on top of,na wierzchu
on top of one's game,w szczytowej formie
on top of that,ponadto
on top of the world,na szczycie świata
on tour,w trasie
on track,na dobrej drodze
on trial,na procesie
on trial for one's life,na procesie o życie
on TV,w telewizji
on twos,na dwóch
on velvet,na aksamicie
on view,na wystawie
on watch,w służbie
on what planet,na której planecie
on what score,na jakiej podstawie
on wheels,na kółkach
on wing,na skrzydłach
on yer bike,Na rower
on your head be it,nie obchodzi mnie to
once again,ponownie
once and for all,raz na zawsze
once in a blue moon,bardzo rzadko
once in a lifetime,raz w życiu
once in a purple moon,bardzo rzadko
once in a while,czasami
once more into the breach,jeszcze raz do boju
once or twice,raz lub dwa razy
once upon a time,Dawno temu
once you go black,kiedy raz spróbujesz
once-in-a-lifetime,niepowtarzalna okazja
one after another,jeden po drugim
one age with,wraz z wiekiem
one and all,wszyscy
one and only,jedyny
one and the same,to samo
one at a time,po jednym
one bad turn deserves another,jedno złe uczynienie zasługuje na drugie
one big happy family,jedna wielka szczęśliwa rodzina
one could hear a pin drop,Można było usłyszeć upadek szpilki
one day,jeden dzień
one engine in steam,jeden silnik parowy
one fell swoop,jednym ruchem
one flesh,jedno ciało
one for the road,na drogę
one good turn deserves another,jedno dobro zasługuje na drugie
one hand can't hold two watermelons,jedna ręka nie może utrzymać dwóch arbuu…
one hundred and one,sto jeden
one in the eye for,w oko
one man and his dog,jeden mężczyzna i jego pies
one moment,chwileczkę
one more again,jeszcze raz
one must give to get,trzeba dawać żeby otrzymać
one nail drives out another,jeden gwóźdź wypiera drugi
one of a kind,niepowtarzalny
one of His Majesty's bad bargains,jeden z niekorzystnych układów Jego Król…
one of those things,jedna z tych rzeczy
one should be so lucky,trzeba mieć tyle szczęścia
one should live so long,trzeba żyć tak długo
one should never meet one's heroes,Nigdy nie powinno się spotykać swoich id…
one side,jedna strona
one step ahead,krok przed
one step at a time,krok po kroku
one strike and you're out,jeden strzał i jesteś wyeliminowany
one swallow doesn't a spring make,jeden powrót nie oznacza jeszcze wiosny
one swallow doesn't a summer make,jeden powrót nie oznacza lata
one swallow doesn't make a spring,jeden powrót nie oznacza wiosny
one swallow doesn't make a summer,jeden powrót nie oznacza lata
one thing leads to another,jedno prowadzi do drugiego
one thing led to another,jedno doprowadziło do drugiego
one thing or another,coś albo coś innego
one too many,za dużo
one up,przewyższyć
one way or another,w jeden sposób lub w drugi
one way or the other,w jeden sposób lub w drugi
one who hesitates is lost,Ten, który waha się, traci szansę
one will know the reason why,każdy będzie wiedział dlaczego
one word leads to another,jedno słowo prowadzi do drugiego
one's ass is dragging,jest zmęczony
one's ass is grass,jesteś łatwym celem
one's back is up,jest wściekły
one's blood is up,jest się wściekłym
one's blood runs cold,krew zastyga w żyłach
one's cake is dough,czyjś ciasto to ciasto
one's cotton socks off,do szaleństwa
one's days are numbered,dni są policzone
one's door is open,drzwi są otwarte
one's egg breaks,jajko się tłucze
one's egg cracks,jajko pęka
one's father was born before one,ojciec urodził się wcześniej niż ty
one's fingers are all thumbs,ma się dwie lewe ręce
one's fingers itch,swędzą palce
one's flabber is gasted,być oszołomionym
one's heart bleeds,serce krwawi
one's heart in one's mouth,serce w gardle
one's heart out,z całego serca
one's heart sinks,serce opada
one's hour,godzina
one's house in order,ułożyć wszystko po swojemu
one's jig is up,gra dobiegła końca
one's last,ostatni
one's lips are sealed,usta są zamknięte
one's name is mud,jego reputacja jest zrujnowana
one's own boss,własny szef
one's own master,własnym panem
one's race is run,wyścig dobiegł końca
one's ship comes in,czasem szczęście dopisuje
one's socks off,zaskoczyć do żywego
one's teeth water,robić się ślinka
one's time is one's own,czas należy do człowieka
one's way,swoją drogą
one's word is law,słowo ma wagę
one-hit wonder,jednorazowy sukces
one-horse race,wyścig bez konkurencji
one-horse town,miasteczko
one-man band,zespół jednoosobowy
one-night stand,jednorazowy romans
one-track mind,ciasnota myślenia
one-trick pony,jednakowy talent
one-way ticket to Palookaville,bilet w jedną stronę do Palookaville
only a mother could love,tylko matka może kochać
only fools and horses work,tylko głupcy i konie pracują
only game in town,jedyna opcja
only Nixon can go to China,Tylko Nixon może jechać do Chin
only Nixon could go to China,Tylko Nixon mógł pojechać do Chin
only the good die young,Tylko dobrzy umierają młodo
only time will tell,czas pokaże
ontogeny recapitulates phylogeny,ontogeneza powtarza filogenezę
onward and upward,do przodu i do góry
onwards and upwards,do przodu i do góry
ookie cookie,ciasteczko
open a can of whoop ass,dać komuś w kość
open book,otwarta książka
open doors,otwarte drzwi
open field,pola
open fire,otwarty ogień
open invitation,zaproszenie dla wszystkich
open it up,Otwórz to
open one's legs,rozwierać nogi
open one's mind,otworzyć umysł
open one's mouth,otworzyć usta
open out,otworzyć się
open Pandora's box,otworzyć puszkę Pandory
open season,okres polowań
open sesame,otwórz się sezamie
open someone's eyes,otworzyć komuś oczy
open the batting,rozpocznij grę
open the door,Otwórz drzwi
open the floodgates,otworzyć zapory
open the kimono,ujawnić prawdę
open the schools,otwórzcie szkoły
open up,otwórz się
open wide,otwórz szeroko
open-door policy,polityka otwartych drzwi
opening of an envelope,otwieranie koperty
opinio juris sive necessitatis,pogląd prawny lub konieczności
opinions are like assholes,każdy ma swoje zdanie
opportunity comes knocking,szansa nadchodzi
opportunity knocks,szansa nadchodzi
opportunity knocks at every man's door,szansa stuka do każdego człowieka
opportunity makes a thief,okazja czyni złodziejem
opportunity makes the thief,okazja czyni złodzieja
opportunity seldom knocks twice,szansa rzadko nadarza się drugi raz
opposite number,przeciwny numer
opposites attract,przeciwieństwa się przyciągają
opt in,zapisanie się
opt out,rezygnować
optically active,aktywny optycznie
optimize out,optymalizować
or anything,albo
or bust,albo nic
or else,albo inaczej
or it didn't happen,albo się nie stało
or should I say,czy powinienem powiedzieć
or something,albo coś
or words to that effect,lub słowa w tym sensie
Orange Man bad,Zły pomarańczowy człowiek
orange wine,wino pomarańczowe
oranges with oranges,pomarańcze z pomarańczami
order about,polecenie
order around,rozstawić
order in,zamówienie
order out,zamówić na wynos
order to cash,od zamówienia do realizacji
order up,Gotowe
orders are orders,polecenia są poleceniami
Oreo cookie,Ciastko Oreo
orphan off,pozostawić bez opieki
ostrich policy,polityka ignorowania problemów
other end of the ball,drugi koniec piłki
other fish in the sea,inne ryby w morzu
other half,druga połowa
other head,inny głowa
other man,inny mężczyzna
other side,druga strona
other than,poza
other than that,poza tym
other woman,inna kobieta
otherly abled,osoby z niepełnosprawnościami
otherwise engaged,zajęty
our era,nasza epoka
out and about,na mieście
out cold,bez przytomności
out for a duck,na kaczce
out for blood,pragnący zemsty
out loud,na głos
out of a job,bez pracy
out of a nightmare,z koszmaru
out of action,niedziałający
out of all proportion,nieproporcjonalnie
out of book,z książki
out of bounds,poza granicami
out of breath,bez oddechu
out of central casting,wygląda jak żywcem wyjęty z filmu
out of character,poza charakterem
out of collar,poza kołnierzem
out of commission,niedziałający
out of conceit with,niezadowolony z
out of condition,w złej kondycji
out of control,poza kontrolą
out of countenance,zmartwiony
out of course,oczywiście
out of date,przestarzały
out of drawing,z rysunku
out of fashion,nie w modzie
out of favor,nie w łaskach
out of favour,nie w łaskach
out of fix,w trudnej sytuacji
out of focus,nieostry
out of form,poniżej formy
out of frame,poza klatką
out of gas,bez paliwa
out of gauge,poza zakresem
out of gear,wyłączony
out of hand,poza kontrolą
out of harness,bez uprzęży
out of heart,z serca
out of heat,bez ogrzewania
out of house and home,po domu
out of humour,w złym humorze
out of joint,wykręcony
out of keeping with,niezgodny z
out of kelter,poza kontrolą
out of key,fałszowo
out of kilter,poniespory
out of line,poza granicami
out of luck,bez szczęścia
out of nowhere,znikąd
out of one's box,poza schematami
out of one's cotton-picking mind,z głową w chmurach
out of one's depth,ponad siły
out of one's element,poza swoją strefą komfortu
out of one's face,być wstawionym
out of one's fingers,z palców
out of one's gourd,w szoku
out of one's hands,poza kontrolą
out of one's head,w szale
out of one's league,poza zasięgiem możliwości
out of one's mind,szalony
out of one's own pocket,z własnej kieszeni
out of one's senses,po trzeźwach głowie
out of one's sight,z oczu
out of one's skin,ze stresu
out of one's system,z głowy
out of one's time,marnowanie czasu
out of one's tree,w szóstym podłodze
out of order,nie sprawny
out of place,nie na swoim miejscu
out of play,poza grą
out of plumb,nierówne
out of pocket,bezgotówkowy
out of power,bez prądu
out of practice,nie w formie
out of preparation,z powodu braku przygotowań
out of print,niedostępny
out of process,poza procesem
out of proportion,nieproporcjonalny
out of question,poza pytaniem
out of rack,z półki
out of reach,nieosiągalny
out of season,poza sezonem
out of service,poza służbą
out of shape,w złej formie
out of sight,niewidoczny
out of someone's hands,poza czyjąś kontrolą
out of someone's way,na drodze kogoś
out of sorts,niedobrze
out of spirits,w złym humorze
out of spoons,bez łyżek
out of station,poza stacją
out of step,nie w rytmie
out of stock,brak w magazynie
out of suits,bez garniturów
out of suits with,bez garniturów
out of sync,niesynchronizowany
out of temper,w złym humorze
out of the ark,z arki
out of the blue,z dnia na dzień
out of the box,poza schematami
out of the chute,od razu
out of the common,poza utartymi schematami
out of the gate,na starcie
out of the loop,nie w temacie
out of the money,bez pieniędzy
out of the mouths of babes,z ust dzieci
out of the ordinary,nietypowy
out of the picture,poza kadrem
out of the question,niewyobrażalne
out of the running,poza konkursem
out of the starting gate,z linii startu
out of the way,na uboczu
out of the window,przez okno
out of the woods,wyjść z opresji
out of thin air,z niczego
out of this world,niezwykły
out of time,bez czasu
out of touch,nie w kontakcie
out of town,poza miastem
out of true,nieprawdziwy
out of tune,fałszujący
out of turn,po kolei
out of use,nieużywany
out of view,niewidoczny
out of wedlock,poza małżeństwem
out of whack,nieprawidłowy
out of wind,bez wiatru
out of work,bez pracy
out on a limb,na cienkiej gałęzi
out on one's feet,na nogach
out on the tiles,na imprezie
out over one's skis,wyprzedzać kogoś
out sick,chory
out the ass,z tyłu
out the blue,z dnia na dzień
out the wazoo,bardzo dużo
out the window,na zewnątrz przez okno
out to lunch,na lunchu
out-paramour the Turk,kochank turka
outpope the Pope,przewyższyć papieża
outrun the constable,przedbiec strażnika
outside chance,małe szanse
outside job,praca na zewnątrz
outside of,poza
outside the box,poza schematami
outside world,zewnętrzny świat
outta town,poza miastem
over a barrel,w potrzasku
over and out,koniec i do usłyszenia
over and over,raz po razie
over and over again,raz po razie
over easy,na miękko
over hard,zółtkiem do góry
over light,nad światłem
over medium,średnio wysoki
over my dead body,przez moje ciało
over nine thousand,ponad dziewięć tysięcy
over one's head,nad głową
over one's skis,przesadzać
over open sights,bez celownika
over the counter,bez recepty
over the edge,poza granicę
over the fence,po drugiej stronie płotu
over the head,nad głową
over the hill,po przełomie
over the hills and far away,za wzgórzami i daleko
over the hump,przez trudności
over the left,po lewej stronie
over the left shoulder,nad lewym ramieniem
over the line,przekroczyć granicę
over the moon,w siódmym niebie
over the odds,bardzo prawdopodobne
over the rainbow,nad tęczą
over the top,przesadny
over the transom,przez drzwi
over the way,po drugiej stronie
over the wire,przez łącze
over time,z czasem
over well,nad studnią
over-the-counter,bez recepty
overstep the mark,przekroczyć granicę
owe it to oneself,zawdzięczać to sobie
owe out,dług
owing to,z powodu
own up,przyznać się
ox is in the ditch,woł działa w rowie
oxygen burning,spalanie tlenu
p'd off,wkurzony
pace off,mierzyć krokiem
pace out,odmierzać krokami
pack away,odłożyć
pack fudge,opakowanie fudge
pack heat,mieć broń
pack in,pakować
pack it in,przestań
pack of lies,kłamstwa
pack off,spakować się i odejść
pack on,przybrać na wadze
pack out,pakować
pack shit,pakuj śmieci
pack up,spakować
packaged goods,towary pakowane
packed to the gills,pełen po brzegi
packed to the rafters,pełen aż po brzegi
packing for Perth,pakowanie do Perth
pact of silence,pakta milczenia
pacta sunt servanda,umowy należy dotrzymywać
pad down,spadaj
pad out,wypełnić
pad up,wypełnić
padded cell,komora izolacyjna
paddle one's own canoe,radzić sobie samemu
page down,strona w dół
page in,strona w
page out,wyładowanie ze strony
page up,strona w górę
pagoda tree,drzewo pagodowe
pain in the ass,nerwica
pain in the neck,ból szyi
painful on the eyes,drażniące dla oczu
paint a rosy picture,malować w różowych barwach
paint down,malować w dół
paint oneself into a corner,wpuścić się w pułapkę
paint out,malować
paint over,malować na
paint the town red,bawić się do woli
paint the wagon,malować wózek
paint up,malować
paint with a broad brush,malować szerokimi pociągnięciami
painting rocks,malowanie kamieni
pair and share,podziel się z partnerem
pair of shoes,pary butów
pair off,parować
pair up,łączyć w pary
paisa vasool,warto
pal around,spędzać czas
pal up,palec w górę
palace intrigue,intrygi dworskie
palace politics,intrygi polityczne
pale in comparison,blady w porównaniu
pale rider,blady jeździec
pall on,ciężar
palm off,wcisnąć coś komuś
palm out,dłoń do góry
palmately compound,skrętnie złożony
pam off,wyłącz pamięć
pan and scan,skanowanie i odczyt
pan out,udać się
Pandora's box,Puszka Pandory
pansy up,podnieść
pants on fire,kłamie bez ogródek
paper bag,torba papierowa
paper over,zakryć
paper tiger,papierowy tygrys
paper trail,ślad dokumentów
par avion,pocztą lotniczą
par delictum,z powodu przestępstwa
par for the course,oczywiste
par off,wyłącz
parade of horribles,parada okropności
parade passed someone by,parada minęła obok kogoś
paradise on earth,raj na ziemi
paralysis by analysis,paraliż spowodowany nadmierną analizą
parcel out,rozdzielać
parcel up,pakować
pardon me,przepraszam
pardon my French,przepraszam za wyrażenie
pare down,ograniczyć
parentally challenged,z problemami rodzicielskimi
park and bark,park i szczekaj
park in,w parku
park that thought,park który myślał
park the bus,parkować autobus
park up,parkować
part and parcel,nieodłączna część
part off,odciąć
part out,rozebranie na części
part with,rozstać się z
partial out,częściowo
partially ordered,częściowo uporządkowany
parting of the ways,rozstanie
parting shot,ostateczne zdjęcie
partner up,łączyć się w parę
party animal,miłośnik imprez
party cry,krzyk radości
party down,zabawa
party hardy,zabawa do woli
party hearty,zabawa do woli
party in one's mouth,wesele w ustach
party like it's 1999,baw się jak w 1999 roku
party on,zabawa
party to,uczestnik
party up,zorganizować imprezę
pas devant les enfants,przed dziećmi
pass along,przekazać
pass around,przekazywać
pass as,przejść
pass away,odeszwać
pass by,przejść obok
pass down,przekazywać
pass for,przechodzić za
pass muster,przejść kontrolę
pass off,udawać
pass off as,udawać
pass on,przekazać
pass oneself off as,udawać
pass out,oświecić
pass over,przejść
pass round,przekazywać
pass the bottle of smoke,przekaż butelkę z dymem
pass the buck,przekazywać odpowiedzialność
pass the hat,przekaż kapelusz
pass the river,przejdź przez rzekę
pass the torch,przekazać pałeczkę
pass through,przechodzić przez
pass under the yoke,poddać się jarzmu
pass up,odmówić
past it,przekroczył
past one's prime,być po zenicie
past the point of,po przekroczeniu punktu
paste away at,naklejać
paste up,wklejać
pasture out,wybieg
pat down,obmacykanie
pat on the back,klepnięcie w plecy
pat somebody on the back,poklepać kogoś po plecach
pat. pend.,w oczekiwaniu na patent
patch over,zakleić
patch together,składać w całość
patch up,załatać
patience is a virtue,cierpliwość jest cnotą
patience of a saint,cierpliwość świętego
patience of an angel,cierpliwość anioła
patience of Job,cierpliwość Jakuba
patience of Mother Teresa,cierpliwość Matki Teresy
patriotically correct,patriotycznie poprawny
pattern up,wzór
pave the road to hell,utworzyć drogę do piekła
pave the way,utworzyć drogę
pave the way for something,utworzyć drogę dla czegoś
paw at,łapać
paw off,odrzucać
paw up,w górę łapą
pawn off,wcisnąć coś komuś
pawn off as,wcisnąć jako
pawn upon,zastawić na
pay a visit,odwiedzić
pay and display,płatny parking
pay attention,zwróć uwagę
pay back,oddać
pay dividends,przynosić dywidendy
pay down,spłacać
pay heed,zwrócić uwagę
pay homage to,oddawać hołd
pay its way,pokryć koszty
pay off,spłacić
pay off old scores,odpokutować stare długi
pay one's debt to society,oddać dług społeczeństwu
pay one's dues,spłacić długi
pay or okay,płacić lub dobrze
pay out,wypłacić
pay packet,płaca
pay the bills,zapłacić rachunki
pay the fiddler,zapłać skrzypkowi
pay the freight,zapłacić za transport
pay the penalty,zapłacić karę
pay the piper,oddać dług
pay the price,zapłacić cenę
pay the rent,zapłacić czynsz
pay through the nose,płacić krocie
pay to play,płatny udział
pay towards,wpłacić na
pay tribute to,oddawać hołd
pay up,zapłać
pea patch,pole z grochem
pea-time is past,czas na groch minął
peace of mind,spokój ducha
peace out,do widzenia
peace through strength,pokój przez siłę
peaches and cream,brzoskwinie i śmietana
peal out,wydawać dźwięk
peanut butter,masło orzechowe
peanut gallery,trybuny
pearl of wisdom,mądrość
pearls before swine,perły przed świniami
pearly whites,błyszczące zęby
pebble in one's shoe,kamień w bucie
peck at,drapać
pecker checker,kontroler jakości
pedal to the metal,do dechy
pedals to the metal,do dechy
peddle out,sprzedawać
pee in someone's cornflakes,psuć komuś humor
pee off,wkurzać
pee on someone's cornflakes,zasikać komuś do płatków śniadaniowych
pee one's pants,zlać się
peed off,wyprowadź się
peel away,odklejać się
peel me a grape,Obierz mi winogrono
peel off,odklejać się
peel out,wyjeżdżać gwałtownie
peel the onion,Obierz cebulę
peep of day,świt
peep out,podglądać
peeve off,denerwować
peg away,pracować pilnie
peg back,przytrzymać
peg down,unieruchomić
peg out,wyznaczyć granice
peg the needle,przymocować igłę
pellet moulding,formowanie granulatu
pelt down,sypać się
pelt of the dog,skóra psa
pen in,włożyć
pen picture,opis słowny
pen up,otworzyć pióro
penalty box,pole kar
pencil in,zaznaczyć
pencil out,wyrysować
pencil whip,uderzenie
pendente lite,w trakcie sporu
penny for them,grosz za to
penny for your thoughts,co masz na myśli
penny in the fusebox,moneta w skrzynce bezpieczników
penny pincher,skąpiec
penny wedding,wesele z datkami
penny wise and pound foolish,oszczędny na grosze a głupi w poważnych …
pension off,emerytura
people person,osoba towarzyska
people sit on chairs,Ludzie siedzą na krzesłach
pep in one's step,energia
pep up,podnieść na duchu
pepper up,doprawić
Pepperidge Farm remembers,Pepperidge Farm pamięta
per annum,rocznie
per cent,procent
per curiam,w imieniu sądu
per nocte,w nocy
per stirpes,zgodnie z linią pokrewieństwa
perfect is the enemy of good,Doskonałość jest wrogiem dobra
perfect storm,idealna burza
perfection is the enemy of good,Doskonałość jest wrogiem dobra
perish the thought,niech to nie przyjdzie mi do głowy
perk up,podnieść na duchu
permanent shave,depilacja na stałe
perp walk,parada z aresztowanymi
persist down,trwać
persist it down,utrzymać to
person from Porlock,osoba z Porlock
person up,podnieś się
personal capital,kapitał osobisty
pertaining to,dotyczący
pet peeve,drobiazg
peter out,gaśnieć
Peter Pan syndrome,zespół Piotrusia Pan
Pfizer riser,Wzrost Pfizera
phase down,zmniejszać
phase in,wprowadzanie stopniowe
phase out,wycofać
philatelically inspired,natchniony filatelistyką
phone ahead,zadzwoń wcześniej
phone in,dzwonić
phone tag,telefonowanie w celu uzyskania informacj…
phone up,zadzwonić
phoney up,zadzwonić
phony up,sfabrykować
physical break,przerwa fizyczna
physically challenged,osoba z niepełnosprawnością ruchową
pick a fight,wywołać kłótnię
pick and pack,kompletacja zamówień
pick apart,rozbierać
pick at,podgryzać
pick away at,podgryzać
pick corners,wybierać rogi
pick holes,wytykać błędy
pick it up,podnieś to
pick of the crop,kwintesencja
pick of the litter,najlepszy z miotu
pick off,odstrzelić
pick on,dokuczać
pick on someone your own size,walcz z kimś w swoim rozmiarze
pick one's battles,wybierać swoje bitwy
pick one's nose,kopać nos
pick out,wybierać
pick out of a hat,wylosować
pick over,przeglądać
pick someone's brain,wyciągnąć od kogoś informacje
pick through,przeszukiwać
pick up,podnieść
pick up on,zauważyć
pick up stitches,podnoszenie oczek
pick up the pace,przyspieszyć
pick up the pieces,zebrać wszystko do kupy
pick up the tab,zapłacić rachunek
pick up the threads,wznowić
pick your poison,wybierz truciznę
pickin' and grinnin',uśmiechając się i ciesząc się
pickle up,podnieś
pics or it didn't happen,potrzebuję dowodu
pictures or it didn't happen,jeśli nie ma zdjęć, to się nie stało
piddle away,marnować czas
pie in the sky,marzenie sen
pie off,wyprowadź się
piece by piece,po kawałku
piece of ass,dziwka
piece of cake,łatwizna
piece of crap,śmieć
piece of shit,gówno
piece of someone,część kogoś
piece of tail,ogon
piece of the action,udział w zysku
piece of the pie,udział w zysku
piece of the puzzle,element układanki
piece of work,praca
piece out,rozłożyć na części
piece together,układać
piece up,rozłożyć na części
Pierian spring,Źródło Pierii
piffy on a rock bun,niewygodny na kamiennym siedzeniu
pig in a poke,kupowanie kota w worku
pig off,wypadek
pig out,objadać się
pigs can fly,świnki mogą latać
pigs may fly,świnki mogą latać
pigs might fly,świnki mogą latać
pile in,wskakiwać
pile on,dodawać
pile out,wylewać się
pile Pelion on Ossa,Nakładać Pelion na Ossa
pile up,nagromadzić się
pill in the pocket,tabletka w kieszeni
pill mill,fabryka leków
pill up,zażywać leki
pillow talk,pogadanki do późna w nocy
pilly willy,nieznane słowo
pimp out,udostrzec
pimp up,ulepszać
pin a rose on your nose,przyklej różę do nosa
pin back,przyczepić
pin down,ustalić
pin money,drobne wydatki
pin on,Przypiąć
pinch at,szczypanie w
pinch off,odcinać
pinch one off,oderwać
pinch out,wyciąć
pine away,kwitnąć
pink slip,zwolnienie
pink up,pogrubić
pins and needles,mrowienie
pip to the post,dojść do mety jako pierwszy
pipe down,uciszyć się
pipe dream,marzenie
pipe in,rura
pipe off,wyjść z siebie
pipe the eye,wyglądać zmęczonym
pipe up,wyrażać się
piping hot,gorący
piping times,czasy przesyłu
piping times of peace,czas pokoju w muzyce
piss about,gapić się
piss and moan,narzekać i jęczeć
piss around,gapić się
piss away,marnować
piss down,lać jak z cebra
piss in someone's cereal,wylać coś do kogoś
piss in someone's cornflakes,psuć komuś humor
piss it down,lać jak z cebra
piss like a racehorse,sikać jak źrebak
piss money up the wall,marnowanie pieniędzy
piss more than one drinks,siusiać więcej niż pije
piss off,Wypadź
piss on,zasrać
piss on someone's cornflakes,psuć komuś humor
piss on someone's parade,psuć komuś radość
piss up,żart
piss up a wall,marnować czas
pissed off,wściekły
pissing war,wojna słowna
pit against,stawiać przeciwko
pit out,wyrzucać
pitch and pay,zapłacić za usługę
pitch around,wokół
pitch in,pomóc
pitch into,wrzucać
pitch on,prezentacja
pitch out,wyrzucać
pitch up,przyjechać
pitch upon,proponować
pitch woo,podrywać
pitchers have ears,piwowarzy mają uszy
pity fuck,żałosna dziwka
pixel peeper,kreator pikseli
pizza table,stół do pizzy
place of business,miejsce prowadzenia działalności gospoda…
place to be,miejsce do bycia
plain dealing,uczciwość
plan ahead,planować z wyprzedzeniem
plan on,planować
plan out,zaplanować
plank down,wpłacić zaliczkę
plank up,wzmocnić
plant a seed,posiać nasiono
plant one's feet,utrzymać się na nogach
plant out,sadzić
plastic fantastic,fantastyczny plastik
plate away,odsuwać
plate out,rozłożyć na talerzu
plate up,nakładać
play a double game,grać podwójną grę
play a part,odgrywać rolę
play a role,odgrywać rolę
play about,sztuka
play all one's cards,zagrać wszystkimi kartami
play along,graj razem
play around,bawić się
play at,grać w
play away,grać na wyjeździe
play back,odtworzyć
play ball,grajmy w piłkę
play booty,graj w dupę
play both sides against the middle,grać na dwa ognie
play by ear,improwizować
play chicken,gra w berka
play Cupid,grać rolę Kupidyna
play down,minimalizować
play dumb,udawać głupka
play fast and loose,grać na dwa fronty
play first fiddle,grać główną rolę
play for love,grać dla miłości
play for time,zyskać czas
play games,grać w gry
play hard to get,udawać niedostępnego
play hardball,grać twardo
play hob with,oszukiwać
play hooky,opuszczać szkołę
play in,grać w
play in Peoria,grać w Peoria
play into,wpływać na
play it cheap,oszukać
play it cool,zachowaj się spokojnie
play it for all it's worth,wykorzystać do maksimum
play it safe,zachować ostrożność
play it straight,powiedz prawdę
play merry havoc with,wywoływać zamieszanie
play merry hell with,psuć
play off,finał
play Old Gooseberry,graj w Old Gooseberry
play Old Harry,grać w Old Harry
play Old Harry with,grać w Old Harry z
play on,grać
play on someone's heartstrings,wywierać wpływ na emocje
play on words,gra słów
play one against another,stawiać przeciwko sobie
play one's cards right,grać zgodnie z zasadami
play one's part,odgrywać swoją rolę
play or pay,grać lub płacić
play out,odgrywać się
play politics,grać w politykę
play possum,udawać martwego
play safe,grać ostrożnie
play second fiddle,grać drugorzędną rolę
play silly buggers,żartować
play someone like a fiddle,wykorzystywać kogoś
play someone like a violin,wykorzystywać kogoś
play the angles,wykorzystywać sytuację
play the cat and banjo with,graj na flecie i banjo z
play the deuce with,grać w deuca z
play the devil with,psuć
play the dickens with,psuć
play the field,rozrywać się
play the fool,udawać głupka
play the gender card,używać płci jako argumentu
play the hand one is dealt,grać kartami jakie się otrzymało
play the mischief with,psocić się
play the Nazi card,wyciągać kartę nazistowską
play the ponies,stawiać na konie
play the race card,wykorzystywać kwestie rasowe
play the same tape,odtwórz tę samą taśmę
play the something card,zagrać jakąś kartę
play the victim card,grać rolę ofiary
play the wag,żartować
play through,przejść
play to,grać dla
play to the gallery,grać na emocje tłumu
play to win,grać żeby wygrać
play up,przesadzać
play up to,ulegać
play upon,wykorzystywać
play well with others,dobrze dogadywać się z innymi
play with,bawić się
play with a full deck,grać z pełnym talem
play with fire,bawiać się ogniem
play with house money,grać bez ryzyka
play with oneself,bawić się samemu
plead down,odwołać się
plead out,przyznać się do winy
plead over,prosić
plead up,odwołać się
please excuse my dear Aunt Sally,proszę wybaczyć mojej kochanej cioci Sal…
please find attached,załączono
please help me,proszę o pomoc
please repeat after me,proszę powtórz za mną
please say that again,powiedz to jeszcze raz
please sit down,proszę usiąść
please speak more slowly,proszę mówić wolniej
please turn left,proszę skręcić w lewo
please turn right,proszę skręcić w prawo
please yourself,zrób sobie przyjemność
pleased to meet you,miło mi cię poznać
pleased with oneself,zadowolony z siebie
pleasure oneself,zaspokajać swoje potrzeby
plop down,usiąść
plot out,zaplanować
plough a lonely furrow,orywać samotny rowek
plough ahead,dążyć do celu
plough back,reinvestować
plough down,orzać
plough in,orzać
plough into,wjeżdżać
plough money,inwestować pieniądze
plough on,dążyć do celu
plough one's own furrow,orywać własną ścieżkę
plough one's way,przebijać się
plough over,przeorać
plough the back forty,orywać tylne forty
plough through,przebić się przez
plough under,orzać
plough up,orzać
plow ahead,dążyć do celu
plow back,wspierać
plow down,orzać
plow in,orzyć
plow into,wjeżdżać w
plow on,orywać
plow one's way,przecinać drogę
plow over,orzać
plow the sands,orzać piaski
plow through,przebić się przez
plow under,orzać
plow up,orzać
plow with one's heifer,orywać pługiem z wołami
pluck out,wyrywać
pluck up,podnieść się
plug and chug,włożyć i uruchomić
plug away,pracować niestrudzenie
plug in,podłączyć
plug into,podłączyć
plug out,wyciągnąć wtyczkę
plug up,zatkać
plumb in,w pionie
plumber up,hydraulik
plumber's helper,asystent hydraulika
plump down,opadać
plump for,opowiadać się za
plump up,napompować
plunge in,zanurzyć się
plunge into,zanurzyć się w
poach up,podkradać
poacher turned gamekeeper,złodziej który został strażnikiem
pobody's nerfect,nikt nie jest idealny
pocket dial,nieumyślne połączenie
pocket up,włożyć do kieszeni
poetry in motion,poezja ruchu
pogi point,punkt pogi
point blank,bez ogródek
point fingers,wskazywać palcami
point man,pierwszoplanowy gracz
point out,wskazać
point Percy at the porcelain,Skieruj Percya na porcelanę
point the finger at,obwiniać
point the finger at somebody,obwiniać kogoś
point up,wskazywać w górę
poison pen,pisanie oszczercze
poison-pen letter,list złośliwy
poisoned chalice,trujący kielich
poke about,szukać informacji
poke along,poruszać się powoli
poke around,grzebać
poke holes in,robić dziury
poke one's nose into,wtrącać się
poke out,wystawać
poke someone's eye out,wypokować komuś oko
poke the bear,drażnić niedźwiedzia
poker up,zagraj w pokera
poles apart,zupełnie różni
police lives matter,życie policjantów jest ważne
police up,włączyć
polish a turd,polerować kupę
polish off,wyczyścić
Polish parliament,Parlament Polski
polish up,wyczyścić
polish up on,poprawić
polite fiction,grzecznościowa fikcja
political football,polityczny temat do żonglerki
politically correct,poprawny politycznie
politically incorrect,niepoprawne politycznie
Polly want a cracker,Czy papuga chce krakersa
poney up,płać
pony in the barn,kucyk w stodole
pony up,zapłacić
pooch out,wyciągnąć
poon up,nieznane
poop factory,fabryka odchodów
poop in one's pants,załatwić się w spodnie
poop machine,maszyna do kupy
poop oneself,załatwić się
poop out,wyczerpać się
poophole loophole,luka w prawie
poor as a church mouse,biedny jak mysz w kościele
poor as a rat,biedny jak mysz
poor door,słabe drzwi
poor is a mindset,bieda to stan umysłu
poor is a state of mind,bieda to stan umysłu
poor little rich boy,biedny chłopiec z bogatej rodziny
poor little rich girl,biedna mała bogata dziewczynka
poor man's shilling,szyling ubogiego człowieka
poor power,słaba moc
poorness is a state of mind,bieda to stan umysłu
pootle along,jeździć powoli
pop down,zejść
pop for,napój gazowany
pop in,wpaść
pop off,odpaść
pop on,pojawić się
pop one's cork,wybuchnąć
pop one's wad,wyjść z siebie
pop out,wyskoczyć
pop someone's cherry,stracić panieństwo
pop the cherry,zepsuć zabawę
pop the question,zrobić oświadczenie
pop up,wyskakujące okno
popcorn movie,lekki film
pope's nose,nos papieża
popper up,wyskakujące okno
porcelain god,bog z porcelany
porcelain goddess,bogini z porcelany
porcelain skin,porcelanowa skóra
pore over,dokładnie analizować
pork out,oszukać
pork up,podkręcić
porn and prawn,pornografia i krewetka
portion off,odizolować
portion out,rozdzielać
posh nosh,eleganckie jedzenie
posh up,podnieść
positive Polly,pozytywna Polly
possession is nine-tenths of the law,posiadanie to prawie wszystko
post mortem auctoris,pośmiertnie po autorze
post off,wysłać pocztą
post up,stawiać się
postally used,używany pocztowo
poster boy,model
poster child,symbol
poster girl,dziewczyna-reklama
pot calling the kettle black,obwinianie kogoś za coś, czego sam się d…
pot kettle black,kruk kruka nie osądzi
pot of gold,garniec ze złotem
pot on,na kuchence
pot out,wygasić
pot up,doniczka
potato chaser,goniacz ziemniaków
Potemkin village,Wieś Pokotówska
potter about,wędrówki
potter around,grzebie
potter's clay,glina
potter's field,pole dla ubogich
potty mouth,wulgarny język
pound a beat,uderzać rytm
pound for pound,waga za wagę
pound of flesh,oddać dług
pound one's flounder,nie wiem
pound out,wypalić
pound sand,idź precz
pound the pavement,szukać pracy
pour cold water on,zalać zimną wodą
pour cold water over,wylać zimną wodę na
pour down,lać się
pour down the drain,wylewać do kanalizacji
pour encourager les autres,aby zachęcić innych
pour forth,wylewać
pour fuel on the fire,podlewać ogień
pour gasoline on the fire,podlewać benzyną do ognia
pour honey in one's ear,wlewać miód do uszu
pour honey into one's ear,wlewać miód do ucha
pour honey on,wylać miód na
pour in,wlewać
pour into,wlewać
pour oil on troubled waters,łagodzić spory
pour one out,wylać coś na cześć
pour one's heart out,wylać serce
pour out,wylać
poverty is a mindset,bieda to kwestia nastawienia
poverty is a state of mind,bieda to stan umysłu
powder keg,prochownia
power ahead,dawać z siebie wszystko
power behind the throne,osoba wpływowa za kulisami
power coffee,kawa pobudzająca
power down,wyłączanie
power grab,próba przejęcia władzy
power lunch,obiad roboczy
power luncher,obiad biznesowy
power lunching,obiad biznesowy
power of the pencil,moc ołówka
power of the purse,moc portfela
power off,wyłączanie
power on,włączanie
power up,włączenie
powers that be,ci, którzy mają władzę
poz up,pozdrawiam
practice makes perfect,ćwiczenie czyni mistrza
practice makes progress,ćwiczenie czyni mistrza
prairie dog,świstak preriowy
praise to the skies,chwała niebiosom
praise with faint damns,chwalić z drobnymi uwagami
prang out,wyjść
prat about,gadać bez sensu
prat around,żartować
prawn cocktail offensive,obraźliwy prawny komunikat
pray away the gay,modlitwa aby zmienić orientację seksualn…
pray tell,proszę opowiedzieć
pray the gay away,wyleczyć z homoseksualizmu
pray to the porcelain god,modlić się do toalety
pray to the porcelain goddess,modlić się do porcelanowej bogini
preach down,przekonywać
preach in the desert,głosić w pustyni
preach to deaf ears,mówić do ślepych i głuchych
preach to the choir,mówić do ściany
preach up,promować
preach water and drink wine,głosić cnotliwość a sam robić grzeszne r…
precious little,niewiele
prep out,przygotuj się
prep up,przygotować
prepare ahead,przygotować wcześniej
prepare the ground,przygotować grunt
prepare up,przygotować się
present company excepted,z wyjątkiem obecnych
present company excluded,nie licząc obecnych
preserved in aspic,konserwowane w żelatynie
press ahead,dążyć do celu
press down,wciśnij
press F to pay respects,naciśnij F aby złożyć wyrazy szacunku
press into service,wdrożyć do służby
press on,naciskaj
press out,wycisnąć
press the flesh,ściskać dłonie
press the panic button,naciśnij przycisk alarmowy
pressed for time,spóźniony
pressure makes diamonds,Ciśnienie tworzy diamenty
pretty penny,drobna kwota
pretty pictures,ładne zdjęcia
pretty please with sugar on top,proszę bardzo z dodatkiem słodkości
pretty Polly,ładna Polly
pretty up,upiększyć
pretzel up,skręcić
prevail upon,przekonać
prevention is better than a cure,lepiej zapobiegać niż leczyć
prevention is better than cure,lepiej zapobiegać niż leczyć
previously disadvantaged,osoby, które w przeszłości były dyskrymi…
prey on,wyzyskiwać
prey upon,wyzyskiwać
price in,cena w
price is right,cena jest odpowiednia
price of eggs,cena jajek
price of tea in China,cena herbaty w Chinach
price on someone's head,nagroda za głowę
price out,wycenić
price up,wzrost cen
prick out,wyrywać
prick up,podnieść
pride comes before a fall,prym zawsze poprzedza upadek
pride comes before the fall,pyszność poprzedza upadek
pride cometh before a fall,Pych poprzedza upadek
pride goes before a fall,Pycha poprzedza upadek
pride goeth before a fall,płynąca w dumie upada
pride wenteth before a fall,Pycha poprzedza upadek
prim and proper,grzeczny i schludny
prime of life,najlepsze lata życia
prime the pump,rozpalić pompę
prime up,przygotować
primitive type,typ podstawowy
primp up,podrasować
primrose path,ścieżka pierwiosnów
prink up,upiększyć się
print off,wydrukować
print out,wydrukować
print up,wydrukować
prior to,przed
prior to that,przed tym
prior to this,przed tym
priss around,zachowywać się pretensjonalnie
private credit,kredyt prywatny
private eye,detektyw
privately held,prywatna własność
prize pig,świnka-skarbonka
pro parte,częściowo
pro re nata,według potrzeb
pro tip,przydatna wskazówka
problem child,dziecko problematyczne
procrastination is the thief of time,Prokrastynacja to kradzież czasu
procure to pay,zapłacić
professional suicide,profesjonalne samobójstwo
professional victim,oficjalna ofiara
proffer up,oferować
progressive love,progresywna miłość
Promised Land,Ziemia Obiecana
prone out,wyprężony
prop forward,napastnik
prop up,podpierać
prop up the bar,podeprzeć bar
prophet of doom,prorok zagłady
pros and cons,zalety i wady
pros ton kairon,w odpowiednim czasie
protest too much,zbyt mocno protestować
Protestant work ethic,Protestancka etyka pracy
proud as a peacock,duma jak paw
prove out,udowodnić
proverbs come in pairs,przysłowia często występują w parach
proverbs go in pairs,przysłowia często występują w parach
proverbs hunt in pairs,przysłowia polowanie parami
proverbs often come in pairs,przysłowia często występują w parach
proverbs run in pairs,przysłowia często występują w parach
proverbs should be sold in pairs,przysłowia powinny być sprzedawane param…
proverbs should be writ in pairs,przysłowia powinny być pisane parami
proverbs should come in pairs,przysłowia powinny występować w parach
proverbs should go in pairs,przysłowia powinny występować w parach
provided that,pod warunkiem że
psych out,zdemaskować
psych up,zmotywować
psyched up,zmotywowany
psychological warfare,wojna psychologiczna
pub grub,jedzenie w pubie
public intellectual,intelektualista publiczny
public purse,budżet państwa
publicity hound,osoba uwielbiająca rozgłos
publicly held,publicznie posiadane
publish or perish,publikuj albo zginiesz
pucker up,zaciśnij usta
pudding and tame,budyń i oswojony
puddle jumper,skakanka
puddle up,zbierać się w kałuże
puff out,nadmuchać
puff up,napompować
puke up,wykrztusić
pull a face,krzywić się
pull a fast one,oszukać
pull a lever,pociągnąć dźwignię
pull about,ciągnąć
pull ahead,wyprzedzać
pull an all-nighter,pracować do rana
pull apart,rozdzielać
pull aside,odciągnąć na bok
pull away,odjechać
pull back,cofnąć się
pull back the curtain,odciągnąć zasłonę
pull down,ściągnąć
pull faces,krecić miny
pull for,ciągnąć za
pull in,przyciągnąć
pull in one's horns,zmniejszyć ambicje
pull into,wjechać
pull it out,wyciągnij to
pull my finger,ciągnij mnie za palec
pull off,wykonać
pull on,ciągnąć
pull one over,oszukać
pull one's finger out,dać z siebie wszystko
pull one's pud,wyciągnąć coś z siebie
pull one's punches,łagodzić
pull one's socks up,wziąć się do roboty
pull one's weight,wykonywać swoje obowiązki
pull oneself together,zebrać się w sobie
pull oneself up by one's bootstraps,własnym wysiłkiem osiągnąć sukces
pull out,wyciągnąć
pull out all the stops,wykorzystać wszystkie możliwości
pull out of one's arse,wyciągać z siebie
pull out of one's ass,wyciągnąć z odbytu
pull out of the fire,wydobyć z opresji
pull out of the hat,wyciągnąć z kapelusza
pull over,zatrzymać się
pull punches,łagodzić
pull rank,wykorzystywać swoje stanowisko
pull round,przyciągnąć
pull someone's leg,robić kogoś na głupka
pull someone's plumes,wyciągać kogoś za uszy
pull strings,ciągnąć za sznurki
pull teeth,wyrywać zęby
pull the ladder up after oneself,wciągać drabinę za sobą
pull the ladder up behind oneself,podciągnąć drabinę za sobą
pull the long bow,przesadzać
pull the other leg,ciągnąć za drugą nogę
pull the other one,ściągnij drugą
pull the plug,wyłączyć urządzenie
pull the rug out from under,podkradnąć coś komuś
pull the shutters down,zamknij okiennice
pull the strings,ciągnąć za sznurki
pull the trigger,nacisnąć spust
pull the wool over someone's eyes,oszukać kogoś
pull through,wyjść na zdrowie
pull together,pracować razem
pull up,podciągnąć
pull up on,podciągnąć
pull up stakes,opuszczać miejsce
pull up your pants,podciągnij spodnie
pulling power,siła ciągnąca
pulling the plug,wyłączanie zasilania
pump and dump,pompka i wywrotka
pump and jump,pompa i skok
pump out,wypompować
pump someone's tires,pompować opony
pump up,napompować
pumpkin head,dyniowa głowa
punch above,przewyższać
punch above one's weight,przewyższać swoje możliwości
punch below one's weight,być lepszym niż się oczekuje
punch down,uderzyć w dół
punch in,wprowadzić
punch it,uderz w to
punch out,wybić
punch someone's lights out,uderzyć kogoś tak, żeby stracił przytomn…
punch someone's ticket,zlikwidować stanowisko
punch up,ulepszyć
punch-up session,sesja treningowa
punk out,wyjść na całość
purchase to pay,zakup do płatności
purely imaginary,czysto wyobrażony
purple monkey dishwasher,fioletowa małpa zmywaczka
push about,popychać
push against an open door,pchać otwarte drzwi
push along,pchać do przodu
push around,przesuwać
push aside,odsuwać na bok
push away,odpychać
push back,odsunąć
push down,wcisnąć
push for,dążyć do
push in,wcisnąć
push it,wepchnij to
push off,odpchnąć
push on,działać dalej
push one's luck,ryzykować
push one's way,przeciskać się
push out,wypchnąć
push over,przesadzić
push past,przekroczyć
push the boat out,zaciągnąć się na coś
push the envelope,przekraczać granice
push through,przebrnąć przez
push together,wciskaj razem
push under,wepchnąć pod
push up,pompka
push up against,odpychać się
push up daisies,spoczywać w grobie
push up on,wcisnąć w górę
push water uphill,wypychać wodę pod górę
puss out,wycofać się
pussy out,wymiękać
put 'em up,podnieś ręce
put a blanket over,połóż koc na
put a bug in someone's ear,włożyć coś do czyjejś głowy
put a damper on,osłabić
put a finger to the wind,poczuć wiatr
put a foot wrong,zrobić błąd
put a gun to someone's head,celować w głowę
put a hat on a hat,nakładać kapelusz na kapelusz
put a lid on,zakręcić pokrywkę
put a lid on it,zamknij to
put a shift in,zaliczyć zmianę
put a slight upon,obrazić
put a sock in it,przestań gadać
put a stop to,zatrzymać
put about,rozpowiadać
put across,przekazać
put ahead,wyprzedzać
put an end to,położyć kres
put around,rozpowszechniać
put aside,odłożyć
put at risk,narazić na ryzyko
put away,odłożyć
put back,włożyć z powrotem
put batteries in someone's back,nakręcać kogoś
put before,umieścić przed
put behind one,zostawić w tyle
put butter on one's bread,nakładać masło na chleb
put by,odkładaj
put case,sprawa
put daylight between oneself and someone,utrzymać dystans
put down,położyć
put down as,zapisz jako
put down for,zarezerwować
put down roots,zakorzenić się
put down to,przypisać do
put facts on the ground,utrwalić sytuację
put food on the table,utrzymać rodzinę
put foot to ass,dać kopa w tyłek
put forth,przedstawić
put forward,przedstawić
put hair on someone's chest,dodać włosów na piersi
put her there,Postaw ją tam
put in,umieścić
put in a position,umieścić
put in mind,pamiętaj
put in place,umieścić
put in pledge,złożyć obietnicę
put in the ground,włożyć do ziemi
put in with,dołączyć do
put into one's own head,włożyć do głowy
put into practice,wdrożyć
put it about,rozpowiadaj o tym
put it down,odłóż to
put it off on,odłożyć na później
put it past,przypisać coś komuś
put it there,Połóż to tam
put it to,połóż to
put lipstick on a pig,malować świnię na różowo
put new wine in old bottles,wlewać nowe wino do starych butelek
put off,odłożyć
put on,założyć
put on a clinic,prowadzić warsztaty
put on a pedestal,stawiać na piedestale
put on airs,uważać się za lepszego
put on frills,dodawać ozdoby
put on hold,wstrzymać
put on one's dancing shoes,Założyć buty do tańca
put on the dog,robić z siebie ważną osobę
put on the long finger,odłożyć na później
put on the map,wrzucić na mapę
put on the red light,włącz czerwone światło
put on the ritz,żyć na bogato
put one across,oszukać
put one over,oszukać
put one past,zdobyć gola
put one's affairs in order,ogarnąć swoje sprawy
put one's ass on the line,ryzykować
put one's back into,włożyć całą siłę
put one's best foot forward,robić jak najlepsze wrażenie
put one's cards on the table,wyłożyć karty na stół
put one's feet up,odpoczywać
put one's finger in the dyke,włożyć palec do wału
put one's finger in the fire,wkroczyć na niebezpieczny grunt
put one's finger on,wskazać
put one's finger on something,zauważyć coś
put one's foot down on,postawić stopę
put one's foot down upon,postawić stopę
put one's foot in it,włożyć nogę
put one's foot in one's mouth,wdawać się w gafę
put one's foot in someone's ass,włożyć nogę komuś w tyłek
put one's foot up someone's ass,włożyć palec komuś w tyłek
put one's hand in one's pocket,włożyć rękę do kieszeni
put one's hand to the plough,wziąć się do pracy
put one's head in the sand,zakopuje głowę w piasek
put one's heart in,włożyć serce
put one's house in order,ułożyć swoje sprawy
put one's legs under someone's mahogany,wchodzić komuś do łóżka
put one's mind to it,zająć się czymś
put one's name in the hat,zgłosić się
put one's neck out,ryzykować
put one's shoulder into,włożyć ramię
put one's stamp,odcisnąć pieczęć
put oneself about,być aktywnym
put oneself across,dawać się zrozumieć
put oneself out,wykazywać się inicjatywą
put onto,nałożyć
put out,gasić
put out a fire,gasić pożar
put out feelers,rozpoznawać sytuację
put over,oszukać
put paid to,położyć kres
put paid to something,położyć kres czemuś
put past,przeszłość
put pen to paper,wziąć długopis i papier
put round,zaokrąglić
put simply,mówiąc prościej
put some timber on,połóż trochę drewna
put somebody out of their misery,uratować kogoś od cierpienia
put someone hip,zrobić kogoś modnym
put someone in a box,zamknąć kogoś w pudełku
put someone in mind of,przypominać komuś
put someone in their place,postawić kogoś na swoje miejsce
put someone on blast,wyśmiewać kogoś
put someone on ice,zamrozić kogoś
put someone on to,poinformować
put someone out of their misery,uratować kogoś od cierpienia
put someone to their trumps,postawić kogoś do boju
put someone's back up,podnieść na duchu
put someone's lights out,wyłączyć światło komuś
put something behind one,odłożyć coś na bok
put something into perspective,Ująć coś w odpowiednią perspektywę
put something on the line,ryzykować
put something out of their misery,położyć kres cierpieniom
put store by,odłożyć
put store in,umieścić w sklepie
put that in your hat,Włóż to do kapelusza
put the bad mouth on,obrażać
put the bee on,umieścić pszczołę
put the beggar on the gentleman,obrabować dżentelmena
put the boot in,włożyć but
put the bottom rail on top,połóż dolną listwę na górze
put the brakes on,hamować
put the cart before the horse,stawiać wszystko na głowie
put the cat among the pigeons,wywołać skandal
put the clock back,cofnij zegar
put the clock forward,przesuń zegar do przodu
put the fear of God into,wstraszyć
put the finger on,wskazać
put the hammer down,odłożyć młotek
put the moves on,zrobić komuś awans
put the pedal to the metal,nacisnąć pedał do dechy
put the plug in the jug,włóż wtyczkę do dzbanka
put the record straight,wyjaśnić prawdę
put the screws,wkręcić śruby
put the wood in the hole,Włóż drewno do otworu
put through,przekierować
put through hoops,przeszkadzać
put through the mangle,przetworzyć
put through the wringer,przezwyciężyć trudności
put to,kładź
put to bed,kładź do łóżka
put to good use,wykorzystać w dobrym celu
put to the sword,poddać mieczowi
put to the test,poddany próbie
put to use,użyć
put to work,wdrożyć
put together,złożyć razem
put two and two together,połączyć kropki
put under,pod
put under pressure,pod presją
put up,wystawić
put up a brick,układać cegłę
put up on,oszukać
put up one's dukes,podnieść pięści
put up or shut up,udowodnij to albo przestań gadać
put up to,nakłonić do
put up with,wytrzymać
put words in someone's mouth,wpychać słowa komuś do ust
put-up job,fałszywka
putter about,grzebie
putter around,grzebie
putty in someone's hands,dać komuś do ręki
putz around,bałaganić się
putz round,czyścić
puzzle out,rozwiązać
puzzle over,rozważać
puzzle through,rozwiązywać
pyramid down,piramida w dół
pyramid up,wzrost piramidalny
Q. E. D.,Co było trzeba udowodnić
quad out,wyjść z kwadratu
quake in one's boots,drżeć ze strachu
Quaker gun,Działo kwakierskie
qualify out,wyeliminować
quality over quantity,jakość ponad ilość
quantum tunnel,tunel kwantowy
quarrel out,wyjaśnienie
quarrel with,kłócić się z
que sera sera,cokolwiek będzie, niech będzie
Queen Anne is dead,Królowa Anna nie żyje
Queen Anne's dead,Królowa Anna zmarła
queen bee,królowa pszczół
queen of beasts,królowa zwierząt
queen out,królowa wyeliminowana
queen up,w górę
queer bashing,przemoc wobec osób LGBTQ+
queer fish,dziwny ryb
queer someone's pitch,zepsuć wystąpienie
Queer Street,Ulica gejów
queer up,bądź dziwny
quelle surprise,jakie zaskoczenie
queue up,stawiać się w kolejce
quick as a flash,szybki jak błyskawica
quick as lightning,szybki jak błyskawica
quick buck,szybki zarobek
quick off the mark,szybki w reakcji
quick on one's feet,szybki w reakcji
quick on the draw,szybki w reakcji
quick on the uptake,szybko rozumie
quick read,szybka lektura
quick study,szybki uczeń
quicken up,przyspieszyć
quidquid Latine dictum sit altum videtur,Cokolwiek zostanie powiedziane po łacini…
quiet as a church mouse,cichy jak mysz w kościele
quiet as a mouse,cichy jak mysz
quiet down,Uciszyć się
quiet quit,cicho odejść
quieten down,uciszyć się
quit scores,wyniki końcowe
quit while one is ahead,rezygnować, kiedy jest się w dobrej sytu…
quite a bit,dość dużo
quite so,dokładnie tak
quite some,dość dużo
quite the opposite,zupełnie odwrotnie
quoad sacra,w sprawach sakramentalnych
quod erat demonstrandum,co było do udowodnienia
quod google,co google
quoin up,w górę
quote unquote,cudzysłowie
qwerty syndrome,zespół qwerty
R. S. V. P.,Proszę o odpowiedź
rabbit on,o króliku
rabble rouser,podżegacz
rabz kebabz,kebab
raccoon eyes,opuchlizna pod oczami
race against the clock,wyścig z czasem
race against time,wyścig z czasem
race of truth,wyścig prawdy
race off,wyścig
race out of the traps,wybieg z bloków
race queen,królowa wyścigów
race riot,zamieszki rasowe
racially challenged,rasowo niewykształcony
rack and ruin,ruina
rack off,odpocznij
rack one's brain,zastanawiać się
rack one's brains,zastanawiać się
rack out,rozłożyć
rack up,zbierać
radio ahead,przesył przez radio
rafter snapper,obcinacz do krokw
rag bagger,zbieracz rupieci
rag off,wyśmiewać
rag on,wyśmiewać
rag out,wyciągać
rag the puck,ciągnąć krążek
rail out,wyjechać na tory
rain buckets,lać jak z cebra
rain cats and dogs,lać jak z cebra
rain death,deszcz śmierć
rain dogs and cats,leje jak z cebra
rain down,spadać
rain fire and brimstone,ogień i siarka
rain follows the plough,Po orce idzie deszcz
rain follows the plow,deszcz idzie za pługiem
rain off,deszczowo
rain on someone's parade,psuć komuś radość
rain or shine,w deszczu lub w słoneczny dzień
rain out,odwołany z powodu deszczu
rain pitchforks,deszcz widły
rain stopped play,deszcz przerwał grę
rainbow baby,dziecko po stracie
rainbows and unicorns,tęcze i jednorożce
rainy day,deszczowy dzień
raise awareness,zwiększać świadomość
raise Cain,wywołać zamieszanie
raise concerns,budzić obawy
raise eyebrows,podnosić brwi
raise funds,pozyskiwać fundusze
raise hell,wywołać zamieszanie
raise its head,podnieś głowę
raise its ugly head,pokazać swoje brzydkie oblicze
raise money,zbierać pieniądze
raise one's eyebrows,podnosić brwi
raise one's game,podnieść poziom
raise one's voice,podnosić głos
raise questions,podnosić pytania
raise someone's hackles,podnieść komuś włosy na karku
raise someone's shag,podnieść komuś nastrój
raise someone's spirits,podnieść na duchu
raise the ante,podnieść stawkę
raise the bar,podnieść poprzeczkę
raise the line,podnieś linię
raise the possibility,podnieść możliwość
raise the roof,podnieś dach
raise the spectre,podnosić widmo
raise the stakes,podnieść stawkę
raise to the purple,podnieść do fioletu
raise up,podnieść
raised by wolves,wychowany przez wilki
raised in a barn,wychowany w stodole
rake in,zbierać
rake it in,zarabiać krocie
rake off,zbierać
rake out,wygrzebywać
rake over,przepychanie
rake over the coals,grzebać w przeszłości
rake together,zbierać
rake up,wygrzebywać
rally around,zjednoczyć się wokół
rally behind,wspierać
rally round,zebrać się wokół
rally round the flag,zebrać się wokół flagi
Ram Ram,Cześć cześć
ram something down someone's throat,wpychać coś komuś do gardła
Ramadan mubarak,Szczęśliwego Ramadanu
rame over,rama nad
ramp along,wzdłuż rampy
ramp up,zwiększać
range out,zakres
rank and file,szeregi
rank and yank,wyrzucić i zniszczyć
rant and rave,wywody i narzekania
rap and rend,rap i renderowanie
rap at,atakować
rap back,odpowiedź
rap down,spadaj
rap someone's knuckles,poklepać kogoś po palcach
rare animal,rzadkie zwierzę
raring to go,gotowi do działania
rark up,nieznane słowo
rash up,wyskoczyć
rat on,donosić
rat out,zdradzić
rat run,ulica dla rowerów
rat through,przez
rat's nest,gniazdo szczura
Ratatouille moment,Moment z ratatouille
ratchet up,zwiększać
rather than,zamiast
ratione temporis,z powodu braku czasu
rattle about,brzmieć
rattle around,brzmieć
rattle off,wypluć
rattle on,klepać
rattle through,potrząsać
raunch out,wywierać presję
ravel out,rozplątać
ravin down,spadający
raw deal,nieuczciwa oferta
ray of light,promień światła
razz someone's berries,obrzydzić komuś coś
reach down,sięgnąć w dół
reach for,sięgać po
reach for the sky,sięgnij do nieba
reach for the stars,dążyć do gwiazd
reach out,skontaktować się
reach past,osiągnąć
read across,przeczytać na głos
read along,czytaj razem
read between the lines,czytać między wierszami
read for,czytać dla
read in,czytać w
read into,interpretować
read lips,odczytywać z ruchu warg
read minds,czytać w myślach
read my lips,czytaj z moich ust
read off,odczytać
read oneself in,zapoznać się
read out,odczytać
read over,przeczytać
read somebody's mind,czytać w myślach
read someone to filth,obrażać kogoś
read someone's lips,odczytywać ruchy warg
read someone's mind,czytać w myślach
read the car,przeczytać instrukcję obsługi samochodu
read the green,przeczytać zielony
read the room,odczytać sytuację
read through,przeczytać
read up,zapoznać się
reading is tech,czytanie to technologia
ready and waiting,gotowy i czekający
ready as Freddy,gotowy jak Freddy
ready or not,gotowi czy nie
ready to roll,gotowi do startu
ready up,przygotować się
real deal,prawdziwa sprawa
real live,na żywo
real McCoy,prawdziwy McCoy
real men don't eat quiche,prawdziwi mężczyźni nie jedzą quiche
real quick,bardzo szybko
reality check,sprawdzenie rzeczywistości
reality distortion field,pole zniekształceń rzeczywistości
ream out,wykrzykiwać
reap the harvest,zbierać plony
reap the whirlwind,zbierać owoce swoich czynów
rear back,odciągnąć się do tyłu
rear its head,pokazywać się
rear its ugly head,pokazać swoje brzydkie oblicze
rear one's head,wyłaniać się
rear up,podnosić się
reason out,rozumować
reason with,rozumować z
rebound relationship,relacja odskoku
recipe for disaster,przepis na katastrofę
reckon for,uwzględniać
reckon on,liczyć na
reckon out,obliczyć
reckon up,obliczyć
reckon upon,liczyć na
reckon with,rozliczyć się z
reckon without,liczyć bez
reckon without one's host,liczyć bez gospodarza
reclaim one's time,odzyskać czas
record book,księga rekordów
recursively enumerable,rekurencyjnie wyliczalny
Red Baron,Czerwony Baron
red face test,test na zaczerwienienie twarzy
red flag,czerwona flaga
red ink,czerwona farba
red letter day,ważny dzień
red light,czerwone światło
red lives matter,życie ma znaczenie
red meat,czerwone mięso
red rider,czerwony jeździec
red tape,biurokracja
red up,czerwony w górę
redd up,posprzątać
redeem oneself,odkupić się
rediscover fire,odkryć na nowo ogień
reduce someone to tears,wywołać łzy
reduce to,zredukować do
reef and beef,raf i wołowina
reel in,wciągać
reel off,wyrecytować
reel out,rozwinąć
reel up,zwijać
reet pleat,ryfelka
refer to,odnosić się do
refiddle with,grzebać
reflect on,rozważać
reflect upon,rozważać
refresh someone's memory,odświeżyć pamięć
refrigerator mom,mama-lodówka
refrigerator mother,lodówka matka
regardless of,niezależnie od
reheat someone's nachos,podgrzać nachos
reign supreme,panować
rein in,powstrzymać
rein up,zaciągnąć
reinvent the wheel,wymyślać koło na nowo
relate to,dotyczyć
relative to,w odniesieniu do
relatively prime,względnie pierwsze
release the kraken,uwolnij krakena
rely on,polegać na
rely upon,polegać na
rem out,wyłącz pamięć podręczną
remain to be seen,przede wszystkim trzeba to zobaczyć
remark on,komentarz
remark upon,komentarz
remote in,wewnątrz
rend one's garments,rozszarpać ubranie
render down,oddać
render off,wyrenderować
render unto Caesar,oddajcie Cezarowi co należy Cezarowi
rent out,wynajmować
rent-lowering gunshot,obniżenie czynszu strzał
reopen old wounds,ponownie otworzyć stare rany
repeat on,powtórz
report back,zgłosić się
report out,przekazanie informacji
report to,zgłaszać się do
requiescant in pace,niech spoczywają w pokoju
requiescat in pace,spoczywaj w pokoju
res ipsa loquitur,rzecz mówi sama za siebie
reset the dial,zresetuj pokrętło
resonate with,rezonować z
respice finem,celuj w cel
rest and vest,odpoczynek i kamizelka
rest assured,bądź spokojny
rest easy,spokojnie
rest his soul,niech spoczywa w pokoju
rest in peace,spoczywaj w pokoju
rest in pieces,spoczywaj w pokoju
rest in piss,spoczywaj w pokoju
rest in power,niech spoczywa w pokoju
rest on,opierać się na
rest on one's laurels,spoczywać na laurach
rest one's soul,odpocząć duszy
rest up,odpocznij
rest upon,opierać się na
result in,powodować
retain and explain,zachować i wyjaśnić
retrace one's steps,odtworzyć swoje kroki
return the favor,odwdzięczyć się
return to form,powrót do formy
return to one's muttons,wrócić do poprzedniego tematu
returns to scale,skala ekonomii
rev up,rozgrzać
revenge is sweet,zemsta jest słodka
reverse charge,odwrócony obowiązek zapłaty podatku
reverse course,zmienić kierunek
reverse Midas touch,odwrotny dotyk króla Midas
reverse out,cofnąć się
revert back,cofnąć
revolutions are not made with rosewater,rewolucje nie są robione z wody różanej
revolve around,kręcić się wokół
revolving door syndrome,efekt wahadła
rhyme off,rymują się
rhyme or reason,sens
rhyme out,rymując
rhyme up,rymuj się
rice chaser,osoba goniąca za sukcesem
rice out,wydać
rich bitch,bogata suka
rickle o' banes,kręgosłup
rid of,pozbyć się
rid out,przetrwać
rid up,wsiąść na
ridden hard and put away wet,wykorzystany do granic możliwości i zani…
riddle me this,odgadnij to
riddle wrapped in an enigma,zagadka owinięta tajemnicą
ride along,jeździć razem
ride by,przejechać obok
ride down,zjechać
ride down on,zjechać
ride fence,niezdecydować się
ride for,jeździć dla
ride hard and put away wet,jeździć intensywnie i przechowywać suche
ride herd on,pilnować
ride high,być w euforii
ride off,odjechać
ride off into the sunset,odjechać w stronę zachodzącego słońca
ride on,jedź dalej
ride on a rail,jeździć na szynie
ride on the back of,na grzbiecie
ride one's bumper,jeździć na zderzaku
ride one's luck,ryzykować
ride out,przetrwać
ride over,przejechać
ride roughshod over,przesadzać
ride shotgun,siedzieć z przodu obok kierowcy
ride tall in the saddle,siedzieć dumnie w siodle
ride the coattails,podpierać się
ride the crest of the wave,być na fali
ride the pine,siedzieć na ławce rezerwowych
ride the rails,podróżować pociągiem
ride the short bus,jeździć autobusem dla osób niepełnospraw…
ride the tiger,jeździć na tygrysie
ride the wave,podążać za trendem
ride up,podnosić się
ride up on,wjechać na
ride with,jeździć razem
rien ne va plus,nic się nie da zrobić
rifle is fine,karabin jest w porządku
rig out,wyposażyć
rig up,zmontować
right as rain,całkiem dobrze
right away,od razu
right back,od razu
right back at you,wzajemnie
right now,teraz
right of Genghis Khan,prawo Czyngischana
right off the bat,od razu
right on,dokładnie
right out of the gate,od samego początku
right up someone's alley,idealny dla kogoś
right you are,masz rację
rightly or wrongly,słusznie lub nie słusznie
rile up,denerwować
rim out,wykończenie krawędzi
ring a bell,budzić skojarzenia
ring around,w kółko
ring back,oddzwonić
ring down the curtain,opuścić kurtynę
ring false,brzmi fałszywie
ring hollow,brzmieć pusto
ring in,dzwonić
ring of truth,ziarno prawdy
ring off,rozłączyć się
ring off the hook,odłączyć telefon
ring one's bell,dzwonić do kogoś
ring out,dźwięczeć
ring round,okrąg
ring someone's bell,dzwonić do kogoś
ring sting,ukąszenie
ring through,przebijać się przez
ring true,brzmieć wiarygodnie
ring up,zadzwonić
ringside seat,miejsca przy ringu
rinse and repeat,płukać i powtarzać
rinse down,spłukać
rinse off,spłukać
rinse out,opłukać
rip along,pędzić
rip apart,rozerwać
rip down,zrywać
rip into,obijać
rip it up,roznieś na strzępy
rip off,oszukać
rip off the band-aid,szybko zdjąć opatrunek
rip off the bandage,oderwij opatrunek
rip on,wyśmiewać
rip out,wyrwać
rip someone's head off,odciąć komuś głowę
rip to shreds,rozszarpać
rip up,rozerwać
rip-snorting mad,wściekły
ripe for the picking,gotowy do zebrania
ripe for the plucking,gotowy do zebrania
ripe old age,dojrzaly wiek
ripen up,dojrzewać
rise above,wznosić się ponad
rise and fall,wzrost i spadek
rise and shine,wstań i świeć
rise from the ashes,wstać z popiołów
rise over run,wzrost do długości
rise to the challenge,podjąć wyzwanie
rise to the occasion,sprawdzić się
rise to the purple,wznieść się do fioletu
rise up,wstać
rise with the lark,wstawać z pierwszym świtem
risk creep,pełzanie ryzyka
risk it for the biscuit,ryzykować wszystko dla małego zysku
risk it to get the biscuit,ryzykować wszystko dla nagrody
rivet counter,licznik nitów
rizz up,podrywać
roach coach,dostawca jedzenia uliczny
roach out,wystrzelić
road hog,oszołom na drodze
road less traveled,mniej uczęszczana droga
road to Damascus,Droga do Damaszku
roar ahead,przedechnąć
roar away,odjechać z piskiem opon
roar back,odpowiedzieć głośno
roar off,odjeżdżać z piskiem opon
roar on,kibicować
roar out,ryczeć
roast up,piec
rob out,wyciągnąć
rob Peter to pay Paul,przesuwać problemy
rob the cradle,wykradźć kołyskę
robber baron,magnat
Robert is your father's brother,Robert to brat twojego ojca
Robert is your mother's brother,Robert to brat twojej matki
Robert is your uncle,Robert to twój wujek
Robert's your father's brother,Robert to brat twojego ojca
Robert's your mother's brother,To jest wujek
Robert's your uncle,Robert jest twoim wujkiem
rock along,podróżować
rock bottom,najniższy punkt
rock hound,kolekcjoner kamieni
rock on,żyj
rock out,szaleć
rock out with one's cock out,pokazywać cipę podczas zabawy
rock someone's socks,zaskoczyć kogoś
rock the boat,zakłócać spokój
rock up,przybyć
rocket science,nauka o rakietach
rocket scientist,specjalista od rakiet
rocket surgery,skomplikowane zadanie
rocket up,wystrzelić w górę
rocking horse shit,drewniany konik
rocking-horse shit,drewniany konik
rocks for jocks,koszulki dla sportowców
rod for one's back,wędka
rod in pickle,ryba w marynacie
roger that,rozumiem
rogues' gallery,galeria przestępców
roll about,turlaj się
roll around,turlanie
roll away,odsuwać się
roll back,cofnąć
roll back the years,cofnąć czas
roll down,zwijać się
roll in,toczyć się
roll in the aisles,śmiać się do łez
roll in wealth,żyć w luksusie
roll of the dice,rzut kostką
roll off,zjechać
roll off the tongue,dobrze brzmi
roll on,toczyć się
roll one's eyes,przewracać oczami
roll one's own,kręcić własne
roll out,wdrożyć
roll out the red carpet,wyłożyć czerwony dywan
roll over,przekręć
roll tape,odwiń taśmę
roll the pitch,wałkować grunt
roll tide,Idź dalej
roll up,zwijać
roll up on,przyjechać
roll up one's sleeves,podwinąć rękawy
roll up the sidewalks,zwinąć chodniki
roll with,idź z nią
roll with it,idź z nią
rolled into one,połączone w jedno
rolling in it,ma dużo pieniędzy
rolling stone,wędrujący kamień
Rome wasn't built in a day,Rzym nie zbudowano w jeden dzień
Rome wasn't burned in a day,Rzym nie został spalony w jeden dzień
romp home,zdobyć zwycięstwo
roof over,nad
roof over one's head,dach nad głową
room for doubt,miejsce na wątpliwości
room in,wewnątrz
room of doom,pokój śmierci
root about,dopytywać się
root around,grzebać
root cause,przyczyna
root for,kibicować
root out,wykorzenić
root up,wyrwać z korzeniami
rootin' tootin',bardzo energiczny i wesoły
rooting interest,zaangażowanie kibiców
rope in,wciągać
rope into,wciągnąć
rope of sand,piaskowy sznur
rope off,odgradzać liną
rope out,wyciągnąć liną
rope up,wiązać się
rose garden,różowy ogród
rose-colored glasses,różowe okulary
roster on,lista zawodników
rot away,gniewić się
rot in hell,gnij w piekle
rot off,gnicie
rot through,gnicie
rotten apple,zgniły jabłko
rotten egg,zgniłe jajko
rough and ready,prosty i funkcjonalny
rough around the edges,nieoszlifowany
rough justice,surowa sprawiedliwość
rough out,szkicować
rough patch,trudny okres
rough sledding,trudne warunki
rough sleeper,osoba bezdomna
rough trot,trudna sytuacja
rough up,potłuc
roughen up,zgrubić
round about,w pobliżu
round and round,w kółko
round down,zaokrąglij w dół
round in,zaokrąglij
round of applause,owacje
round off,zaokrąglij
round on,obrócić się
round out,uzupełnić
round the bend,za zakrętem
round the clock,całodobowo
round the Horn,około przylądka Horn
round the twist,obłąkany
round the wicket,wokół bramki
round to,zaokrąglij do
round up,zaokrąglij w górę
round upon,wokół
roving eye,wędrujące oko
row back,cofnąć się
row in the same boat,w tej samej łodzi
row of pins,rzęd boleców
row up,wiosłować
royal bumps,królewskie wypustki
rub along,iść dalej
rub away,zacierać
rub down,masować
rub elbows,móc się przywitać
rub in,wtrzeć
rub it in,podkradać
rub off,ocierać się
rub off on,przenosić się na
rub one off,otrzeć
rub one out,masować
rub one's hands together,trzeć dłonie
rub oneself off,pocierać się
rub out,wymazać
rub salt in someone's wounds,dolać oliwy do ognia
rub salt in the wound,dolać oliwy do ognia
rub shoulders,trzymać się blisko
rub shoulders with,móc się z kimś spotkać
rub someone the wrong way,obrazić komuś
rub the fear of God into,wstraszyć
rub up,pocierać
rub up against,trzeć się o
rub up on,otrzeć się o
rub up the wrong way,denerwować
rubber hose,szlauch
rubber johnny,gumowa lalka
rubber room,pokój z gumowymi ścianami
rubber up,nakładać krem
ruby slippers,czerwone pantofle
ruck up,zbierać się
rue the day,żałować dnia
ruffle someone's feathers,denerwować kogoś
ruffle up,rozczochrać
rug up,przytulić się
rule in,wprowadzić
rule of cool,zasada fajności
rule of thumb,zasada ogólna
rule off,wyłączyć
rule OK,reguła OK
rule on,zastosować
rule out,wykluczyć
rule the day,panować
rule the roost,panować
rule the school,rządzić szkołą
rules are made to be broken,Zasady są po to, żeby je łamać
rules are meant to be broken,Zasady są po to, żeby je łamać
rules are rules,zasady są zasadami
rules are there to be broken,zasady są po to, żeby je łamać
rules is rules,zasady są zasadami
rumble on,trwać dalej
rumor campaign,kampania plotek
rumor has it,mówi się że
rumor mill,plotki
rumour has it,mówi się że
rump and stump,odbyt i pień
rumple up,pomarszczyć
run a mile,biec milę
run a risk,ponieść ryzyko
run a temperature,mieć gorączkę
run about,biegać
run about with,biegać z
run across,natknąć się na
run afoul of,narazić się na
run after,biegać za
run against,kandydować przeciwko
run ahead,biec do przodu
run along,biegnij dalej
run amok,biegać bez kontroli
run and gun,atak i ucieczka
run around,biegać
run around after,biegać za
run around in circles,biegać w kółko
run around with,biegać z
run at,biegać z
run at the mouth,gadać nieustannie
run away,uciec
run away from,uciekać od
run away together,uciec razem
run away with,uciec z
run back,biec do tyłu
run before,bieg przed
run behind,biec za
run by,prowadzony przez
run down,zużyty
run down the clock,marnować czas
run for it,biegnij do tego
run for one's life,biec o życie
run for one's money,walczyć o swoje
run for the hills,biec do lasu
run for the roses,walczyć o zwycięstwo
run high,być wysoki
run hot and cold,być zmiennym
run in,biegać w
run in the family,przekazywane z pokolenia na pokolenie
run in with,zderzenie
run into,natknąć się na
run into a brick wall,natrafić na mur
run into one,spotkać się z kimś
run into the ground,wyczerpać
run it up,podnieś
run its course,przebyć cały cykl
run late,spóźnić się
run like hell,biec jak szalony
run of play,ciąg akcji
run off,uciec
run off at the mouth,gadać bez końca
run off on,uciec
run off with,uciec z
run on,działać
run on empty,pracować na wyczerpaniu
run one on,przeprowadzić test
run one's name,kandydować
run out,wyczerpać się
run out of steam,wyczerpać się
run out of town,wygnanie z miasta
run out on,opuścić
run out the clock,wykorzystać czas
run over,przejechać
run past,biegnąć obok
run rampant,rozprzestrzeniać się bez kontroli
run rings around,przewyższać
run riot,wybuchać
run round in circles,biegać w kółko
run scared,biec w panice
run someone off their feet,wyczerpać kogoś
run someone ragged,wykończyć kogoś
run someone's file,sprawdzić dokumenty kogoś
run something up the flagpole,przedstawić coś do rozważenia
run the clock down,odliczać czas
run the gamut,przejść cały zakres
run the gauntlet,przejść przez trudności
run the rule over,przeanalizować
run the show,kierować
run through,przejść przez
run through the garden,biegać po ogrodzie
run to,biec do
run to earth,wyczerpać się
run up,bieg w górę
run up against,natrafić na
run up in,wbiec
run up in it,wpaść w to
run up on,nadbiec
run wild,biegać bez kontroli
run with,biegać z
run with scissors,biegać z nożyczkami
runners and riders,biegnący i jadący
running and racing,bieganie i wyścigi
running start,początek
running target,ruchomy cel
runt of the litter,najmniejszy z miotu
rush hour,godzina szczytu
rush in,wbiegać
rush off,pobiec
rush one's fences,budować ogrodzenie
rush out,wybiec
rush to judgement,pochopne osądzenie
Russian roulette,Rosyjski rulet
rust off,rdza
rust out,rdzewieć
rust through,rdzewieć
rustle up,zebrać
sac up,zbierz się w sobie
sack drill,ćwiczenie z workiem
sack of crap,śmieć
sack off,zwolnić
sack out,iść spać
sack up,zbierz się w garść
sacked out,wykończony
sacred cow,święta krowa
sad drunk,smutny pijany
sad panda,smutny panda
sadden up,smutnić
saddle tramp,wędrowiec na koniu
saddle up,wsiąść do siodła
saddle with,obarczać
safe and sound,cały i zdrowy
safe in the knowledge,pewny, że
safety in numbers,bezpieczeństwo w grupie
sag bag,torba
sag off,odłożyć
sage on a stage,mądry człowiek na scenie
sage on the stage,mądry nauczyciel
said and done,powiadano i zrobiono
said no one ever,nikt nigdy nie powiedział
said the actress to the bishop,powiedziała aktorka do biskupa
said the bishop to the actress,powiedział biskup aktorce
said the thing,powiedział coś
sail the high seas,płynąć po otwartym morzu
sail the Red Sea,płynąć po Morzu Czerwonym
sail through,przejść bez problemów
sail under false colors,płynąć pod fałszywą banderą
salaam alaikum,pokój z wami
salad days,młodość
salad year,rok sałaty
salami slicing,krojenie salami
sally forth,wyruszyć
salt away,odłożyć na bok
salt down,zasalać
salt in the wound,dodać jeszcze więcej bólu
salt of the earth,sól ziemi
salt out,wypłukać
salt the earth,zasolić ziemię
salt up,doprawić solą
salty tooth,ochota na słone
same boat,w tej samej sytuacji
same difference,to samo, tylko inaczej
same here,to samo tutaj
same old,stare jak zwykle
same old story,ta sama stara historia
same same but different,takie samo ale inne
same to you,tobie też
san fairy ann,święta klaudia
sand down,szlifować
sand off,szlifować
saner heads prevail,rozsądek zwycięża
saner heads prevailed,Rozsądek zwyciężył
saner heads will prevail,Rozsądek zwycięży
sans nombre,niezliczone
Santa's workshop,Warsztat Świętego Mikołaja
satanic panic,panika satanistyczna
Satyameva Jayate,Prawda zwycięży
sauce for the goose,zasada wzajemności
sauce up,doprawić
saute up,podsmażyć
sauté up,podsmażyć
save as,zapisz jako
save back,zapisz jako kopię zapasową
save by the bell,uratowany w ostatniej chwili
save down,zapisz
save face,zachować twarz
save for,oszczędzać dla
save for a rainy day,odłożyć na czarną godzinę
save it,zapisz to
save one's breath,oszczędzać sił
save over,nadpisz
save someone's face,uratować komuś honor
save someone's life,uratować komuś życie
save something for a rainy day,odłożyć coś na czarną godzinę
save that,zapisz to
save the best for last,zostaw najlepsze na koniec
save the day,uratć sytuację
save the drama for your mama,Oszczędzaj dramaty dla swojej mamy
save the drama for your momma,Oszczędzaj dramaty dla swojej mamy
save the furniture,uratować meble
save up,oszczędzać
saved by the bell,uratowany przez dzwonek
savor of,smak
savour of,smak
saw logs,belki
saw off,odcinać
saw wood,drewno do cięcia
sawdust trail,ścieżka z trocin
say again,powiedz jeszcze raz
say cheese,mów ser
say goodbye,żegnaj
say goodbye to something,żegnać się z czymś
say grace,mówić modlitwę dziękczynną
say hello to my little friend,Pozdrowienia dla mojego małego przyjacie…
say it ain't so,powiedz, że to nieprawda
say it all,powiedz wszystko
say la vee,powiedz mi
say less,mów mniej
say no more,nie mów więcej
say none,powiedzieć nic
say nothing,nie mów nic
say on pay,płatność za usługę
say one's prayers,mówić modlitwę
say someone's prayers,mówić modlitwę
say that again,powiedz to jeszcze raz
say the quiet part loud,mów głośno to, o czym się nie mówi
say the word,powiedz słowo
say to oneself,mówić do siebie
say uncle,mówić wujkowi
say what,powiedz co
say what you like,mów co chcesz
say what you want,powiedz co chcesz
say what you will,mów co chcesz
say when,powiedz kiedy
says me,mówię
says who,kto to mówi
says you,mówisz że
scalding hot,parząco gorący
scale back,zmniejszyć
scale down,zmniejszyć
scale in,skala
scale off,łuszczyć się
scale out,skalowanie w poziomie
scale up,zwiększyć skalę
scales fall from someone's eyes,otworzyć oczy
scantily clad,Niedopasowanie
scare away,przestraszyć
scare into,przestraszyć
scare off,odstraszyć
scare someone to death,przerazić kogoś na śmierć
scare story,straszna historia
scare straight,naprawić
scare the life out of,przerażać do szpiku kości
scare the living daylights out of,przerażać do szaleństwa
scare the pants off,przerazić do szaleństwa
scare up,przerażać
scared green,zielony ze strachu
scared shitless,przerażony do szaleństwa
scared to death,przerażony na śmierć
scarf and barf,szalik i wymioty
scarf down,zjeść szybko
scarf up,zawijać
scent out,wyczuć
schizz out,wyjechać
schmaltz up,przekazywać w przesadnie emocjonalny spo…
scholar and gentleman,uczony i dżentelmen
school of hard knocks,szkoła życia
schoolboy error,błąd początkującego
Schrödinger's douchebag,Kociak Schrödingera
science up,nauka
scientia potentia est,nauka jest potęgą
scoff down,obijać
scoff up,wypluwać
scooch over,przesuń się
scoop in,łyżka
scoop up,zbierać
scoot over,przesuń się
scoot up,przyspiesz
scope in,zakres
scope out,rozpoznawać
scorch up,spalić
score off,odrzucić
score on oneself,ocenić siebie
score out,wykreślić
score through,przebić
score up,podnieść wynik
scot and lot,szkocja i działka
Scotch mist,szkocka mgła
scour down,szorować
scour out,oczyszczać
scour up,szukać
scout out,rozpoznawać
scramble up,wspinac się
scrape along,przetrwać
scrape by,przetrwać
scrape down,skrobać
scrape off,zeskrobać
scrape someone off the ceiling,zderzyć kogoś z sufitem
scrape the bottom of the barrel,dotykać dna
scrape through,przetrzeć
scrape together,zebrać
scrape up,zebrać
scratch an itch,zaczyć swędzenie
scratch beneath the surface,zagłębić się w temat
scratch by,dzięki
scratch one's head,zacząć drapać się po głowie
scratch one's own itch,zaspokoić własną ciekawość
scratch out,wykresl
scratch that,odpuść to
scratch the itch,ucieszyć
scratch the surface,dotknąć powierzchni
scratch together,zebrać
scratch up,drapać
scrawl down,pisać niedbale
scrawl off,wymazać
scrawl out,pisać niezgrabnie
scrawl up,pisać niedbale
scream bloody murder,krzyczeć jak opętany
scream for,krzyczeć o
scream loudest,krzyczeć najgłośniej
scream one's head off,krzyczeć jak opętany
screaming trots,krzykliwe galopy
screech out,wydawać dźwięk
screen door on a submarine,drzwi z siatką w okręcie podwodnym
screen in,ekran
screen off,wyłącz ekran
screen out,odrzucać
screw about,zastanawiać się nad
screw around,bawić się
screw back,dokręcić
screw it,nie przejmuję się
screw off,wypadaj
screw over,oszukać
screw the pooch,zepsuć wszystko
screw this,dość tego
screw this for a lark,zaraz to zrobimy dla zabawy
screw up,zepsuć
screw with,psuć
screw you,idź się pierdol
screwed up,zepsułem
scribble down,zapisywać
Scrimblo Bimblo,Nieznane słowo
scrimp and save,oszczędzać
scrimp together,zbierać po trochu
script out,zapisz
scrounge down,zbierać
scrounge out,wydobyć
scrounge up,zbierać
scrub down,oczyszczać
scrub in,przygotować się do operacji
scrub out,wyszorować
scrub up,umyć się
scrum up,zbierać się w kupę
scrump up,zgnieść
scrunch up,zmarszczyć
scuff up,zadrapać
scum of the earth,szumowiny
scummy mummy,brudna mama
scurry away,uciec
scuzz up,brudzić
scythe down,odcinać
sea change,zmiana
sea legs,morskie nogi
sea load,ładunek morski
seagull approach,podejście mewy
seagull manager,nadzorca mew
seal in,uszczelnić
seal off,zamknąć
seal the deal,sfinalizować umowę
seal up,uszczelnić
search for,wyszukiwać
search me,sprawdź mnie
search out,szukać
search up,wyszukaj
season's greetings,wesołych świąt
seat down,siadaj
seat out,usadzić
second banana,druga osoba w hierarchii
second childhood,drugie dzieciństwo
second fiddle,drugi plan
second gear,drugi bieg
second nature,druga natura
second string,rezerwa
second to none,nie do pobicia
second Tuesday of the week,drugi wtorek tygodnia
secretary spread,rozpiska
security by obscurity,bezpieczeństwo oparte na ukryciu
security through obscurity,bezpieczeństwo oparte na ukryciu
see a man,widzieć mężczyznę
see a man about a dog,Widzę mężczyznę w sprawie psa
see a man about a horse,spotkać się z mężczyzną w sprawie konia
see about,sprawdzić
see after,zobaczyć później
see also,zobacz też
see an argument,obejrzeć kłótnię
see beyond,widzieć dalej
see daylight,widzieć światło dnia
see eye to eye,być tego samego zdania
see for oneself,zobaczyć samemu
see how,zobacz jak
see if I care,ktoś musi się tym zająć
see in,widzieć w
see into,wglądać w
see into a millstone,spojrzeć w kamień mielny
see Naples and die,widzieć Neapol i umrzeć
see off,odwozić
see one's way clear to,widzieć możliwość
see oneself out,wychodzić samemu
see out,oglądać
see over,widzieć z góry
see past,widzieć przeszłość
see red,czerwienieć
see someone's etchings,oglądać grawiury kogoś
see something green in one's eye,widzieć coś zielonego w oku
see stars,widzieć gwiazdy
see the forest for the trees,widzieć las a nie drzewa
see the light,zobaczyć światło
see the light of day,widzieć światło dnia
see the trees through the forest,widzieć lasy za drzewami
see the wood for the trees,widzieć las za drzewami
see things,widzieć rzeczy
see through,przeniknąć
see to,zająć się
see to it,zadbaj o to
see what sticks,sprawdzić co się przyjmie
see which way the cat jumps,zobaczyć jak zareaguje
see with half an eye,patrzeć na to pobieżnie
see yellow,widzieć żółty
see you,do zobaczenia
see you around,do zobaczenia
see you in hell,do zobaczenia w piekle
see you later,do zobaczenia
see you next Tuesday,do zobaczenia w przyszły wtorek
see you round,do zobaczenia
see you tomorrow,do zobaczenia jutro
see you when I see you,do zobaczenia
seed down,siać
seeing as,ponieważ
seeing is believing,wierzyć trzeba zobaczyć
seeing that,widząc że
seek and ye shall find,szukaj i znajdziesz
seek for,szukać
seek out,szukać
seismic shift,sejsmiczna zmiana
seize on,wykorzystać
seize out,wyciągnąć
seize the day,chwytaj dzień
seize the opportunity,wykorzystaj okazję
seize up,zaciąć się
seize upon,wykorzystać
select out,wybierz
selectively mute,wyciszać selektywnie
self-check out,samoobsługa
self-praise is no recommendation,chwalenie się nie jest rekomendacją
sell away,sprzedaj
sell bargains,okazje sprzedażowe
sell dearly,sprzedawać drogo
sell down,sprzedawać
sell down the river,sprzedać za bezcen
sell ice to Eskimos,sprzedawać lód Eskimosom
sell in May,sprzedaj w maju
sell in May and go away,sprzedaj w maju i wyjedź
sell in May and stay away,sprzedaj w maju i trzymaj się z daleka
sell in May then go away,sprzedaj w maju a potem wyjedź
sell like hot cakes,schodzi jak świeże bułeczki
sell off,sprzedać
sell on,sprzedawać
sell one's body,sprzedawać swoje ciało
sell one's life dearly,drogo sprzedawać życie
sell one's own grandmother,sprzedać własną babcię
sell one's soul,sprzedać duszę
sell oneself short,niedoceniać się
sell out,wyprzedać
sell out from under,oszukać
sell someone a bill of goods,oszukać kogoś
sell the family silver,sprzedać rodzinne srebra
sell the pass,sprzedaj bilet
sell up,sprzedać wszystko
sell-by date,data ważności
seller's market,rynek sprzedawcy
selling point,zaleta
semper fi,zawsze wierny
Semper Gumby,Zawsze Gumby
semper idem,zawsze to samo
semper ubi sub ubi,zawsze gdzie pod gdzie
send a message,wyślij wiadomość
send around,rozdawać
send away,wysłać
send away for,zamówić przez internet
send back,wyślij z powrotem
send below,wyślij poniżej
send down,wysłać w dół
send down for,wysłać w dół
send for,wysłać po
send for a toss,wrzuć monetę
send forth,wysyłać
send in,wysłać
send off,wysłać
send on,wyślij dalej
send out,wysłać
send out for,zamówić
send shivers down someone's spine,wywoływać dreszcze
send someone packing,wysłać kogoś precz
send someone to the showers,wysłać kogoś pod prysznic
send to Coventry,odizolować
send to dorse,wyślij do dorse
send to the glue factory,do fabryki kleju
send up,wysłać w górę
send word,wyślij wiadomość
sense of craft,zmysł rzemieślniczy
sensu lato,w szerokim znaczeniu
sensu stricto,w ścisłym znaczeniu
separate out,oddzielić
separate the wheat from the chaff,oddzielić ziarno od plew
sequential analysis,analiza sekwencyjna
sequential reaction,reakcja sekwencyjna
servabo fidem,zachowam wierność
serve notice,wysłać powiadomienie
serve out,serwować
serve somebody right,zasłużyć się na coś
serve someone right,zasłużyć się na coś
serve the turn,odbyć zmianę
serve time,odsiadywać wyrok
serve two masters,służyć dwóm panom
serve up,serwować
set a spell,zamknąć na pewien czas
set aback,zaskoczyć
set about,zająć się
set after,po
set against,w kontraście do
set ahead,ustawić do przodu
set apart,odróżnić
set aside,odłożyć
set back,opóźnienie
set by,ustalony przez
set by the ears,zdezorientowany
set down,położyć
set eyes on,zobaczyć
set eyes on somebody,zobaczyć kogoś
set eyes on something,zobaczyć coś
set foot,postawić nogę
set for life,zabezpieczony na całe życie
set forth,przedstawić
set in,ustawiony w
set in motion,uruchomić
set in one's ways,uprty
set in stone,wyryte w kamieniu
set of pipes,zestaw rur
set of wheels,zestaw kół
set off,wyruszyć
set on,ustawiony na
set one's cap at,wyznaczyć cel
set one's hair on fire,podpalić włosy
set one's heart on,zapałać do
set one's shoulder to the wheel,wziąć się do pracy
set one's sights on,celować w
set one's watch back,cofnąć zegarek
set one's watch by someone,ustawiać zegarek po kimś
set onto,położyć na
set out,wyruszyć
set out one's stall,prezentować się
set over,ustawiony nad
set pulses racing,pobudzać emocje
set store by,cenić sobie
set straight,wyjaśnić
set the bar,ustalać standard
set the pace,wyznaczać tempo
set the record straight,wyjaśnić prawdę
set the scene,ustawiać scenę
set the scene for something,przygotować grunt pod coś
set the stage,przygotować scenę
set the Thames on fire,podpalić Tamizę
set the wheels in motion,doprowadzić do działania
set the world on fire,podpalić świat
set to,ustawiony na
set to work,zacząć pracę
set up,ustawić
set up one's staff,zatrudnić personel
set up shop,założyć firmę
set up to oneself,ustawić sobie
set upon,zaatakował
set with,zestaw z
settle a score,sprawiedliwość
settle down,usiedzieć spokojnie
settle for,zadowolić się
settle in,zaosiedlić się
settle into,osiedlić się
settle on,decydować się na
settle one's account,rozliczyć się
settle someone's hash,załatwić sprawę
settle up,rozliczyć się
settle upon,osiedlić się na
settle with,rozliczyć się z
seven come eleven,siedem plus jeden to jedenaście
seven out,siedem na zewnątrz
sew buttons,przyszywać guziki
sew up,zszyć
sex in,w
sex machine,maszyna do seksu
sex on legs,seks na nogach
sex pact,umowa seksualna
sex sells,seks sprzedaje
sex talk,rozmowa o seksie
sex up,podkręcić
sexual congress,akt seksualny
sexual relation,relacja seksualna
sexual relations,relacje seksualne
sexual tension,napięcie seksualne
sexually anorexic,seksualnie anorektyczny
sexually mature,późno dojrzewający
sexy up,podkręcić
Shabbat shalom,Szabat szalom
shack up,zamieszkać razem
shacked up,żyją razem
shade up,zaciemnić
shadow of one's former self,cień dawnego siebie
shagging wagon,wóz do transportu owiec
shake a leg,rusz się
shake a stick at,machnąć kijem
shake and bake,mieszaj i piecz
shake down,wstrząsnąć
shake it up,wymieszaj
shake like a leaf,drżeć jak osika
shake off,strząsnąć
shake on it,podanie ręki
shake out,wstrząsnąć
shake over,wstrząs
shake the pagoda tree,potrząsnąć drzewem pagodą
shake the plum tree,potrząsnąć śliwką
shake together,wymieszać
shake up,wstrząsnąć
shallow brooks are noisy,Płytkie strumienie są głośne
sham Abraham,oszukać Abrahama
shame on me,hańba mnie spotkała
shame on you,hańba
shame upon me,hańba mnie spotkała
shanks' mare,koń Shanka
shanks' nag,koń Shanksa
shanks' pony,koń Shanksa
shape for,kształt dla
shape or form,kształt
shape up,nabierać formy
shape up or ship out,zacznij się pilnować albo odejdź
share and share alike,dzielić się i dzielić wszystkim
share in,udzielać się
share out,podzielić się
share up,podziel się
shared joy is double joy,Radość dzielona jest radością podwójną
shared sorrow is half sorrow,Wspólny smutek to połowa smutku
sharing is caring,dzielenie się to troska
shark bait,żywność dla rekinów
shark up,atakować
sharp cookie,kruche ciasteczko
sharp elbows,łokcie
sharp tongue,ostry język
sharpen up,wyostrzyć
shatter the ice,rozbić lód
shave down,ogolić
shave off,ogolić
shave up,ogolić się
shavua tov,szabat szalom
she'll be apples,ona będzie wspaniała
she'll be right,wszystko będzie w porządku
she's apples,ona jest jabłkiem
she's the cat's mother,ona jest najważniejsza
sheathe the sword,osłonić miecz
shed a tear,popłakać się
shed blood,pról krwi
shed find,szukać znaleźć
shed light on something,rzucić światło na coś
shed light upon,rzucają światło na
shed out,wylewać
shell out,wydać pieniądze
shew forth,objawić
shift about,przesuwać
shift and drift,przesunięcie i dryf
shift gears,zmienić bieg
shift in,zmiana
shift off,wyłączyć
shift out,wyjść na zmianę
shift the dial,przekręcić pokrętło
shilly and shally,wątpić
shimmy on down,potrząsać się w dół
shin out,wyłaniać się
shine down on,świecić na
shine down upon,świecić na
shine off,odbijać
shine on,świeć
shine through,przebijać się
shine up,nabłyszczyć
shingle up,pokrywać gontem
ship and let ship,statek i pozwól statkowi
ship out,wysłać
ship over,dostarczyć
shirtsleeves to shirtsleeves in three generations,od ubogich do ubogich w trzy pokolenia
shit a brick,zdziwić się do potęgi n
shit happens,czasem tak się zdarza
shit in someone's cereal,wylać komuś do płatków
shit in someone's Cheerios,psuć komuś humor
shit in someone's cornflakes,psuć komuś humor
shit it in,Wsadź to do środka
shit just got real,teraz się zaczyna
shit off,wyłącz
shit on,psuć
shit on toast,gówno na toście
shit one's pants,zafałszować
shit or get off the can,wyprowadź się albo się zmień
shit or get off the pot,decyduj się
shit out,wykakać
shit out of luck,mieć pecha
shit rolls downhill,gówno toczy się pod górę
shit sandwich,kanapkawymioczinach
shit stain,plama od kupy
shit sticks,patyki do mieszania gówna
shit the bed,zrobić kupę do łóżka
shit up,zablokować
shit upon,odchody
shit with,problemy z
shit-eating grin,szczerbiony uśmiech
shitting match,żonglerka odchodami
Shitty Kitty,Głupia kotka
shiver me timbers,Ojejku
shock to the system,szok dla organizmu
shoe up,zjawić się
shome mishtake shurely,Pewnie jakiś błąd
shoo away,odganiać
shoo off,odganiać
shoot 'em up,strzelanka
shoot around,strzelać
shoot back,odpalić
shoot down,strącić
shoot first and ask questions later,strzelać najpierw a potem pytać
shoot from the lip,mówić bez zastanowienia
shoot holes,robić dziury
shoot it out,strzelać
shoot off,odpalić
shoot off at the mouth,gadać bez opamiętania
shoot one's bolt,wyczerpać zasoby
shoot one's load,wylać się
shoot oneself in the foot,strzelić sobie w stopę
shoot out,strzelać
shoot the boots,zdjąć buty
shoot the breeze,pogawędzać
shoot the bull,gadać bez sensu
shoot the gold,strzelać do złota
shoot the messenger,karać posłańca
shoot through,przebić się przez
shoot up,wstrzykiwać
shop around,rozkładać na czynniki pierwsze
shore up,wzmacniać
short accounts make long friends,Krótkie rozmowy rodzą długie przyjaźnie
short down,skróć
short end of the stick,gorszy los
short for,skrót
short fuse,krótki zapalnik
short hairs,krótkie włosy
short leash,krótka smycz
short of,niedobór
short of a length,krótszy od długości
short on looks,niewładny
short out,zwarcie
short reckonings make long friends,Krótkie rozliczenia rodzą długie przyjaź…
short strokes,krótkie pociągnięcia
short temper,zły charakter
shorten down,skrócić
shorten up,skróć
shot across the bow,strzał w stronę burty
shot heard 'round the world,strzał, który obiegł świat
shot heard round the world,strzał, który obiegł świat
shot in the dark,strzał w ciemno
shotgun approach,metoda prób i błędów
shotgun wedding,ślub zmuszony
shots fired,odpalono
should see the other guy,powinieneś zobaczyć drugiego człowieka
should've would've could've,powinien byłby mógłby
shoulder to cry on,miejsce do popłakania się
shoulder to shoulder,obok siebie
shout down,wyciszyć
shout fire in a crowded theater,wywoływać alarm w zatłoczonym teatrze
shout out,podziękowania
shove about,popychać
shove around,popychać
shove down,wepchnąć
shove it up your ass,Wsadź to sobie w dupę
shove off,wypadaj
shove on,działać dalej
shove over,odsuń się
shove something down someone's throat,wpychać coś komuś do gardła
shove up,wepchnąć
shovel out,wykopać
shovel up,odsypać
show a clean pair of heels,uciekać
show a leg,pokaż nogę
show ankle,pokazać kostkę
show around,pokazywać
show away,pokazać
show colour,pokazać kolor
show don't tell,pokaż nie mów
show down,konfrontacja
show forth,pokazywać
show in,pokaż w
show off,chwalić się
show one's ass,pokazać swój tyłek
show one's butt,pokazać pośladki
show one's cards,pokazać swoje karty
show one's teeth,pokazywać zęby
show one's true colors,pokazać swoją prawdziwą twarz
show one's true stripes,pokazać swoją prawdziwą twarz
show out,pokazać się
show pony,koń wystawowy
show round,prezentacja
show someone a good time,dobrze się bawić
show someone a thing or two,pokazać komuś coś
show someone one's etchings,pokazać komuś swoje grawiury
show someone the door,wyprowadzić kogoś
show the flag,pokaż flagę
show up,pojawić się
show who's boss,pokazać kto tu rządzi
shower down,spadający deszcz
shower of shit,deszcz gnoju
shower of shite,lawina bzdur
shower thought,przemyślenie
shower up,wziąć prysznic
shower with,pod prysznicem z
shrimp up,zmniejszyć
shrink away,cofać się
shrink back,cofnąć się
shrink down,kurczyć się
shrink up,kurczyć się
shrinking violet,nieśmiała osoba
shrivel up,zwiędnąć
shrub out,przyciąć krzewy
shrub up,podrasować
shrug off,odrzucić
shuck down,zdejmij
shuck off,zrzucać
shucky ducky,nie wiem
shuffle off,odchodzić
shuffle off this mortal coil,opuścić to ziemskie ciało
shurely shome mishtake,z pewnością jakiś błąd
shut away,zamknąć
shut down,zamknąć
shut in,zamknąć w środku
shut it,zamknij się
shut my mouth,zamknij mi usta
shut of,wyłącz
shut off,wyłącz
shut one's eyes,zamknąć oczy
shut one's face,zamknąć usta
shut one's gob,zamknij usta
shut one's mouth,zamknąć usta
shut one's trap,zamknij się
shut out,wykluczyć
shut the fridge,zamknij lodówkę
shut the front door,Nie wierzę
shut up,zamknij się
shut up and take my money,Zamknij się i weź moje pieniądze
shy away,unikać
shy away from,unikać
shy bairns get noot,Nieśmiałe dzieci nie dostają niczego
shy bairns get nowt,Nieśmiałe dzieci nic nie dostają
shy bladder,niepokojny pęcherz
sic passim,w wielu miejscach
sic pro,tak za
sic semper tyrannis,tak zawsze tyraniom
sick and tired,zmęczony
sick as a parrot,bardzo chory
sick at heart,zbolały
sick list,lista nieobecności
sick man,chory człowiek
sick person,chory człowiek
sick puppy,chory szczeniak
sick to the back teeth,źle
sick up,wymiotować
sickly sweet,słodko mdlący
side against,przeciwko
side issue,poboczna sprawa
side out,zewnętrzna strona
side part,rozstanie
side with,stać po stronie
sides reversed is,strony odwrócone
sieve out,odsiewać
sift out,odsiewać
sift through,przesiewać
sig. fig.,liczby znaczące
sigh of relief,westchnienie ulgi
sight for sore eyes,radosny widok
sight in,wgląd
sight to behold,wspaniały widok
sight unseen,bez oględzin
sign away,podpisać
sign in,zaloguj się
sign into,zaloguj się
sign of the times,znak czasów
sign off,podpisać
sign on,podpisz się
sign on the dotted line,podpisać
sign onto,zapisywać się
sign out,wylogować się
sign over,przekazać
sign up,zarejestruj się
silence is consent,milczenie oznacza zgodę
silence is golden,milczenie jest złotem
silence is oppression,cisza to uciszenie
silence is violence,milczenie to przemoc
silent as the grave,cichy jak grób
silent killer,cichy zabójca
silky smooth,gładki jak jedwab
silly me,głupia ja
silly money,grosze
silly season,sezon głupot
silt up,zatykać
silver handshake,srebrne uściski
silver plate,srebrna blacha
silver screen,ekran
silver sheet,srebrna blacha
silver spoon,srebrna łyżeczka
silver tongue,srebrny język
simmer down,Uspokój się
simmer up,dusić
Simon says,Simon mówi
simper out,uśmiechać się fałszywie
simple as a pimple,prosty jak pryszcz
simple as kiss your hand,proste jak pocałunek w rękę
simplicity itself,najprostsze z możliwych
simply connected,pojedynczo złączony
sin tax,podatek na grzechy
since Adam was a boy,od kiedy Adam był chłopcem
since Adam was an oakum boy,od kiedy Adam był pomocnikiem na statku
since God was a boy,od kiedy Bóg był chłopcem
since Hector was a pup,od kiedy Hector był szczeniakiem
since Skippy was a pup,od kiedy Skippy był szczeniakiem
sing a different tune,śpiewać inną melodię
sing along,śpiewać razem
sing for one's supper,pracować za jedzenie
sing from the same hymnbook,śpiewać z tej samej pieśni
sing like a bird,śpiewać jak ptak
sing off the same hymn sheet,mieć takie same poglądy
sing out,śpiewać
sing small,śpiewać cicho
sing soprano,sopran
sing the praises of,chwalić
sing the same tune,śpiewać tę samą melodię
sing up,zarejestrować się
singe one's wings,obrzydzić coś komuś
singing soprano,sopran
single and ready to mingle,wolny i gotowy na nowe znajomości
single as a Pringle,sam jak chips
single out,wyróżnić
single up,zarejestrować się
singly even,pojedynczo nawet
singuli in solidum,pojedynczo
sink in,wniknąć
sink into,zanurzyć się
sink of iniquity,źródło zła
sink one's teeth into something,załapać się na coś
sink or swim,tonąć lub pływać
sinking ship,tonący statek
siphon the python,odciągnąć pytona
siren song,pieśń syreny
sister from another mister,siostra z innej rodziny
sisters before misters,Siostry przed chłopakami
sit about,siedzieć
sit around,siedzieć bezczynnie
sit back,usiedź
sit by,siedzieć obok
sit down,siądź
sit for,siedzieć dla
sit in,siedzieć
sit in for,zastąpić
sit in on,uczestniczyć w
sit in with,uczestniczyć w
sit off,odpoczywać
sit on,siadać na
sit on a tack,siedzieć na gwoździu
sit on it,siądź na tym
sit on one's ass,leniuchować
sit on one's hands,siedzieć bezczynnie
sit on the fence,nie decydować się
sit one's ass down,siadaj
sit out,nie brać udziału
sit over,siedzieć nad
sit right,siadaj prosto
sit still,siedź spokojnie
sit through,wytrzymać
sit tight,czekaj spokojnie
sit under,siedzieć pod
sit up,siadaj
sit up with,czuwać przy
sit upon,siedzieć na
sit well,pasować
sit with,siedzieć z
sitting duck,łatwy cel
sitting pretty,w komfortowej sytuacji
six and two threes,sześć i dwa razy trzy
six feet deep,sześć stóp głębokości
six feet under,sześć stóp pod ziemią
six of the best,najlepsze z najlepszych
six ways to Sunday,bardzo długo
six-pack of rolls,paczka bułek
size down,zmniejszyć rozmiar
size matters,wielkość ma znaczenie
size queen,królowa rozmiarów
size up,ocenić
skank up,niegrzecznie
skate around,jeździć na deskorolce
skate by,przejechać obok
skate on,jeździć na deskorolce
skate on thin ice,ryzykować
skate one's lane,trzymać się swojej drogi
skate over,przejechać na deskorolce
skeeve out,budzić obrzydzenie
skeeze out,zrelaksować się
skeleton at the feast,szkielet na uczcie
skeleton crew,minimalna obsada
skeleton in the closet,sekret w rodzinie
skeleton in the cupboard,sekret w rodzinie
sketch out,naszkicować
ski-jump nose,czubek nart
skibidi Ohio rizz,Nieznane wyrażenie
skill up,podnoszenie kwalifikacji
skim off,zbierać wierzch
skim through,przeglądać
skimp and save,oszczędzać i być oszczędnym
skin and bones,skóra i kości
skin and grin,uśmiech i zęby
skin back,skóra z powrotem
skin in the game,ryzykować własnym kapitałem
skin trade,handel ludźmi
skin up,nakładać krem
skinny down,schudnąć
skinny Liz,chuda Liz
skinny Minnie,chudzielinka
skinny out,wychudzić
skinny up,schudnąć
skip a beat,przeskoczyć rytm
skip out,ominić
skip rope,skakanka
skirt around,ominić
skirt chaser,podrywaczka
skittle out,rozproszyć
skittles party,impreza z M&M's
skive off,odcinać
skunk at a garden party,tupiąc w ogrodzie
skunk up,zepsuć
skurry away,uciec
slack off,leniuchować
slack up,poluzować
slacken off,opuścić pracę
slag off,krytykować
slam back,uderzyć mocno
slam down,uderzyć mocno
slam dunk,wsad
slam out,uderzać mocno
slap and tickle,klepanie i drapanie
slap around,bić
slap down,odrzucić
slap leather,uderzać w skórę
slap someone around,dać komuś klapsa
slap the salami,klepnąć salceson
slap together,złożyć na szybko
slattern away,marnować
slave away,pracować jak niewolnik
slave to fashion,niewolnik mody
sleep a wink,nie spać w ogóle
sleep around,uprawiać seks bez zobowiązań
sleep camel,wielbłąd śpiący
sleep funny,śmieszny sen
sleep in,spać dłużej
sleep in heavenly peace,śpij w pokoju niebieskim
sleep in with,spać z
sleep it out,wypocząć
sleep off,wyleczyć się
sleep on,spać na
sleep one off,wyszaleć
sleep out,spać na zewnątrz
sleep over,nocować
sleep rough,życ na ulicy
sleep tight,śpij dobrze
sleep together,spać razem
sleep with,spać z
sleep with the fishes,spać z rybami
sleeping at the switch,nieczuwanie do obowiązku
sleeping giant,śpiący olbrzym
sleeping policeman,sygnalizator
sleeveless errand,bezrękawniczy wyjazd
sleeves from one's vest,rękawy od kamizelki
slender reed,cienka trzcina
slice and dice,kroić w kostkę
slice up,kroić
slick back,uczesać do tyłu
slick down,wygładzić
slick up,wyglądać schludnie
slide into the DMs,pisać prywatne wiadomości
slide off,zsuwać się
slim down,schudnąć
slime out,wypłynąć
sling about,rozrzucać
sling along,nosić
sling for,torba
sling in,rzucać
sling it in,wrzuć to
sling off,rzucać
sling one up,wlać sobie coś do piwa
sling one's hook,opuszczać miejsce
sling out,wyrzucać
sling over,rzucać przez ramię
sling to,rzucać
sling up,podnosić
slings and arrows,kłody pod nogi
slip away,uciekać
slip back,wrócić do poprzedniego stanu
slip by,przemknąć
slip down,zsuwać się
slip in,wślizgiwać się
slip into,wślizgiwać się
slip it to,podsuń to
slip of the keyboard,błąd klawiatury
slip of the pen,błąd pisarski
slip of the tongue,wpadka
slip off,zsunąć
slip one past,ominiąć
slip out,uciec
slip past,ominiąć
slip someone's mind,uciec komuś z głowy
slip the cable,przesunąć kabel
slip through,prześlizgiwać się
slip through the cracks,przeoczyć
slip under,wśliznąć się pod
slip up,potknąć się
slippery as an eel,ślizki jak węgorz
slit someone's throat,przeciąć gardło
slob about,mówić bez ogródek
slob around,leniuchować
slob out,wypłynąć
slog away,pracować ciężko
slop bowl,miska na jedzenie dla zwierząt
slop out,wylewać
slope off,spadać
sloppy toppy,niechlujny styl
slot in,otwór
slough off,odrzucać
slow and steady wins the race,Powolny i stały wygrywa wyścig
slow burn,powolne palenie
slow but sure wins the race,Powolny, ale wytrwały, wygrywa wyścig
slow down,zwalniaj
slow in,wolno
slow march,wolny marsz
slow off,zwalniać
slow off the mark,wolny na starcie
slow on the uptake,wolno się uczy
slow out,wolniej
slow study,powolna nauka
slow up,zwolnij
slowed and throwed,spowolniony i wyrzucony
slower than molasses,wolniejszy niż melasa
sludge out,wyciekać
slug away,odsuń się
slug it out,rozegrać do końca
slug out,wyczerpać
sluice out,wypuścić wodę
slump down,opadać
slur over,wymawiać niedbale
slurp up,chrupać
slush up,rozpuścić
slut it up,zamknij się
slut's wool,wełna dziewiczej owcy
smack around,bić
smack down,uderzyć
smack out,gasić
smack up,uściskać
small change,drobne
small dick energy,mała energia
small fry,małolata
small potatoes,małe rzeczy
small print,drobny druk
small rain lays great dust,mały deszcz podnosi dużo kurzu
small talk,małe pogadanki
small wonder,mało się dziwić
small world,mały świat
smart arse,gaduła
smart as a whip,inteligent jak wąż
smart chance,dobra szansa
smart off,wyłączaj się
smarten up,bądź mądrzejszy
smash and dash,atak i ucieczka
smash down,rozbić
smash hit,ogromny sukces
smash someone's face in,rozbić komuś twarz
smash someone's head,uderzyć kogoś w głowę
smash up,rozbić
smear campaign,kampania oszczerstw
smell a fox,czuć lisa
smell a rat,wyczuć coś niedobrze
smell blood,czuć krew
smell fishy,pachnie rybą
smell like a rose,pachnieć jak róża
smell like a tart's handbag,pachnie jak torebka prostytutki
smell of an oily rag,zapach starej szmaty
smell of the lamp,zapach lampy
smell of the shop,zapach sklepu
smell one's own farts,czuć własne wiatry
smell out,wywietrzyć
smell the barn,czuć zapach stajni
smell up,smierdzieć
smell what someone is stepping in,czuć co ktoś wdepnął
smells and bells,zapachy i dzwonki
smile a thousand smiles,uśmiechaj się tysiąc razy
smile from ear to ear,uśmiech od ucha do ucha
smite hip and thigh,uderzyć w biodro i udo
smoke around,dym wokół
smoke like a chimney,dymić jak komin
smoke my pole,pal mój kij
smoke one's own dope,palic własną trawę
smoke out,wywietrzyć
smoke signal,sygnał dymny
smoke the whole pack,wydymić cały paczkę
smoke up,palenie
smoke-filled room,pokój pełen dymu
smoking gun,niepodważalny dowód
smoking ponies,palące się kucyki
smooth away,wygładzać
smooth down,wygładzić
smooth operator,sprawca
smooth out,wygładzić
smooth over,łagodzić
smooth sailing,spokojna żegluga
smooth up,wygładzić
smuggle past,przemycić
snack down on,podgryzać
snaffle up,kupić szybko
snail's pace,w żółwim tempie
snake eyes,parzyste oczka
snake oil,olejek wężykowy
snake out,węża
snake up,węża
snap at,gryźć
snap at someone's heels,ścigać kogoś na piętach
snap back,czapka z daszkiem
snap in,wcisnąć
snap it up,kup to
snap judgment,ocena na podstawie pierwszego wrażenia
snap of the fingers,klaskanie w palce
snap out of,wyjść z
snap someone's head off,odciąć komuś głowę
snap to,przyciągnąć
snap to attention,stać do raportu
snap trap,pułapka sprężynowa
snap up,kupić szybko
snarl up,zakłócić
snatch the pebble,schwytać kamień
snazz up,uładnić
sneak around,podkradać się
sneak in,wśliznąć się
sneak out,uciekać potajemnie
sneak past,przemknąć obok
sneak up,podkradać się
sneaking suspicion,podejrzenia
sneaky beaky,podstępny przebiegły
sneaky Pete,podstępny Pete
sneck posset,Nieznane słowo
sneck up,wślizgiwać się
sneeze on the truth,kichać na prawdę
snick or snee,gryźć
sniff around,wąchać dookoła
sniff out,wywęszyć
sniff up,wciągać
snipe hunt,polowanie na kaczki
snitch up,podkradać
snitches get stitches,Donosiciele dostają w zęby
snod up,zaciągnąć się
snoop around,szpiegować
snootle around,grzebać
snooze off,drzemnąć
snork down,zjeść coś szybko
snort up,wciągnąć
snot up,zatyka nos
snow down,śnieg
snow in,w
snow job,oszustwo
snow on the mountaintop,śnieg na szczycie góry
snow on the rooftop,śnieg na dachu
snow out,śnieg
snow over,nad śniegiem
snow under,pod śniegiem
snow up,zasypać śniegiem
snowball effect,efekt kuli śnieżnej
snowball in hell,śnieżna kula w piekle
snowball's chance in hell,bardzo mało prawdopodobne
snowed under,przeciążony
snuff out,ugaś
snug as a bug,przytulny jak w kokonie
snug down,przytulić się
snuggle bunny,pluszowy królik
snuggle up,przytulić się
so and so,tak sobie
so as to,aby
so be it,niech będzie
so crazy it just might work,tak szalone że może się udać
so crazy it might just work,tak szalone że może się udać
so far,dotychczas
so far so bad,na razie wszystko źle
so far so good,na razie wszystko w porządku
so help me,pomóż mi
so help me Bob,Pomóż mi, Bob
so help me cat,pomóż mi, kotku
so help me God,Pomóż mi Boże
so help me tater,Pomóż mi, błagam
so help me tatur,pomóż mi
so help my tater,pomóż mojemu ziemniakowi
so help you God,Niech Bóg ci pomoże
so is life,takie jest życie
so it goes,tak się dzieje
so it seems,wydaje się
so long,do widzenia
so long as,o ile tylko
so mote it be,niech tak będzie
so much for,wielkie dzięki
so much the better,tym lepiej
so much the worse,tym gorzej
so much the worse for,tym gorzej dla
so much win,tyle wygranych
so there,więc tam
so they say,mówią tak
soak away,wchłonąć
soak in,móczyć się w
soak up,wchłaniać
soaked to the skin,moczyć do suchej nitki
soaking wet,mocno mokry
soap down,myć mydłem
soap off,zmywać
soap up,nawilżyć
sob story,smutna historia
sober down,uspokój się
sober up,trzeźwienie się
social death,społeczna śmierć
social ladder,drabina społeczna
social lubricant,smar społeczny
sock away,odłożyć
sock in,włożyć skarpetę
sock into,włożyć do skarpetki
sock it to,zdemolować
sod off,spadaj
sod this for a lark,zrób to dla zabawy
soda jerk,barman
soft kill,łagodne zabójstwo
soft Mick,miękki Mick
soft sawder,łagodny język
soft shoe,tupie
soft spot,słabość
soft touch,delikatny dotyk
soft underbelly,słabe miejsce
soften someone's cough,łagodzić kaszel
soften the blow,złagodzić uderzenie
soften the ground,rozluźnić glebę
soften up,złagodzić
sold again and got the money,sprzedano ponownie i otrzymano pieniądze
soldier on,trwać dalej
some mothers do have them,niektóre matki tak mają
some old,niektóre stare
some people,niektóre osoby
some people have all the luck,Niektórym ludziom po prostu wszystko się…
some pumpkins,niektóre dynie
some rights reserved,niektóre prawa zastrzeżone
somebody's in here,ktoś jest tutaj
somebody's right-hand man,druga osoba
somebody's right-hand woman,osoba, która jest prawą ręką kogoś
someone's arse off,do utraty sił
someone's ass off,do utraty sił
someone's butt off,pracować jak wół
someone's cup of tea,coś dla kogoś
someone's face doesn't fit,ktoś nie pasuje do otoczenia
someone's goose is cooked,ktoś jest w poważnych tarapatach
someone's headlights are on,Światła są włączone
someone's heart goes out,ktoś współczuje
someone's heart is in,serce jest w
someone's jaw dropped,Ktoś był oszołomiony
someone's luck is in,szczęście dopisuje komuś
someone's number is up,czas jego/jej
someone's star falls,gwiazda komuś gaśnie
something awful,coś strasznego
something is better than nothing,coś jest lepsze niż nic
something is rotten in Denmark,Coś jest nie tak w Danii
something is up,Coś się dzieje
something like,coś w rodzaju
something tells one,coś sugeruje
something to,coś do
something's up,Coś się dzieje
sometimes a cigar is a cigar,czasami cygara to tylko cygara
somewhere along the line,gdzieś po drodze
somewhere over the rainbow,gdzieś nad tęczowym mostem
son of Adam,syn Adama
son of the morning,syn świtu
song and dance,pieśń i taniec
sooner or later,wcześniej lub później
sop up,wchłaniać
sore boob means more boob,bolące piersi oznacza większe piersi
sore point,wrażliwy punkt
sorry I'm late,przepraszam za spóźnienie
sorry not sorry,nie przepraszam
sort oneself out,ogarnąć się
sort out,rozwiązać
sort through,przesortować
sound as a pound,brzmi jak funt
sound asleep,głęboki sen
sound mind,zdrowy rozsądek
sound off,zgłosić się
sound out,wymawiać
sounds about white,brzmi jak biały
sounds good,brzmi dobrze
sounds like a plan,brzmi jak plan
soup sandwich,kanapkabezupa
soup to nuts,od początku do końca
soup up,ulepszać
soup's on,Zupa jest gotowa
sour grapes,zazdrość
sour note,fałszywa nuta
sour on,zgorzkniały wobec
sour stomach,zgaga
sour tooth,ból zęba
sow dragon's teeth,siać zęby smoka
sow one's wild oats,żyć beztrosko
sow the seeds of,siać ziarno
soy out,soja
sp. nov.,sp. nowa
space case,spacja
space out,rozproszyć
spaghetti up,w górę
spank out,odbić
spank the monkey,uderzyć małpę
spank you,przepraszam
spank you very much,bardzo dziękuję
spanner in the works,klucz do sukcesu
spare no effort,nie oszczędzać wysiłków
spare someone the details,oszczędzić komuś szczegółów
spare someone's blushes,oszczędzić komuś wstydu
spark off,wywołać
spark out,zgasnąć
spark spread,rozprzestrzenianie się iskier
spark up,zapalić
sparkle up,rozświetl
sparks fly,iskry lecia
spaz out,oszaleć
spazz out,wpaść w panikę
speak down to,gadać z góry
speak for,mówić w imieniu
speak for oneself,mówić samo za siebie
speak in circles,mówić w kółko
speak of,mówić o
speak of the devil,no właśnie
speak one's mind,mówić otwarcie
speak out,wyrażać się
speak someone's language,mówić w języku kogoś
speak to,mówić do
speak up,głośniej
speak with a forked tongue,mówić w dwojaki sposób
spear carrier,noszący włócznię
spec out,określić specyfikację
spec up,określić wymagania
special delivery,dostawa specjalna
special military operation,specjalna operacja wojskowa
special needs,specjalne potrzeby
special relationship,specjalna relacja
special treatment,specjalne traktowanie
specialty crop,specjalna uprawa
spectator sport,sport widowiskowy
speed merchant,handlarz
speed up,przyspieszyć
Speedy Gonzales,Szybki Gonzales
spell it out,wyjaśnij to
spell off,wyeliminować
spell out,wyjaśnić
sperg out,wypluć
sperm donor,dawca nasienia
spew up,wymiatać
spice up,ulepszyć
spicy tooth,ostre zęby
spiff up,odświeżyć
spike up,wzrost
spill ink,wylać atrament
spill juice,wylać sok
spill one's guts,wywygadać wszystko
spill one's seed,rozlać nasienie
spill out,wylać się
spill over,przelewać się
spill the beans,wyjawić tajemnicę
spilt milk,przesypane mleko
spin a yarn,opowiadać historie
spin doctor,specjalista od PR
spin down,zwalniać
spin off,odgałęzienie
spin one's wheels,kręcić kołami
spin out,rozwinąć
spin round,kręcić się
spin someone's wheels,marnować czas
spin up,uruchomić
spiral out,rozwinąć się
spirit away,zabierać
spirit off,wyłącz
spit feathers,wykrzyknąć
spit fire,pluć ogniem
spit in the ocean,wylać coś do oceanu
spit in the wind,marnować czas
spit into the wind,pluć w wiatr
spit it out,wypluj to
spit nails,gwoździe
spit on,pluć na
spit out,wypluć
spit the dummy,wyżywać się
spit up,wymiocinąć
spitters are quitters,osoby, które narzekają, szybko się podda…
spitting distance,na odległość odpluciu
spitting image,kopię maliny
splash about,pluskać się
splash around,pluskać się
splash down,lądowanie na wodzie
splash out,wydawać pieniądze
splice the mainbrace,podnieść morale
splinter up,rozłupać
split hairs,czepiać się szczegółów
split off,odłączyć się
split on a rock,rozbił się o skałę
split one's sides,umierać ze śmiechu
split the baby,podzielić dziecko
split the breeze,podziel wiatr
split the difference,ugodzić się
split up,rozdzielić się
Spock ears,Uszy Spocka
spoil market,zakłócić rynek
spoil somebody rotten,rozpieszczać kogoś do przesady
spoil someone rotten,rozpieszczać kogoś do przesady
spoil the market,zalać rynek
spoiling for a fight,gotowi do walki
spoilt for choice,rozpieczony wyborem
sponge down,oczyszczać gąbką
sponge out,wycierać gąbką
sponge up,wchłaniać
spook out,przerażać
spool down,zwijanie
spool out,rozwinąć
spool up,nawijać
spoon bowl,miska
spoon out,nakładać łyżką
sport away,wyjazdowy mecz
spot check,sprawdzanie losowe
spot of bother,mały problem
spout off,gadać bez opamiętania
spout out,wypowiadać
spray and pray,strzelaj i modl się
spread one's legs,rozstawić nogi
spread one's wings,rozłożyć skrzydła
spread oneself thin,rozpraszać się
spread out,rozłożyć
spread the word,rozpowiedźcie
spring back,wracać do pierwotnego stanu
spring fever,gorączka wiosenna
spring for,kupić
spring has sprung,wiosna przyszła
spring in one's step,lekkość w kroku
spring out,wybijać się
spring to life,żyć
spring to mind,przypada do głowy
spring up,wyskakiwać
sprout up,wznieść się
spruce up,odświeżyć
sprucen up,upiększyć
sprunt up,naprawić
spunk off,odważny
spur of the moment,impulsywnie
spur on,pobudzać
sputter out,gaśnieć
spy on,podsłuchiwać
spy out,wywiadować
squad up,zbierzcie się
square around,wokół kwadratu
square away,ogarnąć
square meal,syty posiłek
square off,stawić się naprzeciwko
square on,kwadrat na
square one,od zera
square peg in a round hole,osoba niepasująca do otoczenia
square shooter,strzelec
square up,wyrównać
squash the beef,zażartować
squeak out,wydobyć
squeak through,przebrnąć przez
squeaky wheels get oiled,Kto się narzeka, ten dostaje pomoc
squeal on,donosić
squeeze in,wcisnąć się
squeeze into,wcisnąć się
squeeze off,odciąć
squeeze one out,wycisnąć
squeeze out,wycisnąć
squeeze under,wcisnąć pod
squeeze up,ściskać do góry
squig out,wycisnąć
squint like a bag of nails,mrugać jak szpak
squirrel around,grzebie
squirrel away,odłożyć na bok
squirrels in the attic,wiewiórki na poddaszu
stab in the back,zdrada
stab in the dark,zgadywanie na oślep
stab yourself and pass the dagger,pobij się i podaj nóż
stack off,rozładunek
stack the cards,układać karty
stack up,układać w stos
staff of life,chleb powszedni
staff out,personel
staff up,zwiększyć zatrudnienie
stage business,scenografia
stage of the game,etap gry
stage right,po prawej stronie sceny
stage-door Johnny,aktor drugoplanowy
Staggers and Naggers,Potykające się i obraźliwe słowa
staircase wit,schody z poręczą
stake a claim,złożyć roszczenie
stake out,zajmować
stalking horse,koń trojański
stall for time,zwlekać
stall out,zatrzymać się
stamp out,wyeliminować
stance up,wstać
stand a chance,mieć szansę
stand and deliver,stać i mówić
stand around,stać i obserwować
stand aside,ustąpić
stand back,oddal się
stand behind,stać za
stand between,stać pomiędzy
stand by,być gotowym
stand corrected,uznać, że się myliłem
stand down,odejść
stand fast,trzymaj się
stand fire,znosić ostrzał
stand firm,stać mocno
stand for,reprezentować
stand from under,wstać z pod
stand in,stać w
stand in for,zastąpić
stand in one's own light,stać sobie na drodze
stand in someone's shoes,wczuć się w sytuację kogoś
stand in the gap,stanąć w przebraniu
stand in the gate,stać przy bramie
stand off,konfrontacja
stand on,stać na
stand on ceremony,zachowywać się z ceremoniałem
stand on its own,być samodzielnym
stand on one's head,stać na głowie
stand on one's own two feet,stać na własnych nogach
stand on someone's shoulders,stać na czyichś barkach
stand on the shoulders of,stać na barkach
stand on the shoulders of giants,stać na barkach olbrzymów
stand one's ground,stać na swoim
stand out,wyróżniać się
stand over,stać nad
stand pat,nie zmieniać decyzji
stand shilly-shally,wahać się
stand tall,stać prosto
stand the test of time,przetrwać próbę czasu
stand to,stać do
stand to reason,być logicznym
stand together,stać razem
stand treat,zapłacić za wszystkich
stand trial,stanąć przed sądem
stand under,stać pod
stand up,wstać
stand up against,sprzeciwić się
stand up and be counted,stanąć i dać o sobie znać
stand up for,stawiać się za
stand up on one's hind legs,stać na tylnych łapach
stand up to,stawić czoła
stand up to one's lick log,stanąć do walki
stand up with,wstać z
stand upon,stać na
stand with,stać z
standard fare,standardowe jedzenie
standing room only,brak miejsc siedzących
stands to reason,ma sens
star in the east,gwiazda na wschodzie
star turn,gwiazda wieczoru
star up,rozpocząć
star vehicle,główna rola
stare down,patrzeć w oczy
stare out,wpatrywać się
stars align,gwiazdy są w sprzyjającej konfiguracji
Stars and Bars,Gwiazdki i paski
stars are aligned,gwiazdy są ustawione
stars in one's eyes,gwiazdki w oczach
start a family,założyć rodzinę
start a fresh hare,zacząć od nowa
start and park,start i park
start back,zaczynać od nowa
start back in,wróć do początku
start back on,wrócić do
start from scratch,zacząć od zera
start from where you are,zacznij od tego, gdzie jesteś
start in,zacząć w
start in on,zacząć coś robić
start into,zacząć
start off,zacząć
start on,zacząć
start on at,zacząć od
start out,zacząć
start over,zacząć od nowa
start up,rozpoczęcie działalności
start up on,rozpocząć
start with a clean sheet,zacząć od zera
start with a clean slate,zacząć od nowa
startle up,przerazić
starvin' Marvin,Głodny Marvin
starving artist,głodny artysta
stash away,odłożyć na bok
stat out,statystyka
state of affairs,sytuacja
statically scoped,statycznie zakresowane
statistical tie,remis statystyczny
stave in,wbić
stave off,odwlec
stay and play,zabawa i relaks
stay away,trzymaj się z daleka
stay back,trzymaj się z tyłu
stay behind,zostać w tyle
stay hungry,bądź głodny
stay in,zatrzymać się
stay in one's lane,trzymać się swojej roli
stay in touch,utrzymywać kontakt
stay on,pozostać
stay out,trzymaj się z dala
stay over,nocować
stay put,zostań na miejscu
stay the course,trzymać się planu
stay together,trzymaj się razem
stay tuned,czekajcie na więcej
stay up,nie spać
steady as she goes,trzymaj kurs
steady Eddie,spokojny Edward
steady hand on the tiller,pewna ręka na sterze
steady the ship,Utrzymaj stabilność statku
steal a glance,rzucić okiem
steal a march,wyprzedzić
steal away,uciekać
steal in,wkraść się
steal someone's heart,zdobyć serce
steal someone's identity,kradzież tożsamości
steal someone's thunder,zepsuć komuś całą radość
steal the show,kradną show
steal up,podkradkiem
steam ahead,iść naprzód
steam off,odparować
steam up,parować
steaming hot,parujący
steel up,przygotować się
steer clear of,unikać
stem from,wynikać z
stem the rose,przyciąć różę
stem the tide,zatrzymać przypływ
step aside,ustąp miejsca
step back,cofnij się
step between,krok między
step down,odejść
step forward,krok naprzód
step in,wejść
step in it,wdepnąć się w coś
step into,wejść do
step into someone's shoes,wstąpić w czyjeś buty
step lively,idź energicznie
step off,wyskoczyć
step on,nadepnąć
step on a rake,nadepnąć na grabie
step on it,deptaj
step on someone's toes,krzyżować komuś ścieżkę
step out,wyjść
step out on someone,zdradzić kogoś
step over,przeskoczyć
step to,krok do
step up,wstąpić
step up on,wskoczyć na
step up one's game,poprawić swoje umiejętności
step up to the plate,wejdź do akcji
stepping razor,ostra krawędź
stepping stone,stopień
stew in one's juices,smakować własnym sukcesem
stew up,gotować gulasz
stick 'em up,napady
stick a fork in something,można powiedzieć że to koniec
stick around,pozostać
stick at,trzymać się
stick by,być wiernym
stick down,przykleić
stick in someone's craw,denerwować
stick in the mud,reakcja
stick it out,trwać do końca
stick it to,pokazać komuś
stick it to the man,dać systemowi po pysku
stick on,przykleić
stick one on,przyklej jeden
stick one's dick in crazy,włożyć penisa w szaloną osobę
stick one's foot in it,włożyć nogę
stick one's foot in one's mouth,wdawać się w gafę
stick one's head in the sand,wtykać głowę w piasek
stick one's neck out,ryzykować
stick one's nose into,wtrącać się
stick one's oar in,wtrącać się
stick out,wystawać
stick out a mile,wybijać się na kilometr
stick the knife in,wbić nóż
stick the landing,wylądować idealnie
stick to,trzymać się
stick to one's knitting,zająć się swoimi sprawami
stick to one's last,trzymać się swojego fachu
stick to one's text,trzymać się swojego tekstu
stick to someone's ribs,trzymać w żołądku
stick together,trzymać się razem
stick up,napadać
stick up for,stawiać się w obronie
stick with,trzymać się
sticker shock,szok cenowy
sticking plaster,plastr
sticking point,punkt sporny
sticks and stones,kłamstwa i obelgi
sticks in a bundle are unbreakable,wiązka gałęzi jest nie do złamania
sticky fingers,klejące się palce
stiff up,zaciągnąć
stiff upper lip,sztywna wargę
stiffen up,zacieśnić
still got one's communion money,jeszcze ma pieniądze z komunii
still water runs deep,Spokojna woda kryje głębiny
still waters run deep,spokojne wody kryją głębiny
stinge out,gasić
stink eye,zły wzrok
stink on ice,smród na lodzie
stink out,smierdzieć
stink the joint out,zepsuć atmosferę
stink up,smierdzieć
stir shit,mieszanie intryg
stir someone's blood,pobudzić emocje
stir the embers,rozgrzewać żar
stir up,wywołać
stitch and bitch,plotkować i szyć
stitch incoming,szyć
stitch together,zszyć razem
stitch up,zszyć
stock down,spadek cen akcji
stock out,brak towaru
stock phrase,używane wyrażenie
stock up,zaopatrzyć się
stoke up,zaopatrywać się
stomp for,dla
stomp off,odejść z trzaskiem
stomp on,deptanie
stomp out,gasić
stomping ground,teren działania
stone cold,lodowaty
stone dead,martwy jak kamień
stone deaf,głuchy jak kołpa
stone's throw,rzut kamieniem
stoop and roop,pochylać się i podnosić
stop a bullet,zatrzymać kulę
stop and chop,zatrzymaj się i posiekaj
stop and smell the flowers,zatrzymaj się i poczuj zapach kwiatów
stop and smell the roses,zatrzymaj się i poczuj zapach róż
stop at nothing,nie cofnie się przed niczym
stop by,zatrzymać się
stop cold,zatrzymać się
stop dead,zatrzymać się nagle
stop down,zmniejszyć
stop in,zatrzymaj się
stop into,wpaść
stop off,zatrzymać się
stop out,wyeliminować
stop over,przystanek
stop press,ważne informacje
stop someone in their tracks,zatrzymać kogoś w miejscu
stop the bleeding,zatrzymaj krwawienie
stop the car,zatrzymaj samochód
stop the lights,wyłącz światła
stop the presses,zatrzymać maszyny drukarskie
stop up,zatkać
store away,odłożyć
store up,magazynować
storm in,w
storm off,wybiec wściekły
storm out,wybiec wściekły
storm out of the blocks,zacząć bardzo dobrze
stormy weather,burza
story of my life,historia mojego życia
stove up,zablokować
stovepipe hat,kapelusz melonowy
stow away,przemycić się
straight and narrow,prosto i uczciwie
straight away,od razu
straight face,seriozna mina
straight from the horse's mouth,bezpośrednio od źródła
straight from the shoulder,bez ogródek
straight goods,bezpośrednie towary
straight man,heteroseksualny mężczyzna
straight out of the chute,od razu
straight out of the gate,od samego początku
straight shooter,osoba mówiąca wprost
straight-face test,test na powagę
straighten out,naprawić
straighten up,wyrównać się
straighten up and fly right,wyprostuj się i zachowuj się dobrze
strain a point,naciągać prawdę
strain at a gnat,czepiać się drobiazgów
strain at the leash,ciągnąć na smyczy
strain every nerve,wyczerpać wszystkie siły
strange bedfellows,dziwne towarzystwo
strange bird,dziwny ptak
strangely warmed,dziwnie ogrzany
stranger things have happened,zdarzały się i gorsze rzeczy
strangle the parrot,udusić papugę
strap in,Zapnijcie pasy
strap on,zapiąć
strap on a pair,Założyć parę
strap on the boots,Załóż buty
strap up,zapiąć
straw poll,nieformalne ankietowanie
straw that stirs the drink,gałązka która miesza napój
street appeal,atrakcyjność wizualna
streets ahead,wyprzedzać o wiele
streets behind,ulice za
strengthen up,wzmocnić
stress out,stresować się
stretch forth,wyciągnąć
stretch it out,rozciągnij to
stretch one's legs,rozciągnąć nogi
stretch out,rozciągnąć się
stretch the truth,przesadzać
strickly dickly,ściśle i dokładnie
strictly better,bez wątpienia lepszy
strictly dickly,bardzo dosłownie
strictly proper,ściśle właściwy
strictly roots,wyłącznie korzenie
strictly speaking,dosłownie mówiąc
stricto sensu,w ścisłym tego słowa znaczeniu
strike a blow,zadawać cios
strike a chord,uderzyć w strunę
strike a false note,fałszować
strike a light,uderzyć
strike back,odpowiadać
strike down,unieważnić
strike in,uderzyć
strike it lucky,mieć szczęście
strike it rich,zostać bogatym
strike me pink,zaskocz mnie
strike off,wykreślić
strike oil,odkryć złoże ropy
strike one's flag,poddać się
strike out,przepisać
strike someone when they are down,uderzać w kogoś, kiedy jest w najgorszej…
strike tallies,liczenie głosów
strike the tent,złożyć namiot
strike through,przeciągnięty
strike up,zacząć rozmowę
strike while the iron is hot,uderzaj, póki żelazo jest gorące
string along,oszukiwać
string attached,przymocowany sznurek
string on,na sznurku
string out,rozciągnąć
string to one's bow,do atutów
string together,łączyć w całość
string up,zawiesić
string with,z
strip away,usuwać
strip down,zdjąć ubranie
strip off,zdjąć
strip out,usuwać
stroke of business,transakcja handlowa
stroke of luck,szczęśliwy traf
stroke of work,uderzenie pracy
stroke out,przepisywać
strong suit,mocna strona
strongly connected,silnie połączony
strung out,wykończony
strut one's stuff,pokazywać się
stub out,zgaszać
stubborn up,uparcie
stuck in a rut,w stagnacji
stuck in the mud,utknął w błocie
stuck in the Stone Age,uwięziony w epoce kamienia łupiennego
stuck in time,utknięty w czasie
stuck like Chuck,utknął jak Chuck
stuck on,utknął
stuck up,zapatrzony w siebie
stud muffin,słodki chłopak
student union politics,polityka związków studenckich
studs up,z szpicami
study up on,uczyć się intensywnie
stuff it,Wsadź to
stuff one's face,objadać
stuff out,wypełniać
stuff the ballot box,fałszowanie wyborów
stuff up,zepsuć
stuff you,zamknij się
stuffed like a turkey,nadziewany jak indyk
stuffed shirt,sztywniak
stuffed to the gills,pełen po brzegi
stumble across,natknąć się
stumble against,potknąć się o
stumble into,natknąć się na
stumble on,natknąć się na
stumble onto,natrafić na
stumble upon,natknąć się
stumbling block,przeszkoda
stump and rump,kłoda i pośladki
stump it,Zablokuj to
stump out,wyrywać
stump up,zapłacić
stupid is as stupid does,głupota objawia się w działaniu
style it out,wyglądać dobrze
style up,udoskonal
sua sponte,z urzędu
sub in,rezerwowy
sub out,zastąpić
sub specie aeterni,pod znakiem wieczności
subject to,podlega
subsequent to,następnie
success is a great deodorant,sukces to świetny dezodorant
success story,historia sukcesu
such as,takie jak
such is life,takie jest życie
such that,tak że
suck a big one,ssać dupsko
suck a lemon,liznąć cytrynę
suck and blow,ssać i całować
suck donkey balls,pierdolić
suck down,wciągać
suck dry,wyssąć do sucha
suck face,lizanie twarzy
suck hind tit,ssać pierś
suck in,wciągać
suck into,wciągać
suck it,Wyssać
suck it up,przeżyć to
suck my balls,Szybuj moimi jajami
suck my cock,Ssać mi cipę
suck my dick,Ssaś mi jaja
suck my penis,Ssaś mi penisa
suck my Richard,Zliz moją penisa
suck off,ssać
suck on that,zastanów się nad tym
suck out,wysysać
suck the kumara,ssać batata
suck the mop,wyciskać mop
suck tits,ssać sutki
suck under,poddać się
suck up,lizus
suck your mum,Szybuj swoją mamę
sucks to be you,żałuj, że to ty
sucks to suck,żałośnie
suds up,piana
sue out,pozwać do sądu
suffer fools gladly,cierpieć głupotę z pokorą
suffer from,cierpieć z powodu
suffer in silence,cierpieć w milczeniu
suffice it to say,wystarczy powiedzieć
suffice to say,wystarczy powiedzieć
sugar and spice,cukier i przyprawy
sugar and spice and everything nice,cukier i przyprawy oraz wszystko inne ws…
sugar coated,posłodzony
sugar down,cukier w dół
sugar off,wyłącz cukier
sugar out,cukier
sugar up,podkręcić
sugarcoat a bitter pill,złagodzić gorzką prawdę
sugarcoat the pill,łagodzić prawdę
suit down to the ground,wylądować na ziemi
suit one's book,pasować do czegoś
suit the action to the word,dopasować czyn do słowa
suit up,ubrać się
suited and booted,w eleganckim stroju
sull up,wznieść się
sum up,podsumować
summer and winter,lato i zima
summon up,wywołać
sun up,wschód słońca
sun worshipper,miłośnik słońca
Sunday best,Uroczysty strój
Sunday driver,Spokojny kierowca
Sunday-go-to-meeting clothes,Ubrania na niedzielną mszę
sunder out,rozdzielić
sunlight is the best disinfectant,światło słoneczne jest najlepszym środki…
sunshine and rainbows,słońce i tęcza
suo motu,z urzędu
super trouper,światło reflektorowe
supply and demand,podaż i popyt
supply up,dostarczyć
suppose that,załóżmy że
sure as shit,jak się należy
sure enough,oczywiście
surf and turf,owoce morza i mięso
surf's up,fale są dobre
suspend one's disbelief,zawieszenie niewiary
suspended congress,zawieszone obrady sejmu
suss out,wyjasnić
Sussex Drive,Aleja Sussex
swab down,wyczyścić
swack up,nie wiem
swaddling clothes,pieluchy owijające
swag it out,Sprawdź to
swag it up,Ulepszyć
swag out,pokazać się w dobrym stylu
swag up,wyglądać świetnie
swallow a bitter pill,przypuścić sobie gorzką pigułkę
swallow down,połknąć
swallow one's pride,pocieszyć się
swallow the dictionary,połknąć słownik
swallow the leek,połknąć pora
swallow up,pochłonąć
swallow whole,połykać w całości
swamp out,wypompować
swan song,ostatni występ
swap horses in midstream,wymiana koni w środku rzeki
swap in,wymiana
swap out,wymienić
swap over,wymiana
swear at,obrażać
swear by,polecać
swear down,przysięgam
swear in,przysięgać
swear off,rzekać się
swear on,przysięgać na
swear out,złożyć zeznanie
swear upon,przysięgać na
sweat bricks,pocić się jak szalony
sweat bullets,się spocić
sweat equity,udziały pracownicze
sweat it out,poczekać aż coś się uspokoi
sweat of one's brow,pot z czoła
sweat off,pocenie się
sweat out,pocenie się
sweat the small stuff,martwić się o drobiazgi
sweater up,podciągnąć sweter
sweep along,przemknąć
sweep aside,odrzucić
sweep away,zmiatać
sweep in,zmiatać
sweep out,wymiatać
sweep someone off their feet,oszołomić kogoś
sweep something under the rug,zamieтать pod dywan
sweep the board,zdominować
sweep the deck,zmiatać pokład
sweep up,sprzątać
sweet dreams,słodkich snów
sweet fuck all,cholera jasna
sweet hereafter,słodkie życie pozagrobowe
sweet home Alabama,słodki dom Alabama
sweet Jesus,święty Jezus
sweet Mary,święta Maria
sweet Mary mother of God,święta Maryjo matko Boża
sweet nothings,słodkie słówka
sweet smell of success,słodki zapach sukcesu
sweet stuff,słodycze
sweet summer child,słodkie letnie dziecko
sweet tooth,słodyczolub
sweet young thing,młoda słodka osoba
sweeten the pill,złagodzić sytuację
sweeten the pot,ulepszyć ofertę
sweeten up,udoskonalić
sweetheart deal,korzystna oferta
sweetness and light,słodycz i blask
swell out,rozbierać się
swell up,obrzec się
swill down,wypić
swill up,wylewać
swim upstream,płynąć pod prąd
swim with sharks,pływać z rekinami
swing and a miss,minął
swing away,machnij
swing back,odwróć
swing both ways,być dwuznaczny
swing by,zatrzymać się na chwilę
swing for,huśtać się
swing for the fences,celować w dziesiątkę
swing of things,rytmu życia
swing off,odskoczyć
swing out,wychylić się
swing over,przechylić się
swing round the circle,obracać się w kółko
swing through,przelecieć
switch off,wyłącz
switch on,włączyć
switch out,wymienić
switch up,zmienić
sword and sorcery,miecz i magia
swords to ploughshares,miecze na pługi
swords to plowshares,miecze na pługi
swot up on,przygotować się do
sympathy is between shit and syphilis,Sympatia znajduje się między gównem a ki…
sync up,zsynchronizować
syphon the python,odciągnąć węża
tab out,wyjść
table scrap,resztki ze stołu
table talk,rozmowy przy stole
tach up,doładowanie
tack about,dziękuję
tack down,przykleić
tack together,połączyć
tack up,przyczepić
tackle on,radzić sobie z
TACO out,DO ZOBACZENIA
tag along,dołączać
tag off,wyłącz znacznik
tag on,etykieta
tag out,wyeliminować
tag up,oznaczyć
tail away,odchodzić
tail between one's legs,z ogonem między nogami
tail down,w dół
tail in,ogon w
tail off,maleć
tail wagging the dog,ogon machający psem
take a back seat,odchodzić w cień
take a bath,wziąć kąpiel
take a bead on,celować
take a Bex,weź Beksa
take a bite,ugryźć
take a bite out of,odgryźć
take a bow,ukłonić się
take a breath,weź oddech
take a breather,odpocznij
take a bullet,przyjąć kulę
take a chance,zaryzykować
take a cotton to,przywiązać się do
take a crack at,spróbować
take a deep breath,weź głęboki oddech
take a dim view of,patrzeć z nieufnością
take a dive,zanurzyć się
take a dookie,zrobić kupę
take a fancy to,zainteresować się
take a flyer,wziąć ulotkę
take a gamble,zaryzykować
take a gander,spojrzeć
take a hand in something,wziąć udział w czymś
take a hike,idź na spacer
take a hit,ponieść stratę
take a joke,traktować coś jako żart
take a leaf out of somebody's book,brać przykład
take a liking to,zainteresować się
take a load off,odciążyć się
take a look,spójrz
take a nap,zdrzemnąć się
take a pew,zajmij miejsce
take a picture,zrobić zdjęcie
take a piss,siusiaj
take a powder,spadaj
take a ride to Tyburn,pojechać do Tyburn
take a risk,ponieść ryzyko
take a run at,spróbować
take a shine to,zainteresować się
take a shit,zrobić kupę
take a shot in the dark,zgadywać
take a stab at,spróbować
take a stand,zająć stanowisko
take a tumble,upadć
take a turn,zrobić ruch
take a turn for the better,poprawić się
take a turn for the worse,stać się gorszym
take a walk,spacerować
take a walkout powder,opuszczać miejsce pracy
take a whack at,spróbować
take a while,zajmie trochę czasu
take a wife,wziąć żonę
take a wrong turn at Albuquerque,skręcić w złą stronę w Albuquerque
take aback,zaskoczyć
take account of,uwzględnić
take across,przejechać
take advantage of,wykorzystać
take after,być podobnym
take against,być przeciwnym
take ages,trwać wieki
take aim,celuj
take air,wziąć powietrze
take an axe to,uderzyć toporem
take an interest in,być zainteresowanym
take apart,rozłożyć
take away,zabrać
take away from,odejmij od
take back,odbić
take bread and salt,przyjąć chleb i sól
take by storm,podbić serca
take by surprise,zaskoczyć
take care of business,załatwić sprawę
take care of yourself,dbaj o siebie
take centre stage,być w centrum uwagi
take charge,przejąć kontrolę
take check,sprawdzić
take cover,schować się
take credit,zyskać uznanie
take delight in,cieszyć się
take down,zdemontować
take down a notch,obniżyć o jeden poziom
take down a peg,obniżyć w rankingu
take drugs,używać narkotyków
take easy,nie przejmuj się
take effect,wchodzić w życie
take fire,palić się
take flight,wystartować
take for,wziąć za
take for a ride,oszukać
take for a spin,przejechać się
take for granted,traktować jako coś oczywistego
take form,przyjmować formę
take French leave,opuszczać bez pożegnania
take from behind,odebrać od tyłu
take great pains,wykładać się
take guard,czuwać
take heed,zachowaj ostrożność
take hold,chwycić
take huff,wziąć głęboki oddech
take ill,zachorować
take in,przyjąć
take into account,uwzględnić
take into consideration,uwzględnić
take it away,zabierz to
take it easy,bądź spokojny
take it on the lam,uciekać
take it or leave it,weź albo zostaw
take it or leave it alone,weź to albo zostaw to
take it out in,wyładować na
take it out of,wyjmij z
take it out on,wyżywać się na
take it outside,wyjdź z tym na zewnątrz
take it up the ass,Wsadzić coś do odbytu
take it upon oneself,wziąć na siebie
take its rise,wznieść się
take its toll,odcisnąć swoje piętno
take kindly,traktuj łagodnie
take leave of one's senses,stracić zmysły
take liberties,wykorzystywać okazje
take lightly,nie brać poważnie
take matters into one's own hands,wziąć sprawy w swoje ręce
take measures,podejmować środki
take no for an answer,traktować odmowę jako ostateczną odpowie…
take no notice of,nie zwracać uwagi
take no prisoners,nie brać jeńców
take note of,zwróć uwagę
take notice,zwróć uwagę
take occasion,wykorzystać okazję
take off,zdjąć
take offence,obrazić się
take on,podejmować się
take on faith,przyjąć na wiarę
take on the chin,przyjąć coś z pokorą
take on water,zbierać wodę
take one day at a time,bierze się dzień po dniu
take one for the team,ponieść karę za zespół
take one up,przyjąć kogoś do swojej grupy
take one's ball and go home,wziąć piłkę i iść do domu
take one's chance,wykorzystać okazję
take one's courage in both hands,zebrać całą odwagę
take one's eye off the ball,nie trzymać oka na celu
take one's eyes off,odejść wzrokiem
take one's hat off to,okazywać szacunek
take one's hook,zaciągnąć haczyk
take one's leave,odchodzić
take one's medicine,wziąć lekarstwo
take one's pick,wybierz sobie
take one's sweet little time,nie spieszyć się
take one's time,nie spieszyć się
take out,wyjmij
take out an onion,wyjmij cebulę
take out in trade,wymienić się
take out of context,wyrywać z kontekstu
take out the trash,wyrzuć śmieci
take over,przejąć
take part,brać udział
take place,odbywać się
take precedence,ma pierwszeństwo
take pride,być z czegoś dumnym
take refuge,schronić się
take responsibility,ponosić odpowiedzialność
take risks,ponosić ryzyko
take roll,zwoić
take several seats,zajmijcie kilka miejsc
take shape,przyjmować kształt
take sides,zająć stanowisko
take silk,kupować jedwab
take soil,pobierz glebę
take somebody under one's wing,wziąć kogoś pod swoje skrzydła
take somebody's breath away,zapierać dech w piersiach
take somebody's mind off somebody,odciągnąć kogoś od myśli o kimś
take somebody's mind off something,odciągnąć kogoś od myśli o czymś
take someone for all they've got,wycisnąć z kogoś wszystko, co się da
take someone out back,wyprowadzić kogoś na tyły
take someone to brown town,zabić kogoś
take someone to the grave,zabrać kogoś do grobu
take someone's arm,wziąć kogoś pod ramię
take someone's breath away,zapierać dech w piersiach
take someone's head off,odciąć komuś głowę
take someone's life,odebrać komuś życie
take someone's part,stać po czyjejś stronie
take someone's word for it,uważyć komuś na słowo
take something as it comes,traktować coś tak, jak jest
take something as read,traktować coś jako oczywiste
take something in one's stride,traktować coś spokojnie
take something in stride,traktować coś spokojnie
take something with a pinch of salt,traktować coś z rezerwą
take steps,podejmować kroki
take stock,zrobić bilans
take the biscuit,zdobyć nagrodę
take the bitter with the sweet,brać dobre z złymi
take the cake,zdobyć pierwsze miejsce
take the count,liczyć
take the cure,weź lekarstwo
take the fall,ponieść odpowiedzialność
take the fifth,odwołać się na piątą poprawkę
take the flak,ponieść gniew
take the front seat,zajmij miejsce z przodu
take the game to,przenieść grę do
take the gilt off the gingerbread,pozbawić czegoś uroku
take the hint,zrozumć aluzję
take the initiative,podejmować inicjatywę
take the lead,prowadzić
take the liberty,używać swobody
take the mask off,zdejmij maskę
take the meaning,zrozumieć znaczenie
take the Michael,weź Michaela
take the mick,wyśmiewać
take the mickey,wyśmiewać
take the offensive,przejść do ofensywy
take the pee,wyśmiewać
take the piss,wyśmiewać się
take the plunge,zaryzykować
take the point,zwróć uwagę
take the rap,ponieść odpowiedzialność
take the red pill,pójść na skróty
take the reins,przejąć kontrolę
take the ride,przejażdżka
take the shadow for the substance,brać pozory za prawdę
take the stand,stanąć przed sądem
take the veil,wziąć ślub
take the wheel,weź stery
take time,zajmij czas
take time by the forelock,Chwycić los za rogi
take time off,wziąć urlop
take time out,zrób sobie przerwę
take to,przyzwyczaić się do
take to court,pozwać do sądu
take to heart,traktować poważnie
take to one's heels,uciec
take to task,wziąć do zadania
take to the bank,wpłacić do banku
take to the cleaners,oddawać do pralni
take to the grave,zabrać do grobu
take to the hills,uciekać w góry
take to the stage,wystąpić na scenie
take turns,na zmianę
take under,pod
take up,zająć
take up a collection,zebrać pieniądze
take up for,stawiać się w obronie
take up the cudgel for,stawiać się w obronie
take up the cudgels,wziąć się do walki
take up the gauntlet,podjąć wyzwanie
take up the hatchet,podjąć walkę
take up the running,zacząć biegać
take up with,romantyzować się z
take upon oneself,wziąć na siebie
take with,wziąć z
take with a grain of salt,traktować z rezerwą
take with a pinch of salt,traktować z rezerwą
take your change out of that,wyjmij resztę z tego
take your oil,weź swoje oleje
takes one to know one,trzeba być podobnym żeby zrozumieć
talent management,zarządzanie talentami
talk a blue streak,mówić bez przerwy
talk a good game,mówić dużo ale nic nie robić
talk a mile a minute,mówić bez przerwy
talk about,mówić o
talk about the weather,rozmawiać o pogodzie
talk around,omijać
talk at,mowa o
talk back,odpowiadać
talk dirty,mówić wulgarnie
talk down,umniejszać
talk down to,poważać się na coś
talk in circles,mówić w kółko
talk into,przekonywać
talk is cheap,słowa są tanie
talk jockey,prowadzący audycję
talk like an apothecary,mów jak aptekarz
talk of the devil,jak się zły przytrafi
talk out,omówić
talk out of,przekonywać
talk out of one's ass,gadać głupoty
talk out of one's ear,gadać bez końca
talk out of turn,mówić nie na miejscu
talk over,rozmawiać
talk over someone's head,przemawiać ponad czyjąś głową
talk past,minąć
talk round,rozmawiać
talk someone under the table,przekupić kogoś
talk someone's ear off,gadać bez końca
talk the legs off a pot,gadać bez końca
talk the talk,gadać i robić
talk through,omówić
talk through one's hat,gadać głupoty
talk to,rozmawiać z
talk to a brick wall,rozmawiać z cegłą
talk to God,rozmawiać z Bogiem
talk to oneself,rozmawiać samemu ze sobą
talk to the hand,mów do dłoni
talk trash,gadać głupoty
talk turkey,mówić otwarcie
talk up,chwalić się
talking head,osoba wypowiadająca się
tall in the saddle,wysoki w siodle
tall oaks from little acorns grow,Z małych dębów rosną wielkie dęby
tall order,trudne zadanie
tall story,opowieść
tall tale,opowieść
tall trees catch much wind,Wysokie drzewa łapią dużo wiatru
tally on,sumować
tally up,podsumować
tamp down,tłumić
tan out,opalanie się
tan someone's hide,pokarcić kogoś
tan up,opalanie się
tank up,zatankować
tant pis,nie szkodzi
tap dance,taniec na czubkach palców
tap in,włączyć
tap into,wykorzystać
tap off,odłączyć
tap on,naciśnij
tap or nap,kran lub drzemka
tap out,oddać się
tap up,dotknąć
tape off,odklejać taśmę
tape out,wyciągnąć taśmę
tape over,przylep taśmą
tape up,przykleić taśmą
taper off,stopniowo zmniejszać się
tar out,wyciągać
tart up,upiększyć
task failed successfully,zadanie zakończone sukcesem mimo problem…
taste of one's own medicine,smak własnej zupy
taste of one's own poison,smak własnego trunku
tat up,wzór tatuażu
tattle on,donosić
teach away,odciągnąć uwagę
teach grandma how to suck eggs,naucz babcię jak ssac jajka
teach out,wykładować
teach somebody a lesson,dać komuś lekcję
teach someone a lesson,nauczyć kogoś lekcji
teacher's pet,ulubieniec nauczyciela
team up,łączyć siły
team up with,łączyć siły z
teamwork makes the dream work,Praca zespołowa sprawia, że marzenia się…
tear a cat,rozszarpać kota
tear along,rozrywać
tear and wear,zużycie
tear apart,rozerwać
tear at,rzewać
tear away,oderwać
tear down,burzyć
tear into,rozerwać
tear it up,rozerwać
tear off,oderwać
tear one's hair out,wyrywać włosy
tear out,wyrwać
tear to shreds,rozerwać na strzępy
tear up,rozerwać
tear up the dance floor,rozgrzać parkiet
tear up the pea patch,wyrywać rośliny z grządki z groszkiem
tears before bedtime,łzy przed snem
tease apart,rozdzielać
tease out,wyciągać
tech up,wdrożenie technologii
tee off,rozpocząć grę
tee up,przygotować
teed off,wściekły
teem down,spływać
teem with,pulsować
teensy weensy,bardzo mały
teeny weeny,bardzo mały
teething issues,problemy na początku
teething problem,problem początkowy
teething trouble,problemy na początku
teething troubles,problemy na początku
telephone tag,telefonowanie
tell against,świadczyć przeciwko
tell all,powiedz wszystko
tell apart,odróżnić
tell fortunes,wróżyć
tell it like it is,powiedz to tak jak jest
tell it to Sweeney,powiedz to Sweeneyowi
tell it to the hand,powiedz to ręce
tell it to the judge,powiedz to sędziemu
tell it to the marines,powiedz to marynarzom
tell its own story,opowiadać swoją historię
tell its own tale,opowiedzieć swoją historię
tell me about it,opowiedz mi o tym
tell me another one,powiedz mi jeszcze jedno
tell me something I don't know,powiedz mi coś czego nie wiem
tell of,opowiadać o
tell off,wypominać
tell on,zdradzić
tell someone where to shove it,powiedz komuś żeby poszedł do diabła
tell tales,opowiadać historie
tell tales out of school,wyciągać tajemnice
tell the truth,mówić prawdę
tell us another,powiedz nam jeszcze coś
tell us another one,opowiedz nam jeszcze jedną
tell you the truth,mówiąc szczerze
tell you what,powiedz ci co
temper temper,cierpliwość
tempest in a teapot,afera
temple of immensity,świątynia ogromu
tempt fate,ryzykować
tempus fugit,czas leci
ten a penny,mając grosz
ten points for Gryffindor,dziesięć punktów dla Gryffindoru
ten points from Gryffindor,dziesięć punktów odejmowanych od Gryffin…
ten points to Gryffindor,dziesięć punktów dla Gryffindoru
ten to one,dziesięć do jednego
ten will get you twenty,dziesięć da dwadzieścia
ten-cent word,słowo za dziesięć centów
ten-dollar word,słowo za dziesięć dolarów
tend to,mieć tendencję
tenpence to the shilling,dziesięć pensów za szyling
tens across the board,podwyżki dla wszystkich
tense up,napiąć się
tentpole movie,film-klucz
term of years,okres czasu
term of years absolute,pełna kadencja
term of years determinable,określony okres czasu
term out,skończyć kadencję
terminally ill,śmiertelnie chory
terms and conditions,warunki i zasady
terra firma,stały grunt
territorial pissing,oznaczanie terytorium
tertium non datur,trzecia opcja nie jest możliwa
test bed,pole testowe
test out,testować
test someone's patience,sprawdzić czyjąś cierpliwość
test the waters,sprawdzić grunt
textbook case,typowy przykład
than a bygod,niż
thank one's lucky stars,dziękować szczęściu
thank you all,dziękuję wszystkim
thank you very much,bardzo dziękuję
thanks a bunch,bardzo dziękuję
thanks a heap,bardzo dziękuję
thanks a ton,bardzo dziękuję
thanks be,niech będzie dziękczynne
thanks for coming,dziękuję za przybycie
thanks for nothing,dzięki za nic
thanks for your help,dziękuję za pomoc
thanks to,dzięki
thar she blows,widzimy ją
that ain't hay,to nie jest siano
that ain't it,to nie to
that cock won't fight,ten kogut nie będzie walczył
that does it,to jest koniec
that dog don't run,ten pies nie biega
that dog won't hunt,to nie zadziała
that ever walked on two legs,który kiedykolwiek chodził na dwóch noga…
that figures,to ma sens
that is to say,inaczej
that old dog won't hunt,ten stary pies nie jest już skuteczny
that said,mimo to
that ship has already sailed,Ta szansa już minęła
that ship has sailed,Ta szansa już minęła
that train has left the station,Ten pociąg już odjechał
that was then; this is now,To było wtedy; to jest teraz
that way,w ten sposób
that way madness lies,tam leży szaleństwo
that'll be the day,to się dopiero wydarzy
that'll be the frosty Friday,to będzie mroźny piątek
that'll do,to wystarczy
that'll do it to you,to zrobi z tobą coś takiego
that'll learn someone,to nauczymy kogoś
that'll teach someone,to taka lekcja dla kogoś
that's a bar,to jest bar
that's a pity,to szkoda
that's a shame,to szkoda
that's a wrap,to już koniec
that's about the size of it,mniej więcej tyle
that's all Greek to me,To jest dla mnie niezrozumiałe
that's all she wrote,to wszystko
that's all there is to it,to wszystko
that's as may be,to może być
that's done it,To już wystarczy
that's flat,to jest płaskie
that's Greek to me,To jest dla mnie niezrozumiałe
that's how the cookie crumbles,tak już jest
that's just me,to jestem ja
that's life,takie jest życie
that's me told,to jestem powiedział
that's my,to jest moje
that's news to me,To dla mnie nowość
that's on period,to jest w czasie
that's on periodt,to jest fakt
that's right,masz rację
that's saying something,to coś znaczy
that's someone's funeral,to jest czyjś pogrzeb
that's that,to wszystko
that's that on that,To wszystko
that's the bunny,to jest królik
that's the spirit,Trzymaj się
that's the story of one's life,takie jest życie
that's the thing,właśnie o to chodzi
that's the ticket,to jest to
that's the tip,to jest podpowiedź
that's the way it goes,tak się dzieje
that's the way life is,takie jest życie
that's the way the ball bounces,tak się dzieje
that's the way the cookie crumbles,tak już jest
that's the way the mop flops,tak jest
that's too bad,to jest szkoda
that's wassup,co słychać
that's what he said,to jest to, co on powiedział
that's what I call,tak to nazywam
that's what I'm talking about,O tym właśnie mówię
that's what she said,powiedziała to
that's what's up,to jest super
that's why,dlatego
that's why they play the game,dlatego oni grają w tę grę
that's your lot,to jest wszystko
that's your sort,to jest twój typ
thaw out,odmrozić
the arse is out of 'er,jej tyłek wystaje
the ayes have it,mają przewagę
the bad penny always comes back,zła moneta zawsze wraca
the bad penny always turns up,zła moneta zawsze się odnajdzie
the ball is in someone's court,to zależy od kogoś innego
the bee's knees,kwintesencja
the beginning of the end,początek końca
the best defence is attack,najlepszą obroną jest atak
the big picture,ogólny obraz
the breath of life,oddech życia
the bride at every wedding,panna młoda na każdym ślubie
the British are coming,Brytyjczycy nadchodzą
the buck stops here,odpowiedzialność kończy się tutaj
the burnt child dreads the fire,dziecko, które się poparzyło, boi się og…
the burnt child fears the fire,dziecko, które się poparzyło, boi się og…
the cake is a lie,tort jest kłamstwem
the camera never lies,aparat nigdy nie kłamie
the carpet matches the drapes,dywan pasuje do zasłon
the case rests,sprawa jest zakończona
the cat's out of the bag,Sekret wyszedł na jaw
the cat's pajamas,coś wspaniałego
the cat's pyjamas,coś wspaniałego
the chickens come home to roost,rachunki nadchodzą
the chuff,chrobotanie
the closet is glass,szafa jest szklana
the closet is made of glass,szafa jest zrobiona ze szkła
the coast is clear,wszystko jest w porządku
the cobbler's children go barefoot,dzieci szewca chodzą boso
the computer says no,komputer mówi nie
the corpse at every funeral,zwłoki na każdym pogrzebie
the cupboard is bare,szafka jest pusta
the curtain falls,kurtyna opada
the curtains match the drapes,zasłony pasują do zasłon
the customer is always right,klient zawsze ma rację
the cutting edge,najnowocześniejsze rozwiązania
the damage is done,szkoda już została wyrządzona
the dear knows,drogi wie
the deuce you say,co ty mówisz
the devil,diabeł
the devil a one,diabeł tkwi w szczegółach
the devil is a liar,diabeł kłamie
the devil is in the detail,diabeł tkwi w szczegółach
the devil is in the details,diabeł tkwi w szczegółach
the devil looks after his own,diabeł broni swoich
the Devil take the hindmost,niech diabeł zabierze tych, którzy zosta…
the devil you know,znany diabeł
the devil you say,diabeł jeśli powiesz
the dickens you say,co ty mówisz
the die is cast,rzecz została zrobiona
the dog ate my homework,pies zjadł mi pracę domową
the dose makes the poison,dawka czyni truciznę
the drinks are on me,Ja płacę za napoje
the early bird catches the worm,Kto rano wstaje, temu Pan Bóg daje
the early bird gets the worm,Kto pierwszy, ten lepszy
the Earth kept spinning,Ziemia nadal się obracała
the end,koniec
the end justifies the means,cel uświęca środki
the end of one's rope,na wyczerpaniu sił
the ends justify the means,cel uświęca środki
the fact that,fakt że
the fat hit the fire,tłuszcz trafił na ogień
the fat is in the fire,sprawa jest nagła
the feathers fly,pióra latają
the feezy,mrożone
the fewer the better fare,im mniej tym lepiej cena
the final straw,ostatnia kropla
the finest,najlepszy
the finger,palec
the fish rots from the head,ryba gnije od głowy
the fix is in,wszystko jest załatwione
the forbidden fruit tastes the sweetest,zakazany owoc smakuje najsłodziej
the freaks come out at night,dziwniaki wychodzą nocą
the frosting on the cake,krem na torcie
the fuck,kurwa
the fuckola,co za bzdura
the fur flies,rozpętało się piekło
the future is now,Przyszłość jest teraz
the game is up,gra się skończyła
the genie's out of the bottle,puśćmy dżina z butelki
the ghost walks,duch chodzi
the girls are fighting,dziewczyny się kłócą
the gods smile on someone,bogowie są dla kogoś łaskawi
the good die young,Dobrzy umierają młodo
the good doctor,dobry doktor
the good old days,dobre stare czasy
the grapes are sour anyway,winogrona i tak są kwaśne
the grass is always greener,trawa zawsze wydaje się bardziej zielona
the half of it,połowa
the handbags come out,torebki są wypuszczane
the handwriting is on the wall,sygnały ostrzegawcze są widoczne
the hard way,na ciężką drogę
the Hatfields and the McCoys,rodziny Hatfield i McCoy
the heart wants what it wants,serce pragnie tego, czego pragnie
the heat is on,ciepło narasta
the heat of the moment,chwila impulsu
the heavens open,niebo się otwiera
the hell you say,co ty mówisz
the hit dog hollers,pies szczeka
the house always wins,dom zawsze wygrywa
the icing on the cake,wiśnia na torcie
the ink was not even dry,atrament jeszcze nie wyschnął
the Internet never forgets,Internet nigdy nie zapomina
the jig is up,gra się skończyła
the job is oxo,praca jest dobra
the job's a good 'un,to dobra praca
the joke is on someone,żart jest skierowany do kogoś
the joke's on someone,żart jest dla kogoś innego
the jokes write themselves,żarty same się piszą
the juice is worth the squeeze,to warto się wysilić
the jury is still out,decyzja nie została podjęta
the knives are out,noże są wyciągnięte
the lady doth protest too much,pani zbyt mocno protestuje
the last gasp of something,ostatni oddech czegoś
the last I heard,ostatnie informacje, jakie otrzymałem
the last of pea-time,ostatni z czasów grochu
the last straw,ostatnia kropla
the latchstring is out,drzwi są otwarte
the law is a ass,prawo jest głupie
the law is an arse,prawo jest dupkiem
the law is an ass,prawo jest głupie
the length of the Flemington straight,długość prostej na torze w Flemington
the line is busy,linia zajęta
the lion's share,większość
the long way around the barn,długa droga wokół stodoły
the longest pole knocks the persimmon,najdłuższa tyczka uderza pigwę
the longest purse knocks the persimmon,najdłuższa torebka uderza w mango
the Lord works in mysterious ways,Pan działa w tajemniczy sposób
the man of one's dreams,mężczyzna z marzeń
the map is not the territory,Mapa to nie terytorium
the math ain't mathing,to nie jest matematyka
the math is mathing,matematyka się zgadza
the measles,odra
the middle ground,środek
the middle of nowhere,środek niczego
the mind boggles,umysł nie daje rady to pojąć
the mixture as before,mieszanka jak poprzednio
the moment that,ten moment
the moon on a stick,księżyc na patyku
the moral high ground,moralna przewaga
the more the merrier,im więcej tym lepiej
the more you know,im więcej wiesz
the natives are getting restless,mieszkańcy są coraz bardziej niespokojni
the natives are restless,mieszkańcy są niespokojni
the nerve of,nerw
the night is young,noc jest młoda
the nose knows,nos wie
the old guard,stara gwardia
the oldest trick in the book,najstarszy trik na świecie
the one that got away,to, co umknęło
the other day,wczoraj
the other white meat,inne białe mięso
the pantaloons off,spodnie w dół
the pants off,spodnie
the party is over,impreza się skończyła
the penny drops,światło dopada
the pick of something,najlepsze z czegoś
the pleasure is all mine,miło mi było
the plot thickens,fabuła się zagęszcza
the powers that be,ci, którzy mają władzę
the promised land,ziemia obiecana
the proof is in the eating,Dowód tkwi w smaku
the proof is in the pudding,praktyka czyni mistrza
the quality,jakość
the rabbit died,królik umarł
the race that stops a nation,wyścig, który zatrzymuje cały kraj
the rest is gravy,reszta to już pikuś
the rest is history,reszta to historia
the revolution will not be televised,rewolucja nie zostanie transmitowana w t…
the rich get richer,bogaci stają się jeszcze bogatsi
the rubber hits the road,teraz zaczyna się prawdziwa praca
the rubber meets the road,praktyka
the same mixture as before,ta sama mieszanka co wcześniej
the schoolmaster is abroad,dyrektor szkoły jest za granicą
the second mouse gets the cheese,druga mysz dostaje ser
the seven bells,siedem dzwonów
the shape of things to come,kształt przyszłości
the sharp end,ostra krawędź
the shirt off one's back,koszula z pleców
the shoemaker's children go barefoot,dzieci szewca chodzą boso
the shoemaker's son always goes barefoot,syn szewca zawsze chodzi boso
the show must go on,spektakl musi się odbyć
the sky fell in,niebo runęło
the sky is the limit,niebo jest granicą
the sky's the limit,niebo jest granicą
the something of one's dreams,marzenie
the spirit moves someone,duch porusza kogoś
the spoils belong to the victor,łupy należą do zwycięzcy
the squeaky wheel gets the grease,Kto się najbardziej narzeka, ten dostaje…
the squeaky wheel gets the oil,Kto się najbardziej narzeka, ten dostaje…
the story goes,historia głosi
the streets are paved with gold,ulice są wyłożone złotem
the struggle is real,walka jest prawdziwa
the sun is over the yardarm,jest już czas na drinka
the sun sets on something,słońce zachodzi na coś
the tackies hit the tar,buty uderzyły w asfalt
the tail wags the dog,ogon merda psa
the terrorists will have won,terorzyści wygrają
the thick plottens,gęste plamy
the thing is,rzecz w tym
the thing of it,rzecz w tym
the thumbs down,kciuk w dół
the thumbs up,kciuk w górę
the time has come,nadeszła pora
the tip of the iceberg,wierzchołek góry lodowej
the toilet is clogged,toaleta jest zatkana
the trash takes itself out,śmieci same się wyniosą
the truth is in the wine,prawdę znajdziesz w winie
the truth that,prawda że
the turns have tabled,obroty zostały odłożone
the upper hand,przewaga
the very thing,dokładnie to
the victor gets the spoils,Zwycięzca zabiera wszystko
the vultures are circling,sępy krążą
the way things are going,to, jak się sprawy mają
the wheel has come full circle,koło historii się zakręciło
the wheel turns,koło się obraca
the wheels came off,koła odpadły
the wheels came off the bus,koła odpadły od autobusu
the wheels came off the wagon,koła odpadły od wozu
the wheels fall off,koła odpadają
the wheels fell off,koła odpadły
the wheels fell off the bus,koła odpadły od autobusu
the wheels fell off the wagon,koła odpadły od wozu
the whistle doesn't pull the train,gwizdek nie ciągnie pociągu
the whole world and his dog,cały świat i jego pies
the winner takes it all,ten, kto wygrywa, zabiera wszystko
the wolf is at the door,wilk jest u drzwi
the woman of one's dreams,kobieta marzeń
the word is go,idź
the world is one's lobster,świat jest jak homar
the world is someone's oyster,świat stoi otworem
the world kept spinning,świat nadal się kręcił
the world over,na całym świecie
the world owes one a living,świat jest nam winien utrzymanie
the worse for wear,zniszczony
the writing is on the wall,pisane jest na ścianie
the wrong side of,zła strona
them that has gets,tym którzy mają otrzymują
them what has gets,co mają co mają co dostają
them's the breaks,tak się stało
them's the facts,to są fakty
then again,z drugiej strony
then and in that event,wtedy i w tym przypadku
then and there,wtedy i tam
there and back,tam i z powrotem
there are no atheists in foxholes,Nie ma ateistów w okopach
there are no stupid questions,Nie ma głupich pytań
there for everyone to see,widoczne dla wszystkich
there goes the neighborhood,to się nie nadaje
there goes the neighbourhood,to jest koniec tej okolicy
there is no doubt that,nie ma wątpliwości że
there is no free lunch,nie ma darmowych obiadów
there is no honor among thieves,nie ma honoru wśród złodziei
there is no honour among thieves,nie ma honoru wśród złodziei
there is no Planet B,Nie ma planety B
there is no replacement for displacement,nie ma zastępnika dla przemieszczenia
there is no spoon,nie ma łyżeczki
there is no telling,nie da się przewidzieć
there is safety in numbers,bezpieczeństwo w liczbach
there is something in the water,coś jest w wodzie
there is strength in numbers,siła w liczbach
there is the rub,w tym jest problem
there lies the rub,w tym jest problem
there one has it,jeden ma to
there ought to be a law,powinna być ustawa
there oughta be a law,powinna być ustawa
there oughtta be a law,powinna być ustawa
there she blows,tam to pękło
there we go,No tak
there you are,już jesteś
there you go,proszę bardzo
there you have it,oto jest
there's a first time for everything,każdy coś kiedyś pierwszy raz robi
there's a good time coming,nadchodzą dobre czasy
there's a lid for every pot,każdy garnek ma pokrywkę
there's a sucker born every minute,Naciągają się ludzie co pięć minut
there's a thought,to jest myśl
there's always a bigger fish,zawsze znajdzie się ktoś silniejszy
there's been an accident,wydarzył się wypadek
there's more where that came from,jest jeszcze więcej
there's no "there" there,nie ma niczego na miejscu
there's no accounting for taste,każdy ma inny gust
there's no business like show business,Nie ma biznesu lepszego od biznesu show-…
there's no I in team,W zespole nie ma miejsca na egoizm
there's no place like home,Nie ma miejsca jak dom
there's no shame in my game,Nie mam się czego wstydzić
there's no smoke without fire,Gdzie dym, tam i ogień
there's no there there,nie ma nic
there's no time like the present,Nie ma lepszego czasu niż teraz
there's no use,nie ma sensu
there's nothing to it,to nie jest trudne
there's nowt so queer as folk,Nie ma nic dziwniejszego niż ludzie
there's one born every minute,Tych naiwniaków rodzi się co minutę
there's the rub,w tym jest problem
thereby hangs a tale,stąd ta historia
therein lies the rub,w tym tkwi problem
these things happen,takie rzeczy się zdarzają
they say,oni mówią
they should have sent a poet,powinni byli wysłać poetę
they'll do it every time,oni to zrobią za każdym razem
they're only after one thing,oni chcą tylko jednego
thick and thin,gruby i cienki
thick and threefold,gruby i trójstronny
thick as a brick,gruby jak cegła
thick as thieves,nie rozłączne
thick end,grubsza strona
thick of things,w samym środku akcji
thick skin,gruba skóra
thicken up,zagęścić
thicker than a Snickers,grubszy niż Snickers
thief in the night,złodziej w nocy
thieve out,wykradać
thin air,rzadki powietrze
thin down,rozcieńczyć
thin end of the wedge,początek problemu
thin out,przecieńczyć
thin the herd,rozrzedzić grupę
thin up,odchudzić
thing is,rzecz jest
thing of the past,rzecz przeszłości
think about,pomyśl o
think again,pomyśl jeszcze raz
think aloud,myśleć na głos
think back,przypomnieć sobie
think better of something,myśleć lepiej o czymś
think for oneself,myśleć samodzielnie
think highly of,uważać za coś wartościowego
think nothing of doing something,nie mieć nic przeciwko temu żeby coś zro…
think nothing of it,nie ma o czym mówić
think of,pomyśl o
think of England,pomyśl o Anglii
think on,myśle o
think on one's feet,myśleć szybko
think one hung the moon,myślę że ktoś zawiesił księżyc
think one is God's own cousin,myślę że jeden z nich jest kuzynem Boga
think one's shit doesn't stink,uważać że jest najlepszy
think out,przemyśleć
think out loud,myśleć na głos
think outside the box,myśleć nieszablonowo
think over,przemyśleć
think the world of,uważać za coś wspaniałego
think through,przemyśleć
think twice,zastanów się dwa razy
think up,wymyślić
think with one's little head,myśleć głupio
thinking cap,czapka myślenia
thinking man's,męża myślącego
third hand,trzecia ręka
third string,trzeci strun
third time is the charm,trzecia próba jest kluczowa
third time lucky,trzecia próba szczęśliwa
third time pays for all,trzeci raz to za wszystko
third time's a charm,trzecia próba szczęścia
third time's the charm,trzecia próba szczęścia
third wheel,trzecie ganko
thirteenth reason why,trzecia przyczyna
this day six months,dzisiaj sześć miesięcy
this is not a drill,to nie jest żart
this is someone,to jest ktoś
this is the life,to jest życie
this is war,to jest wojna
this is where I came in,to jest miejsce, od którego zacząłem
this is where we came in,to jest miejsce, od którego zaczęliśmy
this mean time,ten czas
this means war,to oznacza wojnę
this minute,w tej chwili
this much,tyle
this too shall pass,to też minie
this too shall pass away,to też przeminie
thorn in someone's side,kłopot
thorn in the flesh,cierń w ciele
those that have get,ci którzy mają
those that have get more,Ci którzy mają, dostają więcej
those were the days,to były czasy
those who have get,ci, którzy mają
those who have get more,Ci którzy mają, dostają więcej
those who know,ci którzy wiedzą
thought bubble,chmura myśli
thoughts and prayers,myśli i modlitwy
thrash about,machać się
thrash out,omawiać
thread of thought,nić myśli
thread the needle,przepychać nitkę przez igłę
three green,trzy zielone
three guys in a garage,trzech facetów w garażu
three hots and a cot,podstawowe warunki bytowe
Three Musketeers,Trzej Muskierzy
three score and ten,siedemdziesiąt
three sheets to the wind,bardzo pijany
three skips of a louse,trzy skoki pchły
three squares,trzy kwadraty
Three Stooges,Trzej Stooges
three strikes and you're out,trzy uderzenia i jesteś eliminowany
three times a charm,trzecia próba szczęścia
three's a crowd,trójka psuje zabawę
three-dog night,noc pełna psów
three-martini lunch,obiad z kilkoma drinkami
three-ring circus,cyrk z trzema arenami
thresh out,odsiewać
thrill kill,ekscytacja i przemoc
thrill killer,morderca
thrill of the hunt,ekscytacja polowania
thrills and spills,ekscytacja i przygody
throttle down,zmniejszyć prędkość
through and through,przez i przez
through the ceiling,przez sufit
through the eyes of,oczyma
through the floor,przez podłogę
through the gate,przez bramę
through the hawsehole,przez otwór holowniczy
through the lens of,przez pryzmat
through the looking glass,za lustrem
through the looking-glass,przez lustro
through the mill,przez trudności
through the roof,przez dach
through the wazoo,bardzo dużo
through thick and thin,przez grube i cienkie
throw a bone to,rzucać kość
throw a fit,wywierać się
throw a kiss,pocałować
throw a spanner in the works,zepsuć plany
throw a tantrum,wybuchać gniewem
throw a wet blanket on,zepsuć atmosferę
throw a wobbly,tracić panowanie nad sobą
throw a wrench in,zepsuć
throw a wrench in the gears,zepsuć plany
throw a wrench in the works,zepsuć plany
throw about,rzucać
throw an ant into a sty,wrzucić mrówkę do chlewni
throw an eye,rzucić okiem
throw aside,odłożyć
throw away,wyrzucić
throw away the key,wyrzuć klucz
throw back,wrzut
throw by,rzut
throw caution to the wind,ryzykować
throw cold water on,zalać czymś zimnym
throw down,rzucać
throw down the gauntlet,rzucić wyzwanie
throw dust in someone's eyes,zasłaniać oczy
throw good money after bad,rzucać dobre pieniądze za złe
throw in,wrzucić
throw in at the deep end,rzucać kogoś na głęboką wodę
throw in the towel,rzucić w ręcznik
throw in with,dołączać się do
throw it back,odrzuć to
throw light on something,rzucać światło na coś
throw money away,marnować pieniądze
throw of the dice,rzut kostką
throw off,odrzucić
throw off balance,zaburzyć równowagę
throw off on,odłożyć na bok
throw off the trail,zgubić ślad
throw on,wrzucić
throw one's cap over the windmill,rzucać kapelusz na wiatrak
throw one's hat in the ring,dołączyć do wyścigu
throw one's hat over the fence,rzucać rękawicę
throw one's hat over the wall,rzucać rękawicę
throw one's hat over the windmill,rzucać się w wir wydarzeń
throw one's hotdog down someone's hallway,rzucanie hotdoga do korytarza kogoś
throw one's voice,imitować głos
throw one's weight around,wywierać wpływy
throw one's weight behind,wspierać całym zapałem
throw oneself at,rzucić się
throw oneself behind,zaangażować się
throw oneself into,zaangażować się
throw out,wyrzucić
throw over,rzucanie
throw overboard,wyrzucić za burtę
throw shapes,robić figle
throw someone a rope,pomóc komuś
throw spaghetti at the wall,metoda prób i błędów
throw stones,rzucać kamieniami
throw stones in a glass house,rzucać kamieniami w szklanej szklarni
throw the book at,ukarać surowo
throw the bull,rzucaj nonsensami
throw the bull around,oszukiwać
throw them bows,rzucaj im łuki
throw to the dogs,rzucać psom
throw to the wind,rzucać na wiatr
throw to the wolves,rzucać wilkom
throw together,złożyć razem
throw up,wymiotować
throw up one's hands,poddać się
throw up the sponge,poddać się
throw up to,podnieść do
throw wobblies,wywoływać wahania
thrust out,wystrzelić
thrutch up,wskakiwać
thud and blunder,uderzenie i gafę
thug it out,trzymać się mocno
thumb a ride,podwazywać się
thumb down,kciuk w dół
thumb on the scale,wpływ na wynik
thumb one's nose,pokazać środkowy palec
thumb through,przeglądać
thus and so,zatem i dlatego
thus and such,w ten sposób i takie
thus far,dotychczas
tib out,wyjdź
tick a lot of boxes,spełnia wiele warunków
tick all the boxes,zapewnij wszystko
tick and flick,klik i pstryk
tick and tie,krawat i muchomorka
tick and toy,kleszcz i zabawka
tick away,odliczać
tick by,minuta po minucie
tick down,odliczać
tick off,odznaczyć
tick on,odznaczyć
tick over,działać
tick past,mijać
tick-tock biological clock,zegar biologiczny
ticket to ride,bilet na przejażdżkę
tickle pink,rozbawić do łez
tickle someone's funny bone,rozbawić kogoś
tickle someone's pickle,drażnić kogoś
tickle the dragon's tail,drażnić smoka
tickle the ear,drażnić uszy
tickle the sausage,podrażnić kiełbasę
tickle the wire,poczuć prąd
tickled pink,bardzo zadowolony
tidally locked,zsynchronizowany pływowo
tide nor time tarrieth no man,czas leci nieubłaganie
tide over,przetrwać
tidy up,posprzątać
tie back,wiązać z tyłu
tie down,wiązać
tie in,wiązać
tie in knots,splatać się
tie in with,łączyć się z
tie into,łączyć się z
tie off,zawiązać
tie one on,napić się
tie oneself in knots,zawiać się
tie out,wiązać
tie over,wiązać
tie someone's hands,wiązać komuś ręce
tie the knot,wziąć ślub
tie to,wiązać się z
tie up,wiązać
tie up loose ends,zająć się niedokończonymi sprawami
tied in knots,splątany
tiger of a different stripe,tygrys innego gatunku
tight as Dick's hatband,bardzo ciasno
tight lips,zaciśnięte usta
tight ship,sprawnie zorganizowana firma
tight spot,trudna sytuacja
tight squeeze,ciasnota
tighten down,mocniej dokręcić
tighten the purse strings,zacisnąć pasa
tighten up,zacisnąć
tighter than Dick's hatband,bardzo ciasno
tighty whities,majtki
till all hours,do późnych godzin
till death do us part,aż do śmierci
till next time,do następnego razu
till the cow come home,aż krowa wróci do domu
till the cows come home,aż krowy wrócą do domu
till time,do czasu
till we meet again,do zobaczenia
tilt at windmills,walczyć z wiatrakami
time after time,raz po razie
time alone will tell,czas pokaże
time and again,raz po razie
time and material,czas i materiały
time and tide,czas i przypływ
time and time again,raz po razie
time back,cofnij czas
time bandit,kradzież czasu
time burglar,łotrzyk czasu
time crime,przestępstwo związane z czasem
time flies,czas leci
time flies when you're having fun,czas leci kiedy się dobrze bawisz
time forgot,czas zapomniał
time hangs heavily,czas się dłuży
time hangs heavy,czas się dłuży
time heals,czas leczy
time heals all hurts,czas leczy wszystkie rany
time heals all sorrows,czas leczy wszystkie rany
time heals all things,czas leczy wszystkie rany
time heals all wounds,czas leczy wszystkie rany
time heals every wound,czas leczy wszystkie rany
time in,w czasie
time is a flat circle,czas to płaski okrąg
time is a great healer,czas leczy rany
time is money,czas to pieniądz
time is of the essence,czas ma ogromne znaczenie
time is on one's side,czas jest po jego stronie
time is ripe,czas jest odpowiedni
time is short,czas jest krótki
time is the great healer,czas leczy rany
time is ticking,czas ucieka
time is up,czas się skończył
time it out,wyłączyć czasowo
time of old,dawne czasy
time of one's life,najlepszy czas w życiu
time off,wolne dni
time out,czas przerwy
time out of mind,od zarania dziejów
time over,zakończony czas
time past,miniony czas
time stands still,czas się zatrzymuje
time thief,kradzież czasu
time to make the donuts,czas robić pączki
time will tell,czas pokaże
time window out,czas oczekiwania wygasł
time you got a watch,kiedy dostałeś zegarek
time's a-wasting,czas ucieka
time's up,czas się skończył
times past,minione czasy
timing is everything,timing jest wszystkim
tin god,bogowie z blachy
tin-pot dictatorship,dyktatura amatorska
Tinker to Evers to Chance,Tinker do Eversa do Chance'a
tinker up,naprawić
tip back,odłożyć do tyłu
tip down,w dół
tip it down,wylej to
tip of the hat,ukłon
tip of the ice cube,koniec kostki lodu
tip of the iceberg,wierzchołek góry lodowej
tip off,poinformować
tip one's hat,zdjąć kapelusz
tip out,wylać
tip over,przewrócić się
tip the scale,przewaga
tip the scales,przewaga
tip the wink,podkradać
tip up,podnieść do góry
tiptoe around,obejść
tiptoe through a minefield,ostrożnie omijać przeszkody
tire fire,pożar opon
tire out,męczyć
tired and emotional,zmęczony i emocjonalny
tit about,o tytule
tit for tat,oko za oko
tit up,podnieść
tits or GTFO,albo spadaj
tits up,do góry
tl dr,krótko mówiąc
to a degree,w pewnym stopniu
to a desire,do pragnienia
to a fare thee well,do widzenia
to a fare you well,do widzenia
to a fare-thee-well,do woli wszystkich
to a fare-you-well,do utraty sił
to a fault,z nadmiarem
to a fine fare-thee-well,do widzenia
to a first approximation,w przybliżeniu
to a great extent,w dużym stopniu
to a greater extent,w większym stopniu
to a hair,do włosów
to a large extent,w dużej mierze
to a lesser extent,w mniejszym stopniu
to a man,do mężczyzny
to a nicety,z przyjemnością
to a T,idealnie
to a tee,dokładnie
to a tick,do kleszcza
to a tittle,do ostatniej kropli
to a turn,na zmianę
to all appearance,pozornie
to all appearances,na pierwszy rzut oka
to all intents and purposes,w zasadzie
to an extent,w pewnym stopniu
to and fro,tam i z powrotem
to arms,do broni
to be continued,do kontynuacji
to be early days,jeszcze za wcześnie
to be fair,będąc sprawiedliwym
to be honest,szczerze mówiąc
to be named later,do ustalenia później
to be on the safe side,dla bezpieczeństwa
to be precise,dokładnie
to be reckoned with,kogoś należy się obawiać
to be sure,być pewnym
to be truthful,mówiąc szczerze
to beat the band,przewyższać wszystkich
to begin with,na początek
to bits,na kawałki
to boot,dodatkowo
to cap it all,żeby dopełnić całość
to crown it all,żeby dopełnić całość
to date,na dzień dzisiejszy
to death,na śmierć
to die for,umarć za coś
to distraction,do rozproszenia
to do with,dotyczyć
to each his own,każdy ma swoje zdanie
to each their own,każdy ma swoje zdanie
to err is human,błędy są ludzkie
to go,iść
to God,do Boga
to hand,do ręki
to have and to hold,być i trwać
to heel,do pięty
to hell,do piekła
to hell and back,przez piekło i z powrotem
to hell in a handbasket,do diabła
to hell with,do diabła z
to high heaven,do nieba
to let,wynająć
to little avail,na małą korzyść
to make matters worse,żeby było jeszcze gorzej
to meward,do mnie
to my mind,moim zdaniem
to name a few,na przykład
to no avail,na próżno
to no purpose,na próżno
to one's advantage,na swoją korzyść
to one's bone,do szpiku kości
to one's bones,do kości
to one's credit,na czyjąś cześć
to one's dying day,do końca życia
to one's face,prosto w twarz
to one's feet,na nogi
to one's heart's content,według własnego uznania
to one's knowledge,według wiedzy
to one's mind,według kogoś
to one's name,na nazwisko
to one's own cheek,do własnego policzka
to one's rescue,na ratunek
to one's way of thinking,zgodnie z własnym sposobem myślenia
to order,zamówić
to overflowing,przepełniony
to perfection,do perfekcji
to pieces,na kawałki
to reckon with,rozliczyć się z
to rights,do praw
to save one's life,uratować życie
to say nothing of,nie wspominając o
to say the least,żeby nie mówić więcej
to scale,skalować
to some degree,w pewnym stopniu
to some extent,w pewnym stopniu
to someone's credit,na czyjąś cześć
to someone's face,prosto w twarz
to someone's liking,według czyjejś opinii
to someone's taste,według czyjegoś gustu
to spare,oszczędzać
to speak of,mówić o
to sum up,podsumowując
to taste,smakować
to tell the truth,mówiąc szczerze
to tell you the truth,mówiąc szczerze
to that effect,w tym celu
to that end,w tym celu
to the backbone,do kręgosłupa
to the best of one's knowledge,według najlepszej wiedzy
to the bone,do kości
to the bones,do szpiku kości
to the brim,do pełna
to the contrary,na odwrót
to the core,do głębi
to the day,do dnia
to the death,do ostatniej kropli krwi
to the effect,w ten sposób
to the end of the chapter,do końca rozdziału
to the end of time,do końca czasów
to the exclusion of,z wyłączeniem
to the extent that,w zakresie w jakim
to the fore,na pierwszym miejscu
to the full,w pełni
to the fullest,w pełni
to the gills,do pełna
to the gods,do bogów
to the good,na dobre
to the gunnels,do burty
to the gunwales,do burty
to the hilt,do pełna
to the last,do ostatniego
to the last man,do ostatniego człowieka
to the left,po lewej
to the letter,dosłownie
to the life,do życia
to the limit,do granic możliwości
to the marrow,do szpiku kości
to the max,do maksimum
to the moon,na księżyc
to the moon and back,na księżyc i z powrotem
to the nines,na maksa
to the nth degree,do potęgi n
to the point,do sedna
to the power of,do potęgi
to the prejudice of,na szkodę
to the purpose,celowo
to the quick,do sedna
to the rafters,do sufitu
to the rescue,na ratunek
to the tee,dokładnie
to the tonsils,do migdałków
to the top of one's bent,na granicy wytrzymałości
to the touch,w dotyku
to the tune of,w rytmie
to the turn of a hair,w najdrobniejszym szczególe
to the victor belong the spoils,Zwycięstwo przynosi nagrody
to the victor go the spoils,kto zwycięża, ten ma prawo do nagród
to the victor the spoils,Zwycięstwo przynosi nagrodę
to the wide,na szerokość
to thine own self be true,bądź wierny sobie
to this day,do dziś
to this effect,w tym celu
to this end,w tym celu
to those it may concern,tym, kogo to dotyczy
to time,do czasu
to top it all,żeby na to jeszcze wszystko
to top it off,żeby to wszystko dopełnić
to what extent,w jakim stopniu
to whom it may concern,do wiadomości
to whom this may concern,do wiadomości dla wszystkich zainteresow…
to wit,mianowicie
to your health,Na zdrowie
toast of the town,gwiazda
toast up,podpiec
today we are all,dzisiaj wszyscy
toddle off,wątpić
toe in,palec u nogi
toe out,stopa odchylona na zewnątrz
toe the line,trzymać się reguł
toes up,zmarły
together with,razem z
toil and moil,pracować i się starać
toke up,narkotyzować się
tokens get spent,tokeny są wydawane
told you,powiedziałem ci
told you so,mówiłem ci
tomayto tomahto,pomidor pomidorze
tomorrow is another day,jutro będzie kolejny dzień
tomorrow never comes,jutro nigdy nie nadchodzi
tone down,łagodzić
tone in,ton
tone up,wzmocnić
tone with,w tonie z
tonsil hockey,grypa
tonsil tennis,tenis migdałków
too bad,żałosne
too big for one's boots,przeceniający swoje możliwości
too big for one's britches,mający zbyt duże ambicje
too clever by half,zbyt sprytny
too cool for school,zbyt fajny dla szkoły
too good for this world,zbyt dobry dla tego świata
too good to be true,zbyt dobrze żeby było prawdziwe
too hot to hold,za gorący żeby trzymać
too late,za późno
too little too late,za mało za późno
too long; didn't read,za długo nie przeczytałem
too many balls in the air,zbyt wiele spraw do załatwienia
too many chefs spoil the broth,zbyt wielu kucharzy psuje zupę
too many cooks spoil the broth,zbyt wielu kucharzy psuje zupę
too many cooks spoil the soup,zbyt wielu kucharzy psuje zupę
too many cooks spoil the stew,zbyt wielu kucharzy psuje zupę
too many cooks spoils the broth,zbyt wielu kucharzy psuje zupę
too much,zbyt dużo
too much of a good thing,nadmiar dobrego
too much water drowned the miller,Zbyt dużo wody zalało młynarza
too rich for one's blood,zbyt drogie
too right,dokładnie
tool around,jeździć bez celu
tool up,przygotować narzędzia
tools of trade,narzędzia pracy
toora loora,nieznane
toot one's own horn,chwalić się
toothpaste is out of the tube,Pasta do zębów wyszła z tubki
top and tail,góra i dół
top banana,najważniejsza osoba
top cat,szef
top dog,szef
top dollar,najwyższa cena
top drawer,szuflada
top end of town,najlepsza dzielnica miasta
top it off,dopełnić
top notch,najwyższej jakości
top of mind,na pierwszym miejscu
top of the hour,na początku godziny
top of the line,najwyższa jakość
top of the morning,Dzień dobry
top of the shop,góra sklepu
top off,dopić
top oneself,zabić się
top out,osiągnąć szczyt
top shelf,górna półka
top the charts,być na szczycie list przebojów
top to bottom,od góry do dołu
top up,doładować
top-heavy with drink,bardzo pijany
topple over,przewrócić się
torch down,torfokautчук
torch up,podpalić
torque off,wyłącz moment obrotowy
torque up,dokręcić
torqued off,zdezorientowany
tosh up,zepsuć
toss and turn,przekręcać się
toss around,rzucać
toss away,wyrzucić
toss down,rzucanie
toss in,wrzuć
toss in with,wrzucić razem z
toss it in,wrzuć to
toss off,odrzucić
toss out,wyrzucić
toss together,mieszaj
toss up,rzut monetą
tot lot,cały los
tot up,dodawać
total package,kompletne rozwiązanie
total up,zsumować
totally disconnected,całkowicie odłączony
totally ordered,całkowicie uporządkowany
tote up,sumować
totus porcus,cały świń
touch a nerve,dotknąć nerwu
touch and go,na granicy
touch base,skontaktować się
touch down,lądowanie
touch in,dotknąć
touch off,wywołać
touch on,dotykać
touch oneself,dotykać siebie
touch out,dotknąć się
touch the hem of someone's garment,dotknąć obrzeża ubrania kogoś
touch up,poprawić
touch upon,dotykać
touch wood,zakląć
tough as nails,twardy jak skała
tough bananas,twarde banany
tough beans,trudne sytuacje
tough break,niefajna sytuacja
tough call,trudna decyzja
tough case,trudna sprawa
tough cookies,trudne sytuacje
tough going,trudna sytuacja
tough it out,przetrwać
tough love,twarde wychowanie
tough luck,niefortunny los
tough out,przetrwać
tough sledding,trudne warunki
tough tacos,twarde tacos
tough tarts,trudne ciastka
tough titty,trudna sytuacja
tough titty said the kitty,trudna sytuacja powiedziała kotka
tough toodles,trudne zabawki
tough tooshie,twardy tyłek
tough tuchus,twardy tyłek
tough tushie,twardy tyłek
toughen up,wzmocnić
toujours perdrix,zawsze przepiórka
towel down,zmniejsz głośność
towel off,wycieranie
towel up,zrezygnować
tower over,wznosić się nad
town and gown,życie studenckie i życie akademickie
toy with,zabawka
toys in the attic,zabawki na poddaszu
trace down,odnaleźć
trace out,wyrysować
track down,odnaleźć
track record,osiągnięcia
track with,współgrać z
tractor out,traktor na zewnątrz
trade away,wymienić się
trade down,zmniejszyć
trade hands,przekazywane z ręki do ręki
trade in,wymiana
trade off,kompromis
trade up,wymiana na lepszy produkt
trail away,zanikać
trail behind,pozostawać w tyle
trail off,umierać
trailer park trash,śmieci z przyczepowego miasteczka
trailer trash,śmieciarze
train up,szkolić
train wreck,katastrofa
trample out,deptanie
trance out,zaniknąć
transform and roll out,przekształcić i wdrożyć
trap and trace,pułapka i śledzenie
trap in,wpuścić
trap out,wyciągnąć
trash out,wyrzucić
tread carefully,ostrożnie
tread down,deptanie
tread lightly,uważać
tread on,deptanie
tread on someone's toes,krzyżować komuś ścieżkę
tread out,deptanie
tread the boards,grać na scenie
tread upon,deptanie
treat of,traktować o
tremble and obey,drżeć i posłuszeństwo
trench mouth,ropień dziąseł
trenything is possible,wszystko jest możliwe
trial and error,metoda prób i błędów
trial balloon,balon próbny
trial by fire,próba ogniem
trial by media,proces w mediach
trials and tribulations,trudności i przeciwności
trice up,podnieść
trick of the trade,sekret zawodowy
trick off,oszukać
trick or treat,cukierek albo psikus
trick out,dostosowywać
trick question,podchwytliwe pytanie
trick up,figiel
trick up one's sleeve,as w rękawie
tricked out,dopracowany
trickle down,przesączanie się
tried and tested,sprawdzony i przetestowany
tried and trusted,sprawdzony i niezawodny
trifle with,bawić się
trim down,zmniejszyć
trim up,przyciąć
trip out,wyjazd
trip over,potknąć się
trip over oneself,potykać się o własne nogi
trip to the woodshed,wycieczka do drewutni
trip up,potknąć się
triple down,podwoić stawkę
trog off,odchodzić
trolley off,zdejmij wózek
troon out,wyjechać
trophy wife,żona-trofeum
trot off,biegnąć truchtem
trot out,prezentować
trotter case,sprawa dotycząca trotterów
trouble at mill,problemy w fabryce
trouble in paradise,problemy w raju
truck in,włożyć
truck out,wywozić
true blue,wierny
true colours,prawdziwe oblicze
true stripes,prawdziwe pasy
true to form,zgodnie z oczekiwaniami
true up,dopasować
truly yours,szczerze twój
Trump bump,Efekt Trumpa
Trump slump,Spadek poparcia dla Trumpa
trump up,sfabrykować
trundle along,przemierzać
truss up,wiązać
trust me bro,uwierz mi ziom
trust someone to,użyć kogoś do
trust the process,zaufaj procesowi
truth be told,mówiąc szczerze
truth is stranger than fiction,Prawda jest dziwniejsza niż fikcja
truth will out,prawdę nie da się ukryć
try as one may,jak bardzo się starać
try as one might,jak bardzo by się próbował
try it on,spróbuj to
try on,przymierzyć
try on for size,przymierzyć
try one's hand,spróbować swoich sił
try one's hand at something,spróbować swoich sił w czymś
try one's luck,spróbować szczęścia
try out,wypróbować
try the veal,spróbuj cielęciny
tua culpa,Twoja wina
tube steak,parówka
tuck away,schować
tuck in,włożyć
tuck into,włożyć
tuck out,wsunąć
tuck up,włożyć
tucker out,wyczerpać
tug at,ciągnąć
tug of war,szarada
tug one's forelock,ciągnąć za kucyk
tulip mania,gorączka tulipanowa
tumble down,przewracać się
tumble in,przewracać się
tumble on,potknąć się
tumble to,przewracać się
tumble together,mieszanie się
tumble up,przewrócić się
tune down,zmniejszyć głośność
tune in,oglądaj
tune out,wyłączyć dźwięk
tune up,regulacja
tuned in,zintegrowany
tuppence worth,dwa grosze
turd in the punchbowl,psuł w zupę
turf out,wyrzucić
turf war,walka o terytorium
turkey shoot,strzelanie do indyków
turn a blind eye,przymykać oko
turn a blind eye to something,przymykać oko
turn a corner,skręcić za róg
turn a deaf ear,ignorować
turn a hair,poruszyć włoskiem
turn a phrase,wyrażać się
turn a profit,osiągać zysk
turn a setback into a comeback,zamienić porażkę w sukces
turn a trick,wykonać sztuczkę
turn about,obrót
turn about is fair play,ojciec odwet
turn against,obrócić się przeciwko
turn around,obróć się
turn aside,odwrócić się
turn away,odwrócić
turn back,wróć
turn back the clock,cofnąć czas
turn down,obniżyć
turn forth,wychodzić
turn heads,przyciągać uwagę
turn in,oddaj
turn in on oneself,obrócić się do wewnątrz
turn in one's grave,obracać się w grobie
turn into,zamienić się w
turn into a pumpkin,zamienić się w dynię
turn loose,uwolnić
turn of events,zwrot wydarzeń
turn of speed,przyspieszenie
turn of the screw,powrót śruby
turn off,wyłącz
turn on,włączyć
turn on its head,odwrócić
turn on one's heel,obrócić się na pięcie
turn one's coat,odwrócić płaszcz
turn one's color,zrobić się czerwony
turn one's nose up,kręcić nosem
turn or burn,zwycięstwo lub porażka
turn out,okazać się
turn over,przewrócić
turn over a new leaf,zacząć nowe życie
turn round,obróć się
turn someone's head,odwrócić czyjąś uwagę
turn tail,uciec
turn the air blue,wywołać oburzenie
turn the boat,obróć łódź
turn the corner,zejść z zakrętu
turn the other cheek,odwróć drugi policzek
turn the page,przekręć stronę
turn the scale,przewaga
turn the screw,dokręcić śrubę
turn the tables,odwrócić sytuację
turn the tide,odwrócić los
turn to,obróć się
turn to dust,zamienić się w pył
turn to good account,wykorzystać z korzyścią
turn together,obracać razem
turn turtle,przewrócić się
turn two,obróć dwa
turn under,podwijać
turn up,zjawić się
turn up for the book,podekscytować się książką
turn up one's nose,kręcić nosem
turn up the heat,zwiększ temperaturę
turn up the volume on,zwiększ głośność
turn up trumps,okazać się pomocnym
turn upon,zależeć od
turn upside down,odwrócić
turnabout is fair play,odwet jest sprawiedliwością
turned of,wyłączony
turning point,punkt zwrotny
turtle down,schowaj żółwia
turtle head,głowa żółwia
turtle up,włącz tryb oszczędzania energii
twat about,gadać o
twat around,głupoty
tweak on,dostosowywać
tweak out,wyciągnąć
twelve-ounce curls,lokony o objętości dwunastu uncji
twenty bucks is twenty bucks,dwadzieścia dolarów to dwadzieścia dolar…
twenty dollars is twenty dollars,dwadzieścia dolarów to dwadzieścia dolar…
twenty to the dozen,dwadzieścia na tuzin
twenty whole dollars,dwadzieścia dolarów
twenty winks,dwadzieścia mrugnięć
twenty-twenty hindsight,mądrość po fakcie
twiddle one's thumbs,bawić się w palce
twilight industry,przemysł zachodzący
twilight years,późne lata życia
twilight zone,strefa zmierzchu
twinkle in one's daddy's eye,iskierka w oku taty
twinkle in one's father's eye,iskierka w oku ojca
twinkle out,zgasnąć
twist and turn,skręcać i obracać się
twist in the wind,wir wietrzny
twist of fate,zwrot losu
twist up,skręcać
twists and turns,zakręty
two a penny,dwa grosze
two birds with one stone,zabić dwóch ptaków na raz
two birds/one stone,dwie spraw
two birds—one stone,dwie muchy jednym strzałem
two bob,dwa dolary
two can play at that game,do dwóch się gra
two can play at this game,do dwóch się gra
two can play that game,do dwóch się gra
two can play this game,do dwóch się gra
two cents,dwa grosze
two for two,dwa do dwóch
two ha'pennies for a penny,dwa grosze za jeden grosz
two heads are better than one,dwa głowy są lepsze od jednej
two left feet,brak zmysłu do tańca
two left hands,dwa lewe ręce
two penn'orth,dwa pensy
two pennies to rub together,dwa grosze na ząb
two pennies' worth,dwa grosze opinii
two plus two equals five,dwa plus dwa równa się pięć
two sides of the same coin,dwie strony tej samej monety
two slips of latinum,dwa kawałki latumu
two steps ahead,o krok przed
two tears in a bucket,dwie krople w wiadrze
two thumbs up,dwa kciuki w górę
two up,dwa w górę
two upon ten,dwa na dziesięć
two wrongs don't make a right,dwa złe nie czynią jednego dobrego
two wrongs make a right,dwa złe uczynki nie czynią jednego dobre…
two's company and three is none,dwoje to wystarczająca liczba a troje to…
two-fisted drinker,miłośnik mocnych trunków
two-forty on a plank road,dwieście czterdzieści na drodze z desek
two-hit wonder,jednorazowy sukces
two-second rule,zasada dwóch sekund
two-way street,dwie strony medalu
type out,wpisywać
type up,wpisać
tyre kicker,osoba, która tylko ogląda, ale nie kupuj…
ugly American,Amerykanin
ugly customer,niegrzeczny klient
ugly duckling,brzydkie kaczątko
ugly up,zepsuć wygląd
ultra vires,ponad uprawnienia
unable to can,niezdolny do konserwowania
under a cloud,pod ciemnym obłokiem
under a lucky star,pod szczęśliwą gwiazdą
under a spell,pod czarem
under arrest,pod zatrzymaniem
under canvas,pod płótnem
under center,w centrum
under construction,w budowie
under control,pod kontrolą
under correction,poddany korekcie
under cover,pod przykrywką
under cover of darkness,w ukryciu
under cover of night,pod osłoną nocy
under erasure,pod kreską
under fire,pod ostrzałem
under glass,pod szkłem
under hack,pod atakiem
under hatches,pod opieką
under lock and key,pod kluczem
under no circumstance,w żadnym wypadku
under no circumstances,w żadnych okolicznościach
under oath,pod przysięgą
under one roof,pod jednym dachem
under one's arm,pod pachą
under one's belt,w swoim zasobie
under one's breath,pod nosem
under one's feet,pod nogami
under one's hand,podpisane
under one's hat,w głowie
under one's own steam,samodzielnie
under one's thumb,pod kontrolą
under one's very eyes,na własnych oczach
under one's very nose,pod nosem
under one's wing,pod opieką
under pain of,pod groźbą
under par,poniżej normy
under protest,z zastrzeżeniami
under sail,pod żaglami
under seal,pod pieczęcią
under someone's nose,pod nosem
under someone's roof,pod czyimś dachem
under the auspices of,pod patronatem
under the bootheel of,pod butem
under the breath,pod nosem
under the carpet,pod dywanem
under the cosh,pod presją
under the counter,pod ladą
under the covers,pod kołdrą
under the fist of,pod pięścią
under the gun,pod presją
under the hammer,pod młotkiem
under the hood,pod maską
under the illusion,pod wpływem złudzenia
under the impression,pod wrażeniem
under the influence,pod wpływem
under the influence of,pod wpływem
under the jail,pod więzieniem
under the knife,na stole operacyjnym
under the lee,po lewej stronie
under the mahogany,pod mahoniem
under the microscope,pod lupą
under the pump,pod presją
under the radar,pod fałszem
under the rose,pod dywanem
under the rug,pod dywanem
under the rule,pod rządami
under the saya,pod sarongiem
under the sheets,pod prześcieradłem
under the stars,pod gwiazdami
under the sun,pod słońcem
under the surface,pod powierzchnią
under the table,pod stołem
under the terms of,zgodnie z warunkami
under the weather,niedobrze się czuć
under the weight of,pod wpływem ciężaru
under the wire,na ostatnią chwilę
under the yoke,pod jarzmem
under water,pod wodą
under way,w toku
under wraps,utajone
underneath one's breath,pod nosem
underneath the hood,pod maską
underpromise and overdeliver,obiecuj mniej a dawaj więcej
understand the assignment,rozumiem zadanie
undress with one's eyes,obnażać wzrokiem
unicorn barf,wymiociny jednorożca
unicorn puke,wymiociny jednorożca
unicorn vomit,wymiociny jednorożca
uniformly continuous,równomiernie ciągła
union is strength,sila w jedności
union makes strength,sila w jedności
unity is strength,zjednoczenie to siła
unity makes strength,sila w jedności
university of life,uniwersytet życia
university of the streets,uniwersytet życia
unknown quantity,nieznana wielkość
unmask one's batteries,ujawnić swoje atuty
uno ab alto,z góry
unring a bell,cofnąć słowo
unsung hero,bohater bez odznaczeń
until all hours,do późnych godzin
until further notice,do odwołania
until hell freezes over,aż diabli zatańczą
until Kingdom come,aż po wieki
until next time,do następnego razu
until one's dying day,aż do śmierci
until proven otherwise,aż do udowodnienia inaczej
until the cows come,aż krowy wrócą
until the cows come home,aż cielęta się urodzą
until the cows freeze over,aż krowy zamarzną
until the last dog is hung,aż do ostatniego psa
until the pips squeak,aż się zgrzytanie usłyszy
until the wheels fall off,aż się zużyje
until we meet again,do zobaczenia
unto itself,do samego siebie
unto the ages of ages,na wieki wieków
unto time,do czasu
unused to,nieprzyzwyczajony
up a close,blisko
up a creek,w kłopocie
up a creek without a paddle,w poważnej sytuacji
up a gum tree,w drzewie gumowca
up a height,na wysokości
up a storm,na całego
up a stump,na pniu
up a tree,na drzewie
up against,przeciwko
up against the ropes,w trudnej sytuacji
up and at 'em,do dzieła
up and away,w górę i dalej
up and coming,wschodzący
up and down,w górę i w dół
up and running,działa
up close and personal,blisko i osobiście
up for,gotowy do
up for grabs,do zdobycia
up front,z góry
up goes the donkey,W górę jedzie osioł
up hill and down dale,w górę i w dół
up in one's grill,w stałej bliskości
up in the air,w powietrzu
up line,linia w górę
up on one's ear,w uszach
up one's own ass,być aroganckim
up one's sleeve,w zanadrzu
up one's sleeves,w rękawie
up poo creek,w poważnych problemach
up shit creek,w poważnych tarapatach
up shit creek without a paddle,w poważnej kłopocie
up shit's creek,w poważnych tarapatach
up shit's creek without a paddle,w poważnej kłopocie
up someone's alley,do gustu kogoś
up someone's ass,wsadzić komuś palec w dupę
up someone's strasse,uliczyć komuś
up someone's street,na ulicy kogoś
up the aisle,wzdłuż alejki
up the ante,zwiększyć stawkę
up the booai,w górę
up the boohai,w górę
up the creek,w tarapatach
up the creek without a paddle,w poważnej kłopocie
up the duff,w ciąży
up the flume,w górę rurociągu
up the Oxo Tower,na wieżę Oxo
up the pole,na maszt
up the proverbial,do góry
up the river,w górę rzeki
up the spout,na marne
up the stick,w górę patyka
up the stump,na drzewo
up the wall,w górę ściany
up the walls,w górę po ścianach
up the wazoo,bardzo dużo
up the yin-yang,w górę jing-jang
up the ying yang,do góry nogami
up the ying-yang,do góry nogami
up to anything,do czegokolwiek
up to eleven,do jedenastu
up to no good,robić głupoty
up to one's ass in alligators,w poważnych kłopotach
up to one's chin,po uszy
up to one's ears,po uszy
up to one's elbows,po łokcie
up to one's eyeballs,po uszy
up to one's eyebrows,po uszy
up to one's eyes,po uszy
up to one's neck,po uszy
up to one's neck in alligators,w poważnych kłopotach
up to one's old tricks,wraca do starych sztuczek
up to par,zgodny ze standardem
up to scratch,na odpowiednim poziomie
up to snuff,w porządku
up to something,robi coś
up to speed,na bieżąco
up to the chin,do brody
up to the elbows,do łokci
up to the hammer,do młotka
up to the hub,do piasty
up to the knocker,do klamki
up to the mark,zgodny z wymaganiami
up to the nines,w pełnej elegancji
up to the tonsils,do migdałków
up to time,w terminie
up until,aż do
up what spring,w górę co wiosna
up with the chickens,wstać z kurami
up with the lark,wcześnie rano
up with the larks,wcześnie rano
uphill battle,ciężka walka
upon a sixpence,na sześciogroszówkę
upon a stound,na podstawie zdarzenia
upon a sudden,nagle
upon a time,Dawno temu
upon my sivvy,na moim siedzeniu
upon my soul,przysięgam
upon one's legs,na nogach
upon one's speed,w zależności od prędkości
upon pain of,pod groźbą
upon reflection,po namyśle
upon the back of,na plecach
upon the books,w księgach
upon the carpet,na dywanie
upon the heels of,po
upon the instant,natychmiast
upon the matter,w tej sprawie
upon the pad,na podkładce
upon the point of,w momencie
upon the square,na placu
upon the strength of,w oparciu o
upon the tapis,na stole
upon the wing,na skrzydłach
upper crust,elita
upper hand,przewaga
upper storey,górny poziom
ups and downs,wzloty i upadki
upset the applecart,zakłócić spokój
upward of,w górę
upwardly mobile,ambitny
ur mum,moja mama
urban fabric,miejska tkanka
urge on,pobudzać
urge to merge,popyt na fuzję
use in anger,w gniewie
use it or lose it,użyj albo stracisz
use one's coconut,używać mózgu
use one's head,używać głowy
use one's noggin,używać głowy
use to,używać
use up,wykorzystać
use your words,użyj swoich słów
used to,przyzwyczajony do
useful as a chocolate teapot,tak samo przydatny jak czekoladowy czajn…
useful as tits on a bull,niepotrzebny jak broń w rękach dziecka
useless as tits on a bull,niepotrzebny jak brodawki na byku
usher in,wprowadzać
uterine cancer,rak macicy
vacuum up,odkurzać
valar dohaeris,niech się stanie
valar morghulis,wszyscy ludzie umierają
vale of tears,dolina łez
valley of death,dolina śmierci
valley of the shadow of death,dolina cienia śmierci
vamp up,podkręcić
vanish to the four winds,rozproszyć się na wietrze
vanishing act,magiczny zniknięcie
variety is the spice of life,różnorodność to przyprawa życia
vast majority,ogromna większość
veg out,leniuchować
vehicularly challenged,mający problemy z prowadzeniem samochodu
vehicularly housed,przechowywany w pojeździe
vel non,albo nie
vel sim.,bardzo dobrze
velvet handcuffs,satynowe kajdanki
verb. sap.,czasownik. sok
verbum sap,mądrość
verbum sapienti,słowo mądremu
verbum sat,słowo jest
verge on,być na granicy
vertically challenged,niskiego wzrostu
very good,bardzo dobrze
very well,bardzo dobrze
vestra culpa,wasza wina
vibe out,odpoczywać
vibe with,czuć się dobrze z
victim of one's own success,ofiara własnego sukcesu
victory at sea,zwycięstwo na morzu
vide infra,patrz poniżej
vide supra,patrz wyżej
view from the top,widok z góry
vim and vigor,żywość i energia
Virtue is her own reward,Cnota jest nagrodą samą w sobie
virtue is its own reward,cnota jest nagrodą sama w sobie
virtuous circle,pozytywny krąg
vision out,wyobraźnia
visually impaired,osoba z wadą wzroku
vive la difference,niech różnice trwają
voice in the wilderness,głos w pustyni
voices off,wycisz dźwięk
vomit up,wykrztusić
vostra culpa,Twoja wina
vote blue no matter who,głosuj na niebieskich niezależnie od kan…
vote down,odrzucić
vote in,głosować w
vote off the island,wyrzucenie z wyspy
vote out,odsunąć od władzy
vote up,głosowanie
vote with one's feet,decydować swoimi czynami
vote with one's wallet,decydować portfelem
vouch for,gwarantować
VR legs,wirtualne nogi
vulture culture,kultura padlinożerców
W-shaped recession,Recesja w kształcie litery W
wack out,oszaleć
wade in,wchodzić do wody
wade through,przebijać się przez
waft off,unosić się
waft over,unosić się
wag a finger,machnąć palcem
wag the dog,machać ogonem
wail on,wywierać presję
wait and see,poczekajmy i zobaczymy
wait around,czekać
wait for,czekaj
wait for Godot,czekać na Godota
wait for it,czekaj na to
wait for the ball to drop,czekaj aż piłka spadnie
wait for the dust to settle,poczekać aż sytuacja się uspokoi
wait in the wings,czekać w zapleczu
wait on,czekać
wait on someone hand and foot,obsługiwać kogoś
wait out,poczekać aż minie
wait till the clouds roll by,poczekaj aż chmury przeminą
wait up,czekaj
wait upon,obsługiwać
wait upon hand and foot,obsługiwać jak króla
waiting game,gra na zwłokę
waiting in the wings,czekający w zapleczu
waiting to happen,oczekujący na wystąpienie
wake and bake,wstać i palić
wake the dead,obudzić umarłych
wake up,obudzić się
wake up and die right,obudź się i umrzyj
wake up and smell the coffee,obudź się i otrzeźwiej
wake up one day,obudzić się któregoś dnia
wale on,wale
walk a mile in someone's shoes,wejść w buty drugiej osoby
walk all over,wyzyskiwać
walk around,spacerować
walk away,odejść
walk away from,odchodzić od
walk away with,zdobyć
walk back,cofnąć się
walk behind,idź za kimś
walk down,zejść
walk free,być na wolności
walk in,wejść
walk in on,wpaść do
walk in the park,spacer w parku
walk in the snow,spacer po śniegu
walk into,wejść do
walk of life,warstwa społeczna
walk off,odejść
walk off with,zabrać
walk on,chodzić po
walk on broken glass,chodzić po potłuczonych szkłach
walk on by,przejść obok
walk on eggshells,chodzić na jaju
walk on sunshine,idź w słońcu
walk on the wild side,żyć niebezpiecznie
walk on water,chodzić po wodzie
walk one's chalks,wykonywać obowiązki
walk out,wyjść
walk out on,opuścić
walk out with,opuszczać z
walk over,przejść
walk the beat,patrolować teren
walk the chalk,rysować kredą
walk the dog,wyprowadzić psa
walk the floor,spacerować
walk the line,trzymać się linii
walk the plank,iść na desce
walk the streets,spacerować po ulicach
walk the talk,potwierdzać słowa czynami
walk the walk,potwierdzić słowami czynami
walk through,przejście
walk with,spacerować z
wall in,wewnątrz ściany
wall of silence,mur milczenia
wall off,otoczyć murem
wall up,zamurować
walls have ears,ściany mają uszy
Wally World,Świat Walleye'a
wander off,zboczyć
wank off,mastersować
wanker's cramp,skurcz po orgazmie
wanna bet,chcesz się postawić
want for,potrzebować
want for nothing,nie mieć żadnych potrzeb
want in,chcę dołączyć
want must be one's master,chcieć być kimś panem
want out,chcę wyjść
want someone's nachos,chcieć czyjeś nachosy
want to,chcieć
want to bet,chcę się postawić
want to know,chcę wiedzieć
wanton kittens make sober cats,figlarne kocięta sprawiają, że dorosłe k…
war bride,panna wojenna
war is hell,wojna to piekło
war of nerves,wojna nerwów
war of words,słowna przepychanka
ward off,odwodzić
warm body,ciepłe ciało
warm down,rozgrzewka
warm over,podgrzać
warm regards,serdeczne pozdrowienia
warm the cockles of someone's heart,rozgrzewać serce
warm up,rozgrzewka
warmest regards,serdecznie pozdrawiam
warn off,odstraszyć
warts and all,z wszystkimi wadami
wash a blackamoor white,białować murzynka
wash and squash,umyć i zmiażdżyć
wash away,zmyć
wash down,spłukać
wash off,zmyć
wash one's dirty laundry in public,prać brudy na oczach wszystkich
wash one's dirty linen in public,prać brudy na forum publicznym
wash one's elbows,myć łokcie
wash oneself of,zmyć z siebie
wash out,zmyć
wash over,przemknąć
wash up,umyć się
wash with,myć czymś
washed out,wyblakły
wasp around,wokół osy
waste away,więdnąć
waste breath,marnować oddech
waste of breath,marnowanie słów
waste of space,marnowanie miejsca
watch back,oglądać ponownie
watch it,oglądaj to
watch one's language,uważać na słowa
watch one's mouth,uważać co się mówi
watch one's step,uważać na siebie
watch out,uważaj
watch over,pilnować
watch the world burn,oglądać jak świat płonie
watch the world go by,obserwować świat
watch this space,czekajcie na rozwój wydarzeń
watched toast never burns,obserwowałem tosty które nigdy się nie p…
water down,rozcieńczać
water finds its level,woda znajduje swoje miejsce
water finds its own level,woda znajduje swoje własne wyższego poło…
water is wet,woda jest mokra
water over the dam,przelew przez tamę
water seeks its level,woda znajduje swoje miejsce
water seeks its own level,Woda zawsze znajduje swoje naturalne poł…
water to one's mill,pomagać komuś w realizacji jego planów
water under the bridge,przeszłość
waterfowl alignment,wyrównanie ptaków wodnych
watering hole,miejsce gdzie można napić się wody
watery grave,wodna groba
wave aside,odrzucić
wave away,machnąć ręką
wave down,machnąć ręką
wave goodbye,machnąć się na pożegnanie
wave goodbye to something,żegnać się z czymś
wave in,machaj
wave of the hand,machnięcie ręką
wave off,machnąć ręką
wave the white flag,poddać się
wave through,przepuszczać
wax and wane,wzrost i spadek
wax down,nakładanie wosku
wax on,wosk włącz
wax the dolphin,delfin
way back when,dawno temu
way of thinking,sposób myślenia
way out of a paper bag,łatwo do zgryzienia
we all bleed red,wszyscy krwawimy na czerwono
we all make mistakes,wszyscy popełniamy błędy
we been knew,wiedzieliśmy od dawna
we hardly knew ye,prawie cię nie znaliśmy
we haven't got all day,Nie mamy całego dnia
we live in a society,żyjemy w społeczeństwie
we wuz kangz,byliśmy królowie
we wuz kangz n sheeit,byliśmy królowie i wszystko
we wuz kangz n shiet,byliśmy królowie i wszystko
weak sister,słaba siostra
weak tea,słaba herbata
weaken up,obudzić się
weaker vessel,słabszy statek
weakly cardinal,słabo kardynalny
weakly contractible,słabo kurczliwy
wean off,odstawiać
weaponized incompetence,celowe niekompetencje
weapons free,broń do dyspozycji
weapons hold,trzymaj broń
weapons tight,broń gotowa
wear and tear,zużycie
wear away,zużywać się
wear down,zużywać
wear in,zużywać
wear many hats,wykonywać wiele funkcji
wear off,przejść
wear on,zużycie
wear one's heart on one's sleeve,wyjawiać swoje uczucia
wear out,zużywać się
wear out one's welcome,przekroczyć granicę gościnności
wear rose-colored glasses,patrzeć przez różowe okulary
wear sackcloth and ashes,nosić pokutny strój
wear the trousers,mieć przewagę
wear thin,zużywać się
wear through,zużywać się
wear too many hats,mieć zbyt wiele obowiązków
wear two hats,pełnić podwójną rolę
wear up,zużywać się
wear yellow stockings,nosić żółte pończochy
weary out,wyczerpać
weasel into,wślizgiwać się
weasel out,wyłudzić się
weather out,przetrwać
weather the storm,przetrwać burzę
wedge up,podważać
weed out,odrzucać
Weekend at Bernie's,Weekend u Berniego
weep Irish,płakać irlandzko
weigh against,ważyć przeciwko
weigh down,obciążać
weigh in,ważyć się
weigh off,odmierzyć
weigh on,obciążać
weigh out,odmierzyć
weigh up,ważyć
weight down,obciążać
weight of the world,ciężar świata
weird and wonderful,dziwne i wspaniałe
weird flex but OK,dziwne, ale okej
weird out,dziwić
welcome back,Witamy z powrotem
welcome home,Witamy do domu
welcome to my life,Witamy w moim życiu
welcome to my world,Witamy w moim świecie
welcome to the club,Witamy w klubie
weld together,złączyć spawaniem
welfare Cadillac,społeczna pomoc Cadillac
well and good,dobrze i dobrze
well and truly,naprawdę
well begun is half done,Dobry początek to połowa sukcesu
well done,dobrze zrobione
well played,dobra gra
well said,dobrze powiedziane
well up,wzruszyć się
well-oiled machine,dopracowany mechanizm
Welsh comb,czesak walijski
were it not for,gdyby nie
were you born in a tent,Czy urodziłeś się w namiocie
wet behind the ears,niedoświadczony
wet blanket,pesymista
wet boy,mokry chłopiec
wet down,zrosić
wet firecracker,mokry petard
wet one's beak,móc dziób
wet one's pants,zmoczyć spodnie
wet one's whistle,zalać gardło
wet out,zwilgnąć się
wet the bed,moczyć się w nocy
wet the shamrock,zrosić trójlistek
wet through,mokry do suchej nitki
whack off,odciąć
whack on,uderzyć
whack one out,wyjść
whack out,uderzyć
whack up,uderzyć
whale away,spędzać czas
whale on,włącz
wham bam thank you ma'am,Szybko i sprawnie
what a shame,jakie wstyd
what a small world,jakie to małe światło
what about the children,co z dziećmi
what am I bid,co proponujecie
what am I looking at,Na co patrzę
what are the odds,jakie są szanse
what are you like,jaki jesteś
what are you looking at,na co patrzysz
what are you smoking,co ty palisz
what are you waiting for,na co czekasz
what can I say,Co mogę powiedzieć
what can I tell you,Co mogę ci powiedzieć
what cheer,wesoło
what color is your Bugatti,Jakiego koloru jest Twój Bugatti
what colour is your Bugatti,Jakiego koloru jest Twój Bugatti
what comes around goes around,co sie kręci, to sie kręci
what did I tell you,co ci mówiłem
what do I know,co ja wiem
what do you know,co wiesz
what do you make the time,jak oceniasz czas
what do you say,co powiesz
what do you want: blood?,co chcesz: krew
what else is new,co nowego
what foot the shoe is on,na której nodze jest ten but
what gives,co się dzieje
what go round come round,co się kręci, to się kręci
what goes around comes around,co sie krąży, to wraca
what goes round comes round,Co się kręci, to się kręci
what goes up must come down,Co w górę, to w dół
what good is,na co się to przyda
what happens twice happens thrice,Co się dzieje dwa razy, dzieje się trzy …
what has someone done,co ktoś zrobił
what in tarnation,co się dzieje
what in time,co za czas
what is more,co jest więcej
what is one to do,co robić
what is the matter,co się stało
what is the time,Która godzina
what is your job,jaka jest twoja praca
what is your problem,jaki jest twój problem
what it is,co to jest
what it takes,co jest potrzebne
what next,co dalej
what o'clock is it,która godzina
what price,jaka cena
what say you,co powiesz
what seems to be the problem,Jaki jest problem
what someone is about,o czym jest dana osoba
what someone said,to co ktoś powiedział
what someone says goes,to co ktoś mówi ma znaczenie
what that mouth do,co robi ten usta
what the crap,co za głupota
what the deuce,co za diabełstwo
what the Devil,co za diabeł
what the doctor ordered,to co lekarz zalecił
what the ef,co jest
what the eff,co za ch
what the fish,co to jest
what the flip,co za głupota
what the flying fuck,co za chuj
what the fuck,co do kurwy
what the fudge,co za czary
what the goodyear,co to jest Goodyear
what the hay,co się dzieje
what the heck,co to jest
what the hell,co za diabelstwo
what the helly,co się dzieje
what the hey,co się dzieje
what the shit,co za gówno
what time do you make it,o której godzinie to robisz
what time have you got,Która godzina
what was someone smoking,co ta osoba paliła
what was someone thinking,o czym ktoś myślał
what was your first clue,jaki był twój pierwszy trop
what would Jesus do,Co by zrobił Jezus
what's cooking,co się dzieje
what's doing,co się dzieje
what's done cannot be undone,co zostało zrobione, nie można cofnąć
what's done is done,co było, tego nie oddać
what's eating,co je
what's eating you,co cię trapi
what's going on,Co się dzieje
what's in a name,co jest w imieniu
what's in it for me,co mam z tego
what's in the bag,co jest w torbie
what's it to you,co cię to obchodzi
what's more,co więcej
what's new,Co nowego
what's next,co dalej
what's not to like,co można nie lubić
what's not to love,co można w tym nie lubić
what's occurring,co się dzieje
what's old is new again,Stare staje się nowe
what's one's angle,jakie jest stanowisko
what's someone's damage,jakie są szkody
what's the beef,co jest nie tak
what's the betting,jakie są szanse
what's the big idea,co się dzieje
what's the crack,co słychać
what's the craic,co słychać
what's the damage,jakie są szkody
what's the deal,co się dzieje
what's the difference,Jaka jest różnica
what's the good of,na co się to przyda
what's the haps,co słychać
what's the matter,co się stało
what's the scam,jaki to oszustwo
what's the story,co się stało
what's the time,Która godzina
what's the use,po co
what's up,co słychać
what's up Doc,co słychać
what's up with,co się dzieje
what's what,co jest co
what's with,co się dzieje
what's yer poison,co lubisz
what's your game,w co grasz
what's your pleasure,co sprawia ci przyjemność
what's your poison,co lubisz
what's your problem,Jaki jest twój problem
whatcha know good,co wiesz dobrze
whatever butters your biscuit,niech to będzie jak chcecie
whatever butters your biscuits,niech to będzie jak chcecie
whatever butters your bread,niech to będzie jak lubisz
whatever butters your muffin,niech to będzie jak lubisz
whatever butters your toast,niech to będzie jak lubisz
whatever creams your twinkie,nie obchodzi mnie to
whatever floats your boat,niech każdy robi jak chce
whatever helps you sleep at night,co pomaga ci spać w nocy
whatever humps your camel,nie obchodzi mnie to
whatever it takes,cokolwiek trzeba
whatever melts your butter,niech to będzie dla Ciebie ważne
whatever next,co będzie dalej
whatever sizzles your bacon,niech to, co sprawia ci przyjemność
whatever the case may be,niezależnie od okoliczności
whatever tickles your pickle,jak się podoba
whatever winds your clock,niech żyje królowa
whatever you do,cokolwiek robisz
what’s wrong with this picture?,Co jest nie tak na tym zdjęciu
wheat bread,pieczywo z mąki pszennej
wheel about,obrót
wheel and deal,układanie interesów
wheel around,okrążyć
wheel away,odjechać
wheel out,wyjechać
wheel round,obrót
wheel within a wheel,koło w kole
wheeler and dealer,handlarz
wheeling and dealing,intrygi i machinacje
wheels are turning,koła się obracają
wheels of steel,koła ze stali
when Adam was an oakum boy,kiedy Adam był jeszcze dzieckiem
when all is said,kiedy wszystko się powiedziało
when all is said and done,kiedy wszystko się skończy
when everything is said and done,kiedy wszystko się skończy
when Hell freezes over,kiedy piekło zamarznie
when in Rome,jak w Rzymie
when it comes to,kiedy chodzi o
when it's at home,kiedy jest w domu
when opportunity knocks,kiedy nadchodzi okazja
when pigs fly,kiedy świnią latać
when push comes to shove,kiedy nadejdzie moment prawdy
when the balloon goes up,kiedy balon się uniesie
when the cat's away,kiedy kota nie ma
when the chips are down,kiedy sytuacja jest trudna
when the music stops,kiedy muzyka przestanie grać
when the time comes,kiedy nadejdzie czas
when two Fridays come together,kiedy dwa piątki się zbiegają
when two Sundays come together,kiedy dwa niedziele się zbiegają
when two Sundays meet,kiedy dwa niedziele się zbiegają
whenever one turns around,zawsze gdy się odwróci
where are the snows of yester-year,gdzie są śniegi dawnych lat
where are the snows of yesteryear,gdzie są śniegi dawnych lat
where are the toilets,gdzie są toalety
where away,gdzie i jak
where do I sign up,gdzie się zapisuję
where do you live at,gdzie mieszkasz
where got,gdzie jest
where I come from,skąd pochodzę
where is the lie,gdzie jest kłamstwo
where someone is coming from,skąd ktoś pochodzi
where the puck is going,gdzie leci krążek
where the puck is heading,gdzie leci krążek
where the shoe pinches,gdzie jest największy problem
where the sun doesn't shine,gdzie nie świeci słońce
where the sun don't shine,tam gdzie nie świeci słońce
where there is a will,gdzie jest wola
where there's muck there's brass,Gdzie brud, tam i pieniądze
where's the beef,gdzie jest mięso
where's the fire,gdzie jest pożar
where's the lie,gdzie jest kłamstwo
where's the lie tho,gdzie jest kłamstwo
whet one's appetite,pobudzić apetyt
whether or not,czy czy nie
which foot the shoe is on,na której nodze jest but
which way the wind is blowing,w którą stronę wieje wiatr
whichever way one slices it,niezależnie od tego jak się na to patrzy
while away,marnować czas
while we're young,kiedy jesteśmy młodzi
while you're down there,podczas gdy jesteś tam w dole
whip down,zdemontować
whip hand,bicz
whip in,dołożyć
whip into shape,doprowadzić do formy
whip it on,nakładaj na to
whip off,zdjąć szybko
whip out,wyciągnąć
whip the cat,bić kota
whip through,przemknąć
whip together,szybko przygotować
whip up,przygotować szybko
whip up a storm,wywołać burzę
whips and jingles,bicz i dzwoneczki
whisk away,zabrać
whisk off,miksować
whiskey dick,whisky dick
whisper campaign,kampania plotek
whistle Dixie,śpiewać piosenkę Dixie
whistle for,gwizdać dla
whistle in the dark,gwizd w ciemności
whistle in the wind,śpiew wiatru
whistle past,gwizdać
whistle past the graveyard,gwizdać obok cmentarza
whistle up,gwizdać
whistle walk,gwizdek spacer
white as a sheet,biały jak ściana
white bread,biały chleb
white coat hypertension,nadciśnienie związane z obecnością lekar…
white flight,biała ucieczka
white hat,biały kapelusz
white knight,biały rycerz
white lie,białe kłamstwo
white lives matter,życie białych ludzi ma znaczenie
white magic,biała magia
white marriage,białe małżeństwo
white night,biała noc
white on rice,biały ryż
white out,zamglenie
white pee,białe mocz
white rabbit,biały królik
white rider,biały jeździec
white satin,satyna biała
white sheep,biała owca
white trash,bieda
white trashery,białe śmieci
white up,rozjaśnić
whither away,gdzie i jak
Whitman's sampler,Asortyment Whitman's
whittle away,stopować
whittle down,ograniczać
who am I kidding,kogo ja tu oszukuję
who are you telling,komu to mówisz
who ate all the pies,kto zjadł wszystkie ciasta
who died and made you boss,kto ci dał prawo być szefem
who died and made you king,kto ci dał prawo być królem
who died and made you president,kto ci dał prawo być prezydentem
who died and made you queen,kto ci dał prawo być królową
who do you think you are,kim myślisz że jesteś
who goes there,kto tam
who hurt you,kto cię skrzywdził
who knew,kto wiedział
who knows,kto wie
who put a quarter in you,kto włożył w ciebie ćwierć dolara
who shot John,kto zastrzelił Johna
who wants to know,kto chce wiedzieć
who was your servant last year,kto był twoim pracownikiem w zeszłym rok…
who watches the watchers,kto pilnuje tych, którzy pilnują
who would have guessed,kto by się tego spodziewał
who would have known,kto by się spodziewał
who would have thought it,kto by się spodziewał
who would have thunk it,kto by się spodziewał
who would've thunk it,kto by się spodziewał
who woulda thunk it,kto by się spodziewał
who writes this stuff,kto to pisze
who'd a thunk it,kto by się spodziewał
who'd have thunk it,kto by się spodziewał
who'd've thunk it,kto by się spodziewał
who'da thunk it,kto by się spodziewał
who's asking,kto pyta
who's robbing this coach,kto okrada ten autobus
who's to say?,kto to powie
who's who,kto jest kim
who's who in the zoo,kto jest kim w zoo
who's your daddy,kto jest twoim ojcem
whoever smelt it dealt it,kto czuje, ten musi odpowiadać
whole ball of wax,cały pakiet
whole box of tricks,cały zestaw sztuczek
whole cloth,cały materiał
whole enchilada,cały pakiet
whole package,cały pakiet
whole shebang,całość
whole shooting match,cały pakiet
whom am I kidding,kogo ja oszukuję
whomp on,uderzyć
whomp up,wznieść się
whoop ass,pokonać kogoś
whoop it up,bawić się wesoło
whore after,po
whore around,rozpusty się
whore out,wyzyskiwać
whore up,zepsuć
whose foot the shoe is on,czyj but jest na nodze
whose ox is gored,kto ucierpiał
why am I not surprised,dlaczego nie jestem zaskoczony
why God invented,dlaczego Bóg stworzył
why in God's name,dlaczego w imię Boga
why in the world,dlaczego na świecie
why in time,właśnie teraz
why not Zoidberg,dlaczego nie Zoidberg
why oh why,dlaczego dlaczego
why on Earth,dlaczego na ziemi
why so serious,dlaczego taki poważny
wicked tongue,złośliwy język
wide awake,całkowicie obudzony
wide berth,duży odstęp
wide of the mark,obok celu
wide open,szeroko otwarty
widen one's horizons,poszerzać horyzonty
widen up,rozszerzyć
widow's mite,drobna ofiara
wife up,związać się małżeńsko
wig on to,dołączyć
wig onto,zakładanie
wig out,oszaleć
wiggle out of,wykręcić się z
wild blue yonder,niebo
wild child,dziecko z problemami
wild horses,dzikie konie
wild out,wyżyć się
wild-goose chase,gonitwa za wiatrem
wile out,wytrzymać
wilful ignorance,świadome ignorowanie
willing and able,chętny i zdolny
willing horse,wygodny koń
willow in the wind,wierzba na wietrze
wily beguily,podstępny przebiegły
wimp out,wycofać się
win around,wygrac
win back,odzyskać
win by a nose,wygrać o włos
win one for the Gipper,graj dla niego
win or lose,wygrasz lub przegrasz
win out,zwyciężyć
win over,zdobyć
win round,wygrana runda
win the day,zdobyć dzień
win the lottery,wygrać loterię
win through,wyjść zwycięsko
win up,wygrać
wind at one's back,wiatr w plecy
wind back,cofnąć
wind back the clock,cofnąć czas
wind down,odpoczywać
wind off,odłączyć wiatr
wind tunnel testing,testy w tunelu aerodynamicznym
wind up,nakręcać
wind up one's bottoms,podciągnąć spodnie
window down,opuszczać szybę
window on the world,okno na świat
window out,na zewnątrz okna
window over,nad oknem
window up,podnieś okno
windward of the law,po stronie prawa
wine and dine,jeść i pić
wine tosser,rzucający wino
wine up,podkręcić
winged word,słowo skrzydlate
wink at,mrugać
wink out,zgasnąć
winkle out,wydobyć
winning is a great deodorant,Winning to świetny dezodorant
winning ways,sposoby na sukces
winnow down,ograniczyć
winnow up,przesiewać
winter rat,szczur zimowy
winter wonderland,zimowa kraina czarów
wipe away,wytrzeć
wipe down,przetrzeć
wipe off,wytrzeć
wipe out,wyeliminować
wipe someone's eye,otrzeć komuś oko
wipe someone's nose,otrzeć komuś nos
wipe the floor with someone,pokonać kogoś
wipe the slate clean,zacząć od nowa
wipe up,wytrzeć
wire away,odłączyć
wire in,przewód
wire off,odłączyć przewód
wise apple,mądłe jabłko
wise beyond one's years,mądry ponad swój wiek
wise head on young shoulders,mądry umysł w młodym ciele
wise off,być sprytnym
wise up,rozwadniaj się
wish away,odganiać
wish one joy of it,życzę radości z tego
wishful thinking,marzenia
with a bang,z hukiem
with a bullet,z pociskami
with a bump,z guzem
with a grain of salt,z pewną dozą sceptycyzmu
with a high arm,z podniesioną ręką
with a high hand,z arogancją
with a hint of,z nutą
with a hook,z haczykiem
with a quickness,szybko
with a vengeance,z wściekłością
with a view to,w celu
with a wet finger,mokrym palcem
with a will,z wolą
with ages,w różnym wieku
with all due respect,z całym szacunkiem
with all of one's heart,z całego serca
with all one's ears,w skupieniu
with all one's eyes,wielkimi oczami
with all one's heart,z całego serca
with all one's might,ze wszystkich sił
with an eye to,z myślą o
with an eye towards,z myślą o
with any luck,z odrobiną szczęścia
with apologies to,z wyrazami przeprosin dla
with arms wide open,z otwartymi ramionami
with bad grace,z niechęcią
with bated breath,z zapartym tchem
with bells on,z dzwonkami
with blackjack and hookers,z blackjackiem i prostytutkami
with both hands,oboma rękami
with brass knobs on,z mosiężnymi uchwytami
with cause,z powodu
with child,w ciąży
with childe,z dzieckiem
with closed doors,z zamkniętymi drzwiami
with dispatch,z zapałem
with due respect,z szacunkiem
with effect from,z mocą od
with every bone in one's body,z całego serca
with every breath,z każdym oddechem
with every fiber of one's being,z całego serca
with every fibre of one's being,z całego serca
with every ounce of one's being,z całego serca
with extra steps,z dodatkowymi krokami
with flying colors,z wyróżnieniem
with flying colours,z wyróżnieniem
with foal,z źrebięciem
with God,z Bogiem
with God as my witness,przysięgam Bogiem
with good grace,z godnością
with good reason,z dobrego powodu
with ill grace,z niechęcią
with knobs on,z zapasem
with leaden wings,z ołowianymi skrzydłami
with no further ado,bez dalszych ceregni
with one consent,za zgodą jednej osoby
with one shoulder,na jednym ramieniu
with one voice,jednogłośnie
with one's bare hands,gołymi rękami
with one's chest,w klatce piersiowej
with one's dick in one's hand,z erekcją
with one's dying breath,na łożu śmierci
with one's finger in one's mouth,z palcem w ustach
with one's finger up one's ass,z palcem w dupie
with one's head held high,z podniesioną głową
with one's jaw in one's lap,z otwartą buzią
with one's last breath,z ostatnim tchnieniem
with one's own eyes,własnymi oczami
with one's pants down,w nieprzygotowanej sytuacji
with one's tail up,z podniesionym ogonem
with one's tongue in one's cheek,z ironią
with open arms,z otwartymi ramionami
with pleasure,z przyjemnością
with prejudice,z uprzedzeniem
with reason,z powodzeniem
with reference to,w odniesieniu do
with regard to,w odniesieniu do
with regards to,w odniesieniu do
with respect,z szacunkiem
with respect to,w odniesieniu do
with that in mind,mając to na uwadze
with the best,z najlepszym
with the best of them,z najlepszymi
with the exception of,z wyjątkiem
with the Lord,u Pana
with the manner,w sposób
with the passage of time,z biegiem czasu
with the passing of time,z biegiem czasu
with the skin of one's teeth,o włos
with the spin,z obrotem
with this in mind,biorąc to pod uwagę
with time,z czasem
with tongue in cheek,z przymrużeniem oka
with whole skin,z całą skórą
with young,z młodymi
wither away,więdnąć
wither on the vine,więdnąć na winie
within a bull's roar,w zasięgu odgłosu byka
within a whisker of,niemalże
within ames ace,w obrębie ames ace
within an ace of,blisko
within an inch of one's life,prawie do śmierci
within an inch of one's skin,niemalże do samej skóry
within arm's reach,w zasięgu ręki
within call,w zasięgu telefonu
within cry,wkrótce
within living memory,w pamięci żywych ludzi
within one sigma,w obrębie jednego odchylenia standardowe…
within one's fingers,na palcach
within one's means,w ramach swoich możliwości
within one's rights,ma prawo
within reach,w zasięgu ręki
within reason,w granicach rozsądku
within the agreed time,w ustalonym czasie
within the four seas,w granicach czterech mórz
within the pale,w obrębie
within touching distance,w zasięgu ręki
without a by your leave,bez pozwolenia
without a by-your-leave,bez pozwolenia
without a doubt,bez wątpienia
without a hitch,bez problemów
without a murmur,bez słowa
without a shadow of a doubt,bez cienia wątpliwości
without a trace,bez śladu
without a word of a lie,bez kłamstwa
without accident,bez wypadku
without batting an eye,bez wahania
without biscuits,bez ciastek
without book,bez książki
without cause,bez powodu
without cease,bez przerwy
without coffee,bez kawy
without day,bez dnia
without doubt,bez wątpienia
without end,bez końca
without exception,bez wyjątku
without fail,bez failu
without fear or favor,bez obaw i uprzedzeń
without fear or favour,bez obaw i uprzedzeń
without further ado,bez dalszych ceregni
without hesitation,bez wahania
without incident,bez incydentów
without loss of generality,bez utraty ogólności
without number,bez numeru
without prejudice,bezstronnie
without price,bez ceny
without question,bez wątpienia
without recourse,bez możliwości odwołania
without so much as a by-your-leave,bez pytania
without tea and biscuits,bez herbaty i ciastek
without tears,bez łez
without trace,bez śladu
without troubling the scorers,bez zdobycia punktów
without welt or guard,bez obrzęku i ochraniacza
woe betide,niechaj się dzieje
woe to,nieszczęście
wolf back,wrócić
wolf down,połykać
wolf guarding the sheep,wilk strzegący owiec
wolf in one's stomach,wilk w brzuchu
wolf in sheep's clothing,wilk w owczej skórze
wolf of Wall Street,Wilk z Wall Street
wolf up,wyć
wolve down,zjeść
woman among women,kobieta wśród kobiet
woman of few words,kobieta niewiele mówiąca
woman of the hour,kobieta w centrum uwagi
woman of the people,człowiek z ludu
woman on the street,kobieta z ulicy
woman up,zrób to jak kobieta
women and children first,kobiety i dzieci na pierwszym miejscu
won't someone think of the children,czy nikt nie pomyśli o dzieciach
wonders never cease,cuda się nie kończą
wonk out,zawalać się
wooden ear,drewniane ucho
wooden spoon,drewniana łyżka
wooden spoonist,łyżkarz
word gets around,słowo się rozchodzi
word has it,słyszałem
word is,słowo
word is bond,słowo to świętość
word it,wyjaśnij to
word of finger,słowo palcem
word of mouth,polecenie
word on the street,plotka
word on the wire,słowo na linii
word to the wise,słowo do mądrego
word up,rozumiem
words cut deep,słowa ranią
words fail someone,brakuje słów
words of one syllable,słowa jednosylabowe
work around,obejść
work at,pracować w
work away,pracować na miejscu
work back,pracować wstecz
work in,pracować w
work into the ground,wyczerpać
work it,wykorzystaj to
work it out on the remix,zrób to na remiksie
work its magic,wykazać swoje działanie
work like a dog,pracować jak pies
work like a dream,działa idealnie
work like a horse,pracować jak koń
work like hell,pracować jak wół
work of art,dzieło sztuki
work off,spalić
work on,pracować nad
work one's fingers to the bone,pracować jak wół
work one's magic,wykazać się talentem
work out,ćwiczyć
work over,pracować nad
work round,obejść
work someone's arse off,pracować jak wół
work someone's ass off,pracować jak wół
work spouse,kolega z pracy
work the crowd,zadowalać publiczność
work the room,obiegać salę
work through,przebrnąć przez
work to rule,pracować zgodnie z regulaminem
work together,pracować razem
work up,przygotować się
work up to,przygotowywać się do
work with one's hands,pracować rękami
work wonders,czynić cuda
worked up,podniecony
working girl,pracująca dziewczyna
working hard or hardly working,pracować ciężko lub niewiele pracować
world of difference,ogromna różnica
world record,rekord świata
worlds apart,całkiem inni
worlds away,daleko
worm food,pokarm dla robaków
worm has turned,sytuacja się zmieniła
worm out,wyciągnąć
worm turns,zakręcić się
worm's-eye view,perspektywa z poziomu ziemi
worry along,martwić się
worry back,martwić się
worry down,zmartwienie
worse and worse,coraz gorzej
worse for liquor,gorszy dla alkoholu
worse for wear,zniszczony
worse things happen at sea,gorsze rzeczy się zdarzają na morzu
worship the ground someone walks on,czcić jak boga
worship the porcelain god,czcić bogów z porcelany
worship the porcelain goddess,czcić porcelanową boginię
worst comes to worst,w najgorszym razie
worst of both worlds,najgorsze z obu światów
worst-kept secret,najmniej strzeżona tajemnica
worth a Jew's eye,bardzo cenny
worth every penny,warto każdej złotówki
worth one's salt,być wartościowym
worth one's weight in gold,wartość złota
worth one's while,warto się poświęcić
would give a Jew's eye,patrzeć z ukosa
would it hurt,Czy to będzie bolało
would it kill someone,czy to mogłoby kogoś zabić
would you believe,czy byś uwierzył
would you believe it,czybyś w to uwierzył
wouldn't be seen dead,nie zgodziłby się na to za żadne pieniąd…
wouldn't you know,no i cóż
wouldn't you know it,no cóż
wouldn't you say,czy nie powiesz
wowie kazowie,nie wiem
wowie zowie,wow wow
wrack and ruin,ruina
wrap around,owinąć
wrap around one's little finger,owinąć wokół palca
wrap in cotton wool,owinąć w watę
wrap in the flag,owinąć flagą
wrap it before you tap it,Owiń to zanim stukniesz
wrap up,zawijać
wreathed in smiles,otoczony uśmiechami
wrestle with,zmagac się z
wrestle with a pig,zapaszać ze świńką
wriggle out of,wykręcić się z
wring one's hands,kręcić rękami
wring out,wykręcać
write checks one can't cash,pisać czeki których nie można wypłacić
write down,zapisz
write for the drawer,napisz do szuflady
write in,pisać
write off,odpisać
write one's own ticket,mieć duży wpływ
write oneself into a corner,wpuścić się w pułapkę
write out,pisać
write over,nadpisz
write the book,napisz książkę
write up,opis
writer's cramp,skurcz pisarski
writing on the wall,pisanie na ścianie
written all over someone's face,widać po twarzy
written in blood,napisane krwią
written in someone's face,widać po twarzy
written in the stars,przeznaczone
wrong crowd,zła grupa
wrong number,zły numer
wrong side of the tracks,zła strona torów
wuss out,wycofać się
X factor,czynnik X
X marks the spot,X oznacza to miejsce
X out,odznaczyć
X's and O's,Krzyżyki i ósemki
y'all means all,wszyscy
yack on,gadać bez końca
yada yada yada,itd itd itd
yadi yadi yada,itd
yak on,jak on
yammer on,gadać bez końca
yank around,ciągnąć w koło
yank off,wyrwać
yank someone's chain,wyciągać kogoś za nogi
Yankee dime,Amerykański grosz
yard out,wyłożyć
yard up,podnieś się
yardarm it,maszt
yardarm to,do masztu
yardarm to yardarm,od dziobu do rufy
yarn on,włącz się
yaya papaya,nieznane słowo
ye gods,o bogowie
ye of little faith,osoba o małej wierze
ye olde,stary
year dot,od dawna
yeastie beastie,mały potwór
yeasty beasty,drożdżowy i pyszny
yell out,krzyczeć
yell silently,krzyczeć w milczeniu
yellow brick road,żółta ceglana droga
yellow grease,żółty smar
yellow journalism,żółta prasa
yellow journalist,żółta prasa
yellow light,żółte światło
yellow off,żółty odcień
yellow out,żółknąć
yellow press,żółta prasa
yellow state,żółty stan
yellow up,żółcieć
yeoman's service,dzielna służba
yes and amen,tak i amen
yes and no,tak i nie
yes man,człowiek tak
yes to death,tak na śmierć
yesterday is gone,wczoraj minął
yesterday's gone,wczoraj minął
yield the ghost,ujawnić ducha
yield up,oddaj
yield up the ghost,umarć
yikes on bikes,ojej
yippee skippy,Uuuu
you ain't seen nothing yet,jeszcze nic nie widziałeś
you alright,wszystko w porządku
you and what army,ty i jaka armia
you and which army,ty i która armia
you and whose army,ty i czyja armia
you are the doctor,jesteś lekarzem
you are what you eat,Jesteś tym, co jesz
you beauty,piękniś/piękniśko
you bet,oczywiście
you bet one's boots,można się założyć
you bet one's life,stawiać życie na coś
you better believe it,możesz być pewien
you call this,jak to nazwać
you can say that again,można to powiedzieć jeszcze raz
you can't be half pregnant,Nie można być w połowie w ciąży
you can't fight City Hall,Nie da się wygrać z urzędem
you can't fix stupid,Nie da się naprawić głupoty
you can't get something for nothing,Nie można dostać czegoś za darmo
you can't go home again,nie można wrócić do domu
you can't make this stuff up,nie da się tego wymyślić
you can't outrun your fork,Nie da się uciec przed widelcem
you can't polish a turd,Nie da się zrobić z gnoju diamentu
you can't polish shit,Nie da się wypolerować gnoju
you can't say fairer than that,Nie można tego lepiej powiedzieć
you can't take it with you,nie można tego zabrać ze sobą
you can't unring a bell,Nie da się cofnąć czasu
you can't win them all,Nie da się wygrać wszystkiego
you cannot please everyone,Nie można zadowolić wszystkich
you could have fooled me,mogłeś/mogłaś mnie oszukać
you couldn't make it up,nie da się tego wymyślić
you don't get owt for nowt,Za darmo nic nie dostaniesz
you don't get something for nothing,nic nie dostajesz za darmo
you don't know where it's been,nie wiesz, gdzie to było
you don't want to know,nie chcesz wiedzieć
you gals,wy dziewczyny
you get that,rozumiesz to
you get what you pay for,otrzymujesz to, za co płacisz
you got it,Rozumiem
you got this,dasz radę
you had one job,miałeś tylko jedno zadanie
you had to be there,musiałeś być tam
you happy jiu OK,jesteś szczęśliwy
you haven't lived,nie żyłeś
you hear what I'm saying,czy rozumiesz co mówię
you know it,wiesz to
you know something,wiesz coś
you know what,wiesz co
you know what I mean,wiesz o czym mówię
you know what I'm saying,wiesz o czym mówię
you know what they say,wiesz co się mówi
you knows it,wiesz to
you learn something new every day,Uczymy się czegoś nowego każdego dnia
you lot,wy
you man,ty człowieku
you must be fun at parties,Musisz być zabawny na imprezach
you must be new here,musisz być tu nowy
you must spoil before you spin,trzeba zepsuć zanim się nawinie
you name it,nazywaj to jak chcesz
you never know,nigdy nie wiadomo
you only get what you give,otrzymujesz tylko to, co dajesz
you only go around once,życie jest tylko jedno
you only live once,żyjesz tylko raz
you said a mouthful,powiedziałeś/powiedziałaś bardzo dużo
you said it,powiedziałeś/powiedziałaś
you shouldn't have,nie powinieneś mieć
you snooze you lose,kto nie działa, ten przegrywa
you the birthday,Wszystkiego najlepszego z okazji urodzin
you think,myślisz
you think what,co myślisz
you want a cookie,czy chcesz ciastko
you welcome,proszę bardzo
you were saying,mówiłeś
you win,wygrasz
you wish,życzysz sobie
you'd better believe it,lepiej w to uwierzyć
you'll get yours,otoż dostaniesz swoje
you'll live,żyjesz
you'll never guess,nie zgadniecie
you're a long time dead,jesteś długo martwy
you're all right,masz rację
you're alright,jesteś w porządku
you're good,jesteś dobry
you're kidding,żartujesz
you're never too old to learn,nigdy nie jest się za starym, żeby się u…
you're on,jesteś włączony
you're telling me,mówisz mi to
you're the boss,jesteś szefem
you're the doctor,jesteś lekarzem
you're welcome a million,nie ma za co milion razy
you've got to be kidding me,musisz żartować
you've got to laugh,trzeba się śmiać
you've gotta be kidding me,musisz żartować
you've said a mouthful,powiedziałeś/powiedziałaś bardzo dużo
young at heart,młody duchem
young blood,młode pokolenie
young fogey,młody staruch
young Turk,młody Turk
your arse,twoje pośladki
your ass,twoje pośladki
your barn door is open,Twoje drzwi do stajni są otwarte
your blood's worth bottling,Twoja krew jest warta tego, żeby ją zach…
your boy,twój chłopak
your chariot awaits,Twój powóz czeka
your girl,Twoja dziewczyna
your good name,Twoje dobre imię
your head,Twoja głowa
your mileage may differ,może się okazać, że wyniki będą różne
your mileage may vary,wyniki mogą się różnić
your money is no good here,Twoje pieniądze tu nie są akceptowane
your net worth is your network,Twoje bogactwo to Twoje kontakty
your network is your net worth,Twoje kontakty to Twój majątek
your place or mine,u mnie czy u ciebie
your reputation precedes you,Twoja reputacja wyprzedza Cię
your vibe attracts your tribe,Twoja energia przyciąga ludzi, którzy są…
your wish is my command,Twoje życzenie jest moim rozkazem
yours ever,zawsze twój
yours faithfully,z poważaniem
yours sincerely,z poważaniem
yours trulies,szczerze mówiąc
yours truly,szczególnie serdecznie
youth is wasted on the young,młodzież nie docenia swojej młodości
yuck fou,blee
yuck it up,wykrzyknąć
yuck out,wymiociny
yuck someone's yum,psuć komuś przyjemność
yuck up,wymiocinąć
yuk it up,bawić się
zap over,wyłączone
zap up,zapisz
zero fucks given,nie obchodzi mnie to wcale
zero in,wprowadzić do systemu
zero out,zerować
zig when one should zag,kiedy należy iść w prawo, a kiedy w lewo
zip down,zamykać na zamek błyskawiczny
zip one's lip,zamykać usta
zip up,zamknąć na zamek
zipper down,rozpięty zamek
zipper up,zamknij suwak
zoink out,wycofać się
zombie out,wyjść z trupa
zone in,strefa
zone off,wyłączyć strefę
zone out,zanikać
zonk out,zasnąć
zoom by,przesuwać
zoom in,powiększyć
zoom in on,powiększyć
zoom out,oddalanie
zoot suit,kombinezon
zoot up,zorganizować
