you,你
i,我
the,这
to,到
a,一个
‘s,的
it,它
and,和
that,那
‘t,不
of,的
is,是
in,在
what,什么
we,我们
me,我
this,这
he,他
for,为了
my,我的
on,在
have,有
your,你的
do,做
was,曾是
‘m,'米
no,不
not,不是
be,是
are,是
don,大学教师
‘re,'关于
know,知道
can,能
with,和
but,但
all,全部
so,所以
just,只是
there,那里
here,这里
they,他们
like,喜欢
‘ll,'二
get,得到
she,她
go,去
if,如果
right,正确的
out,出去
about,关于
up,向上
at,在
him,他
now,现在
oh,哦
one,一
come,来
well,出色地
her,她
how,如何
yeah,是的
‘ve,有
will,将要
got,得到
want,想
think,思考
as,作为
see,看
did,做过
good,好的
who,WHO
why,为什么
from,从
let,让
his,他的
yes,是的
when,什么时候
going,去
time,时间
an,一个
okay,好的
back,后退
look,看
us,我们
would,会
them,他们
where,在哪里
were,是
take,拿
then,然后
had,有
or,或者
been,到过
our,我们的
gonna,将会
tell,告诉
really,真的
man,男人
some,一些
say,说
hey,嘿
could,可以
‘d,的
didn,没
by,经过
need,需要
something,某物
has,有
too,也
more,更多的
way,方式
down,向下
make,制作
very,非常
never,绝不
only,仅有的
people,人们
over,超过
because,因为
little,小的
please,请
love,爱
should,应该
mean,意思是
said,说
sorry,对不起
give,给
off,离开
am,是
thank,感谢
any,任何
two,二
even,甚至
much,很多
doing,正在做
sure,当然
thing,事物
these,这些
help,帮助
first,第一的
into,进入
anything,任何事物
still,仍然
find,寻找
life,生活
nothing,没有什么
sir,先生
day,天
god,上帝
work,工作
their,他们的
uh,呃
again,再次
maybe,或许
must,必须
before,前
other,其他
wait,等待
stop,停止
call,称呼
after,后
won,韩元
talk,讲话
away,离开
than,比
thought,想法
home,家
night,夜晚
put,放
great,伟大的
those,那些
last,最后的
better,更好的
everything,一切
told,讲述
mr.,先生。
new,新的
things,事物
always,总是
keep,保持
long,长的
years,年
leave,离开
does,做
money,钱
around,大约
doesn,不
name,姓名
place,地方
ever,曾经
feel,感觉
guys,伙计们
father,父亲
guy,盖伊
made,制成
old,老的
isn,是
which,哪个
big,大的
lot,很多
done,完毕
hello,你好
nice,好的
believe,相信
girl,女孩
someone,某人
fine,美好的
thanks,谢谢
wanted,通缉
kind,种类
coming,未来
house,房子
every,每一个
ok,好的
through,通过
being,存在
course,课程
stay,停留
left,左边
dad,爸爸
enough,足够的
happened,发生
came,来了
may,可能
mother,母亲
wrong,错误的
world,世界
bad,坏的
might,可能
three,三
today,今天
listen,听
another,其他
understand,理解
hear,听到
remember,记住
ask,问
own,自己的
same,相同的
show,展示
else,别的
kill,杀
talking,说
found,成立
next,下一个
getting,获得
care,关心
car,车
looking,寻找
son,儿子
try,尝试
woman,女士
went,去
hi,你好
dead,死的
many,许多
mind,头脑
wasn,是
friend,朋友
best,最好的
mom,妈妈
hell,地狱
morning,早晨
trying,尝试
boy,男生
together,一起
yourself,你自己
job,工作
saw,锯
family,家庭
real,真实的
without,没有
baby,婴儿
room,房间
wouldn,会
already,已经
move,移动
most,最多
seen,已见
live,居住
miss,错过
actually,实际上
huh,嗯
shit,拉屎
both,两个都
heard,听到
once,一次
ready,准备好
head,头
called,称为
used,用过的
idea,主意
knew,知道
hold,抓住
happy,快乐的
door,门
such,这样的
fuck,他妈的
brother,兄弟
also,还
pretty,漂亮的
bit,少量
took,采取
haven,避风港
yet,然而
men,男人
whole,所有的
start,开始
use,使用
while,尽管
since,自从
wife,妻子
days,天
guess,猜测
tomorrow,明天
matter,事情
meet,见面
bring,带来
tonight,今晚
everyone,每个人
run,跑步
wanna,想
hard,难的
ah,啊
alone,独自的
myself,我
school,学校
gone,已消失
um,嗯
end,结尾
saying,说
phone,电话
play,玩
looks,看起来
couldn,无法
fucking,操
problem,问题
few,很少
friends,朋友们
gotta,必须
ago,前
open,打开
anyone,任何人
killed,被杀
hope,希望
face,脸
until,直到
lost,丢失的
police,警察
excuse,原谅
turn,转动
business,商业
case,案件
wants,想要
says,说道
true,真的
die,死
heart,心
soon,很快
each,每个
worry,担心
later,之后
year,年
watch,手表
music,音乐
hand,手
having,拥有
probably,大概
beautiful,美丽的
doctor,医生
sit,坐
eat,吃
thinking,思维
young,年轻的
second,第二
working,在职的
water,水
person,人
part,部分
kids,孩子们
late,晚的
stuff,东西
exactly,确切地
under,在下面
death,死亡
minute,分钟
pay,支付
crazy,疯狂的
forget,忘记
everybody,大家
kid,孩子
change,改变
gave,给予
happen,发生
damn,该死
five,五
drink,喝
far,远的
knows,知道
its,它是
whatever,任何
eyes,眼睛
shut,关闭
aren,不
hit,打
taking,采取
easy,简单的
times,时代
check,查看
hands,双手
minutes,分钟
deal,交易
different,不同的
means,方法
point,观点
inside,里面
makes,制作
asked,问
somebody,某人
mine,矿
making,制作
body,身体
afraid,害怕的
sleep,睡觉
chance,机会
dear,亲爱的
quite,相当
four,四
anyway,反正
close,关闭
ain,艾因
party,派对
fun,乐趣
against,反对
word,单词
comes,来
important,重要的
set,放
shall,将
story,故事
number,数字
daughter,女儿
least,至少
waiting,等待
hurt,伤害
wish,希望
moment,片刻
fight,斗争
week,星期
husband,丈夫
girls,女孩们
rest,休息
married,已婚
fire,火
game,游戏
nobody,无人
mr,先生
children,孩子们
side,边
stand,站立
read,读
though,尽管
cut,切
started,开始
sister,姐姐
supposed,据称
between,之间
child,孩子
goes,去
hours,小时
speak,说话
women,女性
behind,在后面
almost,几乎
truth,真相
blood,血
able,有能力的
lady,女士
anymore,不再
playing,玩耍
gets,获得
shot,射击
reason,原因
trouble,麻烦
break,休息
war,战争
city,城市
walk,走
town,镇
trust,相信
dr.,博士
met,遇见
office,办公室
question,问题
brought,带来
yours,你的
welcome,欢迎
high,高的
wow,哇
couple,夫妻
half,一半
died,死亡
cool,凉爽的
free,自由的
either,任何一个
seems,似乎
power,力量
whoa,哇
bye,再见
buy,买
telling,讲述
honey,蜂蜜
tried,尝试
front,正面
team,团队
answer,回答
gun,枪
boys,男孩们
line,线
send,发送
news,消息
stupid,愚蠢的
bed,床
hurry,匆忙
full,满的
months,几个月
save,节省
sometimes,有时
become,变得
along,沿着
hate,恨
food,食物
outside,外部
light,光
l,我
needs,需求
dog,狗
country,国家
clear,清除
order,命令
em,呃
fact,事实
lord,主
captain,队长
six,六
hot,热的
funny,有趣的
black,黑色的
mrs.,太太。
alive,活
pick,挑选
feeling,感觉
living,活的
cause,原因
ahead,前方
lose,失去
king,国王
plan,计划
dinner,晚餐
sighs,叹息
sort,种类
leaving,离开
shouldn,应该
running,跑步
boss,老板
alright,好吧
promise,承诺
taken,已采取
safe,安全的
ma,玛
book,书
sent,发送
white,白色的
hour,小时
anybody,任何人
small,小的
perfect,完美的
‘cause,'原因
lives,生活
special,特别的
parents,父母
s,s
john,约翰
himself,他自己
perhaps,也许
sounds,声音
serious,严肃的
sick,生病的
company,公司
ha,哈
scared,害怕的
uncle,叔叔
poor,贫穷的
red,红色的
past,过去的
earth,地球
possible,可能的
shoot,射击
touch,触碰
sound,声音
top,顶部
ass,屁股
laughs,笑声
cannot,不能
asking,问
win,赢
glad,高兴的
control,控制
hmm,唔
human,人类
drive,驾驶
hair,头发
jack,杰克
bitch,婊子
luck,运气
murder,谋杀
happens,发生
air,空气
ten,十
daddy,爸爸
finally,最后
chuckles,轻笑
fast,快速地
cold,寒冷的
seem,似乎
laughing,笑
words,字
hospital,医院
street,街道
hang,悬挂
dance,舞蹈
meeting,会议
till,直到
others,其他的
catch,抓住
follow,跟随
sense,感觉
sex,性别
lie,说谎
evening,晚上
master,掌握
known,已知
dream,梦
write,写
million,百万
voice,嗓音
sweet,甜的
rather,相当
felt,毛毡
sign,符号
lucky,幸运的
somewhere,某处
bet,赌注
o,o
jesus,耶稣
longer,更长
calling,呼叫
worked,工作
quiet,安静的
looked,看起来
less,较少的
pull,拉
beat,打
careful,小心
coffee,咖啡
return,返回
secret,秘密
weeks,周
weren,是
date,日期
seeing,看到
fall,落下
given,给定
ooh,哦
fault,过错
straight,直的
takes,需要
song,歌曲
future,未来
gentlemen,先生们
loved,喜爱
changed,已更改
road,路
calm,冷静的
wonderful,精彩的
mad,疯狂的
turned,转向
drop,降低
ladies,女士们
learn,学习
step,步
absolutely,绝对地
early,早期的
explain,解释
clean,干净的
piece,片
yesterday,昨天
throw,扔
picture,图片
land,土地
feet,脚
wonder,想知道
questions,问题
speaking,请讲
worth,值得
darling,亲爱的
dude,兄弟
giving,给予
president,总统
eye,眼睛
quick,快的
moving,移动
figure,数字
state,状态
strong,强的
sam,山姆
none,没有任何
amazing,惊人的
ones,一个
works,作品
act,行为
needed,需要
weird,诡异的
law,法律
worried,担心
report,报告
goodbye,再见
missing,丢失的
choice,选择
happening,发生
chief,首席
wedding,婚礼
strange,奇怪的
general,一般的
pain,疼痛
‘am,'是
kidding,开玩笑
decided,决定
ya,是的
pass,经过
tired,疲劳的
class,班级
officer,官
kept,保留
wake,唤醒
worse,更糟
busy,忙碌的
eh,嗯
mistake,错误
kiss,吻
court,法庭
building,建筑
finish,结束
during,期间
age,年龄
ship,船
caught,捕捉
marry,结婚
meant,意思是
sell,卖
dark,黑暗的
watching,观看
system,系统
suppose,认为
evidence,证据
movie,电影
ride,骑
t,t
completely,完全地
mouth,嘴
totally,完全
birthday,生日
tv,电视
forgive,原谅
born,出生
imagine,想象
information,信息
instead,反而
definitely,确实
security,安全
certainly,当然
film,电影
month,月
lying,说谎
unless,除非
train,火车
seven,七
wear,穿
clothes,衣服
michael,迈克尔
hotel,酒店
christmas,圣诞节
attack,攻击
hasn,有
round,圆形的
expect,预计
sing,唱歌
terrible,糟糕的
george,乔治
bag,包
history,历史
blue,蓝色的
near,靠近
broke,打破
station,车站
seriously,严重地
forever,永远
david,大卫
frank,坦率
except,除了
thinks,思考
message,信息
entire,全部的
joe,乔
table,桌子
talked,谈话
across,穿过
rock,岩石
lovely,迷人的
handle,处理
middle,中间
buddy,伙伴
paid,有薪酬的
protect,保护
using,使用
floor,地面
ran,跑
swear,发誓
spend,花费
situation,情况
ring,戒指
anywhere,任何地方
dangerous,危险的
bill,账单
york,约克
army,军队
lead,带领
bought,买
finished,完成的
fair,公平的
sun,太阳
letter,信
fool,傻子
attention,注意力
club,俱乐部
simple,简单的
interesting,有趣的
space,空间
test,测试
box,盒子
group,团体
single,单身的
sitting,坐着
marriage,婚姻
join,加入
fear,害怕
d,d
peace,和平
forgot,忘了
force,力量
short,短的
normal,普通的
charlie,查理
present,展示
enjoy,享受
mike,麦克风
crime,犯罪
horse,马
ground,地面
american,美国人
count,数数
area,区域
charge,收费
honor,荣誉
lunch,午餐
miles,英里
radio,收音机
idiot,笨蛋
ball,球
surprise,惊喜
paper,纸
key,钥匙
boat,船
quickly,迅速地
gold,金子
bar,酒吧
fish,鱼
mark,标记
tom,汤姆
wearing,穿着
crying,哭泣
accident,事故
government,政府
eight,八
fell,跌倒
cover,覆盖
certain,肯定
interested,感兴趣的
deep,深的
star,星星
sea,海
agree,同意
problems,问题
detective,侦探
prison,监狱
major,主要的
stick,戳
offer,提供
difficult,难的
smart,聪明的
personal,个人的
record,记录
stopped,停止
hide,隐藏
whether,无论
bank,银行
trip,旅行
relax,放松
america,美国
public,民众
list,列表
afternoon,下午
brain,脑
fix,使固定
bastard,混蛋
proud,自豪的
tea,茶
service,服务
screaming,尖叫
forward,向前
angry,生气的
park,公园
soul,灵魂
fighting,斗争
peter,彼得
rich,富有的
agent,代理人
blow,吹
paul,保罗
dress,裙子
mary,玛丽
missed,错过
scene,场景
killing,杀
standing,常设
saved,已保存
mm,毫米
respect,尊重
killer,杀手
ice,冰
mess,混乱
tough,艰难的
feels,感觉
church,教会
sad,伤心
cell,细胞
drunk,醉
share,分享
camera,相机
mm-hmm,毫米-嗯
within,之内
card,卡片
fly,飞
ben,本
girlfriend,女朋友
laugh,笑
smell,闻
broken,破碎的
mum,妈妈
honest,诚实的
often,经常
starting,开始
calls,呼叫
y,是
spent,花费
third,第三
english,英语
visit,访问
mama,妈妈
judge,法官
window,窗户
hungry,饥饿的
dare,敢
relationship,关系
moved,已搬
prove,证明
private,私人的
wall,墙
seat,座位
i-i,我-i
position,位置
lieutenant,中尉
realize,意识到
lt,lt
especially,尤其
machine,机器
walking,步行
art,艺术
pleasure,乐趣
bloody,血腥
college,大学
french,法语
involved,涉及
cry,哭
became,成为
lived,居住地
impossible,不可能的
obviously,明显地
neither,两者都不
accept,接受
boyfriend,男朋友
besides,除了
queen,女王
teacher,老师
cops,警察
sake,清酒
loves,爱
carry,携带
teach,教
apartment,公寓
upset,沮丧的
green,绿色的
la,拉
liked,喜欢
cute,可爱的
evil,邪恶的
professor,教授
contact,接触
joke,开玩笑
cop,警察
huge,巨大的
holy,圣
store,店铺
jail,监狱
likes,点赞
lawyer,律师
doubt,怀疑
continue,继续
appreciate,欣赏
cat,猫
shop,店铺
driving,驾驶
congratulations,恭喜！
wrote,写道
village,村庄
quit,辞职
field,场地
james,詹姆斯
wine,葡萄酒
decision,决定
south,南
sleeping,睡眠
slow,慢的
laughter,笑声
island,岛
glass,玻璃
beginning,开始
cash,现金
dying,垂死
hundred,百
whose,谁
difference,不同之处
plane,飞机
push,推
continues,继续
mmm,嗯
singing,歌唱
eating,吃
north,北
mrs,太太
tree,树
madam,女士
gift,礼物
truck,卡车
putting,推杆
bear,熊
board,木板
grab,抓住
beer,啤酒
stuck,卡住
magic,魔法
support,支持
rules,规则
grunts,咕哝声
partner,伙伴
reach,抵达
wind,风
colonel,上校
max,最大限度
immediately,立即地
seconds,秒
thousand,千
gives,给予
experience,经验
cheers,干杯
victim,受害者
upon,之上
computer,电脑
christ,基督
planet,行星
promised,承诺
bus,公共汽车
henry,亨利
dirty,肮脏的
search,搜索
staying,入住
dreams,梦境
arrest,逮捕
holding,保持
suddenly,突然
usually,通常
lots,很多
shoes,鞋
er,呃
jump,跳
rid,摆脱
yo,哟
knock,敲
owe,欠
harry,哈利
grow,生长
worst,最差
river,河
aunt,阿姨
patient,病人
kitchen,厨房
aah,啊
fat,胖的
passed,通过了
m,米
final,最终的
summer,夏天
bob,鲍勃
listening,聆听
escape,逃脱
everywhere,到处
moon,月亮
arms,武器
turns,转弯
address,地址
ow,现在
match,匹配
gasps,喘息
grand,盛大
yep,是的
shh,嘘
nervous,紧张的
de,德
choose,选择
themselves,他们自己
decide,决定
mate,伴侣
drinking,喝
press,按
bother,打扰
foot,脚
hadn,曾
blame,责备
crap,垃圾
drugs,药物
type,类型
rings,戒指
mission,使命
named,命名
heaven,天堂
‘ii,ii
picked,挑选
paris,巴黎
race,种族
risk,风险
books,图书
further,更远
danny,丹尼
action,行动
allowed,允许
orders,订单
learned,学习
price,价格
arrived,到达的
nick,缺口
otherwise,否则
pictures,图片
fit,合身
smoke,抽烟
favor,偏爱
played,玩
notice,注意
awesome,惊人的
smile,微笑
director,导演
guard,警卫
begin,开始
spot,点
surprised,惊讶
innocent,清白的
narrator,旁白
herself,她自己
london,伦敦
feelings,情怀
enemy,敌人
battle,战斗
ourselves,我们自己
alex,亚历克斯
dollars,美元
allow,允许
nine,九
gay,同性恋
department,部门
guilty,有罪的
apart,除
earlier,早些时候
duty,责任
jim,吉姆
suit,套装
bell,钟
west,西方
legs,腿
hero,英雄
destroy,破坏
stage,阶段
bunch,束
according,根据
chicken,鸡
bigger,大
grunting,哼哼
low,低的
helping,帮助
admit,承认
closed,关闭
names,姓名
witness,证人
upstairs,楼上
arm,手臂
steal,偷
jimmy,吉米
kick,踢
twice,两次
cross,叉
ways,方式
sergeant,军士
indeed,的确
gas,气体
keeping,保持
energy,活力
pregnant,孕
waste,浪费
helped,帮助
fired,被解雇
favorite,最喜欢的
tony,托尼
taste,品尝
locked,已锁定
places,地方
writing,写作
adam,亚当
brothers,兄弟
starts,开始
prince,王子
form,形式
sold,卖
silly,愚蠢的
mention,提到
build,建造
throat,喉
hole,洞
figured,想
track,追踪
ringing,铃声
lock,锁
leg,腿
above,多于
hiding,隐藏
steve,史蒂夫
seemed,似乎
breakfast,早餐
engine,引擎
written,书面
complete,完全的
video,视频
applause,掌声
however,然而
pressure,压力
fresh,新鲜的
weapon,武器
sky,天空
ms.,多发性硬化症。
stole,偷窃
study,学习
burn,烧伤
reading,阅读
crowd,人群
treat,对待
roll,卷
double,双倍的
spirit,精神
danger,危险
cost,成本
empty,空的
level,等级
memory,记忆
itself,本身
acting,表演
interest,兴趣
nose,鼻子
plans,计划
following,下列的
bathroom,浴室
built,建造
closer,更近
ray,射线
sarah,莎拉
band,乐队
groans,呻吟
apparently,显然
excited,兴奋的
richard,理查德
losing,输
animals,动物
flight,航班
nature,自然
raise,增加
pop,流行音乐
client,客户
bomb,炸弹
neck,脖子
suspect,怀疑
warm,温暖的
extra,额外的
bottle,瓶子
van,货车
heavy,重的
mommy,妈妈
dogs,狗
wild,荒野
ridiculous,荒谬的
simply,简单地
lee,李
animal,动物
showed,显示
billy,比利
shooting,射击
keeps,保持
camp,营
guns,枪支
medical,医疗的
shame,耻辱
hoping,希望
whom,谁
bird,鸟
majesty,威严
flowers,花朵
famous,著名的
asleep,睡着了
beauty,美丽
driver,司机
keys,钥匙
rain,雨
awful,可怕
large,大的
local,当地的
deserve,应得
goddamn,该死的
stone,石头
jane,简
grace,优雅
consider,考虑
weekend,周末
wondering,好奇
lay,躺
plenty,很多
willing,愿意的
pants,裤子
sweetheart,亲爱的
skin,皮肤
excellent,出色的
asshole,混蛋
beach,海滩
c,c
faith,信仰
beg,求
fuckin,操
responsible,负责任的
military,军队
cheering,欢呼
opportunity,机会
common,常见的
bottom,底部
german,德语
whoever,谁
cook,厨师
walked,步行
papers,文件
justice,正义
hall,大厅
commander,指挥官
drug,药品
main,主要的
knife,刀
devil,魔鬼
necessary,必要的
although,虽然
princess,公主
lights,灯
flying,飞行
dick,迪克
rose,玫瑰
knowing,会心
clearly,清楚地
hat,帽子
agreed,同意
johnny,约翰尼
corner,角落
code,代码
note,笔记
tommy,汤米
due,到期的
correct,正确的
apologize,道歉
language,语言
stars,明星
faster,快点
cars,汽车
folks,各位
bullshit,废话
i.,我。
fellow,同伴
several,一些
grandma,奶奶
shows,演出
leader,领导者
leaves,树叶
restaurant,餐厅
east,东方
shouting,喊叫
blind,瞎的
ghost,鬼
cup,杯子
gotten,获得
tight,紧的
conversation,对话
tells,讲述
lies,谎言
nor,也不
pulled,拉
hanging,绞刑
speed,速度
stories,故事
health,健康
advice,建议
held,握住
uh-huh,嗯哼
murdered,被谋杀
beyond,超过
rule,规则
hardly,几乎
possibly,可能
inspector,检查员
cousin,表哥
trial,审判
emergency,紧急情况
ought,应该
eddie,埃迪
somehow,不知何故
hearing,听力
states,各州
account,帐户
spoke,辐
file,文件
understood,理解
angel,天使
tape,磁带
milk,牛奶
powerful,强大的
weapons,武器
practice,实践
manager,经理
pardon,赦免
vote,投票
jake,杰克
national,国家的
career,职业
minister,部长
super,极好的
taught,教授
robert,罗伯特
biggest,最大
plays,演出
natural,自然的
dancing,跳舞
copy,复制
plus,加
martin,马丁
cake,蛋糕
freedom,自由
among,之中
breath,气息
operation,手术
chris,克里斯
crew,全体人员
challenge,挑战
market,市场
meat,肉
towards,向
bringing,带来
dropped,掉落
student,学生
lied,撒谎了
strength,力量
size,尺寸
breathe,呼吸
color,颜色
monster,怪物
loud,大声
photo,照片
aw,啊
nearly,几乎
sight,视线
greatest,最
games,游戏
bridge,桥
dressed,穿着
arrested,被捕
horrible,可怕
coach,教练
planning,规划
checked,已检查
breaking,打破
noticed,注意到
fantastic,极好的
screams,尖叫
serve,服务
ideas,想法
investigation,调查
center,中心
older,老
pack,盒
soldiers,士兵
nonsense,废话
doc,文档
project,项目
training,训练
example,例子
trick,诡计
prepared,准备
science,科学
united,团结的
travel,旅行
incredible,极好的
grandpa,爷爷
paying,付费
character,特点
teeth,牙齿
criminal,刑事
charles,查尔斯
chinese,中国人
truly,真的
honestly,诚实地
bro,兄弟
survive,存活
bobby,鲍比
target,目标
feed,喂养
nurse,护士
e,e
fake,伪造的
records,记录
breathing,呼吸
sweetie,亲爱的
numbers,数字
oil,油
suicide,自杀
belong,属于
whoo,哇哦
perfectly,完美
amy,艾米
forgotten,被遗忘的
remain,保持
original,原来的
papa,爸爸
onto,到
concerned,担心的
credit,信用
ugh,啊
invited,受邀
discuss,讨论
research,研究
easier,更轻松
view,看法
chair,椅子
hurts,疼痛
strike,罢工
roger,罗杰
fill,充满
condition,状况
mountain,山
dr,博士
nowhere,无处
sheriff,警长
kim,金
turning,转弯
brown,棕色的
recognize,认出
heads,头部
audience,观众
‘all,'全部
jealous,嫉妒的
pretend,假装
society,社会
finding,寻找
shirt,衬衫
comfortable,舒服的
meaning,意义
guest,客人
pieces,件
dry,干燥
letting,出租
began,开始
aye,是的
jeff,杰夫
female,女性
release,发布
ho,何
cards,牌
pray,祈祷
unfortunately,很遗憾
balls,球
destroyed,损毁
ended,结束
universe,宇宙
prepare,准备
opinion,观点
movies,电影
soldier,士兵
wash,洗
program,程序
heat,热
usual,通常
ticket,票
stolen,被盗
prefer,更喜欢
aware,意识到的
surely,一定
male,男性
base,根据
matters,事情
lift,举起
lab,实验室
command,命令
proof,证明
cream,奶油
selling,销售
believed,相信
create,创造
h,h
afford,买得起
sunday,星期日
total,全部的
dumb,哑的
threw,扔
france,法国
birth,出生
created,创建
realized,已实现
british,英国的
noise,噪音
nuts,坚果
students,学生
birds,鸟类
social,社会的
brilliant,杰出的
bodies,身体
tie,领带
opened,打开
ours,我们的
bucks,雄鹿
kevin,凯文
mister,先生
ugly,丑陋的
ryan,瑞安
focus,重点
dan,担
opens,打开
exist,存在
followed,随后
england,英格兰
draw,画
purpose,目的
letters,信件
daniel,丹尼尔
opening,开幕
bullet,子弹
anna,安娜
lately,最近
stayed,入住
falling,坠落
season,季节
ends,结束
suggest,建议
joy,喜悦
distance,距离
responsibility,责任
whenever,每当
issue,问题
thousands,数千
process,过程
sword,剑
shower,淋浴
weak,虚弱的
fucked,操
lonely,孤独
happiness,幸福
eric,埃里克
tiny,微小的
desk,桌子
pool,水池
property,财产
forced,强制
settle,定居
indistinct,模糊
weight,重量
received,已收到
gang,帮派
bite,咬
friday,星期五
disappeared,消失
interview,面试
expecting,期待
kinda,有点
surgery,外科手术
horses,马匹
mayor,市长
babe,宝贝
ancient,古老的
handsome,英俊的
thomas,托马斯
saturday,周六
staff,职员
lines,线条
unit,单元
fan,扇子
gentleman,绅士
introduce,介绍
fate,命运
split,分裂
recently,最近
expected,预期的
add,添加
ordered,订购
slowly,缓慢地
alarm,警报
member,成员
slept,睡着了
signed,签名
enter,进入
spanish,西班牙语
garden,花园
brings,带来
brave,勇敢的
pig,猪
model,模型
finger,手指
medicine,药品
access,使用权
failed,失败的
flat,平坦的
easily,容易地
discovered,发现
based,基于
screw,拧紧
insane,疯狂的
cares,关心
weather,天气
fingers,手指
san,圣
scott,斯科特
path,小路
soft,柔软的
harm,伤害
style,风格
community,社区
sees,看到
basically,基本上
al,al
signal,信号
nope,没有
spare,空闲的
speech,演讲
covered,涵盖
shake,摇
loose,松动的
snow,雪
russian,俄语
lake,湖
bright,明亮的
roof,屋顶
ohh,哦
sending,发送
paint,画
remind,提醒
pal,朋友
naked,裸
post,邮政
sugar,糖
heading,标题
streets,街道
damage,损害
silence,沉默
doors,门
pete,皮特
ed,编辑
success,成功
wet,湿的
nah,不
amount,数量
members,成员
kate,凯特
manage,管理
safety,安全
returned,返回
harder,更难
fbi,联邦调查局
block,堵塞
showing,显示
fancy,想要
chef,厨师
contract,合同
dig,挖
chest,胸部
goodbye,再见
drinks,饮料
dave,戴夫
buried,埋葬
brian,布莱恩
trade,贸易
journey,旅行
stomach,胃
changes,变化
details,细节
thoughts,想法
divorce,离婚
funeral,葬礼
maria,玛丽亚
football,足球
reality,现实
theory,理论
gosh,天哪
ruined,毁坏
gate,门
william,威廉
spread,传播
outta,出
japanese,日本人
sudden,突然
coat,外套
sooner,很快
cheese,奶酪
larry,拉里
spring,春天
page,页
ears,耳朵
simon,西蒙
castle,城堡
hidden,隐
storm,风暴
cos,化学
personally,亲自
artist,艺术家
hill,爬坡道
exciting,激动人心
permission,允许
jerry,杰瑞
expensive,昂贵的
tickets,门票
forest,森林
barely,仅仅
eggs,鸡蛋
goin,去
regret,后悔
lesson,课
lover,情人
bread,面包
andy,和
subject,主题
legal,合法的
growing,生长
ill,患病的
jason,杰森
mood,情绪
owner,所有者
caused,导致
beeping,哔哔声
points,积分
dating,约会
loss,损失
secretary,秘书
revenge,复仇
santa,圣诞老人
likely,可能
rent,租
connection,联系
assistant,助手
reasons,原因
yelling,大喊
painting,绘画
trees,树木
doctors,医生
rush,匆忙
foreign,外国的
rough,粗糙的
murderer,凶手
century,世纪
nights,夜晚
pair,一对
runs,跑步
pocket,口袋
farm,农场
matt,马特
bike,自行车
obvious,明显的
ate,吃
grew,生长
professional,专业的
tim,蒂姆
goodness,善良
parts,部分
alan,艾伦
university,大学
square,正方形
grandfather,祖父
europe,欧洲
genius,天才
cases,案例
ruin,废墟
winter,冬天
tongue,舌头
memories,回忆
da,达
buying,购买
cancer,癌症
clock,钟
ocean,海洋
dna,脱氧核糖核酸
liar,说谎者
tour,旅游
thief,贼
bleep,哔哔
lisa,丽莎
rights,权利
including,包括
competition,竞赛
smith,史密斯
planned,计划
emily,艾米丽
boring,无聊的
victims,受害者
mentioned,提及
bones,骨头
plant,植物
bless,保佑
warning,警告
knocking,敲门
re,关于
crash,碰撞
bedroom,卧室
lower,降低
silver,银
groaning,呻吟
madame,夫人
defense,防御
results,结果
toilet,洗手间
event,事件
complicated,复杂的
shape,形状
priest,牧师
royal,皇家
cheap,便宜的
romantic,浪漫的
downstairs,楼下
invite,邀请
fortune,财富
tears,眼泪
avoid,避免
reached,达到
higher,更高
familiar,熟悉的
telephone,电话
burning,燃烧
filled,已填
kelly,凯莉
alice,爱丽丝
airport,飞机场
jobs,工作
grown,生长
walter,沃尔特
rachel,瑞秋
giant,巨大的
insurance,保险
woods,树林
n,n
scare,吓
pleased,高兴
period,时期
political,政治的
player,玩家
stops,停止
secrets,秘密
laura,劳拉
repeat,重复
photos,照片
finds,发现
statement,陈述
suck,吸
younger,年轻
china,中国
humans,人类
delicious,可口的
particular,特别的
proper,恰当的
rome,罗马
belongs,属于
attacked,遭到攻击
bath,洗澡
hired,雇用
site,地点
knowledge,知识
b,b
led,引领
guests,客人
celebrate,庆祝
map,地图
horn,喇叭
eventually,最终
pity,遗憾
powers,权力
ashamed,羞愧
assume,认为
glasses,眼镜
rise,上升
fixed,固定的
request,要求
officers,警官
pounds,磅
data,数据
carefully,小心
per,每
depends,取决于
jury,陪审团
waited,等待
positive,积极的
attorney,律师
direction,方向
families,家庭
‘clock,'钟
doin,做
forces,力量
location,地点
walls,墙壁
useless,无用
grant,授予
saving,保存
speaks,说话
fought,战斗
meal,一顿饭
deliver,递送
answers,答案
changing,变化
temple,寺庙
scary,可怕的
millions,百万
offered,提供
regular,常规的
carrying,携带
official,官方的
jacket,夹克
switch,转变
grave,严重
chase,追赶
role,角色
odd,奇怪的
sexy,性感
faces,面孔
becomes,变成
closes,关闭
badly,糟糕
tall,高的
confused,使困惑
affair,事务
television,电视
shock,震惊
raised,提高
panting,喘息
pizza,比萨
image,图像
clears,清除
golden,金的
patients,患者
watched,观看
committed,坚定的
sexual,性
suffer,遭受
arthur,亚瑟
wherever,无论
plate,盘子
appear,出现
chocolate,巧克力
clever,聪明的
hm,嗯
mercy,怜悯
shots,镜头
lucy,露西
dealing,处理
trap,陷阱
charges,收费
phil,菲尔
bang,砰
poison,毒
butt,屁股
drove,驾驶
yourselves,你们自己
headed,标题
babies,婴儿
yellow,黄色的
soup,汤
mystery,神秘
picking,挑选
sat,卫星
wound,伤口
traffic,交通
courage,勇气
hunt,打猎
indian,印度
rat,鼠
terms,条款
italian,意大利语
emma,艾玛
checking,检查
disease,疾病
managed,管理
winner,优胜者
council,理事会
appointment,预约
monday,周一
crack,裂缝
threat,威胁
jenny,珍妮
physical,身体的
nation,国家
source,来源
chose,选择
healthy,健康
carl,卡尔
victory,胜利
rick,里克
stood,站立
kicked,踢
annie,安妮
disgusting,令人作呕
palace,宫殿
below,以下
shopping,购物
neighborhood,邻里
march,行进
lips,嘴唇
midnight,午夜
piss,小便
advantage,优势
pure,纯的
india,印度
aside,旁边
jerk,混蛋
mail,邮件
dawn,黎明
effect,影响
spell,拼写
freak,怪物
wood,木头
screwed,螺丝
enemies,敌人
gary,加里
awake,醒
chuckling,轻笑
vacation,假期
violence,暴力
leo,狮子座
grandmother,祖母
modern,现代的
luke,卢克
firm,公司
prime,主要的
heh,呵呵
touched,感动
talent,天赋
whore,妓女
piano,钢琴
license,执照
cooking,烹饪
honour,荣誉
concern,忧虑
moves,移动
available,可用的
factory,工厂
gods,神
value,价值
central,中央
union,联盟
mirror,镜子
studio,工作室
media,媒体
taxi,出租车
dies,死亡
iron,铁
hearts,心
desire,欲望
rob,抢
claire,克莱尔
fred,弗雷德
songs,歌曲
washington,华盛顿
monkey,猴
pride,自豪
pills,药片
miracle,奇迹
swim,游泳
burned,烧伤
smells,气味
joking,开玩笑
christian,基督教
bleeding,出血
hook,钩
beating,殴打
protection,保护
treatment,治疗
ear,耳朵
carter,卡特
metal,金属
disappear,消失
grateful,感激的
extremely,极其
treasure,宝藏
rescue,救援
capable,有能力的
passing,通过
chatter,喋喋不休
result,结果
suffering,痛苦
sisters,姐妹
laid,铺设
governor,州长
guards,守卫
louis,路易斯
text,文本
literally,字面上地
remove,消除
becoming,成为
performance,表现
stronger,更强
rate,速度
deeply,深
scream,尖叫
desert,沙漠
vehicle,车辆
illegal,非法的
pulling,拉
throwing,投掷
josh,乔什
unbelievable,难以置信
ted,泰德
zero,零
dean,院长
curious,好奇的
sean,肖恩
candy,糖果
bone,骨
tied,系
edge,边缘
load,加载
susan,苏珊
ahh,啊
mountains,山脉
boom,繁荣
former,以前的
holiday,假期
riding,骑术
scoffs,嗤笑
hundreds,数百
motherfucker,混蛋
sue,起诉
bags,包
stealing,偷窃
appears,出现
arrive,到达
remains,遗迹
decent,体面的
issues,问题
tip,提示
fail,失败
bride,新娘
pissed,生气了
penny,一分钱
claim,宣称
friendship,友谊
desperate,绝望的
flower,花
dramatic,戏剧性
refuse,拒绝
solve,解决
theme,主题
loving,爱
properly,适当地
dragon,龙
mostly,大多
chuck,查克
directly,直接地
surface,表面
false,错误的
cast,投掷
junior,初级
hunting,打猎
silent,沉默的
thou,你
egg,蛋
germany,德国
punch,冲床
africa,非洲
woke,觉醒
intelligence,智力
borrow,借
winning,获胜
falls,瀑布
popular,受欢迎的
escaped,逃脱
witch,巫婆
convinced,确信
warn,警告
announcer,播音员
champagne,香槟酒
dust,灰尘
kyle,凯尔
someday,总有一天
fallen,倒下
stranger,陌生人
presence,在场
tear,撕
st.,英石。
internet,互联网
monsieur,先生
therefore,所以
technology,技术
tires,轮胎
toast,吐司
wise,明智的
clark,克拉克
americans,美国人
notes,笔记
smoking,吸烟
hank,汉克
ls,ls
april,四月
wolf,狼
precious,宝贵的
rooms,房间
coast,海岸
treated,治疗
material,材料
released,发布
uniform,制服
hated,憎恨
considered,经过考虑的
rice,米
exchange,交换
steps,步骤
blake,布莱克
convince,说服
beast,兽
cow,奶牛
files,文件
signs,标志
drag,拖
cab,出租车
hung,悬挂
carried,携带
ordinary,普通的
successful,成功的
eve,前夕
mistakes,错误
houses,房屋
chattering,喋喋不休
brains,大脑
japan,日本
creature,生物
fourth,第四
separate,分离
cleaning,打扫
california,加利福尼亚州
lf,lf
ll,二
shift,转移
elizabeth,伊丽莎白
chicago,芝加哥
exact,精确的
karen,凯伦
goal,目标
expert,专家
served,服务
direct,直接的
score,分数
row,排
marks,标记
twenty,二十
receive,收到
series,系列
section,部分
pilot,飞行员
jackson,杰克逊
darkness,黑暗
thy,你的
sale,销售
destiny,命运
cure,治愈
spoken,说
armed,武装
rare,稀有的
helen,海伦
grade,年级
juice,汁
wide,宽的
tower,塔
solution,解决方案
schedule,日程
explosion,爆炸
wheel,车轮
cigarette,卷烟
julie,朱莉
fruit,水果
blew,吹
victor,胜利者
talks,会谈
sacrifice,牺牲
range,范围
button,按钮
reports,报告
prisoner,囚犯
pie,馅饼
effort,努力
youth,青年
pot,锅
eaten,吃
taylor,泰勒
knees,膝盖
garage,车库
parking,停車處
ambulance,救护车
staring,凝视
chances,机会
circumstances,情况
sin,罪
gordon,戈登
progress,进步
unusual,异常
county,县
stairs,楼梯
campaign,活动
‘mon,蒙
vision,想象
reporter,记者
equipment,设备
moments,时刻
joey,乔伊
mass,大量的
alien,外星人
trapped,被困
helps,帮助
route,路线
defend,保卫
trace,痕迹
nasty,可恶的
tests,测试
magazine,杂志
rocks,岩石
dump,倾倒
rude,粗鲁的
searching,搜索
clue,线索
connected,连接
amen,阿门
pushed,推动
merry,欢乐
zone,区
senior,高级的
closing,结束
freeze,冻结
emperor,皇帝
incident,事件
snake,蛇
mexico,墨西哥
lily,百合
actor,演员
newspaper,报纸
sentence,句子
greg,格雷格
leading,领导
friendly,友好的
jones,琼斯
chosen,选定
engaged,已订婚的
julia,朱莉娅
charming,迷人
mustn,必须
anger,愤怒
spending,开支
learning,学习
spy,间谍
sharp,锋利的
shadow,阴影
warrant,保证
elevator,电梯
kingdom,王国
ricky,瑞奇
jamie,杰米
squad,队
shoulder,肩膀
wave,海浪
amanda,阿曼达
highness,高度
kinds,种类
fishing,钓鱼
sometime,有时
attitude,态度
sucks,真糟糕
negative,消极的
screen,屏幕
workers,工人
bored,无聊的
cameras,相机
similar,相似的
understanding,理解
beeps,哔哔声
chain,链
bull,公牛
gasping,喘息
fully,完全
robin,罗宾
collect,收集
gorgeous,华丽的
morgan,摩根
passion,热情
writer,作家
empire,帝国
international,国际的
curse,诅咒
hire,聘请
bastards,混蛋
puts,放置
leads,线索
id,ID
blows,打击
sons,儿子们
estate,财产
customers,顾客
maggie,玛吉
gunshot,枪声
i—,我-
device,设备
troops,军队
hug,拥抱
design,设计
movement,移动
thunder,雷
object,目的
loser,失败者
pen,笔
sobbing,啜泣
politics,政治
despite,尽管
alcohol,酒精
climb,爬
clients,客户
conference,会议
provide,提供
marty,马蒂
seek,寻找
witnesses,证人
earn,赚
trash,垃圾
valley,谷
fashion,时尚
howard,霍华德
episode,插曲
prize,奖
previously,之前
sports,运动的
wanting,想要
debt,债务
wishes,愿望
hitler,希特勒
wire,金属丝
thee,你
circle,圆圈
approach,方法
stock,库存
facts,事实
remembered,记得
percent,百分比
normally,通常情况下
tail,尾巴
joined,加入
education,教育
bravo,太棒了！
library,图书馆
rape,强奸
wings,翅膀
growling,咆哮
thrown,抛掷
tank,坦克
exhales,呼气
authority,权威
current,当前的
failure,失败
nightmare,恶梦
hitting,击中
glory,荣耀
knocked,敲门
studying,学习
barry,巴里
agency,机构
apple,苹果
border,边界
rope,绳索
duck,鸭子
reputation,名声
confidence,信心
yard,院子
beloved,心爱
lack,缺少
actual,实际的
skills,技能
films,电影
mental,精神的
salt,盐
flesh,肉
anne,安妮
secure,安全的
highly,高度
federal,联邦
sand,沙
emotional,情绪
setting,环境
nothin,什么也没有
senator,参议员
services,服务
robbery,抢劫
hates,讨厌
fed,美联储
reward,报酬
theater,剧院
johnson,约翰逊
commit,犯罪
patrick,帕特里克
entirely,完全
extraordinary,非凡的
ships,船舶
opposite,对面的
parties,各方
stands,站立
terry,特里
chat,聊天
events,活动
mummy,木乃伊
bay,湾
slip,滑
disappointed,失望的
settled,定居
begins,开始
andrew,安德鲁
alert,警报
detail,细节
pink,粉色的
fellas,伙计们
accepted,公认
background,背景
garbage,垃圾
panic,恐慌
minds,思想
belt,腰带
blowing,吹
hollywood,好莱坞
agreement,协议
jackie,杰基
pushing,推动
ability,能力
tiger,老虎
whispering,耳语
culture,文化
saint,圣
jesse,杰西
task,任务
solid,坚硬的
doll,玩具娃娃
intend,打算
district,区
pa,帕
gee,哎呀
custody,保管
ignore,忽略
naturally,自然
useful,有用
attempt,试图
abandoned,弃
cutting,切割
kissed,亲吻
guarantee,保证
barking,叫声
gather,收集
policy,政策
u.s.,我们。
violent,暴力
maid,女佣
embarrassing,尴尬的
childhood,童年
wasting,浪费
bow,弓
chick,小鸡
sara,萨拉
disaster,灾难
revolution,革命
online,在线的
f,f
demon,恶魔
heavily,重度
coincidence,巧合
perform,履行
thin,薄的
terrific,了不起
mac,苹果
crown,王冠
identity,身份
virgin,处女
impressive,感人的
windows,视窗
no-one,没有人
potential,潜在的
guitar,吉他
committee,委员会
dozen,打
delivery,送货
advance,进步
quietly,悄悄
stan,斯坦
teaching,教学
hunter,猎人
latest,最新的
hurting,受伤
swing,摇摆
capital,首都
counting,计数
drew,画
dirt,污垢
whistle,哨
marie,玛丽
hits,点击量
doug,道格
deny,否定
urgent,紧迫的
threatened,威胁
behavior,行为
molly,莫莉
mixed,混合
stays,停留
assure,保证
subtitles,字幕
explanation,解释
wins,胜利
unique,独特的
chasing,追逐
billion,十亿
duke,公爵
production,生产
slave,奴隶
agents,代理人
carol,颂歌
lets,让我们
cruel,残忍的
mask,面具
sally,莎莉
behave,表现
bury,埋葬
massive,大量的
pathetic,可怜的
species,物种
approaching,接近
jo,乔
loan,贷款
struggle,斗争
dish,盘子
trusted,可信
jumped,跳了起来
firing,射击
channel,渠道
abby,艾比
stopping,停止
asks,问
jean,牛仔裤
swimming,游泳
daily,日常的
basement,地下室
linda,琳达
quarter,四分之一
erm,呃
bound,边界
navy,海军
article,文章
guide,指导
accused,被告
transfer,转移
guts,内脏
quality,质量
fella,伙计
roman,罗马
greater,更大的
damned,该死的
couch,长椅
cheer,欢呼
vegas,拉斯维加斯
shoe,鞋
title,标题
shy,害羞的
punishment,惩罚
los,洛杉矶
clicks,点击
‘you,'你
closet,壁橱
bye-bye,再见
fever,发烧
coward,懦夫
flash,闪光
impressed,印象深刻
bruce,布鲁斯
siren,警笛
prisoners,囚犯
sides,侧面
bowl,碗
katie,凯蒂
supply,供应
sensitive,敏感的
hopefully,希望
rolling,滚动
roy,罗伊
dollar,美元
tone,语气
voices,声音
g,克
‘i,'我
cheating,作弊
confess,承认
demand,要求
museum,博物馆
unknown,未知
drama,戏剧
suspicious,可疑的
adult,成人
todd,托德
frightened,害怕
warned,警告
steady,稳定的
kills,杀戮
crossed,交叉
lou,卢
particularly,特别
sandwich,三明治
laws,法律
joint,联合的
bullets,子弹
package,包裹
trained,受过训练
thursday,周四
boots,靴子
possibility,可能性
albert,阿尔伯特
civil,民用
june,六月
germans,德国人
baseball,棒球
express,表达
miserable,悲惨的
tuesday,周二
parker,帕克
lion,狮子
joseph,约瑟夫
refused,拒绝
shine,闪耀
assault,突击
hong,香港
jokes,笑话
breaks,休息
argue,争论
you—,你-
trail,踪迹
option,选项
recall,记起
mighty,强大的
collection,收藏
oliver,奥利弗
wilson,威尔逊
accent,口音
believes,相信
decisions,决策
embarrassed,尴尬的
mobile,移动的
customer,顾客
terribly,可怕
sec,秒
charity,慈善机构
considering,考虑
pussy,猫
donna,唐娜
protecting,保护
flag,旗帜
kidnapped,被绑架
italy,意大利
balance,平衡
creatures,生物
nuclear,核
wallet,钱包
shout,喊
vincent,文森特
entered,进入
impression,印象
angela,安吉拉
jay,杰伊
degrees,学位
favour,偏爱
reaction,反应
network,网络
jessica,杰西卡
version,版本
concert,音乐会
gear,齿轮
singer,歌手
diamond,钻石
defeat,击败
steven,史蒂文
lane,车道
blast,爆炸
wounded,受伤
anytime,随时
partners,合作伙伴
ages,年龄
charlotte,夏洛特
ceremony,仪式
league,联盟
bars,酒吧
orange,橙子
specific,具体的
conditions,状况
plastic,塑料
crisis,危机
fifth,第五
term,学期
self,自己
offering,提供
bud,芽
suffered,遭受
reported,据报道
commissioner,专员
rip,撕裂
mysterious,神秘
entrance,入口
messed,搞砸了
tunnel,隧道
designed,设计
neighbor,邻居
aboard,船上
sweat,汗
justin,贾斯汀
ghosts,鬼魂
crimes,犯罪
costs,成本
deserves,值得
dreaming,做梦
bust,摔碎
el,el
teddy,泰迪熊
kong,孔
messages,消息
enjoying,享受
afterwards,然后
comfort,舒适
mason,石匠
surrender,投降
gym,健身房
kitty,猫咪
crush,压碎
yup,是的
arranged,安排
suits,西装
pee,撒尿
stress,压力
cave,洞穴
wing,翼
jordan,约旦
arrange,安排
comrade,同志
noble,高贵
tricks,技巧
betty,贝蒂
launch,发射
legend,传奇
mix,混合
golf,高尔夫球
imagination,想像力
fox,狐狸
kissing,接吻
butter,黄油
tax,税
gross,总的
edward,爱德华
texas,德克萨斯州
insist,坚持
marcus,马库斯
classic,经典的
selfish,自私
skull,颅骨
frankie,弗兰基
shown,所示
bat,蝙蝠
survived,幸存下来
print,打印
champion,冠军
bills,账单
therapy,治疗
lifetime,寿命
throughout,自始至终
a.m.,是。
nathan,内森
toward,朝向
sauce,酱
experiment,实验
margaret,玛格丽特
describe,描述
ross,罗斯
grass,草
cheat,欺骗
attend,出席
homework,家庭作业
lewis,刘易斯
betrayed,背叛
servant,仆人
cap,帽
tyler,泰勒
bible,圣经
practically,几乎
catherine,凯瑟琳
steel,钢
wipe,擦拭
burns,烧伤
j,j
generation,一代
cabin,舱
financial,金融的
industry,行业
bond,纽带
sheep,羊
scientists,科学家
beaten,被打败
heck,见鬼
deck,甲板
fans,粉丝
script,脚本
brand,品牌
degree,程度
painful,痛苦
coughing,咳嗽
religion,宗教
cats,猫
stephen,斯蒂芬
influence,影响
fuel,燃料
drawing,绘画
uh-oh,糟糕
rabbit,兔子
exercise,锻炼
attractive,吸引人的
touching,接触
virus,病毒
realise,意识到
torture,酷刑
blessed,蒙福
plain,清楚的
rebecca,丽贝卡
recent,最近的
barbara,芭芭拉
footsteps,脚步声
sacred,神圣
removed,已移除
pretending,假装
wasted,浪费
jewish,犹太人
goodnight,晚安
robot,机器人
crystal,水晶
confirm,确认
lad,小伙子
mile,英里
division,分配
scratch,划痕
reminds,提醒
walks,散步
ending,结束
russia,俄罗斯
contest,竞赛
valuable,有价值的
distant,遥远
dumped,丢弃
motion,运动
electricity,电
centre,中心
murders,谋杀案
tina,蒂娜
jeremy,杰里米
seal,海豹
standard,标准
ellen,艾伦
wore,穿着
surrounded,包围
struck,击
inform,通知
gentle,温和的
status,地位
purse,钱包
prints,印刷
players,玩家
charged,带电
begging,乞讨
delivered,发表
kenny,肯尼
buck,巴克
nina,妮娜
construction,建造
confirmed,确认的
confession,忏悔
trigger,扳机
cells,细胞
frankly,坦率地说
ali,阿里
exit,出口
response,回复
cancel,取消
argument,争论
principal,主要的
turkey,火鸡
lucas,卢卡斯
clinic,诊所
greetings,问候
neighbors,邻居
vice,副
toy,玩具
hannah,汉娜
everyday,每天
generous,慷慨的
gain,获得
idiots,白痴
holly,冬青
enjoyed,享受
jungle,丛林
link,关联
underground,地下
smiling,微笑
mistress,情妇
teams,团队
product,产品
beef,牛肉
whispers,低语
religious,宗教
presents,礼物
identify,确认
chip,芯片
chffffff,chffff
surveillance,监视
carlos,卡洛斯
vampire,吸血鬼
routine,常规
uses,用途
michelle,米歇尔
underneath,下
systems,系统
temperature,温度
waves,波浪
tribe,部落
brad,布拉德
deputy,副
sophie,苏菲
headquarters,总部
equal,平等的
phones,电话
ken,肯
reckon,估计
related,有关的
incredibly,难以置信
chill,寒意
spit,吐
tracks,轨道
oscar,奥斯卡
makeup,化妆品
bug,漏洞
sounded,听起来
spirits,烈酒
nerve,神经
divorced,离婚
stake,赌注
port,港口
doorbell,门铃
worries,担忧
nephew,侄子
miller,磨坊主
units,单位
just—,只是-
proceed,继续
landing,降落
traitor,叛徒
outfit,全套服装
chloe,克洛伊
bail,保释
fields,字段
patience,耐心
recording,记录
foolish,愚蠢
loaded,已加载
tokyo,东京
davis,戴维斯
costume,戏服
wayne,韦恩
injured,受伤
somethin,某物
ian,伊恩
pet,宠物
cage,笼
digging,挖掘
spain,西班牙
seats,座位
awkward,尴尬的
cleaned,已清洗
pattern,图案
filthy,污秽
visiting,访问
jews,犹太人
answering,回答
concentrate,集中
someplace,某个地方
citizens,公民
aim,目的
nancy,南希
affairs,事务
thick,厚的
sport,运动
basic,基本的
electric,电的
pleasant,令人愉快的
cliff,悬崖
nail,指甲
russell,罗素
environment,环境
western,西
average,平均的
ease,舒适
raped,强奸
interrupt,打断
judy,朱迪
satisfied,使满意
beep,嘟
starving,饥饿
documents,文件
anniversary,周年纪念日
beth,贝丝
election,选举
warrior,战士
r,r
forth,前进
fetch,拿来
banks,银行
placed,放置
timing,定时
stones,石头
complex,复杂的
frozen,冷冻
replace,代替
prayer,祷告
skip,跳过
angeles,安吉利斯
guilt,有罪
tune,调
woo,哇
actions,行动
conscience,良心
officially,官方
martha,玛莎
machines,机器
smaller,较小的
determined,决定
blown,吹
hail,冰雹
unhappy,不开心
booth,展位
pour,倒
berlin,柏林
cleared,已清除
packed,包装
wrap,裹
randy,兰迪
behalf,代表
reasonable,合理的
trunk,树干
homes,房屋
festival,节日
tradition,传统
cigarettes,香烟
le,勒
beside,旁
harvey,哈维
motive,动机
beings,生物
bishop,主教
dealer,经销商
defendant,被告
backup,备份
wounds,伤口
ouch,哎哟
ann,安妮
nearby,附近
drank,喝
effects,效果
jonathan,乔纳森
dennis,丹尼斯
benefit,益处
adventure,冒险
p,p
territory,领土
ve,ve
apology,道歉
dylan,迪伦
unlike,与此不同
owns,拥有
boxes,盒子
thus,因此
clay,黏土
developed,发达
busted,被捕
pipe,管道
gray,灰色的
no.,不。
goods,商品
favourite,最喜欢的
salad,沙拉
loyal,忠诚
atmosphere,气氛
eva,伊娃
freaking,该死的
dropping,下降
strangers,陌生人
mouse,老鼠
downtown,市中心
francisco,旧金山
heroes,英雄
pit,坑
rotten,烂
paradise,天堂
meantime,与此同时
jess,杰西
organization,组织
hills,丘陵
exam,考试
cock,公鸡
fairy,仙女
earl,伯爵
comment,评论
activity,活动
frame,框架
knight,骑士
testing,测试
habit,习惯
shelter,庇护所
flow,流动
jennifer,詹妮弗
holes,孔
prevent,防止
anthony,安东尼
lend,借
cooper,库珀
figures,数据
boston,波士顿
sample,样本
strip,条
landed,登陆
buzzing,嗡嗡声
monk,僧
slightly,轻微地
produce,生产
annoying,恼人的
judgment,判断
laundry,洗衣店
ron,罗恩
lousy,糟糕
souls,灵魂
existence,存在
belly,腹部
tries,尝试
foster,促进
returning,返回
answered,回答
ward,病房
plants,植物
actress,演员
chairman,主席
individual,个人
hopes,希望
tattoo,纹身
fence,栅栏
sink,下沉
punk,朋克
confident,自信的
yay,耶
mistaken,错误
limit,限制
bothering,烦人
st,英石
uncomfortable,不舒服
wednesday,周三
gifts,礼物
policeman,警察
na,纳
precisely,恰恰
lawyers,律师
greek,希腊语
merely,仅仅
criminals,罪犯
underwear,内衣
hoped,希望
earned,获得
reveal,揭示
appeared,出现
derek,德里克
heavens,天
personality,性格
batman,蝙蝠侠
virginia,弗吉尼亚州
wives,妻子们
colour,颜色
worker,工人
pope,教皇
instructions,指示
intelligent,聪明的
worrying,令人担忧
vince,文斯
comin,即将到来
cried,哭
traveling,旅行
bells,铃铛
x,x
impact,影响
robbed,被抢劫
relief,宽慰
host,主持人
footage,画面
odds,赔率
patrol,巡逻
circus,马戏团
mud,泥
captured,捕获
lessons,课程
occasion,场合
sets,套
pulse,脉冲
ad,广告
invented,发明
diamonds,钻石
matthew,马修
auntie,阿姨
cloud,云
francis,弗朗西斯
angels,天使
hers,她的
classes,课程
mm-hm,毫米-小时
signature,签名
complain,抱怨
blah,呃
monitor,监视器
options,选项
claims,索赔
flies,苍蝇
pat,拍
britain,英国
hid,隐藏
wailing,哀嚎
listened,听着
countries,国家
vic,维克
yell,叫喊
rats,老鼠
wondered,想知道
smooth,光滑的
resist,抵抗
companies,公司
fantasy,幻想
passport,护照
pitch,沥青
hammer,锤
homicide,杀人
casey,凯西
holds,持有
flew,飞翔
jacob,雅各布
noon,中午
helicopter,直升机
dishes,菜肴
spin,旋转
charm,魅力
slap,拍击
apply,申请
fools,傻瓜
screeching,尖叫
discover,发现
previous,以前的
kit,成套工具
authorities,当局
moaning,呻吟
photograph,照片
sales,销售量
fifty,五十
mickey,米奇
beneath,下面
farewell,告别
clouds,云
slipped,滑倒了
represent,代表
deaf,聋
facing,面向
offense,罪行
citizen,公民
clown,小丑
snap,折断
messing,胡闹
hood,兜帽
twelve,十二
interests,兴趣
cheated,作弊
liz,莉兹
informed,知情的
humanity,人类
producer,制作人
technically,技术上来说
accounts,账户
extreme,极端
gettin,获得
cia,中央情报局
ii,二、
pays,支付
profile,轮廓
oxygen,氧
jeez,天哪
gene,基因
shed,棚
minor,次要的
ex,前任
theatre,剧院
scientific,科学
lovers,恋人
chaos,混乱
l.a.,洛杉矶
rocket,火箭
math,数学
stubborn,固执的
august,八月
oi,oi
chips,芯片
intense,激烈的
grey,灰色的
talkin,谈话
terrorist,恐怖分子
angle,角度
invitation,邀请
gus,格斯
gambling,赌博
respond,回应
thirty,三十
procedure,程序
absolute,绝对
investigate,调查
tragedy,悲剧
stable,稳定的
session,会议
capture,捕获
marrying,结婚
ripped,撕裂
attacks,攻击
stretch,拉紧
bush,衬套
dates,日期
unable,无法
gates,大门
mars,火星
artists,艺术家
increase,增加
tastes,口味
cared,关心
bottles,瓶子
highest,最高
whirring,嗡嗡声
meanwhile,同时
nate,内特
grabbed,抓住
pigs,猪
chop,劈
olivia,奥利维亚
wheels,车轮
shocked,震惊
reverend,牧师
commercial,商业的
escort,护送
engagement,订婚
corpse,尸体
louise,路易丝
worthy,值得
scale,规模
beats,节拍
williams,威廉姆斯
threatening,威胁
exists,存在
academy,学院
acts,行为
hop,跳
judges,法官
furniture,家具
shared,共享
ralph,拉尔夫
consequences,结果
engineer,工程师
schools,学校
softly,轻轻
bombs,炸弹
caroline,卡罗琳
shark,鲨鱼
transport,运输
population,人口
succeed,成功
creepy,爬行
sneak,潜行
studies,研究
destruction,破坏
keith,基思
protected,受保护
monsters,怪物
joining,加入
punished,受到惩罚
lightning,闪电
malcolm,马尔科姆
shell,壳
fascinating,迷人
chamber,房间
ethan,伊桑
romance,浪漫
instance,实例
jumping,跳
groups,团体
exhausted,筋疲力尽的
testify,作证
studied,研究
walker,沃克
pin,别针
imagined,想象
drill,钻头
investigating,调查
ye,是的
experienced,经验丰富的
elena,埃琳娜
necklace,项链
loyalty,忠诚
junk,垃圾
cole,油菜
cries,哭泣
stanley,斯坦利
rita,丽塔
southern,南部
blocks,积木
emotions,情绪
begun,开始
maya,玛雅
liver,肝
serving,服务
matches,比赛
surgeon,外科医生
granted,的确
jazz,爵士乐
july,七月
supplies,补给品
deeper,更深
typical,典型的
kicking,踢
obey,服从
dancer,舞蹈家
remote,偏僻的
daughters,女儿们
moron,白痴
latin,拉丁
teachers,教师
toby,托比
sandy,沙
dragged,拖拽
strategy,战略
parent,父母
jin,斤
album,专辑
compared,比较的
rubbish,垃圾
helpful,有用
powder,粉末
sync,同步
bum,屁股
passes,通过
joan,琼
fort,堡
choices,选择
alley,胡同
supper,晚餐
penis,阴茎
alibi,不在场证明
sammy,萨米
pole,极
coke,可乐
scientist,科学家
fighter,战斗机
highway,公路
blade,刀刃
alpha,阿尔法
diet,饮食
liquor,酒
jet,喷射
widow,寡妇
liberty,自由
philip,菲利普
moral,道德
carrie,凯莉
award,奖
grief,悲伤
thirsty,渴
ashley,阿什利
random,随机的
suspects,嫌疑人
intention,意图
julian,朱利安
active,积极的
tools,工具
driven,驱动
trauma,创伤
headache,头痛
safely,安全
alexander,亚历山大
knee,膝盖
lads,小伙子们
novel,小说
conversations,对话
waters,水
lookin,在看
invisible,无形的
internal,内部的
peaceful,和平
humming,哼唱
washed,洗过
drives,驱动
talented,才华横溢
li,李
aid,援助
elephant,大象
troubles,麻烦
core,核
serial,序列号
‘s—,的——
painted,绘
‘the,'这
divine,神圣的
jam,果酱
goat,山羊
opera,歌剧
thieves,窃贼
guessing,猜测
objection,异议
whiskey,威士忌酒
florida,佛罗里达
resistance,反抗
dressing,敷料
attached,随附的
aaron,亚伦
brief,简短的
punish,惩治
eternal,永恒
lois,路易斯
‘and,'和
required,必需的
victoria,维多利亚
fabulous,太棒了
twins,双胞胎
characters,人物
cooked,煮熟
ln,ln
ruth,露丝
dreamed,梦见
arts,艺术
naughty,淘气
stabbed,刺伤
tend,趋向
diane,黛安
tap,轻敲
soap,肥皂
locker,储物柜
development,发展
images,图片
prick,刺
global,全球的
string,细绳
bitter,苦的
sharing,分享
corn,玉米
craig,克雷格
fits,合身
tent,帐篷
forms,表格
votes,投票
harold,哈罗德
propose,提出
monica,莫妮卡
constantly,不断地
granny,奶奶
nicely,很好
nerves,神经
arguing,争论
abuse,虐待
relatives,亲属
survival,生存
gloves,手套
tracking,追踪
zoe,佐伊
u,你
bend,弯曲
review,审查
connect,连接
separated,分开
elder,长老
beard,胡须
admiral,上将
diana,戴安娜
salary,薪水
areas,区域
disturb,打扰
pro,专业
maintain,维持
solved,已解决
wealth,财富
bitches,婊子
possession,拥有
sang,唱
gimme,给我
plates,盘子
shoulders,肩膀
burnt,烧焦的
recorded,记录
upper,上
counts,计数
tale,故事
profit,利润
colleague,同事
warehouse,仓库
hostage,人质
shore,支撑
porn,A片
miami,迈阿密
fifteen,十五
visitors,访客
bo,波
net,网
insult,侮辱
owen,欧文
cities,城市
causing,导致
lemon,柠檬
heal,愈合
banging,砰砰作响
honeymoon,蜜月
appeal,上诉
marshall,马歇尔
critical,批判的
creating,创建
scotland,苏格兰
crane,起重机
enormous,巨大的
testimony,见证
praise,称赞
fights,战斗
indians,印度人
commission,委员会
growls,咆哮
nicole,妮可
sins,罪孽
fraud,欺诈罪
branch,分支
happily,快乐地
bout,回合
covering,覆盖
occurred,发生
beans,豆子
raw,生的
muscle,肌肉
pages,页面
tense,紧张
relationships,关系
management,管理
assignment,任务
blonde,金发
catching,捕捉
exposed,裸露
canada,加拿大
dont,不
han,汉
von,冯
comedy,喜剧
marco,马可
stroke,中风
whistling,吹口哨
buildings,建筑物
shaking,摇晃
p.m.,下午
facility,设施
appropriate,合适的
remarkable,卓越
transferred,转移
drawn,绘制
tits,乳房
clicking,点击
symbol,象征
motor,发动机
employees,雇员
ambassador,大使
mothers,母亲们
pile,桩
feeding,喂养
soda,苏打
checks,检查
bears,熊
cookies,曲奇饼
slut,荡妇
awfully,非常
stepped,步
toys,玩具
levels,级别
differently,不同
magnificent,壮丽
steak,牛排
tube,管子
leaders,领导人
superior,优越的
herr,先生
pan,平底锅
expression,表达
currently,现在
throne,王座
deadly,致命
bee,蜜蜂
tooth,齿
depressed,郁闷
potatoes,土豆
wicked,邪恶
resources,资源
native,本国的
centuries,几个世纪
karl,卡尔
poetry,诗
multiple,多种的
cable,电缆
shortly,不久
buzz,嗡嗡声
socks,袜子
fingerprints,指纹
goddess,女神
chin,下巴
anxious,焦虑的
september,九月
colors,颜色
basketball,篮球
promises,承诺
explained,解释
appearance,外貌
musical,音乐
sends,发送
slide,滑动
aii,艾伊
shawn,肖恩
ultimate,最终的
pork,猪肉
communication,沟通
payment,支付
structure,结构
paperwork,文书工作
obsessed,痴迷
lazy,懒惰的
russians,俄罗斯人
actors,演员
squeeze,挤
magical,神奇
colleagues,同事
admire,钦佩
madness,疯狂
roads,道路
entry,入口
injury,受伤
burden,负担
racing,赛车
manner,方式
freezing,冷冻
bits,比特
norman,诺曼
mount,山
battery,电池
dessert,甜点
pound,磅
visited,到访
motel,汽车旅馆
rumbling,隆隆声
cinema,电影
fond,喜爱
halfway,半
rifle,步枪
reception,接待
statue,雕像
fridge,冰箱
brick,砖
abandon,放弃
lap,膝
natalie,娜塔莉
wars,战争
recommend,推荐
brush,刷子
nelson,纳尔逊
pill,丸
concept,概念
w,西
delay,延迟
quarters,四分之一
korea,韩国
janet,珍妮特
rub,擦
mall,购物中心
soil,土壤
complaint,抱怨
sail,帆
baker,面包师
coughs,咳嗽
bucket,桶
description,描述
badge,徽章
measure,措施
hip,时髦的
function,功能
indistinctly,模糊不清
harris,哈里斯
foundation,基础
labor,劳动
willie,威利
waiter,服务员
homeless,无家可归者
proved,已证实
unfortunate,不幸
log,日志
meetings,会议
giggles,咯咯笑
combat,战斗
poem,诗
polish,抛光
handed,递交
mia,米娅
weed,杂草
raymond,雷蒙德
tons,吨
satellite,卫星
jersey,球衣
eagle,鹰
privacy,隐私
chapter,章
treating,治疗
wisdom,智慧
flip,翻动
entering,进入
barn,谷仓
farmer,农民
clan,氏族
budget,预算
pub,酒吧
temporary,暂时的
effective,有效的
sonny,桑尼
wendy,温迪
juan,胡安
lamb,羊肉
plot,阴谋
riley,莱利
proposal,提议
sticks,棍子
searched,搜索
blessing,祝福
rage,愤怒
bothered,烦恼
sydney,悉尼
basis,基础
manners,礼仪
recover,恢复
twist,捻
neil,尼尔
leak,泄露
item,物品
catholic,天主教
sighing,叹息
retired,退休
kings,国王
inner,内
cents,分
affect,影响
forbidden,禁止
patch,修补
drops,滴
necessarily,一定
provided,假如
meters,米
booked,已预订
returns,返回
gloria,格洛丽亚
fires,火灾
humor,幽默
torn,撕裂
e-mail,电子邮件
rocky,岩石
introduced,介绍
creative,有创造力的
betray,背叛
soviet,苏联
various,各种各样的
added,额外
discovery,发现
cowboy,牛仔
suspected,怀疑
suggested,建议
delighted,高兴极了
sticking,粘性
dive,潜水
shane,肖恩
radar,雷达
prosecutor,检察官
amber,琥珀色
vast,广阔的
quinn,奎因
owned,拥有
cookie,曲奇饼
finest,最好的
felix,菲利克斯
pump,泵
valentine,情人节
counter,柜台
sorts,排序
coin,硬币
warren,沃伦
slaves,奴隶
marine,海洋
illness,疾病
sack,解雇
bid,出价
require,要求
moscow,莫斯科
largest,最大
washing,洗涤
achieve,达到
causes,原因
k,k
mo,莫
dope,太棒了
nest,巢
palm,棕榈
logan,洛根
constant,持续的
b.,b.
boo,嘘
medication,药物
gravity,重力
booze,豪饮
noah,诺亚
evan,埃文
abroad,国外
christine,克里斯汀
rising,上升
analysis,分析
cuts,削减
eats,吃
employee,员工
vodka,伏特加酒
damaged,损坏的
solar,太阳的
height,高度
pops,流行音乐
yards,码
terrified,恐惧
suitcase,手提箱
chemical,化学
preparing,准备
advanced,先进的
fund,基金
wears,穿着
chirping,啁啾声
web,网站
phase,阶段
prom,舞会
suggesting,建议
fleet,舰队
lame,瘸
irish,爱尔兰
editor,编辑
october,十月
assumed,假定
whip,鞭
mel,梅尔
region,地区
amongst,在
temper,脾气
discussion,讨论
engines,发动机
operate,操作
sunshine,阳光
acted,行动
undercover,秘密
horror,恐怖
tested,测试
smash,粉碎
contrary,相反
roses,玫瑰
poker,扑克
wrapped,包装
korean,韩国人
graham,格雷厄姆
mi,米
fu,福
ivan,伊万
focused,专注
liam,利亚姆
tragic,悲惨
carla,卡拉
demons,恶魔
rounds,回合
entertainment,娱乐
gathered,聚集
uhh,呃
yells,喊叫
lincoln,林肯
crossing,过境
blanket,毯子
nut,坚果
travis,特拉维斯
pockets,口袋
limited,有限的
paintings,绘画
sober,清醒
caesar,凯撒
sis,妹妹
intended,故意的
niece,侄女
computers,计算机
tennis,网球
needle,针
chicks,小鸡
traditional,传统的
delicate,精美的
independent,独立的
leslie,莱斯利
lauren,劳伦
grandson,孙子
repair,维修
a.,一个。
brandon,布兰登
executive,管理人员
colin,科林
recognized,认可
holmes,福尔摩斯
regarding,关于
weakness,弱点
aliens,外星人
gunshots,枪声
european,欧洲的
method,方法
tool,工具
demands,需求
permit,允许
towel,毛巾
daisy,雏菊
nowadays,如今
spider,蜘蛛
northern,北方
rangers,护林员
zoo,动物园
praying,祈祷
antonio,安东尼奥
passengers,乘客
con,康
australia,澳大利亚
technique,技术
cellphone,手机
gently,轻轻地
operations,运营
planes,飞机
bunny,兔子
gunfire,炮火
shining,灼灼
backwards,向后
skill,技能
uh—,呃——
baron,男爵
kidnapping,绑架
iike,我喜欢
marshal,元帅
petty,小气
sealed,密封
massage,按摩
raising,提高
menu,菜单
diary,日记
fucker,笨蛋
wagon,车皮
audition,试镜
mitch,米奇
mexican,墨西哥人
casino,赌场
bacon,熏肉
diego,迭戈
dutch,荷兰语
promotion,晋升
click,点击
forgiveness,饶恕
burst,爆裂
permanent,永恒的
interfere,干扰
chanting,吟唱
dammit,该死
spencer,斯宾塞
recovered,恢复
registered,挂号的
sunny,阳光明媚
packing,包装
scenes,场景
superman,超人
questioning,提问
unfair,不公平
admitted,承认
ancestors,祖先
polite,有礼貌的
completed,完全的
swallow,吞
conduct,执行
prayers,祈祷
sheet,床单
fried,油煎
avenue,大街
poisoned,中毒
reverse,撤销
newspapers,报纸
ford,福特
complaining,抱怨
senses,感官
investment,投资
absurd,荒诞
potato,土豆
understands,明白
grows,生长
inspired,灵感
ruby,红宝石
celebrating,庆祝
tag,标签
ram,内存
requires,需要
bonnie,邦妮
bugs,漏洞
leonard,伦纳德
elliot,艾略特
hooked,钩子
jill,吉尔
ranch,牧场
safer,更安全
worn,磨损
crashing,崩溃
lands,土地
heather,希瑟
ash,灰
leather,皮革
grounds,理由
assuming,假设
nails,指甲
dana,达娜
conspiracy,阴谋
thanksgiving,感恩
pierre,皮埃尔
guardian,监护人
rumors,谣言
yen,日元
megan,梅根
ashes,灰烬
terror,恐怖
misunderstanding,误解
tire,胎
boats,船
parade,游行
halt,停止
immunity,免疫
adults,成年人
steam,蒸汽
kang,炕
closely,密切
pearl,珍珠
soccer,足球
adrian,阿德里安
priority,优先事项
shouts,喊叫
donald,唐纳德
happier,更快乐
khan,可汗
struggling,挣扎
root,根
larger,更大的
november,十一月
boot,启动
conflict,冲突
laughed,笑了
debbie,黛比
cherry,樱桃
honking,鸣笛
concerns,担忧
celebration,庆典
sore,疮
unconscious,无意识
cattle,牛
breasts,乳房
fairly,相当
fee,费用
recognise,认出
wade,涉水
radiation,辐射
holidays,假期
raining,下雨
forgetting,遗忘
lungs,肺
register,登记
shadows,阴影
specifically,具体来说
sarge,萨奇
ideal,理想的
turtle,龟
spoil,剧透
deserved,应得的
ronnie,罗尼
gina,吉娜
candidate,候选人
lance,槊
types,类型
bloke,伙计
explode,爆炸
immediate,即时
belonged,属于
identified,已识别
di,迪
hunger,饥饿
closest,最接近
combination,组合
nanny,保姆
seth,塞思
gabriel,加布里埃尔
develop,发展
detectives,侦探
severe,严重
en,英文
organized,组织
franklin,富兰克林
gut,肠道
splendid,灿烂
dismissed,解雇
pm,下午
yang,杨
halloween,万圣节
ellie,艾莉
vulnerable,易受伤害的
continued,持续
vital,必不可少的
comrades,同志们
bureau,局
drawer,抽屉
harper,哈珀
retreat,撤退
carson,卡森
benny,本尼
pillow,枕头
troy,特洛伊
ace,高手
cart,大车
nap,午睡
chan,chan
ham,火腿
announce,宣布
borrowed,借来的
parked,停放
galaxy,星系
voted,投票
muffled,闷音
sebastian,塞巴斯蒂安
mmm-hmm,嗯
jewelry,珠宝
kisses,吻
luggage,行李
groom,新郎
oops,哎呀
lighter,打火机
masters,大师
alliance,联盟
buddies,伙伴们
clothing,衣服
denied,否认
drown,溺水
alike,同样
excellency,阁下
relative,相对的
photographs,照片
burger,汉堡
dough,面团
alicia,艾丽西亚
wreck,破坏
approve,批准
produced,出品
christina,克里斯蒂娜
physically,身体
stations,车站
eli,伊莱
samantha,萨曼莎
spiritual,精神
sire,父系
roaring,咆哮
stab,刺
inch,英寸
servants,仆人
limits,限制
unexpected,意外
arrival,到达
whimpering,呜咽
basket,篮子
sheets,纸张
scandal,丑闻
stink,臭
homer,荷马
tara,塔拉
christopher,克里斯托弗
toes,脚趾
‘t—,不——
shield,盾
shooter,射击游戏
instant,立即的
objects,对象
rehearsal,排演
disturbing,令人不安
directed,指导
scan,扫描
electronic,电子的
republic,共和国
overnight,过夜
counsel,法律顾问
sirens,警报器
dorothy,多萝西
bait,饵
dignity,尊严
explains,解释
lean,倾斜
heroin,海洛因
tracy,特蕾西
rex,雷克斯
barney,巴尼
gossip,闲话
humble,谦逊的
economy,经济
worlds,世界
impress,令人印象深刻
clara,克拉拉
tissue,组织
threaten,威胁
et,等
bump,撞
supreme,最高
bingo,宾果
mitchell,米切尔
excitement,激动
mankind,人类
document,文档
broad,广阔
vietnam,越南
vessel,血管
lit,点燃
dale,戴尔
killers,杀手
connor,康纳
mario,马里奥
foul,犯规
stare,盯
deaths,死亡人数
hut,小屋
elements,元素
coma,昏迷
laying,躺下
coffin,棺材
paula,宝拉
cocaine,可卡因
puppy,小狗
louder,更大声
handled,处理
announcement,公告
oath,誓言
mob,暴民
cotton,棉布
deposit,订金
taxes,税收
injuries,受伤
jen,珍
autopsy,尸检
advise,建议
gig,演出
lecture,演讲
posted,发布
skinny,瘦骨嶙峋的
lo,洛
include,包括
revealed,揭晓
infected,已感染
relieved,松了口气
assistance,协助
solo,独奏
determine,决定
terrorists,恐怖分子
elsewhere,别处
lamp,灯
practical,实际的
marked,标记
adorable,可爱的
rubber,橡皮
purple,紫色的
operating,操作
suite,套房
apologies,致歉
personnel,人员
beam,光束
poet,诗人
samples,样品
arrow,箭
counselor,顾问
carpet,地毯
allen,艾伦
audrey,奥黛丽
spotted,斑
floating,漂浮的
corrected,已更正
located,位于
journalist,记者
insisted,坚持
operator,操作员
rely,依靠
singh,辛格
fooled,被骗了
arrives,到达
i.d.,ID。
leon,莱昂
walt,沃尔特
eastern,东
ay,哎
shave,刮胡子
remaining,其余的
toss,折腾
anderson,安德森
lip,唇
acid,酸
nora,诺拉
si,是
december,十二月
anonymous,匿名的
inn,客栈
planted,已种植
oldest,最老
breast,胸部
sixth,第六
error,错误
reporting,报道
egypt,埃及
islands,岛屿
brother-in-law,小舅子
jules,朱尔斯
roommate,室友
sings,唱歌
scum,浮渣
visitor,游客
giggling,咯咯笑
described,描述
geez,哎呀
inches,英寸
commitment,承诺
hercules,赫拉克勒斯
react,反应
cows,牛
protest,反对
misery,苦难
theft,盗窃
embrace,拥抱
darn,该死
harsh,残酷的
andrea,安德烈亚
communicate,交流
fathers,父亲们
faithful,忠实
hector,赫克托
uh-uh,呃呃
flame,火焰
medal,勋章
silk,丝绸
photographer,摄影师
trevor,特雷弗
cemetery,公墓
rear,后部
freddy,弗雷迪
banana,香蕉
allison,艾莉森
emotion,情感
chap,小伙子
dated,日期
excuses,借口
shitty,糟糕的
bin,垃圾桶
jew,犹
gum,胶
crushed,碎
efforts,努力
content,内容
corporal,下士
realised,意识到
del,del
rap,说唱
hopeless,绝望
debate,辩论
era,时代
luckily,幸运的是
ton,吨
liquid,液体
swell,膨胀
peggy,佩吉
feast,盛宴
murphy,墨菲
attracted,吸引
application,应用
profession,职业
bench,长椅
vanessa,凡妮莎
ahem,嗯
symptoms,症状
scout,侦察
crashed,崩溃了
keen,敏锐的
aircraft,飞机
formed,形成
hon,亲爱的
aggressive,挑衅的
pale,苍白
significant,重要的
duncan,邓肯
clubs,俱乐部
visual,视觉的
embassy,大使馆
defence,防御
cabinet,内阁
display,展示
fame,名声
gibbs,吉布斯
drowned,溺水
wolves,狼
filming,拍摄
dunno,不知道
cursed,被诅咒的
twin,双
sorrow,悲哀
vault,金库
defeated,战败
watson,沃森
quote,引用
penalty,惩罚
bargain,便宜货
pepper,胡椒
speaker,扬声器
compare,比较
satan,撒但
helmet,头盔
scar,瘢痕
copies,副本
fuss,大惊小怪
envelope,信封
perry,佩里
stinks,臭气熏天
african,非洲
arrangements,安排
wished,希望
honored,荣幸
believing,相信
discussed,讨论
assigned,分配
rosa,罗莎
oven,烤箱
jenna,珍娜
attacking,攻击
tin,锡
sonic,音速
collar,衣领
mere,仅仅
romeo,罗密欧
belief,信仰
storage,贮存
rusty,生锈的
psycho,心理
climbing,攀登
melissa,梅丽莎
fears,恐惧
sum,和
dedicated,投入的
ladder,梯子
alternative,选择
raid,袭击
dining,用餐
ms,多发性硬化症
corporate,公司的
folk,民间
jon,乔恩
replaced,替换
bailey,贝利
un,联合国
heels,高跟鞋
duties,职责
smarter,更聪明
existed,存在
surprising,奇怪
chess,棋
requested,请求
cruise,巡航
primary,基本的
rhythm,韵律
drum,鼓
models,模型
motorcycle,摩托车
adopted,已采用
barrel,桶
cargo,货物
planets,行星
shove,推
wha,世界卫生大会
surprises,惊喜
rosie,罗西
dings,叮当
trailer,拖车
cannon,大炮
tables,表格
arse,屁股
ally,盟友
lawrence,劳伦斯
wee,哇
tapes,磁带
dull,乏味的
sandra,桑德拉
teenage,青少年
kent,肯特
cooperate,合作
risks,风险
dug,挖
worthless,毫无价值
arriving,抵达
kindness,仁慈
ties,领带
items,项目
and—,和-
grip,紧握
relations,关系
rumor,谣言
skirt,裙子
frog,青蛙
paige,佩奇
lloyd,劳埃德
claimed,声称
perfume,香水
instrumental,乐器演奏
flames,火焰
association,协会
loses,失败
january,一月
spike,长钉
israel,以色列
eleven,十一
gallery,画廊
ginger,姜
activities,活动
iraq,伊拉克
boarding,登机
fist,拳头
stuffed,填充
improve,提升
creation,创建
connie,康妮
infection,感染
strikes,罢工
wiped,擦拭
tension,紧张
whistles,哨声
kindly,亲切地
certificate,证书
curtis,柯蒂斯
bold,大胆的
threats,威胁
claudia,克劳迪娅
sid,侧
twisted,扭曲
suspended,暂停
affected,做作的
envy,嫉妒
whale,鲸
dial,拨号
cameron,卡梅伦
martial,武术
controlled,受控
lung,肺
nigga,黑鬼
coal,煤炭
upside,上行
imperial,帝国
pam,帕姆
paranoid,偏执狂
signing,签名
congress,国会
villa,别墅
candles,蜡烛
filling,填充
becky,贝基
comic,漫画
faint,头晕的
recovery,恢复
volunteer,志愿者
tech,技术
bleed,流血
positions,职位
cindy,辛迪
narrow,狭窄的
forbid,禁止
stuart,斯图尔特
perspective,看法
faced,面对
neat,整洁的
pierce,刺穿
observe,观察
cycle,循环
psychic,精神
handling,处理
goose,鹅
accidentally,偶然
conclusion,结论
designer,设计师
sits,坐着
importance,重要性
spots,地点
francs,法郎
sweep,扫
destroying,摧毁
communist,共产
blackmail,勒索
pacific,太平洋
risky,风险
glorious,辉煌
filed,已提交
hatred,仇恨
cam,摄像头
deals,交易
pos,位置
fooling,愚弄
persons,人
scotch,苏格兰威士忌
executed,执行
brakes,刹车
blank,空白的
tender,投标
kurt,库尔特
turner,车工
tub,浴缸
sucker,傻瓜
slight,轻微
addition,添加
campus,校园
ritual,仪式
prey,猎物
so-called,所谓的
graduate,毕业
anyways,总之
ew,新
fry,炒
genuine,真的
ned,内德
judging,评判
doubts,疑虑
warden,典狱长
ceiling,天花板
practicing,练习
somewhat,有些
established,已确立的
attempted,尝试过
zombie,僵尸
generations,几代人
gathering,采集
warriors,战士
mick,米克
electrical,电气
collins,柯林斯
sobs,啜泣
couples,情侣
depend,依赖
institute,研究所
miranda,米兰达
principle,原则
fixing,定影
therapist,治疗师
compete,竞争
compliment,赞扬
worship,崇拜
residence,住宅
democracy,民主
joel,乔尔
published,已发布
myth,神话
helpless,无助
screwing,拧螺丝
kennedy,肯尼迪
execution,执行
appetite,食欲
formal,正式的
strictly,严格
sucked,真烂
tanks,坦克
chickens,鸡
gwen,格温
technical,技术的
stella,斯特拉
rod,杆
meets,满足
shepherd,牧羊人
brazil,巴西
brutal,野蛮
alison,艾莉森
vain,徒劳
switched,切换
chi,气
deer,鹿
brooklyn,布鲁克林
dresses,连衣裙
retire,退休
overcome,克服
inspiration,灵感
cunt,婊子
benjamin,本杰明
nicky,尼基
thrilled,激动不已
tae,泰
suggestion,建议
dummy,假的
sailor,水手
destination,目的地
bass,低音
picnic,野餐
assholes,混蛋
idol,偶像
trucks,卡车
rank,秩
denise,丹尼斯
yu,余
veronica,维罗妮卡
blocked,已屏蔽
strict,严格的
hiya,嗨
formula,公式
clerk,职员
samurai,武士
disturbed,不安
vera,维拉
cafe,咖啡店
wandering,漫游
consciousness,意识
val,瓦尔
nikki,妮基
min,最小
bare,裸
hans,汉斯
caleb,迦勒
butcher,屠夫
arrangement,安排
chased,追逐
ministry,部
brandy,白兰地
sweater,毛衣
boobs,胸部
locate,定位
apologise,道歉
nazi,纳粹
parole,言语
examine,检查
trains,火车
candle,蜡烛
prior,事先的
stream,溪流
passage,通道
reaching,到达
organ,器官
directions,方向
asses,亚斯
outer,外
proves,证明
morris,莫里斯
luxury,奢华
pistol,手枪
v,v
losers,失败者
funds,资金
sunset,日落
strings,字符串
fortunately,幸运的是
gotcha,陷阱
tomb,墓
freddie,弗雷迪
engineering,工程
element,元素
balloon,气球
ty,ty
broadcast,播送
spray,喷
ninja,忍者
eternity,永恒
handy,便利
crawl,爬行
slice,片
nations,国家
behaviour,行为
pace,步伐
stiff,僵硬的
lick,舔
concrete,具体的
allah,真主
vegetables,蔬菜
euros,欧元
sausage,香肠
constable,警官
spinning,旋转
rolls,卷
genetic,基因
loudly,高声
old-fashioned,老式的
marvelous,奇妙
subway,地铁
creep,潜行者
scheme,方案
performed,执行
ex-wife,前妻
plug,插头
rejected,拒绝
brenda,布伦达
respected,受人尊敬
backs,背部
protocol,协议
muscles,肌肉
kidney,肾
finishing,精加工
products,产品
im,我是
wu,吴
invasion,入侵
affection,感情
woody,木质的
endless,无尽的
discipline,纪律
horns,角
absence,缺席
waking,醒来
dudes,伙计们
philosophy,哲学
cracked,裂纹
nicholas,尼古拉斯
reed,芦苇
verdict,判决
drake,德雷克
connections,连接
privilege,特权
anyhow,无论如何
scent,香味
naive,幼稚的
daylight,日光
controls,控制
airplane,飞机
values,值
jolly,快乐的
swore,发誓
blaring,刺耳的
consent,同意
puzzle,谜
disagree,不同意
winds,风
vanished,消失了
wizard,巫师
ranger,游侠
celebrity,名人
sniffles,抽泣
stores,商店
aha,啊哈
intentions,意图
plague,瘟疫
farmers,农民
breeze,微风
rascal,恶棍
convenient,方便的
bonus,奖金
dong,董
hush,嘘
instinct,本能
entitled,标题
porter,搬运工
maurice,莫里斯
wrist,手腕
originally,起初
coins,硬币
drain,流走
physics,物理
phoebe,菲比
furious,狂怒
sniffs,嗅嗅
vampires,吸血鬼
defending,防守
sector,行业
income,收入
finn,芬恩
offended,被冒犯了
decides,决定
laser,激光
fled,逃亡
beers,啤酒
boxing,拳击
accurate,准确的
kung,功夫
snakes,蛇
thumb,拇指
bald,秃
sharon,莎伦
suspicion,怀疑
convicted,已定罪
roots,根
shares,分享
bernard,伯纳德
jessie,杰西
wang,王
harrison,哈里森
blues,蓝调
confusing,令人困惑
lobby,大厅
recipe,食谱
las,最后
winston,温斯顿
generally,一般来说
seeking,寻求
secretly,偷偷
declare,宣布
freaked,吓坏了
missile,导弹
ensure,确保
tricky,棘手
pointed,尖
hockey,曲棍球
bubble,气泡
contacts,联系人
maximum,最大限度
reminded,提醒
carriage,运输
curtain,窗帘
clues,线索
hostages,人质
circles,界
author,作者
wallace,华莱士
receiving,接收
debts,债务
cellar,地窖
tortured,受折磨
tips,尖端
mates,伙伴们
mortal,凡人
reporters,记者
associate,联系
honesty,诚实
laptop,笔记本电脑
jung,荣格
katherine,凯瑟琳
rainbow,彩虹
seed,种子
mature,成熟
deed,契据
kay,凯
expenses,开支
discussing,讨论
pirate,海盗
meals,餐
performing,表演
remained,剩余
prostitute,妓女
adams,亚当斯
retirement,退休
platform,平台
claus,条款
erica,艾丽卡
beds,床
writes,写
illusion,错觉
mill,磨
dealt,已处理
hears,听到
tryin,尝试
manhattan,曼哈顿
mole,痣
rang,响铃
prosecution,起诉
fatal,致命的
copper,铜
troubled,麻烦
heir,继承人
traces,痕迹
owners,所有者
length,长度
dentist,牙医
zach,扎克
lesbian,女同性恋
enterprise,企业
tournament,比赛
travelling,旅行
confessed,坦白
roast,烤
website,网站
ja,是
mikey,迈克
flood,洪水
harbor,港口
lola,萝拉
rory,罗里
richie,里奇
mansion,大厦
mademoiselle,小姐
auction,拍卖
desires,欲望
bachelor,学士
haunted,闹鬼的
distracted,愣
smashed,粉碎
rodney,罗德尼
scheduled,已安排
negotiate,谈判
champ,冠军
allows,允许
shotgun,霰弹枪
nigger,黑鬼
cocktail,鸡尾酒
donkey,驴
pointing,指向
butler,管家
dizzy,晕眩的
methods,方法
reference,参考
georgia,乔治亚州
bully,欺负
lydia,莉迪亚
collapse,坍塌
alfred,阿尔弗雷德
ana,安娜
minimum,最低限度
chairs,椅子
hee,嘿
patty,肉饼
owes,欠款
included,包括
carmen,卡门
civilization,文明
prices,价格
wealthy,富裕
bart,巴特
depression,沮丧
tide,潮
rented,租来的
bra,胸罩
lin,林
fellows,伙伴们
rot,腐烂
password,密码
th,th
kirk,柯克
pedro,佩德罗
spill,洒
cured,已治愈
naomi,娜奥米
hardest,最难
deceased,死者
sleepy,困
static,静止的
hawaii,夏威夷
almighty,全能的
murray,默里
offers,优惠
bruno,布鲁诺
phrase,短语
disgrace,耻辱
sources,来源
approval,赞同
turtles,海龟
screech,尖叫
snack,小吃
collected,集
ding,叮
fur,毛皮
jewels,珠宝
jan,一月
cheek,脸颊
legally,合法地
ditch,沟
benefits,好处
roars,咆哮
arnold,阿诺德
dime,一角硬币
domestic,国内的
chuckle,轻笑
hack,黑客
ransom,赎金
chang,变
bore,钻孔
muslim,穆斯林
loads,负载
waitress,女服务员
nurses,护士
glenn,格伦
spite,尽管如此
rebel,反叛
clearing,清理
andre,安德烈
fortunate,幸运
survivors,幸存者
reply,回复
disappoint,辜负
orbit,轨道
expose,暴露
gin,杜松子酒
austin,奥斯汀
toe,脚趾
sympathy,同情
intel,英特尔
growth,生长
psychiatrist,精神科医生
slams,猛击
encounter,遇到
daphne,芫
passenger,乘客
monkeys,猴子
accompany,陪伴
hats,帽子
column,柱子
sigh,叹
pounding,猛击
economic,经济的
tales,故事
theirs,他们的
brat,小子
follows,跟随
spreading,传播
sister-in-law,嫂子
burt,伯特
hilarious,太搞笑了
hallway,门厅
hamilton,汉密尔顿
exclusive,独家的
chimes,编钟
greet,迎接
decades,几十年
bowling,保龄球
buttons,按钮
confusion,困惑
thud,砰的一声
hooker,妓女
ruining,毁坏
dreadful,可怕
collecting,收集
lions,狮子
sheila,希拉
douglas,道格拉斯
february,二月
elvis,猫王
forty,四十
sleeps,睡觉
sung,唱
brass,黄铜
shrink,收缩
zack,扎克
whimpers,呜咽
sworn,宣誓
email,电子邮件
proven,已证实
tasty,可口
covers,封面
sandwiches,三明治
rarely,很少
wyatt,怀亚特
programme,程序
irene,艾琳
dee,迪
contacted,已联系
chemistry,化学
assured,保证
applied,应用
elected,当选
subjects,主题
lust,欲望
label,标签
shakespeare,莎士比亚
tan,棕褐色
ego,自我
forgiven,已原谅
phoenix,凤凰
companion,伴侣
lottery,彩票
worm,蠕虫
publicity,宣传
butterfly,蝴蝶
dialogue,对话
cal,卡尔
2nd,第二
tremendous,巨大的
pervert,变态
establish,建立
dearest,亲爱的
intimate,亲密的
eager,渴望的
se,塞
cathy,凯茜
atlantic,大西洋
contains,包含
thompson,汤普森
shirley,雪莉
bets,赌注
inhales,吸气
presentation,推介会
allergic,过敏
den,丹
wells,水井
spoiled,被宠坏了
chen,陈
accomplished,完成
repay,偿还
politicians,政治家
logic,逻辑
gratitude,感激
afghanistan,阿富汗
exception,例外
ultimately,最终
pablo,巴勃罗
compromise,妥协
majority,多数
journal,杂志
signals,信号
bent,弯曲
dock,码头
meg,巨石
essential,基本的
campbell,坎贝尔
climate,气候
experiments,实验
ink,墨水
magazines,杂志
rivers,河流
teresa,特蕾莎
administration,行政
passionate,热情的
precise,精确的
lawn,草地
via,通过
jeans,牛仔裤
murmuring,淙淙
resort,采取
announced,宣布
buddha,佛
fries,薯条
capacity,容量
lena,莉娜
opponent,对手
chains,链条
minus,减
apples,苹果
angie,安吉
seattle,西雅图
aww,啊
instrument,乐器
healing,康复
convention,习俗
messenger,信使
explore,探索
sonia,索尼娅
versus,相对
survivor,幸存者
ruled,裁决
boyd,博伊德
clarence,克拉伦斯
madison,麦迪逊
cough,咳嗽
experts,专家
disguise,伪装
archer,射手
bicycle,自行车
noises,噪音
inviting,邀请
pregnancy,怀孕
declared,声明
yi,易
vicky,维姬
drums,鼓
wooden,木制的
innocence,无辜
mouths,嘴
bees,蜜蜂
creaking,嘎吱作响
cloth,布
sasha,萨沙
unh,嗯
skies,天空
painter,画家
allies,盟国
miguel,米格尔
pond,池塘
runway,跑道
robbie,罗比
assist,协助
lana,拉娜
presented,呈现
mona,莫娜
sickness,疾病
civilian,平民
fighters,战士
facebook,Facebook
customs,海关
florence,佛罗伦萨
remembers,记得
sharks,鲨鱼
juliet,朱丽叶
shrimp,虾
tore,撕裂
seventh,第七
ou,我们的
avoiding,避免
dawson,道森
isaac,艾萨克
rolled,滚动
championship,锦标赛
household,家庭
float,漂浮
chad,乍得
ballet,芭蕾舞
cracking,裂纹
raj,拉杰
possessed,拥有
harmless,无害
curiosity,好奇心
vicious,恶毒
officials,官员
glove,手套
nearest,最近
manny,曼尼
begged,乞求
que,que
withdraw,提取
shocking,令人震惊
guessed,猜对了
nightmares,噩梦
greedy,贪婪的
forehead,前额
corps,兵团
pirates,海盗
rudy,鲁迪
reservation,预订
hunters,猎人
fog,多雾路段
flu,流感
good-looking,好看
hint,暗示
peanut,花生
stark,斯塔克
gamble,赌博
erin,艾琳
autumn,秋天
bracelet,手镯
contain,包含
arrogant,傲慢的
simpson,辛普森
piper,派珀
knocks,敲门声
sperm,精子
gesture,手势
materials,材料
lindsay,林赛
alexis,亚历克西斯
ticking,滴答声
standards,标准
ribs,肋骨
receipt,收据
regards,问候
whatsoever,任何
homeland,家园
leap,飞跃
targets,目标
snoring,打鼾
damon,达蒙
leaf,叶子
jar,罐
brooke,布鲁克
proposed,建议的
savage,野蛮的
caring,关怀
ivy,常春藤
approximately,大约
kidnap,绑架
carries,携带
bounce,弹跳
creek,溪
pony,小马
cleaner,清洁工
businessman,商人
ha-ha,哈哈
lunatic,疯子
unlikely,不太可能
gal,女孩
situations,情况
colony,殖民地
sells,出售
choi,崔
chambers,房间
volume,体积
sweets,糖果
panties,内裤
respects,尊重
reads,阅读
seeds,种子
engage,从事
explosives,爆炸物
stewart,斯图尔特
violet,紫色
mutual,相互的
lighting,灯光
scores,得分
lenny,伦尼
savings,节省
beware,提防
stephanie,斯蒂芬妮
educated,受过教育
complaints,投诉
cassie,卡西
doomed,注定失败
offensive,进攻
harvest,收成
qualified,合格的
relaxed,轻松
cape,岬
buffalo,水牛
triple,三倍
fireworks,烟花
palmer,帕尔默
armor,盔甲
poverty,贫困
leadership,领导
rode,骑
ambition,志向
cakes,蛋糕
trousers,裤子
bean,豆
melt,熔化
racist,种族主义的
bam,砰
ankle,踝
occupied,占领
nicer,更漂亮
correctly,正确
terrifying,恐怖
hugh,休
gasp,喘气
villain,恶棍
willy,威利
marc,马克
draft,草稿
factor,因素
whew,呼！
countess,伯爵夫人
portrait,肖像
suggests,建议
font,字体
blair,布莱尔
learnt,学会了
pencil,铅笔
coordinates,坐标
collapsed,倒塌
reserve,预订
jeffrey,杰弗里
shirts,衬衫
umbrella,伞
stevie,史蒂夫
ta,ta
traveled,旅行
auto,汽车
logical,逻辑
chew,嚼
eliminate,排除
beverly,贝弗利
carbon,碳
cancelled,取消
crawling,爬行
stepping,步进
independence,独立
medium,中等的
canceled,取消
tess,苔丝
fanny,舳
seated,坐着
upbeat,乐观
asian,亚洲人
drowning,溺水
messy,凌乱的
quest,寻求
represents,代表
fletcher,弗莱彻
memorial,纪念馆
doyle,多伊尔
stressed,压力
bearing,轴承
watches,手表
spoon,勺子
cooperation,合作
tucker,塔克
earthquake,地震
sailing,帆船
involve,涉及
houston,休斯顿
asia,亚洲
spectacular,壮观
reliable,可靠的
breach,违反
sophisticated,复杂的
echo,回声
indicate,表明
swamp,沼泽
vehicles,车辆
manual,手动的
elegant,优雅的
compound,化合物
serves,服务
scares,惊吓
rattling,嘎嘎作响
pursue,追求
dreamt,梦见
stefan,斯特凡
revolutionary,革命性的
wa,哇
rig,钻井平台
convincing,令人信服的
fiona,菲奥娜
tribal,部落
cleveland,克利夫兰
lex,莱克斯
depth,深度
blaming,指责
aids,艾滋病
elaine,伊莱恩
wakes,醒来
occur,发生
1st,第一
camping,野营
fart,屁
stamp,邮票
kathy,凯西
assassin,刺客
approved,得到正式认可的
crucial,至关重要的
annual,年度的
torch,火炬
dallas,达拉斯
fulfill,实现
bon,邦
resting,休息
reunion,团圆
witnessed,目击者
graduated,毕业
sub,子
howling,嚎叫
clyde,克莱德
hospitals,医院
stall,摊位
legacy,遗产
otto,奥托
riot,暴动
shops,商店
whereabouts,下落
teenager,青少年
samuel,塞缪尔
squealing,尖叫
mines,矿井
danced,跳舞
crowded,挤
orleans,奥尔良
literature,文学
3rd,第三
morgue,停尸房
strongest,最强
agnes,阿格尼斯
transmission,传播
panel,控制板
sole,唯一
sequence,顺序
sexually,性方面的
georgie,乔治
hugo,雨果
denny,丹尼
smack,啪
congratulate,祝贺
anxiety,焦虑
choking,窒息
tolerate,容忍
mode,模式
communications,通讯
welfare,福利
dice,骰子
orphan,孤儿
locks,锁
settlement,沉降
advertising,广告
uniforms,制服
mcgee,麦基
devoted,奉献
shoots,芽
principles,原则
circuit,电路
nickname,昵称
dot,点
scenario,设想
choir,唱诗班
stunt,特技
smoked,熏制
isolated,孤立
equally,同样地
statements,声明
gil,吉尔
shaw,肖
lipstick,口红
courtesy,礼貌
hobby,爱好
hesitate,犹豫
hatch,孵化
luis,路易斯
sylvia,西尔维娅
phoned,电话
experiences,经历
popped,爆裂
quid,英镑
fragile,脆弱的
husbands,丈夫们
fiction,小说
persuade,说服
pastor,牧师
dolls,娃娃
pose,姿势
ji,ji
ming,明
rupees,卢比
tricked,被骗了
ruins,废墟
sadly,令人遗憾的是
owed,欠款
importantly,重要
louie,路易
industrial,工业的
musician,音乐家
labour,劳动
evolution,进化
salute,礼炮
ba,ba
cent,中心
bartender,调酒师
calendar,日历
hal,哈尔
miracles,奇迹
balcony,阳台
horny,好色
regard,看待
valerie,瓦莱丽
fold,折叠
organs,器官
nigel,奈杰尔
theo,西奥
einstein,爱因斯坦
boris,鲍里斯
suitable,合适的
inaudible,听不清
son-in-law,女婿
melody,旋律
phillip,菲利普
movements,移动
differences,差异
barbecue,烧烤
trading,贸易
strongly,强烈
fluid,体液
scholarship,奖学金
translation,翻译
cricket,蟋蟀
shuttle,穿梭
moans,呻吟
quicker,更快
picks,精选
murderers,杀人犯
videos,视频
initial,最初的
perimeter,周长
questioned,被质问
yea,是的
cousins,表兄弟姐妹
divided,分割
linked,链接
laboratory,实验室
crab,螃蟹
pulls,拉
landlord,房东
reggie,雷吉
hostile,敌对的
classified,分类
cultural,文化
measures,措施
update,更新
cottage,小屋
backyard,后院
amateur,业余
chopper,直升机
rash,皮疹
despair,绝望
honorable,光荣的
shiny,闪亮的
hawk,鹰
shorts,短裤
ni,ni
representative,代表
wong,王
pouring,浇注
distress,痛苦
tanner,皮匠
telegram,电报
pimp,拉皮条
dip,蘸
trophy,杯
marilyn,玛丽莲
hallelujah,哈利路亚
neal,尼尔
es,es
howdy,你好
misses,错过
flush,冲洗
magician,魔术师
dynamite,炸药
cuba,古巴
conquer,征服
unpleasant,令人不快的
jealousy,妒忌
regrets,遗憾
lifted,抬起
increased,增加
toxic,有毒的
broadway,百老汇
sakes,清酒
pudding,布丁
rally,集会
needing,需要
bloom,盛开
corporation,公司
buys,购买
disorder,紊乱
interrupting,打断
sadness,悲伤
cease,停止
barnes,巴恩斯
scoundrel,恶棍
sensible,明智的
evans,埃文斯
specialist,专家
dragging,拖拽
bribe,贿赂
burke,伯克
bothers,烦人
interrogation,审讯
prescription,处方
referring,指
knives,刀具
graduation,毕业
t-shirt,T恤
liking,喜欢
bubbles,气泡
grid,网格
haircut,理发
regardless,不管
lodge,小屋
poisoning,中毒
feathers,羽毛
edgar,埃德加
software,软件
marina,码头
sophia,索菲亚
queens,女王们
oak,橡木
trips,旅行
scaring,吓人
avery,艾弗里
awhile,一会儿
sofa,沙发
conscious,有意识的
swords,剑
instincts,本能
deliberately,故意地
starve,饿死
venus,金星
olive,橄榄
maniac,疯子
psychological,心理
robinson,罗宾逊
soo,所以
belle,美女
landscape,景观
straw,稻草
dam,坝
mandy,曼迪
accuse,控
rehab,康复
switzerland,瑞士
agenda,议程
glue,胶水
salesman,推销员
diner,餐馆
projects,项目
floors,楼层
mainly,主要
biological,生物
sincere,真诚
weigh,称重
pad,软垫
swiss,瑞士
cue,提示
witches,女巫
opposed,反对
brand-new,全新
tourists,游客
sneaking,鬼鬼祟祟
harvard,哈佛
spying,间谍活动
sketch,草图
parliament,议会
behold,看哪
blamed,被指责
topic,话题
offices,办公室
sacrificed,牺牲
loop,环形
drivers,司机
battles,战斗
blond,金发
plead,恳求
races,种族
tanya,坦娅
salmon,三文鱼
bizarre,怪异
rico,里科
isabel,伊莎贝尔
wig,假发
reaches,到达
heights,高度
possibilities,可能性
wax,蜡
travels,旅行
confidential,机密的
pursuit,追逐
herd,一群
scissors,剪刀
cd,光盘
spies,间谍
exams,考试
invention,发明
explaining,解释
replacement,替代品
bombing,轰炸
erik,埃里克
springs,弹簧
chelsea,切尔西
sabrina,萨布丽娜
kicks,踢
integrity,正直
dash,短跑
jae,杰
senate,参议院
mentally,精神上
flee,逃跑
gangster,流氓
beautifully,非常漂亮
roberts,罗伯茨
slim,苗条的
choosing,选择
promising,有前途
objective,客观的
joyce,乔伊斯
altogether,共
attract,吸引
ernie,厄尼
melanie,梅兰妮
prep,准备
neighbours,邻居
nailed,钉子
briefcase,公文包
buzzer,蜂鸣器
quitting,辞职
puppet,木偶
restore,恢复
dozens,几十个
betting,投注
pancakes,煎饼
corridor,走廊
embarrass,尴尬
visits,访问
database,数据库
cheryl,谢丽尔
achieved,已达成
sucking,吸吮
encourage,鼓励
grades,成绩
gps,全球定位系统
barks,树皮
patterns,图案
relevant,相关的
mafia,黑手党
hudson,哈德逊
expense,费用
intact,完好无损的
occasionally,偶尔
kiddo,孩子
heartbeat,心跳
identical,完全相同的
cigar,雪茄
billions,数十亿
alec,亚历克
gained,获得
venice,威尼斯
classical,古典
noodles,面条
consistent,持续的
clip,夹子
resign,辞职
insects,昆虫
failing,失败
organic,有机的
seize,抢占
charging,收费
mug,马克杯
iris,鸢尾花
crow,乌鸦
ella,艾拉
fountain,喷泉
observation,观察
abortion,流产
railroad,铁路
straighten,拉直
legitimate,合法的
sting,蜇
youngest,最小的
fork,叉
du,杜
flynn,弗林
ciao,再见
coroner,验尸官
jonas,乔纳斯
marching,行军
touches,触摸
jade,玉
feared,害怕
griffin,格里芬
expedition,远征
forcing,强制
neighbour,邻居
digital,数字的
deeds,契约
milan,米兰
bernie,伯尼
attic,阁楼
jr,小
whores,妓女
sentimental,感伤的
cooler,冷却器
eun,恩
bert,伯特
feds,联邦政府
reese,里斯
plea,恳求
polly,波莉
metres,米
harmony,和谐
difficulty,困难
bands,乐队
dried,干燥
aunty,阿姨
maker,制造商
randall,兰德尔
supporting,支持
brake,制动
girlfriends,女朋友
features,特征
photography,摄影
vengeance,复仇
inappropriate,不当
vacuum,真空
throws,投掷
kane,凯恩
residents,居民
endure,忍受
substance,物质
corrupt,腐败
potter,陶工
investigator,研究者
thread,线
priests,神父
gap,差距
whining,抱怨
scarf,围巾
institution,机构
immortal,不朽
marsh,沼泽
chapel,教堂
desperately,绝望地
accidents,事故
alcoholic,酗酒者
fabric,织物
nazis,纳粹
railway,铁路
sal,盐
dame,贵妇人
rebels,叛军
custom,风俗
pension,养老金
cans,罐头
possess,具有
kira,基拉
poster,海报
developing,发展
addict,瘾君子
feature,特征
cope,应付
lords,领主们
delightful,愉快
wrestling,摔角
rio,里约
reduce,减少
rescued,获救
peg,钉子
mercedes,梅赛德斯
guaranteed,保证
emotionally,情感上
poland,波兰
accountant,会计
theories,理论
tumor,瘤
automatic,自动的
amusing,有趣
unnecessary,不必要
higgins,希金斯
voting,表决
buster,巴斯特
stadium,体育场
visible,可见的
easter,复活节
jeep,吉普车
dj,DJ
les,莱斯
garcia,加西亚
tracked,已追踪
ignorant,无知
pledge,保证
deserted,荒凉的
esther,埃丝特
rum,朗姆酒
fisher,渔夫
wheelchair,轮椅
salvation,救恩
lester,莱斯特
wonders,奇迹
clattering,咔嗒咔嗒
maintenance,维护
tobacco,烟草
underwater,水下
divide,划分
slightest,丝毫
discount,折扣
yoga,瑜伽
vagina,阴道
rushing,匆忙
modest,谦虚的
make-up,化妆品
wes,韦斯
reduced,减少
whisper,耳语
pressing,紧迫
tops,最高额
variety,种类
ignored,忽略
helena,海伦娜
writers,作家
grain,粮食
essentially,本质上
archie,阿奇
individuals,个人
meredith,梅雷迪思
gavin,加文
subtle,微妙的
interviews,访谈
pinky,小指
cord,绳索
sites,网站
brennan,布伦南
maddie,麦迪
vienna,维也纳
issued,发布
lasted,持续
explosive,爆炸物
origin,起源
unto,到
rogue,流氓
x-ray,X射线
superintendent,校长
cody,科迪
jacques,雅克
ol,ol
challenges,挑战
corruption,腐败
sullivan,沙利文
shutter,快门
erase,删除
ski,滑雪
forensics,法医学
flavor,味道
fastest,最快
vet,兽医
civilians,平民
lobster,龙虾
housing,住房
canal,运河
robots,机器人
shade,阴影
ambitious,雄心勃勃
orchestra,乐队
succeeded,成功了
guidance,指导
hence,因此
bella,贝拉
seoul,汉城
jose,何塞
inevitable,不可避免的
tick,打钩
rival,竞争对手
refuses,拒绝
purchase,购买
wander,漫步
ireland,爱尔兰
hanna,汉娜
hanged,绞刑
napoleon,拿破仑
elite,精英
craft,工艺
cult,邪教
whisky,威士忌酒
profits,利润
shelf,架子
kai,凯
allowing,允许
chart,图表
accusing,指控
buzzes,嗡嗡声
weekends,周末
humiliated,受辱
hissing,嘶嘶声
treats,款待
granddaughter,孙女
serena,塞雷娜
submit,提交
supervisor,导师
sniffing,嗅闻
resident,居民
tearing,撕裂
obliged,有义务
opportunities,机会
knights,骑士
hangs,悬挂
jerusalem,耶路撒冷
stew,炖
counted,计数
instruments,仪器
triumph,胜利
nun,尼姑
frequency,频率
resume,恢复
marines,海军陆战队
distract,转移
satisfaction,满意
historical,历史
creates,创建
costumes,服装
swedish,瑞典
lizzie,莉齐
depending,取决于
sour,酸的
spark,火花
freely,自由
scotty,斯科蒂
freaks,怪胎
shan,山
globe,地球
peak,顶峰
sentenced,判刑
fierce,凶猛的
scam,骗局
hollow,空洞的
anton,安东
hoo,呼
concentration,专注
presume,怙
invest,投资
eleanor,埃莉诺
radical,激进的
protective,保护的
smiles,微笑
stunning,令人惊叹的
frustrated,沮丧的
suspenseful,悬疑
breed,品种
adore,崇拜
controlling,控制
reagan,里根
pasta,面食
precinct,辖区
swallowed,吞咽
execute,执行
4th,第四
towels,毛巾
architect,建筑师
delta,三角洲
honks,喇叭声
preserve,保存
dose,剂量
stove,火炉
codes,代码
instantly,即刻
bugger,混蛋
vivian,薇薇安
yoon,尹
doo,嘟
haul,运输
orphanage,孤儿院
bolt,螺栓
autograph,签名
sharply,急剧地
habits,习惯
villagers,村民们
cracks,裂缝
dwight,德怀特
omar,奥马尔
assembly,集会
meds,药物
marge,玛吉
magnetic,磁的
romans,罗马书
joshua,约书亚
sorted,已排序
assets,资产
insulted,受辱
outstanding,杰出的
essence,本质
wardrobe,衣柜
ling,凌
nam,纳姆
benson,本森
restaurants,餐厅
disco,迪斯科
flirting,调情
abilities,能力
dolly,多莉
handful,少数
mice,小鼠
pumpkin,南瓜
bennett,贝内特
sweating,出汗
anchor,锚
thankful,感恩
interior,内部的
moore,摩尔
urge,敦促
surrounding,周围
strain,拉紧
curtains,窗帘
gypsy,吉普赛人
tomato,番茄
blanche,布兰奇
bonds,债券
compassion,同情
greece,希腊
ceo,首席执行官
arabic,阿拉伯
examination,考试
participate,参加
veins,静脉
cups,杯子
additional,额外的
sofia,索菲亚
obsession,痴迷
responsibilities,职责
ridge,岭
intent,意图
axe,斧头
reckless,鲁莽
missiles,导弹
razor,剃刀
corners,角落
frightening,令人恐惧
rains,下雨
mutant,突变体
wally,沃利
whereas,然而
heavenly,天上
promoted,推广
dang,当
maiden,少女
comments,评论
batteries,电池
bark,吠
seas,海域
congressman,众议员
canyon,峡谷
casual,随意的
rack,架子
expectations,期望
flowing,流动
adjust,调整
decade,十年
pine,松树
tails,尾巴
baxter,巴克斯特
wires,电线
pigeon,鸽子
finance,金融
respectable,可敬
demonstration,示范
prank,恶作剧
appointed,任命
treason,叛国罪
views,浏览
violin,小提琴
stir,搅拌
lifestyle,生活方式
realm,领域
monty,蒙蒂
roosevelt,罗斯福
missy,米西
fitting,配件
tuna,金枪鱼
tuck,塞
inspection,检查
nursing,护理
jared,贾里德
poop,船尾
cardinal,红衣主教
altar,坛
herman,赫尔曼
carlo,卡洛
tourist,游客
conviction,定罪
jelly,果冻
thrill,刺激
lounge,休息室
cha,茶
zip,拉链
hogan,霍根
dimension,方面
choke,呛
backing,后盾
pains,疼痛
bodyguard,保镖
rug,小地毯
jaw,颚
ants,蚂蚁
popcorn,爆米花
courtroom,法庭
reynolds,雷诺兹
pointless,无意义
documentary,记录
donor,捐赠者
mortgage,抵押
tunnels,隧道
enforcement,执法
demanding,要求
cocks,公鸡
eliminated,已淘汰
agh,啊
rapidly,快速
refer,参考
shipment,运输
tasted,尝过
fails,失败
michel,米歇尔
rushed,匆忙
ordering,订购
efficient,高效的
outrageous,令人愤慨
gracious,亲切
slaughter,屠宰
marijuana,大麻
monroe,门罗
pipes,管道
backed,支持的
vest,背心
approached,接近
mechanic,机械
mumbai,孟买
arizona,亚利桑那
legendary,传奇
delayed,延迟
resolve,解决
relation,关系
amelia,阿米莉亚
mechanical,机械的
fare,票价
karma,因果报应
jefferson,杰斐逊
chorus,合唱
nana,娜娜
extend,延长
info,信息
saddle,鞍
pretended,假装
equals,等于
motherfuckers,混蛋们
artificial,人造的
accomplish,完成
burial,葬礼
lynn,林恩
detention,拘留
vow,发誓
bake,烤
breakdown,分解
dvd,DVD
delhi,德里
selected,已选
lightly,轻轻
dealers,经销商
layer,层
gown,袍
courtney,考特尼
incoming,即将到来
reid,里德
countryside,农村
cheaper,更便宜
smelled,闻起来
devon,德文郡
ducks,鸭子
lethal,致命
swan,天鹅
attending,参加
moonlight,月光
ropes,绳索
dispatch,派遣
notebook,笔记本
punched,拳击
identification,鉴别
contracts,合同
scattered,疏散
trusting,信任
susie,苏西
prayed,祈祷
volunteers,志愿者
remembering,记住
adopt,采纳
calvin,加尔文
worms,蠕虫
consideration,考虑
bandits,强盗
moses,摩西
zombies,僵尸
lionel,莱昂内尔
non,非
transplant,移植
crackling,噼啪作响
loneliness,孤独
frasier,弗雷泽
epic,史诗
gladly,乐意
marcel,马塞尔
mon,星期一
frost,霜
registration,登记
prophet,先知
launched,发射
constitution,宪法
roland,罗兰
claude,克劳德
sock,短袜
dragons,龙
buyer,买方
regulations,法规
mimi,咪咪
volcano,火山
accomplice,同案犯
bounty,赏金
hotels,酒店
favors,恩惠
opinions,意见
pressed,按下
asylum,庇护所
blunt,钝
duel,决斗
niles,奈尔斯
consult,咨询
nevertheless,尽管如此
carnival,狂欢
au,au
baba,巴巴
hah,哈哈
paths,路径
rides,骑行
tray,托盘
cynthia,辛西娅
te,te
handcuffs,手铐
shannon,香农
barrier,障碍
supposedly,据说
faggot,柴草
hunch,直觉
disposal,处理
yacht,游艇
stain,弄脏
thoughtful,周到
healed,已治愈
syndrome,综合征
hairy,毛茸茸
kansas,堪萨斯州
happiest,最快乐
entertain,招待
ambush,伏击
recommended,受到推崇的
childish,幼稚
meter,仪表
gilbert,吉尔伯特
lease,租
climbed,攀登
nadia,娜迪亚
unstable,不稳定
exploded,爆炸了
apollo,阿波罗
rogers,罗杰斯
politician,政治家
rs,rs
awaits,等待
abraham,亚伯拉罕
evelyn,伊芙琳
particles,颗粒
violation,违反
lined,衬里
amazed,惊叹
lure,饵
lyrics,歌词
pod,荚
fran,弗兰
universal,普遍的
hulk,绿巨人
drunken,醉
continuing,继续
goals,目标
warming,变暖
dc,直流电
chemicals,化学品
owl,猫头鹰
xena,希娜
compromised,受损
grounded,接地
cane,甘蔗
avenge,报仇
dexter,德克斯特
phantom,幻影
notion,概念
directors,导演
tease,逗
forensic,法医
doe,雌鹿
outcome,结果
slam,猛击
shattered,破碎
cheque,查看
baked,烘焙
sought,寻求
racket,球拍
hammond,哈蒙德
rider,骑士
exotic,异域风情
cory,科里
extent,程度
eighth,第八
stack,堆
wheat,小麦
shipping,船运
satisfy,满足
kara,卡拉
departure,离开
finch,雀
blocking,阻塞
regiment,团
kin,亲属
klaus,克劳斯
surf,冲浪
kilometers,公里
rises,上升
frighten,吓唬
abused,受虐
gerald,杰拉尔德
colours,颜色
hath,有
marvin,马文
texts,文本
spaghetti,意大利细面条
chester,切斯特
bosses,老板
elephants,大象
snarling,咆哮
contained,包含
laurie,劳里
arab,阿拉伯
bumped,撞
chili,辣椒
yah,是啊
sustained,持续
abducted,被绑架
panicked,惊慌失措
shallow,浅的
diving,潜水
artie,阿蒂
harriet,哈丽特
generator,发电机
federation,联邦
mulder,穆德
arresting,逮捕
techniques,技术
feather,羽毛
printed,打印
untie,解开
jupiter,木星
hay,干草
stalking,跟踪
conrad,康拉德
phony,假
brett,布雷特
whack,猛击
scored,得分
continent,大陆
articles,文章
oxford,牛津
z,z
organize,组织
sensors,传感器
shanghai,上海
wh,什么
sniper,狙击手
noisy,嘈杂
framed,框
horizon,地平线
twilight,暮
reflection,反射
masks,面具
godfather,教父
merchant,商人
wages,工资
robe,长袍
waist,腰部
stinking,臭
disappointment,失望
venture,风险投资
voyage,航程
curry,咖喱
ominous,不祥的
sunlight,阳光
oui,是的
overseas,海外
casualties,伤亡
aaah,啊
mattress,床垫
grill,炙烤
marketing,营销
accepting,接受
occupation,职业
deadline,最后期限
freed,自由
exhibit,展览
poems,诗歌
echoing,回声
shin,胫
compliments,赞美
til,直到
define,定义
urine,尿
foreman,领班
facial,面部的
combined,合并
brody,布罗迪
probation,缓刑
reject,拒绝
catches,捕获物
dances,舞蹈
gemma,芽
pinch,捏
ingredients,原料
ra,拉
hurricane,飓风
chatting,聊天
mini,小型的
heel,脚跟
adding,添加
bandit,土匪
destined,注定
limo,豪华轿车
spa,温泉
graves,坟墓
turkish,土耳其
listed,列出
corpses,尸体
matty,马蒂
evacuate,撤离
publish,发布
judith,朱迪思
banned,禁止
snaps,快照
cheeks,脸颊
predict,预测
ohio,俄亥俄州
holland,荷兰
confront,面对
utterly,完全地
pals,朋友们
pilots,飞行员
umm,嗯
jonah,约拿
ironic,讽刺的是
improved,改进
popping,爆米花
mills,磨坊
farther,更远
delivering,运送
skipper,船长
flattered,受宠若惊
coconut,椰子
acknowledge,承认
shuts,关闭
sweden,瑞典
hooray,万岁
sip,啜饮
blessings,祝福
grocery,杂货店
terminal,终端
parks,公园
meaningless,无意义的
awards,奖项
fade,褪色
hiring,招聘
burton,伯顿
fees,费用
wretched,可怜
krishna,克里希纳
thoroughly,彻底
exhibition,展览
spends,花费
denver,丹佛
winners,获奖者
doris,多丽丝
luther,路德
disappearance,消失
madrid,马德里
supported,有
advised,建议
regina,里贾纳
supermarket,超级市场
hereby,特此
pier,码头
shorter,较短
betrayal,背叛
philadelphia,费城
christians,基督徒
psychology,心理学
danielle,丹妮尔
trent,特伦特
keeper,守门员
detroit,底特律
canadian,加拿大
su,苏
associates,同事
gerry,杰里
restless,不安
collector,集电极
marvellous,奇妙
physician,医生
exposure,接触
grudge,怨恨
lid,盖
followers,追随者
glow,辉光
submarine,潜艇
towns,城镇
pawn,典当
edith,伊迪丝
includes,包括
lu,鲁
proposition,主张
joker,小丑
spilled,洒了
opposition,反对
jang,张
haley,海莉
hose,软管
partnership,合伙
usa,美国
timmy,蒂米
breathes,呼吸
whoops,哎呀
astronaut,宇航员
porch,门廊
leonardo,莱昂纳多
responding,回应
wishing,祝
boil,熬
kneel,下跪
tammy,塔米
clumsy,笨拙
rapid,迅速的
xiao,小
stevens,史蒂文斯
invested,投资
janice,珍妮丝
roller,滚筒
thai,泰国
justify,证明合法
garlic,蒜
yelled,大喊
simone,西蒙妮
ammunition,弹药
sushi,寿司
shaft,轴
definition,定义
gardens,花园
chandler,钱德勒
ne,ne
notify,通知
brady,布雷迪
beasts,野兽
setup,设置
greed,贪婪
dared,敢于
unlucky,倒霉
classroom,课堂
treaty,条约
hike,远足
dagger,匕首
spine,脊柱
detect,探测
chow,杂食
des,德斯
teenagers,青少年
handwriting,手写
mock,嘲笑
challenging,具有挑战性的
salon,沙龙
virtue,美德
lawsuit,诉讼
shelly,雪莉
clap,拍
mustache,胡子
offence,罪行
med,医学
sultan,苏丹
attraction,景点
franco,弗朗哥
courts,法院
fortress,堡垒
peel,果皮
petrol,汽油
disappears,消失
asset,资产
warp,经
workshop,车间
traps,陷阱
jeannie,珍妮
appreciated,感谢
condemned,谴责
garrett,加勒特
muttering,喃喃自语
shook,摇晃
naval,海军
egyptian,埃及人
expand,扩张
sunrise,日出
swine,猪
jingle,铃铛
lordship,领主
peach,桃
filmed,拍摄
pakistan,巴基斯坦
oughta,应该
selection,选择
squeaking,吱吱作响
condom,避孕套
sadie,萨迪
barbie,芭比
alongside,旁边
risking,冒险
democratic,民主
nerd,书呆子
dancers,舞者
crook,骗子
mack,麦克
grasp,抓牢
translate,翻译
behaving,行为
humiliating,羞辱
quarrel,争吵
lively,热闹
fury,愤怒
policemen,警察
sensei,老师
elders,长者
battlefield,战场
sticky,黏
glen,格伦
liu,刘
primitive,原始
reign,在位
eugene,尤金
stash,藏
evolved,进化
shifts,轮班
unlock,开锁
devices,设备
peculiar,奇特
talents,天赋
anita,安妮塔
foreigners,外国人
snacks,零食
mint,薄荷
pissing,撒尿
fuse,保险丝
manuel,曼努埃尔
towers,塔楼
freezer,冰箱
inheritance,遗产
villages,村庄
beckett,贝克特
jewel,宝石
bollocks,胡说
shells,贝壳
swept,扫荡
recognition,认出
shovel,铲
artistic,艺术
qualities,品质
ferry,渡船
darren,达伦
misunderstood,被误解
portal,门户网站
atomic,原子
javier,哈维尔
ava,ava
claiming,声称
examined,检查
defensive,防守
kenneth,肯尼斯
kat,猫
sensation,感觉
5th,第五
increasing,增加
fugitive,逃犯
urban,城市的
visions,愿景
bathing,洗澡
gregory,格雷戈里
delight,喜
iot,物联网
genes,基因
boundaries,边界
caution,警告
ellis,埃利斯
strangled,被勒死
thorough,彻底
ike,艾克
bites,咬
nude,裸体
tidy,整齐的
patricia,帕特里夏
tate,泰特
obligation,义务
ari,阿里
clearance,清除
reserved,预订的
nasa,美国国家航空航天局
spock,斯波克
marion,玛丽昂
reflect,反映
jammed,卡住
sleeve,袖子
classy,优雅
fag,同性恋
angelo,安杰洛
bradley,布拉德利
bananas,香蕉
ex-husband,前夫
saints,圣徒
longest,最长
confirmation,确认
mushrooms,蘑菇
cyrus,赛勒斯
toni,托尼
finals,决赛
millionaire,百万富翁
adoption,采用
wired,有线
comet,彗星
handing,处理
cheerful,快乐
deb,黛布
acceptable,可接受
realistic,实际的
waits,等待
sufficient,充足的
cosmic,宇宙
nolan,诺兰
gabe,盖布
intellectual,知识分子
vomit,呕吐
warmth,温暖
magnum,马格南
associated,联系
alas,唉
engineers,工程师
offend,得罪
overwhelming,压倒
sherry,雪利酒
inherited,遗传
antoine,安托万
whooping,欢呼
scars,疤痕
sheldon,谢尔顿
purposes,目的
robbing,抢劫
refrigerator,冰箱
instructor,讲师
darrin,达林
moms,妈妈们
overtime,随着时间的推移
percy,珀西
laurel,月桂树
females,女性
sacrifices,牺牲
representing,代表
drift,漂移
ruthless,无情
po,波
arguments,论点
crappy,糟糕
musicians,音乐家
sidney,西德尼
depressing,沉闷
lasts,持续时间
doom,厄运
milo,美禄
cant,不能
backpack,背包
aisle,走道
insulting,侮辱
edition,版
losses,损失
sh,什
preacher,牧师
schmidt,施密特
swinging,摇摆
managing,管理
sinking,下沉
lacey,蕾丝
casting,铸件
trials,试验
demonstrate,证明
diseases,疾病
beggar,乞丐
amounts,金额
traced,追踪
raven,乌鸦
activate,激活
slapped,掌掴
heroic,英勇
roar,吼
queer,酷儿
uk,英国
matching,匹配
trump,王牌
resignation,辞职
newton,牛顿
sincerely,真挚地
stacy,斯泰西
saul,扫罗
madman,狂人
jenkins,詹金斯
poke,戳
spicy,辛辣的
swap,交换
programs,程序
sheer,透明
spaceship,飞船
schultz,舒尔茨
blink,眨
steer,转向
males,男性
injection,注射
ant,蚂蚁
reform,改革
motherin-law,岳母
properties,特性
virtually,几乎
camps,营地
tapping,窃听
tequila,龙舌兰酒
inquiry,询问
fainted,昏厥
formation,形成
shields,盾牌
escaping,逃脱
unemployed,失业
murdering,谋杀
interviewed,接受采访
striking,引人注目
vows,誓言
donovan,多诺万
antique,古董
il,il
sherlock,夏洛克
puke,呕吐
hysterical,歇斯底里的
taller,更高
employment,就业
agrees,同意
dodge,躲闪
unite,团结
mumbling,喃喃自语
rabbits,兔子
repeating,重复
mule,骡子
locals,当地人
neighbourhood,邻里
hayes,海耶斯
bats,蝙蝠
beliefs,信仰
spared,幸存
vegetable,蔬菜
liv,生活
bunker,掩体
channels,频道
phenomenon,现象
hips,臀部
grayson,格雷森
expelled,被驱逐
camille,卡米尔
languages,语言
iv,四
premises,前提
pronounce,发音
ng,ng
bridges,桥梁
ape,猿
julius,朱利叶斯
bruises,瘀伤
convict,定罪
prettier,更漂亮
elections,选举
annoyed,恼怒
hometown,家乡
earrings,耳环
discreet,慎重
poured,倾倒
morphine,吗啡
henderson,亨德森
jun,俊
narrating,叙述
rookie,菜鸟
peanuts,花生
camel,骆驼
abe,亚伯
chewing,咀嚼
imagining,想象
runner,跑步者
tomatoes,西红柿
sponsor,赞助
fulfilled,已完成
probe,探测
karate,空手道
grease,润滑脂
dinosaurs,恐龙
rebellion,叛乱
marta,玛尔塔
lone,孤独
nan,楠
underestimate,低估
acres,英亩
carlton,卡尔顿
hacked,被黑客攻击
barber,理发师
mining,矿业
aged,老年人
designs,设计
preferred,首选
onions,洋葱
stray,流浪
void,空白
sixteen,十六
slower,慢点
hannibal,汉尼拔
sabotage,破坏
rabbi,拉比
concerning,有关
dixon,迪克森
holt,霍尔特
mannix,曼尼克斯
noted,著名的
peterson,彼得森
dental,牙科
obama,奥巴马
squirrel,松鼠
committing,提交
werewolf,狼人
slipping,滑倒
matthews,马修斯
explosions,爆炸
seo,搜索引擎优化
russ,俄罗斯人
whitney,惠特尼
ignoring,忽略
infinite,无限
cavalry,骑兵
lam,拉姆
suzanne,苏珊娜
bomber,轰炸机
ruling,裁决
boiling,沸腾
needles,针
semester,学期
irrelevant,无关紧要
savior,救主
veil,面纱
tramp,流浪汉
roberto,罗伯托
deepest,最深处
perfection,完美
shutting,关闭
iii,三、
tiffany,蒂芙尼
mentor,导师
branches,分支
enthusiasm,热情
arena,竞技场
listens,听着
hardware,硬件
greatly,非常
battalion,营
moustache,胡子
irresponsible,不负责任
audio,声音的
ga,ga
initiative,倡议
sweaty,汗流浃背
noel,诺埃尔
requests,请求
distraction,分心
parrot,鹦鹉
steed,骏马
entertaining,娱乐
whipped,鞭打
proving,证明
assaulted,袭击
piggy,小猪
pause,暂停
surviving,幸存
funding,资金
dinosaur,恐龙
acquaintance,熟人
bedtime,就寝时间
rail,轨
rooster,公鸡
cowards,懦夫
hastings,黑斯廷斯
container,容器
lori,洛里
secured,安全
tossed,抛掷
stripper,脱衣舞娘
steele,斯蒂尔
waving,挥手
clamoring,喧闹
banker,银行家
bacteria,细菌
indicates,表示
assassination,暗杀
starring,主演
drawings,图画
cupboard,橱柜
sanctuary,避难所
surgical,外科
pairs,对
purely,纯粹
temptation,诱惑
elderly,老年
geoffrey,杰弗里
vibe,氛围
profound,深刻的
gong,锣
transformed,转变
crop,庄稼
detailed,详细的
scrap,废料
abigail,阿比盖尔
careless,粗心
dove,鸽子
sloppy,邋遢
atlanta,亚特兰大
hideous,可怕
lizard,蜥蜴
separation,分离
intern,实习生
tab,标签页
psych,心理学
ranks,排名
parish,教区
booty,赃物
peasant,农民
squeal,尖叫
comb,梳子
bash,狂欢
restored,恢复
platoon,排
junkie,瘾君子
involves,涉及
rupert,鲁珀特
norm,规范
carrier,载体
fatty,脂肪
difficulties,困难
producers,生产者
superb,高超
tha,tha
candidates,候选人
summoned,被召唤
refuge,避难所
righteous,正义
carolina,卡罗莱纳
onion,洋葱
natasha,娜塔莎
pickup,捡起
spells,咒语
wesley,韦斯利
carrington,卡灵顿
armies,军队
seasons,季节
senor,传感器
billie,比莉
specialty,专业
thirst,口渴
select,选择
rendezvous,会合
smiled,微笑
colorado,科罗拉多州
visa,签证
spice,香料
caller,呼叫者
foods,食物
rational,合理的
scottish,苏格兰的
cunning,狡猾
grunt,咕哝
knot,结
hairs,头发
payments,付款
granddad,爷爷
massacre,屠杀
competitive,竞争的
herb,草本植物
mae,梅
immune,免疫
grenade,手榴弹
regularly,经常
stakes,赌注
kilos,公斤
monks,僧侣
gail,盖尔
guinea,几内亚
invent,发明
nursery,苗圃
protein,蛋白质
elbow,弯头
keller,凯勒
clowns,小丑
thirteen,十三
tattoos,纹身
flown,飞行
mustard,芥末
7th,第七
terrace,阳台
alter,改变
franz,弗朗茨
transportation,运输
lens,镜片
alaska,阿拉斯加州
interference,干涉
wont,惯于
weep,哭泣
clive,克莱夫
mourning,丧
crooked,歪
trainer,教练
janitor,清洁工
gradually,逐步地
immigration,移民
filth,污秽
momma,妈妈
fatherin-law,岳父
jackass,蠢驴
cho,cho
reminder,提醒
culprit,罪魁祸首
gabrielle,加布里埃尔
innit,不是吗？
magistrate,地方法官
jasmine,茉莉花
womb,子宫
texting,短信
injustice,不公正
figuring,计算
fracture,断裂
insanity,疯狂
peasants,农民
blossom,开花
etc,ETC
agony,痛苦
sounding,听起来
oz,盎司
elementary,初级
seized,查获
teaches,教导
lovejoy,爱乐
phillips,菲利普斯
eighteen,十八
shack,窝棚
teen,青少年
definite,定
scrub,擦洗
ruler,统治者
mold,模具
contents,内容
bitten,被咬
antidote,解毒剂
saves,保存
bunk,假寐
thor,雷神
republican,共和党人
graveyard,墓地
attempts,尝试
poirot,波洛
aspect,方面
relate,涉及
lemonade,柠檬水
flour,面粉
nypd,纽约警察局
biology,生物学
dusty,尘土飞扬
felony,重罪
jax,杰克斯
fundamental,基本的
jai,斋
successfully,成功地
potentially,可能
donnie,唐尼
strangely,奇怪的
condoms,避孕套
quantum,量子
utter,说出
activated,活性
installed,已安装
interrupted,中断
discharge,释放
devastated,遭受重创
substitute,代替
splash,溅
julio,胡里奥
exile,流亡
aspirin,阿司匹林
authentic,真正的
summit,首脑
beck,贝克
addiction,瘾
lent,借出的
drone,无人机
involving,涉及
boyfriends,男朋友
tango,探戈
permanently,永久的
province,省
attempting,尝试
deceived,受骗
triangle,三角形
skipped,跳过
strawberry,草莓
mirrors,镜子
self-defense,自卫
preston,普雷斯顿
overwhelmed,不堪重负
swift,迅速
creeps,令人毛骨悚然
token,令牌
temporarily,暂时地
poisonous,有毒
heidi,海蒂
diagnosis,诊断
ninth,第九
locations,地点
retrieve,取回
robbers,强盗
conclusions,结论
joanna,乔安娜
disabled,已禁用
ira,伊拉
extension,扩大
lining,衬垫
yuri,百合
hip-hop,嘻哈
freeman,弗里曼
scoop,舀
merlin,梅林
bridget,布里奇特
revving,加速
transform,转换
shelby,谢尔比
hospitality,热情好客
brooks,布鲁克斯
survey,民意调查
hunted,猎杀
cozy,舒适
recommendation,推荐
providing,提供
microphone,麦克风
skeleton,骨骼
muslims,穆斯林
toll,收费
reconsider,重新考虑
creaks,吱嘎声
extended,扩展
spear,矛
overboard,落水
ai,人工智能
clinton,克林顿
petition,请愿
baggage,行李
scumbag,人渣
tribute,贡
weddings,婚礼
facilities,设施
bangs,刘海
claw,爪
donation,捐款
isabelle,伊莎贝尔
traitors,叛徒
mei,梅
jasper,碧玉
borders,边界
australian,澳大利亚
colby,科尔比
boxer,拳击手
whilst,而
misfortune,不幸
elaborate,精心制作的
sights,景点
maestro,大师
mysteries,谜团
loosen,松开
gifted,天才
involvement,参与
affects,影响
summon,召唤
sherman,谢尔曼
churchill,丘吉尔
theresa,特蕾莎
solitary,孤
wilderness,荒野
baltimore,巴尔的摩
olympic,奥林匹克
undo,撤销
mechanism,机制
vietnamese,越南语
vanish,消失
dome,穹顶
biting,咬
ronald,罗纳德
texted,短信
sage,圣人
yummy,美味
tactics,策略
slack,松弛
snapped,啪啪
weekly,每周
bushes,灌木丛
grandparents,祖父母
henri,亨利
obtain,获得
hart,哈特
flights,航班
adventures,冒险
hottest,最热门
grownup,长大了
eden,伊甸园
mild,温和的
dom,dom
fourteen,十四
smuggling,走私
blend,混合
chancellor,校长
biscuits,饼干
gorilla,大猩猩
dynasty,王朝
acquired,获得
businesses,企业
countless,无数
fritz,弗里茨
brent,布伦特
gardener,园丁
barracks,兵营
flirt,调情
cooks,厨师
distorted,扭曲
carved,雕刻
jumps,跳跃
superhero,超级英雄
forests,森林
clapping,鼓掌
psychiatric,精神病学
snuck,偷偷摸摸
roughly,大致
screamed,尖叫
raja,拉贾
disappearing,消失
establishment,建立
whales,鲸鱼
lump,块
dwarf,矮人
environmental,环境的
mam,妈妈
pint,品脱
loading,加载中
diplomatic,外交
exclaims,惊呼
context,语境
volunteered,自愿
risked,冒险
gangs,帮派
boost,促进
fax,传真
dante,但丁
partial,部分的
refusing,拒绝
gaze,目光
rene,雷内
nuisance,滋扰
terrorism,恐怖主义
jerome,杰罗姆
ungrateful,忘恩负义
donate,捐
relieve,缓解
grandchildren,孙辈
felicity,费利西蒂
maureen,莫琳
represented,代表
co,合作
neutral,中性的
philippe,菲利普
workin,工作
steering,转向
rm,rm
presidential,总统
rental,租赁
challenged,挑战
julien,朱利安
feeds,饲料
je,杰
vegetarian,素食
teasing,戏弄
surprisingly,出奇
iran,伊朗
shrine,神社
automatically,自动地
timer,定时器
gasoline,汽油
juliette,朱丽叶
scouts,侦察兵
millie,米莉
google,谷歌
dorm,宿舍
athlete,运动员
shiva,湿婆
robber,强盗
convent,修道院
balloons,气球
crawford,克劳福德
barb,倒钩
enters,进入
maps,地图
meth,冰毒
fruits,水果
colored,有色
poppy,罂粟
metro,地铁
clarke,克拉克
fernando,费尔南多
scully,斯卡利
resolved,已解决
sessions,会议
conservative,保守的
rates,利率
forged,锻造
legends,传说
arrows,箭头
charley,查理
dismiss,解雇
authorized,授权
slavery,奴隶制
attended,参加
flows,流量
employed,受雇
decorated,装饰
parallel,平行线
detected,检测到
grove,树林
coverage,覆盖范围
hen,母鸡
pyramid,金字塔
overall,全面的
hum,哼
specially,特别
rebuild,重建
exclaiming,惊呼
producing,生产
sewing,缝纫
occasions,场合
boards,板
trumpet,喇叭
shaped,形状
matched,匹配
daughter-in-law,媳妇
ammo,弹药
typing,打字
macgyver,马盖先
blades,刀片
thailand,泰国
becca,贝卡
wo,wo
debris,碎片
luca,卢卡
cement,水泥
hamlet,村庄
nat,纳特
communists,共产党
showers,淋浴
tougher,更难
sailors,水手们
kitt,基特
comedian,喜剧演员
harassment,骚扰
missus,太太
monitoring,监测
smashing,粉碎
shaved,剃光
inventory,存货
housekeeper,管家
tribes,部落
long-term,长期
vile,卑鄙的
gotham,哥谭
imaginary,假想
artillery,炮兵
ping,ping
cereal,谷物
zoom,飞涨
portion,部分
irony,讽刺
exceptional,非凡的
slit,缝隙
ss,ss
despise,鄙视
waltz,华尔兹
humour,幽默
crashes,崩溃
gu,gu
stammering,结巴
coaches,教练
joo,朱
await,等待
bryan,布莱恩
celebrated,著名
encouraged,鼓励
devils,魔鬼
gag,插科打诨
telescope,望远镜
verse,诗
stalin,斯大林
e-mails,电子邮件
iet,iet
babysitter,保姆
pr,公关
distinguished,杰出的
licence,执照
addicted,上瘾
bauer,鲍尔
speeches,演讲
wit,有
programmed,程序
bliss,极乐
donny,唐尼
elsa,艾莎
com,com
recorder,录音机
hides,隐藏
shameless,不要脸
apartments,公寓
tipped,倾斜
turf,草皮
tang,唐
tu,tu
discharged,出院
psychologist,心理学家
duh,呃
delete,删除
jock,运动健将
wrath,愤怒
estimate,估计
tutor,导师
jurisdiction,管辖权
impulse,冲动
penguin,企鹅
tubes,管子
playground,操场
sew,缝
nickel,镍
claws,爪子
giants,巨人
daring,大胆
posters,海报
peacefully,和平地
rag,抹布
caves,洞穴
nikita,尼基塔
stern,船尾
condolences,慰问
dearly,亲爱的
humiliation,屈辱
worldwide,全世界
cartoon,卡通片
disrespect,不尊重
underworld,地狱
marble,大理石
lilly,莉莉
chun,春
curly,卷曲
judged,评判
bidding,投标
erased,已擦除
confuse,迷惑
masterpiece,杰作
pentagon,五角大楼
oppa,欧巴
tow,拖
seduce,勾引
bathtub,浴缸
pets,宠物
bricks,砖块
goa,果阿
hotter,更热
regime,政权
contempt,鄙视
batch,批
ramsay,拉姆齐
speeding,超速
compartment,隔间
tackle,处理
wage,工资
shines,闪耀
lifting,举重
hustle,努力奋斗
inmates,囚犯
km,公里
psst,嘘
scooter,小型摩托车
relatively,相对地
stoned,吸食大麻
supernatural,超自然
darwin,达尔文
viewers,观众
lorenzo,洛伦佐
treasures,宝藏
yankee,洋基队
lang,语言
taco,墨西哥卷饼
charts,图表
brigade,旅
bankrupt,破产
marianne,玛丽安
bikes,自行车
lookout,瞭望台
merchandise,商品
slippery,滑
duchess,公爵夫人
gulf,海湾
foam,泡沫
steals,偷窃
numerous,很多的
ripping,撕裂
trusts,信托
flock,群
potion,药水
fiance,未婚夫
glimpse,一瞥
invincible,无敌
compensation,赔偿
kettle,壶
stroll,漫步
trish,特里什
brendan,布伦丹
cafeteria,自助餐厅
sane,理智
currency,货币
amsterdam,阿姆斯特丹
radius,半径
verify,核实
founded,创立
medic,医护人员
peek,窥视
sewer,下水道
vernon,弗农
callie,卡莉
bbc,英国广播公司
hull,船体
solomon,所罗门
madonna,麦当娜
toad,蟾蜍
powell,鲍威尔
maxwell,麦克斯韦
moose,驼鹿
souvenir,纪念品
stitch,缝
compass,罗盘
mercury,汞
locking,锁定
edwards,爱德华兹
frederick,弗雷德里克
dislike,不喜欢
stu,斯图
rib,肋骨
pamela,帕梅拉
brace,支撑
ban,禁止
gracias,谢谢
stitches,针脚
thrust,推力
referred,指
achievement,成就
links,链接
denying,否认
monastery,修道院
newly,新
impatient,不耐烦
recruit,招募
sunk,沉没
ignorance,无知
drugged,吸毒
predicted,预测
floyd,弗洛伊德
creator,创作者
mississippi,密西西比州
civilized,文明
artery,动脉
dynamic,动态的
competing,竞争
buffy,吸血鬼猎人巴菲
distribution,分配
turk,土耳其人
voiceover,旁白
stereo,立体声
ethel,埃塞尔
ark,方舟
carpenter,木匠
warner,华纳
industries,行业
melted,融化
upsetting,镦
cruz,克鲁兹
labs,实验室
bluff,虚张声势
bender,弯
unbearable,难以忍受
narcotics,毒品
juicy,多汁的
eerie,怪异
ingrid,英格丽德
mwah,么么哒
slippers,拖鞋
freaky,怪异
vip,VIP
troop,部队
footprints,脚印
dani,丹妮
pact,协议
apparent,明显
repeated,重复
foreigner,外国人
journalists,记者
employer,雇主
penelope,佩内洛普
grim,严峻
medieval,中世纪
damien,达米安
frustrating,令人沮丧
rehearse,排练
travelled,旅行
preparation,准备
microwave,微波
denial,拒绝
flute,长笛
juvenile,少年
paddy,稻田
retarded,弱智
memo,备忘录
canvas,帆布
fa,fa
symbols,符号
mccoy,麦考伊
daly,戴利
driveway,车道
funky,时髦的
kitten,小猫
nicest,最友善的
deceive,欺骗
negro,黑人
chopped,切碎
consultant,顾问
rifles,步枪
heating,加热
rays,射线
architecture,建筑学
gideon,基甸
butch,布奇
warmer,更温暖
contribution,贡献
advisor,顾问
peoples,人民
groceries,杂货
behaved,表现
experiencing,体验
settling,安顿
tractor,拖拉机
unacceptable,不可接受
imitating,模仿
squadron,中队
briggs,布里格斯
smallest,最小
ethics,伦理
gibson,吉布森
devotion,虔诚
plumber,水管工
burgers,汉堡
knots,绳结
broom,扫帚
briefing,简报
curve,曲线
informant,线人
applauding,鼓掌
whites,白人
app,应用程序
andrews,安德鲁斯
blog,博客
ox,牛
vase,花瓶
glance,瞥一眼
collective,集体
poles,极点
sixty,六十
fantasies,幻想
heritage,遗产
motherfucking,他妈的
fisherman,渔夫
armstrong,阿姆斯特朗
complained,抱怨
nightclub,夜总会
willow,柳
preliminary,初步的
server,服务器
provides,提供
mat,垫
appreciation,欣赏
historic,历史性
jorge,豪尔赫
promote,推动
processing,加工
naples,那不勒斯
high-pitched,高音
pumping,抽水
stalker,跟踪者
goats,山羊
francine,弗朗辛
smokes,烟雾
introduction,介绍
valid,有效的
portuguese,葡萄牙语
negotiations,谈判
wheeler,惠勒
overheard,无意中听到
breeding,选育
part-time,兼职
barge,驳船
refugees,难民
wah,哇
observed,观察到
tigers,老虎
brothel,妓院
missions,任务
ashore,岸上
panda,熊猫
discretion,审慎
yale,耶鲁大学
disappointing,令人失望
insect,昆虫
prophecy,预言
wanda,万达
absent,缺席的
machinery,机械
generals,将军们
carrot,胡萝卜
ferrari,法拉利
wrecked,损毁
gestapo,盖世太保
greene,格林
suggestions,建议
puff,噗
supportive,支持
punching,冲孔
lulu,露露
intervention,干涉
layers,层
hughes,休斯
scholar,学者
libby,莉比
predators,捕食者
accusations,指控
8th,第八
olympics,奥运会
accounting,会计
jj,jj
expertise,专业知识
strap,带子
fitz,菲茨
darryl,达里尔
butts,屁股
approaches,方法
flags,旗帜
embarrassment,尴尬
faking,伪造
jamal,贾马尔
vanilla,香草
grapes,葡萄
dominic,多米尼克
beacon,信标
handkerchief,手帕
rubbing,擦
mallory,马洛里
rustling,沙沙声
lighten,减轻
flora,植物
cuban,古巴
polar,极性
translator,翻译
congrats,恭喜！
passports,护照
grabbing,抓取
alf,阿尔夫
brotherhood,兄弟情
ernest,欧内斯特
professionals,专业人士
yuan,元
understandable,可以理解
banner,横幅
academic,学术的
thuds,砰砰声
sa,萨
publicly,公开
orphans,孤儿
pearls,珍珠
predator,捕食者
frances,弗朗西丝
addison,艾迪生
syrup,糖浆
cartel,卡特尔
nash,纳什
walsh,沃尔什
norma,规范
bluffing,虚张声势
permitted,允许
unpredictable,不可预测的
wagner,瓦格纳
suspension,暂停
addresses,地址
stamps,邮票
category,类别
transition,过渡
peas,豌豆
cautious,谨慎
isabella,伊莎贝拉
comparison,比较
coats,外套
islam,伊斯兰教
thugs,暴徒
grams,克
freshman,大一新生
toilets,洗手间
banquet,宴会
coup,政变
shaken,摇晃
investigations,调查
toothbrush,牙刷
expressed,表达
vulgar,庸俗
haunt,出没
improvement,改进
zeus,宙斯
murdoch,默多克
smelling,闻起来
kirby,卡比
repairs,维修
jeong,郑
conducted,实施
ollie,奥利
bakery,面包店
busting,突袭
investigated,调查
admission,入学
essay,散文
twitter,叽叽喳喳
depths,深度
fewer,更少
guarding,守护
altered,已修改
filing,备案
ecstasy,狂喜
snatch,抢夺
stored,存储
tropical,热带
pharmacy,药店
dalton,道尔顿
altitude,高度
admired,钦佩
dickhead,傻逼
priya,普里亚
mamma,妈妈
moe,萌
grind,研磨
bombay,孟买
lowest,最低
makin,制造
sentences,句子
mute,沉默的
fulltime,全日制
scratching,抓挠
imprisoned,被监禁
danish,丹麦语
glowing,发光
zhang,张
martini,马提尼
leah,莉亚
empress,皇后
equipped,配备
finale,终曲
tarzan,泰山
storms,暴风雨
sniff,嗅
slick,光滑
unarmed,徒手
violated,违反
vent,发泄
dd,dd
breakthrough,突破
stud,钉子
addressed,已解决
tactical,战术上的
vessels,船只
procedures,程序
ching,ching
dine,用餐
draws,平局
crowds,人群
limb,肢
wool,羊毛
montana,蒙大拿
giovanni,乔瓦尼
jerks,混蛋
numb,麻木的
oceans,海洋
priceless,无价
rocking,摇滚
commanding,指挥
relaxing,放松
clatters,咔嗒声
merci,谢谢
gerard,杰拉德
packs,包装
parlor,客厅
cabbage,卷心菜
intruder,入侵者
considerable,大量
argued,争论
paladin,圣骑士
tellin,告诉
pupils,学生
inspire,启发
positively,积极地
igor,伊戈尔
traded,交易
shipped,已发货
feminine,女性
vague,模糊的
partly,部分
6th,第六
insight,洞察力
lucia,露西亚
stages,阶段
screenplay,剧本
marquis,侯爵
rahul,拉胡尔
ripe,成熟
awaiting,等待中
pigeons,鸽子
clayton,克莱顿
tempted,受诱惑
inherit,继承
decline,衰退
pennsylvania,宾夕法尼亚州
fang,方
shitting,拉屎
tens,十
gigantic,巨大
guv,州长
readings,阅读
headmaster,校长
tenth,第十
seals,封印
peyton,佩顿
avoided,避免
blankets,毯子
overlapping,重叠
flipped,翻转
yield,屈服
ads,广告
backstage,后台
quiz,测验
mosque,清真寺
weaver,织工
puppies,小狗
stated,声明
vicki,维姬
weirdo,怪人
belongings,财物
functions,函数
reservations,预订
chilly,寒冷
betsy,贝齐
eldest,长子
traditions,传统
factories,工厂
feedback,反馈
repeatedly,反复
exquisite,精美的
pickle,泡菜
masses,群众
pauline,保琳
frogs,青蛙
crosses,十字架
headaches,头痛
arctic,北极
reinforcements,增援部队
secondary,次要
pajamas,睡衣
roles,角色
asteroid,小行星
unsub,嫌疑人
mixing,混合
courier,导游
jeanne,珍妮
carrots,胡萝卜
fuckers,混蛋
translated,翻译
longing,渴望
cigars,雪茄
manipulate,操纵
liberal,自由主义
investors,投资者
bun,包子
sly,狡猾
pickles,泡菜
temperatures,温度
sweetest,最甜美的
motto,座右铭
moss,苔藓
yum,好吃
melting,融化
yan,严
requesting,请求
lava,岩浆
kris,克里斯
monthly,月度
noses,鼻子
tickle,痒痒
ufo,飞碟
timothy,蒂莫西
stacey,斯泰西
midst,中间
herbert,赫伯特
purchased,购买
tis,的
convenience,方便
flashlight,手电筒
dewey,杜威
tripped,绊倒了
easiest,最容易
shouted,喊叫
splitting,分裂
bryce,布莱斯
commands,命令
demanded,要求
cuff,袖口
cosmos,宇宙
curfew,宵禁
instructed,指示
notorious,臭名昭著
prague,布拉格
q,q
streak,条纹
equivalent,相等的
pitiful,可怜
fin,鳍
greeting,问候
propaganda,宣传
doorstep,家门口
hilda,希尔达
butterflies,蝴蝶
fascinated,着迷
jude,裘德
beatrice,贝娅特丽丝
miriam,米里亚姆
dumping,倾销
karan,卡兰
condo,公寓
fearless,无畏
cripple,削弱
errand,差事
halls,大厅
imitates,模仿
harley,哈雷
ravi,拉维
gretchen,格雷琴
sailed,航行
nico,尼科
baking,烘烤
connecting,连接
bourbon,波旁威士忌
cathedral,大教堂
malone,马龙
bong,烟枪
tying,捆绑
lists,列表
strangle,扼杀
stripped,脱衣舞
loans,贷款
manchester,曼彻斯特
briefly,简要地
tessa,苔丝
unfinished,未完成
experimental,实验
greeks,希腊人
lil,小
mainland,大陆
judgement,判断
stammers,口吃
pike,梭鱼
liars,说谎者
slot,投币口
amazon,亚马逊
flooded,被淹
torment,折磨
mermaid,美人鱼
rapist,强奸犯
sanders,砂光机
triggered,触发
expects,预期
lisbon,里斯本
reader,读者
keyboard,键盘
roam,漫游
seventeen,十七
openly,公然
deacon,执事
olga,奥尔加
jackpot,头奖
soaked,浸泡过
printing,印刷
yuck,真恶心
shorty,矮个子
extract,提炼
prostitutes,妓女
cherish,珍惜
logs,日志
takin,拿
sponge,海绵
bates,贝茨
cuffs,袖口
virginity,童贞
torturing,酷刑
unity,统一
coop,合作社
forge,锻造
morse,摩尔斯
guru,大师
tai,泰
skilled,熟练
dev,开发
insists,坚持
calf,小牛
oof,钱币
allowance,津贴
homosexual,同性恋
vijay,维杰
shapes,形状
rosemary,迷迭香
idle,闲置的
slaughtered,屠杀
resent,怨恨
cassandra,卡桑德拉
leaking,泄漏
likewise,同样地
riddle,谜语
ghetto,贫民窟
sunglasses,太阳镜
vega,维加
newest,最新
valve,阀门
geek,极客
fucks,操
gangsters,黑帮分子
pies,馅饼
publisher,出版商
troubling,令人不安的
trembling,发抖
marathon,马拉松
douche,灌肠
conducting,进行
sundays,星期日
shrieks,尖叫声
fiancee,未婚妻
frankenstein,弗兰肯斯坦
summers,夏天
wei,魏
liang,梁
burglar,窃贼
spiders,蜘蛛
norway,挪威
crops,农作物
infant,婴儿
falcon,鹘
pursuing,追求
humiliate,羞辱
hydrogen,氢
karaoke,卡拉OK
encountered,遭遇
alberto,阿尔贝托
corey,科里
scope,范围
cultures,文化
speakers,演讲者
superstar,超级巨星
orgasm,性高潮
byron,拜伦
gravy,肉汁
calculations,计算
vocal,声乐
severely,严重
hating,憎恨
novels,小说
mindy,明迪
boiled,煮沸
metaphor,隐喻
kindergarten,幼儿园
fades,淡出
anders,安德斯
fi,菲
brazilian,巴西人
devastating,毁灭性的
bea,比阿
interfering,干扰
dripping,滴落
ops,操作
cuz,因为
holden,霍尔登
suited,适合
merciful,仁慈
hayley,海莉
affirmative,肯定
runaway,逃跑
shoo,嘘
italians,意大利人
wales,威尔士
santiago,圣地亚哥
adapt,适应
renee,蕾妮
mal,马尔
smartest,最聪明的
blacks,黑人
struggled,挣扎
prostitution,卖淫
payback,回报
buenos,布宜诺斯艾利斯
vintage,优质的
diapers,尿布
killings,杀戮
courthouse,法院
tong,童
cubs,幼崽
surfing,冲浪
indiana,印第安纳州
spotlight,聚光灯
frontier,边境
monte,蒙特
stocks,股票
patterson,帕特森
holiness,圣洁
denmark,丹麦
isolation,隔离
starters,首发
resigned,辞职
acquainted,熟人
meow,喵
appearances,外貌
loft,阁楼
snitch,告密者
ribbon,丝带
dares,敢于
greatness,伟大
fallon,法伦
coolest,最酷
decency,体面
mayday,劳动节
michigan,密歇根州
reactor,反应堆
buckle,扣上
vanity,虚荣
simmons,西蒙斯
earning,收入
marriages,婚姻
docks,码头
lopez,洛佩兹
alleged,据称
asap,尽快
preparations,准备工作
bugging,窃听
conquered,征服
cuckoo,布谷鸟
crib,婴儿床
yogurt,酸奶
secondly,第二
nixon,尼克松
portland,波特兰
fishy,腥
flick,轻弹
scratched,刮痕
muffin,松饼
hale,哈尔
tailor,裁缝
chimney,烟囱
nuns,修女
ezra,埃兹拉
packet,包
homemade,自制
farming,农业
genuinely,真的
rumours,谣言
daniels,丹尼尔斯
blouse,女式衬衫
kite,风筝
buses,公交车
hassan,哈桑
rhyme,韵
invaded,入侵
quentin,昆汀
equation,方程
transmitter,发射机
morons,白痴
lime,酸橙
rotting,腐烂
remorse,悔恨
otis,奥蒂斯
marker,标记
aiming,瞄准
adds,添加
chores,家务
gem,宝石
blasted,炸毁
grabs,抓住
courageous,勇敢
determination,决心
beaver,海狸
publishing,出版
crickets,蟋蟀
well-known,知名
exercises,练习
testament,遗嘱
apocalypse,末日
phew,呼……
dicks,迪克斯
paralyzed,瘫痪
headlines,标题
stripes,条纹
santos,桑托斯
breaths,呼吸
abort,中止
heap,堆
ketchup,番茄酱
responded,回应
edmund,埃德蒙
gracie,格雷西
protects,保护
tummy,肚子
hog,猪
yakuza,黑帮
weeping,哭泣
fragments,片段
catastrophe,灾难
bp,bp
churches,教堂
pins,别针
shaving,剃须
legit,合法的
yoo,哟
targeted,目标
simpler,更简单
noticing,注意到
rover,探测车
lars,拉尔斯
moreover,而且
releasing,发布
fascist,法西斯
greta,格蕾塔
spitting,吐痰
colt,小马
tristan,特里斯坦
hardy,耐寒的
truce,休战
plaza,广场
bronze,青铜
guarded,守卫
airline,航空公司
ramon,拉蒙
incapable,无法
punches,拳击
sanchez,桑切斯
hq,总部
privately,私下
vatican,教廷
surround,环绕
barrett,巴雷特
edna,埃德娜
alvin,阿尔文
consolation,安慰
gutter,排水沟
lan,兰
astonishing,惊人
broker,经纪人
seizure,发作
fright,惊吓
leaning,倾斜
mic,麦克风
scarlett,斯嘉丽
berry,浆果
paulie,保利
lacking,缺乏
verge,边缘
lucifer,路西法
contribute,贡献
jewellery,首饰
richards,理查兹
erotic,色情
feng,风
siblings,兄弟姐妹
est,est
dre,德雷
cass,卡斯
disk,磁盘
op,操作
comics,漫画
obstacle,障碍
ale,麦芽酒
coral,珊瑚
hamburger,汉堡包
biscuit,饼干
redemption,赎回
thug,暴徒
concussion,脑震荡
martinez,马丁内斯
disgust,厌恶
wright,赖特
nsa,美国国家安全局
arise,出现
celebrities,名人
kev,凯文
dolphins,海豚
kidneys,肾脏
leaked,泄露
solving,解决
plasma,等离子体
singapore,新加坡
scram,紧急停止
regain,恢复
conductor,导体
ministers,部长们
gender,性别
removing,移除
cocky,自大
richest,最富有的
deciding,决定
poo,粪便
dispute,争议
brute,蛮力
incidents,事件
telly,电视
capsule,胶囊
chefs,厨师
psychopath,精神病患者
dumpster,垃圾箱
lire,里尔
jarod,贾罗德
bind,绑定
chops,排骨
crust,地壳
poorly,差
weighs,重量
bundle,捆
vibrating,振动
ricardo,里卡多
encouraging,鼓励
dwayne,德韦恩
polo,马球
singers,歌手
ada,艾达
meteor,流星
firmly,牢牢
prettiest,最漂亮的
hormones,激素
starboard,右舷
chauffeur,司机
download,下载
garrison,驻军
recovering,恢复中
heated,加热
hillary,希拉里
cctv,闭路电视
postcard,明信片
darlin,亲爱的
convert,转变
celia,西莉亚
abi,阿比
sissy,娘娘腔
reef,礁
treasury,财政部
calmly,平静地
mathematics,数学
ar,ar
ups,UPS
shameful,可耻
abbey,修道院
strategic,战略
wrists,手腕
payroll,工资单
beethoven,贝多芬
immense,巨大
heartless,狠心
magnus,马格努斯
banged,砰的一声
montgomery,蒙哥马利
protector,保护者
michelangelo,米开朗基罗
teller,出纳员
raging,愤怒
applying,申请
mop,拖把
sol,索尔
atom,原子
paolo,保罗
unload,卸下
detector,探测器
switching,交换
handles,把手
favorites,收藏夹
stinky,臭的
lina,莉娜
norton,诺顿
regional,区域
heil,希特勒
richer,更富有
secrecy,保密
thighs,大腿
rigged,作弊
thesis,论文
zeke,泽克
consumed,消耗
ahold,持有
tuned,调谐
atlantis,亚特兰蒂斯
repaired,已修复
leverage,杠杆作用
winnie,温妮
weary,厌倦
costa,科斯塔
rue,后悔
cowboys,牛仔
employ,采用
provoke,惹
stool,凳子
postpone,推迟
extensive,广泛的
beau,帅哥
urgently,紧急
optimistic,乐观的
lotus,莲花
apologizing,道歉
spooky,幽灵般的
skate,滑冰
maze,迷宫
arrests,逮捕
dialing,拨号
fireplace,壁炉
gt,gt
vicar,牧师
beetle,甲虫
horace,贺拉斯
suspicions,怀疑
stupidity,愚蠢
restricted,受限制的
skating,溜冰
pupil,瞳孔
homo,同型人
thumbs,拇指
hostess,女主人
cheng,程
sneaky,狡猾的
swollen,肿
por,por
unlocked,已解锁
eliza,伊丽莎
gladys,格拉迪斯
mixture,混合物
porsche,保时捷
diagnosed,诊断
vaughn,沃恩
ri,ri
liberation,解放
nay,不
crows,乌鸦
rockets,火箭
reindeer,驯鹿
shampoo,洗发水
milton,米尔顿
mai,麦
skiing,滑雪
overhead,开销
disturbance,干扰
cohen,科恩
spits,吐痰
crank,曲柄
crocodile,鳄鱼
bulls,公牛
medals,奖牌
sierra,塞拉
motivation,动机
dangers,危险
exploring,探索
mist,薄雾
galaxies,星系
ju,朱
sculpture,雕塑
marjorie,玛乔丽
adrenaline,肾上腺素
malik,马利克
allied,盟军
manor,庄园
convoy,护航
carly,卡莉
elliott,埃利奥特
merit,优点
cutter,刀具
stressful,压力
forming,成型
bikini,比基尼
sway,摇摆
virgil,维吉尔
soy,大豆
nell,内尔
salty,咸
elf,精灵
belts,腰带
yvonne,伊冯娜
disney,迪士尼
contractor,承包商
rodeo,牛仔竞技
crackers,饼干
playboy,花花公子
arch,拱
operated,经营的
crews,船员
scanner,扫描器
dads,爸爸们
limbs,四肢
bathe,洗澡
cardiac,心脏
persuaded,被说服
argentina,阿根廷
velvet,天鹅绒
hyde,海德
stem,干
rewarded,奖励
taiwan,台湾
warfare,战争
lakhs,十万
filter,筛选
pumped,泵
sterling,英镑
gran,奶奶
fills,填充
chet,切特
disc,光盘
percentage,百分比
bravery,勇敢
edges,边缘
diaper,尿布
lyle,莱尔
ida,伊达
preserved,保存完好
sutton,萨顿
katrina,卡特里娜
champions,冠军
partying,聚会
sergei,谢尔盖
pd,pd
morality,道德
crate,箱
mina,米娜
complications,并发症
sausages,香肠
smoothly,顺利
rafael,拉斐尔
cradle,摇篮
leopard,豹
chu,楚
gardner,加德纳
athens,雅典
abu,阿布
kramer,克莱默
magnet,磁铁
psychotic,精神病
vaccine,疫苗
motivated,有动机
aggression,侵略
courses,课程
willis,威利斯
expanding,扩展
vance,万斯
bases,基地
burglary,入室盗窃
stumbled,踉跄
buns,面包
confronted,面对
geneva,日内瓦
increasingly,日益
sidewalk,人行道
shady,阴凉
defended,辩护
resolution,解决
chooses,选择
tapped,轻敲
exploding,爆炸
punks,朋克
scenery,风景
hitch,拴住
severed,切断
wink,眨眼
initially,最初
assessment,评估
shredder,碎纸机
villains,反派
miners,矿工
introducing,介绍
focusing,聚焦
rainy,下雨
amendment,修正案
getaway,逃离
recognised,已确认
blackout,停电
leash,牵引绳
muhammad,穆罕默德
eyebrows,眉毛
livin,生活
bouncing,弹跳
nipples,乳头
raft,筏
pharaoh,法老
pots,锅
refreshing,令人耳目一新
wandered,漫步
roz,罗兹
abel,亚伯
beatles,披头士乐队
confined,受限
contagious,传染性
madeline,玛德琳
beijing,北京
frequently,频繁地
operational,操作
shakes,奶昔
thanking,谢谢
suffers,遭受
basil,罗勒
babylon,巴比伦
drilling,钻孔
agencies,机构
buffet,自助餐
farms,农场
motives,动机
cocoa,可可
perception,洞察力
targeting,目标
thudding,砰砰声
blares,刺耳的
dense,稠密
pinned,已置顶
pending,待办的
nod,点头
crunch,嘎吱声
stains,污渍
nervously,紧张地
caribbean,加勒比海
bouquet,花束
stabbing,刺
screws,螺丝
boone,布恩
philosopher,哲学家
bulb,电灯泡
sinner,罪人
ongoing,持续进行中
editing,编辑
veteran,老将
drip,滴
mara,玛拉
inspiring,鼓舞人心
gale,大风
flint,燧石
nova,新星
nevada,内华达州
manning,曼宁
membership,会员资格
puerto,波多黎各
raphael,拉斐尔
chalk,粉笔
liable,容易
manuscript,手稿
organised,有组织的
clanging,叮当声
markets,市场
rama,拉玛
austria,奥地利
chocolates,巧克力
trafficking,贩运
philly,费城
unaware,不知情
loot,抢劫
perish,沦
processed,已处理
clone,克隆
whooshing,呼啸
hangover,宿醉
flatter,奉承
wretch,可怜虫
weasel,黄鼠狼
columbia,哥伦比亚
israeli,以色列
shatters,破碎
lace,蕾丝
indication,指示
allan,艾伦
cora,科拉
drifting,漂流
grady,格雷迪
undress,脱衣服
dolphin,海豚
faked,伪造
depart,离开
monument,纪念碑
tyres,轮胎
marissa,玛丽莎
lorraine,洛林
pow,火力
invade,入侵
scooby,史酷比
hazel,榛
rep,代表
heavier,较重
tart,酸
mocking,嘲讽
forgets,忘记了
sinister,险恶
christy,克里斯蒂
dex,右旋糖酐
judas,犹大
assemble,集合
shortcut,捷径
transformation,转型
posts,帖子
generosity,慷慨
amusement,娱乐
beta,测试版
counseling,咨询
bobo,波波
honors,荣誉
snatched,抢夺
phyllis,菲利斯
measured,测量
gamma,伽马
squeals,尖叫
evidently,显然
mildred,米尔德
caitlin,凯特琳
dubai,迪拜
lantern,灯笼
combine,结合
nero,尼禄
trey,特雷
toughest,最难
limp,跛行
implying,暗示
matrix,矩阵
dots,点
kilometres,公里
evacuation,疏散
earliest,最早
incompetent,不称职的
closure,关闭
descent,下降
parachute,降落伞
analyze,分析
crushing,压碎
classmates,同学
excessive,过多的
tighter,更紧
hump,驼峰
fuzzy,模糊
tad,微微
punishing,惩罚
pageant,盛会
wan,万
reveals,揭示
wildlife,野生动物
clare,克莱尔
poking,戳
rehearsing,排练
homecoming,返校节
swelling,肿胀
shrieking,尖叫
squawking,聒噪
tardis,塔迪斯
caine,凯恩
statues,雕像
practiced,练习
christianity,基督教
hazard,冒险
stretched,拉伸
dea,数据包络分析
trudy,特鲁迪
slug,蛞蝓
frustration,挫折
edie,艾迪
deception,欺骗
lillian,莉莲
trespassing,擅闯私人领地
elimination,消除
comforting,令人感到安慰
len,镜头
preach,布道
practise,实践
damages,损害
ex-boyfriend,前男友
exits,出口
yer,你的
appointments,预约
significance,意义
drummer,鼓手
specimen,标本
voodoo,巫毒教
cleo,克莱奥
misunderstand,误解
asthma,哮喘
errands,跑腿
hypocrite,伪君子
snorts,哼声
advocate,提倡
cutie,可爱
obtained,获得
cristina,克里斯蒂娜
radioactive,放射性
richmond,里士满
ideals,理想
apprentice,学徒
unreasonable,不合理
inmate,囚犯
siege,围城
cobra,眼镜蛇
increases,增加
harbour,港口
illegally,非法
rattle,嘎嘎作响
trim,修剪
noodle,面条
antibiotics,抗生素
mattered,重要
declaration,宣言
virtual,虚拟的
intuition,直觉
revs,转速
darcy,达西
scales,秤
testified,作证
gigi,吉吉
twenty-five,二十五
bypass,旁路
pneumonia,肺炎
manly,男子气概
medicines,药物
slowing,减速
groan,呻吟
dungeon,地牢
chaps,小伙子们
ncis,美国国家犯罪调查局
consequence,结果
intercept,截距
badass,狠角色
examples,示例
fists,拳头
klink,克林克
substantial,重大的
brag,吹牛
pitcher,投手
onboard,船上
amigo,朋友
courtyard,庭院
royalty,皇室
spontaneous,自发的
ca,ca
restroom,卫生间
peep,窥视
negotiating,谈判
ache,疼痛
swat,扑打
emerge,出现
gambler,赌徒
references,参考
bonjour,你好
darkest,最黑暗的
insecure,不安全
attendant,服务员
sympathetic,交感神经
lila,莉拉
heroine,女英雄
choked,窒息
unidentified,身份不明
plumbing,管道
darker,较暗
ariel,艾瑞尔
crude,原油
dictionary,字典
sparks,火花
auditions,试镜
demo,演示
oppose,反对
fingernails,指甲
mineral,矿物
collateral,抵押品
istanbul,伊斯坦布尔
venom,毒液
tempting,诱人的
relay,中继
bamboo,竹子
particle,粒子
ying,英
torres,托雷斯
broadcasting,广播
banking,银行业
reminding,提醒
cassidy,卡西迪
axl,轴
ferguson,弗格森
estimated,估计的
hebrew,希伯来语
electronics,电子学
octopus,章鱼
meaningful,有意义的
stranded,搁浅
daytime,白天
dowry,嫁妆
starved,饥饿
ex-girlfriend,前女友
collision,碰撞
admitting,承认
comeback,回归
hungarian,匈牙利
faculty,学院
operative,操作
liza,丽莎
tenants,租户
revealing,揭示
ko,ko
ounce,盎司
mediterranean,地中海
gadget,小工具
paramedics,急救人员
console,安慰
cyril,西里尔
drawers,抽屉
caravan,大篷车
spinal,脊
bummer,真扫兴
crippled,残疾的
bled,出血
defy,违抗
luna,月亮
herbs,草药
hwang,黄
queue,队列
blinded,失明
studios,工作室
9th,第九
goddammit,该死的
recess,凹陷处
countdown,倒计时
maddy,麦迪
dracula,德古拉
alarms,警报
gaining,获得
quarterback,四分卫
maxine,玛克辛
eminence,卓越
willingly,心甘情愿
investigators,调查人员
speculation,推测
clearer,更清晰
gino,吉诺
cheeky,厚脸皮
powerless,无力
lapd,lapd
cruelty,残酷
external,外部的
arjun,阿俊
quarantine,隔离
shush,嘘
allegations,指控
tito,蒂托
sands,沙子
spelling,拼写
che,切
headline,标题
taliban,塔利班
tablet,药片
founder,创始人
gandhi,甘地
squash,壁球
josie,乔西
jets,喷气式飞机
saloon,酒吧
tuition,学费
tame,驯服
occasional,偶然
apologized,道歉
clinical,临床
serpent,蛇
criticism,批评
sawyer,索耶
fading,褪色
viktor,维克托
prop,支柱
shoved,推搡
mend,修补
lonesome,寂寞
separately,分别地
reg,reg
evie,伊薇
legion,军团
tsk,啧
arabs,阿拉伯人
accompanied,伴随
tread,踏
findings,发现
toronto,多伦多
exploit,开发
proposing,提议
shi,shi
scorpion,蝎
zoey,佐伊
curb,抑制
opium,鸦片
athletic,运动
bombed,轰炸
jumper,套头衫
weaker,较弱
suing,起诉
bianca,比安卡
seminar,研讨会
confirms,确认
commence,开始
plains,平原
debra,黛布拉
readers,读者
neglected,被忽视的
tavern,酒馆
worthwhile,值得
morale,士气
cleaners,清洁工
caviar,鱼子酱
welcoming,欢迎
kimberly,金伯利
evaluation,评估
occurs,发生
rituals,仪式
morton,莫顿
disguised,伪装
precision,精确
cube,立方体
revelation,启示
titanic,泰坦尼克号
realizing,意识到
doggy,狗
babbling,胡说
cheung,张
dora,多拉
tenant,租户
riches,财富
diabetes,糖尿病
alternate,备用
diversion,导流
effectively,有效地
dedication,奉献
wager,赌注
companions,同伴
sinclair,辛克莱
bailed,保释
smelly,臭
ratings,评分
trench,沟
cameraman,摄影师
dillon,狄龙
hawkins,霍金斯
stanton,斯坦顿
ajay,阿杰
edison,爱迪生
batter,连击
dye,染料
abduction,绑架
prospect,前景
morrison,莫里森
brighter,更亮
wider,更广泛
alma,阿尔玛
manslaughter,过失杀人
remedy,补救
damp,潮湿
thigh,大腿
cologne,科隆
accusation,指控
outsider,局外人
serum,血清
spaces,空间
oral,口服
shades,色调
woe,悲哀
elise,艾丽丝
receipts,收据
alias,别名
notified,已通知
apron,围裙
kentucky,肯塔基州
vein,静脉
tonic,补品
squeaks,吱吱声
dim,暗淡
steep,陡
sod,草皮
presenting,呈现
cinderella,灰姑娘
cub,幼兽
chung,钟
eyewitness,目击者
flattering,奉承
overdose,过量
kathleen,凯瑟琳
doubled,双倍
della,德拉
suckers,傻瓜
automobile,汽车
cain,该隐
loo,厕所
brittany,布列塔尼
bullied,被欺凌
spiderman,蜘蛛侠
humphrey,汉弗莱
tyson,泰森
kidnapper,绑匪
dispose,处置
margarita,玛格丽塔
hash,哈希
grieving,悲伤
initials,首字母
hound,猎犬
boogie,布吉舞
dawg,狗
perp,犯罪嫌疑人
cloak,披风
crabs,螃蟹
pastry,糕点
successor,接班人
hola,你好
michele,米歇尔
cheerleader,啦啦队员
slips,滑倒
critics,评论家
recruited,招募
macho,男子气概
stunned,目瞪口呆
fuller,更丰满
mornings,早晨
accidental,偶然
lara,拉拉
convey,传达
prototype,原型
superiors,上级
barcelona,巴塞罗那
fling,一扔
froze,冻住了
atoms,原子
kidnappers,绑架者
cupcake,纸杯蛋糕
athletes,运动员
warsaw,华沙
pleasures,快乐
ax,斧头
kumar,库马尔
uptight,紧张
inclined,倾斜
stockings,长筒袜
scrooge,守财奴
fingerprint,指纹
harmed,受到伤害
sensational,轰动一时
jockey,骑师
mourn,哀悼
intercom,对讲机
tory,保守党
penthouse,顶层公寓
eileen,艾琳
ginny,金妮
quack,嘎嘎
peck,啄
gospel,福音
presumably,想必
signatures,签名
aspects,方面
assumption,假设
rumbles,隆隆声
hugging,拥抱
sideways,侧身
theodore,西奥多
organisation,组织
lowered,降低
youtube,YouTube
ct,ct
jaws,下颚
troll,巨魔
squid,乌贼
designers,设计师
mushroom,蘑菇
freeway,高速公路
believer,信徒
possessions,财产
tunes,曲调
tornado,龙卷风
cowardly,胆小
notch,缺口
routes,路线
winters,冬天
elijah,以利亚
annoy,烦人
loaf,面包
commercials,广告
idiotic,愚蠢的
inconvenience,不便
plum,李子
solicitor,律师
amnesia,健忘症
deborah,黛博拉
distinct,清楚的
sweeping,扫荡
arson,纵火
doubted,怀疑
furthermore,此外
quarry,采石场
puss,猫
farts,放屁
guo,郭
depot,仓库
evenings,晚上
ole,奥莱
circulation,循环
socialist,社会主义
melinda,梅琳达
dryer,烘干机
mutters,低声嘟囔
vomiting,呕吐
brock,布洛克
fei,飞
moody,情绪化
donated,捐赠
reich,帝国
receiver,接收者
semen,精液
converted,转换
rags,破布
harness,马具
slate,石板
padre,神父
sonya,索尼娅
necessity,必要性
emails,电子邮件
rumpole,鲁姆波尔
orderly,秩序
dinners,晚餐
assassins,刺客
scold,骂
certainty,肯定
marian,玛丽安
knox,诺克斯
upright,直立
trek,跋涉
patron,赞助人
reborn,重生
reel,卷轴
typewriter,打字机
babes,宝贝们
sorrows,悲伤
utmost,极致
havin,拥有
patsy,帕特西
governments,政府
bhai,兄弟
privileges,特权
throats,喉咙
remotely,远程
glee,高兴
revolver,左轮手枪
lockdown,封锁
woof,纬
brunch,早午餐
dwell,住
coyote,郊狼
squat,蹲
manic,躁狂症
groove,槽
bangkok,曼谷
uncovered,裸露
mailbox,邮箱
objections,反对意见
lynch,私刑
scrape,刮
commandant,指挥官
swings,摇摆
conventional,传统的
stockholm,斯德哥尔摩
raises,提高
transaction,交易
iced,冰镇
oy,oy
paulo,保罗
ignition,点火
beaches,海滩
interpol,插值
epidemic,流行性
honoured,荣幸
shaggy,毛茸茸
policies,政策
statistics,统计数据
shattering,破碎
bah,呸
intercourse,交往
charms,魅力
flashing,闪烁
destructive,破坏性的
grilled,烤
oregon,俄勒冈州
copied,复制
hookers,妓女
paycheck,工资单
solitude,孤独
panther,豹
performances,表演
maids,女佣
exhausting,精疲力竭
lambert,兰伯特
omega,欧米伽
belgium,比利时
stationed,驻
yankees,洋基队
liability,责任
x-rays,X射线
whichever,任何
hunk,帅哥
trout,鳟鱼
crystals,晶体
learns,学习
repent,悔改
prosperity,繁荣
literary,文学
assembled,组装
ounces,盎司
martyr,烈士
northwest,西北
connecticut,康涅狄格州
privileged,特权
webster,韦伯斯特
excess,过量的
unemployment,失业
viking,维京人
blackmailing,勒索
munich,慕尼黑
install,安装
arrogance,傲慢
jeopardy,危险边缘
hacker,黑客
tongues,舌头
pleases,请
reset,重置
risen,升起
dependent,依赖
sued,被起诉
perkins,珀金斯
goons,暴徒
macleod,麦克劳德
milady,夫人
wolfe,沃尔夫
abnormal,异常
bandage,绷带
heed,注意
mabel,梅布尔
pronounced,发音
bullying,欺凌
charter,宪章
shelley,雪莱
turks,土耳其人
litter,垃圾
standby,支持
izzy,伊兹
ltd,有限公司
peaches,桃子
angles,角度
kerry,克里
baths,浴室
generate,产生
cobb,科布
residue,残留物
composed,由
paco,帕科
kilo,公斤
immigrants,移民
probable,可能
enjoys,享受
seeks,寻找
newman,纽曼
vicinity,附近
flank,侧翼
der,德尔
clint,克林特
functioning,功能
horatio,霍雷肖
predictable,可预测的
jedi,绝地武士
scrambled,打乱
expansion,扩张
pittsburgh,匹兹堡
angus,安格斯
natives,本地人
bing,必应
scarlet,猩红
itchy,发痒
stirring,搅拌
bedrooms,卧室
structures,结构
penn,宾夕法尼亚
ensign,军旗
barrels,桶
voters,选民
madeleine,玛德琳
geoff,杰夫
haste,匆忙
existing,现存的
mcdonald,麦当劳
commotion,骚动
belonging,属于
extinct,灭绝
joints,关节
bumper,保险杠
mao,毛泽东
mare,母马
coleman,科尔曼
influenced,影响
heist,抢劫
cynical,愤世嫉俗
input,输入
recite,背诵
cary,凯瑞
eagles,老鹰
expired,已到期
palms,棕榈树
slash,削减
bottoms,底部
columbus,哥伦布
georges,乔治
exaggerate,夸大
guided,引导
pineapple,菠萝
spence,斯宾塞
ankles,脚踝
morals,德
builds,建造
colleen,科琳
posing,摆姿势
fireman,消防队员
thorn,刺
communities,社区
lawson,劳森
workout,锻炼
extraterrestrial,外星人
conceived,构思
tightly,紧紧
orlando,奥兰多
tennessee,田纳西州
diaz,迪亚兹
fraser,弗雷泽
sleeves,袖子
vacant,空缺
infantry,步兵
gallagher,加拉格尔
booking,预订
oranges,橙子
rhodes,罗德岛
breakup,拆散
layla,莱拉
purity,纯度
honourable,光荣的
militia,民兵
mechanics,机械
mackenzie,麦肯齐
bronx,布朗克斯
realizes,意识到
hasty,仓促
colorful,丰富多彩的
ramp,坡道
boulevard,林荫大道
xavier,泽维尔
intriguing,引人入胜
rook,车
papi,爸爸
callen,卡伦
atm,取款机
acquire,获得
necks,脖子
sinners,罪人
gents,男士们
episodes,剧集
oswald,奥斯瓦尔德
dedicate,奉献
rests,休息
pi,π
milord,阁下
debut,首次亮相
interviewing,面试
occupy,占据
aimed,旨在
emerged,出现
sloan,斯隆
restraining,限制
cod,鳕鱼
clarity,明晰
daft,愚蠢
islamic,伊斯兰教
calculated,计算
lakes,湖泊
grumpy,脾气暴躁的
ki,ki
picasso,毕加索
eddy,涡流
consulting,咨询
obstacles,障碍
pesos,比索
nicolas,尼古拉斯
plotting,绘制
infirmary,医务室
sermon,讲道
manipulated,操纵
scratches,划痕
aidan,艾丹
critic,评论家
greasy,腻
zealand,新西兰
supports,支持
anatomy,解剖学
agreeing,同意
straightforward,直截了当
prejudice,偏见
placing,放置
flare,耀斑
milky,乳白色
vladimir,弗拉基米尔
premiere,首映
glamorous,魅力四射
cinnamon,肉桂
syd,悉尼
referee,裁判
threshold,临界点
civilisation,文明
sensor,传感器
tends,倾向于
louisa,路易莎
savages,野蛮人
emil,埃米尔
torpedo,鱼雷
ere,埃雷
housewife,家庭主妇
tours,旅游
fossil,化石
replied,回复
abdomen,腹部
soak,浸泡
contestants,参赛者
stretching,伸展
princes,王子们
hoffman,霍夫曼
truman,杜鲁门
bumps,颠簸
educational,教育
outfits,服装
resurrection,复活
latte,拿铁
huang,黄
politically,政治上
pratt,普拉特
whoosh,嗖！
ds,ds
wiser,更明智
rejection,拒绝
clutch,离合器
fusion,融合
gloomy,阴沉
madly,疯狂地
cambridge,剑桥
cocktails,鸡尾酒
lighthouse,灯塔
treatments,治疗
chronic,慢性的
fluids,液体
deleted,已删除
sustain,维持
stanford,斯坦福
ahmed,艾哈迈德
buyers,买家
valet,代客泊车
darius,大流士
nobel,诺贝尔奖
sank,沉没
southeast,东南
condemn,谴责
resemblance,相似
suicidal,有自杀倾向
wed,结婚
packages,包裹
taped,录像
avatar,头像
wireless,无线的
paddle,桨
lice,虱子
tablets,片剂
spreads,传播
itch,痒
gibberish,胡言乱语
ingredient,成分
emilio,埃米利奥
prevented,阻止
withdrawal,退出
porno,色情
pry,撬
sexuality,性欲
br,br
vinnie,文尼
oh-oh,哦哦
considerate,周到
sovereign,主权
pas,帕斯
voicemail,语音信箱
cadet,学员
clarify,阐明
immature,不成熟
tshirts,T恤
marguerite,玛格丽特
banished,被放逐
chemo,化疗
nicki,妮琪
dairy,奶制品
attach,附
murdock,默多克
sliding,滑动
spectacle,奇观
pushes,推动
yin,阴
delusional,妄想
allegiance,忠诚
slope,坡
pooja,祭祀
awareness,意识
jed,杰德
decker,德克
dino,恐龙
roaming,漫游
shores,海岸
competitors,竞争对手
tomas,托马斯
overreacting,反应过度
observing,观察
paste,粘贴
wits,智慧
fiery,火热
typically,通常
eclipse,蚀
produces,产
oysters,牡蛎
scraping,刮擦
pros,优点
impose,强加
revenue,收入
alabama,阿拉巴马州
departed,已离开
user,用户
cracker,饼干
hu,胡
undoubtedly,无疑
arnie,阿诺
mozart,莫扎特
dent,凹痕
charmed,迷住了
spiral,螺旋
scans,扫描
hmmm,嗯……
ka,卡
louisiana,路易斯安那州
rumour,谣言
kirsten,克尔斯滕
touchdown,接地
nadine,娜丁
posh,高档
correction,更正
chubby,胖乎乎的
manifest,显现
safest,最安全
steroids,类固醇
fleeing,逃离
genie,精灵
dakota,达科他州
witchcraft,巫术
archives,档案
trance,发呆
symphony,交响乐
traumatic,创伤
rocco,罗科
skipping,跳过
frequent,频繁
modeling,造型
sporting,体育
affecting,影响
spacecraft,宇宙飞船
negotiation,谈判
talbot,塔尔博特
reno,里诺
benton,本顿
calculate,计算
fiddle,小提琴
sails,帆
stein,斯坦
persistent,执着的
despicable,卑鄙
bruise,挫伤
salem,塞勒姆
escapes,逃脱
mischief,恶作剧
mckay,麦凯
cupcakes,纸杯蛋糕
brussels,布鲁塞尔
arc,弧
ripper,开膛手
ritchie,里奇
vitamins,维生素
cognac,科涅克白兰地
careers,职业生涯
sim,模拟
caps,帽子
imbecile,白痴
steaks,牛排
cove,海湾
lair,巢穴
directing,导演
stepfather,继父
slammed,猛烈抨击
viral,病毒性的
congregation,会众
illinois,伊利诺伊州
helicopters,直升机
coco,椰子
crisp,脆
outrage,暴行
flexible,灵活的
goo,粘性物
licking,舔舐
funk,放克
icecream,冰淇淋
prefers,偏好
tao,道
captive,俘虏
montreal,蒙特利尔
zen,禅
cee,cee
knuckles,指关节
canteen,食堂
credibility,信誉
disconnected,断开连接
flats,公寓
controversial,有争议的
enthusiastic,热情的
janey,珍妮
cork,软木
priorities,优先事项
acute,急性
icy,冰冷的
wormhole,虫洞
flyer,传单
bladder,膀胱
caretaker,看护人
pep,活力
roommates,室友
programming,编程
grape,葡萄
astronauts,宇航员
drained,排水
metallic,金属
sergio,塞尔吉奥
seldom,很少
destroys,摧毁
riders,骑手
poetic,诗意的
hacking,黑客攻击
transported,运输
contaminated,污染
duct,管
dimensions,方面
insensitive,冷漠无情
echoes,回声
initiate,发起
nonetheless,尽管如此
emmett,埃米特
grinding,研磨
composition,作品
adjourned,休会
indulge,放纵
wrench,扳手
flaw,缺陷
messiah,弥赛亚
concluded,结束
accustomed,习惯
napkin,餐巾
doorway,门口
muddy,浑
steph,斯蒂芬
saturn,土星
intentionally,故意
chiming,鸣响
canned,罐装
appearing,出现
ballistics,弹道学
nicked,偷窃
suction,吸
hideout,藏身处
startled,吓了一跳
replacing,替换
solemn,庄严
pillows,枕头
submitted,提交
francesca,弗朗西斯卡
override,覆盖
carver,雕刻家
lea,叶
mateo,马特奥
mosquito,蚊子
fragrance,香味
pennies,便士
detained,被拘留
meadow,草地
chopping,切碎
satellites,卫星
cables,电缆
youngsters,年轻人
needy,贫困
refugee,难民
luc,卢克
whitey,白人
inhabitants,居民
yun,云
breakin,打破
harassing,骚扰
ro,ro
interpretation,解释
burying,埋葬
bree,布里
incomplete,未完成
blimey,我的天哪
titan,泰坦
retard,减速
agatha,阿加莎
dilemma,困境
mutt,杂种狗
prominent,著名的
temples,寺庙
hoover,胡佛
lindsey,林赛
cesar,凯撒
temp,温度
consul,领事
hairdresser,理发师
planting,种植
drones,无人机
justified,合理的
jensen,詹森
stuffing,馅
norwegian,挪威
dork,笨蛋
stalling,停滞
birthdays,生日
intimacy,亲密关系
tucked,塞进去
examiner,考官
qualify,资格
imminent,迫在眉睫
masked,戴面具
diesel,柴油机
meditation,冥想
bulk,大部分
allie,艾莉
prosecute,起诉
mumbles,咕哝
defined,定义
oklahoma,俄克拉荷马州
paw,爪子
default,默认
crawled,爬行
doughnuts,甜甜圈
margot,玛格特
haunting,令人难忘
staircase,楼梯
advances,进展
solutions,解决方案
plaster,石膏
proceedings,诉讼程序
amends,修改
fraternity,兄弟会
freud,弗洛伊德
cannons,大炮
kendall,肯德尔
armored,装甲
colonies,殖民地
perez,佩雷斯
birdie,小鸟球
volcanic,火山
samson,参孙
cleopatra,克利奥帕特拉
carve,雕刻
fishermen,渔民
brink,边缘
martian,火星人
hybrid,杂交种
knockout,昏死
chunk,块
constructed,建造
confiscated,没收
interrogate,审问
voyager,旅行者
oprah,奥普拉
commerce,商业
tasks,任务
precaution,预防
printer,打印机
finishes,完成
rossi,罗西
boob,胸部
nagging,唠叨
stephens,斯蒂芬斯
hag,魔女
skinner,斯金纳
lunchtime,午餐时间
imported,进口
transcript,文字稿
conceal,隐藏
holler,抱怨
chug,突突
silas,西拉斯
paranoia,妄想症
compelled,被迫
styles,风格
airborne,空中
sentiment,情绪
syria,叙利亚
pea,豌豆
babysitting,临时保姆
improving,改善
hare,野兔
connects,连接
withdrawn,撤回
staged,摆拍
englishman,英国人
hopkins,霍普金斯
pumps,水泵
admirable,令人钦佩的
vouch,担保
indicated,表明的
reviews,评论
kristen,克里斯汀
yuki,由纪
vey,非常
trivial,琐碎的
parcel,包裹
scroll,滚动
desired,想要的
appealing,上诉
weighed,称重
designated,指定的
bubba,布巴
imprisonment,监禁
ferris,费里斯
fleming,弗莱明
cooling,冷却
containing,包含
giles,吉尔斯
impressions,印象
advantages,优势
cartwright,卡特赖特
uncertain,不确定
deliberate,商榷
anticipated,预期
isolate,隔离
tighten,拧紧
corporations,公司
petra,佩特拉
venue,场地
irritating,令人恼火的
revolt,反叛
whatcha,你什么
lunar,月球
rightful,正当的
bombers,轰炸机
southwest,西南
maine,缅因州
marvel,奇迹
chained,连锁
colder,更冷
tit,山雀
snooping,窥探
trunks,树干
sully,玷污
excused,已原谅
seduced,被诱惑
communicating,沟通
beams,光束
bloodshed,流血事件
offender,罪犯
offspring,后代
monstrous,滔天
bruising,瘀伤
doorman,门卫
prohibited,禁止
props,道具
penetrate,穿透
intervene,干预
tobias,托比亚斯
osaka,大阪
aiden,艾登
niggers,黑鬼
cairo,开罗
jonny,乔尼
patriot,爱国者
bowls,碗
rufus,鲁弗斯
barton,巴顿
surgeons,外科医生
pits,坑
infamous,臭名昭著
crooks,骗子
shag,长毛
lettuce,莴苣
exaggerating,夸大
inferior,下
zac,扎克
boredom,无聊
amos,阿莫斯
tolerance,宽容
cashier,出纳员
polls,民意调查
caliber,口径
underpants,内裤
katy,凯蒂
seller,卖方
sensed,感觉到的
vertical,垂直的
dart,镖
sections,部分
zipper,拉链
gabby,加比
shankar,尚卡尔
acceptance,验收
traveler,游客
timeline,时间线
emerald,翠
gays,同性恋
pc,个人电脑
hassle,麻烦
thrilling,惊险
hopeful,充满希望
stokes,斯托克斯
sneakers,运动鞋
conditioning,调理
supporters,支持者
rodriguez,罗德里格斯
teal,蓝绿色
insults,侮辱
instruction,操作说明
flipping,翻转
clatter,哒
flaming,炽盛
freight,货运
representatives,代表
invitations,邀请函
undressed,脱光衣服
lucille,露西尔
boiler,锅炉
edo,江户
uneasy,不安
oneself,自己
alfredo,阿尔弗雷多
benedict,本尼迪克特
davey,戴维
davies,戴维斯
efficiency,效率
gomez,戈麦斯
yelps,耶普斯
counterfeit,伪造
l-i,l-i
afterlife,来世
one-way,单程
smiley,笑脸
twat,傻瓜
eccentric,偏心
wand,魔杖
vi,六
memphis,孟菲斯
consume,消耗
praised,赞扬
formidable,强大
lesser,较少
gel,凝胶
surrendered,投降
welcomed,欢迎
wendell,温德尔
tee,球座
launching,发射
cocksucker,口交者
crores,千万
downs,下坡
retiring,退休
spears,长矛
vikram,维克拉姆
authorization,授权
outsiders,局外人
pancake,饼子
probability,可能性
accessory,配饰
peters,彼得斯
deported,被驱逐出境
contrast,对比
hooks,钩子
remarks,评论
liaison,联络
blokes,伙计们
crater,火山口
distribute,分发
vocalizing,发声
adele,阿黛尔
chiefs,酋长们
photographed,拍摄
rehearsals,排练
salvatore,萨尔瓦托雷
whoop,哇哦
credits,学分
shalt,应
hup,哈普
stability,稳定
woken,醒来
stench,恶臭
taps,水龙头
flea,跳蚤
compelling,令人信服的
dolores,多洛雷斯
strawberries,草莓
convictions,定罪
hubby,老公
self-esteem,自尊
threatens,威胁
suburbs,郊区
clocks,时钟
peacock,孔雀
bragging,吹嘘
gabi,加比
hurrah,欢呼
moo,哞
silently,默默
subconscious,潜意识
fatso,胖子
pluck,采摘
reactions,反应
lacks,缺乏
adolf,阿道夫
mira,米拉
refined,精制
lays,躺椅
bungalow,平房
surge,涌
practices,实践
precautions,防范措施
thanked,谢谢
jody,乔迪
uranium,铀
carolyn,卡罗琳
menace,威胁
ernesto,埃内斯托
fractured,破碎的
christie,克里斯蒂
aka,又名
cone,锥体
sauna,桑拿
extinction,灭绝
randolph,兰道夫
bonding,粘合
equality,平等
bourgeois,资产阶级
insert,插入
csi,CSI
kiki,琪琪
teens,青少年
downhill,下坡
pedal,踏板
levi,利维
peru,秘鲁
stables,马厩
irving,欧文
buddhist,佛教徒
ambitions,抱负
terrain,地形
turbo,涡轮
hae,哈
screening,筛选
mu,亩
riots,骚乱
coaching,教练
explodes,爆炸
premature,过早
undone,未完成
qi,气
communism,共产主义
fitted,适配
treacherous,奸诈
inspect,检查
hurray,欢呼
irresistible,无法抗拒
joanne,乔安妮
elias,伊莱亚斯
northeast,东北
sparrow,麻雀
gypsies,吉普赛人
performer,演员
brew,酿造
titles,标题
ingenious,巧妙
snapping,啪啪
turd,粪
challenger,挑战者
baghdad,巴格达
bulletin,公告
preview,预览
jinx,厄运
immortality,不朽
recruits,新兵
ditched,抛弃
tempt,诱惑
procession,游行
eduardo,爱德华多
melon,瓜
weaknesses,弱点
aires,艾尔斯
knob,旋钮
domain,领域
conclude,结束
dresser,梳妆台
bao,包
berries,浆果
straining,紧张
beads,珠子
windy,刮风
patent,专利
merchants,商人
profitable,有利可图
ryder,莱德
prisons,监狱
salvage,打捞
mentioning,提及
lass,小姐
tox,毒素
sonja,索尼娅
poof,噗
productive,生产力
hosting,托管
doth,确实
ewing,翅膀
derby,德比
goldfish,金鱼
capitol,国会大厦
leisure,闲暇
buff,增幅
illusions,幻觉
notices,通知
odin,奥丁
springfield,斯普林菲尔德
tracker,追踪器
kyoto,京都
peed,尿尿
vitamin,维他命
heave,举
bryant,布莱恩特
dickie,迪基
goodwill,善意
euro,欧元
strapped,绑带
boar,公猪
slater,斯莱特
bogus,虚假
rhymes,韵律
brunette,棕发
jab,戳
hippie,嬉皮士
ting,ting
incidentally,顺便
face-to-face,面对面
gi,gi
webb,韦伯
compensate,补偿
tasting,品尝
outbreak,暴发
sow,母猪
hallucinations,幻觉
golly,发誓
factors,因素
pyramids,金字塔
copenhagen,哥本哈根
hiv,艾滋病病毒
dandy,花花公子
detour,車輛改道
desperation,绝望
wrestle,搏斗
entrusted,受托
parting,离别
resisting,抵抗
err,犯错
bursting,爆发
warrants,逮捕令
savannah,萨凡纳
concealed,暗
dreamer,梦想家
mandatory,强制的
gagging,作呕
finances,财政
nightingale,夜莺
lamps,灯
grenades,手榴弹
premier,总理
squire,乡绅
periods,时期
uhm,嗯
kgb,千克布
parasite,寄生虫
borrowing,借贷
rodrigo,罗德里戈
influential,有影响
mammy,妈咪
absorb,吸收
investments,投资
cece,塞西
concentrated,集中
tyrant,暴君
laps,圈数
underestimated,低估
measuring,测量
origins,起源
applies,适用
britney,布兰妮
exchanged,交换
portugal,葡萄牙
niggas,黑鬼
maths,数学
decorations,装饰
orion,猎户座
pepe,佩佩
ownership,所有权
tweet,鸣叫
raspberry,覆盆子
racial,种族
firstly,首先
suv,SUV
intimidated,受到恐吓
skunk,臭鼬
parsons,牧师
nearer,更近
yong,永
audible,可听见的
bmw,宝马
communion,圣餐
whinnies,嘶鸣
hindu,印度教
leroy,勒罗伊
sphere,领域
renaissance,复兴
anomaly,异常
pursued,追击
klein,克莱因
chant,呗
outlaw,取缔
surname,姓
penguins,企鹅
awarded,获奖
mid,中
classmate,同学
applications,应用程序
emmy,艾美奖
subtitle,字幕
laden,满载
economics,经济学
ballroom,舞厅
sinned,罪过
shortage,短缺
mort,死亡
phenomenal,非凡的
czech,捷克
maneuver,演习
tremble,颤抖
hooking,钩子
screeches,尖叫声
moons,月亮
ae,ae
sweetness,甜味
disrespectful,不尊重
dane,丹恩
consulate,领事馆
bounced,弹跳
parenting,育儿
robberies,抢劫
remark,评论
hilary,希拉里
logo,标识
describing,描述
scalpel,解剖刀
cecilia,塞西莉亚
strangest,最奇怪的
jaime,海梅
seymour,西摩
bigtime,大
competent,胜任的
bein,是
bi,双
lectures,讲座
basics,基础知识
texture,质地
leftovers,剩菜
wimp,懦夫
conquest,征服
norris,诺里斯
mounted,安装
pens,钢笔
contestant,选手
algorithm,算法
columns,列
chile,智利
wails,哀嚎
decree,法令
jeremiah,耶利米
rewrite,改写
momentum,势头
cadillac,凯迪拉克
attorneys,律师
apes,猿猴
captioning,字幕
desmond,德斯蒙德
lesbians,女同性恋者
fairies,仙女
monitors,显示器
hua,华
weighing,称重
roasted,烤
discovering,发现
alzheimer,阿尔茨海默病
subpoena,传票
foe,敌人
hicks,希克斯
cm,厘米
circuits,电路
nag,唠叨
hiking,远足
stepmother,后妈
personalities,个性
formally,正式地
revive,复活
unnatural,不自然
pip,管道
betraying,背叛
renting,出租
prizes,奖品
onstage,舞台上
comfy,舒适的
heath,希思
marrow,骨髓
blaine,布莱恩
minority,少数民族
marcos,马科斯
portable,便携的
popularity,人气
telegraph,电报
hayden,海登
hesitation,犹豫
sylvester,西尔维斯特
alistair,阿利斯泰尔
cluster,簇
grandad,爷爷
jog,慢跑
slay,杀戮
sparkling,闪闪发光
shithead,混蛋
tiring,累人
ooo,哦哦
germs,细菌
fuhrer,元首
handbag,手提包
unlimited,无限
thumping,怦
vinegar,醋
splinter,碎片
supposing,假如
faults,故障
remarkably,非常
sketches,草图
nineteen,十九
enchanted,迷人的
hari,哈里
respectful,尊重
bien,好
honk,喇叭
doughnut,油炸圈饼
tags,标签
wrapping,包装
tar,焦油
om,om
ducky,小鸭子
unfaithful,不忠
delia,德莉娅
rae,雷
jojo,乔乔
stance,姿态
barker,巴克
financially,财务方面
clam,蛤
clanking,叮当作响
sarcastic,讽刺的
blur,模糊
organizing,组织
nosy,爱管闲事的人
boyle,博伊尔
pasha,帕夏
attacker,攻击者
horribly,糟糕透了
inject,注入
descend,下降
wi,wi
liberated,解放
burner,刻录机
fluffy,蓬松的
melancholy,忧郁
puppets,木偶
anal,肛门
grieve,悲伤
awe,敬畏
gallons,加仑
earring,耳环
unprecedented,空前的
yank,扬克
jamaica,牙买加
brutally,残酷地
extortion,勒索
guardians,守护者
disciples,门徒
simultaneously,同时地
elves,精灵
malibu,马里布
lupin,羽扇豆
postman,邮差
neville,内维尔
senseless,无意义的
chapman,查普曼
hostel,旅馆
marcia,玛西亚
melvin,梅尔文
cockroach,蟑螂
clamp,夹钳
poets,诗人
chemist,化学家
professionally,专业地
faded,褪色
vargas,瓦尔加斯
gunpowder,火药
inc,公司
gala,节日
surroundings,周围环境
wisconsin,威斯康星州
rivals,竞争对手
cackling,咯咯笑
withstand,经受
contemporary,当代的
harlem,哈莱姆区
half-hour,半小时
marlon,马龙
endured,忍受
arsenal,兵工厂
underway,进行
donuts,甜甜圈
daryl,达里尔
injected,注射
digs,挖掘
siegfried,齐格弗里德
elisabeth,伊丽莎白
billionaire,亿万富翁
cardboard,纸板
hugs,拥抱
bandages,绷带
everlasting,永恒
liverpool,利物浦
cooperative,合作社
diploma,文凭
neural,神经
fortunes,财富
rural,乡村的
abbott,雅培
receptionist,接待员
antiques,古董
labels,标签
sizes,尺寸
millennium,千年
layout,布局
immoral,不道德
manages,管理
hisses,嘶嘶声
usher,引座员
impulsive,冲动
pollution,污染
admirer,仰慕者
rejoice,麾
iowa,爱荷华州
marlene,玛琳
hindi,印地语
holder,持有者
squeezed,挤压
merge,合并
journalism,新闻业
nominated,提名
sundown,日落
assistants,助理
miraculous,神奇
stared,凝视
prescribed,规定
lotta,很多
swearing,咒骂
guarantees,保证
massachusetts,马萨诸塞州
junction,交汇处
consumption,消耗
astrid,阿斯特丽德
metropolis,都会
iceland,冰岛
bridal,新娘
virgins,处女
victorious,胜利者
squirt,喷出
pads,垫子
modified,修改的
hanson,汉森
casket,棺材
blaze,火焰
kimble,金布尔
cliffs,悬崖
destroyer,驱逐舰
offshore,离岸
tendency,趋势
nip,掐
scanning,扫描
first-class,一流
viva,维瓦
intensive,密集的
gustav,古斯塔夫
endangered,濒危
va,va
circling,盘旋
ave,大道
stashed,藏匿
das,das
backward,落后
hai,嗨
chamberlain,管家
sari,纱丽
thermal,热的
opponents,对手
fiber,纤维
last-minute,最后一刻
toto,托托
circumstance,环境
geography,地理
stargate,星际之门
interpret,解释
sicily,西西里岛
pisses,撒尿
preaching,布道
transporter,运输机
bosom,怀
salsa,萨尔萨
eighty,八十
shred,撕碎
dread,恐惧
duration,期间
beggars,乞丐
mein,我的
josephine,约瑟芬
networks,网络
formality,正式
heater,加热器
par,帕
smug,踌躇满志
ordeal,考验
rhonda,朗达
agriculture,农业
katya,卡佳
fowler,福勒
descended,下降
lasting,持久
abyss,深渊
marries,结婚
aurora,极光
sleigh,雪橇
frenchman,法国人
rouge,胭脂
survives,幸存
margo,玛戈
redhead,红发
terrence,特伦斯
creativity,创造力
dominant,主导的
isis,伊斯兰国
kip,基普
corny,俗气
aubrey,奥布里
graphic,形象的
irrational,非理性
mathematical,数学
sacked,被解雇
paws,爪子
chariot,战车
havoc,混乱
andreas,安德烈亚斯
midget,侏儒
celestial,天体
cetera,等等
nino,尼诺
upgrade,升级
blasting,爆破
skulls,头骨
videotape,录像带
wedded,已婚
babysit,照看孩子
ancestor,祖先
transit,交通
rained,下雨了
thingy,东西
wellington,惠灵顿
abide,遵守
reserves,储备
rim,轮缘
chico,奇科
settles,定居点
decisive,决定性
motors,电机
cheesy,俗气的
symbolic,象征性的
roxy,罗克西
clink,碰杯
handicapped,残疾人
mating,交配
cranky,暴躁的
brightest,最亮的
molecules,分子
meyer,迈耶
sheridan,谢里丹
animation,动画片
grail,圣杯
voluntarily,自愿
creeping,爬行
furnace,炉
thine,你的
titus,提图斯
pierced,穿孔
bu,布
chinatown,唐人街
slade,斯莱德
sai,赛
toothpaste,牙膏
cuddle,偎
langley,兰利
egyptians,埃及人
bankruptcy,破产
lever,杠杆
shaman,萨满
nipple,乳头
weeds,杂草
becker,贝克尔
reacted,反应
mashed,捣碎
sloane,斯隆
regent,摄政
bentley,宾利
tiles,瓷砖
decoy,诱饵
crusade,运动
vivid,生动
slides,幻灯片
jennings,詹宁斯
catering,餐饮服务
dishonest,不诚实
subs,替补
lurking,潜伏
airplanes,飞机
shaky,摇晃
barren,荒芜
alligator,鳄鱼
moth,蛾
uncover,揭露
lorna,洛娜
axel,轴
expressing,表达
clacking,咔嗒声
doggie,狗
airlines,航空公司
dum,笨蛋
unicorn,独角兽
jackets,夹克
goofy,傻瓜
marcy,玛西
businessmen,商人
bums,流浪汉
folded,折叠
defender,防守队员
alarmed,惊慌
goody,好东西
noose,套索
chic,时尚
forgiving,宽恕
thatcher,撒切尔
index,指数
blush,脸红
fertile,沃
amateurs,业余爱好者
deliveries,送货
armour,盔甲
werner,维尔纳
shits,屎
twinkle,闪烁
parted,分手了
syndicate,辛迪加
alexandra,亚历山德拉
righty,右倾
regions,地区
technician,技术员
waffles,华夫饼
skirts,裙子
baroness,男爵夫人
castro,卡斯特罗
malfunction,故障
memorable,难忘
middle-aged,中年
thea,西娅
calories,卡路里
cuisine,美食
motorbike,摩托车
snoop,史努比
acknowledged,已确认
spelled,拼写
evolve,发展
cox,考克斯
sedative,镇静剂
array,大批
tenderness,压痛
klingon,克林贡人
garland,花环
smuggled,走私
nicola,尼古拉
raju,拉朱
reversed,反转
royce,罗伊斯
beforehand,预先
continuous,连续的
yoko,洋子
cecil,塞西尔
seniors,老年人
mri,核磁共振成像
synthetic,合成的
forgave,原谅了
discoveries,发现
kimmy,金米
agitated,激动
attendance,出席
maple,枫
pools,游泳池
wanker,傻逼
casa,卡萨
firearms,枪支
offenders,罪犯
obligations,义务
moan,呻吟
signor,签名者
graffiti,涂鸦
supplied,提供的
linen,亚麻布
defect,缺点
patriotic,爱国
ethical,伦理道德
pest,害虫
lengths,长度
vin,葡萄酒
minnie,米妮
spectrum,光谱
distinction,区别
decorate,装饰
bounds,界限
hums,嗡嗡声
mandarin,普通话
reluctant,不情愿的
rand,兰德
retain,保持
justine,贾斯汀
educate,教育
minnesota,明尼苏达州
mp,议员
cruiser,巡洋舰
permits,许可证
screwdriver,螺丝刀
exploration,勘探
mace,锤
newborn,新生
shivering,瑟瑟发抖
slime,粘液
oddly,奇怪
badger,獾
bruised,瘀伤
luigi,路易吉
attaboy,好样的
eyeballs,眼球
institutions,机构
panama,巴拿马
boundary,边界
hypothesis,假设
drought,干旱
rembrandt,伦勃朗
absorbed,吸收
clinking,叮当声
executioner,刽子手
darts,飞镖
catalina,卡塔利娜
lured,诱饵
lingerie,内衣
gon,贡
flaws,缺陷
thinner,更薄
lucien,卢西恩
tug,拖船
cornered,被逼到绝境
bertie,伯蒂
uptown,上城区
clash,冲突
aerial,天线
hansen,汉森
relentless,狠
viable,可行的
raul,劳尔
wen,温
scholars,学者们
marley,马利
limitations,限制
shelves,货架
funerals,葬礼
criticize,批评
jacqueline,杰奎琳
forrest,森林
shaun,肖恩
continental,大陆
bookstore,书店
balanced,均衡
workplace,工作场所
theta,θ
ramsey,拉姆齐
dixie,迪克西
bankers,银行家
dumbass,蠢货
superstitious,迷信的
clause,条款
fudge,做傻事
bennet,班纳特
assignments,任务
councilman,市议员
slogan,口号
trinity,三位一体
quadrant,象限
boarded,登机
ivory,象牙
velocity,速度
composer,作曲家
mccarthy,麦卡锡
initiated,启动
covert,隐蔽
builder,建筑商
insignificant,微不足道
dire,可怕的
gears,齿轮
comply,遵守
credentials,证书
organizations,组织
applaud,鼓掌
trend,趋势
providence,普罗维登斯
sparkle,火花
chump,嚼
derrick,钻井架
donations,捐款
flooding,洪水
maintained,维持
snowing,下雪了
shaolin,少林
ladyship,夫人
artifacts,文物
allegedly,据称
howl,嗥
deploy,部署
showtime,开演时间
thornton,桑顿
deposition,沉积
fractures,骨折
handshake,握手
neglect,忽视
adapted,改编
patrols,巡逻
bess,贝丝
cyber,网络
hetty,赫蒂
protocols,协议
overdue,逾期
slayer,杀手
headphones,耳机
identities,身份
appoint,委
rotation,旋转
solely,仅
tasha,塔莎
aging,老化
pitching,投球
examining,检查
viewing,观看
memorize,记住
freshen,清新
mango,芒果
valued,有价值的
sonar,声呐
crichton,克莱顿
decay,衰变
eu,欧盟
nightfall,黄昏
olives,橄榄
miniature,微型
omen,预兆
kristin,克里斯汀
bai,白
chum,密友
posse,民兵
mutiny,兵变
toaster,烤面包机
span,跨度
jumbo,巨型
blames,责备
mystical,神秘
researchers,研究人员
exposing,暴露
dung,粪
welsh,威尔士语
frat,兄弟会
waterfall,瀑布
lifts,电梯
disgusted,厌恶
yikes,哎呀
windshield,挡风玻璃
akira,阿基拉
maintaining,保持
receives,接收
plantation,种植园
antenna,天线
bodyguards,保镖
havana,哈瓦那
anya,安雅
edit,编辑
superficial,浅
allergies,过敏
invites,邀请
comparing,比较
dirk,短剑
cartoons,卡通
mexicans,墨西哥人
timber,木材
supervision,监督
siberia,西伯利亚
winding,绕线
rust,锈
intensity,强度
hiccup,打嗝
francois,弗朗索瓦
johan,约翰
jogging,慢跑
confrontation,对抗
flyers,传单
trustworthy,值得信赖的
jarvis,贾维斯
coaster,杯垫
paragraph,段落
mosquitoes,蚊子
adios,再见
lovin,爱
unexpectedly,不料
russo,俄罗斯
amuse,娱乐
splashing,溅起水花
soviets,苏联人
lorry,货车
dominate,支配
bundy,邦迪
howie,豪伊
jp,日本
unreal,虚幻
screens,屏幕
mouthing,嘴巴
failures,失败
commanded,命令
recon,侦察
representation,表示
bending,弯曲
gallant,英勇
satisfying,令人满意
cheater,骗子
pornography,色情
urn,瓮
assign,分配
uncles,叔叔们
vine,藤
auspicious,吉祥
tripping,绊倒
seafood,海鲜
mellow,醇厚
announcing,宣布
resumes,简历
hawaiian,夏威夷
ac,ac
centers,中心
adultery,通奸
scatter,分散
lotion,洗剂
opposing,反对
dominated,占主导地位
unpack,解包
violate,违反
transmit,发送
testicles,睾丸
zhao,赵
ames,艾姆斯
kayla,凯拉
hungary,匈牙利
albums,专辑
wellbeing,福利
porridge,稀饭
gavel,法槌
prem,高级
rattles,嘎嘎作响
eliot,艾略特
titties,乳房
strengthen,加强
sensitivity,敏感性
fitzgerald,菲茨杰拉德
tamara,塔玛拉
removal,移动
sacks,麻袋
downloaded,下载
morocco,摩洛哥
sniffling,抽泣
crowns,皇冠
saddam,萨达姆
nerds,书呆子
accepts,接受
hive,蜂巢
radha,拉达
outdoor,户外的
raquel,拉奎尔
dew,露
ing,ing
mt,公吨
currents,电流
explanations,解释
soaking,浸泡
tanaka,田中
vitals,命脉
navigation,导航
joins,加入
intrigued,好奇
harp,竖琴
margin,利润
everett,埃弗雷特
anthem,国歌
aa,aa
kylie,凯莉
distracting,分散注意力
fertility,生育力
amazingly,令人惊讶的是
horrific,可怕的
indictment,起诉书
superstition,迷信
ultrasound,超声波
shifted,转移
sincerity,诚意
hamburg,汉堡
davy,戴维
trashed,垃圾
casper,卡斯珀
dumplings,饺子
digest,消化
whacked,猛击
jacks,杰克
casualty,伤亡
bethany,贝瑟尼
thump,扑通
proportion,部分
quantity,数量
janine,珍妮
deceiving,欺骗
weave,编织
hikaru,光
sdh,sdh
corrupted,腐败的
gallows,绞刑架
budge,预算
fraction,分数
afar,远方
hiroshi,弘
leela,莉拉
measurements,测量
landlady,房东
certified,认证
dusk,黄昏
luisa,路易莎
insisting,坚持
hilton,希尔顿
indoors,室内
hawkeye,鹰眼
saliva,唾液
homey,温馨
whispered,低声说道
maura,莫拉
cyanide,氰化物
marched,行军
accounted,已记录
diver,潜水员
eligible,有资格的
robbins,罗宾斯
messes,混乱
abandoning,放弃
blossoms,花朵
wiggle,扭动
awaken,觉醒
cid,cid
stained,染色
ballard,巴拉德
elevated,升高
ryo,两
transparent,透明的
unclear,不清楚
strokes,笔画
aria,咏叹调
hwa,华
solidarity,团结
sidekick,助手
starter,起动机
regarded,认为
corinne,科琳
vulcan,火神
bradford,布拉德福德
godzilla,哥斯拉
belgian,比利时人
seemingly,似乎
cling,黏着
components,成分
vibrates,振动
missouri,密苏里州
constance,恒常
batting,击球
chanel,香奈儿
sap,树液
marbles,弹珠
shifting,转变
wiping,擦拭
refill,补充装
famine,饥荒
sneeze,喷嚏
puzzles,谜题
provisions,条款
shite,屎
walkin,步行
syringe,注射器
platinum,铂
preferably,最好
oyster,牡蛎
exhaust,排气
electromagnetic,电磁
consumer,消费者
lasagna,千层面
barnaby,巴纳比
catastrophic,灾难性的
winchester,温彻斯特
evacuated,疏散
serge,哔叽
relic,遗迹
describes,描述
merger,合并
muck,泥浆
buds,花蕾
socially,社会
enlisted,入伍
deposits,存款
philippines,菲律宾
archbishop,大主教
smuggle,走私
climax,高潮
progressive,进步
wheezing,喘息
singles,单打
pillar,支柱
fearful,可怕
spade,铲
saucer,碟子
ratio,比率
craving,渴望
addicts,瘾君子
clifford,克利福德
orson,奥森
nashville,纳什维尔
beauties,美女
obscure,朦胧
signora,女士
troublesome,麻烦的
rubble,瓦砾
largely,很大程度上
fong,方
irina,伊琳娜
ahn,安
admiration,钦佩
lizzy,莉齐
flap,瓣膜
brutality,残酷
mariana,玛丽安娜
prevail,占上风
tattooed,纹身
brats,小鬼们
anguish,痛苦
whim,一时兴起
nada,nada
leaks,泄漏
cum,精液
cupid,丘比特
hana,哈娜
colonial,殖民
frau,弗劳
speeds,速度
perpetrator,犯罪者
watermelon,西瓜
emptied,清空
sponsored,赞助
rooftop,屋顶
athena,雅典娜
managers,经理
extraction,萃取
stat,统计数据
rhino,犀牛
diarrhea,腹泻
disregard,漠视
warmed,温暖
goggles,风镜
colombia,哥伦比亚
struggles,斗争
fitness,健康
scalp,头皮
veterans,退伍军人
suitcases,行李箱
watchman,守望者
caress,抚摸
devlin,德夫林
exclusively,只
disciple,弟子
misty,蒙蒙
aura,灵气
helm,舵
crockett,克罗克特
inhale,吸入
buckets,水桶
adored,受人喜爱
shillings,先令
kari,卡里
tents,帐篷
revoir,再见
hedge,对冲
snorting,吸鼻
viper,毒蛇
digger,挖掘机
breaker,断路器
meatballs,肉丸
suppress,压制
witty,机智
wonderfully,太棒了
shogun,幕府将军
encouragement,鼓励
intercepted,截获
goddamned,该死的
posting,发帖
cleanse,洁净
competitor,竞争者
abbot,方丈
trenches,战壕
sizzling,炙热
lyon,里昂
mustang,野马
kg,公斤
rested,休息
reflected,反映
standup,起来
habitat,栖息地
molecular,分子
obnoxious,令人讨厌的
wraith,幽灵
sarcasm,讽刺
tung,桐木
renowned,著名
tofu,豆腐
wildly,疯狂地
blondie,金发女郎
refund,退款
goon,呆子
pulp,纸浆
exaggerated,夸张的
embedded,嵌入式
chateau,城堡
harlan,哈兰
provoked,挑衅
antony,安东尼
guido,圭多
nile,尼罗河
alfie,阿尔菲
cages,笼子
skates,冰鞋
resemble,类似
sticker,贴纸
lennox,伦诺克斯
unstoppable,势不可挡
veal,小牛肉
fe,费
isle,小岛
characteristics,特征
earthquakes,地震
coldblooded,冷血动物
ambushed,遭到伏击
zap,扎普
reaper,死神
deployed,已部署
biblical,圣经
puck,冰球
mystic,神秘
aya,aya
gaby,加比
intends,意图
muffins,松饼
speedy,迅速
republicans,共和党人
bolts,螺栓
enrique,恩里克
hoax,骗局
raided,突袭
intersection,路口
presently,目前
supplier,供应商
shuffle,洗牌
edited,编辑
rubbed,摩擦
vegan,纯素食
outdoors,户外
distinctive,独特的
upcoming,即将到来的
brighton,布莱顿
wagons,马车
granger,格兰杰
peeing,撒尿
oracle,神谕
glitter,闪光
amulet,护身符
suspend,暂停
guild,公会
convertible,敞篷车
squared,平方
battling,战斗
steward,管家
weston,韦斯顿
gateway,网关
rites,仪式
distributed,分布式
pavement,路面
projector,投影仪
rugby,橄榄球
jt,杰特
fragment,分段
baldwin,鲍德温
obscene,猥亵
zebra,斑马
raping,强奸
analyst,分析师
eta,η
elbows,肘部
detonator,雷管
disneyland,迪士尼乐园
rails,铁轨
earthly,尘世的
modesty,谦逊
assess,评估
vinci,文西
librarian,图书管理员
moran,莫兰
suffice,足够了
gravitational,引力
crowley,克劳利
slumber,睡眠
homie,兄弟
bribes,贿赂
aces,王牌
sodium,钠
hubert,休伯特
trajectory,弹道
credible,可信的
declined,拒绝
canary,金丝雀
eyesight,视力
jug,水壶
duplicate,复制
developments,发展
capitalism,资本主义
polished,抛光
defenses,防御
xi,十一
crates,板条箱
fences,栅栏
differ,不同
hodgins,霍金斯
enzo,恩佐
chaotic,混乱
gardening,园艺
gram,克
tinker,修补匠
forecast,预报
ti,ti
pinched,捏
tangled,纠缠不清
macy,梅西百货
plunge,暴跌
bulletproof,防弹
module,模块
firewood,柴
pizzas,披萨
overly,过于
retail,零售
novak,诺瓦克
grover,格罗弗
arturo,阿图罗
appalling,令人震惊
rows,行
felicia,费利西亚
concentrating,集中
transferring,转移
mash,捣碎
growl,咆哮
sliced,切片
rewards,奖励
braces,牙套
livestock,家畜
users,用户
recruiting,招聘
gunman,枪手
dictate,听写
bathrooms,浴室
nobles,贵族
picky,挑剔的
linus,林纳斯
platter,拼盘
vultures,秃鹫
organism,生物
sweeter,更甜
scarecrow,稻草人
manufacturing,制造业
pup,小狗
mitzvah,诫命
crackles,噼啪声
proudly,自豪地
interpreter,翻译
leigh,利
genetically,基因
frying,煎炸
redeem,赎回
cara,卡拉
ledge,壁架
qing,青
tyranny,暴政
charleston,查尔斯顿
cutest,最可爱
skins,皮肤
rosy,红润
nomination,提名
textbook,教科书
descendants,后代
sabine,萨宾
saunders,桑德斯
hast,哈斯特
dubois,杜波依斯
finland,芬兰
loretta,洛雷塔
unsolved,未解之谜
pioneer,先锋
ramirez,拉米雷斯
suzie,苏西
hugged,拥抱
angelica,当归
cesare,剖腹产
throttle,风门
powered,动力
carving,雕刻
thrive,蓬勃发展
allergy,过敏
icu,重症监护室
suzy,苏西
pong,乒乓
squares,正方形
alphabet,字母
threesome,三人行
accordingly,因此
sect,教派
maternity,产科
scarce,稀少
internship,实习
morty,莫蒂
tones,音调
sirs,先生们
unwell,不适
nellie,内莉
import,进口
temporal,颞
mohammed,穆罕默德
anticipate,预料
democrats,民主党人
pfft,噗
terminated,终止
spree,狂欢
ami,ami
interviewer,面试官
respectfully,尊敬
futile,徒劳
dictator,独裁者
stuffy,闷
wai,哇
mammals,哺乳动物
fasten,系
neptune,海王星
giggle,傻笑
grandchild,孙子
pharmaceutical,药物
persian,波斯语
tactic,战术
itching,瘙痒
observer,观察员
tesla,特斯拉
wallpaper,墙纸
thorne,索恩
jiang,江
austrian,奥地利
output,输出
goliath,歌利亚
trophies,奖杯
joyful,快乐
spouse,配偶
giorgio,乔治
rightly,没错
hobbies,爱好
vito,维托
naming,命名
yates,耶茨
stale,陈旧
teamwork,团队合作
obedient,听话
switches,开关
rating,等级
regulation,规定
raving,狂言
dioxide,二氧化硫
boner,勃起
bc,公元前
implant,注入
mari,玛丽
satisfactory,令人满意的
espresso,浓缩咖啡
bach,巴赫
sleeper,轨枕
construct,构造
rations,口粮
munch,咀嚼
anjali,安佳丽
coordinate,协调
stag,麈
dominique,多米尼克
backseat,后座
chrissy,克莉茜
analyzed,分析
reschedule,重新安排
uphold,坚持
sorority,姐妹会
bono,波诺
princeton,普林斯顿
inconvenient,不方便
crumbs,面包屑
reconstruction,重建
pipeline,管道
reunited,重聚
confidentiality,保密性
embraced,拥抱
overruled,否决
enlightenment,启示
puddle,水坑
mortals,凡人
comfortably,舒适地
vlad,弗拉德
misha,米沙
ukraine,乌克兰
swam,游泳
annette,安妮特
demonic,恶魔般的
sora,索拉
demise,死亡
donatello,多纳泰罗
fungus,菌
barefoot,赤脚
tacos,墨西哥卷饼
skeletons,骨架
beak,喙
fanfare,号角
maryland,马里兰州
felipe,费利佩
picard,皮卡德
mascot,吉祥物
drastic,剧烈
proceeding,进行中
presidents,总统们
intrude,侵入
stiles,栅栏
sums,总和
deprived,被剥夺的
advertisement,广告
farting,放屁
straightened,拉直
foremost,首先
adjustment,调整
charade,装腔作势
blanks,空白
stig,斯蒂格
puncture,穿刺
spank,打屁股
utah,犹他州
booing,嘘声
abs,腹肌
minimal,最低限度
gals,女孩们
flashes,闪光灯
andrei,安德烈
requirements,要求
greenhouse,温室
marx,马克思
vermont,佛蒙特
comprehend,理解
canoe,独木舟
baton,指挥棒
arsehole,屁眼
graduating,毕业
partially,部分
sensing,传感
kinky,淫
titans,泰坦
microscope,显微镜
intimidating,令人畏惧的
ren,仁
babu,巴布
territories,领土
vaguely,依稀
geese,鹅
hardship,困境
karin,卡琳
exceptions,例外情况
jing,京
gramps,爷爷
doubles,双打
knitting,针织
slowed,减速
administrator,行政人员
blacksmith,铁匠
ctu,芝加哥技术大学
tolling,收费
correspondence,一致
fashionable,时髦
overlooked,被忽视的
siobhan,希沃恩
matron,护士长
arcade,拱廊
gestures,手势
lonnie,朗尼
quits,退出
outnumbered,寡不敌众
lockhart,洛克哈特
verbal,口头
mc,麦克
terminate,终止
hosts,主持人
rye,黑麦
chirps,啁啾声
presidency,总统职位
roberta,罗伯塔
devote,奉献
dumps,倾倒
hallo,你好
improvise,凑合
monique,莫妮克
pooh,呸
starship,星舰
spades,黑桃
fumes,烟雾
cawing,嘎嘎叫
aluminum,铝
squeak,吱
drafted,起草
ssh,SSH
everest,珠穆朗玛峰
michaels,迈克尔斯
commonwealth,联邦
candace,坎迪斯
cappuccino,卡布奇诺
cucumber,黄瓜
inventor,发明者
folder,文件夹
slamming,猛击
favours,恩惠
peppers,辣椒
appeals,上诉
walton,沃尔顿
reasoning,推理
adequate,足够的
snickers,士力架
glued,胶合
ifs,如果
nets,网
hangar,机库
godmother,教母
empty-handed,两手空空
forum,论坛
joys,喜悦
foolishness,愚蠢
sybil,西比尔
crest,波峰
playful,顽皮的
peers,同龄人
horrors,恐怖
grownups,大人
bleach,漂白
disastrous,灾难性的
lineup,阵容
glamour,魅力
coronation,加冕礼
halo,光环
highlight,强调
ziva,齐瓦
ponies,小马
errors,错误
viv,viv
alvarez,阿尔瓦雷斯
pluto,冥王星
weights,重量
arabia,阿拉伯
imperative,至关重要的
trader,商
galileo,伽利略
tainted,受污染的
drugstore,药店
lenses,镜头
obstruction,梗阻
segment,部分
envious,羡慕
gertrude,格特鲁德
twisting,扭曲
nikolai,尼古拉
insured,投保人
overlook,俯瞰
icon,图标
rollin,滚动
commentator,评论员
pitt,皮特
camilla,卡米拉
cerebral,大脑
qin,秦
zelda,塞尔达传说
spoiling,破坏
tsar,沙皇
frames,框架
cushion,软垫
divers,潜水员
hallowed,神圣的
chute,滑槽
cavity,空腔
reds,红色
volcanoes,火山
angelina,安吉丽娜
sahib,萨希布
strung,串
watts,瓦特
monopoly,垄断
bros,兄弟
immigrant,移民
back-up,备份
apache,Apache
caffeine,咖啡因
squeezing,挤压
postponed,推迟
encounters,遭遇
stuttering,口吃
rut,发情
calmed,平静下来
opener,开场
baek,白
impotent,阳痿
tabs,标签页
franchise,特许经营
entity,实体
slimy,黏糊糊的
hygiene,卫生
andi,安迪
containment,遏制
knickers,短裤
jumpy,跳跃的
pistols,手枪
irregular,不规律的
lowly,卑微的
controller,控制器
rung,梯子
hades,冥界
anarchy,无政府状态
wisely,明智地
blackmailed,勒索
dudley,达德利
dramatically,戏剧性地
researching,研究
borg,博格
touchy,敏感
fay,仙女
seventy,七十
bullies,欺凌者
stealth,隐身
divisions,部门
yearbook,年鉴
abdul,阿卜杜勒
poll,轮询
blinds,百叶窗
sneezes,打喷嚏
bigfoot,大脚怪
ninety,九十
dharma,法
cramp,抽筋
cockpit,座舱
truthful,真实
lilith,莉莉丝
ghastly,阴森
edwin,埃德温
whines,抱怨
corrections,更正
missionary,传教士
infinity,无穷大
cola,可乐
penance,忏悔
moist,潮湿
sham,假
investor,投资者
founding,创立
caldwell,卡德威尔
orientation,方向
captains,队长
flop,失败
columbo,科伦坡
jamming,干扰
yoo-hoo,哟吼
crossroads,十字路口
infrared,红外线的
pleading,恳求
sven,斯文
carroll,卡罗尔
flushed,酡
magda,玛格达
gaming,赌博
gurgling,淙淙
vinny,文尼
prairie,草原
component,成分
saudi,沙特阿拉伯
slapping,拍打
gases,气体
aching,疼痛
lau,劳
abusive,虐待
vermin,害虫
bracelets,手镯
tyre,胎
rift,裂痕
wiring,接线
gauge,测量
robby,罗比
lifelong,终身
abstract,抽象的
pilgrimage,朝圣
theoretically,理论上
mythology,神话
johnnie,约翰尼
photographers,摄影师
wilma,威尔玛
render,使成为
rocked,摇滚
iq,智商
licked,舔过
android,安卓
rhythmic,节奏
pianist,钢琴家
clover,三叶草
unwanted,不需要
salvador,萨尔瓦多
troupe,剧团
feat,特技
primarily,主要
preposterous,荒谬
drying,烘干
unseen,看不见
raoul,拉乌尔
vulture,秃鹫
constantine,康斯坦丁
outlet,出路
git,git
pictured,如图所示
functional,功能性
nitrogen,氮
cc,cc
lest,免得
right-hand,右手
speechless,无言
delusions,妄想
peeping,偷窥
follow-up,后续
refrain,避免
jerking,抽搐
engaging,引人入胜
accountable,问责制
piles,堆
ch,ch
intro,引言
rescuing,救援
orgy,狂欢
zane,赞恩
jaguar,美洲豹
prue,普鲁
concerts,音乐会
schemes,方案
abusing,滥用
fatigue,疲劳
taj,泰姬陵
charitable,慈善
lili,莉莉
attracts,吸引
stirred,搅拌
invaders,入侵者
wench,妖妇
kittens,小猫
riggs,里格斯
gras,草地
heartbroken,肠断
suffocating,令人窒息的
youse,有色
underage,未成年人
amar,阿玛尔
bugged,有漏洞
dimitri,迪米特里
klinger,克林格
metropolitan,大都会
unions,工会
worf,沃夫
cds,光盘
hamster,仓鼠
omelet,煎蛋卷
humility,谦逊
grad,毕业生
obedience,服从
grub,幼虫
victorian,维多利亚时代
lassie,恋人
posed,摆拍
conway,康威
resentment,怨恨
didi,迪迪
locke,洛克
dat,数据
booming,蓬勃发展
aunts,姑姑们
shay,谢伊
brigadier,准将
intrusion,入侵
hedgehog,刺猬
recipes,食谱
tacky,俗气
hk,香港
saviour,救主
physicist,物理学家
yonder,远处
admiring,钦佩
anyplace,任何地方
forfeit,丧失
lullaby,催眠曲
oasis,绿洲
unleash,发挥
avengers,复仇者联盟
indifferent,冷漠
boxers,拳击手
truthfully,说实话
organise,组织
actresses,女演员
grin,咧嘴笑
arranging,安排
voila,瞧！
hydra,九头蛇
shutters,百叶窗
pearson,培生
genesis,创世纪
daria,达莉娅
energetic,精力充沛
postal,邮政
henrik,亨里克
aloud,大声
archive,档案
nauseous,恶心
funniest,最搞笑
muse,沉思
ernst,恩斯特
constitutional,宪法
recital,独奏会
covenant,盟约
cloudy,多云
prestige,声望
olivier,奥利维尔
pencils,铅笔
gunnar,贡纳尔
helper,帮手
decks,甲板
astray,误入歧途
leland,利兰
ip,IP
casing,套管
cooing,咕咕
sterile,无菌
bagel,百吉饼
releases,发布
recognizes,认可
intimidate,威吓
forgery,伪造
kenya,肯尼亚
bred,繁殖
dunn,邓恩
vector,向量
huck,哈克
nausea,恶心
sakura,樱花
detonate,起爆
lenin,列宁
inhuman,不人道
horsepower,马力
violating,违反
pascal,帕斯卡
informer,告密者
hooting,倒彩
plugged,已插电
oriental,东方
pretends,假装
tram,电车
reyes,雷耶斯
spoils,战利品
chaplain,牧师
farce,闹剧
parasites,寄生虫
whipping,鞭打
cruising,巡航
violently,暴力
tile,瓦
ashtray,烟灰缸
und,和
neighing,嘶鸣
zones,区域
donut,油炸圈饼
spoilt,被宠坏了
nobility,贵族
decoration,装饰
sharpe,夏普
scoot,溜走
kelso,凯尔索
abdominal,腹部
updated,更新
blueprints,蓝图
dealings,交易
pitched,投球
resource,资源
coalition,联盟
hoss,霍斯
professors,教授们
espionage,间谍
dishwasher,洗碗机
minded,有思想
cheyenne,夏延
resulted,结果
brewster,布鲁斯特
wrestler,摔跤手
cons,缺点
protesting,抗议
barbarians,野蛮人
loony,疯子
kangaroo,袋鼠
rite,仪式
dialect,方言
counsellor,顾问
tsunami,海啸
locket,吊坠
sorcerer,巫师
pilgrims,朝圣者
incorrect,错误
parameters,参数
risotto,意大利烩饭
unreliable,不可靠的
geniuses,天才
agricultural,农业
willard,威拉德
marital,婚姻
wilkes,威尔克斯
scramble,争夺
hera,赫拉
swears,发誓
starvation,饥饿
summons,传票
aquarium,水族馆
flavors,口味
sanity,理智
roxanne,罗克珊
caste,种姓
wedge,楔
bedside,床头
experimenting,实验
truths,真相
tribunal,法庭
emerson,爱默生
darlene,达琳
automated,自动化
treachery,背信弃义
explorer,探险家
greens,青菜
dunk,扣篮
amused,觉得好笑
fishes,鱼
kappa,卡帕
oleg,奥列格
goblin,哥布林
appreciates,感谢
lark,云雀
commissioned,委托
reassuring,令人安心
disclose,透露
seaside,海滨
politely,礼貌地
preoccupied,心事重重
incense,香
folly,蠢事
pear,梨
vikings,维京人
irs,美国国税局
lavender,薰衣草
graceful,优美
stretcher,担架
grande,格兰德
simulation,模拟
lasers,激光器
groovy,酷炫
discussions,讨论
basin,盆地
sacrificing,牺牲
luncheon,午餐
disobey,违
snot,鼻涕
mil,米尔
sinful,罪恶的
yearning,渴望
gruesome,令人毛骨悚然
aide,助手
shen,神
haha,哈哈
masculine,男性
mortimer,莫蒂默
extras,额外
hopper,料斗
guides,指南
banjo,班卓琴
dina,迪娜
camelot,卡米洛特
blazing,炽烈
dos,做
crowned,加冕
gonzalo,冈萨洛
painkillers,止痛药
rave,锐舞
foley,弗利
silvia,西尔维娅
sylvie,西尔维
cover-up,掩饰
cassette,磁带
sorting,排序
misplaced,放错地方了
sprung,弹簧
practising,练习
prehistoric,史前
howls,嚎叫
enterprises,企业
designing,设计
suspense,悬念
patti,帕蒂
japs,日本人
renounce,放弃
paints,油漆
relying,依靠
rendered,渲染
herald,先驱
randomly,随机
stylish,时髦的
spleen,脾
mugged,抢劫
investing,投资
protestant,新教
circumstantial,间接的
smear,涂抹
pantry,食品储藏室
guiding,指导
flavour,味道
hollis,霍利斯
cursing,咒骂
erection,勃起
gravel,碎石
artifact,人工制品
raccoon,狸
classics,经典
enlighten,开导
enhance,提高
delivers,交付
spinach,菠菜
binding,结合
goldman,高盛
invalid,无效的
touring,巡演
johns,约翰
fashioned,造型
gilmore,吉尔摩
spilling,溢出
ledger,账簿
quieter,更安静
meadows,草地
majestic,雄伟
frequencies,频率
zhou,周
historian,历史学家
containers,容器
marisa,玛丽莎
diplomat,外交官
wrinkles,皱纹
aryan,雅利安人
subtitling,字幕
para,帕拉
nationals,国民
natalia,娜塔莉亚
rudolph,鲁道夫
palestine,巴勒斯坦
insulin,胰岛素
torpedoes,鱼雷
pagan,异教徒
swimmer,游泳运动员
disgraced,蒙羞的
bygones,往事
intellect,智力
accommodate,容纳
posture,姿势
adjusting,调整
giraffe,长颈鹿
peer,同伴
petersburg,圣彼得堡
religions,宗教
hammering,锤击
audiences,观众
ruben,鲁本
gigs,演出
damaging,损害
colossal,庞大
renew,更新
iceberg,冰山
vigilante,义务警员
emile,埃米尔
dougie,道吉
biggie,大人物
pietro,皮耶特罗
chewed,咀嚼
cellular,细胞
indecent,不雅
dangerously,危险地
duane,杜安
bribed,受贿
rascals,无赖
chai,柴
ramona,拉莫娜
grammar,语法
thrash,鞭挞
hutch,笼
runners,跑步者
pager,寻呼机
stumble,绊倒
dispatcher,调度员
thankyou,谢谢
stump,树桩
wraps,卷饼
gator,鳄鱼
teammates,队友
skye,斯凯
weakest,最弱
disconnect,断开
melts,融化
morally,道德上
feud,世仇
apiece,一块
theatrical,戏剧
distinguish,区分
cooperating,合作
passions,激情
strive,努力
flourish,繁荣
reeves,里夫斯
unnecessarily,不必要的
janie,珍妮
perceive,感知
upstate,纽约州北部
accuracy,准确性
cosmo,宇宙
bitterness,苦味
fundraiser,筹款活动
reflects,反映
insolent,傲慢的
strauss,施特劳斯
circular,圆
generated,生成的
rumble,隆隆
pilgrim,朝圣
squirrels,松鼠
purge,清除
xander,赞德
mingle,交融
manufacture,生产
firemen,消防员
casually,随意地
handler,处理程序
hobbs,霍布斯
slain,被杀
phd,博士
multiply,乘
confinement,监禁
patches,补丁
divert,转移
alfonso,阿方索
protests,抗议活动
versions,版本
ambrose,安布罗斯
adriana,阿德里亚娜
ia,ia
mit,密特
youthful,青春
numbered,编号
mustafa,穆斯塔法
herbal,草药
kathryn,凯瑟琳
gunther,冈瑟
lawful,合法的
stacked,堆叠
damian,达米安
reasonably,合理
suzuki,铃木
myra,米拉
logged,已登录
prospects,前景
mainstream,主流
sykes,赛克斯
alimony,赡养费
stating,声明
budapest,布达佩斯
nelly,内莉
awakened,觉醒
curses,诅咒
ore,矿石
slices,切片
curl,卷曲
uprising,起义
cabaret,歌舞表演
manufacturer,制造商
ration,配给
boulder,巨石
manpower,人手
badges,徽章
mush,糊状物
recycling,回收利用
disarm,解除武装
elusive,难以捉摸的
snarls,咆哮
chiu,邱
flawless,完美无瑕
considers,考虑
harmful,有害
horseback,马背
owens,欧文斯
admits,承认
morales,莫拉莱斯
helene,海伦
thankfully,谢天谢地
recreate,重现
travelers,旅行者
navigate,导航
pun,双关语
ethnic,种族的
voiceover,旁白
kono,科诺
esteemed,尊敬的
exterior,外部的
duffy,达菲
triad,三元组
licensed,获得许可的
gems,宝石
moira,莫伊拉
mutants,突变体
testifying,作证
dissolve,溶解
iraqi,伊拉克人
robes,长袍
wildest,最狂野的
portfolio,文件夹
tossing,抛掷
pussycat,猫
booby,鲣鱼
nbc,NBC
simms,西姆斯
knack,诀窍
lodged,已提交
cpr,心肺复苏
lei,雷
racism,种族主义
nato,北约
mayo,蛋黄酱
gillian,吉莉安
stingy,小气
kaiser,凯撒
shooters,射击者
napkins,餐巾纸
continents,各大洲
registry,注册表
fags,同性恋
shah,沙阿
blinking,眨眼
duo,二人组
gymnastics,体操
jag,捷豹
bernadette,伯纳黛特
valiant,英勇
exploited,被利用
attachment,依恋
trans,翻译
intruders,入侵者
owning,拥有
mega,兆
crispy,酥脆
administrative,行政
hawks,老鹰
crave,渴望
qu,qu
reviewed,已审核
persuasive,有说服力的
turmoil,动荡
promoting,推广
shoving,推搡
bette,更好
unworthy,不配
elevators,电梯
fulfilling,满足
ronny,罗尼
rooting,根
irma,艾尔玛
mcqueen,麦昆
stoop,哈腰
ee,ee
greer,格里尔
panicking,惊慌失措
panels,面板
demonstrated,已证明
myths,神话
mattie,马蒂
volleyball,排球
cheats,作弊
chord,弦
berkeley,伯克利
oblige,必须
radiant,辐射状
anticipation,预期
fibers,纤维
daleks,达莱克
aroused,被唤醒
paralysis,麻痹
ferocious,凶猛
heinous,令人发指的
roulette,轮盘赌
emergencies,紧急情况
olaf,奥拉夫
enjoyable,令人愉悦
torso,躯干
compassionate,富有同情心
softer,更柔和
delegation,代表团
fangs,獠牙
plaque,牌匾
alonso,阿隆索
moi,我
bowman,弓箭手
uterus,子宫
buggy,有缺陷的
kristina,克里斯蒂娜
denies,否认
tally,相符
neighs,嘶鸣
unusually,异常地
tibet,西藏
fez,费兹帽
charcoal,木炭
healer,治疗师
weirdest,最怪异的
eel,鳗鱼
recordings,录音
tamil,泰米尔语
naw,不
camouflage,伪装
seagulls,海鸥
hub,中心
shoulda,应该
mailman,邮递员
buckley,巴克利
furry,毛茸茸的
pronto,普朗托
sedan,轿车
kermit,科米蛙
amir,阿米尔
edible,食用
trifle,琐事
delusion,错觉
foundations,基础
calcutta,加尔各答
cubes,立方体
colon,冒号
crotch,裆
tariq,塔里克
costing,成本
resisted,抵抗
leila,莱拉
snail,蜗牛
ursula,乌苏拉
strippers,脱衣舞娘
vista,景色
sorta,有点儿
fiend,恶魔
ultra,极端主义者
restrain,抑制
pinkie,小指
voluntary,自愿
widely,广泛
uncommon,罕见
blackie,黑人
farrell,法雷尔
infiltrate,浸润
erika,艾丽卡
sophomore,大二学生
radios,收音机
ringo,林戈
medallion,奖章
eiffel,埃菲尔铁塔
yamato,大和
wilder,更狂野
dyke,堤防
bailiff,法警
peril,危险
plaintiff,原告
emilia,艾米莉亚
transmitted,传输
bonnet,引擎盖
assassinated,被暗杀
emptiness,空虚
helmets,头盔
normandy,诺曼底
cheetah,猎豹
clips,片段
thicker,较厚
whiz,呼啸
saga,传奇
bullock,犍
binoculars,双筒望远镜
accord,符合
diva,歌后
jeanette,珍妮特
birmingham,伯明翰
pick-up,捡起
sita,西塔
concierge,门房
clams,蛤蜊
questionable,可疑的
volunteering,志愿服务
lunches,午餐
spooked,受惊吓
pinpoint,查明
hereafter,此后
brook,溪
weakened,虚弱
verses,诗句
marshals,元帅
deposited,已存
cleans,清洁
ironically,讽刺的是
bodily,身体上的
distances,距离
hypnosis,催眠
secretive,神秘的
dominion,统治权
civic,公民
tori,托里
bursts,爆发
uncertainty,不确定
streams,溪流
vortex,涡流
tights,紧身裤
sponsors,赞助商
tickles,挠痒痒
cello,大提琴
herring,鲱鱼
ab,ab
disability,残疾
griffith,格里菲斯
orchid,兰花
hostility,敌意
conflicts,冲突
pans,平底锅
housekeeping,家政
panthers,黑豹
wonderland,仙境
ruiz,鲁伊斯
interrogated,审问
andromeda,仙女座
premium,优质的
broccoli,西兰花
garfield,加菲猫
mussolini,墨索里尼
pottery,陶器
shrapnel,弹片
planner,规划师
jacked,杰克
robyn,罗宾
rounded,圆润
giuseppe,朱塞佩
cactus,仙人掌
motherland,祖国
defendants,被告
wilt,枯萎
jia,佳
executives,高管
spoons,勺子
belinda,贝琳达
unbelievably,难以置信
fairness,公平
continuously,持续
spices,香料
organisms,生物
regretted,后悔
monarch,君主
narrative,叙述
roth,罗斯
catcher,捕手
dictatorship,专政
controversy,争议
manu,曼努
alejandro,亚历杭德罗
josef,约瑟夫
dignified,凝重
bonded,粘合
tilt,倾斜
beginnings,开端
peaks,高峰
tissues,组织
pretentious,装腔作势
dell,戴尔
jeopardize,危害
osborne,奥斯本
diversity,多样性
shabby,破旧
brownies,布朗尼蛋糕
overdo,过度
sharma,夏尔马
crunching,嘎吱作响
tel,电话
marnie,玛妮
separating,分离
horrid,可怕的
overrated,被高估了
harmon,和谐
rethink,重新思考
mastered,精通
eww,呃
reopen,重新开放
camels,骆驼
tux,燕尾服
denis,丹尼斯
depended,取决于
tak,tak
whine,抱怨
axis,轴
orchard,果园
cherries,樱桃
pleasing,令人愉悦
unforgivable,不可饶恕
craziest,最疯狂的
rods,杆
distressed,苦恼
bubbling,冒泡
interact,相互影响
manipulating,操纵
rewind,倒带
burgundy,勃艮第酒红
blacked,变黑
trillion,兆
onwards,开始
reservoir,水库
participation,参与
caucasian,高加索人
flushing,冲洗
serbian,塞尔维亚
manhood,男子气概
lao,老挝
matilda,玛蒂尔达
exhale,呼气
dinah,迪娜
in-laws,姻亲
caramel,焦糖
slander,诽谤
identifying,识别
drunkard,酒鬼
blooming,盛开
stocking,袜
one-on-one,一对一
rinse,冲洗
artwork,艺术品
catholics,天主教徒
stormy,暴风雨
refresh,刷新
elisa,伊丽莎
cor,科尔
floats,浮标
expanded,扩展
chilling,令人不寒而栗
congo,刚果
afghan,阿富汗
backside,背面
antarctica,南极洲
sandals,凉鞋
investigative,调查
wills,遗嘱
searches,搜索
yawns,打哈欠
collaboration,合作
untouched,未受触碰
psyched,兴奋
hussein,侯赛因
departments,部门
tuxedo,燕尾服
mak,制作
bummed,沮丧
heinrich,海因里希
finer,更精细
manure,肥料
compatible,兼容的
moor,泊
keg,桶
monsignor,阁下
peeled,去皮
dona,多娜
stings,刺痛
seeker,寻求者
watering,浇水
ids,ids
malaria,疟疾
aj,aj
walters,沃尔特斯
sinatra,辛纳屈
lending,贷款
dodgers,道奇队
fortnight,两星期
reassure,保证
braun,布劳恩
meddling,干预
overthrow,推翻
postmortem,尸检
achievements,成就
excellence,卓越
latch,闩锁
coppers,铜
raids,突袭
dickens,狄更斯
drifted,漂移
leeds,利兹
obsessive,痴迷的
upwards,向上
lynette,莱内特
oatmeal,麦片
midday,正午
implants,植入物
unmarried,未婚
murat,穆拉特
sewers,下水道
bowie,鲍伊
mercenary,雇佣兵
perks,福利
outrun,超越
copying,复制
upload,上传
freya,弗蕾雅
helga,赫尔加
shu,舒
bumping,碰撞
inland,内陆
yorkshire,约克郡
humbly,谦卑地
injections,注射
participating,参与
python,Python
laurent,洛朗
cockroaches,蟑螂
puberty,青春期
technologies,技术
crumble,崩溃
toots,嘟嘟
miki,米奇
roscoe,罗斯科
clot,凝块
exterminate,殄
rake,耙
cholesterol,胆固醇
deli,熟食店
augustus,奥古斯都
sublime,升华
bottled,瓶装
fung,真菌
charlene,夏琳
demolition,拆除
methane,甲烷
appendix,附录
aches,疼痛
ahoy,嘿！
distractions,分心
dashing,帅气
plank,板
medications,药物
chevy,雪佛兰
zurich,苏黎世
makers,制造商
invading,入侵
loner,独行侠
comm,通讯
grissom,格里索姆
miner,矿工
senile,衰老
commando,突击队员
mantle,地幔
manufactured,制造
broth,肉汤
interaction,相互作用
lsd,迷幻药
sesame,芝麻
auschwitz,奥斯维辛
restraint,克制
devour,吞食
zachary,扎卡里
sardines,沙丁鱼
orb,球体
govern,治理
respiratory,呼吸系统
elope,私奔
webber,韦伯
wreckage,残骸
lumber,木材
consists,由
operates,运作
needless,不必要
faulty,故障
alps,阿尔卑斯山
assassinate,暗杀
santo,圣托
edinburgh,爱丁堡
staggering,令人震惊
jillian,吉莉安
murmurs,低语
bologna,博洛尼亚
unleashed,释放
brushing,刷牙
surgeries,手术
coffees,咖啡
advancing,前进
celeste,塞莱斯特
trixie,特里西
commonly,通常
mentality,心理
cordelia,科迪莉亚
hammered,锤击
meltdown,崩溃
rayna,雷娜
mastermind,幕后策划者
luciano,卢西亚诺
olsen,奥尔森
brow,眉头
galactic,银河系
muriel,穆里尔
strand,链
tedious,乏味
burrito,墨西哥卷饼
builders,建筑商
encrypted,加密
threads,线程
wronged,冤枉
judd,贾德
gill,鳃
cremated,火化
collectors,收藏家
prosper,繁荣
sheppard,谢泼德
terri,特里
ferdinand,费迪南德
handicap,让分
disciplinary,纪律处分
hardcore,硬核
hens,母鸡
inventions,发明
export,出口
alain,阿兰
vowed,发誓
snappy,轻快
kingdoms,王国
vocabulary,词汇
cromwell,克伦威尔
tj,tj
reacting,反应
conceive,构想
sling,吊索
transporting,运输
murderous,杀人犯
marius,马里乌斯
checkmate,将死
patio,露台
rebound,反弹
baptized,受洗
hooves,蹄子
payday,发薪日
jodie,乔迪
pranks,恶作剧
seizures,癫痫发作
enable,使能够
seaweed,海藻
delirious,谵妄
cyborg,半机械人
telephoned,电话
bravely,勇敢地
huey,休伊
markings,标记
widows,寡妇
gianni,詹尼
hologram,全息图
fielding,守备
dibs,先到先得
triumphant,凯
washes,洗涤
wilbur,威尔伯
lexi,莱克西
hauling,运输
buckingham,白金汉
steadily,稳步
processes,流程
bey,贝
projection,投影
creed,信条
acquitted,无罪释放
mink,貂
meddle,插手
buts,但是
kwon,权
scoundrels,无赖
spectators,观众
blushing,脸红
closeup,特写
faye,费伊
frigging,该死的
torches,火炬
kato,加藤
barlow,巴洛
mix-up,混淆
horseman,骑手
prescott,普雷斯科特
vacations,假期
avalanche,雪崩
marking,标记
fret,烦恼
pacey,快节奏
glasgow,格拉斯哥
editorial,社论
fleas,跳蚤
eyeball,眼球
trails,小径
insides,内部
bonfire,篝火
micah,米卡
anu,阿努
urgency,紧迫性
bearer,持有人
provincial,省级
clueless,一无所知
chaplin,卓别林
mercer,默瑟
tempo,速度
conner,康纳
capitalist,资本家
bumpy,起疙瘩的
maternal,母体
harass,骚扰
stomp,跺脚
cheeseburger,芝士汉堡
chime,钟声
oppression,压迫
resembles,类似
festive,节日
mayhem,混乱
fleeting,转瞬即逝
zodiac,星座
geezer,老家伙
thorns,荆棘
gags,笑话
freelance,自由职业者
whatnot,什么
scots,苏格兰人
brutus,布鲁图斯
cylinder,圆柱
teri,特里
pouch,小袋
sato,佐藤
fossils,化石
twenty-four,24
marko,马尔科
crosby,克罗斯比
plausible,合情合理
disgraceful,可耻
dax,达克斯
brushed,刷过
dai,戴
holed,有孔的
encore,安可
ludwig,路德维希
impulses,冲动
heads-up,小心
takeoff,起飞
ceremonies,仪式
resulting,结果
refers,指
shatter,破碎
fascists,法西斯分子
entertained,娱乐
mckenzie,麦肯齐
rin,rin
lama,喇嘛
specialists,专家
phenomena,现象
preventing,预防
affectionate,亲热
precedent,先例
contributed,贡献
blindfold,眼罩
schmuck,傻瓜
raf,皇家空军
hatchet,斧头
bambi,小鹿斑比
statute,法令
offscreen,屏幕外
gao,高
carefree,畅快
pollen,花粉
endurance,耐力
dialed,拨号
virtues,美德
coping,应对
penitentiary,监狱
hallucinating,产生幻觉
combo,组合
bowel,肠
hypothetically,假设
jana,贾娜
mayonnaise,蛋黄酱
vineyard,葡萄园
tam,塔姆
digits,数字
myers,迈尔斯
evolutionary,进化
ribbons,丝带
kabir,卡比尔
francesco,弗朗西斯科
advertise,广告
saline,盐水
edgy,前卫
girlie,女孩
rao,拉奥
regained,恢复
parental,父母
barbarian,野蛮人
brewing,酿造
tat,塔特
disrupt,扰乱
unanimous,一致
implications,含义
high-end,高端
candice,坎迪斯
scallops,扇贝
vibrations,振动
homesick,想家
stung,被蜇了
casanova,卡萨诺瓦
tormented,饱受折磨
wi-fi,无线上网
steamed,蒸
baptism,洗礼
leagues,联赛
kwan,关
thunderclap,霹雳
harassed,骚扰
velma,维尔玛
chimp,黑猩猩
consulted,咨询
scripts,脚本
restoration,恢复
retribution,报应
bows,弓
unforgettable,难忘
afterward,之后
adventurous,冒险的
swab,拭子
inevitably,不可避免地
expectation,期待
xu,徐
carcass,尸体
notary,公证人
lukas,卢卡斯
armand,阿曼德
perverted,变态
surrogate,代孕
spat,争吵
dazzling,耀眼的
snipers,狙击手
lai,赖
cartman,卡特曼
capabilities,能力
midwife,助产士
gains,收益
grumbling,抱怨
retainer,预付金
bleak,苍凉
houdini,胡迪尼
inquiries,查询
expel,驱逐
berger,伯杰
markers,标记
reap,收割
specs,规格
morn,早晨
deceit,欺骗
carole,卡罗尔
coloured,有色
degenerate,退化
adi,阿迪
petals,花瓣
dues,会费
tensed,紧张的
battered,伤痕累累
withdrew,退出
darlings,亲爱的们
starbuck,星巴克
patton,巴顿
mound,冢
accurately,准确
frenzy,狂热
senators,参议员
saturdays,星期六
nemesis,复仇女神
rocker,摇滚乐
whiff,闻
tagged,标签
fearing,害怕
fringe,边缘
peninsula,半岛
carey,凯里
radiator,散热器
tolerated,容忍
tor,托尔
clucking,咯咯声
stun,眩晕
specimens,标本
reuben,鲁本
accomplices,同谋
somber,忧郁
assailant,袭击者
mutation,突变
ke,ke
straightaway,马上
spun,旋转
reclaim,回收
paramedic,急救员
capturing,捕捉
gaston,加斯顿
biopsy,活检
proportions,比例
colleges,大学
doubting,怀疑
theoretical,理论
funnier,更有趣
whee,轮子
indefinitely,无限期
disasters,灾难
sen,sen
forwards,前进
quo,如此
addressing,解决
pakistani,巴基斯坦
neon,氖
slurping,啜饮
felon,重罪犯
inflation,通货膨胀
stallion,骘
blackjack,二十一点
passive,被动的
milligrams,毫克
irritated,受刺激
worldly,世俗
manipulation,操纵
strips,条状物
hijacked,被劫持
jingling,叮当
pushy,咄咄逼人
macaroni,通心粉
bulldog,斗牛犬
rigid,死板的
maxim,格言
checkpoint,检查点
soothing,舒缓
hateful,可恶
folding,折叠式的
reduction,减少
loaned,借出的
undermine,破坏
frontal,正面
victories,胜利
empathy,共情
achilles,阿喀琉斯
overload,超载
topanga,托潘加
piercing,冲孔
stamped,盖章
potent,强效
bristol,布里斯托尔
snob,势利眼
hypothetical,假想
detection,检测
unharmed,毫发无损
subjected,受
boils,沸腾
crocodiles,鳄鱼
coupons,优惠券
culinary,烹饪
mahjong,麻将
fleur,花朵
niko,尼科
lira,里拉
nonstop,马不停蹄
giddy,头晕
teachings,教义
clinging,依恋
silenced,沉默
ramen,拉面
goodman,古德曼
disposition,处置
enforce,执行
gunner,炮手
ragnar,拉格纳
ploy,策略
suburban,郊区
sleepover,过夜
slutty,淫荡的
imply,意味着
cheerleaders,啦啦队员
conception,概念
werewolves,狼人
catalog,目录
paranormal,超自然现象
shun,回避
biker,骑摩托车的
jellyfish,海蜇
municipal,市政
ruckus,骚动
adviser,顾问
alerted,已发出警报
commune,公社
granite,花岗岩
fr,fr
formalities,手续
proximity,邻近
unavailable,不可用
fargo,法戈
defenseless,毫无防备
innovation,创新
paradox,悖论
koreans,韩国人
valleys,山谷
walden,瓦尔登湖
trooper,骑警
infrastructure,基础设施
barrow,巴罗
interns,实习生
taro,芋头
bertha,伯莎
proctor,监考员
hovering,悬停
feminist,女权主义者
declan,德克兰
observations,观察
prone,易于
spins,旋转
conversion,转换
emerging,新兴
sheffield,谢菲尔德
dustin,达斯汀
ares,区域
crazier,更疯狂
od,od
goldie,戈尔迪
bulbs,灯泡
blindly,盲目地
rabies,狂犬病
smurf,蓝精灵
brownie,布朗尼
formerly,以前
chastity,贞洁
desirable,理想
barriers,障碍
hoops,篮球
grains,谷物
considerably,相当
anand,阿南德
baptist,浸信会
decorating,装饰
proposals,提案
lahey,拉希
staging,舞台
diabetic,糖尿病
baskets,篮子
macbeth,麦克白
rehabilitation,康复
muscular,肌肉发达的
revolting,令人作呕的
glacier,冰川
expressions,表达式
hiroshima,广岛
imitation,模仿
footprint,脚印
beaumont,博蒙特
stupidest,最愚蠢的
unborn,未出生的
jacobs,雅各布斯
displayed,显示
commanders,指挥官
confirming,确认
garment,服装
latter,后者
indonesia,印度尼西亚
enlightened,开明
plight,困境
hel,帮助
dorian,多里安
ogre,食人魔
warnings,警告
incision,切口
inquire,查询
tampered,篡改
prophets,先知
listener,听众
substances,物质
rapping,说唱
kisser,接吻者
hind,后
apb,apb
ulysses,尤利西斯
butters,黄油
dci,dci
tripp,特里普
dublin,都柏林
meows,喵
preference,偏爱
minding,介意
mirage,海市蜃楼
prediction,预言
dodgy,可疑的
drenched,湿透了
backbone,骨干
sightings,目击事件
goku,悟空
bessie,贝西
virtuous,有德行的
earns,收入
grizzly,灰熊
slob,邋遢鬼
floods,洪水
enquiry,询问
begs,乞求
juror,陪审员
strained,紧张
monitored,监测
brethren,弟兄们
oblivion,遗忘
contracted,合同
bookie,博彩公司
painters,画家
amnesty,大赦
cot,婴儿床
cosmetics,化妆品
mortar,砂浆
wilfred,威尔弗雷德
friction,摩擦
drunks,醉汉
correspondent,通讯员
marlowe,马洛
outskirts,郊区
veer,转向
gaga,嘎嘎
wacky,古怪的
mann,曼恩
sparky,斯帕基
adieu,再见
informing,通知
swung,摇摆
trina,特丽娜
hamburgers,汉堡包
interruption,中断
mediocre,平庸
fulfil,实现
schedules,日程安排
sinks,水槽
pathologist,病理学家
disposed,处置
knit,针织
excluded,排除
scraps,碎屑
sob,哭泣
unhealthy,不良
borgia,博尔吉亚
prestigious,享有盛誉
rotate,旋转
tracey,特雷西
concubine,妾
sanjay,桑杰
ridden,骑
ballot,选票
fischer,费舍尔
complexion,肤色
bugle,号角
humanitarian,人道主义
gurney,担架
whit,白色
hoot,叱
sumo,相扑
holocaust,大屠杀
io,io
yao,姚
servers,服务器
hartley,哈特利
fabio,法比奥
salim,萨利姆
sleepless,失眠
fern,蕨类
forbes,福布斯
calcium,钙
frown,皱眉
deranged,精神错乱
exhaustion,疲惫
rebuilt,重建
legislation,立法
sighting,目击
discomfort,不适
tru,真的
technological,技术
saigon,西贡
lacked,缺乏
bermuda,百慕大
hit-and-run,肇事逃逸
wept,哭泣
disperse,分散
kosher,犹太洁食
entrepreneur,企业家
tyra,泰拉
worshipped,崇拜
siu,siu
unauthorized,未经授权
long-distance,长途
romanian,罗马尼亚语
melbourne,墨尔本
flanders,弗兰德斯
connors,康纳斯
drinker,饮酒者
hedley,赫德利
wyoming,怀俄明州
hotshot,热门人物
joaquin,华金
myrtle,桃金娘
europeans,欧洲人
deputies,副手们
ther,那里
highlights,亮点
musashi,武藏
cate,凯特
plateau,高原
remy,雷米
set-up,设置
sordid,肮脏的
placement,放置
quota,配额
adjusted,调整
tuning,调谐
rockefeller,洛克菲勒
bartlett,巴特利特
hormone,激素
apparatus,设备
gringo,格林戈
vancouver,温哥华
samaritan,撒玛利亚人
curves,曲线
perceived,感知
catalogue,目录
gall,瘿
luckiest,最幸运的人
escobar,埃斯科瓦尔
vending,自动售货机
thelma,塞尔玛
greeted,问候
scoring,得分
housewives,家庭主妇
beverage,饮料
fellowship,奖学金
thieving,盗窃
tidal,潮汐
genre,类型
unfit,不称职
fetus,胎儿
lanes,车道
socialism,社会主义
outlaws,亡命之徒
entrust,委托
rosalie,罗莎莉
oversight,监督
reflex,反射
vacate,腾空
goldberg,戈德堡
mercenaries,雇佣兵
exercising,锻炼
bev,饮料
prosperous,繁荣
symptom,症状
certificates,证书
larsen,拉森
suffocate,窒息
roadblock,路障
detain,扣留
inquisition,宗教裁判所
qualifications,资格
paparazzi,狗仔队
eater,食客
prefect,长官
flapping,扑
discrimination,歧视
incorporated,公司
callahan,卡拉汉
strengths,优势
rowdy,喧闹的
productions,作品
publication,发布
collects,收集
winslow,温斯洛
hodges,霍奇斯
astronomers,天文学家
prevents,阻止
museums,博物馆
windsor,温莎
nebraska,内布拉斯加州
lobe,叶
poses,姿势
inscription,题词
left-handed,左撇子
outpost,前哨
snuff,鼻烟
luxurious,豪华
contributions,贡献
purgatory,炼狱
documented,已记录
showcase,展示
delilah,黛利拉
jurors,陪审员
unimportant,不重要
moisture,水分
lefty,左撇子
hendrix,亨德里克斯
replica,复制品
wondrous,奇妙的
horoscope,星座运势
hampshire,汉普郡
esteban,埃斯特班
departing,离开
instruct,指示
morbid,病态的
disagreement,分歧
misguided,错误的
optimism,乐观
traders,交易员
humane,人道
commodore,准将
rink,溜冰场
initiation,引发
calamity,灾害
nectar,花蜜
operatives,特工
judicial,司法
callin,卡林
swarm,蜂群
drumming,打鼓
shithole,粪坑
annabelle,安娜贝尔
spartacus,斯巴达克斯
trolley,手推车
theorists,理论家
rowan,罗文
bowels,肠道
density,密度
researcher,研究员
timid,胆小
meself,我自己
garth,加思
denton,丹顿
romania,罗马尼亚
earnings,收益
stalk,茎
righteousness,义
fours,四
kel,凯尔
slaps,掌掴
confide,信任
bravest,最勇敢的
fencing,击剑
laurence,劳伦斯
masturbate,自慰
vale,谷
triggers,触发器
wiener,维也纳香肠
painless,无痛
believers,信徒
eruption,火山爆发
obligated,有义务的
mojo,魔力
essex,埃塞克斯
eternally,永恒
dispatched,已派出
repulsive,丑恶
ness,内斯
devised,设计
headlights,前大灯
exiled,放逐
impeccable,完美无瑕
donors,捐赠者
crucified,被钉在十字架上
customary,习惯
billboard,广告牌
costly,昂贵
imitate,模拟
definitive,最终的
simplicity,简单
waved,挥手
pavel,帕维尔
scolded,责骂
separates,分离
carr,卡尔
nichols,尼科尔斯
setback,挫折
lakh,十万
liters,升
relics,遗物
clockwork,发条装置
cdc,CDC
ventilation,通风
civilizations,文明
brawl,争吵
bog,沼泽
pressures,压力
chills,寒意
tex,德州
pussies,小猫咪
phrases,短语
gob,戈布
pricks,刺痛
jars,罐子
rivera,里维拉
disable,禁用
lancaster,兰开斯特
godfrey,戈弗雷
pickled,腌制
novelty,新奇
equations,方程式
doubtful,疑
sexist,性别歧视
capone,卡彭
buffer,缓冲
castles,城堡
reproduce,复制
goodwin,古德温
blueberry,蓝莓
ryu,龙
oskar,奥斯卡
flo,流动
potty,便壶
algeria,阿尔及利亚
geometry,几何学
dumbest,最愚蠢的
bahamas,巴哈马
bleating,咩咩叫
horizontal,水平的
assisted,协助
indebted,负债累累
spook,幽灵
fertilizer,肥料
techno,电子乐
hinges,铰链
zhu,朱
helium,氦
imposed,强加
financing,融资
restrictions,限制
implied,暗示
idaho,爱达荷州
simplest,最简单的
traits,特征
implement,实施
supervise,监督
evident,明显
skank,荡妇
gogh,梵高
analyzing,分析
drooling,流口水
princesses,公主们
coastal,沿海
bargaining,讨价还价
matrimony,婚姻
airfield,机场
sensual,感性的
takashi,隆
lennon,列侬
cycles,循环
grimes,格莱姆斯
feeble,微弱
moreno,莫雷诺
hutton,赫顿
spikes,尖峰
rugged,崎岖
reviewing,复习
potassium,钾
tombs,陵墓
mimics,模仿
elton,埃尔顿
homage,尊敬
devious,狡猾的
postcards,明信片
crimson,赤红
activist,活动家
rulers,统治者
rowing,划船
conditioner,护发素
quoting,引用
filmmaker,电影制作人
softball,垒球
outline,大纲
doses,剂量
perjury,伪证
etiquette,礼仪
joyous,欢乐
intestines,肠子
residential,住宅
envelopes,信封
tortoise,龟
unjust,不公正
fetish,恋物癖
blasts,爆炸
completion,完成
davenport,长椅
heartbreak,心碎
safari,狩猎旅行
brochure,宣传册
larson,拉尔森
limousine,豪华轿车
hiccups,打嗝
boast,夸
portraits,肖像
escorted,护送
magnitude,震级
collapsing,崩溃
selina,塞琳娜
coupon,优惠券
utility,公用事业
gourmet,美食家
wrecking,破坏
snore,鼾
motions,运动
courting,求爱
suicides,自杀
meera,米拉
apprehended,被捕
prescribe,规定
aldo,阿尔多
lian,连
installation,安装
likeness,相似
interface,界面
metals,金属
blindness,失明
sluts,荡妇
thakur,塔库尔
onetime,一度
accelerator,加速器
awol,逃兵
firms,公司
kale,羽衣甘蓝
stretches,伸展
tack,钉
auxiliary,辅助的
swipe,滑动
shelters,避难所
childbirth,分娩
livelihood,生计
longed,渴望
swordsman,剑客
resourceful,足智多谋
sabbath,安息日
stormed,暴风雨
self-destruct,自毁
gaps,差距
incentive,激励
showdown,摊牌
harding,哈丁
ref,参考
molten,熔融的
frosty,霜冻
franky,弗兰基
henceforth,今后
renewed,更新
sitter,保姆
petey,皮蒂
richardson,理查森
fingertips,指尖
handcuffed,手铐
cocking,上膛
catfish,鲶鱼
johann,约翰
charger,充电器
disciplined,纪律严明的
outing,外出
como,como
una,乌纳
glitch,毛刺
jell-o,果冻
grants,拨款
porcelain,瓷
remarried,再婚
firepower,火力
captioned,配图说明
hampton,汉普顿
flawed,有缺陷的
uno,一
griff,格里夫
scarcely,几乎
rips,撕裂
roach,蟑螂
stairwell,楼梯间
memorized,记忆
coded,编码
negligence,疏忽
belgrade,贝尔格莱德
arteries,动脉
toot,嘟
stunts,特技
buttocks,臀部
forks,叉子
mentions,提及
loco,疯子
cedric,塞德里克
mika,米卡
adler,阿德勒
bellows,风箱
snowy,下雪的
pelvis,骨盆
hymn,圣歌
audit,审计
slashed,削减
frantic,疯狂的
negroes,黑人
calves,小牛
pao,包
aloha,阿罗哈
sahara,撒哈拉沙漠
freshly,新鲜的
sabotaged,蓄意破坏
poodle,贵宾犬
archaeologists,考古学家
gore,血块
meatball,肉丸
maggots,蛆
horrifying,恐怖的
prosecuted,被起诉
briefed,简报
cider,苹果酒
pompous,傲慢
boomer,婴儿潮一代
hard-on,勃起
coulson,库尔森
waiters,服务员
abundance,丰富
barricade,路障
gallon,加仑
kali,卡莉
literal,文字
scrubbing,擦洗
implies,暗示
discouraged,灰心
kowalski,科瓦尔斯基
almond,杏仁
chestnut,板栗
syphilis,梅毒
criteria,标准
contacting,联系
trainee,学员
haskell,哈斯克尔
elvira,埃尔维拉
rambo,兰博
rad,辐射
poe,爱伦·坡
farmhouse,农家
hallucination,幻觉
heals,治愈
samba,桑巴舞
lizards,蜥蜴
straws,吸管
silicon,硅
reptiles,爬行动物
waldo,沃尔多
paces,步幅
fenton,芬顿
slugs,蛞蝓
leftover,剩余物
ze,泽
freighter,货轮
bashed,猛击
convicts,罪犯
jerky,肉干
solemnly,庄严地
accommodation,住宿
slag,矿渣
nonstop,马不停蹄
lemons,柠檬
whitman,惠特曼
lemme,让我
verified,已验证
jethro,杰斯罗
fancied,幻想
partridge,鹧鸪
defiance,蔑视
laila,莱拉
hottie,性感尤物
rohan,罗汉
stripping,脱衣舞
pant,喘气
mutton,羊肉
hypocrisy,虚伪
dyson,戴森
invaluable,无价
ce,ce
lucrative,利润丰厚
cbs,哥伦比亚广播公司
slows,减速
penal,刑事
uploaded,已上传
akbar,阿克巴
orchestral,管弦乐
endlessly,不休
hitchcock,希契科克
broads,布罗德斯
redo,重做
illegitimate,私生子
dmv,车管所
self-respect,自尊
ceased,停止
blender,混合器
accordance,根据
brandt,布兰特
dobbs,多布斯
makeover,改造
viagra,伟哥
enhanced,增强型
unprofessional,不专业的
scanned,扫描
mow,刈
whiskers,胡须
tourism,旅游
listeners,听众
rebirth,重生
predicament,困境
vendor,小贩
confessions,忏悔
patriots,爱国者
jakob,雅各布
illiterate,文盲
hounds,猎犬
malicious,恶意
labyrinth,迷宫
psyche,精神
cher,亲爱的
honda,本田
florist,花店
nathaniel,纳撒尼尔
extraterrestrials,外星人
unthinkable,不可思议
frail,脆弱
plato,柏拉图
planetary,行星
hitched,搭便车
elle,艾莉
flair,天赋
ruse,诡计
observatory,天文台
heavyweight,重量级
diplomacy,外交
tonya,托尼亚
sri,斯里
ev,ev
nutty,坚果
extravagant,靡
caterpillar,毛虫
skeptical,怀疑论者
ideology,思想
pak,巴基斯坦
chainsaw,电锯
healthier,更健康
linking,链接
prudent,谨慎
cutler,卡特勒
mugs,马克杯
junkies,瘾君子
rudder,舵
hermann,赫尔曼
ot,ot
laundering,洗衣
kaufman,考夫曼
pints,品脱
succession,演替
possesses,拥有
urges,敦促
structural,结构
lollipop,棒糖
atmospheric,大气
weirder,更怪异
sory,抱歉
stride,步幅
blizzard,暴风雪
extracted,提取
administer,管理
meghan,梅根
pinocchio,匹诺曹
state-of-the-art,最先进的
grimm,格林
fireball,火球
individually,单独
flask,烧瓶
obeyed,服从
swain,斯温
hubble,哈勃
burgess,伯吉斯
rohit,罗希特
coffins,棺材
booster,增压器
erratic,不稳定的
undergo,经历
typed,打字
bearded,留着胡子的
fucked-up,糟透了
salami,萨拉米香肠
ports,端口
hamptons,汉普顿
marsha,玛莎
versa,反之亦然
oval,椭圆形
downfall,倒台
warwick,沃里克
ulcer,溃疡
friendships,友谊
domination,统治
dementia,失智
arthritis,关节炎
refusal,拒绝
juvie,少年犯
journals,期刊
volatile,易挥发的
performers,表演者
beneficial,有利
seaman,水手
iranian,伊朗
sputtering,溅射
sled,雪橇
mortality,死亡
carlson,卡尔森
hysteria,歇斯底里
hui,汇
beseech,恳求
endings,结局
shea,乳木果
miscarriage,流产
patrons,顾客
moya,莫亚
hun,亨
racer,赛车手
plots,图表
hoop,箍
dojo,道场
vents,通风口
unfamiliar,陌生
slab,板
persecution,迫害
monarchy,君主制
himmler,希姆勒
philosophical,哲学
ping-pong,乒乓球
dumbass,蠢货
soften,软化
celine,席琳
carmichael,卡迈克尔
herpes,疱疹
riddles,谜语
foggy,雾蒙蒙的
coz,因为
specialized,专门
corridors,走廊
parvati,帕尔瓦蒂
mikhail,米哈伊尔
deemed,被认为
astronomy,天文学
reins,缰绳
yous,你们
duet,二重唱
beginner,初学者
viewed,已查看
nebula,星云
fascination,魅力
fussy,挑剔的
elect,选
collier,煤矿
evaluate,评价
microscopic,显微镜
hearty,爽朗
mammoth,长毛象
oppressed,受压迫者
diameter,直径
tailing,尾部
intoxicated,酣
photographic,摄影
shocks,冲击
descending,下降
stakeout,蹲守
pioneers,先驱者
towed,被拖走
submission,提交
prostate,前列腺
ointment,软膏
hr,hr
bids,出价
recalled,召回
gaius,盖乌斯
electrician,电工
aneurysm,动脉瘤
neha,妮哈
sulking,生闷气
actively,积极
mortuary,殡仪馆
ey,嘿
serenity,宁静
funded,已资助
mmmm,嗯嗯
shreds,碎屑
pearce,梨
mixer,混合器
draining,排水
bolted,螺栓连接
tania,塔尼亚
assurance,保证
zapping,电击
bossy,专横跋扈
venezuela,委内瑞拉
commentary,评论
beheaded,斩首
waffle,胡扯
unnoticed,未被察觉
onward,向前
rollins,罗林斯
cnn,CNN
cleanup,清理
cosy,舒适
branded,品牌
plow,犁
schneider,施耐德
farley,法利
deluxe,豪华版
aft,后部
neurotic,神经质
rani,拉尼
chords,和弦
tanker,油船
tides,潮汐
settlers,定居者
bio,生物
rosen,罗森
snowman,雪人
berta,贝尔塔
geisha,艺妓
transactions,交易
reflexes,反射
extraordinarily,非常
chunks,块
shekhar,谢卡尔
assaulting,袭击
obsolete,过时的
consultation,咨询
agreeable,同意
impostor,骗子
lobo,狼
wasp,黄蜂
maturity,到期
sheik,酋长
liberate,解放
brilliantly,精彩
surfer,冲浪者
hattie,哈蒂
selma,塞尔玛
lowell,洛厄尔
sameer,萨米尔
snores,打鼾
assumptions,假设
capability,能力
bridegroom,新郎
mysteriously,神秘地
priors,先验
leanne,莉安娜
defective,有缺陷的
joss,乔斯
tombstone,墓碑
rach,拉赫
writings,著作
delicacy,美味
tumble,翻滚
silva,席尔瓦
hospitalized,住院
fig,如图
speculate,推测
sha,沙
yeh,是的
fidel,菲德尔
inflicted,造成的
stabilize,稳定
outs,出局
violations,违规行为
deuce,二
significantly,显著地
newcomer,新人
youngster,青少年
engineered,工程
sighted,目击者
riddance,摆脱
seasoned,经验丰富的
picket,纠察
abc,abc
aziz,阿齐兹
mecca,麦加
jeeves,吉夫斯
insomnia,失眠
pendant,吊坠
harmonica,口琴
listing,列表
viruses,病毒
ich,ich
heartache,心痛
trumpets,小号
dvds,DVD
jace,杰斯
proceeds,收益
intruding,入侵
betcha,我敢打赌
reddy,雷迪
pasture,牧场
inspectors,检查员
horrified,惊恐万分
neighborhoods,社区
sprained,扭伤
lambs,羔羊
democrat,民主党人
jameson,詹姆森
lovebirds,爱情鸟
rivalry,对抗
vial,小瓶
rv,房车
bret,布雷特
peeking,偷窥
talisman,护符
stats,统计数据
arsenic,砷
buchanan,布坎南
intake,摄入量
sheikh,谢赫
takeover,收购
scanners,扫描仪
gareth,加雷斯
foreplay,前戏
acquaintances,熟人
alphonse,阿方斯
thames,泰晤士河
lotte,乐天
championships,锦标赛
pines,松树
swallows,燕子
rewarding,有回报
cornell,康奈尔
recession,经济衰退
brands,品牌
firearm,火器
squawks,聒噪
shepard,谢泼德
ukrainian,乌克兰
superboy,超级小子
infectious,传染性
morrow,明天
yahoo,雅虎
robertson,罗伯逊
pious,虔诚的
brainwashed,被洗脑
quantities,数量
societies,社会
sedated,镇静剂
milly,米莉
wines,葡萄酒
jimbo,吉姆博
colourful,丰富多彩的
timeout,暂停
superheroes,超级英雄
bribery,受贿
jacuzzi,按摩浴缸
pours,倾倒
geological,地质
valuables,贵重物品
crossword,纵横字谜
bunnies,兔子
undead,亡灵
bathed,洗澡
linger,萦绕
roster,名册
rebuilding,重建
comms,通讯
moods,情绪
grinder,磨床
weber,韦伯
harem,后宫
proxy,代理人
kincaid,金凯德
timed,定时
toxins,毒素
mendoza,门多萨
originated,起源于
tracing,追踪
wham,砰
ironing,熨烫
quotes,引号
nemo,尼莫
mar,马尔
hauled,拖拽
docking,对接
sciences,科学
accelerate,加速
relive,重温
aggravated,加重
rabb,拉布
downright,彻头彻尾
brushes,刷子
adjustments,调整
chandi,昌迪
steaming,蒸煮
confessing,坦白
xiang,香
lucie,露西
paso,帕索
wary,警惕
hemisphere,半球
quaint,古雅
magically,神奇地
accordion,手风琴
aisha,艾莎
cowardice,怯懦
cramped,狭窄
bailing,弃保
instagram,Instagram
curt,简短
fo,fo
stamina,耐力
cheesecake,芝士蛋糕
testosterone,睾酮
updates,更新
fend,挡
lumps,肿块
lux,lux
crummy,糟糕的
lise,莉丝
coil,线圈
discovers,发现
upbringing,教养
geronimo,杰罗尼莫
transmitting,传输
manolo,马诺洛
barbaric,野蛮
thong,丁字裤
trespass,侵入
ballerina,芭蕾舞演员
genetics,遗传学
lilies,百合花
elegance,优雅
kenji,健二
sats,卫星
casinos,赌场
yak,牦牛
paged,分页
welles,韦尔斯
streaming,流媒体
navigator,航海家
cleaver,切肉刀
anew,重新
marseille,马赛
odor,气味
great-grandfather,曾祖父
raiders,袭击者
sprayed,喷洒
crypt,密室
spam,垃圾邮件
teeny,蝇头
twig,枝条
anesthesia,麻醉
scandalous,丑闻
esteem,尊重
carmine,胭脂红
ripley,里普利
breached,违规
benji,本吉
spanking,打屁股
devi,魔鬼
trot,小跑
selfie,自拍
strategies,策略
bb,bb
thriving,熙
haunts,闹鬼的地方
kyoko,京子
snails,蜗牛
compose,撰写
hopping,跳跃
coconuts,椰子
amidst,在……之中
powering,动力
indigenous,土著
awakening,唤醒
bop,摇摆
hippies,嬉皮士
exorcism,驱魔
swiftly,迅速地
gamblers,赌徒
jd,京东
maddox,马多克斯
blinding,失明
engraved,刻
kahn,卡恩
labeled,标签
maude,莫德
comforts,舒适
ample,充足
hyo,孝
clang,铛
understatement,轻描淡写
disqualified,取消资格
taels,两
brando,白兰度
meteorite,陨石
seok,硕
trio,三人组
centimeters,厘米
fae,仙女
reconnaissance,侦察
darnell,达内尔
flares,信号弹
leukemia,白血病
gupta,古普塔
alexei,阿列克谢
palermo,巴勒莫
shareholders,股东
kelsey,凯尔西
commandments,诫命
optimus,奥普蒂姆斯
din,din
isa,伊萨
camper,露营车
smoker,吸烟者
frankfurt,法兰克福
serene,安详
jocelyn,乔斯林
trolls,喷子
intentional,故意
icing,糖霜
fore,前
bali,巴厘岛
gorge,峡谷
hermit,隐士
countrymen,同胞们
vibrant,充满活力
smuggler,走私者
dosage,剂量
fictional,虚构的
fakes,假货
runt,矮子
antonia,安东尼娅
intolerable,无法容忍
pavilion,亭
livia,莉维娅
pretext,借口
wail,哀号
madge,玛吉
skid,滑行
adores,喜爱
ibrahim,易卜拉欣
cunningham,坎宁安
jekyll,杰基尔
swapped,交换
phoning,打电话
barbed,带倒刺的
pledged,承诺
galactica,银河战舰
ecstatic,欣喜若狂
mtv,MTV
genitals,生殖器
ancients,古代人
yee,耶
african-american,非裔美国人
weakly,弱
typhoon,台风
citizenship,国籍
terra,大地
turbulence,湍流
responds,回应
lowe,洛
perpetual,永久
skis,滑雪板
tipping,小费
irons,熨斗
lash,睫毛
trades,交易
shagging,性交
marshmallows,棉花糖
possum,负鼠
jericho,耶利哥
saxon,撒克逊人
enchanting,妖娆
sleazy,卑鄙的
abner,阿布纳
upsets,爆冷
imaging,成像
dis,迪斯
stefano,斯特凡诺
amaze,惊奇
kimono,和服
fleischman,弗莱什曼
johannes,约翰内斯
disobeyed,违抗命令
court-martial,军事法庭
firsthand,第一手
vans,货车
smallpox,天花
accomplishment,成就
vu,vu
complicate,复杂化
voltage,电压
traction,牵引力
lifeguard,救生员
mcbride,麦克布莱德
universities,大学
swimsuit,泳装
discarded,丢弃
romano,罗马诺
infiltrated,渗透
goodbyes,再见
guillotine,断头台
ipod,iPod
specifics,具体细节
nuke,核弹
katz,卡茨
khun,坤
chipped,缺口
limbo,炼狱
rehearsed,排练
davidson,戴维森
lima,利马
moto,摩托
marketplace,市场
rj,rj
cleansing,清洁
scientifically,科学地
pepperoni,意大利辣香肠
dissolved,溶解
auggie,奥吉
cholera,霍乱
packets,数据包
punctual,准时
mockery,嘲讽
rafe,拉夫
migraine,偏头痛
cedar,雪松
bends,弯曲
fancies,幻想
margie,玛吉
fallout,掉出来
casserole,沙锅
girly,少女
graft,接枝
yvette,伊薇特
stickers,贴纸
benefactor,恩人
vendetta,复仇
arun,阿伦
chiang,蒋介石
fatherland,祖国
boon,恩惠
lazarus,拉撒路
participated,参与
dottie,多蒂
banish,放逐
lush,郁郁葱葱
talker,健谈者
leavin,离开
gulps,咕咚咕咚
pups,幼犬
washroom,卫生间
soar,翱翔
frightens,吓唬
firefighter,消防队员
wipes,湿巾
infect,感染
desserts,甜点
concepts,概念
stimulating,刺激性的
indicating,表明
off-limits,禁区
sequel,续集
sherwood,舍伍德
earnest,认真
disposable,一次性的
noir,黑色电影
lem,柠檬
sturdy,结实的
finnish,芬兰
wook,书
so-so,一般般
traditionally,传统上
abomination,厌恶
compact,袖珍的
samir,萨米尔
hyderabad,海得拉巴
chino,奇诺
grandkids,孙辈
rec,推荐
souvenirs,纪念品
shredded,碎
minerals,矿物
hints,提示
forsaken,被遗弃的
rubles,卢布
lucius,卢修斯
anus,肛门
pharmacist,药剂师
puffs,泡芙
diaries,日记
unannounced,未事先宣布的
high-tech,高科技
honolulu,檀香山
calculating,计算
blindfolded,蒙眼
kingsley,金斯利
battleship,战列舰
presumed,假定
exceptionally,非常
topless,裸上身
scouting,侦察
durant,杜兰特
alarming,令人担忧
bias,偏见
estates,庄园
fatima,法蒂玛
pods,豆荚
assisting,协助
molested,性骚扰
offerings,供品
believable,可信的
airports,机场
overrun,超限
al-qaeda,基地组织
parlour,客厅
fearsome,可怕的
ticks,蜱虫
widower,鳏夫
versailles,凡尔赛
draper,德雷珀
endanger,危害
dummies,假人
sook,嘘
exploitation,开发
summary,概括
drool,流口水
plugs,插头
piled,堆积
thankyou,谢谢
informal,非正式
stabler,更稳定
authorize,授权
promptly,及时
dover,多佛
robotnik,机器人
faithfully,忠实
gemini,双子座
selfless,无私
phelps,菲尔普斯
leech,水蛭
sentencing,量刑
perverts,变态
sassy,俏皮的
vegetation,植被
nab,纳布
lim,林
carton,纸盒
featuring,以
scapegoat,替罪羊
burr,刺果
provinces,省份
nd,和
regroup,重新集结
heller,赫勒
machete,砍刀
micky,米奇
rebellious,叛逆的
celebrations,庆祝活动
reconcile,调和
technicians,技术人员
merits,优点
prosecutors,检察官
eunuch,宦官
unrelated,无关
captivity,囚禁
aroma,香气
barred,禁止
pe,pe
crumbling,摇摇欲坠
manila,马尼拉
snowball,雪球效应
armenian,亚美尼亚
penetrated,渗透
atlas,图集
volts,伏特
yolanda,约兰达
evasive,回避
piling,桩
watkins,沃特金斯
eisenhower,艾森豪威尔
cullen,库伦
commodity,商品
bimbo,笨蛋
starbucks,星巴克
riverside,河边
dismissal,解雇
dada,达达
afternoons,下午
ballad,民谣
cheerleading,啦啦队
haystack,草垛
perv,变态
contamination,污染
hye,嗨
blurry,模糊
lowlife,下流生活
malaysia,马来西亚
reddington,雷丁顿
gah,啊
recreation,娱乐
authors,作者
wrongs,错误
regulars,常客
fascism,法西斯主义
fridays,星期五
scheming,心计
outgoing,外向
penniless,身无分文
weaken,削弱
wrongly,错
whirs,嗡嗡声
sandoval,桑多瓦尔
sweeney,斯威尼
patiently,耐心
birch,桦木
incompetence,无能
spartan,斯巴达
colombian,哥伦比亚
kobe,科比
kaos,混乱
prohibition,禁令
gorillas,大猩猩
oakland,奥克兰
requirement,要求
skateboard,滑板
zo,zo
lew,刘
similarities,相似之处
grazie,谢谢
aviation,航空
despised,被鄙视的
accessories,配件
perished,遇难
wilhelm,威廉
inferno,地狱
swoop,俯冲
linden,菩提树
quill,鹅毛笔
diverse,各种各样的
hawking,霍金
payoff,付清
retaliation,报复
raines,雷恩斯
whorehouse,妓院
wigs,假发
megatron,威震天
patel,帕特尔
relevance,关联
novelist,小说家
carpets,地毯
brenner,布伦纳
mambo,曼波舞
shoplifting,商店行窃
amp,放大器
suffocated,窒息
soho,苏豪区
grotesque,怪诞
stewardess,空中小姐
cochran,科克伦
jukebox,点唱机
minors,未成年人
oo,oo
detecting,检测
pillars,柱子
interfered,干扰
establishing,建立
atheist,无神论者
algae,藻类
uni,大学
krista,克丽斯塔
haiti,海地
mouthful,一口气
algebra,代数
luka,卢卡
conor,康纳
energies,能量
pandora,潘多拉
collections,收藏
punjab,旁遮普邦
trojan,特洛伊木马
disadvantage,劣势
regan,里根
nevermind,没关系
headless,无头
cortex,皮层
ganga,恒河
valium,安定
berserk,狂暴
ritz,丽兹酒店
flack,防弹衣
transfers,转账
adamant,坚定不移
shortest,最短
distinctly,明显地
kimi,基米
doorknob,门把手
ruptured,破裂
indoor,室内的
millionaires,百万富翁
carts,购物车
cords,绳索
carmela,卡梅拉
arlene,阿琳
celery,芹菜
residency,住院医师
conveniently,方便
ranking,排行
foil,挫败
responses,回应
sweety,糖果
jaffa,雅法
troublemaker,麻烦制造者
manmade,人造
slum,贫民窟
landry,兰德里
palestinian,巴勒斯坦人
floss,牙线
hap,哈普
maw,嘴
shushing,嘘
carnage,屠杀
rapper,说唱歌手
bucky,巴基
alltime,始终
poole,普尔
vogue,时尚
troopers,骑警
squeaky,吱吱作响
aditya,阿迪亚
undertaker,殡仪员
compromising,妥协
eureka,尤里卡
privy,私处
sacramento,萨克拉门托
encryption,加密
burrows,洞穴
hoist,提升
emphasis,强调
moderate,缓和
retro,复古的
cincinnati,辛辛那提
mainframe,大型机
sociopath,反社会人格
elmo,艾尔莫
nighttime,夜间
namely,即
mads,麦斯
mistook,误
delaney,德莱尼
cannabis,大麻
aims,目标
spraying,喷洒
craziness,疯狂
stares,凝视
ballistic,弹道学
fussing,唠叨
uncanny,不可思议
salaam,萨拉姆
rainforest,热带雨林
arlo,阿洛
lunatics,疯子
ebay,eBay
futures,期货
confederate,南方邦联
kelvin,开尔文
benito,贝尼托
hunts,狩猎
ridicule,嘲笑
unethical,不道德的
nai,奈
flushes,冲洗
gregor,格雷戈尔
groot,格鲁特
yue,岳
jer,杰尔
ringtone,铃声
manson,曼森
monuments,纪念碑
crafty,狡猾
cooled,冷却
jingles,广告歌
chronicle,编年史
vested,既得权益
trademark,商标
trampled,践踏
ku,库
mules,骡子
piglet,小猪
cherished,珍爱
shang,尚
bandaid,创可贴
alba,阿尔巴
clem,克莱姆
persuasion,劝说
genocide,种族灭绝
brilliance,辉煌
toledo,托莱多
persecuted,受迫害
tuesdays,星期二
inability,无力
quincy,昆西
shalom,平安
toil,辛劳
weiss,魏斯
hes,他是
alexandria,亚历山大
sdi,sdi
epi,表
orthodox,正统
custard,蛋奶冻
bosnia,波斯尼亚
wuss,懦夫
mondo,mondo
detonation,爆炸
cylon,赛隆人
evicted,被驱逐
mailed,邮寄
liberties,自由
martine,马丁
newport,纽波特
untrue,不属实
berg,伯格
bland,平淡
heirs,继承人
praises,赞扬
osama,奥萨马
ancestral,祖先的
relish,尽情享用
romero,罗梅罗
toxin,毒素
seating,座位
bras,胸罩
medici,美第奇
flattery,奉承
unspeakable,无法形容
reincarnation,投胎
evolving,演变
marin,马林
muster,鼓起
cramps,痉挛
characteristic,特征
schizophrenic,精神分裂症
enjoyment,享受
bangalore,班加罗尔
britt,布里特
employers,雇主
casings,肠衣
painfully,痛苦地
delays,延误
overweight,超重
dreary,凄凉
canceling,取消
viola,中提琴
behaves,行为
tragically,悲剧的是
mindless,无意识
colette,科莱特
poisons,毒药
unheard,闻所未闻
pyjamas,睡衣
contractors,承包商
cisco,思科
flashy,华丽的
commend,表彰
cinch,肚带
presses,出版社
mater,母
plucked,拨弦
repeats,重复
carriers,承运人
gen,基因
omaha,奥马哈
participants,参与者
payne,佩恩
yawning,打哈欠
conan,柯南
faraway,离这很远
mackerel,鲭鱼
loki,洛基
flakes,薄片
meyers,迈耶斯
raincoat,雨衣
thereby,从而
sewn,缝制
reilly,赖利
fyi,供参考
nostalgia,怀旧
descendant,后裔
hopped,跳跃
handyman,勤杂工
lagoon,泻湖
merciless,无情
bouncer,保镖
speck,斑点
lifeless,无生命
westminster,威斯敏斯特
donner,唐纳
lancelot,兰斯洛特
anarchist,无政府主义者
amish,阿米什人
ophelia,奥菲莉娅
mart,市场
sympathize,同情
croft,克罗夫特
susanna,苏珊娜
sneaked,偷偷摸摸
shiver,颤抖
pointy,尖的
tod,托德
fad,时尚
dwelling,住宅
decipher,解码
acre,英亩
animated,动画
predictions,预测
ehh,呃
penetration,渗透
queenie,奎妮
tampering,篡改
suk,suk
unsafe,不安全
conned,被骗
merrick,梅里克
contractions,收缩
chaperone,监护人
clipped,剪辑
masha,玛莎
ap,ap
singular,单数
loathe,厌恶
manipulative,操纵性的
outraged,义愤填膺
lurch,困境
ultimatum,最后通牒
delegate,代表
pedophile,恋童癖
directive,指示
pleaded,恳求
reducing,减少
hurtful,伤人的
latino,拉丁裔
wick,灯芯
smoothie,冰沙
traumatized,受创伤
short-term,短期
thermometer,温度计
vines,藤蔓
fugitives,逃犯
persona,角色
channing,改变
herbie,赫比
aargh,啊啊
marcello,马塞洛
pritchard,普里查德
ist,是
taping,录制
arkansas,阿肯色州
norfolk,诺福克
yamamoto,山本
congressional,国会
askin,问
haze,阴霾
macau,澳门
bazaar,市场
enabled,已启用
deserts,沙漠
steiner,施泰纳
eloped,私奔
mutilated,残缺
walnut,核桃
excite,激发
pegasus,飞马座
swallowing,吞咽
plutonium,钚
doomsday,末日
coworkers,同事
talia,塔利亚
moriarty,莫里亚蒂
cycling,骑自行车
one-man,一人
cougar,美洲狮
guillaume,纪尧姆
spaniards,西班牙人
asparagus,芦笋
quagmire,泥潭
thorpe,索普
donnelly,唐纳利
nathalie,娜塔莉
centauri,半人马座
sims,模拟人生
blasphemy,亵渎神明
rents,租金
continually,持续
nu,nu
newlyweds,新婚夫妇
huddle,乱堆
adolescent,青少年
3-d,3D
crescent,新月
loch,湖
saddest,最悲伤的
gustavo,古斯塔沃
bleeds,出血
giulia,朱莉娅
turnout,结果发现
nudity,裸露
alternatives,替代方案
intoxication,中毒
doves,鸽子
interstate,州际公路
spokesman,发言人
itinerary,行程
slipper,拖鞋
monsoon,季风
unfold,展开
appetizers,开胃菜
scripture,圣经
relaxation,松弛
pox,天花
pilar,柱子
rabid,狂犬病
cackles,咯咯笑
kiddies,孩子们
lovable,可爱的
termination,终止
coy,害羞
eyelids,眼睑
high-speed,高速
motorcycles,摩托车
insufficient,不足的
ceremonial,仪式
malt,麦芽
leaned,倾斜
muller,穆勒
soames,索姆斯
hectic,忙碌的
sudan,苏丹
nba,NBA
owls,猫头鹰
displays,显示器
brewery,啤酒厂
primal,原始
narrowed,范围缩小
bidder,竞标者
dipped,浸入
dormant,休眠
asher,阿舍尔
diagnostic,诊断
galen,盖伦
selfridge,塞尔福里奇
breathtaking,惊险
saber,军刀
specials,特价
xo,xo
apt,易于
winnings,奖金
embracing,拥抱
louvre,卢浮宫
homosexuality,同性恋
georg,乔治
solace,慰藉
gladiator,角斗士
chapters,章节
foxy,狐狸
whinnying,嘶鸣
scuba,水肺潜水
lui,刘
kessler,凯斯勒
deprive,剥夺
reckons,估计
fender,挡泥板
mags,杂志
damsel,闺女
brah,兄弟
cannibal,食人族
chilled,冷藏
leopold,利奥波德
milwaukee,密尔沃基
supplying,供应
rightfully,理所当然地
vandalism,故意破坏
atleast,至少
shrinking,收缩
reginald,雷金纳德
robotic,机器人
rolf,罗尔夫
krauts,酸菜
hiro,弘
karim,卡里姆
pj,pj
garibaldi,加里波第
ragged,破烂不堪
hoyt,霍伊特
top-secret,绝密
roma,罗马
surplus,剩余
judo,柔道
doctrine,教义
accessible,可访问
crazed,疯狂
audi,奥迪
purposely,故意
sleet,霰
yugoslavia,南斯拉夫
ostrich,鸵鸟
no-no,不不
gunning,枪击
estelle,埃斯特尔
oversee,监督
atrocities,暴行
landmark,地标
holdings,控股
generators,发电机
cheerio,再见
unimaginable,难以想象
stimulate,刺激
incriminating,有罪证
jap,日本
clangs,铿锵声
fanatic,狂热分子
surreal,超现实
sewage,污水
dehydrated,脱水
acoustic,声学
ante,赌注
afloat,漂浮
kapoor,卡普尔
genevieve,吉纳维芙
charisma,魅力
sadistic,虐待狂
zeo,沸石
iconic,标志性
enormously,非常
constructive,建设性的
elk,麋鹿
exhaling,呼气
admissions,招生
inexperienced,缺乏经验
misjudged,判断失误
mast,桅杆
clubhouse,俱乐部会所
meade,米德
illustrious,杰出
prepping,准备
declaring,声明
nucleus,核
whomever,无论谁
councillor,议员
curls,卷发
camden,卡姆登
cowl,兜帽
townsend,汤森德
unsure,不确定
mag,杂志
colton,科尔顿
prentiss,普伦蒂斯
costello,科斯特洛
henrietta,亨丽埃塔
cures,治愈
marla,玛拉
swanson,斯旺森
autographs,签名
borderline,边缘
provocation,挑衅
perverse,变态
nutrients,营养
occult,神秘学
cadets,学员
socket,插座
shawl,披肩
mio,mio
markham,马克姆
framing,框架
junkyard,废品场
cabot,卡伯特
twitch,抽搐
influences,影响
browning,褐变
jfk,肯尼迪
upward,向上
cooped,被困住的
rooted,根
deserving,值得
goro,戈罗
dost,朋友
burps,打嗝
ludicrous,荒谬
demonstrations,示威游行
biography,传
cy,cy
concludes,结束
retreating,撤退
satin,缎
bridesmaid,伴娘
penicillin,青霉素
murmur,低语
martinis,马提尼酒
deployment,部署
pence,便士
predecessor,前任
feeny,费尼
canon,正典
tian,天
underlying,潜在的
avon,雅芳
accessed,访问
blowjob,口交
ashton,阿什顿
transfusion,输血
blockade,封锁
mischievous,恶作剧
doreen,多琳
jiffy,瞬间
repressed,压抑
driscoll,德里斯科尔
kaplan,卡普兰
showered,淋浴
biff,比夫
yarn,纱
astonished,惊讶
catchy,朗朗上口的
titanium,钛
maguire,马奎尔
deserter,逃兵
dah,达
documentation,文档
guineas,几内亚
hotch,霍奇
explored,探索
bom,砰
dunham,邓纳姆
playoffs,季后赛
faraday,法拉第
feisty,活泼好动
explorers,探险家
blanca,布兰卡
imam,阿訇
plainly,显然
federico,费德里科
theaters,剧院
inadequate,不足
caddy,球童
astounding,惊人
highlands,高地
hustler,骗子
clans,氏族
paternity,亲子鉴定
washer,垫圈
borne,出生
gilles,吉尔斯
disclosure,披露
negotiated,协商
attracting,吸引
andie,安迪
indigestion,消化不良
spur,刺
cabe,卡贝
mayer,市长
schnapps,杜松子酒
hagen,哈根
renegade,叛逆者
barley,大麦
koji,麴
spiked,尖峰
complains,抱怨
repairing,维修
cheapest,最便宜
foxes,狐狸
barf,呕吐
sox,袜子
magicians,魔术师
inquest,死因调查
humidity,湿度
featured,特色
keiko,惠子
midwest,中西部
reptile,爬虫
priscilla,普里西拉
mythical,神话
paramount,派拉蒙
bitching,抱怨
unpaid,未付
neatly,整齐地
abbie,艾比
volvo,沃尔沃
hippo,河马
smacked,猛击
smokin,吸烟
brigitte,布里吉特
dodger,孱
fallin,坠落
rigby,里格比
shepherds,牧羊人
swamped,淹没
hailey,海莉
prepped,准备好了
frivolous,轻浮
copyright,版权
twenty-two,22
witnessing,见证
duly,正式地
glide,滑行
enclosed,内
fai,费伊
nameless,无名
rai,赖
armando,阿曼多
electrons,电子
constellation,星座
howe,豪
inhabited,有人居住的
sketchy,粗糙的
implore,恳求
malice,恶意
no-good,没用
agreements,协议
johanna,约翰娜
deformed,变形
billing,计费
cornwall,康沃尔郡
crusher,破碎机
strains,菌株
orchids,兰花
riker,里克
outdated,过时的
reinforced,加强型
yamada,山田
newark,纽瓦克
trainers,教练
janis,珍妮丝
provocative,挑衅
hemingway,海明威
ci,ci
complimentary,免费
bethlehem,伯利恒
suppressed,被抑制
bordeaux,波尔多
goodies,好东西
geeks,极客
festivities,庆祝活动
checkers,跳棋
migration,迁移
brig,布里格
bloodstream,血液
distraught,心烦意乱
grasshopper,蚱蜢
ashok,阿肖克
hardships,艰辛
tickling,挠痒痒
desolate,荒凉
masturbation,自慰
fiasco,惨败
jem,杰姆
rudi,鲁迪
sufficiently,足够
hereditary,遗传
psychologically,心理方面
orient,东方
gullible,容易上当受骗
falsely,错误地
friar,修士
underwood,安德伍德
abed,阿贝德
full-on,全力以赴
gunpoint,枪指着
jiro,次郎
luo,罗
vern,弗恩
realtor,房地产经纪人
attire,服装
clientele,客户
passages,段落
dreaded,令人恐惧的
hatched,孵化
hardened,硬化
navid,纳维德
innovative,创新的
kroner,克朗
patched,已修补
guidelines,指南
juices,果汁
lockup,锁
delgado,德尔加多
slopes,连续下坡
conclusive,确凿
latex,乳胶
chennai,钦奈
rey,雷伊
deathbed,临终
collapses,崩溃
schoolgirl,女学生
fuzz,模糊
imposing,气势磅礴
settings,设置
nationwide,全国
schoolteacher,教师
dealership,经销商
kei,kei
hearings,听证会
negotiator,谈判者
drills,演习
brightly,明亮地
dames,女士们
neutralize,中和
rosario,罗萨里奥
ninjas,忍者
manicure,美甲
meditate,幽思
eavesdropping,窃听
viewer,观看者
mormon,摩门教
wake-up,醒来
dipping,浸渍
splits,分裂
muzzle,枪口
redneck,红脖子
seatbelt,安全带
richter,里希特
atone,赎罪
envoy,使者
sentiments,情感
poorer,贫穷
tia,蒂娅
sweeps,扫荡
forgives,原谅
upside-down,倒挂
improper,不当
niagara,尼亚加拉
highland,高地
hardworking,任劳任怨
enlist,入伍
wilcox,威尔科克斯
medically,医学上
chittering,叽叽喳喳
pappy,老爹
scarred,疤痕
claps,鼓掌
gia,吉亚
outcast,被排斥者
faucet,龙头
prepares,准备
taboo,忌讳
weaponry,武器
consensus,共识
breathed,呼吸
maneuvers,机动
archaeologist,考古学家
tolls,收费
gobble,咕噜
gibbering,胡言乱语
maud,莫德
darby,达比
hernandez,埃尔南德斯
smitty,史密蒂
rica,里卡
widespread,广泛
scraped,刮擦
boutique,精品店
quake,地震
ignite,点燃
provider,提供商
sprinkle,撒
serbia,塞尔维亚
contradict,顶撞
realities,现实
valentina,瓦伦蒂娜
shaping,成型
powdered,粉末状
indestructible,坚不可摧
electrocuted,触电
silverware,银器
disorders,疾病
everytime,每次
terence,特伦斯
albany,奥尔巴尼
armory,军械库
delegates,代表们
pathology,病理
inspires,鼓舞人心
poked,戳
scumbags,人渣
cyclops,独眼巨人
floated,漂浮
intrigue,阴谋
auditorium,礼堂
kashmir,克什米尔
inspirational,鼓舞人心
doodle,涂鸦
raisins,葡萄干
sibling,兄弟
emery,金刚砂
anomalies,异常
forrester,林业
honorary,名誉
concession,让步
midway,中途
reload,重新加载
sweaters,毛衣
dormitory,宿舍
accelerated,加速
fluke,吸虫
larkin,拉金
dwarves,矮人
nutrition,营养
kendra,肯德拉
warlock,术士
exploiting,利用
bloated,腹胀
proclaim,宣布
middleton,米德尔顿
choreography,编舞
patriotism,爱国主义
sash,窗扇
detached,分离的
niki,妮基
fest,节日
intensely,强烈地
raced,比赛
sprint,短跑
endorsement,代言
gage,量规
carlisle,卡莱尔
hobo,流浪汉
gauntlet,手套
crowbar,撬棍
progressing,进展
groin,腹股沟
prudence,谨慎
inseparable,形影不离
chopsticks,筷子
guthrie,格思里
foo,福
cavanaugh,卡瓦诺
saxophone,萨克斯管
fiat,菲亚特
drains,排水沟
thrusters,推进器
tink,叮当
visibility,能见度
passionately,热情地
wannabe,想成为
klara,克拉拉
tiresome,令人厌烦
complexity,复杂
homicidal,杀人犯
succeeds,成功
rom,只读存储器
scolding,责骂
indicted,被起诉
prix,价格
alexa,Alexa
uninvited,不速之客
insider,内部人士
kamal,卡迈勒
moz,莫兹
bondage,束缚
chao,超
taser,泰瑟枪
indifference,漠不关心
tum,汤
slang,俚语
tending,倾向于
compton,康普顿
gunn,冈恩
campaigns,竞选活动
resistant,抵抗的
baines,贝恩斯
urged,敦促
reacts,反应
hardworking,任劳任怨
snag,障碍物
fidelity,忠诚
mcnally,麦克纳利
rattled,摇晃
stalls,摊位
quickest,最快
copycat,山寨
wilde,王尔德
damnation,诅咒
burma,缅甸
cashed,已兑现
dodging,躲避
canopy,树冠
ridley,里德利
ilana,伊拉娜
ogden,奥格登
goof,傻瓜
twister,龙卷风
rolex,劳力士
seriousness,严肃
toothless,无牙
reckoned,估计
macdonald,麦克唐纳
retching,干呕
immensely,非常
overlooking,俯瞰
airway,呼吸道
lm,lm
rickshaw,黄包车
esposito,埃斯波西托
propulsion,推进
elsie,艾尔西
butchered,屠宰
orbiting,轨道
herds,畜群
comprehensive,综合的
reckoning,清算
shelton,谢尔顿
israelis,以色列人
thursdays,星期四
fabian,法比安
journeys,旅程
confiscate,没收
coworkers,同事
checkup,清理
wad,瓦德
aeroplane,飞机
innocents,无辜者
endeavor,努力
shootings,枪击事件
daybreak,拂晓
mandate,授权
estimates,估算
inflict,造成
drapes,窗帘
bellamy,贝拉米
wolverine,金刚狼
socrates,苏格拉底
subspace,子空间
notebooks,笔记本
unrest,动荡
annika,安妮卡
shiro,希罗
lala,啦啦
cram,塞满
salts,盐
infinitely,无限地
exemplary,典范
bearings,轴承
replicate,复制
perfected,完善
cao,曹
olympus,奥林巴斯
baboon,狒狒
reproach,责备
completing,完成
medusa,美杜莎
sewed,缝制的
teased,戏弄
karev,卡雷夫
adversary,对手
captions,图片说明
stitched,缝合
abruptly,突然
stacks,堆栈
sioux,苏族
rapes,强奸
ether,醚
hoodie,连帽衫
namaste,合十礼
extradition,引渡
vincenzo,文森佐
ange,天使
cambodia,柬埔寨
clicked,点击
tallest,最高
jeb,杰布
unison,齐声
ion,离子
bozo,傻瓜
undertaking,承诺
relating,相关
enrolled,已注册
sprouts,芽苗菜
secretaries,秘书
projected,预计
turkeys,火鸡
irwin,欧文
fink,芬克
good-for-nothing,一无是处
sipping,啜饮
africans,非洲人
macarthur,麦克阿瑟
twenty-one,21
visionary,有远见的
borden,博登
talkative,健谈
alyssa,艾莉莎
sie,西
kemp,坎普
jeffries,杰弗里斯
unkind,不友善
pegged,钉住
conservation,保护
veto,否决
blondes,金发女郎
heartfelt,衷心
outlook,前景
wrinkled,皱
valeria,缬草
teleport,传送
interrogating,审讯
diabolical,邪恶的
breather,喘息
desks,桌子
thirty-five,三十五
eyebrow,眉
tut,教程
sightseeing,观光
unwilling,不情愿
profoundly,深刻地
barclay,巴克莱银行
dearie,亲爱的
dae,dae
nearing,临近
hester,海丝特
franks,弗兰克斯
rashid,拉希德
auditioning,试镜
dyed,染色
pharmaceuticals,药品
cantonese,广东话
pika,鼠兔
martina,玛蒂娜
clarkson,克拉克森
toki,时
outright,直接
ito,伊藤
coincidences,巧合
downside,缺点
oats,燕麦
ortiz,奥尔蒂斯
administered,管理
downward,向下
okinawa,冲绳
graduates,毕业生
palate,味蕾
jihad,圣战
nakamura,中村
emmet,埃米特
lucrezia,卢克雷齐亚
martians,火星人
nasal,鼻腔
enduring,持久
winged,有翅膀的
thrashing,猛烈抽打
dumber,更笨
faggots,同性恋
bernice,伯尼斯
vibration,振动
musketeers,火枪手
tumour,瘤
stature,身材
petrified,石化
erich,埃里希
hiss,嘶
baht,铢
rematch,复赛
lakshmi,拉克什米
lightweight,轻的
rah,拉
eunice,尤妮斯
attentive,细心
dunbar,邓巴
negatives,负面
ge,ge
fates,命运
equity,公平
ringer,铃声
tvs,电视
brooch,胸针
delinquent,不良少年
schizophrenia,精神分裂症
bangles,手镯
sculptor,雕塑家
netherlands,荷兰
inca,印加
ado,阿多
odessa,敖德萨
marisol,玛丽索尔
neurological,神经系统
slums,贫民窟
comets,彗星
strife,冲突
coordinator,协调员
chokes,窒息
santana,桑塔纳
guerrilla,游击队
charismatic,魅力四射
garret,阁楼
startling,令人震惊
historically,历史
funnel,漏斗
curator,馆长
improvements,改进
campfire,营火
castillo,卡斯蒂略
himalayas,喜马拉雅山
storeroom,库房
jez,杰兹
tulip,郁金香
looting,抢劫
pinball,弹球机
decaf,低咖啡因
marshmallow,棉花糖
guitars,吉他
sharpen,锐化
darla,达拉
refreshments,茶点
tensions,紧张局势
mckinley,麦金利
hathaway,哈撒韦
leaping,跳跃
reconciliation,和解
vou,沃
greenwich,格林威治
waterloo,滑铁卢
isaiah,以赛亚
idols,偶像
induce,诱导
cosmetic,化妆品
grooming,美容
dalek,达莱克
rejecting,拒绝
cortez,科尔特斯
schooling,学校教育
wasteland,荒地
blueprint,蓝图
biz,商业
smokey,烟熏味
nostalgic,怀旧的
lon,隆
leprechaun,小妖精
zulu,祖鲁语
dinging,叮咚
hoof,蹄
timetable,时间表
transmissions,传输
barkley,巴克利
analogy,类比
stomping,跺脚
judgmental,判断性的
bagels,百吉饼
levine,莱文
meowing,喵喵叫
wallets,钱包
nightgown,睡衣
demolished,已拆除
bobbie,鲍比
lafayette,拉斐特
electron,电子
cones,圆锥体
calculation,计算
dreamy,梦幻般的
vigilant,警惕的
asgard,阿斯加德
suppliers,供应商
vogel,沃格尔
companionship,友谊
dangling,悬挂
pic,图片
rushes,冲刺
paired,成对的
withholding,扣留
clones,克隆体
burnett,伯内特
bolivia,玻利维亚
commitments,承诺
airs,播出
tubbs,塔布斯
demented,精神错乱
apprehend,逮捕
learner,学习者
minions,小黄人
toro,托罗
scenarios,场景
sandro,桑德罗
fda,FDA
overreacted,反应过度
contradiction,矛盾
gregg,格雷格
vat,增值税
nia,尼亚
bellies,肚子
mardi,马尔迪
horizons,地平线
rev,修订
puny,弱小
nominee,提名人
insolence,傲慢
wartime,战时
fm,调频
shing,瓦片
grapefruit,柚子
deodorant,除臭剂
concede,承认
homosexuals,同性恋者
hierarchy,等级制度
remnants,残余物
detectors,探测器
sever,断绝
hendricks,亨德里克斯
nachos,玉米片
jens,詹斯
munitions,弹药
trailing,尾随
rochelle,罗谢尔
folds,折叠
attitudes,态度
twain,马克·吐温
develops,发展
stomachs,胃
emerges,出现
chilli,辣椒
hotline,热线
dries,干燥
acceleration,加速度
gruber,格鲁伯
surya,苏里亚
homicides,凶杀案
scrubbed,擦洗过
murph,墨菲
seduction,诱惑
trait,特征
ezekiel,以西结
translating,翻译
chemotherapy,化疗
hazardous,危险
hackers,黑客
pancho,潘乔
asteroids,小行星
defines,定义
meatloaf,肉饼
nephews,侄子们
boobies,乳房
collide,碰撞
mohan,莫汉
iphone,iPhone
flores,弗洛雷斯
salaries,薪资
porky,猪猪
coulda,可能
sheltered,避难所
revoked,撤销
cinematography,摄影
variation,变化
maia,玛雅
railways,铁路
burglars,窃贼
asa,亚萨
milkshake,奶昔
newbie,新手
undertake,承担
fergus,弗格斯
stellar,恒星
dud,失败
abode,住所
isles,岛屿
elmer,埃尔默
tiniest,最小的
latitude,纬度
crucify,钉死
salazar,萨拉萨尔
clarice,克拉丽丝
sledge,雪橇
shrewd,精明
blurred,模糊
spatter,溅
menus,菜单
nostrils,鼻孔
filet,菲力牛排
locally,本地
consistently,始终
u-turn,掉头
synchronized,同步
tres,特雷斯
bumblebee,熊蜂
mccall,麦考尔
thrashed,痛击
annabel,安娜贝尔
tutoring,辅导
ingenuity,独创性
scriptures,经文
visualize,可视化
juggling,戏法
beige,浅褐色的
oslo,奥斯陆
hypnotized,被催眠
enigma,谜
lanterns,灯笼
marseilles,马赛
memento,纪念
bedford,贝德福德
uphill,上坡
prosecuting,起诉
volumes,卷
contraband,违禁品
claudio,克劳迪奥
debating,辩论
bagged,袋装
albanian,阿尔巴尼亚语
staten,斯塔滕岛
cahill,卡希尔
ravine,峡谷
protesters,抗议者
writ,写
stalked,跟踪
heroism,英雄主义
prolonged,延长
benevolent,仁慈
squashed,压扁
baloney,胡扯
emailed,通过电子邮件发送
sweethearts,甜心们
sweatshirt,运动衫
nutcase,疯子
lecturing,讲课
developer,开发者
deity,神
quebec,魁北克
jailed,入狱
attain,达到
distributor,分销商
hype,炒作
shackles,镣铐
one-eyed,独眼
portions,部分
housework,家务
ferret,雪貂
mami,妈妈
snort,哼哼
kiev,基辅
ghostly,幽灵般的
chandelier,枝形吊灯
dubious,可疑
mammal,哺乳动物
suspecting,怀疑
bubbly,起泡酒
jacky,杰基
follower,追随者
starling,椋鸟
sup,上
albuquerque,阿尔伯克基
smugglers,走私者
consuming,消费
burp,打嗝
jams,果酱
neighboring,邻接
mathias,马蒂亚斯
explicit,显式
titty,乳房
dual,双重的
anwar,安瓦尔
plastered,粉刷过的
gums,牙龈
extends,扩展
win-win,双赢
bitchy,刻薄
nicotine,尼古丁
edmond,埃德蒙
alumni,校友
boop,啵
tremendously,非常
madhouse,疯人院
hearse,灵车
snickering,窃笑
wizards,巫师
oaks,橡树
humankind,人类
belfast,贝尔法斯特
partisans,党派人士
recollection,回忆
holdup,耽误
mantis,螳螂
martyrs,殉道者
micki,米奇
birthmark,胎记
baldy,秃头
supporter,支持者
fundamentally,从根本上
exclude,排除
traveller,游客
vp,副总裁
unravel,绎
ratted,被举报
tucson,图森
stabilized,稳定
banter,闲聊
drilled,钻孔
malloy,马洛伊
red-handed,当场抓获
architects,建筑师
taxis,出租车
consecutive,连续的
untouchable,不可触碰
trough,槽
nisha,妮莎
wither,枯萎
pew,座位
pesetas,比塞塔
accelerating,加速
brides,新娘
inventing,发明
embark,启程
stalled,停滞
chameleon,变色龙
spawn,生成
selves,自我
nicholson,尼科尔森
taggart,塔格特
quad,四轮摩托车
sellers,卖家
stevenson,史蒂文森
walkie-talkie,对讲机
fatter,更胖
tendencies,倾向
rodent,啮齿动物
soaring,翱翔
bolton,博尔顿
commits,提交
measles,麻疹
schwartz,施瓦茨
slid,滑行
yanks,美国人
tyrone,泰隆
charities,慈善机构
vamos,走吧
benign,良性
charmer,魔术师
aligned,对齐
topped,顶峰
gnome,侏儒
wholesale,批发的
sur,苏尔
plunged,暴跌
paddles,桨
laddie,小伙子
blitz,闪电战
dole,救济金
barging,驳船
mildly,轻微地
reflecting,反思
tended,倾向于
staked,已抵押
boldly,大胆地
vocation,职业
leung,梁
memoirs,回忆录
infidelity,不忠
nugget,金块
cecile,塞西尔
operators,运营商
aki,aki
swells,涌浪
securities,证券
rejects,拒绝
dialysis,透析
lineage,血统
notions,概念
wharf,码头
comedians,喜剧演员
polygraph,测谎器
recipient,接受者
atta,阿塔
beetles,甲虫
nests,巢穴
recommendations,建议
adopting,收养
complication,并发症
hemorrhage,出血
reconstruct,重建
anesthetic,麻药
consort,配偶
revived,复活
mats,垫子
owing,欠款
unorthodox,非正统的
slop,邋遢
meticulous,细致
seagull,海鸥
forthcoming,即将推出
dion,迪翁
carnegie,卡内基
cobbler,皮匠
quark,夸克
freezes,冰冻
simpsons,辛普森一家
honours,荣誉
manually,手动
resigning,辞职
polishing,抛光
vibes,氛围
attila,阿提拉
cranberry,蔓越莓
gigolo,男妓
persist,坚持
puffy,蓬松
swiped,滑动
fir,冷杉
hawke,霍克
startle,惊吓
wingman,僚机
submarines,潜艇
daffy,达菲
erect,直立
mutually,相互
roadside,路边
prodigy,神童
horton,霍顿
kerosene,煤油
editors,编辑
governess,家庭教师
integrated,融合的
canine,犬类
reformed,改革后的
lifeline,生命线
lockers,储物柜
hors,马
mondays,星期一
world-class,世界一流
brighten,提亮
chavez,查韦斯
achieving,实现
scottie,斯科蒂
optical,光学的
lug,凸耳
lag,落后
spirited,精神抖擞
hark,听着
hopelessly,绝望地
bouncy,有弹性的
respecting,尊重
bueno,布埃诺
beirut,贝鲁特
mounting,安装
hurried,慌忙
kimchi,泡菜
jong,钟
moretti,莫雷蒂
slaughterhouse,屠宰场
davina,达维娜
shilling,先令
tarts,蛋挞
overslept,睡过头了
grinning,咧嘴笑
collars,项圈
yuen,袁
kneeling,跪着
billings,账单
selfishness,自私
unloading,卸货
mets,大都会
sanderson,桑德森
straps,肩带
eviction,驱逐
rog,罗格
eliminating,消除
bae,宝贝
manhunt,追捕
whirlwind,旋风
dodo,渡渡鸟
lobsters,龙虾
riviera,里维埃拉
millimeter,毫米
jimi,吉米
fished,钓鱼
wield,挥
detachment,分离
mps,议员
legions,军团
hasan,哈桑
hooper,胡珀
crabtree,蟹树
fragrant,香
marek,马雷克
glands,腺体
palaces,宫殿
delaware,特拉华州
hurley,赫尔利
faction,派
ive,我已经
rooney,鲁尼
nominees,提名人
sleepwalking,梦游
hairstyle,发型
pastries,糕点
eloise,埃洛伊斯
casts,演员
tijuana,蒂华纳
marple,马普尔
cabs,出租车
synchro,同步
spotless,一尘不染
sobriety,清醒
gulp,咕噜
intensifies,加剧
theres,有
heirloom,传家宝
merrily,兴高采烈地
unified,统一
fixes,修复
briefs,内裤
aesthetic,审美的
swarming,蜂拥而至
campers,露营者
directory,目录
tabitha,塔比莎
cheered,欢呼
priestess,女祭司
entertainer,艺人
whirl,旋转
aspen,白杨
pia,皮娅
ipad,iPad
devastation,毁灭
bernstein,伯恩斯坦
lumpy,凹凸不平
wrinkle,皱纹
podium,领奖台
evils,罪恶
guesses,猜测
discreetly,谨慎地
squads,球队
chunky,厚实的
cj,cj
gadgets,小工具
advising,建议
discredit,诋毁
awoke,醒来
grammy,格莱美奖
custer,卡斯特
ajax,Ajax
lebanon,黎巴嫩
stumbling,踉跄
furs,毛皮
chucked,扔掉
pulmonary,肺部
pawnee,波尼
compel,迫使
midtown,市中心
ottoman,奥斯曼
mano,手
ramos,拉莫斯
messengers,信使
parrish,教区
walkers,步行者
makoto,真琴
gibbons,长臂猿
two-bit,两位
ammonia,氨
markus,马库斯
kitchens,厨房
ru,ru
swans,天鹅
pretzels,椒盐卷饼
drags,拖拽
yumi,由美
fickle,反复无常
punctured,刺破
visitation,探视
rounding,四舍五入
commute,通勤
adama,亚当
carousel,旋转木马
fronts,前线
stutters,口吃
whips,鞭子
wholly,完全
checkbook,支票簿
stronghold,据点
jubilee,禧年
offenses,罪行
specialize,专业化
diagram,图表
civilised,文明
mould,模具
revival,复兴
compulsive,强迫症
parisian,巴黎人
egan,素食主义者
bergman,伯格曼
lawsuits,诉讼
shui,水
cubic,立方体
jennie,珍妮
yogi,瑜伽士
seasonal,季节性
pressured,受压
restart,重启
kryptonite,氪石
kinder,幼儿园
friedrich,弗里德里希
bosco,博斯科
hesitated,犹豫了一下
proverb,谚语
wanderer,流浪者
exchanging,交换
alibis,不在场证明
weaving,编织
breakup,拆散
airlock,气闸
gambled,赌博
finalists,决赛入围者
medicinal,药用
depraved,堕落的
mimicking,模仿
bullshitting,胡说八道
roofs,屋顶
contemplate,沉思
physicists,物理学家
heathen,异教徒
urgh,呃
addictive,令人上瘾
solves,解决
heartbreaking,令人心碎
dynamics,动力学
advisors,顾问
restoring,恢复
outward,向外
rambling,漫无边际
boxed,盒装
camped,露营
praising,赞扬
topics,主题
conservatory,温室
horsemen,骑兵
tatiana,塔蒂亚娜
clarissa,克拉丽莎
frisbee,飞盘
defining,定义
momo,桃桃
cognitive,认知的
braddock,布拉多克
diminished,减少
donating,捐赠
stoked,兴奋
biologist,生物学家
riff,即兴演奏
fasting,禁食
elm,榆树
councilor,议员
starr,斯塔尔
appliances,电器
conspicuous,显眼的
gloom,愁云
pacing,踱步
gopal,戈帕尔
scrolls,卷轴
muy,非常
errol,埃罗尔
garza,加尔萨
handcuff,手铐
verma,维尔玛
crusaders,十字军战士
creations,作品
shep,谢普
fines,罚款
implanted,植入式
intellectuals,知识分子
soprano,女高音
vanishing,消失
frightful,可怕
omelette,煎蛋卷
conquering,征服
polka,波尔卡舞
ordinarily,按说
travers,横穿
late-night,深夜
cipher,密码
tonnes,吨
bolo,博洛
chou,周
denounce,声讨
impersonating,冒充
taxpayers,纳税人
perceptive,有洞察力的
wilkins,威尔金斯
hugely,非常
lowering,降低
prescriptions,处方
activists,活动人士
affidavit,宣誓书
premeditated,预谋的
paloma,帕洛玛
moths,蛾子
patrolling,巡逻
anthrax,炭疽病
shipyard,船厂
notre,我们的
gloss,光泽
adjacent,邻近的
phoney,假
territorial,领土
mannequin,人体模型
pratap,普拉塔普
toyota,丰田
bren,布伦
cuter,更可爱
koran,《古兰经》
paxton,帕克斯顿
papal,教皇
yorker,约克郡人
keepers,守门员
yearn,向往
calming,平静
farnsworth,法恩斯沃斯
carp,鲤鱼
bel,贝尔
fluent,流利
minivan,小型货车
rochester,罗切斯特
lister,列表器
descriptions,描述
takeout,取出
enrico,恩里科
hillbilly,乡巴佬
generating,生成
raghu,拉古
unconditional,无条件的
unofficial,非官方
tiara,头饰
gowns,礼服
hearsay,传闻
renovation,翻新
lucinda,露辛达
misled,被误导
pastures,牧场
clogged,堵塞
lax,松散
clank,铮铮
remington,雷明顿
pimps,皮条客
footing,立足点
twists,曲折
securing,确保
fiesta,节日
sweetly,甜蜜地
jie,杰
tien,天
lashes,睫毛
illicit,非法
degrading,降级
similarly,相似地
repaid,已偿还
raffle,抽奖
gs,克
denzel,丹泽尔
sulfur,硫
homing,归巢
mead,蜂蜜酒
delphine,德尔菲娜
stasis,停滞
dicky,微弱
nobleman,贵族
adelaide,阿德莱德
fuji,富士
momentarily,片刻
newt,蝾螈
slender,苗条
implicated,牵涉其中
reece,里斯
maverick,特立独行者
contraption,装置
fester,溃烂
stairway,楼梯
earp,耳
bins,垃圾箱
flake,薄片
cubicle,隔间
harrington,哈灵顿
mans,男人
flashed,闪光灯
rainer,雷纳
indispensable,必不可少
trivia,琐事
alderman,市议员
manifesto,宣言
wednesdays,星期三
bickering,争吵
prized,珍贵的
dodged,躲避
hurrying,匆忙
kimura,木村
entourage,随行人员
pretzel,椒盐卷饼
hickey,吻痕
conspired,密谋
mints,薄荷糖
thaw,解冻
unexplained,无法解释
tampa,坦帕
acquisition,获得
amigos,朋友们
leeches,水蛭
unholy,不圣洁的
profiles,简介
keypad,键盘
imposter,冒名顶替者
gutted,掏空
conceited,自负
landscapes,风景
hewes,休斯
pubs,酒吧
pubic,耻骨
infernal,地狱
defiant,桀骜不驯
correctional,矫正
rated,评级
utopia,乌托邦
insanely,疯狂地
mousse,摩丝
finder,发现者
dividing,分割
veterinarian,兽医
puking,呕吐
huff,哼
puked,呕吐
naught,零
georgina,乔治娜
greenland,格陵兰
bane,祸根
merle,梅尔
tribune,论坛
gauze,纱布
dredge,疏通
crutches,拐杖
rabble,乌合之众
handgun,手枪
vaginal,阴道
announcements,公告
infections,感染
corral,围栏
renata,雷纳塔
augustine,奥古斯丁
climbs,攀登
universes,宇宙
middle-class,中产阶级
rommel,隆美尔
ditto,同上
likelihood,可能性
archaeological,考古学
coastline,海岸线
nestor,内斯托
rigor,严格
misconduct,不当行为
lucid,清醒的
dolan,多兰
majors,专业
donkeys,驴
imagery,图像
preservation,保存
masturbating,自慰
presley,普雷斯利
skinned,去皮
ornament,装饰品
shrunk,缩小
sneezing,打喷嚏
glare,强光
hanuman,哈努曼
exceeded,超出
aston,阿斯顿
flaps,襟翼
sculptures,雕塑
accompanying,随同
sami,萨米
mahoney,马奥尼
scrutiny,审查
invoice,发票
revelations,启示
ho-ho,嚯嚯
sprout,发芽
mime,哑剧
diverted,改道
alms,施舍
tilly,蒂莉
garner,加纳
shiv,湿婆
domino,骨牌
escorting,护送
maris,海
aiding,协助
penises,阴茎
upgraded,升级
inserted,插入
aspirations,抱负
furnished,提供
oop,哎呀
gunmen,枪手
unprotected,未受保护
smallville,斯莫维尔
temperament,气质
roper,绳索
chimps,黑猩猩
stressing,强调
rejoin,重新加入
madhu,马杜
cordon,警戒线
freeing,释放
suitor,求婚者
tangible,有形
emir,埃米尔
limping,跛行
lol,哈哈
naina,奈娜
arouse,引起
caffrey,卡弗里
travellers,旅行者
monumental,宏伟的
bipolar,双极
hurl,投
baylor,贝勒大学
unwind,放松
supervised,受监督
chandra,钱德拉
drinkin,喝酒
devout,虔诚的
architectural,建筑
killin,杀戮
larceny,盗窃罪
trilling,颤音
medina,麦地那
originals,原件
lear,李尔
sci-fi,科幻
paved,铺砌路面
decrease,减少
appetizer,开胃菜
hamish,哈米什
almonds,杏仁
crunchy,酥脆
treasurer,财务主管
waterfront,滨水区
elixir,灵药
perrine,佩林
miley,麦莉
unmarked,未标记
knuckle,指关节
guatemala,危地马拉
tenure,任期
abundant,丰富
calms,平静
knicks,尼克斯
miraculously,奇迹般地
beatings,殴打
gots,有
milking,挤奶
tumbling,翻滚
bead,珠子
nurture,培育
uber,优步
kebab,烤肉串
salads,沙拉
redundant,多余的
yuko,裕子
real-life,现实生活
populated,人口稠密
goalie,守门员
yusuf,优素福
celtic,凯尔特人
superiority,优势
bernardo,贝尔纳多
giovanna,乔瓦娜
uncool,不酷
mileage,里程
cocoon,茧
mako,真氚
starlight,星光
valves,阀门
shucks,哎呀
surrounds,周围
suture,缝合
landslide,滑坡
okey,好的
hover,徘徊
marches,游行
foyle,福伊尔
tinkling,叮叮当当
rimmer,边缘
ex-con,前科犯
terminator,终结者
rainbows,彩虹
circled,圈起来
restrained,克制
lodging,住宿
claudius,克劳狄乌斯
rupture,破裂
thinker,思想家
variations,变体
magma,岩浆
galley,厨房
jodi,乔迪
gloat,幸灾乐祸
wayward,任性的
wolfgang,沃尔夫冈
nein,不
strolling,漫步
day-to-day,日复一日
corpus,语料库
reproduction,生殖
babs,巴布斯
cannes,戛纳
railing,栏杆
turin,都灵
ridiculously,荒谬地
horrendous,可怕的
chases,追逐
positioned,定位
angrily,愤怒地
bowler,保龄球手
bot,机器人
naruto,火影忍者
yeung,杨
caterer,餐饮服务商
cultivate,培育
fullest,最
mcnamara,麦克纳马拉
rampage,横冲直撞
extending,扩展
holloway,霍洛威
forbids,禁止
odo,奥多
forsake,背叛
mocked,嘲笑
nightly,每晚
petting,抚摸
ust,仅
severance,遣散费
varsity,大学
damascus,大马士革
digestive,消化
retained,保留
jagger,錾
quoted,引
skips,跳过
throbbing,悸动
firefighters,消防员
exploits,漏洞
scientology,山达基教
reeks,臭气熏天
deficit,赤字
barrister,律师
pepsi,百事可乐
dunes,沙丘
relied,依赖
evade,逃避
goner,倒霉蛋
doggone,该死的
gallo,加洛
christening,洗礼
gothic,哥特
ethiopia,埃塞俄比亚
bri,布里
shroud,裹尸布
dingo,澳洲野犬
smacks,拍打
spurs,马刺
stimulation,刺激
betrothed,未婚妻
relies,依赖
warped,扭曲的
justification,理由
candid,坦率
smalltime,小
scrabble,拼字游戏
vcr,录像机
visually,视觉上
liter,升
isobel,伊莎贝尔
koo,库
evenly,均匀地
emissions,排放
dooley,杜利
counselors,咨询师
tahiti,塔希提岛
revolutionaries,革命者
putin,普京
metre,仪表
conqueror,征服者
qui,qui
favorable,有利
marv,马夫
montague,蒙塔古
tarp,篷布
hancock,汉考克
mayan,玛雅
overturned,翻覆
holster,枪套
herriot,赫里奥特
christa,克丽斯塔
crowe,克罗
realization,实现
faintly,淡淡的
hawthorne,山楂
tuberculosis,结核
statistically,统计学上
capri,卡普里
odette,奥黛特
tolerant,宽容
modify,调整
clary,克拉里
inhaling,吸入
plough,犁
exceed,超过
flutter,扑
jackal,豺狼
detest,厌恶
kingston,金斯顿
rhys,里斯
sapphire,蓝宝石
andres,安德烈斯
scariest,最恐怖
duff,达夫
foresee,预见
unsuccessful,不成功
sy,sy
odyssey,奥德赛
premonition,预感
psychiatry,精神病学
sexiest,最性感
fathom,捉摸
montecito,蒙特西托
pears,梨
seizing,抓住
hani,哈尼
austen,奥斯汀
therese,特蕾莎
templar,圣殿骑士
hoods,引擎盖
hospice,临终关怀
creak,吱嘎声
yip,耶普
maniacs,疯子
rotating,旋转
keaton,基顿
behavioral,行为
subtitled,带字幕
adaptation,适应
eyewitnesses,目击者
indies,独立
mavis,梅维斯
swede,瑞典人
intricate,错综复杂
nirvana,涅槃
offline,离线
cyprus,塞浦路斯
selena,赛琳娜
devoured,吞噬
coloring,染色
aristotle,亚里士多德
quail,鹌鹑
suh,苏
cheques,支票
independently,独立
robust,强壮的
danke,谢谢
cannibals,食人族
zeb,泽布
deduction,扣除
fives,五
bombings,爆炸
impolite,不礼貌
dependable,可靠的
darrell,达雷尔
mundane,平凡的
extremes,极端情况
duran,杜兰
introductions,介绍
pledges,承诺
pestering,纠缠
carlin,卡林
patrice,帕特里斯
injunction,禁令
windmill,风车
pebble,卵石
closets,壁橱
relapse,复发
open-minded,思想开明的
char,字符
retrieved,已检索
jamaican,牙买加
dismantle,拆除
lingering,挥之不去的
reside,居住
rachael,瑞秋
entrances,入口
claustrophobic,幽闭恐惧症
hick,乡巴佬
bison,野牛
barack,巴拉克
chivalry,骑士精神
meena,米娜
judah,犹大
poseidon,波塞冬
bonkers,疯了
surfaces,表面
jest,笑话
teammate,队友
toddler,学步的儿童
lager,拉格啤酒
antoinette,安托瓦内特
high-profile,备受瞩目
incarcerated,被监禁
stylist,造型师
propeller,螺旋桨
novice,新手
scarier,更可怕
bloodthirsty,嗜血
nightcap,睡前小酌
entries,条目
curved,弯曲
chants,吟唱
juanita,胡安妮塔
warms,温暖
viceroy,总督
cornelius,科尼利厄斯
rustle,沙沙
vertigo,眩晕
communal,公社
pu,pu
hemorrhaging,出血
springtime,春天
avi,avi
puzzled,困惑
syrian,叙利亚人
pedestrian,行人
marino,马里诺
blazer,西装外套
ballpark,球场
plagued,饱受困扰
consistency,一致性
bronson,布朗森
untraceable,无法追踪
relativity,相对论
grazing,放牧
paging,分页
regretting,后悔
recharge,充电
ahhhh,啊啊啊
polluted,受污染的
plotted,绘制
smoky,烟
bertrand,伯特兰
buggers,混蛋
katia,卡蒂亚
revered,受人尊敬的
aman,阿曼
nandu,南都
cassius,卡西乌斯
uss,我们
deepak,迪帕克
vittorio,维托里奥
bloodbath,血腥屠杀
psychosis,精神病
mulligan,重做
backgrounds,背景
downing,击倒
ramesh,拉梅什
affections,情感
cbi,中央信息系统
finley,芬利
repercussions,反响
krang,克朗
humping,性交
shone,闪耀
dietrich,迪特里希
bub,泡泡
hornet,大黄蜂
emperors,皇帝们
mme,mme
rhetorical,修辞
unsettling,令人不安
wacko,疯子
famished,饥饿
distortion,失真
vishnu,毗湿奴
publishers,出版商
meek,温顺
reunite,团聚
carotid,颈动脉
chinaman,中国人
terrance,露台
telephones,电话
tock,滴答
competitions,比赛
lapse,失效
gayle,盖尔
lightyears,光年
plunder,掠夺
unloaded,卸载
plump,丰满
trendy,时髦的
sears,西尔斯
vasquez,瓦斯奎兹
bureaucracy,官僚
carlotta,卡洛塔
rhode,罗德岛
fins,鳍
intending,意图
conspiring,阴谋
sadist,虐待狂
seminary,神学院
bicycles,自行车
sculpting,雕塑
condescending,居高临下的
orgasms,性高潮
lenore,莱诺尔
moonshine,私酿酒
incurable,不治之症
pamphlet,小册子
clinics,诊所
nottingham,诺丁汉
nominate,提名
wholesome,健康
termites,白蚁
thunderbird,雷鸟
mckenna,麦肯纳
frigid,寒冷
aviv,阿维夫
occurring,发生
ese,ese
summertime,夏令
skype,Skype
bikers,骑摩托车的人
induced,诱导
missionaries,传教士
arabian,阿拉伯
lacrosse,长曲棍球
rarity,稀有性
gaines,盖恩斯
dumpling,饺子
brood,幼虫
creamy,奶油状
weenie,小香肠
goddam,该死的
supergirl,超女
roadblocks,路障
lennie,伦尼
seductive,诱人的
ornaments,装饰品
annoys,令人恼火
wards,病房
tintin,丁丁
dimensional,维度
reverence,尊敬
charly,查理
belches,打嗝
hooligans,流氓
lavatory,厕
cabbie,出租车司机
adrien,阿德里安
extinguisher,灭火器
vader,维达
madagascar,马达加斯加
breeds,品种
audacity,大胆
cadaver,尸体
fluff,起毛
yoshida,吉田
raina,雷纳
willpower,意志
sicilian,西西里
bewitched,着迷
cannonball,炮弹
esta,esta
sampson,参孙
aorta,主动脉
head-on,脑袋上
sidelines,场边
candies,糖果
defeating,击败
kruger,克鲁格
penetrating,渗透
aqua,水
quitter,退出者
wil,威尔
hydraulic,液压
pulitzer,普利策
trucker,卡车司机
clinks,叮当
pooped,拉屎了
calculus,结石
tau,τ
peeling,剥落
filters,过滤器
overtake,超过
ell,艾尔
kobayashi,小林
transforming,转变
cultured,有文化的
magnets,磁铁
cartridge,墨盒
langston,兰斯顿
choppers,直升机
sera,血清
nuggets,鸡块
honoring,致敬
historians,历史学家
shanti,珊蒂
fainting,昏厥
dears,亲爱的们
delights,美味
soothe,舒缓
gazette,公报
unhappiness,不快乐
bertram,伯特伦
continuity,连续性
pauly,保利
packaging,包装
suns,太阳
sheba,示巴
enmity,敌意
mansfield,曼斯菲尔德
scorn,轻蔑
staple,主食
sitcom,情景喜剧
commie,共产主义者
toasted,烤过的
coyotes,郊狼
vary,各不相同
singin,唱歌
decorator,装饰器
laird,领主
liner,衬垫
eggplant,茄子
alliances,联盟
huts,小屋
appealed,上诉
molecule,分子
mossad,摩萨德
petite,娇小
synagogue,犹太教堂
palestinians,巴勒斯坦人
quilt,被子
gynecologist,妇科医生
stutter,口吃
warhead,弹头
articulate,能言善辩
spacetime,时空
giulio,朱利奥
nudge,轻推
os,操作系统
mordecai,末底改
bombshell,重磅炸弹
monaco,摩纳哥
brooding,沉思
vertebrae,椎骨
therapeutic,治疗
booker,预订员
coordination,协调
atf,脚气
mathematician,数学家
smeared,涂抹
mizuki,水木
uncontrollable,不可控的
stampede,踩踏
giselle,吉赛尔
amor,爱
prospective,预期
limestone,石灰石
conduit,导管
kabul,喀布尔
modern-day,现代
dipper,杓
willoughby,威洛比
avenger,复仇者
orbits,轨道
sentry,哨兵
scrapes,刮伤
mishap,意外
lyric,歌词
disapprove,不赞成
intimidation,恐吓
doubling,翻倍
impending,即将到来的
sachin,萨钦
shootin,射击
shrinks,收缩
themes,主题
shamed,羞愧
indications,适应症
senora,塞诺拉
crumb,屑
limitless,无限
ahmad,艾哈迈德
tiberius,提比略
caveman,穴居人
bonny,邦妮
faintest,最微弱
hawkes,霍克斯
grandeur,宏伟
deke,德克
prasad,普拉萨德
showering,淋浴
dildo,假阳具
executions,处决
corroborate,证实
contingency,应急措施
suri,苏里
avenged,复仇
defenders,后卫
translates,翻译
mila,米拉
primo,普里莫
bestow,赐给
combinations,组合
godforsaken,天谴
pedestal,座
stout,肥硕
glaciers,冰川
mahal,玛哈尔
moby,莫比
valentino,瓦伦蒂诺
dishonor,羞辱
otter,獭
eminent,杰出
supernova,超新星
weir,堰
java,Java
seasick,晕船
populations,人口
flips,翻转
mooing,哞哞叫
mani,玛尼
cabins,小木屋
pang,疼痛
presumptuous,放肆
subversive,颠覆性的
tokugawa,德川
elastic,松紧带
libya,利比亚
single-handedly,单枪匹马
pristine,纯净无瑕
width,宽度
sweats,汗水
accomplishments,成就
remainder,余
resides,居住地
impaired,受损
yellowstone,黄石公园
retreated,撤退
lateral,侧
remembrance,纪念
smelt,冶炼
biased,有偏见的
strangulation,勒死
prying,窥探
hermes,爱马仕
two-way,双向
sphinx,狮身人面像
self-defence,自卫
internally,内部
rhoda,罗达
fisk,菲斯克
sympathies,同情
nickels,镍币
galloping,疾驰
lamar,拉马尔
dara,达拉
never-ending,永无止境
downloading,下载
douchebag,恶棍
lotto,乐透
danvers,丹弗斯
rephrase,改述
casablanca,卡萨布兰卡
ventilator,呼吸机
kraut,酸菜
sanitation,卫生
ekg,心电图
diseased,患病的
eskimo,爱斯基摩人
confessor,忏悔者
aladdin,阿拉丁
rutledge,拉特利奇
ruddy,红润
brodie,布罗迪
flashback,倒叙
caged,笼中
imperfect,不完善
routines,例行程序
reconnect,重新连接
plymouth,普利茅斯
quantico,匡蒂科
sanctioned,已批准
vulnerability,漏洞
rearrange,重新排列
synced,同步
citadel,堡垒
guillermo,吉列尔莫
nibble,蚕食
forcibly,强制
world-famous,世界闻名
insinuating,暗示
malignant,恶性
enslaved,奴隶
canister,罐
intersect,相交
zeros,零
undefeated,不败
gunned,枪击
candlelight,烛光
clancy,克兰西
big-ass,大屁股
meng,孟
salesmen,推销员
britta,布里塔
daisies,雏菊
maxie,麦克西
thad,萨德
hairdo,发型
oblivious,浑然不觉
yoda,尤达
criticizing,批评
truffle,松露
vie,争夺
crisps,薯片
strangling,勒死
petit,小
shootout,枪战
abduct,拐
cloning,克隆
ranked,排名
dazzle,炫
stork,鹳
coronary,冠状动脉
jive,摇摆舞
mathieu,马修
lard,猪油
shedding,脱落
massages,按摩
poaching,偷猎
immaculate,完美无瑕
hefty,沉重的
stocked,库存充足
buddhism,佛教
monologue,独白
mehmet,穆罕默德
satanic,撒旦教
linear,线性
swami,斯瓦米
blackmailer,勒索者
bora,博拉
endorse,认可
enid,伊妮德
liege,列日
looky,瞧瞧
subsequent,随后的
madden,麦登
snip,剪
hernia,疝
philosophers,哲学家
rapists,强奸犯
recommending,推荐
highways,高速公路
bloodline,血统
septic,化粪池
categories,类别
graces,恩典
hammers,锤子
yeast,酵母
mueller,穆勒
cummings,卡明斯
avocado,牛油果
logically,逻辑上
oaf,笨蛋
corbett,科贝特
prompt,迅速的
alonzo,阿隆佐
mushy,糊状
ei,ei
campsite,营地
eels,鳗鱼
safeguard,保障
bling,闪亮
farted,放屁
auf,上
flex,弹性
fruitcake,水果蛋糕
danes,丹麦人
fulton,富尔顿
heiress,女继承人
beets,甜菜
izzie,伊兹
racetrack,赛道
ganesh,象头神
escorts,伴游
leaps,跳跃
rajesh,拉杰什
parson,牧师
gazing,凝视
pap,帕普
imprint,印记
jigsaw,拼图
coven,女巫集会
palin,帕林
ach,ach
discourage,阻碍
recycle,回收
constantinople,君士坦丁堡
sheesh,哎呀
appalled,震惊
lisbeth,莉丝贝丝
unlawful,非法的
birthplace,出生地
wank,自慰
thriller,惊悚片
hepatitis,肝炎
clutches,离合器
yves,伊夫
publicist,公关人员
briscoe,布里斯科
insistent,坚持
hires,招聘
tentacles,触手
archangel,大天使
schiller,席勒
submerged,湮
brianna,布里安娜
manuela,曼努埃拉
rd,rd
intoxicating,醉人
crock,缸
hither,这里
cliche,陈词滥调
castor,蓖麻
forty-five,45
anastasia,阿纳斯塔西娅
timeless,永恒
enquiries,查询
occurrence,发生
pilates,普拉提
hypocritical,虚伪
sharper,更锐利
healy,希利
manufacturers,制造商
governed,受统治
proteins,蛋白质
resurrected,复活
hearst,赫斯特
cushions,靠垫
psychiatrists,精神科医生
halves,一半
menopause,绝经
butchers,屠夫
preserving,保存
environments,环境
ponytail,马尾辫
all-out,全力以赴
louse,虱
dilated,扩张
garbled,混乱
prognosis,预后
neutron,中子
airtight,密闭
yo-yo,溜溜球
jazzy,爵士乐
ufos,不明飞行物
compounds,化合物
blazes,火焰
bulgarian,保加利亚语
lebeau,勒博
coney,康尼
bulgaria,保加利亚
armageddon,末日之战
contributing,贡献
sinbad,辛巴达
inauguration,就职典礼
slicing,切片
restraints,约束
accents,口音
frederic,弗雷德里克
cavern,洞穴
kremlin,克里姆林宫
warship,军舰
olly,奥利
militant,好战分子
objectives,目标
newscaster,新闻播音员
verne,凡尔纳
calculator,计算器
nicknames,昵称
kiddie,小孩
replay,重播
tibetan,藏
daycare,日托
abuses,滥用
zee,泽
righto,好的
programmes,节目
yung,永
snout,鼻子
rein,缰绳
dwarfs,矮人
mono,单核细胞增多症
darned,该死的
embryo,胚胎
frosting,糖霜
obituary,讣告
tickled,挠痒
truffles,松露
susceptible,易受影响的
heaps,堆积如山
tingling,刺痛感
canvass,帆布
brits,英国人
cherokee,切罗基
tov,托夫
twenties,二十多岁
neanderthals,尼安德特人
perk,福利
pebbles,鹅卵石
braid,编织
fleece,羊毛
sensory,感官
chirp,啁啾
assaults,袭击
pheasant,野鸡
variables,变量
mas,mas
moping,忧郁
docked,停靠
websites,网站
bj,bj
popeye,大力水手
minefield,雷区
sp,sp
histories,历史
distrust,怀疑
yapping,喋喋不休
vigil,守夜
problematic,有问题的
conventions,惯例
smitten,迷恋
craps,掷骰子
invoke,调用
unconventional,非传统
barnett,巴内特
rundown,撞倒
oily,油腻的
giacomo,贾科莫
coordinated,协调
prejudiced,有偏见的
scrambling,争抢
seams,接缝
eyelashes,睫毛
frannie,弗兰妮
arose,出现
corky,软木
discard,丢弃
purchasing,购买
ignacio,伊格纳西奥
hijack,劫持
yam,薯
masquerade,化装舞会
logging,日志记录
arises,出现
dempsey,邓普西
michiko,美智子
settlements,定居点
fetching,获取
goebbels,戈培尔
eagerly,急切地
wring,拧
orbital,轨道
janeway,珍妮薇
maggot,蛆
umbrellas,雨伞
nationality,国籍
cheddar,切达干酪
mana,法力
keel,龙骨
meryl,梅丽尔
alignment,结盟
heterosexual,异性
fats,脂肪
narrows,变窄
heinz,亨氏
irritate,刺激
emissary,使者
taunting,嘲讽
hangman,刽子手
bjorn,比约恩
cunts,婊子
comma,逗号
whimsical,异想天开
format,格式
peachy,桃子味
godspeed,一路顺风
sony,索尼
hitman,杀手
bleeping,哔哔声
demonstrating,演示
jove,木星
overflowing,溢出
tully,塔利
censorship,审查制度
hispanic,西班牙裔
rizzo,里佐
bestowed,授予
shuddering,颤抖
fitch,菲奇
pathological,病理
silhouette,轮廓
mccann,麦肯
obsessing,痴迷
sugars,糖
bachelorette,单身女郎
bonaparte,波拿巴
impartial,公正
metabolism,代谢
astronomical,天文
newcomers,新来者
tabloid,小报
vanquish,征服
zorro,佐罗
willa,威拉
slurps,啜饮
preschool,学前班
remake,重制版
heresy,异端
homeboy,兄弟
ag,农业
ravishing,迷人的
finesse,技巧
ticktock,滴答滴答
minimize,最小化
boca,博卡
woodrow,伍德罗
nigh,夜
nil,零
astronomer,天文学家
selective,选择性
choo,choo
arraignment,提审
crawley,克劳利
superpowers,超级大国
springer,斯普林格
impenetrable,坚不可摧
underdog,弱者
gossiping,八卦
jig,夹具
poached,偷猎
sculpt,塑造
hokkaido,北海道
daniela,丹妮拉
equator,赤道
sexier,更性感
incorporate,包含
cath,凯瑟琳
shivers,颤抖
vinyl,乙烯基塑料
long-range,远程
accumulated,积累
malpractice,弊端
ascend,上升
ecosystem,生态系统
vs,对比
forefathers,祖先
grit,砂砾
etienne,埃蒂安
emilie,艾米莉
soles,鞋底
determines,决定
nylon,尼龙
blob,斑点
snug,舒适
gladiators,角斗士
valentin,瓦伦丁
collaborate,合作
clothed,穿着衣服
uproar,骚动
avail,可用
gentry,绅
defied,违抗
parkinson,帕金森
prune,修剪
hem,她们
ellison,埃里森
ning,宁
hide-and-seek,捉迷藏
lawfully,合法地
fairfax,费尔法克斯
tumors,肿瘤
hots,热门
cade,凯德
ver,版本
mimic,模仿
nacho,玉米片
gordo,戈尔多
thoughtless,轻率
shitload,一大堆
thrice,三次
schoolboy,男生
dusting,除尘
ori,ori
tabloids,小报
mermaids,美人鱼
residual,残余
sancho,桑乔
striped,有条纹的
dod,国防部
blisters,水泡
aftermath,后果
stems,茎
inhaler,吸入器
reinforce,加强
qualifies,符合条件
lube,润滑油
provoking,挑衅
continuum,连续体
guan,关
uma,乌玛
observant,观察者
peng,彭
peppermint,薄荷
fused,融合
csu,加州州立大学
neanderthal,尼安德特人
dukes,公爵们
pierrot,小丑
measurement,测量
prima,普里玛
sergey,谢尔盖
authenticity,真实性
swagger,昂首阔步
soundtrack,原声带
taipei,台北
forman,工头
strut,支撑
ensemble,合奏
duval,杜瓦尔
tantrum,发脾气
motivate,激励
annihilate,歼灭
signore,先生
disrupted,中断
divorcing,离婚
medics,医护人员
confided,坦白
beale,比尔
brandi,布兰迪
wreath,花圈
maui,毛伊岛
bale,包
clergy,牧师
aida,爱达
bieber,比伯
retaliate,报复
genome,基因组
vacancy,空缺
tranquilizer,镇静剂
diligence,勤勉
loops,循环
impertinent,无礼
hwan,焕
advancement,进步
armpit,腋窝
districts,地区
cavalier,骑士
specializes,专业
chong,钟
combing,梳理
self-control,自我控制
mascara,睫毛膏
massa,马萨
revised,修改
compulsion,强迫症
bran,麸
buoy,浮标
criticized,批评
adversity,逆境
beneficiary,受益人
punjabi,旁遮普语
openings,开口
arne,阿恩
graphics,图形
huntsmen,猎人
ozone,臭氧
interpreted,翻译
incomprehensible,难以理解
kaoru,薰
lenient,宽容
perky,活泼的
herod,希律王
unavoidable,不可避免的
retract,缩回
flowed,流动
compression,压缩
demolish,拆除
prodigal,浪子
generously,慷慨地
anonymously,匿名
peabody,皮博迪
crocker,克罗克
amid,之中
youths,青年
dispense,分配
roe,鱼子
telepathy,心灵感应
occupational,职业
osgood,奥斯古德
roxie,罗克西
loudspeaker,喇叭
torched,火炬
yawn,打哈欠
hyena,鬣狗
reiko,玲子
milkman,送奶工
dal,达尔
hillside,山坡
transcripts,成绩单
prevention,预防
tout,兜售者
toenails,脚趾甲
mazel,玛泽尔
imaginative,富有想象力的
heretic,异教徒
hives,麻疹
squawk,发牢骚
repression,抑制
arithmetic,算术
dramas,电视剧
subsequently,随后
cardassian,卡达西人
clanks,叮当声
renewal,续期
shocker,令人震惊
spectacles,眼镜
interval,间隔
quickie,速战速决
proceeded,继续
prometheus,普罗米修斯
performs,表演
senorita,塞尼奥里塔
deadbeat,死懒鬼
burbank,伯班克
mooney,穆尼
geology,地质学
withdrawing,撤退
nav,导航
thi,这
sinus,窦
kennel,狗窝
feldman,费尔德曼
sixpack,六块腹肌
millennia,数千年
subscription,订阅
marquise,侯爵夫人
warlord,军阀
zed,泽德
governors,州长们
unintelligible,无法理解
dag,达格
gaia,盖亚
withheld,隐瞒
involuntary,非自愿
reciting,背诵
massacred,大屠杀
rosetta,罗塞塔
boa,蟒蛇
oils,油
pelt,毛皮
brittle,脆
unprepared,毫无准备
willingness,意愿
cutters,切割器
ins,保险
coarse,粗
frieda,弗里达
mala,马拉
walrus,海象
portrayed,描绘
contemplating,沉思
blaster,爆能枪
tricia,特里西亚
scrubs,磨砂膏
bebe,宝贝
defeats,失败
hollering,大声喊叫
simmer,煨
valencia,瓦伦西亚
annihilation,湮灭
textbooks,教科书
filipino,菲律宾人
filmmakers,电影制作人
tennyson,丁尼生
ps,附言
luv,爱
firewall,防火墙
lyons,里昂
weld,焊接
facade,正面
conserve,养护
stepdad,继父
khanna,卡纳
divulge,泄露
gab,瞎扯
kieran,基兰
ravens,渡鸦
ta-ta,哒哒
wiley,威利
weirdos,怪人
quartet,四重奏
kickass,踢屁股
conferences,会议
dusted,掸去灰尘
silicone,硅酮
clocked,打卡
tanning,晒黑
breathless,喘不过气
smacking,拍打
mantra,咒语
vests,背心
epiphany,顿悟
motherhood,母性
decor,装饰风格
perch,栖息
flux,通量
maynard,梅纳德
totem,图腾
cherie,雪莉
secluded,僻
smother,窒息
checkup,清理
patronize,惠顾
mower,割草机
pediatrician,儿科医生
bridesmaids,伴娘
jehovah,耶和华
dem,民主
informants,线人
thunk,砰！
tract,通道
pliers,钳
harming,伤害
pooch,狗
coca-cola,可口可乐
anti,反对
reinstated,恢复
gland,腺
stricken,受打击的
dials,拨号盘
zeta,zeta
exes,前任
haines,海恩斯
tandy,坦迪
disputes,争议
dizziness,头晕
knowingly,明知
frida,弗里达
newcastle,纽卡斯尔
groves,小树林
stalag,斯塔拉格
festivals,节日
grudges,怨恨
blabbering,胡言乱语
plural,复数
curriculum,课程
firehouse,消防站
coo,酷
pug,哈巴狗
clerks,职员
savvy,精明
chopin,肖邦
rebekah,丽贝卡
dictated,口述
siding,壁板
dios,神
peking,北京
valor,勇气
dahlia,大丽花
liras,里拉
affordable,价格实惠
scrawny,瘦弱的
disorderly,乱
psi,磅/平方英寸
unattractive,缺乏吸引力
eulogy,颂
marlow,马洛
felonies,重罪
gingerbread,姜饼
gent,绅士
misdemeanor,轻罪
spaniard,西班牙人
flagged,已标记
optimist,乐天派
mori,森
commons,公共领域
waitresses,女服务员
wanders,漫游
mugging,抢劫
crammed,拥挤
babysit,照看孩子
cayman,鳄鱼
accommodations,住宿
possessive,所有格
shutdown,关闭
compressed,压缩
czechoslovakia,捷克斯洛伐克
geologist,地质学家
crossbow,弩
aspiring,有抱负的
autism,自闭症
commandment,诫命
fateful,命运的
rooftops,屋顶
leningrad,列宁格勒
lexington,列克星敦
archers,弓箭手
cremation,火葬
petroleum,石油
diem,迪姆
moped,轻便摩托车
clair,克莱尔
blooms,花朵
lamborghini,兰博基尼
dysfunctional,功能失调
picturing,想象
ifl,伊弗
purchases,购买
debrief,汇报
pulses,脉冲
make-believe,让我相信
devin,德文
barbershop,理发店
rana,拉纳
condone,宽恕
excitedly,兴奋地
antarctic,南极
manned,有人值守
crafts,工艺
awaited,等待中
atkins,阿特金斯
beards,胡须
chaser,追逐者
subbing,字幕
chatty,健谈
inez,伊内兹
maintains,保持
readily,容易
gunny,枪炮
baffled,困惑
insatiable,贪得无厌
archibald,阿奇博尔德
skater,滑冰者
jungles,丛林
upstanding,正直
spacious,宽敞
probst,普罗布斯特
sheng,盛
foolproof,绝对可靠
nutter,疯子
confine,局限
fam,家人
diablo,暗黑破坏神
leone,莱昂
daydreaming,白日梦
incest,乱伦
abba,阿爸
mathilde,玛蒂尔德
unanswered,未解答
exaggeration,夸张
shorten,缩短
ramu,拉姆
biggs,比格斯
guise,伪装
graze,轻擦
clarinet,单簧管
cuddly,可爱的
americas,美洲
scavenger,拾荒者
middleman,中间人
garde,护卫
alot,很多
crusader,十字军战士
baa,咩咩
propane,丙烷
sickening,令人作呕
thrills,刺激
toothache,牙疼
overhear,无意中听到
altercation,争吵
tudor,都铎王朝
freckles,雀斑
furthest,最远
fuses,保险丝
swamps,沼泽
ambassadors,大使们
zhen,珍
superpower,超级大国
enraged,愤怒
esmeralda,埃斯梅拉达
loomis,卢米斯
unpopular,不受欢迎的
locating,定位
fitzpatrick,菲茨帕特里克
ordinance,条例
grocer,杂货商
courtship,求爱
zak,扎克
pics,图片
ripple,波纹
smashes,粉碎
conjure,变戏法
winch,绞盘
shipments,货物
hustling,忙碌
glorified,光荣的
spied,间谍
cabinets,橱柜
cylinders,气缸
mongrel,杂种狗
dui,酒后驾车
chlorine,氯
radiology,放射学
hadley,哈德利
oscars,奥斯卡
projections,预测
soggy,湿漉漉的
regal,尊贵
assumes,假设
boycott,联合抵制
klingons,克林贡人
progressed,进展
telescopes,望远镜
bradshaw,布拉德肖
pats,轻拍
unclean,不洁
banners,横幅
mesa,台面
consumers,消费者
germ,细菌
stafford,斯塔福德
excursion,短途旅行
heartland,中心地带
jenn,珍妮
gm,格姆
spontaneously,自发地
takeda,武田
dun,逼债
initiating,启动
modifications,修改
feces,屎
droid,机器人
alcoholics,酗酒者
horde,部落
grips,握把
roderick,罗德里克
premise,前提
scorpions,蝎子
campaigning,竞选活动
obstinate,顽固
fiver,五英镑
outburst,爆发
diaphragm,隔膜
handbook,手册
rudolf,鲁道夫
serbs,塞尔维亚人
derived,衍生的
croak,发牢骚
executing,执行
interim,临时
snowed,下雪了
rosary,念珠
scourge,祸害
pippi,皮皮
drowns,溺水
crore,千万
tic,抽搐
adrift,漂流
bisexual,双性恋
pointers,指针
eradicate,根除
spunk,胆量
snyder,斯奈德
three-way,三方
self-conscious,自我意识
hyper,超
inning,局
expendable,消耗品
addams,亚当斯
noelle,诺埃尔
chandu,昌杜
ono,小野
sutter,萨特
hazy,朦胧
relocate,搬迁
alleys,小巷
sunflower,向日葵
irritable,易怒的
hanger,衣架
neuro,神经系统
clooney,克鲁尼
silky,丝滑
tricking,欺骗
popsicle,棒冰
yau,姚
urging,敦促
moroccan,摩洛哥
encyclopedia,百科全书
stripe,条纹
stationary,静止的
ptsd,创伤后应激障碍
secondhand,二手
sermons,布道
dink,丁克
parched,干渴
guinness,吉尼斯
ravioli,馄饨
predicting,预测
masterson,马斯特森
helsinki,赫尔辛基
excruciating,痛苦不堪
callum,卡勒姆
consensual,双方同意
compute,计算
trays,托盘
nikhil,尼基尔
overjoyed,欣喜若狂
liberals,自由派
mcguire,麦奎尔
warehouses,仓库
durga,杜尔迦
harald,哈拉尔德
stereotype,刻板印象
cartridges,墨盒
whitaker,惠特克
raiding,突袭
sustainable,可持续的
commissar,政委
soiled,脏的
standpoint,立场
fruity,果香
rafa,拉法
creams,乳霜
watcher,观察者
thereafter,此后
egon,伊贡
drifter,流浪者
financed,融资
fairytale,童话
intimately,亲密地
keisha,凯莎
wrapper,包装纸
spectator,旁观者
purest,最纯净的
raisin,葡萄干
alchemy,炼金术
antimatter,反物质
withered,干枯
saki,清酒
maki,卷寿司
rutherford,卢瑟福
shovels,铲子
piers,码头
deprivation,剥夺
loren,洛伦
landon,兰登
curing,养护
deluded,妄想
wynn,永利
rumored,传闻
eject,喷射
banzai,万岁
qc,质量控制
caved,坍塌
mackey,麦基
binds,结合
keating,基廷
nailing,钉钉子
botched,搞砸了
takeshi,武
botox,肉毒杆菌
pinto,平托
tinkle,小便
nfl,美国橄榄球联盟
supplement,补充
tragedies,悲剧
overcooked,煮过头了
immersed,沉浸式
rollo,罗洛
crucifix,十字架
tamed,驯服
czar,沙皇
withhold,扣压
seismic,地震
muppet,木偶
asphalt,沥青
bobbi,鲍比
charred,烧焦的
bowed,鞠躬
floorboards,地板
tycoon,巨头
defects,缺陷
aristocrat,贵族
vocals,人声
recurring,再次发生的
epilepsy,癫痫
shakily,摇摇晃晃地
self-centered,以自我为中心
weller,韦勒
poachers,偷猎者
garments,服装
welcomes,欢迎
balm,香脂
nagasaki,长崎
cooker,炊具
swaying,摇晃
georgetown,乔治城
pardoned,赦免
mach,马赫
moors,沼泽地
yeong,英
yippee,耶！
sheds,棚屋
fifi,菲菲
quirky,古怪的
steamer,汽船
ritter,骑士
nim,尼姆
flunked,不及格
sparring,陪练
sabina,萨宾娜
ceases,停止
lexie,莱克西
nesting,嵌套
blackberry,黑莓
fiercely,激烈地
impound,扣押
ucla,加州大学洛杉矶分校
bengal,孟加拉
cache,缓存
lifeboat,救生艇
creme,奶油
hallie,哈莉
rhine,莱茵河
consequently,最后
revolutions,革命
shim,垫片
shyam,沙姆
rosewood,红木
larvae,幼虫
hos,医院
yeti,雪人
fluttering,飘动
gregson,格雷格森
mandela,曼德拉
occupying,占领
jeanie,珍妮
aphrodite,阿芙洛狄忒
cools,冷却
lasse,拉塞
snuggle,依偎
riled,激怒
turnover,周转
misleading,误导性的
presiding,主持
accessing,访问
kicker,踢球手
pre,预
hosted,托管
ordained,受戒
nassau,拿骚
hombre,男人
brazen,厚颜无耻
prof,教授
stitching,缝合
nook,角落
splashes,水花
cyclone,气旋
zheng,郑
lovingly,深情地
colonists,殖民者
researched,研究
physicians,医生
hogs,猪
unwise,失策
affliction,痛苦
aspire,渴望
dow,道琼斯
hooch,私酿酒
pai,派
lacerations,撕裂伤
tasteless,无味
deirdre,迪尔德丽
welch,韦尔奇
unbreakable,牢不可破
carnal,肉体
generic,通用的
melodramatic,戏剧性的
distressing,令人痛心
sentinel,哨兵
lifetimes,一生
yelping,尖叫
projecting,投影
takahashi,高桥
nepal,尼泊尔
bela,贝拉
unattended,无人看管
hellhole,地狱般的洞穴
renault,雷诺
efficiently,高效
gonzales,冈萨雷斯
wobbly,摇摇晃晃
recruitment,招聘
lasalle,拉萨尔
wilhelmina,威廉明娜
hashtag,井号
reek,臭
emphasize,强调
melons,甜瓜
dept,部门
chore,家务
scat,粪便
aired,播出
chardonnay,霞多丽
nigeria,尼日利亚
meats,肉类
monetary,货币
lowry,洛瑞
tormenting,折磨
combining,结合
vixen,泼妇
napping,打盹
deactivate,停用
goblins,哥布林
merrier,更快乐
busts,半身像
regrettable,令人遗憾
ugliest,最丑陋的
tac,塔克
evasion,逃避
clementine,克莱门汀
overworked,过度劳累
pta,比重
waterproof,防水的
alamo,阿拉莫
salome,莎乐美
halibut,大比目鱼
seon,世安
communicator,沟通者
laced,系带
fuels,燃料
phi,phi
supervising,监督
slogans,口号
garnish,装饰
kam,卡姆
mendez,门德斯
spruce,云杉
seducing,诱惑
implicate,牵连
leper,麻风病人
unpacking,拆包
germaine,日耳曼
ponder,思考
nicknamed,绰号
femur,股骨
detonated,引爆
technicality,技术性
double-check,再次确认
situated,位于
vindictive,报复心强的
twit,推特
obeying,服从
lutz,卢茨
waldorf,华德福
larissa,拉里萨
gopi,戈皮
hypocrites,伪君子
shogunate,幕府
mural,壁画
enlarged,放大
glittering,闪闪发光
woven,编织
contender,竞争者
orpheus,俄耳甫斯
illnesses,疾病
captures,捕捉
margaritas,玛格丽塔酒
hammock,吊床
prolong,延长
gallop,驰骋
lieutenants,中尉
whistler,惠斯勒
chihuahua,吉娃娃
tehran,德黑兰
pasadena,帕萨迪纳
stroller,婴儿车
bs,bs
issuing,发行
ie,IE
foes,敌人
tig,虎
proprietor,业主
speciality,专业
centered,居中
rosita,罗西塔
granting,授予
hindus,印度教徒
gills,鳃
puyo,噗哟
sos,求救信号
edwina,埃德温娜
mistresses,情妇们
fingernail,指甲
starry,繁星
hubbard,哈伯德
lolly,棒棒糖
cardio,有氧运动
sit-down,坐下
delaying,延迟
savoy,萨沃伊
fahrenheit,华氏度
chaste,贞洁
night-night,晚安
buttercup,毛茛
barricades,路障
berth,泊位
stoner,瘾君子
hitter,击球手
anonymity,匿名
clippings,剪报
mod,模组
dia,迪亚
dodd,多德
insecurity,不安全感
contests,比赛
incriminate,定罪
variable,多变的
startin,开始
chloroform,氯仿
essays,散文
poised,准备
abrupt,突然
coworker,同事
hauser,豪瑟
exodus,出埃及记
refinery,炼油厂
browns,棕色
gonzo,冈佐
proclaimed,宣布
techs,技术人员
kuwait,科威特
rustic,乡村
dislocated,脱臼
celsius,摄氏度
intervened,介入
mane,鬃毛
confessional,忏悔
tagging,标签
pinching,捏
sideshow,杂耍表演
allegation,指控
polio,脊髓灰质炎
hoe,锄
motorway,高速公路
sayonara,再见
lastly,最后
duped,受骗
spout,喷口
mun,蒙
rupa,鲁帕
undergoing,正在经历
smothered,窒息
sulu,苏鲁
nowt,现在
micro,微
garvey,加维
teapot,茶壶
diplomats,外交官
exhibits,展品
confronting,面对
healthcare,卫生保健
mattresses,床垫
buick,别克
toxicology,毒理学
liberating,解放
climber,登山者
opal,蛋白石
reba,丽芭
contend,抗衡
built-in,内置
lamont,拉蒙特
switchboard,总机
sana,萨那
yap,雅普
insights,洞察
disoriented,迷失方向
meditating,冥想
nightclubs,夜总会
cater,迎合
emeralds,祖母绿
facilitate,促进
vigorous,蓬勃
all-american,全美式
intervals,间隔
excel,Excel
fraulein,弗劳莱因
reggae,雷鬼乐
plastics,塑料
revere,尊敬
lore,知识
creditors,债权人
resented,怨恨
blossomed,盛开
activating,激活
composite,合成的
hindsight,事后看来
mummies,木乃伊
bedding,寝具
craven,懦夫
shitless,没屎
first-rate,第一流
songwriter,词曲作者
scented,香味
plankton,浮游生物
baird,贝尔德
locomotive,机车
ticked,勾选
mapped,已映射
jolt,颠簸
reforms,改革
gucci,古驰
overcoat,大衣
bishops,主教们
conscientious,尽责的
venetian,威尼斯
evey,每一个
calder,卡尔德
logistics,后勤
ahmet,阿赫迈特
dieter,节食者
rampant,猖獗
waverly,韦弗利
whitehall,白厅
hock,跺脚
chrome,铬合金
sandman,睡魔
balancing,平衡
canals,运河
oxen,牛
superhuman,超人类
ein,一个
rogues,流氓
dossier,卷宗
pikachu,皮卡丘
waxed,打蜡
infested,受感染的
benz,奔驰
folklore,民俗学
double-cross,双重背叛
turban,头巾
carriages,马车
warm-up,热身
lanka,斯里兰卡
ade,艾德
recycled,回收利用
alden,奥尔登
busiest,最繁忙
courteous,有礼貌
baptize,施洗
bowing,鞠躬
ventura,文图拉
pamphlets,小册子
amiss,错误
michaela,米凯拉
hex,十六进制
swapping,交换
detergent,洗涤剂
afflicted,受苦的
overalls,连体工作服
reboot,重启
pining,思念
nazareth,拿撒勒
insubordination,不服从
sputters,溅射
slammer,重击手
vices,恶习
dungeons,地下城
binary,二进制
hesitating,犹豫不决
attendants,服务员
fined,罚款
sanford,桑福德
volkswagen,大众汽车
excrement,粪便
dictates,规定
epstein,爱泼斯坦
swims,游泳
ethic,伦理
boulders,巨石
lockwood,洛克伍德
bucharest,布加勒斯特
twos,二
cornelia,科妮莉亚
founders,创始人
tb,结核病
locksmith,锁匠
circulating,循环
seine,罾
rattlesnake,响尾蛇
toying,玩具
cardiff,卡迪夫
chitchat,闲谈
chimpanzee,黑猩猩
envied,令人羡慕
nocturnal,夜
galleries,画廊
partisan,党派
cluck,咕
falco,猎鹰
hobson,霍布森
clandestine,秘密
doctorate,博士学位
blackadder,黑爵士
smudge,弄脏
bona,博纳
pressuring,加压
kindest,最善良的
moray,海鳗
cuddy,卡迪
beastly,兽
agile,敏捷
sodas,汽水
visas,签证
portia,波西亚
specter,幽灵
det,底特律
nabbed,被抓获
integration,一体化
granville,格兰维尔
bayou,河口
sorceress,巫婆
harvesting,收割
bakers,面包师
litigation,诉讼
misa,弥莎
disruption,中断
shellfish,贝类
kerala,喀拉拉邦
grasping,抓握
prakash,普拉卡什
apostles,使徒
kraft,牛皮纸
extermination,灭绝
arsonist,纵火犯
gathers,聚集
tsui,崔
tubby,胖乎乎的
refreshment,清爽
bony,骨质
fifty-fifty,五五开
tuttle,塔特尔
diligent,勤奋
handiwork,手工制品
disguises,伪装
sneaks,潜行者
installing,安装
betrays,背叛
malhotra,马尔霍特拉
transvestite,变装癖
darth,达斯
secular,世俗
newer,较新的
watery,水状的
pecker,啄木鸟
surrendering,投降
intestine,肠
md,医学博士
repentance,悔改
pushups,俯卧撑
burdens,负担
mont,蒙特
plums,李子
sulk,闷闷不乐
arden,阿登
cleavage,乳沟
blunder,错误
panty,内裤
detox,排毒
thyself,你自己
anticipating,预期
scoffing,嘲笑
recognizing,识别
uptempo,快节奏
judgments,判决
headmistress,校长
goddamnit,该死的
telepathic,心灵感应
spineless,没骨气的
astrology,占星术
reza,雷扎
dopey,傻瓜
drummond,德拉蒙德
trusty,可靠
loveliest,最可爱的
ditching,沟渠
reassigned,重新分配
elly,艾莉
faber,费伯
pusher,推手
col,科尔
chucky,恰奇
dashed,虚线
cashmere,羊绒
cams,摄像头
etcetera,等等
mistletoe,槲寄生
sorcery,巫术
teas,茶
innkeeper,旅店老板
maidens,少女们
tranquility,宁静
mais,麦斯
indicator,指标
phaser,相位器
nutritious,营养丰富的
rb,rb
mutated,变异
varied,多种多样
inhouse,内部
heightened,增强
blatant,明目张胆
proclamation,公告
guerrillas,游击队
trident,三叉戟
collin,科林
corvette,克尔维特
ticklish,痒痒
gaping,张开的
ideally,理想情况下
oars,桨
scandals,丑闻
vengeful,复仇的
widowed,寡
brit,英国人
emmanuel,伊曼纽尔
postmortem,尸检
salted,咸的
surpassed,超越
exert,发挥
poorest,最贫困
systematically,系统地
evac,撤离
radically,根本
purify,净化
vibrate,颤动
announces,宣布
transgender,跨性别
lofty,高远
sequences,序列
nance,金融
addy,阿迪
tulips,郁金香
illustrated,插图
unlocking,解锁
shudders,颤抖
nurturing,培育
merrill,梅里尔
generates,生成
disloyal,不忠
aggressively,咄咄逼人
skywalker,天行者
asbestos,石棉
haru,春
improv,即兴表演
ems,紧急医疗服务
hayat,哈亚特
unpunished,未受惩罚
displaced,流离失所
andersen,安徒生
bowen,鲍文
mi5,军情五号
thundering,雷鸣
semi,半
crutch,拐杖
silo,筒仓
screw-up,搞砸了
yokohama,横滨
rubs,摩擦
dipshit,傻瓜
levy,征收
symmetry,对称
inflammation,炎
unaccounted,未说明的
nikola,尼古拉
licorice,甘草
applauds,鼓掌
homeroom,班主任
kabaddi,卡巴迪
grievous,严重的
counselling,咨询
ortega,奥尔特加
trample,践踏
nani,娜妮
tipsy,微醺
rigorous,严格的
brewer,酿酒师
hurdle,栏
chisel,凿
kiran,基兰
bistro,小酒馆
hao,豪
wainwright,温赖特
chests,箱子
newkirk,纽柯克
bottomless,无底
combustion,燃烧
erupted,爆发
autobots,汽车人
clifton,克利夫顿
forwarded,转发
katrine,卡特琳娜
tidings,消息
stubbornness,固执
dix,迪克斯
pelican,鹈
matchmaker,媒人
howell,豪厄尔
geiger,盖革
moles,鼹鼠
binge,狂饮
piping,管道
tiff,蒂芙
penalties,处罚
enables,启用
irrigation,灌溉
hunchback,偻
margins,边距
relocated,搬迁
centres,中心
pitches,投球
vaults,金库
hyacinth,风信子
gable,山墙
swirling,旋转
filly,小母马
putty,油灰
revisit,重访
fanatics,狂热分子
concerto,协奏曲
double-crossed,背叛
unbeatable,无敌
matey,伙计
kemal,凯末尔
carthage,迦太基
loophole,漏洞
replies,回复
beeper,寻呼机
injure,损伤
cookbook,食谱
align,对齐
sanctity,圣洁
spilt,洒了
whence,何处
geographic,地理
admirers,仰慕者
mislead,误导
a-team,A队
treadmill,跑步机
ferrara,费拉拉
fated,命中注定
resurrect,复活
rina,丽娜
fetal,胎
coca,古柯
qaeda,基地组织
nona,诺娜
hoots,呼啸声
tampons,卫生棉条
crept,悄悄地爬
mania,狂热
unplug,拔
veggie,素食
keyes,基斯
subordinate,下属
timely,及时
telugu,泰卢固语
proofs,证明
ivanovich,伊万诺维奇
appropriately,适当
vendors,供应商
recap,概要
roo,袋鼠
dinky,小巧玲珑
accountants,会计师
archaeology,考古学
mikael,米凯尔
strangler,绞杀者
genghis,成吉思汗
freshmen,大一新生
nic,尼克
nothingness,虚无
katarina,卡塔琳娜
authorised,授权
brightness,亮度
maximus,马克西姆斯
payson,佩森
bogart,博加特
urinating,排尿
dok,医生
violets,紫罗兰
compromises,妥协
defences,防御
ibm,IBM
scanlon,斯坎伦
corp,公司
compulsory,强制性的
seasoning,调料
taft,塔夫脱
famously,众所周知
surfaced,浮出水面
gibraltar,直布罗陀
cuckold,乌龟
uneven,不均匀
reopened,重新开放
blip,闪烁
valhalla,瓦尔哈拉
midori,绿
similarity,相似
frodo,弗罗多
gizmo,小玩意
swindler,骗子
indulgence,放纵
wat,什么
co-op,合作社
topper,顶
alligators,鳄鱼
garry,加里
dives,潜水
minneapolis,明尼阿波利斯
reeling,卷曲
bene,好处
outlets,商店
siamese,暹罗猫
rupee,卢比
unrealistic,不切实际
endangering,危及
gonzalez,冈萨雷斯
gist,要旨
adventurer,冒险家
prosthetic,假肢
bayonet,刺刀
julianne,朱莉安
bismarck,俾斯麦
dresden,德累斯顿
paro,帕罗
next-door,隔壁
encoded,编码
ruff,粗糙
luce,露西
supermodel,超模
pollock,狭鳕
calmer,更平静
chestnuts,栗子
parsley,香菜
overgrown,长得太茂盛了
storming,暴风雨
run-in,冲突
alfa,阿尔法
sicker,更病
maru,丸
abbas,阿巴斯
inge,英格
resilient,有弹性的
ly,ly
monet,莫奈
abominable,可恶
empires,帝国
revise,修订
vets,兽医
arches,拱门
condor,秃鹰
apaches,阿帕奇人
blackouts,停电
advertised,广告
quixote,堂吉诃德
labored,辛勤劳作
yee-haw,耶哈
excavation,挖掘
salud,萨鲁德
ironed,熨烫过的
francie,弗兰西
bartholomew,巴塞洛缪
laboratories,实验室
twenty-three,23
riddled,布满谜团
flung,扔
yanked,猛拉
sadder,更悲伤
neurons,神经元
licenses,许可证
dingdong,叮咚
communicated,沟通
nutshell,简而言之
scofield,斯科菲尔德
savor,品尝
cbc,加拿大广播公司
bedrock,基岩
tempered,淬火
bunty,邦蒂
pol,政治
cleansed,已清洗
favourites,收藏夹
rigging,索具
dawned,黎明
inconclusive,结论不明
graph,图形
twigs,树枝
callous,冷酷
tyr,泰尔
bosch,博世
embezzlement,挪用公款
decapitated,被斩首
seinfeld,宋飞正传
bannister,栏干
mccain,麦凯恩
clusters,集群
annex,附件
samuels,萨缪尔斯
royalties,版税
seville,塞维利亚
admittedly,诚然
gimmick,手法
two-thirds,三分之二
lobos,狼
verb,动词
mistaking,误会
abrasions,擦伤
frazer,弗雷泽
stow,存放
unchanged,未更改
andes,安第斯山脉
neglecting,疏忽
daggers,匕首
hypnotic,催眠的
distributing,分发
stonehenge,巨石阵
hailing,欢呼
vapor,汽
clemens,克莱门斯
blanchard,布兰查德
waive,放弃
lavish,奢华的
cultivated,栽培
sunscreen,防晒霜
buffoon,丑角
hooded,连帽的
obstructing,阻碍
bonuses,奖金
rapture,狂喜
olympia,奥林匹亚
grate,格特
inconsiderate,不体贴
armchair,扶手椅
floppy,软盘
loitering,游荡
clement,克莱门特
drainage,引流
sho,鞋子
mongolia,蒙古
woodland,林地
looted,被洗劫一空
scruples,顾虑
frisky,活泼的
rubies,红宝石
sovereignty,主权
recovers,恢复
betrayer,背叛者
promoter,启动子
ugliness,丑陋
cancellation,消除
bribing,贿赂
merged,合并
aggie,艾吉
barons,男爵们
regression,回归
susana,苏珊娜
punishable,可处罚的
ganges,恒河
bachelors,单身汉
forgetful,健忘
asha,阿莎
pilate,普拉提
disgruntled,不满的
fireflies,萤火虫
deceitful,欺骗性的
splat,啪嗒
movers,搬家公司
mended,已修复
plating,电镀
misunderstandings,误会
cryptic,神秘的
monika,莫妮卡
jefe,老板
marmalade,果酱
coals,煤炭
ignores,忽略
rhythms,节奏
sculpted,雕刻的
vicente,维森特
pounce,猛扑
lesley,莱斯利
all-star,全明星
completes,完成
pim,皮姆
assert,断言
ht,ht
favored,受青睐
curled,卷曲
pelvic,骨盆
pansy,三色堇
requiring,需要
entities,实体
tenor,男高音
measly,微不足道的
tino,蒂诺
hoodlums,流氓
indie,独立
ladders,梯子
tasteful,有品味的
lassiter,拉西特
shaker,摇晃器
maritime,海上
absorbing,吸收
mclaren,迈凯伦
splendor,辉煌
sax,萨克斯
denounced,谴责
antics,滑稽动作
hailed,赞誉
meanest,最卑鄙的
sprinkles,糖屑
trampoline,蹦床
swag,纪念品
roaches,蟑螂
othello,奥赛罗
profiling,画像分析
lifesaver,救生员
slurring,含糊不清
platonic,柏拉图式
hoi,嗨
cretin,克汀病
hyenas,鬣狗
harshly,严厉地
camila,卡米拉
krypton,氪
autobiography,自传
humorous,幽默
seamus,西莫斯
hussy,荡妇
nodding,点头
comp,电脑
lyman,莱曼
cooperate,合作
keenan,基南
fiscal,财
baltic,波罗的海
hallways,走廊
gracefully,优雅地
comforted,安慰
promenade,长廊
champs,冠军
exorcist,驱魔人
courtesan,妓女
clubbing,夜店
alloy,合金
drive-in,汽车影院
right-handed,右撇子
guitarist,吉他手
suede,绒面革
roasting,烘焙
kun,君
plaid,格子图案
rollers,滚筒
nyu,纽约大学
flannel,绒布
seventy-five,七十五
niche,小众市场
census,人口普查
mata,玛塔
braver,更勇敢
verona,维罗纳
hysterically,歇斯底里地
shriek,尖叫
klan,三K党
bathrobe,浴衣
atrocious,极其恶劣
borough,行政区
chalice,圣杯
frazier,弗雷泽
airspace,空域
hesitant,犹豫不决
aborted,中止
jeweler,珠宝商
rhetoric,修辞
brice,布莱斯
strickland,斯特里克兰
seamstress,裁缝
feverish,发烧
saffron,藏红花
storing,存储
mla,毫升
regeneration,再生
augusta,奥古斯塔
scorpio,天蝎座
algiers,阿尔及尔
forbade,禁止
hushed,静静地
suitors,求婚者
governing,治理
dotty,点点的
matured,成熟的
tropics,热带
threes,三
trapping,诱捕
chantal,尚塔尔
swann,斯旺
warrick,沃里克
slots,插槽
dune,沙丘
horseshit,胡说
extinguish,熄灭
juggle,杂耍
yon,远
mobilize,动员
trucking,卡车运输
berman,伯曼
hakeem,哈基姆
framework,框架
kan,坎
attackers,攻击者
prenup,婚前协议
orphaned,孤儿
parry,招架
respective,各自
dario,达里奥
prerogative,特权
chipper,碎枝机
ramiro,拉米罗
attenborough,阿滕伯勒
mortified,羞愧难当
crusoe,克鲁索
axes,轴
pickpocket,扒手
on-line,在线的
flammable,易燃
apos,波斯
leicester,莱斯特
archery,射箭
blanc,布兰克
henchmen,喽啰
talon,爪
hardison,哈迪森
purses,钱包
glucose,葡萄糖
whims,心血来潮
muff,耳罩
cauldron,釜
roundabout,迂回
gorman,戈尔曼
estranged,疏远的
phobia,恐怖症
aang,安昂
vanishes,消失
watchers,观察者
banning,禁止
navel,脐
ascension,升天
piazza,广场
goth,哥特
projectile,弹丸
fueled,燃料
brothels,妓院
jitters,紧张不安
crybaby,爱哭鬼
upstream,上游
notification,通知
bennie,本尼
a-bomb,原子弹
fabricated,制造
grumbles,抱怨
ck,ck
ish,ish
regis,雷吉斯
inga,英加
textile,纺织品
realism,现实主义
dominance,支配地位
circulate,流通
autistic,自闭症
sickly,病弱的
ambulances,救护车
sac,囊
siri,Siri
spiritually,精神层面
recreational,休闲
forwarding,转发
tetanus,破伤风
fliers,传单
prowl,潜行
quot,引用
atop,顶部
itches,瘙痒
meningitis,脑膜炎
post-op,术后
emailed,通过电子邮件发送
dimes,一角硬币
suburb,市郊
hartman,哈特曼
aztec,阿兹特克
mocha,摩卡
accursed,被诅咒的
dmitri,德米特里
sarajevo,萨拉热窝
kern,内核
launcher,启动器
improvised,即兴发挥
defying,反抗
sofie,索菲
mohammad,穆罕默德
halley,哈雷
ducking,躲避
alexandre,亚历山大
uglier,更丑
mitt,手套
taurus,金牛座
warheads,弹头
apps,应用
inspected,检查
stuck-up,傲慢
undoing,撤销
counties,县
perm,永久
shuffling,洗牌
half-brother,同父异母或同母异父的兄弟
bengali,孟加拉
weakling,弱者
grampa,爷爷
humid,湿
infants,婴儿
barman,酒吧招待
straits,海峡
annulment,废除
qiu,邱
mapping,地图
spotting,发现
eyed,眼睛
zing,活力
decode,解码
umbilical,脐带
blackboard,黑板
probes,探针
cutlery,刀具
booger,鼻屎
hasta,哈斯塔
shoelaces,鞋带
redeemed,已赎回
morgana,摩根娜
hue,色调
exterminator,灭虫员
aristocracy,贵族
wavelength,波长
merry-go-round,旋转木马
replacements,替换
bongo,邦戈鼓
fittest,最强
glum,沮丧
deanna,迪安娜
gloucester,格洛斯特
drive-by,驾车枪击
perilous,危险的
snooze,打盹
commandos,突击队员
wasps,黄蜂
abhi,阿比
jimmie,吉米
full-scale,全面
processor,处理器
pendleton,彭德尔顿
ascertain,探明
deadliest,最致命的
reproductive,生殖
prophecies,预言
instinctively,本能地
commencing,开始
mined,矿井
reassured,放心
dislikes,不喜欢
jokers,小丑
phasers,相位枪
strayed,迷路了
feller,伙计
templeton,坦普尔顿
all-powerful,全能的
curling,冰壶
winthrop,温斯罗普
monoxide,一氧化碳
xin,欣
rankin,兰金
rolls-royce,劳斯莱斯
armada,舰队
overreact,反应过度
twirl,捻
kits,套件
hanks,汉克斯
fountains,喷泉
sawdust,锯末
firefly,萤火虫
interstellar,星际穿越
subdue,征服
massimo,马西莫
fabrics,布料
simulate,模拟
libraries,图书馆
arbitrary,随意的
petrov,彼得罗夫
ratchet,棘轮
vascular,血管
coos,咕咕
babysitter,保姆
handmade,手工制作的
bluebell,蓝铃花
five-star,五星级
ultraviolet,紫外线
obesity,肥胖
sensations,感觉
deem,认为
higgs,希格斯
reigns,统治
dub,配音
bounces,弹跳
nicaragua,尼加拉瓜
dawes,道斯
self-confidence,自信
shrek,史莱克
basque,巴斯克
burrow,洞穴
pawned,典当
boardwalk,木板路
poultry,家禽
scrapbook,剪贴簿
fantasize,幻想
watered,浇水
offending,犯罪
roswell,罗斯威尔
magdalena,玛格达莱娜
overkill,过度反应
sodom,所多玛
antelope,羚羊
discord,Discord
henna,指甲花
pigsty,圊
aristocrats,贵族
downstream,下游
undies,内衣
dashboard,仪表板
chez,chez
inconsistent,不一致
wickedness,邪恶
bok,博克
disagreed,不同意
susannah,苏珊娜
piccolo,短笛
vila,维拉
soto,索托
would-be,准
pauper,穷光蛋
oxide,氧化物
cauliflower,菜花
fiddler,小提琴手
ivo,伊沃
matteo,马特奥
right-wing,右翼
nitro,硝基
guacamole,鳄梨酱
branson,布兰森
cosette,珂赛特
pawns,兵
cardinals,红雀队
tailed,有尾巴的
verde,verde
vd,vd
fiji,斐济
extinguished,熄灭
enquire,查询
prude,伪善
lik,点赞
boundless,无边无际
climbers,登山者
romantically,浪漫地
hefner,赫夫纳
strands,线
arrivals,到达
hula,草裙舞
combed,梳理过的
sou,苏
corresponding,相应的
kindred,亲属
repel,击退
pil,药丸
worst-case,最坏情况
genoa,热那亚
durham,达勒姆
squish,挤压
shopkeeper,店主
grownups,大人
nik,尼克
showroom,展厅
warts,疣
overdoing,做得太过火了
laxmi,拉克什米
laundromat,自助洗衣店
small-town,小镇
humanoid,人形
dreadfully,极其糟糕
cheery,欢快的
shards,碎片
shenanigans,恶作剧
std,标准
rhythmically,有节奏地
ronaldo,罗纳尔多
hbo,HBO
atticus,阿提克斯
bligh,布莱
masons,石匠
encourages,鼓励
barrage,弹幕
blockhead,傻瓜
sealing,密封
annihilated,彻底消灭
glover,手套
harvested,收获
trisha,特里莎
overloaded,过载
narc,麻醉师
tulsa,塔尔萨
persia,波斯
spills,溢出物
timo,蒂莫
taxpayer,纳税人
ser,ser
menacing,威胁
clippers,剪子
flirted,调情
spiderman,蜘蛛侠
foreboding,不祥的预感
exhilarating,令人振奋
understudy,替补
cv,简历
maman,妈妈
castile,卡斯蒂利亚
tact,策略
schematics,原理图
roseanne,罗珊娜
smarts,智慧
provision,条款
mccartney,麦卡特尼
manga,漫画
housed,房屋
doghouse,狗窝
milhouse,米尔豪斯
anchovies,凤尾鱼
ny,纽约
fab,法布
warbling,鸣啭
ofcourse,当然
huntington,亨廷顿
ghouls,食尸鬼
applicants,申请人
tigger,跳跳虎
stringer,纵梁
critters,小动物
yemen,也门
vantage,优势
canadians,加拿大人
abandonment,放弃
theology,神学
commemorate,纪念
compressions,压缩
nerdy,书呆子
raleigh,罗利
frenchmen,法国人
ld,ld
nourishment,营养
sender,发件人
nursed,护理
gulls,海鸥
argentine,阿根廷
oan,oan
consciously,有意识地
tenner,十英镑
waiver,放弃
magnetism,磁性
woodwork,木工
remission,缓解
nils,尼尔斯
hooligan,流氓
dysfunction,功能障碍
hijacking,劫持
dickinson,狄金森
vanquished,战败者
widen,扩大
mobility,流动性
rafi,拉菲
microphones,麦克风
provisional,临时
hamper,阻碍
mcallister,麦卡利斯特
membrane,膜
fundraiser,筹款活动
anarchists,无政府主义者
horst,霍斯特
hahaha,哈哈哈哈
lecturer,讲师
tampon,卫生棉条
maxi,大号
sanatorium,疗养院
tangle,纠纷
hearted,心地
gabriella,加布里埃拉
succumb,屈服
scab,痂
dissatisfied,不满
cali,加州
butting,对冲
lain,莱恩
presentable,像样
prompted,提示
nietzsche,尼采
boating,划船
eichmann,艾希曼
relates,相关
bashir,巴希尔
swedes,瑞典人
trumps,特朗普
yuk,呃
hypothermia,低温
sasquatch,大脚怪
binder,活页夹
unlocks,解锁
potions,魔药
insure,保证
bohemian,波西米亚
made-up,捏造
ilya,伊利亚
skylar,斯凯勒
petrovich,彼得罗维奇
jester,小丑
excites,兴奋
uniquely,独一无二
cris,克里斯
regulate,调节
factions,派系
irreplaceable,无可替代的
pied,馅饼
smithers,史密瑟斯
unofficially,非正式地
canterbury,坎特伯雷
shank,小腿
alpine,高山
prowess,能力
fernandez,费尔南德斯
trashy,垃圾
blower,鼓风机
tenderly,温柔地
depicted,描绘
carlyle,凯雷集团
disturbs,扰乱
mussels,贻贝
mali,马里
sigma,西格玛
croissant,羊角面包
charades,猜谜游戏
mince,剁碎
kilograms,公斤
homies,兄弟们
boasting,吹嘘
dined,用餐
xanax,阿普唑仑
high-class,上流社会
passageway,通道
left-hand,左手
ranting,咆哮
pixie,小精灵
pharaohs,法老们
nitrate,硝酸盐
hyperspace,超空间
insurgents,叛乱分子
yiddish,意第绪语
trends,趋势
elevation,海拔
figaro,费加罗
litres,升
pastime,消遣
altering,改变
ussr,苏联
brie,布里奶酪
spec,规格
abolished,废除
earthlings,地球人
evict,驱逐
janeiro,简妮罗
pricey,价格昂贵
mending,修补
pesky,讨厌的
turbulent,湍流
attributes,属性
nessa,内萨
downey,唐尼
gerda,格尔达
albino,白化病
activation,激活
flamingo,火烈鸟
polling,轮询
eggnog,蛋奶酒
lor,洛尔
bashing,猛烈抨击
expulsion,驱逐
verity,真理
granddaddy,爷爷
dominican,多米尼加
flattened,扁平的
mba,MBA
analyse,分析
untimely,不合时宜
reversal,逆转
kensington,肯辛顿
ambiguous,模糊的
tortures,酷刑
glock,格洛克
clouded,阴天
chakra,脉轮
percival,珀西瓦尔
sundae,圣代
housewarming,乔迁之喜
lum,亮度
diagnose,诊断
emblem,徽
posterity,后人
thermos,热水瓶
lookit,瞧瞧
perseverance,毅力
vivien,薇薇安
hamid,哈米德
mayfield,梅菲尔德
midge,蠓
garrity,加里蒂
okey-dokey,好的
untied,解开
bulge,凸出
sheen,光泽
greased,涂油
self-righteous,自以为是
optic,光学
pasquale,帕斯夸莱
low-level,低级别
ridges,山脊
twitching,抽搐
myron,迈伦
mariano,马里亚诺
exterminated,灭绝
grrr,吼
crossfire,交叉火力
topping,配料
impudent,厚颜无耻
bloods,血
lupe,卢佩
gravely,严重地
manifestation,表现
moat,护城河
prefecture,州
esme,埃斯梅
kwang,邝
hei,黑
noticeable,显
muir,缪尔
mausoleum,陵
claudette,克劳黛特
consignment,寄售
algorithms,算法
tonsils,扁桃体
wrongful,错误的
knackered,筋疲力尽
lacy,蕾丝
successes,成功
daddies,爸爸们
grilling,烧烤
zeppelin,齐柏林飞艇
lok,洛克
catalyst,催化剂
bergen,卑尔根
checkout,查看
jobless,失业
rhea,鸸鹋
dotted,虚线
tarot,塔罗牌
promotions,促销
dangle,悬挂
firecracker,鞭炮
laces,鞋带
concessions,让步
aphrodisiac,春药
expresses,表达
crowning,加冕
worships,崇拜
quarrels,争吵
launches,发射
vicodin,维可丁
utensils,餐具
walnuts,核桃
snare,圈套
croissants,羊角面包
parrots,鹦鹉
deficiency,不足
sores,疮
destroyers,驱逐舰
firecrackers,鞭炮
conjecture,推测
airways,气道
saucy,风骚的
terrors,恐怖
swindle,骗取
taffy,太妃糖
coerced,胁迫
pornographic,色情
imaginable,可以想象的
digestion,消化
aye-aye,是是
craze,狂热
watt,瓦
metaphors,隐喻
critique,批判
veterinary,兽医
warships,军舰
potts,花盆
presto,普雷斯托
depleted,耗尽
shapiro,夏皮罗
har,哈尔
sarcophagus,石棺
slump,暴跌
hooky,钩子
improves,改善
workings,运作
thunderstorm,雷雨
hellish,地狱般的
keegan,基根
trickster,骗子
decadent,颓废
lordy,我的天哪
henning,亨宁
fiddling,拉琴
saroyan,萨罗扬
armani,阿玛尼
gaul,高卢
devise,设计
triplets,三胞胎
navarro,纳瓦罗
humbled,谦卑
cabo,卡波
pacino,帕西诺
asians,亚洲人
triumphs,胜利
cross-examine,交叉询问
gout,痛风
dubbed,被誉为
devoid,缺乏
compensated,补偿
johnston,约翰斯顿
rika,里卡
karel,卡雷尔
bombardment,轰击
get-together,聚会
frightfully,可怕地
piero,皮耶罗
salvo,齐射
licks,舔
overflow,溢出
multiplied,乘以
attributed,归因于
spores,孢子
orchestrated,精心策划
slasher,恐怖片
uncharted,未知的
pimple,疙瘩
quench,淬火
rendering,渲染
stubbs,斯塔布斯
purcell,珀塞尔
disks,磁盘
giver,赠予者
hardcore,硬核
sunil,苏尼尔
hayward,海沃德
sm,斯姆
rapids,急流
ulterior,后方
yelp,喊叫
deduct,扣除
confer,授予
stockton,斯托克顿
khalid,哈立德
fares,票价
perpetrators,犯罪者
impure,不纯
summat,总结
oar,桨
keyhole,锁孔
pertinent,相关
domingo,星期日
purring,呼噜声
standstill,停顿
groupie,追星族
danube,多瑙河
interruptions,中断
vroom,轰隆
integral,不可缺少的
femme,女性
loins,腰肉
dar,达尔
untold,不明
wickham,威克姆
progression,进展
maja,玛雅
undeniable,无可否认
o2,氧气
acapulco,阿卡普尔科
inadvertently,无意中
inexplicable,无法解释的
radish,萝卜
albright,奥尔布赖特
lingo,行话
illogical,不合逻辑
shindo,新堂
yosemite,优胜美地
sieg,围攻
snows,雪
thefts,盗窃
exceedingly,非常
herc,赫拉克勒斯
crushes,暗恋
stint,限制
flustered,慌乱
alto,阿尔托
violinist,小提琴手
rishi,里希
bonehead,笨蛋
kravitz,克拉维茨
optional,选修的
passwords,密码
fontaine,方丹
sanctions,制裁
staking,质押
playback,播放
lomax,洛马克斯
spinster,单身女子
fawn,讨好
vials,小瓶
spouting,喷水
osman,奥斯曼
melville,梅尔维尔
refreshed,焕然一新
jessi,杰西
stooges,三个傻瓜
disfigured,毁容
reefs,珊瑚礁
conversing,对话
anubis,阿努比斯
takers,接受者
ronin,浪人
intuitive,直觉的
hippy,嬉皮士
to-do,待办事项
scarves,围巾
albania,阿尔巴尼亚
excalibur,亚瑟王
xing,邢
dinnertime,晚餐时间
harboring,窝藏
watanabe,渡边
chas,查斯
award-winning,屡获殊荣
orville,奥维尔
productivity,生产率
injecting,注射
cross-country,越野
loyalties,忠诚
unresolved,未解决
froggy,青蛙
messin,梅辛
stub,存根
teo,特奥
kao,高
derivative,衍生物
sparing,节省
wichita,威奇托
shayne,谢恩
denim,牛仔布
bonsoir,晚安
grievances,不满
undetected,未被发现
scams,骗局
rugs,地毯
subjective,主观
cicero,西塞罗
converting,转换
transformer,变压器
noone,没有人
inventive,富有创造力的
eloquent,雄辩
soot,煤烟
amalia,阿玛莉亚
umpire,裁判
quicksand,流沙
succeeding,成功
georgian,格鲁吉亚
bitterly,苦涩地
sloth,树懒
contraction,收缩
fondue,火锅
physiology,生理
britches,裤子
removes,移除
longevity,长寿
intergalactic,星际
lupus,狼疮
sms,短信
extremists,极端分子
remi,雷米
high-level,高水平
golfing,高尔夫球
dab,轻拍
gaza,加沙
tapestry,挂毯
lithium,锂
sacrificial,献祭
confetti,五彩纸屑
experimented,实验
gurgles,咕噜声
debs,黛布斯
typhoid,伤寒
racers,赛车手
advert,广告
conditioned,条件反射
siddharth,悉达多
inconceivable,不可思议
rusted,生锈的
gazelle,羚羊
cartels,卡特尔
burdened,负担
murky,浑浊的
ros,玫瑰
sayid,赛义德
artemis,阿尔忒弥斯
divinity,神
prays,祈祷
warranty,保修单
ceramic,陶瓷制品
chilean,智利
harker,哈克
canton,广州
obese,肥胖
enzyme,酶
repetition,重复
kosovo,科索沃
silencer,消音器
bores,钻孔
multitude,民众
improbable,不太可能
hybrids,杂交种
cubans,古巴人
juliana,朱莉安娜
scepter,权杖
jailer,狱卒
baldrick,鲍德里克
manuscripts,手稿
concealing,隐藏
air-conditioning,空调
bureaucratic,官僚主义
branding,品牌推广
pompeii,庞贝
zoya,佐娅
pedigree,谱系
halifax,哈利法克斯
declares,声明
killian,基利安
revolving,旋转
wexler,韦克斯勒
trippin,绊脚石
indirectly,间接
dragonfly,蜻蜓
contusions,挫伤
holographic,全息
catheter,导管
one-armed,独臂
aimee,艾米
know-it-all,自以为是的人
dao,道
fenner,芬纳
augie,奥吉
friedman,弗里德曼
blowout,吹熄
beaming,光芒四射
dutchman,荷兰人
testicle,睾丸
stationery,静止的
long-lost,失散已久
hitomi,瞳
stardust,星尘
dismount,下马
scenic,风景优美
lorelei,洛雷莱
bad-ass,狠角色
dill,莳萝
carbs,碳水化合物
scarface,疤面煞星
puzzling,令人费解
defends,辩护
practised,已实践
suites,套房
cranes,起重机
masseuse,按摩师
caper,跳跃
boo-boo,布布
def,定义
marquez,马尔克斯
amit,阿米特
sectors,行业
lengthy,冗长
fortified,强化
thierry,蒂埃里
dory,多莉
hewitt,休伊特
chink,裂缝
psychics,通灵者
decorative,装饰性的
karla,卡拉
geraldine,杰拉尔丁
correspond,对应
graciously,亲切地
bronco,野马
mangy,疥癣
shipwreck,海难
trustee,受托人
bellowing,咆哮
vagabond,流浪汉
goofing,胡闹
mind-blowing,令人震惊
forte,长处
absolve,开脱
eros,爱神
vomited,呕吐
dismal,惨淡
arkady,阿卡迪
telegrams,电报
discs,光盘
mor,更
aerobics,健美操
ut,ut
melrose,梅尔罗斯
wren,鹪
bogey,妖怪
forging,锻造
guesthouse,招待所
bohannon,博汉农
nandini,南迪尼
helmut,赫尔穆特
regency,摄政时期
conroy,康罗伊
lebanese,黎巴嫩人
harlot,妓女
gauri,高里
bashful,害羞的
coached,教练
vietcong,越共
shambles,一片混乱
yoghurt,酸奶
olson,奥尔森
geordie,乔迪
woodward,伍德沃德
enron,安然
demi,半
saito,斋藤
committees,委员会
debates,辩论
evacuating,疏散
striker,前锋
wentworth,温特沃斯
circumcised,包皮环切术
vice-president,副总裁
deva,神灵
brainless,没脑子
inherent,固有
maniacally,疯狂地
nuh-uh,不不
bourne,伯恩
reluctantly,勉强
pellets,颗粒
abstinence,节制
trombone,长号
boomerang,回旋镖
readiness,准备就绪
realms,领域
antidepressants,抗抑郁药
vibrator,振动器
dumbo,小飞象
astrologer,占星家
ghoul,食尸鬼
attribute,属性
sparkly,闪闪发光的
torah,律法
acp,急性控制程序
magnifying,放大
coding,编码
latimer,拉蒂默
hatches,孵化
rump,臀部
pampered,娇惯
stinker,臭虫
remus,雷姆斯
greener,更环保
ives,ives
mittens,连指手套
pessimistic,悲观
angelic,天使般的
midsummer,盛夏
snowflake,雪花
wrecks,残骸
quartz,石英
emt,紧急医疗服务
kanan,卡南
humpty,矮胖子
caruso,卡鲁索
stalingrad,斯大林格勒
willows,柳树
barged,驳船
wishful,愿望
concur,同意
stupidly,愚蠢地
narayan,纳拉扬
temptations,诱惑
enforced,强制执行
dougal,道格尔
alcatraz,恶魔岛
playwright,剧作家
striving,努力
grazed,放牧
negligent,疏忽
pulsing,脉动
psychopaths,精神病患者
benches,长椅
mesh,网
kee,基
hymns,赞美诗
treasured,珍贵的
musk,麝香
gould,古尔德
musket,滑膛枪
nukes,核武器
geologists,地质学家
renoir,雷诺阿
rem,rem
intermission,中场休息
grits,粗玉米粉
redirect,重定向
gaulle,戴高乐
zara,扎拉
disrupting,扰乱
sable,黑貂
svetlana,斯韦特兰娜
connelly,康奈利
woes,烦恼
armoured,装甲
suarez,苏亚雷斯
lackey,走狗
erupt,爆发
stank,臭
shao,邵
sanction,制裁
hinder,阻碍
demoted,降职
surfers,冲浪者
blackbird,黑鸟
adjourn,休会
bile,胆汁
sunken,凹陷
sprain,扭伤
misaki,美咲
commendable,值得称赞
upfront,预付
jolie,朱莉
maroon,栗色
possessing,拥有
prematurely,过早
tok,语言
manfred,曼弗雷德
uganda,乌干达
madras,马德拉斯
cleanliness,清洁
stephan,斯蒂芬
swayed,摇摆
highfive,击掌
antichrist,敌基督
skim,撇去
irishman,爱尔兰人
doofus,笨蛋
costas,科斯塔斯
pounded,猛击
sedate,稳重
hurricanes,飓风
oink,哼哼
moreau,莫罗
zi,zi
foolishly,愚蠢地
radicals,自由基
momentous,意义重大
une,一
sheena,希娜
disengage,脱离接触
landfill,垃圾填埋场
jolene,乔琳
disturbances,干扰
kilometer,公里
rigs,钻井平台
faulkner,福克纳
high-ranking,高级
lula,露拉
inbound,入站
stetson,斯泰森
partake,参加
paralysed,瘫痪
pinot,黑皮诺
romulan,罗慕兰人
one-sided,片面
shakin,摇晃
emi,艾米
katerina,卡特琳娜
musicals,音乐剧
subdued,低沉的
weeps,哭泣
commies,共产主义者
indisposed,不适
fro,弗
pyo,pyo
beagle,比格犬
plumb,垂直
culprits,罪魁祸首
momentary,瞬间
adrianna,阿德里安娜
sanitary,卫生
ria,里亚
gretel,格雷特尔
skyler,斯凯勒
constitutes,构成
installments,分期付款
lecter,莱克特
unsuspecting,毫无戒心的
d-day,诺曼底登陆日
asphyxiation,窒息
gita,吉塔
consented,同意
swimmers,游泳运动员
voter,选民
robs,抢劫
lolita,洛丽塔
fresno,弗雷斯诺
xbox,Xbox
studs,螺柱
peri,佩里
shudder,不寒而栗
benoit,贝努瓦
taker,接受者
dowager,老妇
heartburn,胃灼热
mccabe,麦凯布
imaginations,想象力
modelling,造型
dopamine,多巴胺
grr,咕噜
severity,严重性
abdullah,阿卜杜拉
leaflets,传单
evilly,邪恶地
extensions,扩展
glimmer,微光
arlington,阿灵顿
vex,烦恼
khrushchev,赫鲁晓夫
twerp,笨蛋
rajiv,拉吉夫
resonance,谐振
garnet,石榴石
bavaria,巴伐利亚
mcgill,麦吉尔
mer,梅尔
expire,到期
presenter,主持人
life-threatening,危及生命
koenig,科尼格
hess,赫斯
sas,SAS
beryl,绿柱石
lyndon,林登
ticker,股票代码
entrees,主菜
nr,编号
lindy,林迪
miao,苗
connolly,康诺利
signorina,西尼奥里纳
duress,胁迫
bacterial,细菌
groundbreaking,开创性的
sabotaging,破坏
networking,联网
jocks,运动健将
crazies,疯子
locusts,蝗虫
lodgings,住宿
dozed,打盹
bitty,小小的
kepler,开普勒
frenchy,法式
milt,精液
uranus,天王星
matador,斗牛士
bala,巴拉
unfriendly,不友好
checklist,检查清单
niels,尼尔斯
imports,进口
devilish,恶魔般的
octavia,奥克塔维娅
britannia,不列颠尼亚
hospitable,好客
staples,主食
sociable,善于交际的
frederik,弗雷德里克
bikinis,比基尼
bazooka,火箭筒
weirdly,奇怪的
transylvania,特兰西瓦尼亚
paintball,彩弹射击
alcoholism,酗酒
hold-up,耽误
droppings,粪
flier,传单
scorching,灼热
flexibility,灵活性
minotaur,弥诺陶
narcissistic,自恋
matinee,午场
absolution,赦免
arman,阿曼
splashed,溅起
floral,花的
peralta,佩拉尔塔
toads,蟾蜍
electoral,选举
violins,小提琴
compliance,遵守
pathway,路径
nielsen,尼尔森
juries,陪审团
unconditionally,无条件地
pacemaker,起搏器
inbetween,介于两者之间
cuss,坏话
persistence,持久性
disobedience,不服从
interestingly,有趣的是
franck,弗兰克
revolves,旋转
icebox,冰箱
transports,运输
mistrial,审判无效
disclosed,披露
remand,归还
welding,焊接
fruitful,卓有成效
ergo,因此
fodder,饲料
disarmed,解除武装
adolescence,青春期
jugs,水罐
examinations,考试
rayburn,雷伯恩
puree,菜泥
converse,交谈
uttered,说出
graders,评分员
trustees,受托人
lorne,洛恩
christophe,克里斯托夫
tweets,推文
lament,哀叹
mccord,麦考德
essentials,必需品
goran,戈兰
weatherman,气象员
ebola,埃博拉
turnip,芜菁
galilee,加利利
queasy,恶心
armpits,腋窝
albeit,尽管
installment,分期付款
hedges,对冲
corset,紧身胸衣
scorched,烧焦的
leaky,漏水
latent,潜
chatted,聊天
dorms,宿舍
cardigan,开襟衫
surpass,超过
sophistication,复杂
tada,锵锵
midterm,期中考试
icarus,伊卡洛斯
viki,维基
sickle,镰刀
thrones,王座
famed,著名的
farrow,法罗
slew,一万
leprosy,麻风
registrar,注册员
beecher,比彻
sparked,引发
onset,发病
helpers,助手
lawman,执法人员
conflicted,矛盾
descends,下降
suraj,苏拉杰
birthright,与生俱来的权利
lynne,琳恩
l-l,二
kwai,快
wastes,废物
fortitude,坚韧
latrine,厕所
sawing,锯切
beret,贝雷帽
dianne,黛安
acids,酸
queers,酷儿
groping,摸索
busboy,服务员
feathered,羽毛
albatross,信天翁
go-go,冲冲冲
rookies,新秀
voight,沃伊特
frock,连衣裙
maury,莫里
shyness,害羞
platforms,平台
luftwaffe,德国空军
delirium,谵妄
trapeze,空中飞人
rheumatism,风湿病
olden,古老的
croc,鳄鱼
tosh,胡说
dominating,占据主导地位
trickery,诡计
ob,奥布
ripples,涟漪
sharpened,锋利
microsoft,微软
glances,眼神
one-two,一二
holdin,持有
showoff,炫耀
juniors,青少年
forearm,前臂
dribble,运球
trespasses,擅闯私人领地
daimon,守护神
gourd,葫芦
lev,列夫
freedoms,自由
tier,层级
zhi,智
elevate,提升
scatting,散弹
barter,物物交换
godless,无神论者
crackpot,疯子
jeering,嘲笑
mechanisms,机制
vc,副主席
itunes,iTunes
appease,安抚
playtime,游戏时间
minx,minx
kazakhstan,哈萨克斯坦
thunderbolt,霹雳
catacombs,地下墓穴
bleachers,看台
auditioned,试镜
entrepreneurs,企业家
autopilot,自动驾驶仪
tidying,整理
shinjuku,新宿
gummy,软糖
fibre,纤维
herrmann,赫尔曼
births,出生
sacrilege,亵渎神灵
millicent,米利森特
luminous,发光的
mums,妈妈们
shoemaker,鞋匠
bollywood,宝莱坞
alvaro,阿尔瓦罗
vee,V形
sanitarium,疗养院
marlin,马林鱼
hands-on,动手实践
opposites,相反的
dentists,牙医
abracadabra,胡言乱语
unicorns,独角兽
observers,观察员
microbes,微生物
charlatan,庸医
admiralty,海军部
specify,指定
pancreas,胰腺
inflatable,充气的
overcame,克服
docket,案卷
redding,雷丁
klaxon,警报器
divorces,离婚
capt,船长
invisibility,隐形
ducked,躲闪
gilligan,吉利根
buttermilk,酪乳
coupled,耦合
palanquin,轿子
sized,尺寸
mailing,邮寄
alchemist,炼金术士
spaced,间隔
babble,潺潺
nodded,点头
ep,ep
yoshi,耀西
stinger,刺
adverse,不利
eastwood,伊斯特伍德
line-up,阵容
dirtbag,人渣
croatia,克罗地亚
pinnacle,巅峰
gastric,胃
tweeting,推特
noriko,诺里科
uneducated,未受过教育
koala,考拉
booms,繁荣
rodents,啮齿动物
kites,风筝
mhm,嗯
reardon,里登
trotter,步态
parchment,羊皮纸
zucchini,西葫芦
vasectomy,输精管切除术
toolbox,工具箱
pained,痛苦
proverbial,谚语
stirs,搅拌
gassed,毒气
spielberg,斯皮尔伯格
melodrama,情节剧
tobin,托宾
magnesium,镁
nola,新奥尔良
donahue,多纳休
dehydration,脱水
cad,CAD
braking,刹车
hematoma,血肿
tuba,大号
kiosk,亭
half-naked,半裸
prada,普拉达
impacts,影响
organising,组织
brainiac,天才
insufferable,令人难以忍受的
auld,老
munching,咀嚼
roped,绳索
yeo,叶奥
rudeness,粗鲁
oye,哎哟
jugular,颈静脉
lewd,猥亵
tramps,流浪汉
nieces,侄女
chem,化学
tryouts,试训
ravaged,饱受蹂躏
cues,线索
trick-or-treating,不给糖就捣蛋
clutching,紧握
knowledgeable,知识渊博
usage,用法
squatting,蹲姿
chugging,猛灌
englishmen,英国人
surveyor,测量员
roamed,漫游
instances,实例
defuse,拆弹
prawns,对虾
leif,莱夫
soundly,稳固地
spanked,被打屁股
droids,机器人
longitude,经度
skillful,熟练
clipping,剪裁
stabs,刺伤
transponder,应答器
nappy,尿布
bowers,鲍尔斯
retrospect,回顾
kajal,眼线笔
shes,她是
leased,租赁
parliamentary,议会
braxton,布拉克斯顿
shard,碎片
hansel,汉塞尔
farthest,最远
inquisitive,好奇
tablecloth,桌布
kamikaze,神风特攻队
didier,迪迪埃
milestone,里程碑
meh,嗯
comparable,可比
anointed,受膏者
looker,观察者
vanguard,先锋
waxing,打蜡
coworker,同事
landings,着陆
fulfillment,履行
diminish,减少
enroll,注册
expiration,到期日
snoopy,史努比
fixer,修理工
anson,安森
segregation,隔离
tempest,暴风雨
petrie,佩特里
deceptive,欺骗性的
voss,沃斯
druid,德鲁伊
erected,竖立
kendrick,肯德里克
comprehension,理解
fondness,喜爱
determining,确定
iguana,鬣蜥
pogue,波格
exiting,退出
thinkers,思想家
stepson,继子
cavendish,卡文迪什
lowers,下
sisterhood,姐妹情谊
mongol,蒙古人
izumi,泉
kleenex,舒洁
pores,毛孔
hobbes,霍布斯
wobble,摇晃
packer,包装工
nos,不
corkscrew,开瓶器
respiration,呼吸
boing,弹跳
celebrates,庆祝
capsules,胶囊
backdoor,后门
suki,苏琪
wakefield,韦克菲尔德
aristocratic,贵族
bilal,比拉尔
figs,无花果
gregorio,格雷戈里奥
policing,警务
playbook,剧本
versatile,多才多艺的
aliases,别名
flatten,压平
foghorn,雾号
scorned,被鄙视
lourdes,卢尔德
beatriz,贝娅特丽丝
gusto,古斯托
daren,达伦
pappu,帕普
off-key,跑调
dias,迪亚斯
mayfair,梅菲尔
libel,诽谤
psychologists,心理学家
galapagos,加拉帕戈斯群岛
scot,苏格兰人
mockingbird,嘲鸫
tremors,震颤
vitality,活力
starch,淀粉
vastly,非常
nando,南多
chit,纸条
critter,小动物
shears,剪
rube,乡巴佬
choo-choo,呜呜
banshee,女妖
mistreated,虐待
referendum,全民公投
sacrament,圣餐
liftoff,起飞
pendulum,摆
spokesperson,发言人
zeal,热情
go-to,前往
lesions,病变
statistical,统计
indy,印第安纳波利斯
agha,阿加
warhol,沃霍尔
uplifting,令人振奋
blanco,白色
williamson,威廉姆森
alia,别名
complement,补充
cornerstone,基石
birdsong,鸟鸣
wiz,巫师
juarez,华雷斯
bureaucrats,官僚
tinny,锡制的
rapport,关系
acne,粉刺
ebony,乌木
cordial,亲切
traci,特蕾西
homophobic,同性恋歧视
landline,座机
portray,写真
torque,扭矩
buford,布福德
kellerman,凯勒曼
bawling,嚎啕大哭
canning,罐头
scratchy,粗糙的
submissive,顺从者
ouija,通灵板
antibodies,抗体
collaborator,合作者
slingshot,弹弓
anchored,锚定
crowing,鸣叫
embryos,胚胎
antlers,鹿角
winifred,温妮弗雷德
prussian,普鲁士
protectors,保护者
brochures,宣传册
otherworldly,超凡脱俗的
janelle,珍妮尔
checkpoints,检查站
malls,购物中心
parcels,包裹
goldilocks,金发姑娘
girdle,腰带
ageing,老化
chadwick,查德威克
critically,关键
minerva,米涅瓦
cross-examination,交叉询问
crete,克里特岛
axle,轴
chummy,亲密
decreased,减少
bose,博斯
roc,鹏
blockbuster,票房大片
smog,烟雾
wildfire,野火
amethyst,紫晶
collided,碰撞
walk-in,无需预约
prussia,普鲁士
invoices,发票
mir,米尔
infidel,异教徒
rogelio,罗杰利奥
wart,疣
forceful,有力
lieu,代替
iodine,碘
decreed,颁布
hairline,发际线
theatres,剧院
wreak,破坏
karina,卡琳娜
limelight,聚光灯
duffel,帆布包
calais,加莱
gandalf,甘道夫
hassling,骚扰
mau,毛
mj,mj
clout,影响力
shafts,轴
adoptive,收养
expires,到期
lakers,湖人队
scruffy,邋遢的
parmesan,帕尔马干酪
consultants,顾问
tunisia,突尼斯
flagship,旗舰
hasten,趋
stead,坚定
teamed,团队
backfired,适得其反
autographed,签名版
deportation,驱逐出境
vida,维达
pumpkins,南瓜
oda,小田
coveted,令人垂涎的
vive,活力
objected,反对
conniving,阴险狡诈
sicko,变态
takeoff,起飞
astute,精明
ridiculed,嘲笑
priesthood,圣职
heretics,异端
tranquil,宁静
bonner,邦纳
flunk,不及格
assembling,组装
wallow,泥坑
whoring,卖淫
stapler,订书机
hep,肝
imbalance,失衡
tins,罐头
gp,GP
bulldozer,推土机
hormonal,激素
towering,参天
full-blown,完全展开
catwoman,猫女
rhubarb,大黄
gertie,格蒂
bla,bla
workmen,工人
leviathan,利维坦
safekeeping,保管
faxed,传真
imprison,监禁
triage,分诊
conjugal,夫妻
yorkers,约克郡人
incognito,隐姓埋名
jenner,詹纳
mindset,心态
blended,混合
sparkles,闪光
laverne,拉弗恩
croaking,呱呱叫
allez,艾勒兹
specified,指定的
crusty,硬皮的
overlap,重叠
luscious,甜美
gladstone,格拉德斯通
anthropology,人类学
hermione,赫敏
jacking,千斤顶
roost,栖息地
spouses,配偶
greyhound,灵缇犬
ecuador,厄瓜多尔
particulars,细节
unforeseen,意外
cleverly,巧妙地
gordy,戈迪
placenta,胎盘
unspoken,未说出口的
beamed,光束
coachman,马车夫
knave,恶棍
foyer,门厅
escalate,升级
tiki,提基
palette,调色板
embarked,启航
zion,锡安
serenade,小夜曲
miser,吝啬鬼
uday,乌代
inhabit,居住
inhibitions,抑制
stills,静止画面
rant,咆哮
dainty,纤巧
daley,戴利
trask,特拉斯克
chop-chop,剁剁剁
worshipping,崇拜
rarest,最稀有
black-and-white,黑白
augusto,奥古斯托
batty,疯狂
participant,参与者
raph,拉夫
farfetched,牵强附会
senpai,前辈
nike,耐克
billboards,广告牌
lis,列表
sabre,军刀
manchuria,满洲
implication,含义
deejay,DJ
scholarships,奖学金
disobeying,违抗命令
migraines,偏头痛
urinate,排尿
downer,沮丧
dinars,第纳尔
leblanc,勒布朗
spoiler,剧透
foxtrot,狐步舞
renato,雷纳托
keats,济慈
sous,深
superstitions,迷信
coordinating,协调
wisest,最明智的
atwood,阿特伍德
woodstock,伍德斯托克
diners,食客
inadmissible,不可接受的
cally,卡莉
displaying,显示
radioactivity,放射性
connoisseur,行家
barbeque,烧烤
mixes,混合
scrotum,阴囊
smoother,更平滑
craigslist,克雷格列表
avalon,阿瓦隆
mutations,突变
baja,巴哈
roddy,罗迪
vidal,维达尔
degraded,退化的
horseshoe,马蹄铁
pathways,路径
sailboat,帆船
devereaux,德弗罗
birdy,小鸟
coincidentally,巧合的是
ofa,的
lund,隆德
mamie,妈妈
all-night,整夜
dazed,茫然
overwhelm,压倒
tahoe,太浩湖
automobiles,汽车
huxley,赫胥黎
breakers,断路器
conform,符合
comanche,科曼奇
miserably,惨痛地
deactivated,已停用
defies,反抗
fazio,法齐奥
ingested,摄入
watchdog,监督机构
addie,艾迪
prawn,虾
hells,地狱
delinquents,不良少年
heathrow,希思罗机场
tot,总计
kayo,卡约
loosely,松散地
constitute,构成
haynes,海恩斯
keane,基恩
nannies,保姆
acupuncture,针刺
displeased,不高兴
runny,流质
blot,印迹
reduces,减少
eyeing,觊觎
cossacks,哥萨克
stumped,难住了
royals,皇室
heo,赫奥
clamps,夹具
dede,德德
canvassing,拉票
exited,退出
exalted,崇高
gander,鹅
necktie,领带
hordes,成群结队
vomits,呕吐
posttraumatic,创伤后
calhoun,卡尔霍恩
conceivable,可以想象的
ibiza,伊比沙岛
entangled,纠缠
moshe,摩西
misread,误解
vaccines,疫苗
sexes,性别
conjunction,连词
scheduling,安排
undressing,脱衣服
twelfth,第十二
gash,伤口
grubby,肮脏的
sao,圣
chien,狗
shimmering,闪闪发光
holders,持有者
nautical,航海
confucius,孔子
pushover,推倒
enlarge,放大
dawkins,道金斯
neurologist,神经科医生
mangled,残缺不全
wag,摇摆
urinal,小便池
malfunctioning,故障
intolerant,不宽容
clerical,文员
privates,私人
reconciled,和解
tackled,已解决
pesticides,杀虫剂
euphoria,欣快感
retake,重拍
jessup,杰瑟普
bluebird,蓝鸟
cutting-edge,前沿
apostle,使徒
temperance,节制
calligraphy,书法
brotherly,兄弟般的
solstice,冬至
shagged,性交
bowled,保龄球
bastille,巴士底狱
ignited,点燃
therein,其中
camaro,科迈罗
nationalist,民族主义者
documentaries,纪录片
storyteller,讲故事的人
clingy,黏人的
splinters,碎片
insulation,绝缘
shakira,夏奇拉
outhouse,室外厕所
byrd,伯德
asuka,明日香
scones,司康饼
subscribe,订阅
swirl,漩涡
beavers,海狸
rip-off,撕掉
tingle,刺痛
jordi,乔迪
gymnasium,健身房
frisk,搜身
paola,保拉
appliance,器具
reprimand,训诫
gopher,地鼠
marcella,玛塞拉
cruelly,残酷地
draught,草稿
buzzed,嗡嗡作响
taint,污点
bystander,旁观者
lp,LP
consummate,完善
vigilance,警觉
hing,兴
raptor,猛禽
astro,星体
twenty-seven,二十七
countenance,面容
choreographer,编舞
obliterated,彻底摧毁
massively,大规模
indict,起诉
sachs,萨克斯
busan,釜山
zhong,钟
cashing,兑现
neutralized,中和
befriend,交朋友
tatsuya,达也
empowered,赋权
appendicitis,阑尾炎
outlive,活得更久
ph,ph
australians,澳大利亚人
indianapolis,印第安纳波利斯
jails,监狱
leary,谨慎
interacting,互动
foretold,预言
syracuse,雪城
condos,公寓
dialogues,对话
dimples,酒窝
astral,星体
pus,脓
airship,飞艇
bulkhead,舱壁
sic,原文如此
manoeuvre,演习
ake,ake
illuminate,照亮
pimples,粉刺
admin,行政
fife,法夫郡
mea,梅亚
c-section,剖腹产
constituents,成分
renal,肾脏
topside,上部
contingent,队伍
vane,叶片
u-boat,U型潜艇
clasp,搭扣
bagpipes,风笛
precarious,岌岌可危
ur,你的
delicately,轻柔地
yul,尤尔
hard-earned,辛苦挣来的
burkhalter,伯克哈尔特
harpoon,鱼叉
relentlessly,毫不留情
photographing,摄影
rei,雷
equilibrium,平衡
flimsy,脆弱的
vocalist,歌手
torments,折磨
pimping,拉皮条
phases,阶段
wesen,韦森
teeming,繁盛
wrestlers,摔跤手
antiquities,古董
burglaries,入室盗窃
baddest,最坏的
flicks,电影
joni,乔妮
jetson,杰森
chipping,切片
yearly,每年
linc,林肯
nami,娜美
wilkinson,威尔金森
canisters,罐子
silvio,西尔维奥
tsai,蔡
plumbers,水管工
workforce,劳动力
frostbite,冻疮
kath,凯瑟琳
mes,梅斯
twenty-six,二十六
selim,塞利姆
corona,冠状病毒
mortgages,抵押贷款
ejected,被弹出
recount,叙事
stirling,斯特林
sparta,斯巴达
vo,vo
desist,停止
ciro,西罗
rune,符文
alleyway,小巷
doggett,狗
sutra,佛经
thirty-two,三十二
jb,jb
dermot,皮尔莫特
disliked,不喜欢
dissect,解剖
physique,体质
fowl,鸡
showbiz,演艺圈
afoot,步行
engagements,订婚
stifling,令人窒息
milner,米尔纳
irreversible,不可逆转
haters,仇恨者
abetting,教唆
hague,海牙
remarry,再婚
sixes,六
five-year-old,五岁
hobbit,霍比特人
manon,玛侬
aram,阿拉姆
offences,罪行
stacking,堆叠
feral,野生的
fide,真
reportedly,据说
chrysler,克莱斯勒
coherent,相干
coated,涂层
gambit,策略
laborers,劳工
selecting,选择
newsreel,新闻片
chimpanzees,黑猩猩
commander-in-chief,三军统帅
peddling,兜售
catapult,弹射
sedatives,镇静剂
shoppers,购物者
formations,阵型
questionnaire,问卷
beverages,饮料
josiah,约西亚
retches,呕吐
topnotch,顶尖
mistrust,不信任
lill,莉莉
chowder,浓汤
lavinia,拉维尼亚
kimber,金伯
brokers,经纪人
varieties,品种
fennel,茴香
leann,莉安
curd,凝乳
gushing,喷薄
saheb,萨赫布
jerked,猛地一抖
neo,新
cossack,哥萨克
expeditions,探险
coldest,最冷
nosebleed,鼻血
helplessness,无助
ft,英尺
satchel,书包
doo-doo,嘟嘟
layman,外行
butthole,肛门
cuddling,拥抱
policewoman,女警
instability,不稳定性
ceilings,天花板
yuka,尤卡
ketamine,氯胺酮
pippa,皮帕
flanagan,弗拉纳根
off-duty,非工作时间
mathis,马蒂斯
hodge,霍奇
pryor,普赖尔
goethe,歌德
haywire,失控
firstborn,长子
lestrade,雷斯垂德
gory,血腥
kanye,坎耶
hypnotize,催眠
airing,播出
peruvian,秘鲁
eyre,艾尔
bundles,捆绑
socialize,社交
machinegun,机枪
rallies,集会
rouse,唤醒
luckier,更幸运
citation,引用
handsomely,英俊地
faceless,无面人
grownup,长大了
finely,精细地
nitwit,笨蛋
beckham,贝克汉姆
periscope,潜望镜
shimmy,摇摆
two-faced,两面派
nt,nt
lovemaking,性爱
sutures,缝合线
beet,甜菜
hatter,制帽匠
fraudulent,欺诈
grange,农庄
minh,明
laceration,撕裂伤
venison,鹿肉
reinforcement,加强
flak,防空炮
shrew,泼妇
homeworld,家园
toothpick,牙签
vasco,血管
taunt,嘲讽
alina,阿丽娜
ascent,上升
frobisher,冷冻机
flirty,轻佻的
hoodlum,流氓
destitute,贫困
inclination,倾角
abrams,艾布拉姆斯
wankers,撸管者
shielding,屏蔽
cited,引用
arf,啊
immortals,不朽者
dispersed,分散的
deliverance,解救
intellectually,智力方面
creamed,奶油
unwelcome,不受欢迎
piracy,海盗行为
walmart,沃尔玛
heats,加热
milena,米莱娜
adapting,适应
pretense,虚伪
nifty,真棒
amplified,放大
ninny,傻瓜
seam,接缝
cheeseburgers,芝士汉堡
gramophone,留声机
expo,博览会
consumes,消耗
necessities,必需品
hartford,哈特福德
deux,deux
acquiring,收购
socialists,社会主义者
southampton,南安普顿
hou,hou
fairbanks,费尔班克斯
katja,卡佳
fairest,最公平
broader,更广泛
rhinoceros,犀牛
once-in-a-lifetime,一生一次
coincidental,巧合
guinevere,桂妮薇儿
offends,冒犯
cloned,克隆
brant,布兰特
kellogg,家乐氏
sandhya,桑迪亚
radcliffe,拉德克利夫
illustrate,阐明
sorely,非常
internationally,国际上
ambient,周围的
snatching,抢夺
duce,引言
crematorium,火葬场
podcast,播客
partition,分割
slaying,杀戮
leopards,豹子
puma,彪马
donaldson,唐纳森
blimp,飞艇
misfortunes,不幸
sheryl,雪莉
prickly,带刺的
high-powered,高功率
anxiously,焦虑地
pestilence,瘟疫
unruly,不羁
papaya,木瓜
trenton,特伦顿
lal,拉尔
troublemakers,麻烦制造者
municipality,市政当局
bebop,比波普
gnarly,粗糙的
hanukkah,光明节
skimming,撇脂
stuntman,特技演员
thom,汤姆
saucers,碟子
snapshot,快照
jurassic,侏罗纪
mobster,黑帮分子
craftsman,工匠
cissy,茜茜
ismail,伊斯梅尔
lexus,雷克萨斯
fastened,系紧
santi,桑蒂
longtime,很久
sander,砂光机
looming,迫在眉睫
requisition,征用
tenacious,顽强
unpacked,拆开包装
reps,代表
shorthand,速记
plait,编
contented,满足
centurion,百夫长
realising,意识到
padded,带衬垫
saddled,鞍
octave,八度音阶
bewildered,困惑
koko,可可
entice,诱惑
chau,周
playmate,玩伴
integrate,整合
nao,娜奥
dead-end,死胡同
dissertation,论文
sasuke,佐助
abolish,取消
lightening,闪电
tanned,晒黑的
outreach,外联
norah,诺拉
eaters,食客
fatalities,死亡人数
thickness,厚度
censor,审查
oxy,氧
cabal,阴谋
pee-pee,小便
nostradamus,诺查丹玛斯
skippy,斯基皮
soaps,肥皂
crass,粗俗
einar,埃纳尔
glaring,刺眼
professionalism,专业精神
baber,巴伯
cale,规模
mgm,米高梅
gnomes,地精
proposes,提议
aquaman,海王
desiree,德西蕾
osiris,奥西里斯
alana,阿兰娜
snagged,被钩住
strays,流浪者
collaborators,合作者
sabbatical,学术休假
industrialist,实业家
shana,莎娜
craftsmanship,工艺
remedies,补救措施
antibiotic,抗生素
bard,诗人
gutters,排水沟
motels,汽车旅馆
burlesque,滑稽剧
gaelic,盖尔语
acorn,橡子
maitre,领班
eavesdrop,窃听
arcadia,阿卡迪亚
nomad,游牧民族
sweeten,甜味
exclamation,感叹
calamari,鱿鱼
thomson,汤姆逊
compares,比较
golfer,高尔夫球手
alberta,艾伯塔省
manger,马槽
ensuring,确保
self-pity,自怜
blackness,黑
subterranean,地下
fryer,油炸锅
seniority,资历
cheaters,作弊者
rectify,纠正
snotty,傲慢的
shauna,肖娜
newfound,新发现
experimentation,实验
cucumbers,黄瓜
jagged,锯齿状
gilly,吉利
unbalanced,不平衡
databases,数据库
protons,质子
rasputin,拉斯普京
ovaries,卵巢
spatial,空间
nhs,英国国家医疗服务体系
metaphorically,比喻意义上的
no-show,未到场
decepticons,霸天虎
sardine,沙丁鱼
tarek,塔雷克
milos,米洛斯
eruptions,喷发
x-men,X战警
heartily,衷心地
tweed,粗花呢
relaxes,放松
heaviest,最重
clogs,木屐
chaudhary,乔杜里
av,av
masseur,按摩师
baptiste,巴蒂斯特
goldstein,戈尔茨坦
soph,苏菲
hideo,秀夫
freshwater,淡水
quarantined,隔离
erosion,侵蚀
partied,聚会
mite,螨虫
leyla,莱拉
marigold,万寿菊
point-blank,直截了当
ewan,伊万
hairpin,簪
ice-cold,冰冷
knucklehead,笨蛋
mopping,拖地
montenegro,黑山
hanky,手帕
rousseau,卢梭
gangway,舷梯
darken,变暗
quiche,乳蛋饼
clairvoyant,通灵者
pearly,珍珠般的
ballast,压载物
fuck-up,搞砸了
configuration,配置
oversized,超大
subpoenaed,被传唤
trapper,捕兽人
doh,哎呀
cosby,科斯比
compartments,隔间
admires,钦佩
vamp,鞋面
reactionary,反动
idly,闲散地
pout,噘
approximate,近似
walkie,对讲机
playstation,PlayStation
compiled,编译
sprang,弹簧
mg,毫克
ama,ama
magnolia,木兰
commissions,佣金
angered,愤怒
pero,但是
stoke,中风
primed,已准备
bragg,布拉格
unearthed,出土
ingram,英格拉姆
hortense,霍滕斯
heartbeats,心跳
three-dimensional,三维
conflicting,冲突
tami,塔米
frontline,前线
vita,维塔
approves,批准
utilize,利用
stuffs,东西
habib,哈比卜
gutless,没胆的
transplants,移植
ahab,亚哈
kasey,凯西
bolsheviks,布尔什维克
ventured,冒险
snowstorm,暴风雪
headset,耳机
grovel,拜倒
appreciative,欣赏的
urchin,顽童
tata,塔塔
litre,升
balu,巴鲁
hostiles,敌对分子
newsletter,通讯
berk,伯克
subordinates,下属
mansions,豪宅
informs,通知
pistachio,开心果
gilda,吉尔达
gleaming,闪闪发光
relinquish,放弃
railroads,铁路
standin,替身
fondly,深情地
crewman,船员
finnegan,芬尼根
forger,锻工
ans,答案
contradictions,矛盾
accuses,指控
kissinger,基辛格
three-quarters,四分之三
truckers,卡车司机
outcasts,被排斥者
ducts,管道
sae,sae
starfish,海星
nix,尼克斯
kudos,赞！
baboons,狒狒
terrorizing,恐怖的
pubes,阴毛
reversing,逆转
midgets,侏儒
snooker,斯诺克
parades,游行
one-third,三分之一
jansen,詹森
shindig,狂欢
susanne,苏珊娜
daydream,白日梦
whittaker,惠特克
jerk-off,自慰
luau,夏威夷宴会
styling,造型
repairman,修理工
schubert,舒伯特
surgically,手术
sped,加速
crikey,哎呀
analysts,分析师
simplify,简化
gangsta,黑帮
michal,米哈尔
agonizing,痛苦的
bibi,比比
inscribed,铭文
induction,就职
fetched,已获取
carmel,焦糖
congratulated,恭喜
apex,顶点
deserters,逃兵
koi,锦鲤
xia,夏
fibres,纤维
composing,构成
malia,疟疾
terrorized,恐怖
comedies,喜剧
systematic,系统
engulfed,吞噬
cosimo,科西莫
hourly,每小时
congresswoman,众议员
rummy,拉米纸牌
flinch,退缩
mongolian,蒙
unforgiving,毫不留情
receptive,接受
neurosurgeon,神经外科医生
twenty-eight,二十八
miyuki,美雪
operas,歌剧
programmer,程序员
ankara,安卡拉
luxuries,奢侈品
revoke,撤销
abortions,堕胎
narration,旁白
liquids,液体
multinational,跨国
goddard,戈达德
robo,机器人
toddy,托迪
garter,袜带
oppressive,压迫性的
procure,采购
counterattack,反击
kiwi,猕猴桃
pail,桶
sacha,萨沙
gymnast,体操运动员
glenda,格伦达
rages,愤怒
checkin,报到
scaffolding,脚手架
hearth,炉
wharton,沃顿
bots,机器人
sigmund,西格蒙德
judaism,犹太教
cmdr,指挥官
couture,高级定制时装
viewpoint,观点
toffee,奶糖
spud,土豆
decaying,腐烂的
ranges,范围
cellphones,手机
blossoming,盛开
hacks,黑客
transforms,变换
booths,展位
thirds,三分之一
infallible,绝对正确
incarceration,监禁
mumble,咕哝
conveyor,输送带
cobwebs,蜘蛛网
godsend,天赐之物
avert,避免
problemo,问题
airmen,空军人员
jammer,干扰器
ulrich,乌尔里希
highlighted,突出显示
mma,综合格斗
real-estate,房地产
faa,美国联邦航空管理局
frye,弗莱
intubate,插管
salinger,塞林格
instantaneous,瞬间
bettina,贝蒂娜
stowaway,偷渡者
baggy,宽松的
arguably,可以说
paternal,父系
boardroom,会议室
flaunt,标榜
kimball,金博尔
gradient,坡度
retrace,回溯
stockholders,股东
proton,质子
tt,tt
isnt,不是
mallard,凫
reincarnated,转世
planks,木板
enforcer,执法者
trumpeting,吹号
crouch,蹲伏
foie,鹅肝
whacking,猛击
thane,领主
rowena,罗文娜
escalating,不断升级
spender,消费者
brim,帽檐
duster,除尘器
thumps,咚咚
ideological,思想
entree,主菜
bangladesh,孟加拉国
atrocity,暴行
preached,布道
hpd,hpd
tre,树木
chats,聊天
sans,无
nimble,灵活
halftime,中场休息
supremacy,霸权
warlords,军阀
prism,棱镜
soulful,深情的
sundance,圣丹斯
intrepid,强悍
whoopee,欢呼
putz,普茨
rigsby,里格斯比
regenerate,再生
mystique,神秘感
janus,雅努斯
blending,混合
rhett,瑞特
scarring,疤痕
swish,嗖
juniper,杜松
ginseng,参
ligature,结扎
cramping,抽筋
reflections,反思
bodega,杂货店
vesuvius,维苏威火山
assad,阿萨德
pegs,钉子
mongols,蒙古人
therapists,治疗师
sampling,采样
fairchild,费尔柴尔德
methadone,美沙酮
stereotypes,刻板印象
corned,咸
gluten,麸质
prose,散文
eep,咿咿
rainfall,雨量
anklets,脚链
callers,来电者
angrier,更愤怒
attractions,景点
jacko,杰克逊
jud,朱德
photon,光子
commoner,平民
inquiring,查询
implemented,实施的
gustave,古斯塔夫
regionals,区域
aoi,葵
centimetres,厘米
justifies,证明其合理性
chernobyl,切尔诺贝利
montage,剪辑
rumba,伦巴
hilt,剑柄
minna,米娜
norse,北欧
lib,库
luxembourg,卢森堡
athos,阿索斯
azul,蔚蓝
corrigan,科里根
reb,叛逆
abuela,祖母
peeps,人群
hammerhead,锤头鲨
eraser,橡皮
trinkets,小饰品
patented,专利
kook,疯子
monstrosity,怪物
strides,步幅
veritable,真正的
nomads,游牧民族
exempt,豁免
sonata,奏鸣曲
fuentes,富恩特斯
averted,避免了
ozzie,奥兹
spheres,球体
sauerkraut,酸菜
pawnshop,当铺
wildcat,野猫
differential,微分
degradation,降解
bourgeoisie,资产阶级
coils,线圈
endearing,可爱的
weakening,减弱
rong,荣
trimmed,修剪过的
slaughtering,屠宰
freestyle,自由式
ts,ts
dayton,代顿
dismantled,拆卸
svu,特殊受害者
fray,磨损
forefront,前沿
khaled,哈立德
uv,紫外线
indiscreet,轻率
tarmac,停机坪
fer,fer
red-hot,炽热
doable,可行
probing,探测
groupies,追星族
jumpers,套头衫
bookkeeper,会计
siegel,西格尔
mangoes,芒果
granada,格拉纳达
sachiko,幸子
pheromones,信息素
expedite,加快
apparition,幻影
hallmark,标志
shareholder,股东
furnish,提供
meringue,蛋白酥皮
kinks,扭结
subaru,斯巴鲁
criminally,刑事犯罪
caw,啼
raccoons,浣熊
lute,琵琶
battled,战斗
mozzarella,马苏里拉奶酪
nasser,纳赛尔
scooped,抢先报道
correcting,纠正
economical,经济
holm,霍尔姆
antisocial,反社会
negativity,消极性
rotted,腐烂的
vaudeville,杂耍剧
docile,温顺
constructing,建造
escalated,升级
cooperation,合作
benjy,本杰明
remanded,还押
tether,系绳
daresay,敢说
poignant,令人心酸的
loafers,乐福鞋
stahl,斯塔尔
miso,味噌
rubin,鲁宾
humanly,人道地
relieving,缓解
irena,伊雷娜
dalia,达莉娅
in-law,姻亲
continuation,续篇
violates,违反
landlords,房东
smokers,吸烟者
registering,注册
seiji,诚二
oozing,渗出
buildup,积聚
avenging,复仇
etched,蚀刻
loon,潜鸟
paddling,划桨
keeler,龙骨
whooshes,嗖嗖声
tenacity,韧性
wheelbarrow,独轮车
giveaway,送
hazards,危险
clinically,临床上
cubby,小隔间
paroled,假释
indonesian,印度尼西亚
vidya,维迪亚
accumulate,积累
angelique,安吉莉克
flashlights,手电筒
whiny,爱抱怨的
cranking,启动
lumberjack,伐木工
bargained,讨价还价
developers,开发人员
laszlo,拉斯洛
taiwanese,台湾
byrne,伯恩
appetites,食欲
baz,巴兹
streetcar,电车
levin,莱文
northwestern,西北
nak,纳克
mccormick,麦考密克
atonement,赎罪
nightstand,床头柜
bristow,布里斯托
armistice,停战
kolkata,加尔各答
clowning,小丑表演
tightening,收紧
bakersfield,贝克斯菲尔德
singsong,唱歌
advisory,咨询
fundraising,筹款
upped,上调
headstrong,固执己见
prevailed,最终获胜
hungover,宿醉
birthing,分娩
stagecoach,驿马车
simulated,模拟
megumi,惠
peddler,小贩
belmont,贝尔蒙特
perfumes,香水
demonstrates,证明
ecological,生态
ola,奥拉
grievance,不满
goddesses,女神们
figment,虚构
smalls,小号
debriefing,汇报总结
minorities,少数族裔
shelling,炮击
daredevil,胆大妄为者
cleanup,清理
punctuality,准时性
kush,库什
leapt,跳跃
businesswoman,女商人
sulphur,硫
organizer,组织者
tal,tal
ringleader,头目
tantrums,发脾气
idealist,理想主义者
inkling,暗示
door-to-door,挨家挨户
captives,俘虏
chloride,氯化物
musa,穆萨
ang,安格
foresight,远见
pram,婴儿车
crippling,致残
bungee,蹦极
fashions,时尚
hemp,麻
gunfight,枪战
registers,登记簿
celibacy,独身
anthropologist,人类学家
ressler,雷斯勒
libido,性欲
modification,修改
deviant,异常
jib,吊臂
pests,害虫
aaa,啊啊
pensions,养老金
hummer,悍马
disagreeable,令人不快的
daunting,令人畏惧
consolidated,合并
breen,布林
barbra,芭芭拉
slipstream,滑流
tr,tr
moderation,适度
blissful,幸福的
thirty-six,三十六
moly,钼
europa,欧洲
innate,先天
viii,八
patents,专利
jerrod,杰罗德
yoke,轭
necklaces,项链
comical,滑稽
physiological,生理
naps,午睡
gan,甘
valdez,瓦尔迪兹
ware,仓库
varies,变化
jimenez,希门尼斯
hanley,汉利
budding,萌芽
carburetor,化油器
traffickers,贩运者
unveiling,揭幕
billiard,台球
suresh,苏雷什
longs,长
klutz,笨手笨脚
benefited,受益
outlawed,被禁止的
homestead,家园
cooke,库克
guantanamo,关塔那摩
dugan,杜根
balboa,巴尔博亚
bingham,宾厄姆
soju,烧酒
loosened,松动
alessandro,亚历山德罗
watergate,水门事件
pompey,庞贝
expands,展开
protestants,新教徒
dima,迪玛
adhere,粘着
constipated,便秘
fixation,固定
decently,体面地
epileptic,癫痫
booted,已启动
rockwell,洛克威尔
meteors,流星
mowing,割草
ocd,强迫症
yuji,裕二
aftershave,须后水
malta,马耳他
animosity,敌意
whisk,拂
lilac,紫丁香
greets,问候
marwan,马尔万
marika,玛丽卡
lombard,伦巴第
comatose,昏迷
glows,发光
aided,协助
burroughs,伯勒斯
greats,伟人
altman,奥特曼
sentries,哨兵
dentures,假牙
swindled,被骗
tnt,TNT
hadji,哈吉
resin,树脂
fictitious,虚拟
kelp,海带
slush,泥浆
predatory,掠食性
contention,争论
navigational,导航
pairing,配对
emptying,清空
pacifist,和平主义者
fdr,联邦调查局
atropine,阿托品
compress,压缩
unser,乌瑟
tip-off,开球
quart,夸脱
chamomile,洋甘菊
spiteful,恶毒的
brawn,膂力
putt,推杆
spirituality,灵性
tyrants,暴君
valedictorian,优秀毕业生
bureaucrat,官僚
poacher,偷猎者
porters,搬运工
associations,协会
formulas,公式
hackett,哈克特
embroidery,刺绣
gratifying,可喜
cps,cps
westen,西方
reputable,信誉良好的
glaze,釉
wrestled,摔跤
sufferings,苦难
aragon,阿拉贡
relocation,搬迁
harden,硬化
amour,恋情
rammed,撞倒
unites,联合
helo,你好
dupont,杜邦
jiggle,抖动
symbolizes,象征着
brainwashing,洗脑
seer,先知
gui,图形用户界面
symmetrical,对称的
wikipedia,维基百科
cervical,颈椎
hoon,洪
law-abiding,守法
bajoran,巴乔兰人
usable,可用
voyages,航程
sumner,萨姆纳
runaways,逃亡者
elemental,元素
terrier,梗犬
mothership,母舰
shielded,屏蔽
promotional,促销
tweak,调整
fixated,固定
mistakenly,错误地
hellfire,地狱之火
juju,朱朱
auctioneer,拍卖
flickering,闪烁
ak,ak
tutu,芭蕾舞裙
isolde,伊索尔德
merlyn,梅林
receding,消退
underestimating,低估
defibrillator,除颤器
chassis,机壳
incomparable,无与伦比
padding,填充
hazmat,危险品
mosaic,马赛克
craters,陨石坑
cheeses,奶酪
sickbay,医务室
locator,定位器
yielded,产生
turbine,涡轮
sporty,运动型
paz,和平
idling,怠速
disdain,蔑视
mitts,手套
hounding,追逐
inflamed,发炎的
inverted,倒
corresponds,对应
rosalind,罗莎琳德
gulping,吞咽
suspiciously,可疑地
polyester,聚酯纤维
affinity,亲和力
sforza,斯福扎
shifty,狡猾的
whitechapel,白教堂
realises,意识到
treading,踩踏
triggering,触发
crowder,克劳德
celibate,独身
getup,起床
wedlock,婚姻
mucus,粘液
metamorphosis,变态
tourniquet,止血带
signe,标志
irv,irv
ablaze,燃烧
illuminated,照明
cardiologist,心脏病专家
inflated,膨胀
artiste,艺人
lindbergh,林白
highs,高潮
bookshop,书店
tc,tc
impotence,阳痿
muted,静音
chevalier,骑士
unhand,未手
tambourine,铃鼓
gro,gro
jus,果汁
venerable,可敬
doberman,杜宾犬
mogo,mogo
giuliano,朱利亚诺
wanton,放肆
transient,瞬态
stepdaughter,继女
responsive,响应式设计
supermarkets,超市
invasive,侵入性
rots,腐烂
greendale,格林代尔
wimps,懦夫
blister,水疱
bray,嘶叫
exchanges,交易所
attagirl,好女孩
doubly,双倍
islanders,岛民
befall,降临
psychedelic,迷幻药
faust,浮士德
porcupine,豪猪
deteriorating,恶化
escrow,第三方托管
sprinklers,洒水器
saracen,撒拉逊人
notoriously,臭名昭著
gifford,吉福德
passover,逾越节
anterior,前部
backfire,反噬
tokens,代币
apricot,杏
venomous,有毒
brisk,轻快
dhs,国土安全部
pac,包
nativity,耶稣诞生
mahogany,桃花心木
kondo,近藤
microchip,微芯片
cai,蔡
spar,斯帕
massey,马西
ardent,热心
no-brainer,无需动脑
orin,或
psychos,精神病患者
jumpsuit,连体衣
amin,阿明
stinging,刺痛
rustles,沙沙声
woolly,毛茸茸的
clitoris,阴蒂
verification,确认
admissible,可采纳
uther,乌瑟
caws,叫声
poppa,爸爸
patronizing,居高临下
scandinavian,斯堪的纳维亚语
ailing,生病
triads,三元组
detailing,详细说明
magdalene,抹大拉的玛利亚
standoff,对峙
specifications,规格
resumed,恢复
braids,辫子
bridger,布里杰
townspeople,镇民
brainstorm,头脑风暴
dei,德伊
breakout,突破
tangerine,柑橘
tzu,子
insidious,阴险
gumbo,秋葵汤
icons,图标
watchful,警惕
cruisers,巡洋舰
somalia,索马里
crucifixion,十字架刑
piranha,食人鱼
darkened,变暗
ratty,老鼠
protagonist,主角
pyre,火葬堆
huffs,哼
ima,图像
zoning,分区
great-grandmother,曾祖母
bracket,括号
scrappy,不屈不挠
decorum,礼仪
childress,儿童
stifled,窒息
ballots,选票
bayonets,刺刀
applejack,苹果杰克
dmitry,德米特里
decomposition,分解
voucher,代金券
taoist,道教
shat,拉特
raindrops,雨滴
wrought,锻
converge,收敛
paisley,佩斯利
almeida,阿尔梅达
changer,换碟机
chipmunk,花栗鼠
bloc,集团
airstrip,简易机场
amore,爱
clog,阻塞
tinder,火种
dreamers,梦想家
lien,留置权
tolstoy,托尔斯泰
molester,性骚扰者
transference,转移
lightman,照明工
algerian,阿尔及利亚
lucio,卢西奥
stomped,跺脚
qualification,资格
perps,罪犯
repertoire,曲目
stoker,司炉
pester,纠缠
backdrop,背景
optics,光学
bff,闺蜜
counters,计数器
statutory,法定的
deport,遣返
waterfalls,瀑布
cuffed,袖口
rosebud,玫瑰花蕾
molasses,糖蜜
strengthened,加强
renovations,翻新
haw,霍
ville,维尔
mastery,精通
marci,玛西
feasible,可行的
gospels,福音书
sixties,六十年代
drastically,急剧地
flourished,繁荣
pokemon,宝可梦
priced,定价
borneo,婆罗洲
header,标题
quigley,奎格利
inhaled,吸入
considerations,考虑因素
towing,拖带
cranial,颅骨
purified,纯化
summoning,召唤
attachments,附件
ngo,非政府组织
mcgregor,麦格雷戈
moot,争议
opus,作品
nonexistent,不存在
meaner,更卑鄙
poncho,雨披
paulette,宝莱特
sheriffs,警长
agitation,搅动
indiscretion,轻率
escalator,自动扶梯
outsmart,智胜
undying,不朽
armin,阿明
trav,旅行
glazed,釉面
fairer,更公平
vino,葡萄酒
heathens,异教徒
flicker,闪烁
weirdness,怪异
stomachache,腹痛
downed,倒下
stony,石质的
charmaine,夏曼
enema,灌肠
rector,校长
platt,普拉特
alight,点燃
ransacked,洗劫一空
bartlet,巴特利特
shortcomings,缺点
wedged,楔形
skyscrapers,摩天大楼
goto,转到
krieger,克里格
femoral,股骨
forcefully,强硬地
overseeing,监督
sparrows,麻雀
polaroid,宝丽来
beaut,美
dori,多莉
woozy,晕乎乎的
pediatric,儿科
holla,霍拉
slacks,休闲裤
barr,巴尔
mikado,御天皇
pleas,请
infatuation,痴情
tuscany,托斯卡纳
tasked,任务
churning,搅拌
aloof,超然
extremist,极端分子
billiards,台球
plentiful,丰富
kingpin,幕后黑手
gull,鸥
assurances,保证
faculties,学院
existential,存在主义
loudest,最响亮
sixpence,六便士
nodes,节点
tremor,震颤
incorrigible,不可救药
hanover,汉诺威
overprotective,过度保护
cui,翠
llama,骆驼
coupe,双门轿跑车
inexcusable,不可原谅
botanical,植物
pastrami,熏牛肉
cooperated,合作
mortgaged,抵押贷款
dimwit,笨蛋
nurtured,培育
subtlety,微妙之处
quarreled,争吵
whiplash,鞭打
zhan,詹
flipper,鳍状肢
kristy,克里斯蒂
fie,菲
babysitting,临时保姆
racks,货架
t-bone,丁骨牛排
hp,惠普
interferes,干扰
stroking,抚摸
recklessly,鲁莽地
thyroid,甲状腺
scaffold,脚手架
epa,美国环保署
offline,离线
livingstone,利文斯顿
instructors,教师
burritos,墨西哥卷饼
thereof,其中
drat,糟糕
protestors,抗议者
lode,矿脉
tripod,三脚架
mcmanus,麦克马纳斯
tris,三
mullet,鲻
squeamish,胆小的
euphemism,委婉语
tarnished,失去光泽
brahms,勃拉姆斯
ancestry,祖先
becks,贝克斯
ramifications,影响
tracer,示踪剂
pedals,踏板
steamy,蒸汽
beginners,初学者
babcock,巴布科克
skydiving,跳伞
liqueur,酒
conspirators,阴谋者
renard,狐狸
napalm,凝固汽油弹
infidels,异教徒
shrimps,虾
outbursts,爆发
tosser,傻瓜
hops,酒花
dictation,听写
yukiko,由希子
quivering,颤抖
rationally,理性地
alleviate,减轻
cloaking,隐形
crayons,蜡笔
cheekbones,颧骨
complicity,共谋
blowtorch,喷灯
avoids,避免
gettysburg,葛底斯堡
veggies,蔬菜
departs,离开
duds,失败
old-timer,老家伙
conservatives,保守派
endowed,捐赠
meanings,含义
coon,浣熊
clutter,杂物
mahmoud,马哈茂德
leona,莱昂娜
cob,玉米
endeavour,努力
hoses,软管
jackals,豺狼
tightened,收紧
infatuated,迷恋
tamper,篡改
kishan,基尚
bagging,装袋
mallet,槌
bram,布拉姆
clemency,宽恕
plummer,水管工
suffocation,窒息
ikea,宜家
pointer,指针
nugent,纽金特
strapping,捆绑
shoddy,劣质的
juanito,胡安尼托
saturated,饱和
husky,沙哑
cornish,康沃尔郡
smooches,亲吻
shik,希克
prejudices,偏见
incapacitated,丧失能力
gar,加尔
precedes,之前
anaesthetic,麻药
skyscraper,摩天大楼
assigning,分配
imperialism,帝国主义
sinai,西奈山
validate,证实
robotics,机器人技术
apprehension,忧虑
boning,剔骨
bharat,印度
objectively,客观地
amputate,截肢
sanskrit,梵文
calibre,口径
attained,已达到
computing,计算
high-risk,高风险
confuses,令人困惑
sprinkler,洒水器
unfairly,不公平
shhhh,嘘
unused,未使用的
evidences,证据
dwyer,德怀尔
waged,发动
revision,修订
melodies,旋律
soulless,无魂
amorous,多情
head-to-head,正面交锋
screwy,古怪
reinvent,重塑
pesticide,农药
adulthood,成年期
lessen,减少
amjad,阿姆贾德
balkans,巴尔干
confines,限制
footballer,足球运动员
renovated,翻新
begone,走开
cynicism,玩世不恭
ditches,沟渠
lun,lun
pitied,可怜的
innings,局
tuppence,两便士
deserting,逃兵
seedy,肮脏的
robb,罗布
broadcasts,广播
sociology,社会学
unparalleled,无与伦比
chomping,咀嚼
crawls,爬行
shortcuts,快捷方式
punishments,惩罚
portals,门户
antiquity,古代
peaked,巅峰
reigning,统治
banal,平庸
rihanna,蕾哈娜
dinghy,小艇
cynic,犬儒
constables,警员
paulson,保尔森
custodian,保管人
knowles,诺尔斯
coughed,咳嗽
hornblower,号角吹响者
acquittal,开释
anja,安雅
handover,交出
lipton,立顿
manhole,人孔
launchpad,启动平台
caresses,爱抚
marksman,神射手
sultry,闷热
impressionable,易受影响的
clipper,快艇
jayne,杰恩
preferable,优选
amazes,令人惊叹
confesses,坦白
retrieval,检索
timers,计时器
petal,花瓣
matisse,马蒂斯
merc,梅尔
hastily,草草
vaginas,阴道
flowery,如花
nosey,爱管闲事的人
omg,我的天啊
transparency,透明度
stimulus,刺激
clad,覆膜
gondola,贡多拉
hooters,猫头鹰餐厅
schwarzenegger,施瓦辛格
browsing,浏览
pecking,啄食
matti,马蒂
henson,亨森
rockford,罗克福德
alluring,诱人
demographic,人口统计
drips,滴
zorn,佐恩
foa,泡沫
strategically,战略性地
absorbs,吸收
scamp,恶棍
inaccurate,不准确
forthwith,立即
sponges,海绵
grapevine,葡萄藤
womanizer,花花公子
periodic,周期性
occupants,居住者
nae,纳
piggyback,背驮式
malachi,马拉基
man-to-man,男人对男人
cite,引用
parachutes,降落伞
brunt,冲击
seekers,寻求者
disagreements,分歧
filmmaking,电影制作
suffolk,萨福克
schnell,施内尔
adjoining,相邻的
gooey,黏糊糊的
slacking,松懈
lyndsey,林赛
luz,卢兹
speculating,推测
screened,筛选
cleary,清晰
aberdeen,阿伯丁
simultaneous,同时
lint,皮棉
oft,经常
mariko,真理子
stooge,傀儡
cross-eyed,斜视
drafts,草稿
titled,标题
symbolism,象征意义
first-aid,急救
gradual,逐渐地
clack,唠叨
impatience,不耐烦
enlightening,启发性的
migrants,移民
ludo,卢多
anchors,锚
declining,下降
rena,雷纳
protested,抗议
secondhand,二手
terrorize,恐吓
ineffective,无效
dobson,多布森
syllable,音节
verbally,口头
wrongdoing,不当行为
rourke,鲁尔克
utilities,公用事业
acknowledging,承认
primate,灵长类动物
lout,粗鲁
stratton,斯特拉顿
bookies,博彩公司
revert,恢复
racked,架子
congratulation,恭喜
dorrit,多丽特
sarcastically,讽刺地
aquarius,水瓶座
atari,雅达利
chalet,小木屋
greenberg,格林伯格
bern,伯尔尼
disgusts,令人厌恶
unfolding,展开
pax,帕克斯
persuading,说服
nicks,尼克斯
kia,起亚
adhesive,粘合剂
miyamoto,宫本
understandably,可以理解
crease,褶皱
resists,抵抗
todo,待办事项
bello,贝洛
carina,卡琳娜
dekker,德克尔
ojai,奥海
cu,cu
spasm,痉挛
kafka,卡夫卡
tweeted,推特
mahesh,马赫什
recapture,夺回
anemia,贫血
disbanded,解散
dorky,呆萌
aptitude,天赋
dominoes,骨牌
trini,特立尼达和多巴哥
ovens,烤箱
hutchinson,哈钦森
god-given,神赐的
carelessness,疏忽
simpleton,傻瓜
lll,lll
indigo,靛青
chewy,耐嚼的
nom,诺姆
icelandic,冰岛
amend,修正
daze,发呆
candidacy,候选资格
foreseen,预见
playa,普拉亚
sondra,桑德拉
muffler,围巾
unfulfilled,未实现的
pertaining,相关的
caribou,驯鹿
gangrene,坏疽
dunne,邓恩
coliseum,竞技场
splatter,飞溅
rectum,直肠
tripe,肚
lawless,无法无天
zimmerman,齐默尔曼
salutations,问候
willful,任性的
sludge,污泥
imbeciles,白痴
cockney,伦敦东区口音
cantor,领唱者
negotiable,可协商
squirm,蠕动
flaky,片状的
failsafe,故障安全
spaceships,宇宙飞船
contaminate,污染
mcneil,麦克尼尔
knowhow,知识
syllables,音节
nines,九
ichabod,伊卡博德
discriminate,辨析
enclosure,外壳
gagged,嘴被堵住，嘴巴被堵住。
warmly,热情地
warmest,最温暖
sweeper,清扫器
grader,评分员
moldy,发霉的
wicker,柳条
koto,琴
caracas,加拉加斯
embraces,拥抱
gully,沟壑
decimated,被摧毁
docs,文档
inward,向内
romances,浪漫故事
piety,虔诚
takeaway,外卖
deflect,偏转
self-inflicted,自作自受
pomp,盛大场面
rebelled,叛乱
indulging,沉溺于
zapped,被电击
wer,是
sandbox,沙盒
buttered,涂黄油的
lange,兰格
bingley,宾利
invader,侵略者
feeder,喂料器
pla,普拉
behead,斩首
forceps,钳子
reopening,重新开放
reinstate,恢复
legislative,立法
veg,蔬菜
carpool,拼车
zest,热情
jeju,济州岛
defer,推迟
topple,倾倒
mutilation,残害
cloths,布料
secretariat,秘书处
shrill,尖锐
reliving,重温
adorned,装饰
quarterly,季刊
ailment,病痛
startup,初创公司
contagion,传染
parading,游行
sustenance,维持
desertion,逃兵
assures,保证
egghead,书呆子
sledgehammer,大锤
simulator,模拟器
temperamental,性情古怪
edict,法令
sensibility,感性
fuehrer,元首
impetuous,浮躁
notable,值得注意的
dollhouse,娃娃屋
stimulated,刺激
succumbed,屈服了
corrine,科琳
shalimar,沙利马尔
tightrope,走钢丝
conspire,合谋
goatee,山羊胡
eduard,爱德华
tigress,母老虎
eugenia,尤金妮亚
bulky,笨重
endo,内分泌
hemlock,铁杉
scoops,勺子
salisbury,索尔兹伯里
quint,五胞胎
headway,进展
carelessly,粗心大意
incinerated,焚烧
grisly,可怕的
gait,步态
unscathed,毫发无损
zinc,锌
sneezed,打喷嚏
stethoscope,听诊器
raking,耙草
bibles,圣经
sono,索诺
lobbying,游说
strait,海峡
xiii,十三
owt,owt
erickson,埃里克森
finlay,芬利
leveled,平整
vipers,蝰蛇
hookup,挂钩
commonplace,平凡
resentful,不满
crick,板球
boyz,男孩们
ranjit,兰吉特
supersonic,超音速
bigelow,比格罗
exclaim,惊叹
patronage,赞助
dieu,上帝
burmese,缅甸
somethings,有些
academics,学者
egos,自我
constabulary,警察
deadlines,截止日期
morley,莫利
farid,法里德
bonanza,宝藏
nozzle,喷嘴
distasteful,令人厌恶的
prod,生产
cleave,劈开
henshaw,亨肖
wessex,威塞克斯
discourse,话语
overcoming,克服
magna,玛格纳
philanthropist,慈善家
crapped,拉屎了
expanse,广阔
yow,哟
typhus,斑疹伤寒
betel,槟榔
remo,雷莫
disrespected,不尊重
yasmin,亚斯敏
electra,伊莱克特拉
buzzard,秃鹰
marlo,马洛
darrow,达罗
expectancy,预期
madmen,狂人
dazzled,眼花缭乱
waller,沃勒
dogg,狗
citrus,柑橘
needlessly,不必要的
attends,参加
aoki,青木
truckload,整车运输
aramis,阿拉米斯
cancelling,取消
unsettled,不安的
seared,烤
singularity,奇点
thaddeus,萨迪厄斯
noo,不
chartered,特许
godson,教子
cuthbert,卡斯伯特
venting,通风
contradictory,矛盾的
cahoots,勾结
bridgette,布里奇特
decidedly,绝对地
lac,乳胶
knobs,旋钮
artificially,人为地
athletics,竞技
schoolwork,学校工作
faux,假的
copped,被抓
gecko,壁虎
competed,竞争
barring,禁止
polk,波尔克
spanner,扳手
dropout,辍学
ina,在
couscous,库斯库斯
hikari,光
mumps,腮腺炎
napa,纳帕
enchantment,魅力
reprieve,缓刑
headstone,墓石
icky,恶心的
drago,德拉戈
siberian,西伯利亚
audacious,大胆的
pecan,胡桃
skylight,天窗
juno,朱诺
twittering,推特
ronda,隆达
barmaid,招待员
commendation,表彰
cartilage,软骨
mucking,泥土
suppression,抑制
plume,羽
delores,德洛雷斯
madre,母亲
helix,螺旋
sultana,苏丹娜
twinkling,闪烁
zola,佐拉
prentice,学徒
pajama,睡衣
informative,信息丰富的
nice-looking,外形好看
suave,温文尔雅
badminton,羽毛球
yoshioka,吉冈
graff,涂鸦
karp,鲤鱼
lander,着陆器
guevara,格瓦拉
bolshevik,布尔什维克
halstead,哈尔斯特德
unmanned,无人
stair,楼梯
idealistic,理想主义
breakin,打破
disowned,被断绝关系
doormat,门垫
conquests,征服
pronunciation,发音
discontent,不满
vaughan,沃恩
perversion,变态
tyrell,泰瑞尔
hartmann,哈特曼
disbelief,怀疑
racehorse,赛马
scallop,扇贝
leases,租赁
shadowy,阴暗的
hurdles,障碍
gulliver,格列佛
executor,遗嘱执行人
slashing,砍杀
glider,滑翔机
leans,倾斜
hydrant,消火栓
leonid,列昂尼德
adorn,装饰
aku,阿库
consist,由
twas,那是
hoarding,囤积
inquisitor,审判官
differentiate,区分
slaving,奴役
puffed,膨胀的
pleasantly,愉快
primates,灵长类动物
mogul,大亨
prius,普锐斯
deter,阻止
ter,特尔
robson,罗布森
simeon,西蒙
piccadilly,皮卡迪利
veranda,阳台
merging,合并
breezy,微风
quan,泉
capped,封顶
blue-eyed,蓝眼睛
ponds,池塘
sided,侧面
landmarks,地标
converts,转换
outback,内陆地区
deja,似曾相识
shotguns,霰弹枪
squaw,印第安女人
eluded,躲避
satomi,里见
paella,西班牙海鲜饭
erasing,擦除
avant-garde,前卫
tupac,图帕克
upholstery,室内装潢
pbs,PBS
baseline,基线
neighbouring,邻接
lioness,母狮
crackhead,瘾君子
likeable,讨人喜欢
kibbutz,基布兹
katharine,凯瑟琳
moonlighting,兼职
bumpkin,乡巴佬
gant,甘特
laborer,劳动者
scorsese,斯科塞斯
droning,无人机
fernand,费尔南德
gunter,冈特
letty,莱蒂
dawning,黎明
setbacks,挫折
trouser,裤子
bosnian,波斯尼亚
rancid,馊
balthazar,巴尔塔扎
velcro,魔术贴
emit,发射
wherein,其中
aron,阿伦
brahma,梵
stockbroker,股票经纪人
blackwell,布莱克威尔
insightful,有见地的
enoch,以诺
prancing,轻快地跳跃
enzymes,酶
bellevue,贝尔维尤
vhs,VHS
anglo-saxon,盎格鲁-撒克逊
santini,桑蒂尼
tatum,塔图姆
unconsciously,不知不觉
ummm,嗯……
geraldo,杰拉尔多
pt,pt
updating,更新
grotto,石窟
dams,水坝
hahn,哈恩
unscrupulous,无良的
bryn,布林
vick,维克
eleventh,第十一
crises,危机
resembling,类似
electrodes,电极
payload,有效载荷
picnics,野餐
loathsome,令人厌恶的
darnley,达恩利
singsongy,抑扬顿挫的
ruffian,痞子
goulash,炖牛肉
dov,多夫
tartar,鞑靼
sunburn,晒斑
littered,垃圾
supplemental,补充
drop-off,下车
lawton,劳顿
disruptive,破坏性的
killjoy,扫兴的人
short-lived,短暂的
hourglass,滴漏
second-rate,二流
pasty,糊状物
turnaround,回转
carte,卡片
franc,法郎
meteorites,陨石
blackpool,黑池
brainy,聪明的
haruko,春子
suze,苏兹
grappling,格斗
patrik,帕特里克
misfits,格格不入的人
mover,搬家公司
molesting,性骚扰
downton,唐顿
strumming,拨弦
hater,仇恨者
mobilized,动员起来
bung,塞子
brain-dead,脑死亡
solitaire,单人纸牌游戏
barbados,巴巴多斯
hummus,鹰嘴豆泥
vips,贵宾
resorts,度假村
maniacal,疯狂的
chaney,钱尼
solange,索兰格
drivel,胡言乱语
rodgers,罗杰斯
microfilm,缩微胶片
combs,梳子
memos,备忘录
looney,疯子
batgirl,蝙蝠女
mariah,玛丽亚
squint,眯
honky,白人
tyrannosaurus,霸王龙
sediment,沉淀
brava,布拉瓦
coincide,重合
voltaire,伏尔泰
apparel,服饰
mockingly,嘲讽地
lia,莉娅
gawd,天哪
ordnance,军械
gatherings,聚会
ged,盖德
ponce,庞塞
sapiens,智人
old-time,老式
jaclyn,杰克琳
one-off,一次性
amputation,截肢
bustle,忙碌
jockeys,骑师
toru,渡
golem,魔像
sandstorm,沙暴
cloaked,隐蔽的
squander,挥霍
proudest,最引以为豪
yanking,猛拉
regimen,方案
afterschool,课后
deluca,德卢卡
khalil,哈利勒
vickie,维姬
exhibited,展出
constituency,选区
plagues,瘟疫
hitchhiking,搭便车
gouge,挖出
stigma,柱头
storytelling,评书
otters,水獭
ove,爱
pooper,便便
toasting,祝酒
purification,纯化
despises,鄙视
positioning,定位
lashed,鞭打
blinked,眨眼
francoise,弗朗索瓦
extracting,提取
flavours,口味
creators,创造者
destinies,命运
spector,幽灵
huntley,亨特利
lynda,琳达
genji,源氏
uniting,联合
legislature,立法机关
bloomed,盛开
strenuous,费力的
blakely,布莱克利
masterpieces,杰作
squishy,软绵绵的
lows,低
afro,非洲裔
liven,活
orgies,狂欢
babette,巴贝特
outdone,胜过
nintendo,任天堂
curiously,奇怪的是
matthias,马蒂亚斯
saab,萨博
pantyhose,连裤袜
stavros,斯塔夫罗斯
warns,警告
interactions,互动
biologically,生物学
fresher,更清新
wasteful,浪费
double-crossing,背叛
centipede,蜈
banger,劲爆
stickler,坚持者
arya,雅利安
perpetrated,实施
computerized,计算机化
ulcers,溃疡
vickers,维克斯
caspar,卡斯帕
kasper,卡斯帕
scavengers,拾荒者
bugsy,巴格西
working-class,工人阶级
two-year,两年
bitchin,太棒了
semper,永远
kaya,卡亚
moronic,愚蠢
humbug,骗子
overbearing,霸道
rosenberg,罗森伯格
cheapskate,吝啬鬼
toupee,假发
structured,结构化的
sakamoto,坂本
kaz,卡兹
ovation,排卵
plunger,柱塞
visor,遮阳板
kowloon,九龙
tongs,钳
rancher,牧场主
sportsman,运动员
patriarch,族长
null,无效的
blueberries,蓝莓
frisco,旧金山
cartons,纸箱
exceeds,超过
daedalus,代达罗斯
feudal,封建
arses,屁股
paradigm,范例
guerrero,格雷罗
edema,浮肿
chutney,酸辣酱
guten,古滕
deo,除臭剂
recollect,追忆
proletariat,无产阶级
interrogations,审讯
scuffle,扭打
henchman,喽啰
rasmus,拉斯穆斯
molest,骚扰
tootsie,图西
thayer,泰尔
yolk,蛋黄
hisself,他自己
explicitly,明确地
arterial,动脉
methodical,有条不紊
saver,省钱
launder,洗衣
spaz,斯帕兹
undertaken,已
hummingbird,蜂鸟
intestinal,肠
horsey,马
prowling,潜行
givens,已知条件
douse,浇水
ooze,渗出物
dupree,杜普雷
riggins,里金斯
beehive,蜂窝
elroy,埃尔罗伊
chechnya,车臣
luring,诱饵
gazebo,凉亭
gatsby,了不起的盖茨比
angelus,天使
mathews,马修斯
wretches,可怜虫
spotter,观察员
petersen,彼得森
nautilus,鹦鹉螺
recluse,隐士
mortis,死亡
covet,贪图
pringle,品客薯片
ranchers,牧场主
finite,有限
tonto,通托
angola,安哥拉
platypus,鸭嘴兽
veronika,维罗妮卡
waging,工资
skyline,天际线
desdemona,苔丝狄蒙娜
copernicus,哥白尼
amazons,亚马逊
ric,ric
bearable,可以忍受
travesty,闹剧
frontiers,前沿
refuel,加油
monogamous,一夫一妻制
lull,麻痹
remnant,剩
nascar,纳斯卡赛车
smirk,傻笑
routed,路由
omer,欧门
haas,哈斯
affiliated,附属
tush,屁股
laughingstock,笑柄
uns,联合国
commodities,商品
smithsonian,史密森尼
blockage,堵塞
ventriloquist,腹语师
yams,山药
beaucoup,很多
analysed,分析
goodbyes,再见
seeming,似乎
dumont,杜蒙特
mayans,玛雅人
coasters,杯垫
landscaping,景观设计
pleasurable,令人愉悦的
sandrine,桑德琳
navajo,纳瓦霍
unknowingly,不知不觉地
exercised,锻炼
quotation,引述
hercule,赫拉克勒斯
stalks,茎
embalming,防腐
bunkers,掩体
supplements,补充剂
politeness,礼貌
consisted,由……组成
doings,行为
revolve,围绕
unfounded,毫无根据
torrance,托伦斯
astor,阿斯托
winking,眨眼
hinting,暗示
scylla,斯库拉
johansson,约翰逊
uncalled,未命名
screenwriter,编剧
reimburse,补偿
ugo,乌戈
woodhouse,伍德豪斯
christened,受洗
rsvp,敬请回复
cannae,美人蕉
virile,阳刚的
hol,霍尔
role-playing,角色扮演
motivational,激励
spotty,斑驳的
patching,修补
tranquilizers,镇静剂
mork,莫克
extort,勒索
nominations,提名
celebratory,庆祝
crud,脏东西
puta,普塔
pate,肉酱
mercilessly,无情地
battering,殴打
insignia,徽章
demeaning,贬低
raider,突袭者
jangling,叮当作响
hipster,潮人
reels,卷轴
upto,至
triangles,三角形
individuality,个性
debauchery,放荡
cecily,塞西莉
plucking,拔毛
moritz,莫里茨
two-time,两次
loin,腰部
identifies,识别
phineas,菲尼亚斯
macabre,恐怖
hurled,投掷
varnish,漆
cosmopolitan,国际化
wack,怪人
pino,皮诺
surly,粗鲁
obtaining,获得
riffraff,痞子
compost,堆肥
toured,巡回演出
gook,gook
cross-reference,交叉引用
halle,哈莉
anklet,脚链
hoskins,霍斯金斯
expressive,富有表现力的
singled,单身
employing,雇用
migrate,迁移
sass,傲娇
validation,验证
broaden,扩大
mortars,迫击炮
first-time,第一次
yields,产量
chimneys,烟囱
gonorrhea,淋病
buzzers,蜂鸣器
paprika,辣椒
sharif,谢里夫
adjutant,副官
furlough,休假
nefarious,邪恶
overpower,压倒
flogged,鞭打
shakti,沙克蒂
hibernation,冬眠
piston,活塞
adventurers,冒险者
swabs,拭子
buildup,积聚
rioting,骚乱
demetrius,狄米特里
cannibalism,食人行为
pickin,皮金
c4,c4
reluctance,不情愿
embroidered,绣花
nome,诺姆
sia,西亚
gimp,GIMP
whitmore,惠特莫尔
breeder,育种者
jafar,贾法尔
margherita,玛格丽特
sizzle,嘶嘶声
reflective,反光的
inger,英格尔
condemning,谴责
endgame,终局
boathouse,船屋
chilton,奇尔顿
manageable,可管理的
disintegrate,瓦解
ethereal,空灵的
brimstone,硫磺
preferences,偏好
phonograph,留声机
workload,工作负荷
credited,已认可
evading,逃避
mouthpiece,喉舌
farmland,农田
fouled,犯规
eights,八
carnations,康乃馨
scissor,剪刀
sponsoring,赞助
farrah,法拉
hairless,无毛
defenceless,毫无防备
narcissist,自恋者
reappear,再现
undisturbed,未受干扰
bittersweet,苦乐参半
tusk,象牙
memoir,回忆录
plunging,骤降
alaric,阿拉里克
lawns,草坪
manta,蝠鲼
concorde,协和式飞机
pleads,恳求
iranians,伊朗人
regulated,受监管
compadre,朋友
arming,武装
sarin,沙林
prowler,潜行者
antwerp,安特卫普
armadillo,犰狳
tanked,坦克
whisperer,低语者
magpie,鹊
wealthiest,最富有的
sig,签名
halliwell,哈利韦尔
sedation,镇静
ayesha,阿伊莎
impersonate,模仿
fabrication,制造
mediocrity,平庸
zapata,萨帕塔
crafted,精心制作
nog,木栓
suppressing,抑制
metric,指标
scurvy,坏血病
yukon,育空地区
photocopy,复印件
impromptu,即兴
fable,寓言
alterations,变化
striptease,脱衣舞
attentions,注意
crunches,仰卧起坐
pryce,普莱斯
felton,毛毡
printers,打印机
coating,涂层
rims,轮辋
salamander,蝾
succubus,魅魔
seatbelts,安全带
rotary,旋转
maxime,马克西姆
mirza,米尔扎
huddled,蜷缩着
t-rex,霸王龙
frm,弗姆
undermining,破坏
racking,货架
soliciting,征求
repetitive,重复
lighted,照明
parma,帕尔马
daniella,丹妮拉
barracuda,梭鱼
conga,康加舞
mizuno,美津浓
shimizu,清水
bumble,大黄蜂
shined,闪耀
liberator,救星
tillman,蒂尔曼
kiera,基拉
misbehave,行为不端
incarnation,化身
stupendous,惊人的
whereby,由此
pouting,撅嘴
decked,甲板
virgo,处女座
diddle,滴答
scour,冲刷
lidocaine,利多卡因
fatality,死亡
pinning,钉住
cobalt,钴
rudely,粗鲁地
jailhouse,监狱
restrict,限制
amuses,娱乐
ducats,杜卡特
enthusiast,爱好者
chronicles,编年史
scorpius,天蝎座
interactive,交互的
kooky,古怪的
shih,施
devouring,吞噬
emancipation,解放
alaskan,阿拉斯加
headman,村长
harmonious,和谐
noi,诺伊
infiltration,浸润
hothead,暴脾气
midas,迈达斯
wholeheartedly,竭诚
erwin,欧文
kaitlin,凯特琳
hepburn,赫本
classrooms,教室
leia,莱娅
bulging,凸起
rousing,振奋人心的
wherefore,因此
pulpit,讲坛
monogamy,一夫一妻制
craftsmen,工匠
harv,哈维
linens,亚麻布
ladybug,瓢虫
pooping,拉屎
steered,转向
aimlessly,漫无目的地
calendars,日历
firefight,枪战
kohl,科尔
grog,格罗格酒
purged,已清除
lukewarm,温
ultraman,奥特曼
minion,小黄人
dissection,解剖
advisers,顾问
demeanor,风度
archaic,古老的
sentient,有感知能力的
lazar,拉扎尔
uninhabited,无人
falter,犹豫不决
reactors,反应堆
realistically,现实地
windscreen,挡风玻璃
destinations,目的地
fremont,弗里蒙特
louisville,路易斯维尔
paulina,保利娜
iceman,冰人
thrift,节约
opie,奥皮
uploading,上传
fast-paced,快节奏
mcgrath,麦格拉斯
shoveling,铲雪
eee,eee
sideline,副业
fathered,父亲
creeper,苦力怕
dade,戴德
waltzing,华尔兹
rackets,球拍
stryker,斯特赖克
hush-hush,嘘！
shel,壳
smythe,史密斯
posterior,后部
disbarred,被取消律师资格
disconnects,断开连接
disappearances,失踪
snapper,鲷鱼
stace,斯泰斯
unveil,揭幕
gr,gr
wheezes,喘息
trailers,拖车
willed,意志
inspecting,检查
tote,手提袋
caro,卡罗
autonomy,自治
warring,战争
vetted,经过审查
cronies,亲信
whiter,更白
felons,重罪犯
dysentery,痢
binky,宾基
nous,我们
nadya,纳迪亚
harcourt,哈考特
chekov,契诃夫
township,乡
lunacy,疯狂
jas,贾斯
vegeta,贝吉塔
insistence,坚持
handwritten,手写
crusades,十字军东征
feline,猫科动物
westinghouse,西屋
rami,拉米
pasa,帕萨
chrissie,克莉茜
tuan,段
mindful,正念
alla,阿拉
oona,奥娜
bacchus,巴克斯
footwear,鞋类
overture,序曲
tolliver,托利弗
mcleod,麦克劳德
aussie,澳大利亚人
freda,弗雷达
drowsy,昏昏欲睡
fluorescent,荧光
pretender,冒名顶替者
sawmill,锯木厂
shunned,被排斥
konrad,康拉德
frauds,欺诈
cemeteries,墓地
nutmeg,肉豆蔻
buggered,搞砸了
turquoise,绿松石
correlation,相关性
pinkerton,平克顿
conning,骗局
aversion,厌恶
recommends,建议
mongoose,獴
kaput,卡普特
powerhouse,强队
excavated,挖掘
gripping,扣人心弦
derelict,废弃的
marshes,沼泽
overturn,颠覆
embodiment,实施例
rapunzel,长发公主
hatching,孵化
jamison,詹姆森
elwood,埃尔伍德
bathhouse,澡堂
lends,借贷
circuitry,电路
hideaway,隐蔽处
mcnulty,麦克纳尔蒂
eames,伊姆斯
lingers,徘徊不去
livingston,利文斯顿
confederacy,邦联
terrify,恐惧
inaccessible,无法进入
catwalk,T台
tater,土豆
tots,幼儿
darkroom,暗室
visuals,视觉效果
sikes,骗子
carvings,雕刻
lorena,洛雷娜
depict,描绘
spaceman,太空人
nuremberg,纽伦堡
aquatic,水
anvil,砧
mediation,调解
avenues,途径
baroque,巴洛克
lahore,拉合尔
systolic,收缩压
harms,危害
maximize,最大化
jangle,争吵
messer,梅塞尔
tweedle,特威德尔
mariachi,墨西哥流浪乐队
larrabee,拉拉比
tournaments,锦标赛
booby-trapped,装有陷阱的
kes,kes
ventures,风险投资
belize,伯利兹
cheney,切尼
saltwater,咸水
cesspool,化粪池
salve,药膏
hazing,欺凌
nudist,天体主义者
melancholic,忧郁的
futon,蒲团
westchester,韦斯特切斯特
bestseller,畅销书
hangout,挂出
arbor,乔木
thermostat,恒温器
picturesque,如画
castrated,阉割
ambience,环境
entirety,整体
enabling,使能
olds,老
leisurely,悠闲
hella,非常
deposed,被罢免
opted,选择
pickings,采摘
pivotal,关键的
mis,误
loafer,浪子
congressmen,国会议员
genital,生殖器
signaling,信号传导
unis,大学
flog,鞭打
austrians,奥地利人
so-and-so,某某
als,也
surfboard,冲浪板
sil,硅
preserves,果酱
gripped,紧握
copilot,副驾驶
accelerant,助燃剂
satya,萨蒂亚
incubator,培养箱
nigerian,尼日利亚
arty,艺术
houseboat,船屋
seminars,研讨会
mohawk,莫霍克
caressing,爱抚
gaz,天然气
capricorn,摩羯座
konstantin,康斯坦丁
vaccinated,已接种疫苗
footwork,步法
promiscuous,淫乱
flagpole,旗杆
hinge,合页
alyosha,阿廖沙
methinks,我觉得
pave,铺平
miko,巫女
grouse,松鸡
clipboard,剪贴板
swahili,斯瓦希里语
gennaro,詹纳罗
jot,点
electrified,带电
carlito,卡利托
ders,ders
mugger,劫匪
chiropractor,脊椎按摩师
nutcracker,胡桃夹子
shortened,缩短
hogging,独占
confound,混杂
tundra,苔原
chickened,胆小鬼
megaphone,扩音器
ramses,拉美西斯
blindsided,猝不及防
incite,煽动
caption,标题
tackling,擒抱
iraqis,伊拉克人
unjustly,不公正的
turds,粪便
awkwardly,尴尬地
dispensary,药房
demonstrators,示威者
lock-up,锁闭
bod,身体
clung,紧紧抓住
extracurricular,课外
renovating,翻新
cyst,囊肿
perchance,或许
abbs,abbs
illustrations,插图
dismembered,肢解
first-degree,一级
laughable,可笑
lemur,狐猴
balances,余额
cato,卡托
hangers,衣架
unification,统一
civilisations,文明
vilma,维尔玛
porterhouse,波特豪斯
prob,概率
cabana,小屋
leipzig,莱比锡
budgets,预算
collarbone,锁骨
reeds,芦苇
lithuania,立陶宛
somerset,萨默塞特
fernanda,费尔南达
dynamo,发电机
jarrod,贾罗德
sponsorship,赞助
familiarity,熟悉
hakim,哈基姆
bogged,陷入泥潭
boudoir,闺房
housemaid,保姆
crayon,蜡笔
pfeiffer,普费弗
perrin,佩兰
hinted,暗示
large-scale,大规模
pom,绒球
frustrations,挫折
motif,主题
shipwrecked,遭遇海难
transformers,变压器
caligula,卡利古拉
pullman,普尔曼
hanne,汉娜
omens,预兆
suis,苏伊斯
extremities,四肢
deduce,推断
popov,波波夫
dwells,居住地
unplugged,拔掉电源
seaboard,海岸
nishi,西
publications,出版物
self-help,自助
druids,德鲁伊
pedicure,修脚
pym,皮姆
falcone,法尔科内
gul,古尔
yui,结衣
finalize,最终确定
mounts,安装
overdone,做得太过火了
assorted,各种各样的
varun,瓦伦
tubs,浴缸
whitley,惠特利
finalized,最终定稿
superstars,超级巨星
immaterial,无关紧要
stainless,防锈的
disinfectant,消毒剂
damning,令人震惊的
whitehead,白头
mope,忧郁
anchorage,安克雷奇
loom,织布机
kinetic,动力学
turnips,萝卜
foothold,立足点
chlamydia,衣原体
fifties,五十年代
krystal,克丽丝塔尔
ashby,阿什比
umberto,翁贝托
webs,网络
cavities,空腔
mormons,摩门教徒
postage,邮资
rothschild,罗斯柴尔德
dreading,恐惧
doolittle,杜立特
captivated,着迷
saddened,悲伤
trolling,钓鱼
capitalists,资本家
cyndi,辛迪
hoes,锄头
signify,表示
myles,迈尔斯
dips,蘸酱
dimple,酒窝
bannerman,旗手
holliday,假日
ascended,上升
tidied,整理好
shrouded,被遮蔽的
alienated,疏离的
wop,wop
childs,儿童
satoshi,聪
debit,借方
newsstand,报摊
bodie,博迪
lovey,亲爱的
molding,模具
mays,五月
mouth-to-mouth,口对口
harlow,哈洛
monotonous,单调
symposium,座谈会
grasped,抓住
displacement,位移
barnabas,巴拿巴
blackburn,布莱克本
competence,权限
sniffed,嗅了嗅
midlife,中年
zit,痘痘
advisable,建议
suzette,苏泽特
sienna,赭色
scribbling,涂鸦
skateboarding,滑板
feats,壮举
madder,茜草
undermined,被削弱
cinematic,电影
overpriced,价格过高
ephraim,以法莲
whimper,呜咽
parishioners,教区居民
self-destructive,自我毁灭
hungarians,匈牙利人
tapioca,木薯
ry,ry
slumming,贫民窟生活
effie,艾菲
homely,家常的
vineyards,葡萄园
ec,ec
vics,维克
heathcliff,希思克利夫
spartans,斯巴达人
well-dressed,衣着得体
crapper,厕所
enslave,奴役
cocked,上膛
bucking,颠簸
repellent,驱虫剂
langford,兰福德
perched,栖息
paraguay,巴拉圭
flabby,松弛
defiled,被玷污的
dolce,甜蜜
choosy,挑剔的
narcotic,麻醉剂
battalions,营
motorcade,车队
kelley,凯利
beaks,喙
sleek,光滑
vividly,生动地
koch,科赫
judi,朱迪
classification,分类
esquire,绅士
nitrous,一氧化二氮
vouchers,代金券
cascade,级联
frees,自由
shabbat,安息日
winona,威诺娜
walled,有围墙的
wagging,摇尾巴
mew,喵
regrettably,遗憾的是
unsuitable,不合适
esperanza,希望
winger,边锋
injun,印第安人
dented,凹陷
remodeling,改造
heroics,英雄主义
rie,rie
evaporate,蒸发
cramer,克莱默
withdrawals,提款
easton,伊斯顿
economically,经济上
eloping,私奔
gilroy,吉尔罗伊
blogs,博客
dunkirk,敦刻尔克
carpenters,木匠
bleeps,哔哔声
fib,纤维
hoarse,嘶哑
recognizable,可识别的
oldie,老歌
pardons,赦免
seawater,海水
dwellers,居民
homemade,自制
pelham,佩勒姆
fusco,福斯科
everglades,大沼泽地
crowding,拥挤
wetting,润湿
fizz,嘶嘶
manifests,表现
overdid,做得太过火了
roomie,室友
haircuts,理发
myriad,无数
confounded,令人困惑
faruk,法鲁克
cupboards,橱柜
subconsciously,潜意识
catchphrase,口号
agility,敏捷
panzer,坦克
ir,红外
supple,柔软
winery,酒厂
filippo,菲利波
inflate,膨胀
pane,窗格
rodolfo,鲁道夫
flamenco,弗拉明戈
trachea,气管
rakesh,拉凯什
mph,每小时
kinney,金尼
domesticated,家养的
molded,模制
hardball,硬球
reena,丽娜
consenting,同意
reston,雷斯顿
repugnant,令人厌恶的
oates,燕麦
corrupting,腐败
flocks,羊群
gunnery,炮术
devotee,信徒
ails,疾病
stepan,斯蒂芬
ester,酯
entrails,内脏
keepsake,纪念品
dahl,达尔
versed,精通
two-man,双人
mycroft,迈克罗夫特
foundry,铸造厂
fido,菲多
wordy,冗长
formaldehyde,甲醛
prepaid,预付
chitchat,闲谈
gesundheit,gesundheit
villager,村民
orhan,奥尔汉
reassurance,放心
outcomes,结果
bitte,咬
trillions,万亿
liquidate,清算
cheaply,便宜
romi,罗米
drax,德拉克斯
kilt,苏格兰短裙
judea,犹太
bigot,偏执狂
hayashi,林
autonomous,自主
unbroken,未破
osbourne,奥斯本
awry,错误
radley,拉德利
alternating,交替
ontario,安大略省
spooks,幽灵
detach,分离
coax,哄
lorenz,洛伦兹
volker,沃尔克
cr,cr
tilted,斜
outnumber,人数占优
preceded,之前
morph,变形
bedbugs,臭虫
zillion,亿万
hopin,霍平
batmobile,蝙蝠车
self-preservation,自我保护
distinguishing,区别
goya,戈雅
lashing,鞭打
veiled,含蓄
freshness,新鲜
matsumoto,松本
commissary,小卖部
kalle,卡勒
sorrowful,悲伤
drab,单调
accommodating,适应性强
springsteen,斯普林斯汀
tweezers,镊子
sternum,胸骨
debacle,崩溃
cellars,地窖
ariadne,阿里阿德涅
fastball,快速球
chopra,乔普拉
sown,播种
sunsets,日落
impractical,不切实际
reputations,声誉
morsel,小块
nymph,仙女
god-fearing,敬畏上帝的
gleason,格里森
zora,佐拉
manuals,手册
subatomic,亚原子
exonerated,无罪释放
nawab,纳瓦布
letterman,莱特曼
roughed,粗糙
sima,西玛
gutierrez,古铁雷斯
musically,音乐上
ethiopian,埃塞俄比亚
self-sufficient,自给自足
junko,纯子
samar,萨马尔
satoru,悟
healey,希利
sandal,凉鞋
fabrizio,法布里齐奥
monterey,蒙特雷
yada,等等
bapu,巴普
fletch,箭矢
disillusioned,幻灭
karol,卡罗尔
befriended,结交朋友
enticing,诱人的
gloating,幸灾乐祸
gust,阵风
lubricant,润滑剂
sergeants,中士
ibn,伊本
overdosed,过量服用
simulations,模拟
soren,索伦
pivot,枢
makings,气质
insecurities,不安全感
eldridge,埃尔德里奇
martyrdom,殉道
ultron,奥创
apologising,道歉
craves,渴望
wilshire,威尔希尔
bequeath,遗赠
clacks,咔嗒声
halted,停止
irritation,刺激
som,一些
smarty,聪明人
cafes,咖啡馆
divides,分割
uri,uri
apu,阿普
pandas,熊猫
incantation,咒语
compels,强制
rams,公羊
alphabetical,按字母顺序排列
bavarian,巴伐利亚
amputated,截肢
rebelling,反叛
empties,空瓶
ascending,上升
habitable,适宜居住
blackened,变黑
kevlar,凯夫拉
improvising,即兴发挥
photoshop,Photoshop
tome,大部头书
juana,胡安娜
cami,吊带背心
uruguay,乌拉圭
leniency,宽大
crepe,绉
rendition,演绎
margaux,玛戈
archimedes,阿基米德
crenshaw,克伦肖
messed-up,搞砸了
squishing,挤压
fingered,手指
coffers,金库
offset,抵消
educating,教育
slugger,强棒
gpa,平均绩点
viscount,子爵
forty-eight,四十八
unanimously,一致
jabbar,贾巴尔
gentleness,温柔
drizzle,细雨
pontiac,庞蒂亚克
serpents,蛇
runner-up,亚军
impacted,受影响
meager,微薄
nappies,尿布
insurrection,起义
ely,伊利
replicators,复制器
gargoyle,石像鬼
kerr,克尔
seclusion,隔离
reroute,重新路由
cyclist,骑自行车的人
incarnate,体现
congratulating,祝贺
besieged,被围困
wicket,便门
incinerator,焚烧炉
epitome,缩影
cutthroat,割喉
esp,特别
millimeters,毫米
tranny,变速器
moonlit,月光洒在身上，映照着皎洁的月光。
sor,索尔
elin,艾琳
tano,塔诺
chica,奇卡
impudence,厚颜无耻
precedence,优先权
heaving,起伏
shirin,希林
kala,卡拉
doa,死亡
dominguez,多明格斯
diff,差异
basing,立足
cadence,节奏
davide,大卫
ulrik,乌尔里克
wesson,韦森
ied,ied
estrogen,雌激素
guilders,荷兰盾
vermouth,苦艾酒
obeys,服从
nazir,纳齐尔
dissolving,溶解
ght,格特
trashing,垃圾
all-nighter,通宵
presumption,假定
temps,温度
falk,福克
braves,勇士们
goosebumps,鸡皮疙瘩
inhalation,吸入
gnawing,啃咬
economist,经济学家
brung,带来
ohm,欧姆
tractors,拖拉机
gohan,悟饭
emp,员工
arduous,艰巨
consortium,联盟
starred,星形
ludlow,卢德洛
althea,阿尔西娅
dandelion,蒲公英
raspberries,覆盆子
netflix,Netflix
goalkeeper,守门员
seamen,海员
impounded,扣押
validity,有效性
rappers,说唱歌手
desi,德西
sockets,插座
skeeter,蚊子
realist,现实主义者
iga,伊加
households,家庭
masculinity,男性气质
disappointments,失望
stiffs,僵硬
quiver,颤动
envisioned,设想
kwok,郭
corleone,科里昂
acrobat,杂技演员
bubs,婴儿
peripheral,外围
niro,尼罗
dabble,玩水
leng,冷
sweatpants,运动裤
twine,缠绕
misinformed,被误导
flemish,佛兰德斯
rpg,角色扮演游戏
mishra,米什拉
ackerman,阿克曼
allure,引诱
impediment,障碍
malory,马洛里
hone,磨练
assassinations,暗杀
cicely,西西莉
disrespecting,不尊重
choy,菜
shaq,沙奎尔·奥尼尔
calloway,卡洛威
spares,备件
psychoanalysis,精神分析
salman,萨尔曼
reminisce,回忆
cajun,卡真
merlot,梅洛
nita,妮塔
retards,智障
ulla,乌拉
need-to-know,需要了解
televised,电视
milano,米兰
bestselling,畅销书
doctored,篡改过的
scorch,烧焦
saskia,萨斯基亚
guzman,古兹曼
on-site,现场
pioneering,开创性的
pinhead,针头
flashbacks,闪回
anika,阿尼卡
hoard,囤
brewed,酿造
squandered,挥霍
predecessors,前任
seward,西沃德
telemetry,遥测
noa,诺亚
masao,正夫
primordial,原始的
botany,植物学
strategist,战略家
fluctuations,波动
prat,笨蛋
morten,莫滕
chucking,投掷
hennessy,轩尼诗
allende,阿连德
apprehensive,忧虑
highlander,高地人
camaraderie,友谊
precipice,悬崖
caliph,哈里发
sodding,草皮
intrigues,阴谋
misuse,滥用
oj,橙汁
tripled,三倍
relays,继电器
inherently,本质上
violette,维奥莱特
inexpensive,价格低廉
cushy,舒适的
prozac,百忧解
claudine,克劳迪娜
vandals,破坏者
collectively,集体
munchies,零食
frolic,嬉戏
disorganized,混乱
dispenser,自动售货机
fillet,鱼片
beyonce,碧昂斯
aced,王牌
redecorating,重新装修
diwali,排灯节
blythe,布莱斯
maximilian,马克西米利安
optimal,最佳的
lasso,套索
recourse,追索权
mediator,调解员
apologizes,道歉
tunic,束腰外衣
memorabilia,纪念品
caterpillars,毛毛虫
sodomy,鸡奸
anselmo,安塞尔莫
photogenic,上镜
takeout,取出
referral,转诊
invulnerable,无敌的
closeness,亲近
koh,科
bobbing,上下摆动
bleats,咩咩叫
bleu,蓝色
unwittingly,不知不觉
twentieth,第二十
go-ahead,前进
turn-on,开启
yuriko,百合子
sanctum,圣所
mouthwash,漱口水
copilot,副驾驶
picker,拣货员
xian,西安
whirlpool,漩涡
bombarded,轰炸
quacking,嘎嘎叫
stillness,寂静
raged,愤怒
heung,兴
putnam,普特南
applauded,鼓掌
perfectionist,完美主义者
thwarted,受挫
blight,枯萎病
pitchfork,叉
oren,奥伦
glutton,馋嘴
arnaud,阿尔诺
piotr,皮奥特
trimming,修剪
poppin,poppin
fiends,恶魔
madsen,马德森
columnist,专栏作家
vadim,瓦迪姆
priory,普赖尔
overdrive,超速
innuendo,影射
davie,戴维
retina,视网膜
molotov,莫洛托夫
lobes,叶
wheeled,带轮子的
jian,建
tireless,不知疲倦
feminism,女权主义
tandem,串联
mather,母亲
angst,焦虑
allowances,津贴
suntan,日光浴
attest,证明
sluice,水闸
armitage,阿米蒂奇
barrymore,巴里摩尔
jeepers,吉普车
unresponsive,无反应
inhumane,不人道
teleportation,传送
geographical,地理
loosing,失败
three-year-old,三岁
schoolyard,校园
gaff,失误
philips,飞利浦
misinterpreted,误解
siam,暹
sutherland,萨瑟兰
node,节点
felice,费利斯
hemorrhoids,痔疮
renzo,伦佐
comer,角
wikileaks,维基解密
thruster,推进器
chatsworth,查茨沃斯
phipps,菲普斯
infamy,骂名
infuriating,令人恼火
og,og
swelled,肿胀
rejoicing,欢欣鼓舞
wooster,伍斯特
groomed,修剪过的
res,余
karsten,卡斯滕
grumble,叽
bilbo,比尔博
gim,吉姆
uzi,乌兹
suspenders,吊带
counterpart,对应物
sanna,桑娜
boozing,酗酒
workshops,研讨会
florian,弗洛里安
zu,祖
undergone,经历
tiptoe,脚尖
solvent,溶剂
hatcher,孵化器
soapy,肥皂泡
gutsy,勇敢的
nath,纳特
nordic,北欧的
instinctive,本能
martino,马蒂诺
dishonesty,不诚实
masako,真砂子
kipling,吉卜林
misconception,误解
corday,科迪
croatian,克罗地亚语
accountability,问责制
sleepyhead,瞌睡虫
spoonful,一勺
heywood,海伍德
sei,塞
saree,纱丽
impersonal,不具个人色彩
haji,哈吉
reinhardt,莱因哈特
figuratively,比喻意义上
biceps,二头肌
bluetooth,蓝牙
trickle,涓涓细流
exports,出口
caterers,餐饮服务商
belittle,贬低
chromosome,染色体
gardeners,园丁
cokes,可乐
classify,分类
aztecs,阿兹特克人
chiaki,千秋
chews,咀嚼
cog,齿轮
ambrosia,仙人掌
batista,巴蒂斯塔
sieve,筛
thang,东西
leda,莱达
finney,芬尼
gisborne,吉斯伯恩
horne,霍恩
oedipus,俄狄浦斯
spasms,痉挛
smithy,铁匠铺
tibia,胫骨
hoyle,霍伊尔
wooing,求爱
stone-cold,冷酷无情
rockers,摇滚乐手
carney,卡尼
candlestick,烛台
bolder,更大胆
gert,格特
lodger,房客
unrequited,单相思
poly,聚合物
flogging,鞭笞
ong,ong
zimmer,齐默
capricious,任性
sgt,中士
earpiece,听筒
renounced,放弃
zeroes,零
impaled,刺穿
largo,拉戈
treaties,条约
bankroll,资金
beowulf,贝奥武夫
squadrons,中队
akiyama,秋山
nissan,日产
nothings,什么也没有
glades,林间空地
biryani,印度香饭
patrolman,巡警
valjean,冉阿让
tamsin,坦辛
editions,版本
tupperware,特百惠
combines,组合
newsroom,编辑部
chemically,化学
nara,奈良
corcoran,科克伦
fanatical,狂热的
cellmate,狱友
judiciary,司法
imagines,想象
masa,玛萨
pulsating,脉动
richness,丰富
sideburns,鬓角
goodie,好东西
guerilla,游击队
romana,罗曼娜
sprinkled,撒上
drape,垂帘
rollie,罗利
noggin,脑袋
smut,黑穗病
corbin,科尔宾
checkin,报到
illuminating,启发性的
dulcinea,杜尔西内亚
vagrant,流浪汉
springing,弹簧
grouchy,脾气暴躁的
conn,连接
kunta,昆塔
fausto,福斯托
thrives,蓬勃发展
maimed,残废
incurred,已发生
kerrigan,克里根
kareem,卡里姆
cong,集
pellet,颗粒
stools,凳子
evaluations,评估
rotterdam,鹿特丹
kal,卡尔
imogen,伊莫根
invariably,总是
laos,老挝
stepmom,继母
pomegranate,石榴
flourishing,芊芊
idiocy,白痴
quince,桲
compatriots,同胞们
bois,男孩们
surrey,萨里
loaves,面包
galore,数不胜数
maltese,马耳他
belch,嗝
unguarded,无人看守
superfluous,多余
toshio,俊夫
impoverished,贫困
inter,间
segments,片段
constellations,星座
filtered,过滤
appraisal,评价
trinket,小饰品
attica,阿提卡
drunkenness,酒醉
enigmatic,神秘的
bayliss,贝利斯
grundy,格伦迪
toulouse,图卢兹
corals,珊瑚
quacks,庸医
crumbled,崩溃了
abductions,绑架
estimation,估算
solly,索利
plantations,种植园
carne,肉
mounds,土堆
eons,亿万年
depravity,堕落
drumroll,鼓声响起
withers,威瑟斯
half-assed,敷衍了事
do-over,重来
adept,熟练
ensured,确保
paychecks,工资单
cully,卡利
drafting,起草
equinox,春分
ricci,里奇
schoolmaster,校长
terrifies,令人恐惧
lowlife,下流生活
murthy,穆尔蒂
mauled,被袭击
aeroplanes,飞机
satire,讽刺
montoya,蒙托亚
bountiful,丰富
splendidly,精彩地
undue,过度
lunchbox,饭盒
ora,奥拉
rhyming,押韵
unmistakable,毋庸置疑
lauderdale,劳德代尔
fresco,壁画
strudel,苹果卷
och,哦
busier,更繁忙
estonia,爱沙尼亚
squirming,蠕蠕
colds,感冒
stewed,炖
absinthe,苦艾酒
replaces,替换
definitively,绝对地
mares,母马
psychopathic,精神病态
couriers,快递员
discrepancy,差异
half-sister,同父异母的妹妹
gendarmes,宪兵
giraffes,长颈鹿
unpleasantness,不愉快
summarize,总结
query,询问
replicator,复制器
undesirable,不理想的
originality,独创性
lobotomy,脑叶切除术
mightiest,最强大的
glanced,瞥了一眼
afforded,提供
gritty,粗粝的
makeshift,临时搭建
riveting,铆
lucian,卢西安
nyet,不
indignation,愤慨
pissy,生气
clergyman,牧师
krueger,克鲁格
ilsa,伊尔莎
irregularities,违规行为
bandaged,包扎
judson,贾德森
pollack,鳕鱼
tash,塔什
cripples,残疾人
merritt,梅里特
culmination,高潮
backstabbing,背叛
documenting,记录
bullpen,牛棚
collisions,碰撞
plaything,玩物
ashram,静修处
floozy,轻浮的女人
low-key,低调
jiminy,吉米尼
hellbent,一心
rockies,落基山脉
thingies,小玩意儿
live-in,住家
inefficient,效率低下
sheath,鞘
splattered,溅射
wristwatch,手表
appa,苹果
reformation,改革
durable,耐用的
spatula,抹刀
rallying,集结
debated,辩论
oncologist,肿瘤科医生
well-behaved,行为良好的
post-it,便签纸
subtract,减去
vegetarians,素食者
amaya,阿玛雅
etta,埃塔
maserati,玛莎拉蒂
brisket,胸部
childrens,孩子们的
sluggish,迟缓
obscurity,朦胧
focal,焦点
marcellus,马塞勒斯
morelli,莫雷利
shou,守
contenders,竞争者
unsaid,未说出口的话
kelli,凯莉
treads,踏板
poltergeist,骚灵
lebron,勒布朗
doubtless,毫无疑问
zilch,零
evaporated,蒸发
laure,劳伦
disagrees,不同意
dandruff,头皮
silvery,银色
affront,冒犯
tardy,迟迟
eaton,伊顿
slinging,投掷
lollipops,棒棒糖
tinted,有色
stringing,串
eoe,eoe
norbert,诺伯特
zou,邹
lactose,乳糖
dishonorable,不光彩的
roundup,围捕
avec,和
discrete,离散的
apprenticeship,学徒制
arno,阿诺
muddled,混乱
remodel,改造
walkman,随身听
adonis,阿多尼斯
kyushu,九州
jezebel,耶洗别
bixby,比克斯比
harrow,耙
messieurs,先生们
hanoi,河内
holger,霍尔格
ginza,银座
bogeyman,妖怪
workaholic,工作狂
up-to-date,最新
tailored,量身定制
pda,掌上电脑
pina,菠萝
flowering,开花
enriched,富含
foal,驹
legitimacy,合法性
arrhythmia,心律失常
lehman,雷曼
indulged,沉溺其中
restitution,归还
vigilantes,治安维持者
reconvene,重新召开
deteriorated,恶化
unconfirmed,未经证实
pondering,沉思
rewriting,重写
ode,颂
poise,沉着
flavia,弗拉维娅
mcpherson,麦克弗森
composure,镇定
camillo,卡米洛
u2,u2
swastika,卍
chickenshit,胆小鬼
gearbox,变速箱
jizz,精液
overheated,过热
inspections,检查
pandit,潘迪特
beech,山毛榉
plop,噗通
livid,铁青
tron,创战纪
serviced,已维修
cayenne,辣椒
impossibility,不可能
petri,培养皿
vigorously,大力
tomboy,假小子
persevere,坚持不懈
bower,凉亭
cuppa,一杯茶
lentils,扁豆
odour,气味
continuance,继续
incompatible,不相容
bootleg,盗版
coordinators,协调员
arrivederci,再见
spinner,旋转器
pesto,香蒜酱
expressly,明确地
hollister,霍利斯特
broken-down,故障
brutes,野蛮人
transcend,超越
infestation,虫害
leach,浸出
kidnappings,绑架
whup,啪
circumcision,割礼
rearranged,重新排列
yonkers,扬克斯
shashi,沙希
broomstick,扫帚
stamping,冲压
discounts,折扣
templars,圣殿骑士
diffuse,扩散
eyeliner,眼线
danton,丹顿
reared,饲养
glories,荣耀
katana,武士刀
ballgame,球赛
lurks,潜伏者
obsess,缠住
lar,拉尔
termite,白蚁
unraveling,解体
recited,背诵
noor,努尔
inept,笨拙
fyodor,费奥多尔
parody,戏仿
trending,热门话题
amino,氨基酸
hostilities,敌对行动
hobart,霍巴特
marsden,马斯登
futuristic,未来主义
journeyed,旅程
falsified,伪造
bystanders,旁观者
pierson,皮尔森
shangri-la,香格里拉
germain,日耳曼
tse,谢
applicant,申请人
packard,帕卡德
cristal,水晶
cyrano,西哈诺
hussain,侯赛因
guam,关岛
duckling,小鸭
israelites,以色列人
patting,轻拍
souffle,舒芙蕾
matias,马蒂亚斯
gorbachev,戈尔巴乔夫
rougher,粗糙
dissent,异议
kojak,科杰克
adoring,崇拜
contracting,承包
baffling,莫名其妙
dressmaker,裁缝
annulled,无效
mui,穆伊
rudimentary,基本的
go-between,中间人
shakedown,勒索
sevens,七
farsi,波斯语
dorset,多塞特郡
ryland,莱兰
infusion,输液
securely,安全地
valera,瓦莱拉
mails,邮件
croquet,槌球
lottie,洛蒂
fattening,增肥
bleeder,出血者
upriver,上游
marti,马蒂
disown,断绝关系
incendiary,燃烧的
groggy,昏昏沉沉
gliding,滑翔
santino,桑蒂诺
bukowski,布考斯基
stardom,明星光环
arisen,出现
dans,丹斯
collaborating,合作
flat-out,全力以赴
consecrated,已祝圣
half-breed,混血儿
advent,来临
rui,瑞
duvet,羽绒被
siesta,午休
beanie,毛线帽
childless,无子女
narrow-minded,思想狭隘
hiromi,弘美
bragged,吹嘘
lachlan,拉克兰
corsica,科西嘉岛
culturally,文化上
rancho,牧场
looser,松散
dived,潜水
bookcase,书柜
cremate,火化
translations,翻译
padma,帕德玛
magog,玛各
akin,类似的
sussex,苏塞克斯
motionless,静止不动
placebo,安慰剂
andrey,安德烈
near-death,濒死
deviation,偏差
kidd,基德
matilde,玛蒂尔德
bonita,博尼塔
supervisors,主管
gaddafi,卡扎菲
self-absorbed,自我中心
mohamed,穆罕默德
grope,摸索
grandmothers,祖母们
odie,奥迪
welded,焊接
caprice,任性
parnell,帕内尔
gerson,格森
rubbers,橡胶
nas,纳斯
connery,康纳利
womanhood,女性
draco,德拉科
wimbledon,温布尔登
mosley,莫斯利
undivided,未分割的
deterioration,恶化
detonators,雷管
webcam,摄像头
cypress,柏
lbs,磅
lepers,麻风病人
radioed,无线电通讯
serrano,塞拉诺
diligently,勤勉地
kano,卡诺
lovesick,相思病
fast-forward,快进
likable,讨人喜欢
metabolic,代谢
hillman,希尔曼
droplets,飞沫
vigor,活力
no-go,不行
sirius,天狼星
delano,德拉诺
automotive,汽车
fema,联邦紧急事务管理署
snowflakes,雪花
stabilizing,稳定
nanna,奶奶
hindenburg,兴登堡
undiscovered,未被发现的
hydraulics,液压
bossing,老板
prelude,序幕
oppenheimer,奥本海默
slacker,懒汉
dio,迪奥
resolute,坚决
avid,狂热
miro,米罗
florentine,佛罗伦萨
unc,北卡罗来纳大学
zimbabwe,津巴布韦
respirator,呼吸器
chatters,闲聊
frantically,疯狂地
lansing,兰辛
feasting,盛宴
andros,安德罗斯
plowing,耕作
moro,摩洛
scotia,斯科舍省
dorks,笨蛋
canvases,画布
aluminium,铝
eastman,伊士曼
grantham,格兰瑟姆
focuses,焦点
wilton,威尔顿
conveyed,传递
bask,晒
frick,弗里克
cristo,基督
plugging,插头
toughen,增强
gilded,镀金
clemente,克莱门特
johannesburg,约翰内斯堡
chasm,深渊
zev,泽夫
naoko,直子
mulberry,桑
cheerios,麦圈
boars,野猪
coldhearted,冷酷无情
better-looking,更好看
zeynep,泽内普
chromosomes,染色体
respite,喘息
donaghy,多纳吉
shoreline,海岸线
gazed,凝视
lumbar,腰椎
influenza,流感
wok,炒锅
whirrs,嗡嗡声
redmond,雷德蒙德
mahatma,圣雄甘地
sizable,相当大的
colossus,巨人
arif,阿里夫
macgregor,麦格雷戈
hacienda,庄园
heifer,小母牛
caverns,洞穴
wiretap,窃听
tch,tch
squatters,非法占地者
fumble,摸索
textiles,纺织品
huns,匈奴人
indicators,指标
cirque,马戏团
goering,戈林
cabbages,卷心菜
pedestrians,行人
aline,艾琳
genitalia,生殖器
dialling,拨号
mollie,莫莉
peacekeepers,维和人员
stackhouse,栈屋
plundered,掠夺
payout,支付
cur,库尔
grasses,草
odysseus,奥德修斯
aloft,高空
nourish,滋养
miyagi,宫城
staggered,交错
handout,讲义
moll,莫尔
aortic,主动脉
filial,孝
hightower,高塔
fayed,费耶德
pagoda,宝塔
stalemate,僵局
pamper,宠爱
dickheads,混蛋
androids,安卓
subtext,潜台词
profiler,分析器
ballsy,胆大妄为
gleam,闪耀
trainees,受训人员
oot,oot
fundamentals,基本面
pokey,狱
swig,啜饮
coercion,强迫
exec,执行官
indra,因陀罗
unhook,解开
boosted,增强
strutting,昂首阔步
volga,伏尔加河
epidural,硬膜外麻醉
capulet,卡普莱特
spiritus,醑
gringos,格林戈斯
duggan,杜根
balzac,巴尔扎克
soledad,索莱达
rectal,直肠
finders,发现者
prologue,序幕
dowd,道德
obliterate,泯
burners,燃烧器
harnessed,已掌握
munchkin,小矮人
wielding,挥舞
solicitation,征求意见
bullion,金条
inquired,询问
scoff,嘲笑
alby,阿尔比
reactive,反应性
gasket,垫片
deviate,偏离
behaviors,行为
bide,比德
eckhart,埃克哈特
speakerphone,免提通话
christmases,圣诞节
philharmonic,爱乐乐团
jittery,紧张不安
percussion,打击乐器
dominates,占据主导地位
unwrap,拆开
clovis,克洛维斯
rwanda,卢旺达
jilted,被抛弃
deterrent,威慑
installations,安装
valkyrie,女武神
informers,告密者
haughty,傲慢
iwo,伊沃
briar,荆棘
audra,奥德拉
oakley,奥克利
overhaul,大修
searing,灼烧
multiplying,乘法
inactive,不活跃
solos,独奏
qualifying,资格赛
pizzeria,比萨店
prevails,占上风
expressway,高速公路
laxative,泻药
convene,召开
thebes,底比斯
hairbrush,发刷
castrate,阉割
molina,莫利纳
mette,梅特
solano,索拉诺
lupo,卢波
shortness,短促
watchtower,岗楼
ando,安藤
planetarium,天文馆
back-to-back,背靠背
advertisements,广告
mamas,妈妈们
awakens,觉醒
idealism,唯心主义
surveys,调查
restriction,限制
cosa,什么
nexus,关系
callaghan,卡拉汉
tusks,象牙
copperfield,科波菲尔
artistry,艺术性
spewing,喷涌而出
barabbas,巴拉巴
aviator,飞行员
stopwatch,跑表
thyme,百里香
shania,莎妮娅
boatman,船工
jeter,杰特
blubbering,呜咽
effectiveness,效力
devotees,信徒
boise,博伊西
diets,饮食
humvee,悍马
wanking,自慰
grogan,格罗根
pocahontas,宝嘉康蒂
professions,职业
crandall,克兰德尔
blistering,起泡
vandal,破坏者
churn,搅动
grinds,研磨
mommies,妈妈们
tobey,托比
motown,摩城
medicated,药
fritters,油炸饼
doping,掺杂
counteract,抵消
conundrum,难题
folsom,福尔松
thurston,瑟斯顿
nervousness,紧张
dumpty,矮胖子
mignon,小牛排
nuthouse,疯人院
egotistical,自负
auctioned,拍卖
eradicated,根除
mathematically,数学上
exceeding,超过
serb,塞尔维亚人
mackay,麦凯
overpowered,实力悬殊
glistening,闪闪发光
grooves,凹槽
swoon,昏厥
landers,着陆器
proactive,积极主动的
villas,别墅
kristian,克里斯蒂安
flanks,侧翼
blogger,博主
myrna,米尔纳
clique,集团
synonymous,同义词
uncut,未剪辑版
left-wing,左翼
calvert,卡尔弗特
affectionately,亲切地
pisa,比萨
jargon,行话
lurk,潜伏
quarreling,争吵
montmartre,蒙马特
nominal,名义上的
decreasing,递减
extensively,广泛地
forlorn,绝望
embers,余烬
juncture,契机
aguilera,阿奎莱拉
drc,刚果民主共和国
leno,莱诺
maquis,灌木丛
jackman,杰克曼
persecute,迫害
meticulously,精心
bluntly,直截了当地
vail,韦尔
eeg,脑电图
helluva,真是太棒了
crocs,洞洞鞋
joachim,约阿希姆
pigtails,猪尾巴
fleets,舰队
apocalyptic,末日
rt,rt
barbecued,烧烤
digit,数字
resembled,类似
winky,眨眼
conglomerate,集团
tarrant,塔兰特
doppelganger,分身
forgeries,伪造品
vases,花瓶
willies,威利斯
shiloh,示罗
embargo,禁运
badgering,骚扰
affirm,确认
backgammon,双陆棋
joked,开玩笑
blabbing,胡言乱语
slant,倾斜
saboteur,破坏者
exponentially,呈指数级增长
chieftain,头目
takedown,记录下来
waco,韦科
chiba,千叶
loudmouth,大嗓门
lacroix,拉克鲁瓦
romulans,罗慕兰人
filip,菲利普
bangers,劲爆歌曲
dicey,危险
metaphysical,形而上学的
gamer,游戏玩家
softened,软化
domenico,多梅尼科
introduces,介绍
aqueduct,渡槽
forty-two,四十二
deathly,致命的
henley,亨利
sinan,锡南
emory,埃默里
clothe,衣服
downwards,向下
zephyr,和风
actin,肌动蛋白
moloch,摩洛克
camino,卡米诺
codex,法典
scribe,隶
dishonored,蒙羞
asunder,分离
specialised,专门
sag,下垂
sl,sl
lambda,lambda
paedophile,恋童癖
caressed,被爱抚
beckman,贝克曼
bei,贝
clavicle,锁骨
lids,盖子
homos,同性恋
philby,菲尔比
foliage,叶子
favourable,有利
emits,发出
firsthand,第一手
huckleberry,越橘
nee,需要
entrapment,诱捕
defamation,诽谤
scoreboard,记分牌
massaging,按摩
perth,珀斯
emcee,主持人
migrating,迁移
laziness,懒惰
westside,西区
tortilla,玉米饼
modeled,建模
corrado,科拉多
macintosh,麦金托什
worthington,沃辛顿
spelt,拼写
tempers,脾气
tresses,头发
coulter,开沟器
revel,陶醉
moulin,磨坊
argus,阿尔古斯
bering,白令海峡
electronically,电子方式
terrestrial,陆地
usb,USB
headband,头巾
zander,赞德
cumberland,坎伯兰
nosing,嗅探
petr,彼得
wassup,怎么了
practitioner,实践者
hitchhiker,搭便车的人
siva,湿婆
bannon,班农
thru,通过
wipers,雨刮器
langdon,兰登
trickling,涓涓细流
flip-flops,人字拖
punitive,惩罚性的
sniveling,哭泣
victimized,受害者
kamen,卡门
headlight,前大灯
tweaked,调整
boggs,博格斯
blooded,血腥
painkiller,止痛药
anatoly,解剖学
sharpest,最锋利
braverman,勇敢者
congenital,先天性
okada,冈田
prunes,西梅
fora,论坛
amok,阿莫克
playhouse,过家家
peat,泥炭
riverbank,河岸
assessed,评估
simba,辛巴
spitfire,喷火式战斗机
ig,ig
christen,克里斯汀
mcgraw,麦格劳
barista,咖啡师
cochise,科奇斯
flippers,脚蹼
torrent,激流
replenish,补充
buckshot,霰弹
scouring,洗涤
lilo,莉洛
doped,掺杂
nairobi,内罗毕
fellini,费利尼
blubber,大声哭
nuptial,婚礼
fantasizing,幻想
whitfield,惠特菲尔德
amara,阿玛拉
mikes,迈克
padlock,挂锁
redwood,红杉
ghb,ghb
off-road,越野
kyra,凯拉
alerts,警报
grieves,悲伤
townhouse,联排别墅
solicitors,律师
zagreb,萨格勒布
stowed,已存放
unregistered,未注册
houlihan,侯利汉
mullen,穆伦
flatline,直线
sade,萨德
snowden,斯诺登
uniformed,制服
deplorable,可悲的
grossly,粗略地
fascinates,令人着迷
workman,工人
sketching,素描
triangulate,三角测量
maurizio,毛里齐奥
winked,眨眼
upstart,暴发户
age-old,古老的
spaniel,西班牙猎犬
achtung,注意
employs,雇佣
tannoy,广播
pathogen,病原
reprogram,重新编程
pp,pp
entertainers,艺人
ani,ani
fatherly,父爱
barricaded,路障
foreclosure,止赎
origami,折纸
muddle,混乱
parenthood,为人父母
cooley,库利
henriette,亨利埃特
lattes,拿铁
revenues,收入
seb,塞巴斯蒂安
onslaught,猛攻
pune,浦那
importing,输入
sharpening,磨利
footman,男仆
grueling,严罚
tiwari,蒂瓦里
saya,萨亚
self-made,自制
tripoli,硅藻土
archduke,大公
inaugural,就职典礼
roving,漫游
arousing,唤起
mathematicians,数学家
lucknow,勒克瑙
amazement,惊愕
yamaguchi,山口
testifies,作证
gerbil,沙鼠
cautiously,谨慎地
buttoned,纽扣
lowdown,低调
heron,苍鹭
cores,核心
bouts,回合
reconstructed,重建
smite,惩击
nerve-racking,令人紧张的
dundee,邓迪
tomcat,汤姆猫
tourette,图雷特综合征
anime,日本动画片
landowner,土地所有者
gannon,加农
bloodhound,寻血猎犬
shitter,狗屎
blam,砰
outlined,概述
shoelace,鞋带
vaporized,汽化
sprite,精灵
delphi,德尔菲
cranium,颅骨
gomorrah,蛾摩拉
pcp,氯气
totaled,总计
impart,传授
jinxed,倒霉
enrich,丰富
rewinding,倒带
peek-a-boo,躲猫猫
aqui,aqui
mcgovern,麦戈文
asperger,阿斯伯格综合征
payphone,公用电话
sona,索娜
hotdog,热狗
pseudonym,笔名
wallop,重击
mahi,玛希
wallowing,沉溺
splendour,辉煌
zig,之字形
typist,打字员
marga,玛格
overcrowded,过度拥挤
inferiority,自卑
farr,法尔
ember,余烬
trigger-happy,动不动就扣动扳机
haruka,遥
senna,番泻叶
principals,校长
hand-to-hand,徒手搏斗
fillings,填充物
laxman,拉克什曼
manchu,满族
lapping,交叠
bustin,喧闹
breakins,入室盗窃
geum,吉姆
stresses,压力
jackhammer,电锤
worn-out,累死了
vasily,虚无主义
mortem,死亡
finalist,决赛入围者
farah,法拉
victors,胜利者
crumpled,皱巴巴的
infecting,感染
prevailing,盛行
buckner,巴克纳
teahouse,茶馆
rationing,配给
kardashian,卡戴珊
durst,杜斯特
nyah,哼
degrade,降级
breakthroughs,突破
evaluated,评估
pally,朋友
hyperventilating,过度换气
grandfathers,祖父们
diverting,转移注意力
boosters,助推器
czechs,捷克人
kha,卡
bunks,上下铺
sashimi,生鱼片
reina,雷纳
gabriela,加布里埃拉
dictators,独裁者
emitting,发射
innermost,最内层
adversaries,对手
willi,威利
bahia,巴伊亚
lego,乐高
inciting,煽动
bunting,彩旗
minstrel,吟游诗人
windmills,风车
sayings,谚语
hunky,帅哥
shale,页岩
larynx,喉
eskimos,爱斯基摩人
beretta,贝雷塔
decedent,死者
canyons,峡谷
journalistic,新闻
residing,居住
impala,黑斑羚
dauphin,多芬
sliver,银片
handkerchiefs,手帕
fredrik,弗雷德里克
knitted,针织
rajan,拉詹
forklift,叉车
butterscotch,奶油糖果
burping,打嗝
nonexistent,不存在
mp3,mp3
soiree,晚会
hd,高清
steroid,类固醇
unturned,未翻阅
putrid,腐烂的
luk,卢克
urdu,乌尔都语
rearview,后视镜
deflector,导流板
sappy,感伤的
nightie,睡衣
gluten-free,不含麸质
telecast,电视直播
peddle,兜售
envision,设想
backwater,回水区
monseigneur,阁下
catholicism,天主教
copier,复印机
rafferty,拉弗蒂
hirsch,赫希
intertwined,交织在一起
improvisation,即兴创作
standish,斯坦迪什
ravenous,贪婪的
digby,迪格比
capitals,首都
earthling,世人
baze,贝兹
suez,苏伊士
surging,滔滔
daytona,代托纳
appleby,苹果比
kangaroos,袋鼠
raps,说唱
eliminates,消除
leni,莱尼
callisto,卡利斯托
scone,司康饼
shorted,短线
whelan,惠兰
honeys,蜂蜜
trembles,颤抖
edouard,爱德华
mythological,神话
bianchi,比安奇
munster,芒斯特
matheson,马瑟森
nadu,纳杜
undecided,未决定
stumps,树桩
schooled,受过教育
advocates,倡导者
carols,圣诞颂歌
outage,停电
ulf,乌尔夫
pigment,颜料
thumbprint,指纹
petitions,请愿书
ivar,伊瓦尔
humph,哼
stateside,美国本土
dorsey,多尔西
makeups,化妆
dupe,欺骗
crackle,裂纹
collage,拼贴画
boogeyman,恶魔
outspoken,直言不讳
redecorate,重新装修
creole,克里奥尔语
haired,头发
ninety-nine,九十九
kirkland,柯克兰
livers,肝脏
reade,读
afresh,重新
transpired,发生了
shackled,被束缚
chivalrous,骑士精神
fen,分
handbags,手提包
semifinals,半决赛
two-year-old,两岁
iqbal,伊克巴尔
fatally,致命的
eyelid,眼皮
regiments,团
munro,门罗
turret,炮塔
stimuli,刺激
profess,宣称
benevolence,仁
shootout,枪战
belvedere,观景台
reelection,连任
tybalt,提伯尔特
cocksuckers,口交者
panicky,惊慌失措
canoes,独木舟
fillmore,菲尔莫尔
trinidad,特立尼达
well-trained,训练有素
stumpy,矮墩墩
hippos,河马
obstruct,阻碍
rowe,罗威
aslam,阿斯拉姆
deliberation,审议
impregnated,受精
knockin,敲门声
toga,长袍
reasoned,推理
comme,comme
apologised,道歉
tora,虎
indescribable,无法形容
leena,莉娜
usefulness,用处
argues,论点
tommaso,托马索
bloodstains,血迹
commoners,平民
anxieties,焦虑
crabby,倔
num,数字
shamelessly,厚颜无耻
reconsidered,重新考虑
erectus,直立人
upheaval,动荡
constraints,限制条件
earplugs,耳塞
childlike,孩子气
colbert,科尔伯特
cas,卡斯
bastion,堡垒
lifelike,逼真
hijackers,劫机者
latham,拉瑟姆
obscured,模糊不清
mosca,莫斯卡
unselfish,无私
alexi,亚历克西
artefacts,文物
hiram,希拉姆
hud,HUD
shitheads,混蛋
williamsburg,威廉斯堡
doggies,小狗们
contessa,伯爵夫人
nuh,不
disband,解散
braised,炖
adequately,充分
dishonour,羞辱
cancers,癌症
cybertron,赛博坦
uncovering,揭开
zebras,斑马
postponing,推迟
fraught,充满危机
skedaddle,溜之大吉
irreparable,无法弥补的
amador,阿马多尔
lustful,好色的
portsmouth,朴茨茅斯
shopper,购物者
mehra,梅赫拉
seeley,西利
barkeep,酒保
maitland,梅特兰
nikos,尼科斯
hardwood,硬木
riddler,谜语人
follies,愚行
clapped,鼓掌
perfumed,香
ecology,生态
unbecoming,不体面
enhancement,增强
marston,马斯顿
tilda,蒂尔达
discern,辨别
rios,里奥斯
za,za
charlton,查尔顿
lenox,莱诺克斯
aoyama,青山
brigades,旅
venues,场地
verna,维尔纳
servitude,奴役
xerox,复印
mains,电源
a.m,是
pagans,异教徒
poach,偷猎
pop-up,弹出窗口
receptors,受体
constipation,便秘
shadowing,阴影
flamboyant,龙飞凤舞
punters,赌客
cravings,渴望
clawed,爪子
scot-free,逍遥法外
courted,求爱
zoos,动物园
mobiles,手机
militants,武装分子
merton,默顿
rafters,椽子
pedophiles,恋童癖
kama,卡玛
has-been,过气的
amphetamines,安非他明
tadpole,蝌蚪
peacekeeper,维和人员
masterful,精湛
ortho,正交
regulator,监管机构
hajji,朝觐
streaks,连胜
yearns,渴望
immerse,沉浸
mischa,米沙
freebie,免费赠品
clenched,紧握
limiting,限制
costco,好市多
get-go,开始
fortuneteller,算命先生
punt,平底船
deafening,震耳欲聋
court-martialed,军事法庭
deng,邓
opt,选择
byzantium,拜占庭
zenith,天顶
knoll,小丘
exeter,埃克塞特
bozos,笨蛋
fess,费斯
minami,南
weathers,天气
wonka,旺卡
fantastically,太棒了
ukulele,尤克里里
westerners,西方人
abalone,鲍鱼
defected,有缺陷的
doozy,笨蛋
impertinence,无礼
sowing,播种
p.m,下午
boyce,博伊斯
raspy,沙哑
yusef,优素福
shimmer,闪烁
sheri,雪莉
cray,克雷
punishes,惩罚
rodger,罗杰
rectory,牧师住宅
ithaca,伊萨卡
overhearing,偷听
emulate,仿真
dugout,独木舟
landowners,土地所有者
gaye,盖伊
renu,renu
laptops,笔记本电脑
ranging,范围
marburg,马尔堡
abernathy,阿伯纳西
disintegrated,解体
porto,波尔图
risa,丽莎
django,Django
routinely,例行
kanji,汉字
granola,格兰诺拉麦片
bahadur,阁下
barrington,巴灵顿
racketeering,敲诈勒索
endorsed,认可
jaded,厌倦
seltzer,苏打水
rehabilitated,康复
rox,罗克斯
nagar,纳加尔
chums,朋友们
royale,皇家
clashes,冲突
wimpy,懦弱
haggle,讨价还价
sips,啜饮
airman,空军
astra,阿斯特拉
lifeboats,救生艇
smothering,窒息
memorandum,备忘录
refinement,精炼
chariots,战车
grading,等级
thirties,三十多岁
cinematographer,摄影师
profane,亵渎
surges,涌动
bride-to-be,准新娘
underwent,经历了
cutbacks,削减
absentminded,恍惚
andersson,安德森
demos,演示
qualms,疑虑
fornication,婚前性行为
beater,击打者
twenty-nine,二十九
hitchhike,搭便车
hatfield,哈特菲尔德
geometric,几何的
gio,吉奥
pereira,佩雷拉
cornbread,玉米面包
decision-making,决策
musketeer,火枪手
larue,拉鲁
ghostbusters,捉鬼敢死队
sorbonne,索邦
suggestive,暗示性的
trimester,妊娠期
unseemly,不体面的
turing,图灵
doer,实干家
excluding,不包括
objectivity,客观性
tou,游览
resuscitate,复苏
indicative,指示性的
keyed,按键
wavy,波浪状
coot,笨人
fait,事实
ceasefire,停火
soon-to-be,即将
unexplored,未探索的
muppets,木偶
daddy-o,爸爸
tamura,田村
gossips,八卦
aides,助手
stately,庄严
spines,脊柱
cornfield,玉米地
kaye,凯
conquers,征服
tolerable,可容忍的
bionic,仿生
peroxide,过氧化物
imposition,征收
kana,假名
hornets,大黄蜂
exorcise,傩
michelin,米其林
cemal,牙釉质
southbound,南行
beaker,烧杯
commenting,评论
smooch,亲吻
drunkards,醉汉
bakshi,巴克希
whizzing,呼啸
blacky,黑人
chumps,笨蛋
gillespie,吉莱斯皮
juilliard,茱莉亚音乐学院
uplink,上行链路
clobber,重击
madan,马丹
theseus,忒修斯
alton,奥尔顿
aditi,阿迪蒂
betrothal,订婚
goldsmith,金匠
gsw,格斯威
allo,哈罗
wolff,沃尔夫
totes,手提袋
abstain,弃权
lymphoma,淋巴瘤
elated,欣喜若狂
oldies,老歌
grassy,草丛
pessimist,悲观主义者
joffrey,乔弗瑞
untoward,不愉快的
puddles,水坑
cagney,卡格尼
sauces,酱汁
squabble,争吵
nanette,娜内特
phantoms,幻影
midterms,期中考试
engraving,雕刻
floored,倒地
isi,伊西
translators,译者
mancini,曼奇尼
statistic,统计数据
byzantine,拜占庭
predicts,预测
tutti,合奏
wrappers,包装纸
wylie,怀利
thoroughbred,纯种马
fairs,集市
payton,佩顿
maneuvering,机动
symbiote,共生体
chechen,车臣
gratification,满足感
recruiter,招聘人员
rentals,出租
sky-high,高耸入云
mehta,梅塔
complacent,自满
undetectable,无法检测
throwin,投掷
bargains,特价商品
westerns,西部
syne,同步
forbidding,禁止
ingrate,忘恩负义的
cheerfully,愉快地
sakai,堺
gruff,粗暴
impersonation,冒充
remover,去除剂
corinth,科林斯
usc,南加州大学
infancy,婴儿期
folders,文件夹
ungodly,不敬神的
tarantula,狼蛛
uneventful,平静无事
somali,索马里
opposes,反对
este,埃斯特
nui,努伊
holi,洒红节
marr,马尔
fittings,配件
buckled,弯曲
cordoba,科尔多瓦
emporium,商场
stay-at-home,居家隔离
phosphorus,磷
vii,七
authorisation,授权
forts,堡垒
medea,美狄亚
smithereens,粉碎
dewitt,德威特
bookkeeping,簿记
byers,拜尔斯
ashe,灰烬
assessing,评估
nie,nie
coventry,考文垂
renovate,翻新
dirtier,更脏
sucky,糟糕
biking,骑自行车
quadruple,四倍
wasabi,芥末
hines,海因斯
halsey,海尔西
legitimately,合法地
freudian,弗洛伊德式
stagger,错开
overpass,立交桥
honduras,洪都拉斯
schumann,舒曼
depositions,沉积物
flay,剥皮
jos,乔斯
lido,丽都
radium,镭
swill,泔水
interplanetary,星际
unhinged,精神错乱
bassam,巴萨姆
mins,分钟
xie,谢
substantially,实质性地
hickory,山胡桃木
pancreatic,胰
chalmers,查尔默斯
iou,嗨
baal,巴力
concubines,妾室
ceasefire,停火
shrug,耸肩
toma,托马
reptilian,爬行动物
lombardo,伦巴第
hardboiled,硬汉
shirtless,赤膊
whistled,吹口哨
navigating,导航
viet,越南
halfwit,半傻子
allotted,分配
lifeform,生命体
impregnable,坚不可摧
strewn,散落的
swerve,急转弯
innovations,创新
massacres,大屠杀
kudo,库多
descartes,笛卡尔
wordsworth,华兹华斯
alastair,阿拉斯泰尔
rawlings,罗林斯
auditor,审计员
albie,阿尔比
checkered,格子图案
dorado,多拉多
puffing,抽气
contusion,挫伤
hounded,被追捕
abject,卑贱
medevac,医疗后送
economies,经济体
trampling,践踏
handouts,讲义
scabs,痂皮
ailments,疾病
straitjacket,束缚衣
derailed,脱轨
intolerance,不容忍
haddock,黑线鳕
bleached,漂白
digested,消化
thanos,灭霸
vanderbilt,范德比尔特
unintentionally,无意中
razors,剃须刀
clump,丛
poon,胡桐
ilona,伊洛娜
knut,克努特
monasteries,修道院
in-depth,深入
stockade,栅栏
proust,普鲁斯特
barret,巴雷特
convulsions,抽搐
sunbathing,日光浴
fixtures,固定装置
undercooked,未煮熟的
flemming,弗莱明
sawed,锯
yugo,南斯拉夫
quartermaster,军需
standin,替身
khaki,卡其色
hur,呃
apathy,冷漠
embolism,栓塞
dignitaries,达官显贵
panorama,全景
ricki,瑞奇
regimental,团级
aint,不是
deploying,部署
oceanic,海洋
magnate,巨头
mongo,mongo
synth,合成器
mong,蒙
salma,萨尔玛
sprays,喷雾
labrador,拉布拉多
seashore,海滨
collusion,共谋
holbrook,霍尔布鲁克
detainees,被拘留者
lowlifes,下等人
mishima,三岛
pollute,污染
complicit,同谋
thirdly,第三
horowitz,霍洛维茨
quarrelling,争吵
orsini,奥尔西尼
god-awful,糟糕透了
overstepped,越界
firework,焰火
snipe,狙击
retriever,寻回犬
cleanly,干净利落
vizier,维齐尔
fizzy,气泡
unafraid,无所畏惧
jinn,精灵
prenatal,产前
waver,动摇
pianos,钢琴
badgers,獾
untrained,未经训练的
naka,中
eighties,八十年代
sadako,贞子
carpe,把握机会
handlers,处理程序
mee,美
entails,包含
gilliam,吉利安
wildebeest,角马
ulises,乌利塞斯
teaspoon,茶匙
splutters,喷溅
reunions,重聚
statesman,政治家
caplan,卡普兰
incorrectly,错误地
woodpecker,啄木鸟
groundwork,基础工作
delicacies,美味佳肴
pineapples,菠萝
cultivating,耕作
commented,评论
cufflinks,袖扣
composers,作曲家
amenities,便利设施
snooty,势利眼
hilly,丘陵
whaling,捕鲸
foiled,挫败
vectors,向量
mckinney,麦金尼
slowest,最慢
decoded,已解码
turbines,涡轮机
debatable,有争议的
rhinos,犀牛
repo,仓库
cheri,切里
unopened,未开封
evo,进化
decompression,减压
hydrated,水合
pitchers,投手
garb,外衣
versace,范思哲
triton,海神
vichy,维希
echoed,回声
infused,注入
tendon,肌腱
bubblegum,泡泡糖
norms,规范
hashish,大麻
tutorial,教程
ringside,拳台边
macon,梅肯
inequality,不等式
tarnish,玷污
browse,浏览
mourned,哀悼
acclaimed,备受赞誉
cameramen,摄影师
humongous,巨大的
activates,激活
skanky,肮脏的
vassal,附庸
haitian,海地
indirect,间接
socializing,社交
trackers,追踪器
scranton,斯克兰顿
stifle,窒息
stunk,臭
magistrates,地方法官
wehrmacht,德意志国防军
provost,教务长
vacated,空置
underprivileged,弱势群体
spurt,喷
ent,ent
mayflower,五月花号
kurtz,库尔茨
zod,佐德
embezzling,挪用公款
factual,事实
dieting,节食
girard,吉拉德
gruel,粥
deedee,受让人
brows,眉毛
kayak,皮艇
dismissing,解雇
giza,吉萨
quahog,蛤蜊
tricycle,三轮车
nomadic,游牧的
outsmarted,智胜
adrienne,艾德琳
ottawa,渥太华
rotor,转子
kashi,卡西
lainey,莱尼
skulking,潜行
fracking,水力压裂法
syringes,注射器
chuy,chuy
marquee,招牌
candor,坦率
buh,布
anti-semitic,反犹太主义
timbers,木材
argyle,菱形花纹
nevins,内文斯
reputed,知名
odious,令人厌恶的
cartier,卡地亚
cults,邪教
mita,米塔
heartbreaker,伤心人
exclusion,排除
bunter,短打
centigrade,摄氏度
billionaires,亿万富翁
soups,汤
scandinavia,斯堪的纳维亚半岛
loveless,无爱
radiance,辐射
jabbering,喋喋不休
joplin,乔普林
rummage,临检
banishment,流放
tories,保守党
abscess,脓肿
malaysian,马来西亚
playlist,播放列表
scoured,彻底清洗
lino,亚麻油毡
grisha,格里沙
gawking,盯着看
lures,诱饵
endeavors,努力
flees,逃跑
rebuttal,反驳
runes,符文
terminally,终末
americano,美式咖啡
doze,瞌睡
wily,狡猾的
longo,隆戈
drifts,漂移
haddie,哈迪
draped,垂坠的
ah-choo,阿嚏
outset,开端
inoperable,无法操作
mountaintop,山顶
leith,利斯
skaters,滑冰者
subtly,微妙地
cornflakes,玉米片
huzzah,好耶！
backpacks,背包
hideyoshi,秀吉
ogata,尾形
bizarro,怪异
chaka,查卡
digitally,数字
anecdote,轶事
garages,车库
arroyo,阿罗约
tryout,试用
overseer,监工
emigrated,移民
shima,岛
steadfast,坚定不移
intermittent,间歇性的
whopper,巨无霸
tchaikovsky,柴可夫斯基
malaya,马来亚
sta,sta
wheelhouse,驾驶室
kc,kc
unaffected,不受影响
clarification,澄清
hardin,哈丁
impunity,免责
iz,iz
opportunist,机会主义者
conspiracies,阴谋论
marxist,马克思主义
steadman,斯特德曼
abandons,放弃
aerospace,航天
covington,科文顿
marcelo,马塞洛
fabricate,制造
seaver,西弗
disinfect,消毒
refute,反驳
ftl,ftl
paving,铺路
potus,总统
tabby,虎斑猫
sweated,汗流浃背
orwell,奥威尔
parkway,公园大道
guangzhou,广州
ricochet,跳弹
autopsies,尸检
responders,应急人员
rachid,脊索
ymca,基督教青年会
coates,外套
rescheduled,重新安排
tesco,乐购
blud,血
derail,脱轨
lifespan,寿命
monsanto,孟山都
incoherent,语无伦次
beto,贝托
wriggle,扭动
theorem,定理
circumference,圆周
albanians,阿尔巴尼亚人
pacify,安抚
sleepers,卧铺
dunce,笨蛋
kindhearted,善良
blasphemous,亵渎神明
bolivian,玻利维亚
preachers,传道者
excessively,过度
cha-cha,恰恰舞
spew,呕吐
unzip,解压缩
dictating,口述
drier,烘干机
nanda,南达
symbolize,象征
hunches,预感
christi,克里斯蒂
oriented,定向
prohibit,禁止
retraction,撤回
sceptical,怀疑论者
turtleneck,高领毛衣
payable,应付账款
maisie,梅西
defile,亵渎
unbutton,解开
chimera,奇美拉
depress,抑郁
meeks,温顺的
mah,玛
buries,埋葬
breech,臀
mullins,穆林斯
paralyze,麻痹
bhanu,巴努
landis,兰迪斯
isolating,隔离
abiding,遵守
cowgirl,女牛仔
weakens,减弱
ornery,脾气暴躁
lithuanian,立陶宛语
sterilize,消毒
knelt,跪下
fatten,催肥
arid,干旱
gaffer,领班
decimal,十进制
clarified,澄清
greco,希腊
kinship,亲属关系
desolation,荒凉
prouder,更骄傲
ines,因斯
convened,召集
beckons,招手
haggard,枯槁
smiths,史密斯
ensures,确保
dou,斗
notches,缺口
blowjobs,口交
esophagus,食管
baez,贝兹
fanning,扇形
pythagoras,毕达哥拉斯
epinephrine,肾上腺素
antiseptic,防腐剂
tapeworm,绦虫
redford,雷德福
scythe,镰
escalation,升级
kol,科尔
longtime,很久
educator,教育者
mantel,壁炉架
revue,评论
jour,一天
safes,保险箱
rerun,重播
royally,皇家
northbound,北行
cleverer,更聪明
ramadan,斋月
hard-ass,铁腕
paddock,围场
anaconda,蟒蛇
discontinued,已停产
straightening,拉直
argumentative,争论
mauser,毛瑟
randi,兰迪
wallis,沃利斯
carpentry,木工
vaccination,疫苗接种
preying,捕食
fsb,联邦安全局
wedgie,内裤勒裆
disarray,混乱
bullhorn,扩音器
crumbles,碎屑
breaches,违规行为
arn,阿尔恩
corpsman,医护兵
ennis,恩尼斯
indu,工业
jc,jc
robespierre,罗伯斯庇尔
cranston,克兰斯顿
dissuade,劝阻
imp,重要
hsiao,萧
buzzards,秃鹰
grooms,新郎
grinch,格林奇
kendal,肯德尔
coolant,冷却液
fauna,动物
artichoke,朝鲜蓟
chemists,化学家
kipper,熏鲱鱼
overlord,霸王
mesmerized,着迷
pretenses,伪装
semantics,语义
silverman,西尔弗曼
snobs,势利眼
layton,莱顿
leavenworth,利文沃思
sloshing,晃动
sparking,火花
texan,德克萨斯人
silences,沉默
recalling,回忆
negatively,负面
jett,喷气机
camouflaged,伪装
joao,若昂
salvaged,打捞
fulcrum,支点
booklet,小册子
red-haired,红发
splint,夹板
ueda,上田
aberration,像差
trapdoor,活板门
abundantly,大量
vexed,烦恼
oaths,誓言
slink,潜行
christos,克里斯托斯
nair,奈尔
u-boats,U型潜艇
sensuality,感官享受
distantly,遥远地
flavored,调味
appreciating,欣赏
kostya,科斯蒂亚
oncology,肿瘤学
influencing,影响
ronan,罗南
joes,乔
roan,杂色
battleships,战列舰
boned,骨
frayed,磨损的
mott,莫特
softness,柔软
aries,白羊座
occupies,占据
govinda,戈文达
mummified,木乃伊
bustling,繁华
rewritten,重写
exhibiting,展出
putter,推杆
canaan,迦南
pk,PK
calgary,卡尔加里
pocketbook,袖珍书
yadav,亚达夫
reefer,冷藏
uppity,傲慢
dens,巢穴
hachi,八千
retreats,静修
sendoff,送别
innocently,天真地
circulated,流通
akshay,阿克谢
partnered,合作
latina,拉丁裔
yachts,游艇
abhay,阿拜
distilled,蒸馏
geller,盖勒
cicadas,蝉
technicolor,彩色
tsa,美国运输安全管理局
anemic,贫血
kubrick,库布里克
globes,地球仪
pinging,ping
four-year-old,四岁
clammy,湿冷的
modem,调制解调器
dismay,沮丧
frosted,磨砂
gators,鳄鱼
amaro,阿玛罗
jacksonville,杰克逊维尔
masaki,正木
didst,迪斯特
mackie,麦基
clarisse,克拉丽丝
helle,赫勒
russel,拉塞尔
spawned,已生成
saxena,萨克塞纳
perceptions,感知
winnipeg,温尼伯
varying,变化
thwart,阻挠
congee,粥
nicking,偷窃
newspaperman,新闻记者
carjacking,劫车
availability,可用性
couches,沙发
dawns,黎明
rojas,罗哈斯
two-timing,脚踏两只船
indecisive,优柔寡断
fatma,法特玛
instigated,煽动
paining,绘画
thoracic,胸椎
kms,公里
sr,先生
promo,促销
cleanest,最干净
categorically,绝对地
chevron,人字形
distributors,分销商
windpipe,气管
run-of-the-mill,普通的
kurdish,库尔德
plowed,犁过的
jeanine,珍妮
intents,意图
wormholes,虫洞
overpowering,压倒性的
scuse,借口
ehm,嗯
wheeling,惠灵
grandmaster,棋圣
interpreting,翻译
aga,aga
anka,安卡
submitting,提交
bassett,巴塞特
ladle,勺子
braying,叫声
savory,美味的
zips,拉链
disprove,反驳
xun,迅
barba,巴尔巴
pleasantries,客套话
sentimentality,感伤
cs,CS
precincts,辖区
pascoe,帕斯科
lilli,莉莉
shamrock,三叶草
toothpicks,牙签
tubing,管道
diagrams,图表
sark,萨克
allocated,分配
clegg,克莱格
degenerates,退化
pollard,波拉德
overheating,过热
liberace,利伯拉斯
emts,急救人员
presidente,总统
steppe,草原
alisha,阿丽莎
neighborly,邻里
half-baked,半生不熟
sorenson,索伦森
winfield,温菲尔德
vaseline,凡士林
deluge,洪水
leonora,莱昂诺拉
disconcerting,令人不安
three-hour,三小时
incumbent,现任
amplify,放大
morel,莫雷尔
arlen,阿伦
pucker,撅嘴
potholes,坑洼
conjured,召唤
denominator,分母
succulent,多肉植物
buckles,扣环
expenditure,支出
solis,索利斯
speedboat,快艇
arriba,arriba
kebabs,烤肉串
buddhists,佛教徒
hygienic,卫生
galloway,加洛韦
recalls,召回
dartmouth,达特茅斯
unscheduled,非计划
clench,紧握
confidant,知己
ratting,捕鼠
bravado,虚张声势
inbred,近亲繁殖
garvin,加文
breezes,微风
astaire,阿斯泰尔
tibbs,蒂布斯
waived,放弃
katrin,卡特琳
paralegal,律师助理
irrefutable,无可辩驳的
larva,幼虫
lymph,淋巴
illegals,非法移民
deteriorate,恶化
scrumptious,美味的
acquit,开释
crimea,克里米亚
sanctimonious,伪善的
gerhardt,格哈特
antiquated,过时的
captors,俘虏者
babbles,胡言乱语
arabella,阿拉贝拉
labors,劳动
falafel,沙拉三明治
winces,畏缩
christoph,克里斯托夫
statutes,法规
excelsior,精益求精
emergence,出现
paused,暂停
catalan,加泰罗尼亚语
clotting,凝血
cheol,化学
cb,CB
simons,西蒙斯
lillie,莉莉
banco,银行
rr,rr
skinhead,光头党
warpath,战争之路
pterodactyl,翼龙
veils,面纱
subsidiary,子公司
outgrown,长大了就不合适了
provence,普罗旺斯
clunk,砰的一声
reentry,重返
terminology,术语
surveying,测量
upscale,高档
wifey,老婆
colombians,哥伦比亚人
heave-ho,举起
foaming,起泡
keystone,基石
bays,海湾
confidently,自信地
piloting,飞行员
outwit,智胜
kau,考
strengthening,强化
dn,dn
carnation,康乃馨
complimented,赞扬
discouraging,令人沮丧
simona,西蒙娜
mvp,最有价值球员
7-eleven,7-11
custom-made,定制
marcela,马塞拉
cinder,煤渣
comparative,比较
stepbrother,继兄
gyro,陀螺仪
dissolves,溶解
dribbling,运球
karachi,卡拉奇
majored,主修
kandahar,坎大哈
mustangs,野马
goblet,高脚杯
punchy,有冲击力的
servicing,维修
buren,布伦
synch,同步
boku,本人
streisand,史翠珊
surrenders,投降
life-support,生命维持
marginal,边缘
farhad,法哈德
tooting,嘟嘟
rundown,撞倒
minibar,迷你吧
trove,宝库
satisfies,满足
doody,杜迪
consolidate,合并
gearing,齿轮
breastfeeding,哺乳
accelerates,加速
sargent,萨金特
jakarta,雅加达
populace,民众
kota,哥打
misfit,格格不入
wavering,摇摆不定
grating,格栅
romancing,浪漫
fey,仙女
recreate,重现
haemorrhage,出血
spongebob,海绵宝宝
circa,大约
billed,账单
reminders,提醒
milked,挤奶
criticise,批评
double-checked,仔细核对
minibus,小巴
advises,建议
faithless,不忠
milf,熟女
pre-op,术前准备
easing,缓解
blackbeard,黑胡子
amplifier,放大器
plywood,胶合板
peacocks,孔雀
caboose,车尾
kegs,酒桶
grandiose,宏伟的
deline,勾勒
ueno,上野
gravestone,墓碑
toya,托娅
absurdity,荒谬
strychnine,士的宁
redheads,红发
carrion,腐肉
riccardo,里卡多
lissa,莉莎
blameless,无责
intrusive,侵入性的
extenuating,减轻
ood,好
blatantly,明目张胆
pruitt,普鲁伊特
lividity,尸斑
facto,事实上
puns,双关语
barone,男爵
persians,波斯人
pemberton,彭伯顿
ruffians,恶棍
vw,大众汽车
danilo,达尼洛
transmitters,发射器
nyssa,妮莎
pragmatic,务实
passive-aggressive,被动攻击型
leeway,余地
favoured,受青睐
abnormalities,异常
condensed,浓缩版
burkhardt,伯克哈特
suspending,暂停
falsetto,假声
stillman,斯蒂尔曼
foothills,山麓
tirelessly,不知疲倦地
foreskin,包皮
citing,引用
soleil,太阳
presbyterian,长老会
calista,卡莉斯塔
sardar,萨达尔
viennese,维也纳
quirks,怪癖
theatrics,戏剧
hubris,傲慢
thirty-three,三十三
mayhew,梅休
testimonies,证词
abdel,阿卜杜勒
imperfections,瑕疵
sill,窗台
creighton,克雷顿
schroeder,施罗德
postwar,战后
niner,九人
pretence,虚伪
hitching,搭便车
canes,拐杖
philistines,非利士人
booties,短靴
unnamed,无名氏
depp,深
espn,ESPN
sidle,侧卧
pricked,刺痛
cred,信用
heimlich,海姆利希
diagnostics,诊断
zooming,缩放
shackleton,沙克尔顿
musty,发霉的
eased,缓解
mandrake,曼德拉草
compressor,压缩机
spontaneity,自发性
neapolitan,那不勒斯
ayla,艾拉
signifies,表示
mcgowan,麦高文
ramble,漫谈
mire,沼泽
sniffer,嗅探器
cfo,首席财务官
subcommittee,小组委员会
obituaries,讣告
dutiful,尽职尽责的
pursuits,追求
aiko,爱子
debutante,初次登台
channeling,通道
kirsty,柯斯蒂
say-so,这么说
wieners,维也纳香肠
arr,编曲
torchwood,火炬木
contentment,满意
ventricle,心室
kurosawa,黑泽明
nostril,鼻孔
dyer,染工
jumble,杂乱
osborn,奥斯本
raggedy,破旧的
aspiration,抱负
hav,有
exonerate,开脱
mears,米尔斯
swivel,旋转
cougars,美洲狮
lamppost,灯柱
jetty,码头
psalm,诗篇
marat,马拉特
bereaved,丧亲者
plucky,勇敢的
shortages,短缺
noblest,最高贵
homeowner,房主
untidy,凌乱
romy,罗米
northumberland,诺森伯兰郡
illustration,插图
wading,涉水
cassettes,磁带
tosa,土佐
gentler,更温和
fixture,固定装置
lovelier,更可爱
travolta,特拉沃尔塔
dali,达利
kfc,肯德基
centimeter,厘米
martins,马丁斯
openness,开放性
octavio,奥克塔维奥
mou,穆
godly,敬虔的
polymer,聚合物
cervix,宫颈
tumbled,翻滚
gato,猫
shuttles,班车
thrived,蓬勃发展
realty,房地产
fentanyl,芬太尼
pena,佩纳
garbo,嘉宝
pariah,贱民
cameo,客串
pyongyang,平壤
bilge,舱底
ruskin,拉斯金
inflicting,造成
embezzled,挪用公款
numero,数字
colliding,碰撞
pings,ping
tinkering,修修补补
phooey,呸！
tempura,天妇罗
littering,乱扔垃圾
babel,巴别塔
monarchs,君主
mook,穆克
tuts,教程
gare,火车站
emancipated,解放
laguna,拉古纳
f1,f1
bellboy,门童
roosters,公鸡
daylights,日光
concocted,捏造的
shockingly,令人震惊地
cross-referenced,交叉引用
unsupervised,无人监管
hara,哈拉
fuego,火
stipend,助学金
guang,光
boasted,吹嘘
sinuses,鼻窦
habitual,习惯性的
toussaint,杜桑
synchronize,同步
moonbase,月球基地
aboriginal,土著
spiking,尖峰
migrant,移民
methodology,方法论
watertight,防水
seance,降神会
playfully,嬉戏地
tester,测试员
obelisk,方尖碑
loopy,循环
elude,躲避
blare,喧嚣
winn,赢家
molds,模具
mahler,马勒
pappa,爸爸
janos,亚诺什
retrieving,检索
dogma,教条
purr,呼噜声
underside,底部
normans,诺曼人
racists,种族主义者
cady,凯迪
levers,杠杆
eyesore,碍眼的
aguilar,阿吉拉尔
pees,小便
sidetracked,跑题了
tactful,委婉
entreat,恳求
flor,弗洛尔
dialog,对话
toenail,趾甲
degas,脱气
shredding,碎纸
neutrons,中子
pantheon,万神殿
numbness,麻木
danville,丹维尔
eton,伊顿
annoyance,烦恼
wildcats,野猫
mok,莫克
lob,高球
ply,胶合板
yessir,是的，先生
moderately,中等程度
blane,布莱恩
brinkley,布林克利
eyelash,睫毛
airy,轻盈的
swanky,时髦的
irritates,刺激
coupling,耦合
yamashita,山下
barnum,巴纳姆
amiga,Amiga
hubba,哈巴
antsy,焦躁不安
sherif,警长
rednecks,乡巴佬
hagan,哈根
seventies,七十年代
primer,底漆
ao,ao
institutionalized,制度化的
half-dead,半死不活
paragon,模范
broderick,布罗德里克
canst,罐
tran,交通
elinor,埃莉诺
hadrian,哈德良
peugeot,标致
displeasure,不满
lifeforms,生命体
lynching,私刑
snowboarding,单板滑雪
linebacker,线卫
inanimate,无生命
assertive,自信
hargrove,哈格罗夫
zim,齐姆
tristate,三州
jiao,角
peppy,活泼的
blackwood,黑木
assortment,品种
minty,薄荷味
penner,彭纳
gung,枪
parton,帕顿
blab,废话
nationalists,民族主义者
meir,梅尔
fonda,丰达
billa,比拉
chekhov,契诃夫
chambermaid,女佣
kernel,核心
creatively,创造性地
gillette,吉列
brazilians,巴西人
saws,锯子
directorate,董事会
clockwise,顺时针方向
hamsters,仓鼠
soulmate,灵魂伴侣
doraemon,哆啦A梦
hoy,霍伊
mingling,混杂
bryson,布莱森
collared,项圈
slurp,啜饮
southerners,南方人
boden,博登
denning,丹宁
alvey,艾尔维
capitan,船长
triangular,三角形
evoke,唤起
unfolds,展开
muskets,滑膛枪
joyride,兜风
ethanol,乙醇
contemplation,沉思
sabu,萨布
foursome,四人组
eventual,最终
femininity,女性气质
toke,吸
apartheid,种族隔离
leakage,泄漏
welder,焊机
stallone,史泰龙
self-interest,自身利益
snuffed,熄灭
imf,国际货币基金组织
pushkin,普希金
heady,令人陶醉
coleslaw,凉拌卷心菜
tay,泰
horoscopes,星座运势
tropic,热带
counterfeiting,伪造
organisations,组织
littlest,最小的
limitation,局限性
diarrhoea,腹泻
aggravation,加重
unsavory,令人不快的
pogo,波戈
clinch,成交
complexes,复合物
atwater,阿特沃特
yash,雅什
radial,径向
retaining,保留
congestion,拥塞
inconsistencies,不一致之处
plush,豪华的
ruthlessly,无情地
three-legged,三条腿的
labourers,劳工
rainey,雷尼
sift,筛
valour,勇气
basta,够了
kinsey,金赛
tankers,油轮
enacted,已颁布
macpherson,麦克弗森
knee-deep,齐膝深
smoothies,冰沙
tingly,刺痛感
murderess,杀人犯
dez,德兹
four-wheel,四轮驱动
kristi,克里斯蒂
mcmahon,麦克马洪
sissies,娘娘腔
zipping,拉链
euthanasia,安乐死
fondle,挲
roshan,罗珊
dispel,打消
belay,保护
naoki,直树
eustace,尤斯塔斯
motorboat,汽艇
sullen,忧郁
dior,迪奥
kerem,卡雷姆
bordering,毗邻
doherty,多尔蒂
curie,居里
testy,暴躁的
sagar,萨加尔
raffaele,拉斐尔
throes,阵痛
mccullough,麦卡洛
unnerving,令人不安
herding,放牧
lemurs,狐猴
exposes,揭露
huo,霍
badlands,恶地
uncouth,粗野
disposing,处置
destruct,破坏
evers,埃弗斯
intubation,插管
twitchy,抽搐的
malfunctioned,故障
cuddles,拥抱
idyllic,田园诗般的
meaty,肉质的
paddington,帕丁顿熊
typo,拼写错误
hereto,特此
slider,滑块
affluent,富裕的
cappella,卡普拉
wiggling,扭动
medicare,医疗保险
teething,出牙
sinha,辛哈
invoked,调用
kuo,郭
swordfish,旗鱼
willem,威廉
christmastime,圣诞节
dumas,大仲马
whiting,白鳕
reiterate,重申
dulles,杜勒斯
dawdle,混日子
nene,妮妮
reliability,可靠性
sear,炙烤
bookings,预订
tapas,西班牙小吃
witherspoon,威瑟斯彭
template,模板
prissy,矫揉造作
adaptable,适应性强
advertisers,广告商
see-through,透明
quotas,配额
treble,高音
sneaker,运动鞋
administering,管理
perils,危险
mowed,割草
boldness,大胆
nettles,荨麻
tattooing,纹身
grouch,牢骚
rallied,集结
telford,特尔福德
gump,口香糖
kroll,克罗尔
jeopardizing,危及
trafficker,贩运者
nong,农
malnutrition,营养不良
groundhog,土拨鼠
jaya,贾亚
nutritional,营养
contemptible,可鄙
dykes,堤坝
resuscitation,复苏
toi,托伊
gaetano,盖塔诺
bales,捆包
calderon,卡尔德隆
mews,巷子
hollander,霍兰德
awkwardness,尴尬
redeemer,救世主
diplomas,文凭
full-grown,完全成熟
hilliard,希利亚德
veda,吠陀
nightlife,夜生活
gnocchi,汤团
tipper,自卸车
farber,法伯
balkan,巴尔干半岛
emigrate,移民
knighthood,骑士爵位
kathie,凯西
desai,德赛
migrated,已迁移
dominus,多米努斯
octavian,屋大维
matsuda,松田
namesake,同名者
weepy,哭泣的
shiner,闪光
grifter,骗子
basking,晒太阳
opa,欧帕
adolfo,阿道夫
sagittarius,射手座
smurfs,蓝精灵
censored,审查
wares,商品
memorizing,记忆
seabed,海底
weasels,黄鼠狼
councilwoman,女议员
nationalism,民族主义
hsu,许
one-of-a-kind,独一无二
handball,手球
mayumi,真由美
pacifier,安抚奶嘴
magnificence,壮丽
atheists,无神论者
paine,疼痛
embankment,堤
upgrades,升级
outed,出柜
siphon,虹吸管
shoals,浅滩
one-legged,独腿
three-time,三次
kilometre,公里
neutrality,中立
radishes,萝卜
bas,基础
coined,创造
sequins,亮片
baudelaire,波德莱尔
impersonator,模仿者
concoction,混合物
hi-tech,高科技
incessant,不停歇
whirling,旋转
chevrolet,雪佛兰
menstrual,月经
nesbitt,内斯比特
ven,ven
lightheaded,头晕
ogling,盯着看
trig,三角函数
mauricio,毛里西奥
kaylee,凯莉
tylenol,泰诺
hectares,公顷
spiro,斯皮罗
lynched,被私刑处死
glorify,荣耀
pl,pl
triumphed,胜利
masking,掩蔽
prolific,多产的
mutts,杂种狗
lectured,讲课
thirteenth,第十三
protege,门徒
lobbyist,说客
directs,导演
impressing,令人印象深刻
plantagenet,金雀花
jakes,杰克斯
furies,复仇女神
flatmate,室友
taki,塔基
wind-up,发条
meta,元
recuperate,疗养
crossover,跨界车
lyrical,抒情的
self-serving,自私自利
shunt,分流
forsythe,福赛斯
jesuit,耶稣会
concord,和睦
silvana,西尔瓦娜
durand,杜兰德
tivo,蒂沃
shopped,购物
blacklisted,被列入黑名单
unsatisfied,不满意
infantile,婴儿
decadence,颓废
motherless,无母
unbridled,不受约束的
momoko,桃子
backlash,反弹
leftist,左翼
myspace,我的空间
acronym,首字母缩写词
clots,血栓
lorries,货车
barometer,晴雨表
raucous,沙哑
mournful,悲哀
you-know-what,你知道吗
redheaded,红发
swerved,急转弯
peeked,偷看
lundy,伦迪
ovulating,排卵期
energon,能量
ferg,弗格
dermatologist,皮肤科医生
murtaugh,默托
daniele,丹妮尔
bandaids,创可贴
mahdi,马赫迪
naga,那伽
duvall,杜瓦尔
stilts,高跷
assimilate,吸收
grieved,伤心
fermented,发酵
occupant,居住者
ala,翼
derivatives,衍生物
spectacularly,壮观地
narrate,叙事
reenactment,重演
palma,帕尔马
goren,戈伦
krakow,克拉科夫
quiero,quiero
machiavelli,马基雅维利
laney,兰尼
pistons,活塞
bumming,无聊
rawlins,罗林斯
swordsmanship,剑术
pennant,三角旗
dillinger,迪林格
marooned,被困
storehouse,库
crouching,蹲伏
storybook,故事书
hickok,希科克
mailer,邮件
dl,dl
sandstone,砂岩
gault,高尔特
emanating,散发
godard,戈达尔
sidewalks,人行道
breadth,宽度
baywatch,海滩救护队
synergy,协同作用
labelled,标签
coexist,共存
rasta,拉斯特法里教徒
ashleigh,阿什利
coldness,寒冷
orthopedic,骨科
closeups,特写镜头
quimby,昆比
workhouse,济贫
ak-47,AK-47
panics,恐慌
brainwash,洗脑
perplexed,困惑
hustled,匆忙
untill,直到
muldoon,穆尔顿
anni,安妮
tish,蒂什
tosses,抛掷
specializing,专业化
tiller,耕耘机
newfoundland,纽芬兰
medellin,麦德林
causeway,堤道
midlands,米德兰兹
vouched,担保
extraordinaire,非凡的
natsumi,夏美
scarab,圣甲虫
illumination,照明
barns,谷仓
argo,阿尔戈
oddball,古怪的人
larsson,拉尔森
emo,情绪摇滚
reprehensible,应受谴责的
pips,点数
convoys,车队
gunderson,冈德森
mutter,低声
dijon,第戎
diocese,教区
bartenders,调酒师
licensing,许可
restful,宁静
workup,准备工作
scotsman,苏格兰人
sycamore,梧桐树
reappeared,再次出现
malay,马来语
jami,贾米
poppers,爆米花
beat-up,殴打
backhand,反手
lawnmower,割草机
cleric,牧师
kickoff,开球
bethesda,贝塞斯达
numerical,数值
cordy,科迪
watermelons,西瓜
carnivorous,食肉的
guadalcanal,瓜达尔卡纳尔
governmental,政府
endures,持续
wellness,健康
boeing,波音
sher,雪儿
tamer,驯服者
certification,认证
reminiscing,回忆
omo,omo
sul,苏尔
sunder,桑德
shire,郡
bludgeoned,被重击
futility,无用
halliday,哈利迪
alli,艾莉
cla,克拉
impervious,不透水的
one-horse,一匹马
yukawa,汤川
weiner,维纳
paltry,微不足道
skeet,飞碟射击
unreachable,无法连接
analytical,分析
fruitless,徒劳无功
corsage,胸花
rife,普遍存在
masquerading,伪装
kt,千克
bullfighter,斗牛士
graced,恩赐
bookshelf,书架
toxicity,毒性
taxation,税收
subsidies,补贴
barron,巴伦
camcorder,摄像机
kneecap,髌骨
perforated,穿孔的
wrinkly,皱巴巴的
armenians,亚美尼亚人
gaudy,艳丽的
lesion,病变
nibbling,轻咬
macao,澳门
nss,nss
perfecting,完善
amicable,友好的
claustrophobia,幽闭恐惧症
periodically,定期
pennington,彭宁顿
prado,普拉多
dark-haired,黑发
zuko,祖寇
carats,克拉
notoriety,恶名
fungi,真菌
nev,内夫
landau,兰道
aggravating,加重
doused,浇灭
toothbrushes,牙刷
immersion,浸没
skeletal,骨骼
beatty,比蒂
bhagat,巴格特
scents,气味
endowment,捐赠基金
bookworm,书呆子
vertically,垂直方向
prioritize,优先考虑
luciana,露西亚娜
loman,洛曼
bancroft,班克罗夫特
intermediary,中介
firestorm,火风暴
centerpiece,中心装饰品
proprietary,所有权
jayden,杰登
hindrance,障碍
biologists,生物学家
obscenity,淫秽
mothra,摩斯拉
dake,达克
retires,退休
meridian,子午线
oboe,双簧管
blurt,脱口而出
tallahassee,塔拉哈西
inflammatory,炎症
coochie,私处
treatable,可治疗
hubbub,尘嚣
fractions,分数
entail,包含
narrowing,收窄
lida,丽达
festering,溃烂
wetter,更湿润
stumbles,踉跄
battleground,战场
pantomime,哑剧
voracious,贪婪的
fleshy,肉质的
hamada,滨田
traverse,横穿
repose,休息
stimulates,刺激
decontamination,去污
clapton,克莱普顿
peering,窥视
foust,福斯特
first-year,一年级
remiss,疏忽
omi,omi
nauseating,令人作呕
underfoot,脚下
discredited,声名狼藉
acquisitions,收购
magnanimous,坦荡
slovak,斯洛伐克
ishikawa,石川
tenement,廉租公寓
derive,派生
reiner,莱纳
schoolgirls,女学生
hilltop,山顶
soared,飙升
cotillion,舞会
poplar,白杨
radford,拉德福德
depressive,抑郁的
underlined,下划线
bib,围兜
stroked,抚摸
separatist,分离主义者
lynx,猞猁
nudes,裸体
tectonic,构造
danforth,丹佛斯
empirical,经验
eunuchs,太监
oregano,牛至
inhospitable,不宜居住的
discerning,有洞察力
kidder,基德
chantelle,香特尔
gobbling,狼吞虎咽
acoustics,声学
pecs,胸肌
schuyler,斯凯勒
sunflowers,向日葵
galvin,加尔文
tomi,托米
ziegfeld,齐格菲
dilly,迪利
sellin,销售
pittman,皮特曼
incas,印加人
lasagne,千层面
prototypes,原型
elective,选修课
vulgarity,粗俗
drinkers,饮酒者
moos,哞
mortician,殡仪员
dirtiest,最脏的
voluptuous,丰满的
aprons,围裙
sibley,西布利
gillis,吉利斯
tortoises,陆龟
leighton,莱顿
masochist,受虐狂
trilogy,三部曲
evergreen,常绿
transcribed,转录
porta,门
proletarian,无产阶级
pygmy,侏儒
bogs,沼泽
shaka,沙卡
fixin,修复
walmart,沃尔玛
deities,神灵
hovel,茅屋
forester,林务员
bracken,蕨类植物
dickson,迪克森
yuma,尤马
indefinite,不定
matrimonial,婚姻
fullness,饱腹感
abbi,阿比
frey,弗雷
airwaves,无线电波
cruises,游轮
damper,阻尼器
damnedest,该死的
bushy,茂密的
remix,混音版
romney,罗姆尼
look-see,看看
emission,排放
revolutionize,革命
plummet,暴跌
mojito,莫吉托
rickie,瑞奇
exemption,豁免
subways,地铁
leticia,莱蒂西亚
carruthers,卡拉瑟斯
poser,装腔作势
moomin,姆明
impasse,僵局
angling,钓鱼
gibby,吉比
kronor,克朗
mousetrap,捕鼠器
cassini,卡西尼
echelon,梯队
inconspicuous,不显眼
skepticism,怀疑论
smoldering,闷烧
birgitte,比尔吉特
undisputed,无可争议
strikers,前锋
penchant,爱好
longhaired,长毛
dependence,依赖性
livery,涂装
clucks,咯咯声
adela,阿德拉
roark,罗克
blackstone,黑石
huffing,喘息
infront,在前
viciously,恶毒地
browne,布朗
schnitzel,肉片
hms,皇家海军
racine,种族
scribble,涂
nobodies,无名之辈
morrissey,莫里西
odile,奥迪尔
spic,香料
offed,被解雇
atkinson,阿特金森
battlestar,太空堡垒卡拉狄加
fatherhood,父亲
silks,帛
trembled,颤抖
rudd,路德
balding,秃顶
trifles,琐事
blinky,闪烁
pres,总统
worshiped,崇拜
fabrice,法布里斯
isak,伊萨克
knuckleheads,笨蛋
catty,斤
burgled,入室盗窃
giddap,吉达普
yearned,渴望
mulcahy,穆尔卡希
reprimanded,训斥
saintly,圣洁的
hedgehogs,刺猬
alters,改变
pei,裴
ack,感谢
able-bodied,身强力壮的
truer,更真实
chesapeake,切萨皮克
traitorous,叛徒
ayn,艾恩
industrious,勤劳
agnew,阿格纽
cottages,小屋
goings,行进
shari,莎莉
renegotiate,重新谈判
epicenter,震中
cantaloupe,哈密瓜
dapper,衣着考究
sais,说
upton,厄普顿
doctor-patient,医患关系
sant,圣徒
perseus,珀尔修斯
overtaken,被超越
nother,另一个
millionth,第一百万分之一
one-year,一年
compile,编译
well-done,做得好
touche,触摸
dosed,剂量
lightbulb,灯泡
mourners,哀悼者
pick-me-up,提神醒脑
desktop,桌面
carcasses,尸体
togetherness,团结
kink,纠结
disobedient,忤
packaged,包装好的
selby,塞尔比
gables,山墙
enterprising,进取
leaped,跳跃
gentlemanly,绅士风度
wry,讽刺
hippopotamus,河马
discrepancies,差异
hashimoto,桥本
rowland,罗兰
kawasaki,川崎
margarine,人造黄油
parameter,范围
mahmut,马赫穆特
router,路由器
convinces,令人信服
applesauce,苹果酱
ills,疾病
agra,阿格拉
confidentially,保密
nunnery,尼姑庵
regaining,恢复
aground,搁浅
pah,帕
sommers,萨默斯
abducting,绑架
insulated,绝缘的
unwritten,不成文
respectability,体面
rooming,房间
mirrored,镜像
suman,苏曼
quay,码头
recoil,畏缩
brash,鲁莽
dweeb,书呆子
palpable,可感知的
shanty,棚屋
gatekeeper,守门人
recreated,重建
insemination,授精
mojave,莫哈韦
schoolhouse,校舍
figurines,小雕像
elongated,细长的
lifestyles,生活方式
boos,嘘声
adoration,崇拜
virginie,维吉妮
strictest,最严格的
oiled,涂油
mics,麦克风
continual,持续的
teacup,茶碗
fertilized,施肥
hertz,赫兹
manet,马奈
matte,哑光的
scrapped,报废
spaulding,斯伯丁
inventors,发明家
mendel,孟德尔
baiting,诱饵
mobilization,动员
jeannette,珍妮特
beady,珠子
screamer,尖叫者
faker,骗子
weighted,加权
adjective,形容词
thirty-eight,三十八
stupor,昏迷
intensified,加强
sleaze,卑鄙
randal,兰德尔
stimulant,兴奋剂
nis,尼斯
cl,cl
grigory,格里戈里
mitigating,缓解
tosca,托斯卡
pillage,掠夺
financier,金融家
headquarter,总部
naidu,奈杜
talons,利爪
reruns,重播
whither,往哪里去
babysitters,保姆
saori,沙织
maison,豪森
noting,注意到
pio,皮奥
geared,齿轮
af,非洲
sunup,日出
cheshire,柴郡
parr,帕尔
pulley,滑轮
pled,认罪
fringes,边缘
grasshoppers,蚱蜢
stupider,更愚蠢
unending,无尽的
morpheus,墨菲斯
hondo,本多
comprised,包括
cohesive,凝聚力
sigrid,西格丽德
belgians,比利时人
jilly,吉莉
juli,朱莉
infer,推断
trifling,琐事
nursemaid,保姆
mens,男士
magenta,品红
justly,公正地
stuttgart,斯图加特
diya,迪亚
roadie,巡演工作人员
disabilities,残疾
armoury,军械库
lyme,莱姆病
norwood,诺伍德
onlookers,旁观者
sizeable,相当大的
martel,马特尔
taxing,征税
arseholes,混蛋
somersault,空翻
clings,黏附
backups,备份
mocks,模拟
snitched,告密者
clamped,夹紧
michi,米奇
scamming,诈骗
tucking,塞进
sumptuous,豪华
doodles,涂鸦
unlicensed,无证
grandest,最宏伟
high-rise,高层建筑
flagg,旗帜
jerseys,球衣
steers,牛
councils,议会
sebastien,塞巴斯蒂安
volley,截击
advocating,倡导
bestest,最佳
infiltrating,渗透
grounding,接地
reclaimed,回收
macedonia,马其顿
ajar,半开
ramone,拉蒙
drawbridge,吊桥
brahmin,婆罗门
lucca,卢卡
writhing,扭动
momento,时刻
pisces,双鱼座
refueling,加油
nonviolent,非暴力
ua,ua
dum-dum,咚咚
manoeuvres,机动
queuing,排队
jovi,乔维
saratoga,萨拉托加
hieroglyphics,象形文字
magi,魔法师
tentative,暂定的
ml,毫升
reprisals,报复
dividends,股息
nietzschean,尼采式
scammed,被骗了
taub,陶布
graeme,格雷姆
he-man,希曼
quinlan,昆兰
cilla,西拉
subliminal,潜意识
disapproval,不赞成
oahu,瓦胡岛
fenwick,芬威克
manju,馒头
ebb,落潮
sidebar,侧边栏
eclair,闪电泡芙
purdy,漂亮
iffy,不确定
manifested,表现出来
promotes,促进
reminiscent,令人怀念的
unveiled,揭幕
choral,合唱
hernando,埃尔南多
pattering,图案
grendel,格伦德尔
gallivanting,四处游荡
bosh,博什
matchbox,火柴盒
probate,遗嘱认证
zipped,压缩
lowdown,低调
dissected,解剖
gae,盖伊
mammoths,猛犸象
magnify,放大
marlboro,万宝路
scaled,缩放
gallbladder,胆囊
madea,梅迪亚
asami,浅见
waring,警告
vapour,汽
floorboard,地板
dismantling,拆卸
bak,背
fuckhead,傻逼
snide,冷嘲热讽
squabbling,争吵
rescues,救援
cropped,裁剪
roams,漫游
het,他的
boosting,提升
sikh,锡克教徒
roadkill,路杀动物
modesto,莫德斯托
kant,康德
restlessness,躁动不安
conti,康蒂
khurana,库拉纳
telecom,电信
tierney,蒂尔尼
noreen,诺琳
flaherty,弗拉赫蒂
conch,海螺
inescapable,无法逃避
onscreen,屏幕
rc,rc
steeped,浸泡
hilde,希尔德
diluted,稀
orangutan,猩猩
single-handed,单手
progeny,后代
busybody,爱管闲事的人
clawing,爪子
dreyfuss,德雷福斯
vacancies,空缺职位
conquerors,征服者
tra,tra
beheading,斩首
annapolis,安纳波利斯
cogs,齿轮
chatterbox,话匣子
grossman,格罗斯曼
annually,每年
farewells,告别
heart-to-heart,促膝长谈
jarrett,贾勒特
glossy,光滑
tama,玉
traumas,创伤
lieut,中尉
jeweller,珠宝商
braden,布雷登
hennessey,轩尼诗
medley,混合曲
slugged,被重击
paraphernalia,用具
departmental,部门
squealed,尖叫
counterparts,对应物
snapshots,快照
kneecaps,膝盖骨
belligerent,好战的
fissure,裂缝
puppeteer,木偶师
costanza,科斯坦扎
orestes,奥雷斯特斯
rosanna,罗莎娜
allotment,分配
sincerest,最真诚的
transcends,超越
gagarin,加加林
djinn,精灵
cancun,坎昆
fuselage,机身
wembley,温布利
abuser,施虐者
capers,刺山柑
propel,推进
goodnight,晚安
shortstop,游击手
mathew,马修
mima,米玛
showman,表演者
popper,爆米花
kumbaya,库姆巴亚
transgressions,过错
buyin,购买
pensioners,退休人员
brimming,充满
soya,大豆
spot-on,完全正确
windowsill,窗台
methamphetamine,甲基苯丙胺
unquote,结束引用
noun,名词
rouen,鲁昂
gerber,格伯
baguette,法棍面包
patter,语调
mediate,调解
patties,肉饼
kita,基塔
eugenio,尤金尼奥
ponderosa,黄松
hows,如何
bedridden,卧床不起
imperialist,帝国主义
behest,要求
ourself,我们自己
originate,起源
squalor,肮脏不堪
canaries,金丝雀
arraigned,提审
nighty-night,晚安
endangerment,濒危
pay-per-view,按次付费观看
messaging,消息传递
tethered,系绳
thrifty,节俭
vash,瓦什
adnan,阿德南
third-rate,三流
hyperdrive,超光速引擎
backwoods,偏远地区
catered,餐饮服务
formulate,制定
lovell,洛弗尔
croaks,呱呱叫
uncooperative,不合作
craved,渴望
thankless,忘恩负义
antennae,天线
carabinieri,宪兵
snazzy,时髦的
refrigeration,冷藏
inert,惰性
gamekeeper,猎场管理员
textures,纹理
argentinean,阿根廷
skirmish,小规模冲突
specialties,专业
deep-fried,油炸
ela,ela
billion-dollar,十亿美元
holiest,最神圣的
manservant,男仆
verdun,凡尔登
cheech,奇奇
mariel,玛丽埃尔
intermediate,中间的
parkman,帕克曼
nips,乳头
palpitations,心悸
jacinto,哈辛托
spans,跨度
emanuel,伊曼纽尔
vivaldi,维瓦尔第
polarity,极性
fine-looking,外形美观
smokescreen,烟幕
smudged,模糊的
adriano,阿德里亚诺
collaborated,合作
skimmed,脱脂
firstborn,长子
unrecognizable,无法辨认
overzealous,过分热心
rea,现实
ariane,阿丽亚娜
freer,更自由
mannequins,人体模型
mclane,麦克莱恩
nk,nk
kraken,海怪
shekels,谢克尔
gauls,高卢人
biotech,生物技术
sterilized,已灭菌
pressurized,加压
second-degree,二级
scattering,散射
ziegler,齐格勒
naz,纳兹
jeopardized,危及
consoling,安慰
appointing,任命
wiper,雨刮器
harping,喋喋不休
carmelo,卡梅洛
cinemas,电影院
midland,米德兰
petticoat,衬裙
broyles,布罗伊尔斯
flippin,翻转
harrowing,令人痛心的
tearful,内牛满面
truest,最真实的
cleft,裂
wray,射线
malware,恶意软件
riverdale,河谷镇
bream,鲂
justifiable,合理的
fretting,烦躁
frowning,皱眉
potomac,波托马克河
sten,斯滕
barked,吠叫
pre-med,医学预科
cancels,取消
homeowners,房主
fiendish,邪恶的
notwithstanding,虽然
redskins,红皮队
voyeur,偷窥者
havers,拥有者
chronos,时间
abilene,阿比林
auctions,拍卖
mincemeat,肉馅
out-of-town,城外
prosthetics,假肢
second-class,二等
hershey,好时
procured,采购
loathed,令人厌恶
decrepit,衰老
bly,布莱
fast-food,快餐
eventful,多事
shimada,岛田
skinheads,光头党
petya,佩蒂亚
oomph,活力
polluting,污染
multiplication,乘法
incentives,激励措施
remarked,评论
phlox,福禄考
thirty-seven,三十七
horned,有角的
pontius,庞提乌斯
matchmaking,配对
soma,索玛
basements,地下室
barmy,疯子
stockpile,储存
weavers,织工
meme,表情包
hazelnut,榛子
mailroom,邮件室
saturation,饱和
ley,利
sinkhole,天坑
greenwood,格林伍德
inertia,惯性
impossibly,不可能
westward,向西
pff,噗
philistine,庸俗
gnaw,啃
crepes,可丽饼
paki,巴基斯坦
geriatric,老年
honorably,光荣地
lope,洛珀
toasts,祝酒
hypertension,高血压
puritan,清教徒
entropy,熵
palo,帕洛
mili,米利
baring,禁止
imprinted,印记
sylar,西拉
petter,彼得
winks,眨眼
conditional,条件
marriott,万豪酒店
foreseeable,可预见的
evens,偶数
vandalized,被破坏
garters,吊袜带
flatulence,胀气
samira,萨米拉
rusk,烤面包片
designation,指定
raus,劳斯
shamans,萨满
garnett,石榴石
gunners,炮手
captivating,引人入胜
impresses,令人印象深刻
extravagance,奢侈
chutes,滑道
sphincter,括约肌
two-headed,双头
leprechauns,小妖精
eben,埃本
gsr,格斯莫尔
pastoral,牧灵
beaufort,博福特
proverbs,谚语
bade,巴德
shoebox,鞋盒
responsibly,负责任地
sigurd,西格德
heston,赫斯顿
deducted,扣除
oncoming,即将到来的
trafalgar,特拉法加
persists,持续
initiatives,倡议
listings,列表
proficient,精通
klondike,克朗代克
kenna,肯纳
boog,布格
sty,风格
gallantry,英勇
dutton,达顿
assailants,袭击者
noboru,升
duels,决斗
forfeited,丧失
absolved,赦免
advantageous,有利
amps,安培
biochemical,生化
contraception,避孕
lago,拉戈
winkle,海棠
crayfish,小龙虾
obsessions,痴迷
accumulation,积累
gwendolyn,格温多琳
converter,转换器
deuces,二
percentages,百分比
assimilated,同化
swingers,换妻者
ivanov,伊万诺夫
cobain,科本
institutional,机构
changeling,换子
vertebra,椎骨
hoofbeats,蹄声
sd,标清
romulus,罗穆卢斯
malayalam,马拉雅拉姆语
peacemaker,和平缔造者
plaintiffs,原告
universally,普遍地
corman,科曼
instructing,指导
alissa,艾丽莎
ladylike,淑女
loveable,可爱的
humps,驼峰
rien,里恩
ea,ea
turnbull,特恩布尔
raza,拉扎
forster,福斯特
pentagram,五芒星
familial,家庭
salutes,敬礼
separatists,分离主义者
transistor,晶体管
mirai,未来
therapies,疗法
sensibly,明智地
spandex,氨纶
sinker,沉子
all-stars,全明星
incur,招致
decomposed,分解
informally,非正式地
trollop,荡妇
metz,梅茨
four-star,四星级
pandemonium,混乱
marconi,马可尼
telltale,蛛丝马迹
mcclane,麦克莱恩
jesper,杰斯珀
commissioners,专员
rosenthal,罗森塔尔
guggenheim,古根海姆
detrimental,有害的
mavericks,特立独行者
jogger,慢跑者
overdressed,穿得太正式了
narco,毒枭
deniz,德尼兹
pageants,选美比赛
heavy-duty,重负
aldrin,艾氏剂
monti,蒙蒂
diy,DIY
tanzania,坦桑尼亚
coolers,冷却器
paratroopers,伞兵
bbq,烧烤
concentrations,浓度
dorn,多恩
lada,拉达
gwyneth,格温妮丝
escalade,凯雷德
grandsons,孙子们
ame,名字
manipulator,机械臂
dustbin,垃圾桶
excavations,挖掘
edu,edu
tornadoes,龙卷风
saxons,撒克逊人
cantina,小酒馆
kindling,引火物
rothstein,罗斯坦
beggin,开始
toulon,土伦
undocumented,未记录
barges,驳船
hypnotist,催眠师
photons,光子
inappropriately,不恰当地
certify,证明
naru,鸣
amira,阿米拉
thorny,带刺的
rosco,罗斯科
colosseum,罗马斗兽场
electrocution,电刑
compatibility,兼容性
rudnick,鲁德尼克
mccluskey,麦克卢斯基
beauregard,博雷加德
seething,沸腾
herschel,赫歇尔
dents,凹痕
infertile,不孕不育
hundredth,百分之一
crone,老妪
nantucket,南塔克特
hardman,硬汉
profanity,亵渎
savi,萨维
flan,焦糖布丁
pledging,认捐
pickett,皮克特
narrowly,勉强
harpy,哈耳庇厄
refine,精炼
prohibits,禁止
quartered,四分
rushmore,拉什莫尔山
boyhood,童年
implosion,内爆
aguirre,阿吉雷
dorota,多萝塔
ethically,合乎道德地
oni,鬼
leaflet,传单
bylaws,章程
corinthians,哥林多前书
parakeet,鹦鹉
guppy,孔雀鱼
pandemic,大流行
mobsters,黑帮分子
tendons,肌腱
keynote,基调
air-raid,空袭
recreating,重现
vacuuming,吸尘
characterize,描述
salam,萨拉姆
requiem,安魂曲
ragtime,拉格泰姆
stoney,石头
biddy,比迪
pum,泵
terminus,终点站
barrio,巴里奥
hy,嗨
octavius,奥克塔维乌斯
majid,马吉德
knockouts,击倒
boleyn,博林
stapleton,斯台普顿
placid,平静
sirree,先生
clio,克里奥
nymphomaniac,性欲亢进者
excommunicated,被逐出教会
bosoms,胸部
agata,阿加塔
qiao,乔
lyra,琴弦
good-luck,祝你好运
hysterics,癔症
girlish,少女
misdeeds,不当行为
racquetball,壁球
amassed,积累
motherly,母性
vicarage,牧师住宅
unchecked,未经核实
turnpike,收费公路
eroded,侵蚀
effeminate,阴柔的
neely,尼利
deane,迪恩
extravaganza,盛大庆典
optimum,最佳
gad,加德
tet,四重态
substation,变电站
decomposing,分解
topaz,黄玉
depiction,描写
pregnancies,怀孕
agrippina,阿格里皮娜
gargoyles,石像鬼
dimaggio,迪马乔
fontana,丰塔纳
pediatrics,儿科
grandmama,奶奶
mcveigh,麦克维
dueling,决斗
colic,绞痛
implementation,执行
overthrown,被推翻
administrators,管理员
gobi,戈壁
dwindling,逐渐减少
diggle,迪格尔
ptolemy,托勒密
earle,厄尔
omnipotent,无所不能
goss,八卦
mites,螨虫
chia,奇亚籽
gelatin,明胶
nought,零
localized,本地化
leery,警惕
skittish,胆怯的
collie,柯利犬
graceland,格雷斯兰
xiv,十四
sulfuric,硫酸
marten,貂
abnormality,紊乱 etc.
legwork,跑腿工作
ten-four,十四
trawler,拖网渔船
apprised,已获知
wilds,荒野
harkness,哈克尼斯
christendom,基督教世界
guidebook,指南
prophetic,预言
bakes,烘焙
offhand,随意
brixton,布里克斯顿
jeffers,杰弗斯
weathered,风化的
forties,四十年代
cohn,科恩
hydrate,水合物
ativan,阿提凡
uncontrolled,不受控制
ceres,谷神星
shortsighted,短视的
yumiko,由美子
boozer,酒鬼
flounder,比目鱼
motorbikes,摩托车
munson,芒森
enact,制定
real-time,即时的
shatner,夏特纳
breton,布列塔尼语
menial,卑微的
grasslands,草原
bode,预兆
crucible,坩
caputo,卡普托
lookee,瞧瞧
gena,吉娜
mixed-up,混乱
pruning,修剪
doobie,杜比
full-fledged,完全成熟的
overestimate,高估
meathead,肉头
drywall,石膏板
foolhardy,蛮干
brownstone,褐砂岩
basra,巴士拉
bilateral,双边
aggressor,侵略者
uppercut,上勾拳
anorexic,厌食症
bem,贝姆
slouch,伛
videotaped,录像
voicemail,语音信箱
cadavers,尸体
lunge,弓步
callback,打回来
battlefields,战场
sifting,筛分
buffaloes,水牛
michio,道雄
acorns,橡子
scouted,侦察兵
snitches,告密者
squarely,完全
fragmented,碎片化的
parley,谈判
catatonic,紧张性精神症
trippy,迷幻
yuppie,雅皮士
a1,a1
unprovoked,无端挑衅
effortless,毫不费力
resounding,高亢
cymbals,钹
narcissism,自恋
denham,丹纳姆
elkins,埃尔金斯
reciprocate,往复
seminal,开创性的
smartphone,手机
aisles,过道
ingmar,英格玛
knotted,打结的
yucky,真恶心
schematic,示意图
karlsson,卡尔松
carpeting,地毯
katharina,卡塔琳娜
styrofoam,泡沫塑料
whosoever,无论谁
ingest,摄入
montrose,蒙特罗斯
precautionary,预防
coursing,赛跑
neurosis,神经症
skint,穷光蛋
allyson,艾莉森
amita,阿米塔
dolt,笨蛋
fervent,热切
upheld,维持
ilse,伊尔斯
tacks,图钉
wonky,歪斜的
kronos,克洛诺斯
franca,弗兰卡
sikander,西坎德
variance,方差
yoichi,余一
jeffersonian,杰斐逊主义
skittles,彩虹糖
sanne,桑妮
outlived,活得更久
alienate,离间
yielding,屈服
dedicating,奉献
empowering,赋权
borscht,罗宋汤
cha-cha-cha,恰恰恰
sustaining,维持
front-page,首页
limber,柔韧
alerting,警报
smooching,亲吻
lilian,莉莲
teensy,微缩
snowmobile,雪地摩托
sonnet,十四行诗
knifed,刀伤
avril,艾薇儿
bicker,斗嘴
substituted,替代
wim,维姆
wir,电线
depriving,剥夺
quaker,贵格会
celts,凯尔特人
beeswax,蜂蜡
wiles,诡计
overview,概述
crassus,克拉苏斯
topeka,托皮卡
kasim,卡西姆
schooner,大篷车
gluttony,暴食
shetland,设得兰群岛
timbuktu,廷巴克图
budd,芽
goofed,搞砸了
igloo,冰屋
brine,盐水
sayuri,沙由理
wouldst,会
hallucinate,产生幻觉
nibbles,小食
quinine,奎宁
peels,果皮
newlywed,新人
boasts,吹嘘
loneliest,最孤独的
reeve,里夫
avoidance,回避
ania,安妮亚
metzger,梅茨格
sosa,索萨
mica,云母
tugging,拉扯
consisting,由
sombre,阴沉
gollum,咕噜
spacing,间距
kaspar,卡斯帕
celina,塞琳娜
sturgeon,鲟
zwei,二
peony,牡丹
augur,占卜师
isla,岛
redeeming,赎回
macmillan,麦克米伦
puri,普里
crewmen,船员
organizers,组织者
dastardly,卑鄙的
orcs,兽人
ejaculation,射精
untamed,未驯服的
streep,斯特里普
hogwarts,霍格沃茨
inhibitor,抑制剂
jerzy,杰西
tiramisu,提拉米苏
president-elect,当选总统
microwaves,微波炉
bough,买
brendon,布伦登
dank,dank
underhanded,卑鄙的
backstreet,后街
archeology,考古学
potency,效力
enthusiasts,爱好者
racy,色情
bitsy,比特
lts,lts
bedlam,疯人院
quell,荡平
commuter,通勤者
workmanship,做工
tri,三
natalya,娜塔莉亚
middleweight,中量级
libra,天秤座
lat,纬度
dominick,多米尼克
erupts,爆发
minsk,明斯克
estella,艾斯特拉
adolph,阿道夫
teaming,团队合作
horus,荷鲁斯
evermore,越来越
feminists,女权主义者
looms,织布机
literacy,识字能力
decoding,解码
reelection,连任
dispatches,派遣
rowboat,划艇
flaunting,炫耀
sonofabitch,王八蛋
inscriptions,铭文
ritalin,利他林
refills,补充装
softie,软心肠
twirling,旋转
mcfarland,麦克法兰
kaitlyn,凯特琳
obligatory,强制性的
skynet,天网
snatcher,抢夺者
fingering,指法
blum,布鲁姆
malin,马林
keene,基恩
tutors,导师
emailing,电子邮件
copacabana,科帕卡巴纳
routing,路由
cosgrove,科斯格罗夫
cirrhosis,肝硬化
transgression,越轨行为
ota,奥塔
floater,浮球
petunia,矮牵牛
calorie,卡路里
frowned,皱眉
prodigious,惊人
libyan,利比亚
tawdry,庸俗的
tadashi,忠志
boyish,男孩气
laurels,月桂树
sugary,含糖的
nonnegotiable,不可协商
goode,古德
gardiner,加德纳
macklin,麦克林
virility,男性活力
indictments,起诉书
sclerosis,硬化
thunders,雷声
crosshairs,十字准星
cannoli,卡诺里卷
editor-in-chief,主编
omission,省略
substitution,替代
twinkie,甜甜圈
chippy,炸鱼薯条
azusa,梓
seabiscuit,海饼干
flicking,轻弹
saba,萨巴
megha,梅加
desecrated,亵渎
merman,人鱼
summed,总结
baller,球星
mille,千
restructuring,重组
outpatient,门诊
fundamentalist,原教旨主义者
chitty,芽
blemish,缺陷
custodial,监护
failings,缺点
thawed,解冻
hein,海因
amiable,可亲
elitist,精英主义
baptised,受洗
stagnant,停滞不前
simplistic,简单
parasol,阳伞
quibble,狡辩
martell,马泰尔
dissolution,溶解
iab,iab
kenyon,肯扬
salons,沙龙
permitting,允许
wher,哪里
princely,王子
stonewall,石墙
amrita,阿姆里塔
manifold,歧管
bothersome,烦人的
joust,比武
pangs,疼痛
yama,阎王
hume,休谟
cyborgs,半机械人
work-related,与工作相关的
laundered,洗过的
kinsman,亲属
looters,抢劫者
relayed,转播
itty-bitty,微小的
rafts,木筏
athenian,雅典人
uninterrupted,不间断
asif,仿佛
delve,深入探究
roubles,卢布
majesties,陛下
hustlers,骗子
sages,智者
milford,米尔福德
miscalculated,误算
self-loathing,自我厌恶
madurai,马杜赖
laine,莱恩
duquesne,杜肯
sublet,转租
good-natured,性情温和的
kn,克恩
noblemen,贵族
hooter,喇叭
diggers,挖掘机
drugging,下药
furiously,愤怒地
deduced,推断
feelers,触角
condemns,谴责
hairspray,发胶
sherbet,雪葩
erupting,爆发
cooperative,合作社
taut,紧绷
gentile,外邦人
chins,下巴
frenzied,丧心病狂
piet,皮特
chand,钱德
deutsch,德语
flamingos,火烈鸟
pungent,泼辣
pensive,沉思的
skeptic,怀疑论者
distort,歪曲
caving,洞穴探险
doorways,门口
veneration,崇敬
stingray,魟鱼
mcclure,麦克卢尔
marzipan,杏仁糖
susi,苏西
frugal,节俭
claret,红酒
potted,盆栽
laid-back,悠闲
morita,森田
elia,埃利亚
alvarado,阿尔瓦拉多
mikkel,米克尔
drive-through,免下车
workroom,工作室
mathilda,玛蒂尔达
crapping,拉屎
flailing,挥舞
penetrates,渗透
dais,台
nincompoop,笨蛋
falsehood,谬误
pullin,拉林
excesses,过剩
bwana,布瓦纳
griggs,格里格斯
cookery,烹饪
renamed,更名
merriment,欢乐
prospero,普洛斯彼罗
siddhartha,悉达多
oppressors,压迫者
valuation,估值
bidet,坐浴盆
peekaboo,躲猫猫
ambiguity,歧义
javed,贾维德
alisa,艾丽莎
shacked,被束缚的
auburn,奥本
mikami,三上
taillight,尾灯
incheon,仁天
guarantor,担保人
sneer,冷笑
misspelled,拼写错误
timberlake,廷伯莱克
stiller,斯蒂勒
rpm,转速
loca,本地
stratosphere,平流层
doj,司法部
vowel,元音
bigtime,大
psychosomatic,心身疾病
aruba,阿鲁巴
mull,思考
entwined,交织
sistine,西斯廷
primrose,报春花
ivf,试管婴儿
thunderstorms,雷暴
roughing,粗加工
dozing,打盹
decreases,减少
rerouted,重新路由
grainger,格雷恩杰
pon,庞
syllabus,教学大纲
reigned,统治
lora,劳拉
cultivation,栽培
cochrane,科克伦
sartre,萨特
rolly,滚滚
apothecary,药剂师
astounded,震惊
rainstorm,暴雨
squirts,喷射
jordy,乔迪
phat,胖子
robocop,机械战警
chee,芝
nuptials,婚礼
lyre,竖琴
ryker,莱克
duplicates,重复项
garber,加伯
dregs,渣
ejaculate,射精
masonic,共济会
alteration,改造
unzips,拉开拉链
anthill,垤
embody,体现
bulldogs,斗牛犬
retailers,零售商
uncivilized,野蛮
nighttime,夜间
segregated,隔离
bijou,珠宝
jay-z,杰伊·Z
funnily,有趣的是
enos,伊诺斯
liposuction,抽脂术
jaunty,轻快的
quran,古兰经
ano,阳极
skit,小品
quayle,奎尔
repaying,偿还
dumpsters,垃圾箱
seneca,塞内卡
menon,梅农
acosta,阿科斯塔
malevolent,恶意的
hesse,黑森州
westlake,西湖
lieberman,利伯曼
backroom,后台
recognises,认可
husk,外壳
trod,践踏
wormwood,蒿
condolence,慰问
shenzhen,深圳
talcum,滑石粉
barksdale,巴克斯代尔
patagonia,巴塔哥尼亚
normie,普通人
oat,燕麦
waning,减弱
latif,拉蒂夫
methodist,卫理公会
sombrero,宽边帽
lidia,莉迪亚
scampi,虾
nagai,永井
drawback,退税
culpa,罪责
valenti,瓦伦蒂
man-eating,食人族
wheaton,惠顿
windfall,意外之财
recep,接收
befitting,合适
fistful,一把
auditory,听觉
ajit,阿吉特
magneto,磁电机
neurosurgery,神经外科
weightless,失重
fordham,福特汉姆
skillet,煎锅
fjord,峡湾
breakfasts,早餐
dry-cleaning,干洗
playroom,游戏室
materialistic,物质主义
second-guess,事后猜测
flirtation,调情
cig,香烟
crabb,螃蟹
lecherous,好色的
ivana,伊万娜
epitaph,墓志铭
fuelled,燃料
filler,填料
dogged,顽强
dietary,饮食
solids,固体
steeple,尖顶
logbook,日志
wooed,求爱
flirts,调情
diddy,迪迪
filtering,过滤
madeira,马德拉岛
loader,装载机
affiliation,联系
costner,科斯特纳
saddles,马鞍
atrium,中庭
aforementioned,上述
rotates,旋转
sousa,苏萨
amelie,艾米莉
rubens,鲁本斯
singed,已签名
ceramics,陶瓷
contrived,人为的
deductions,扣除
limes,青柠
richly,丰富
inclusive,包容性
ruffle,褶边
convergence,收敛
frig,冰箱
pfc,一氧化碳
comparatively,比较
recorders,录音机
hurst,赫斯特
tattered,破烂
renewing,更新
lapel,翻领
dk,dk
magellan,麦哲伦
mettle,气概
wheelchairs,轮椅
payed,已付费
brokerage,经纪
deep-sea,深海
strengthens,加强
fifteenth,第十五
playdate,玩耍时间
leek,韭葱
nano,纳米
sau,sau
intercede,说情
ceos,首席执行官
oka,奥卡
begrudge,怨恨
faire,公平
sketched,草图
hamza,哈姆扎
lexa,莱克萨
renny,雷尼
cooties,虱子
outwith,出去
conceptual,概念
cp,cp
blends,混合物
yano,矢野
campo,坎波
amo,莫
bernhard,伯恩哈德
solicit,征求
noh,能剧
sways,摇摆
knockers,敲击器
seeping,渗漏
helmand,赫尔曼德
annals,志
resorted,复原
kenan,凯南
associating,关联
bogdan,博格丹
janne,简妮
blabber,喋喋不休
drumstick,鸡腿
nuna,努娜
dingy,昏暗的
wrecker,拖车
conjuring,魔法
germanic,日耳曼
baseman,垒手
deco,装饰
asahi,朝日
semblance,外表
mosques,清真寺
dialled,拨号
screwed-up,搞砸了
retinal,视网膜
habitats,栖息地
metaphorical,比喻性的
pelts,毛皮
rummaging,翻找
doppler,多普勒
underpaid,薪酬过低
inconvenienced,不便
stealthy,隐秘的
barnacles,藤壶
mirth,欢笑
sweatshop,血汗工厂
meanie,坏蛋
hazzard,危险
resolutions,决议
squirting,喷射
lather,泡沫
irfan,伊尔凡
detects,检测
katara,卡塔拉
signaled,发出信号
refunds,退款
dreamland,梦境
tio,蒂奥
agua,水
diminishing,减少
soils,土壤
cheong,郑
repress,抑
leafy,绿叶
ledgers,账簿
caricature,漫画
calypso,卡吕普索
shifter,换挡器
butterfield,巴特菲尔德
bumpers,保险杠
pothole,坑洼
kumiko,久美子
cocker,可卡犬
fidgeting,坐立不安
unloved,不被爱的
satsuma,萨摩
devine,神圣的
kochi,高知
steakhouse,牛排馆
complicates,使情况复杂化
groucho,格劳乔
glade,林间空地
agamemnon,阿伽门农
lifeblood,命脉
att,属性
strep,链球菌
neverland,梦幻岛
gelato,意式冰淇淋
gusting,阵风
electro,电
monde,世界
int,整数
alek,阿列克
montez,蒙特兹
rowley,罗利
takagi,高木
graded,已评分
regains,恢复
bonk,邦克
handbrake,手刹
antennas,天线
agendas,议程
elliptical,椭圆形
locust,刺槐
breastfeeding,哺乳
maul,打伤
westwood,韦斯特伍德
gaunt,瘦削
dearer,更贵
austerity,紧缩政策
stubs,存根
saluting,敬礼
straker,斯特拉克
starlet,女明星
directional,方向性
downpour,倾盆大雨
infact,实际上
subterfuge,托词
calibrated,校准
distillery,酒厂
harrigan,哈里根
transplanted,移植
buon,布昂
fabien,法比安
recant,反悔
takeo,武雄
handsomest,最英俊的
portrayal,描绘
self-destruction,自我毁灭
haig,海格
xxx,xxx
printout,打印出
nationally,全国范围内
brunswick,布伦瑞克
star-spangled,星条旗
prim,原始
embodied,具身化的
endorphins,内啡肽
kitties,小猫
fugue,赋格曲
commenced,开始
stoddard,斯托达德
beelzebub,别西卜
fifty-five,五十五
cleve,克利夫
archipelago,群岛
sc,斯
piercings,穿孔
isha,伊莎
anon,匿名
receivers,接收器
kungfu,功夫
nuria,努里亚
barnard,巴纳德
propelled,推进
brackets,括号
ebenezer,以比尼泽
trespassers,擅闯者
galveston,加尔维斯顿
thirty-one,三十一
yangtze,长江
shaming,羞辱
baritone,男中音
backstory,背景故事
bronchitis,支气管炎
lasky,拉斯基
trappings,服饰
high-pressure,高压
djs,DJ
dissecting,解剖
nilsson,尼尔森
jakub,雅库布
designate,指定
fatherless,无父
transsexual,变性人
corso,科尔索
mountainside,山坡
gawain,高文
wallander,瓦兰德
trite,老套
crystalline,结晶体
browser,浏览器
helplessly,无助地
montero,蒙特罗
precocious,早熟
withering,枯萎
tweaking,微调
elyse,伊莉丝
palsy,麻痹
salut,萨鲁特
ick,恶心
mcginty,麦金蒂
trotsky,托洛茨基
countryman,同胞
acidity,酸度
burials,葬礼
african-americans,非裔美国人
mathur,马图尔
coolness,凉爽
misgivings,疑虑
fromm,弗兰姆
poppycock,胡说
simcoe,辛科
neel,尼尔
greenery,绿植
astoria,阿斯托利亚
attaching,连接
funny-looking,滑稽的
biter,咬人者
wilco,威尔科
honed,磨砺
fete,宴请
hypodermic,皮下注射
shigeru,茂
kokoro,心
broadcaster,广播员
valle,瓦列
winded,喘息
unqualified,不合格的
thurman,瑟曼
bereft,失去
raves,锐舞派对
dagmar,达格玛
skinny-dipping,裸泳
exertion,用力
averages,平均值
freshener,清新剂
dodgeball,躲避球
waistcoat,马甲
mv,MV
alva,阿尔瓦
garrow,加罗
maryann,玛丽安
moustaches,胡子
dependency,依赖关系
philosophies,哲学
toyama,富山
colonoscopy,结肠镜检查
phlegm,痰
visceral,内脏
washed-up,过气的
up-and-coming,冉冉升起的新星
same-sex,同性
yangzhou,扬州
minced,剁碎
pauli,保利
bigotry,偏见
snowfall,降雪
kuk,库克
encased,包裹
un-american,非美国式的
bluegrass,蓝草音乐
aback,背
toddlers,幼儿
midshipman,海军学员
gogo,gogo
lorca,洛尔卡
juggler,杂耍演员
shingles,带状疱疹
hardwick,哈德威克
soloist,独奏者
yasuko,安子
motherfuck,操他妈的
subscribers,订阅者
gunfighter,枪手
ottomans,奥斯曼人
featherstone,羽毛石
brooms,扫帚
sumerian,苏美尔人
singleton,单例
checker,检查器
kuala,吉隆坡
akashi,明石
vermeer,维米尔
purrs,呼噜声
mulholland,穆赫兰道
fairground,游乐场
foss,foss
jumbled,错杂
hakan,哈坎
horseshoes,马蹄铁
maloney,马洛尼
haa,哈
figurine,塑像
azad,自由
rucksack,背包
parallels,平行线
estonian,爱沙尼亚语
jailbird,累犯
orderlies,勤杂工
courtiers,朝臣
selfishly,自私地
weldon,韦尔登
shear,剪切
stanhope,斯坦霍普
televisions,电视机
coasts,海岸
gower,高尔
croaked,呱呱叫
loc,位置
ironclad,铁甲舰
rocksteady,稳固
acrobats,杂技演员
marinated,腌制
pushers,推手
culver,卡尔弗
gudrun,古德伦
calluses,老茧
glimpses,惊鸿一瞥
labourer,劳动者
oppress,压迫
procedural,程序
strasbourg,斯特拉斯堡
ff,ff
dolled,玩偶
chappie,家伙
mengele,门格勒
environmentally,环境方面
falklands,福克兰群岛
gosling,小鹅
redundancy,冗余
chiffon,薄纱
trimmings,装饰
enamel,搪瓷
mcclellan,麦克莱伦
deniability,否认
differs,不同
kabuki,歌舞伎
suzi,苏西
gir,吉尔
inuit,因纽特人
garlands,花环
big-shot,大人物
bundled,捆绑式
conducts,进行
eczema,湿疹
masala,玛萨拉
towne,城镇
murakami,村上春树
bloodied,血淋淋的
frigate,护卫舰
predominantly,主要
retrial,再审
bonne,好
reliant,依赖
subside,塌陷
clear-cut,明确无误
jaan,贾恩
amma,妈妈
adrenalin,肾上腺素
thrower,投掷者
conceit,自负
librarians,图书管理员
verdi,威尔第
high-strung,神经紧张
energize,通电
encampment,营地
bouncers,保镖
trix,特里克斯
nagano,长野
shebang,谢邦
woolf,伍尔夫
kojima,小岛秀夫
investigates,调查
sandpaper,砂纸
guardianship,监护
turpentine,松节油
bruiser,恶棍
norwegians,挪威人
galahad,加拉哈德
controllers,控制器
hyatt,凯悦酒店
clamouring,喧闹
bowery,鲍厄里
primeval,原始
mcphee,麦克菲
devours,吞噬
commodus,商品
hitters,击球手
mists,薄雾
mangal,曼加尔
caravans,旅行拖车
betterment,改善
volition,意志
sheltering,庇护所
surmise,推测
bedpan,便盆
norwich,诺维奇
stalkers,跟踪者
hickman,希克曼
curzon,柯曾
utilized,利用
fairytale,童话
hacksaw,钢锯
terminals,终端
tip-top,顶尖
wellbeing,福利
bowden,鲍登
holman,霍尔曼
midair,半空中
alejandra,亚历杭德拉
cobras,眼镜蛇
undignified,有失尊严
unchanging,不变
showy,炫耀
kavya,卡维亚
fatah,法塔赫
tadpoles,蝌蚪
cramming,临时抱佛脚
mordred,莫德雷德
opinionated,自以为是
yeager,耶格尔
botanist,植物学家
self-respecting,自尊
millet,粟
harmonic,谐波
tinsel,箔
bohr,玻尔
toppings,配料
preemptive,先发制人
knapsack,背包
aldrich,奥尔德里奇
elvin,埃尔文
hora,霍拉
repayment,还款
uninteresting,无聊
sixty-five,六十五
maradona,马拉多纳
audited,经审计
prosciutto,意大利熏火腿
noonan,努南
showgirl,歌女
cambodian,柬埔寨
concise,简洁的
lisp,口齿不清
kohler,科勒
combatants,战斗人员
algernon,阿尔杰农
hassles,麻烦事
peon,日工
brainstorming,头脑风暴
layered,分层
invigorating,令人精神振奋
preceding,前
rajasthan,拉贾斯坦邦
mclean,麦克莱恩
slayers,屠戮者
thrush,画眉
topical,局部用药
barrie,巴里
hoisted,吊起
blasters,爆能枪
glib,油嘴滑舌
nymphs,若虫
alphas,阿尔法
neurology,神经病学
turnoff,关
unrelenting,毫不留情
nipping,轻咬
civility,礼貌
pensioner,退休人员
savagery,野蛮
pita,皮塔饼
deciphered,已破译
membranes,膜
advisement,建议
poops,便便
guk,古克
hoboken,霍博肯
abnormally,异常地
tecumseh,特库姆塞
shaves,剃须
cardiovascular,心血管系统
cornea,角膜
govt,政府
zito,齐托
batten,板条
mylene,髓
leasing,租赁
centaur,半人马
astern,倒车
accomplishing,完成
summation,总结
comstock,康斯托克
mirko,米尔科
woodruff,香车叶草
progresses,进展
globally,全球
playoff,挑拨
chie,千
modestly,谦虚地
thunderous,雷鸣
excavate,挖掘
hedda,赫达
shockwave,冲击波
renders,渲染
bedouin,贝都因人
closed-captioned,隐藏式字幕
sexting,发送色情短信
bereavement,丧亲之痛
undersecretary,副部长
mcginnis,麦金尼斯
kavanaugh,卡瓦诺
ema,ema
reals,真实
yoyo,溜溜球
fob,钥匙扣
bridle,辔
zoidberg,佐伊德伯格
polenta,玉米粥
embassies,大使馆
rashmi,拉什米
emitted,发射
macarena,玛卡瑞纳
zippy,迅捷
tailors,裁缝
sonu,索努
jaden,杰登
instill,灌输
maim,残害
burrell,伯勒尔
jeeps,吉普车
havisham,哈维沙姆
loveliness,可爱
simi,西米
interlude,插曲
maharaja,大君
villainous,邪恶的
humbling,令人谦卑
potluck,便饭
paise,派斯
foxhole,战壕
breeders,育种者
yeller,黄狗
all-around,全方位
spokes,发言人
treehouse,树屋
schaeffer,谢弗
stickup,粘贴
toasty,温暖的
rosina,罗西娜
spectral,光谱
literate,识字的
hoff,霍夫
nipper,尼珀
fatigued,疲劳
mora,猜拳
wellesley,韦尔斯利
cheep,便宜
exposition,展览
yura,尤拉
fabled,传说中的
guile,诡计
ex-cons,前科犯
steely,钢铁般的
bartending,调酒
tomorrows,明天
milligan,米利根
second-in-command,二把手
boyer,博耶
marvels,奇迹
condemnation,谴责
maori,毛利人
tahir,塔希尔
abound,盛产
boogers,鼻屎
cagey,狡猾的
maddening,令人抓狂
decrees,法令
catastrophes,灾难
guadalupe,瓜达卢佩
afghans,阿富汗人
colson,科尔森
wrangle,争吵
invoking,调用
qian,钱
falcons,猎鹰
cockeyed,斜视
apprentices,学徒
errant,错误的
fl,fl
abductor,绑架者
akron,阿克伦
stroud,斯特劳德
posturing,摆姿势
hams,火腿
recklessness,鲁莽
metin,金属
yeoman,乡绅
pulaski,普拉斯基
repaint,重新喷漆
pansies,三色堇
kuni,国
outweigh,胜过
incessantly,不已
abrasive,磨料
earful,耳朵
sion,西昂
belated,迟到的
knoxville,诺克斯维尔
soba,荞麦面
gerardo,杰拉尔多
arrowhead,箭头
skids,滑行
isotope,同位素
clocking,打卡
brunettes,黑发女郎
nisa,妮莎
implementing,实施
equestrian,马术
cutlets,肉饼
psalms,诗篇
endorsements,背书
stammer,结巴
bremer,布雷默
waterworks,自来水厂
chewie,咀嚼
profusely,大量地
aum,奥姆
cadmus,卡德姆斯
confidante,知己
outlines,轮廓
reformatory,感化院
saddens,令人悲伤
gat,门
quasimodo,卡西莫多
worshippers,信徒
brackett,括号
influx,流入
electrocute,电击
confederates,南方邦联
earhart,埃尔哈特
barrack,营房
fantasized,幻想
cou,库
disqualify,取消资格
ruffled,褶皱的
spectre,幽灵
undergarments,内衣
second-guessing,事后猜测
subscriber,订户
marauder,掠夺者
buxton,巴克斯顿
shaver,剃须刀
low-fat,低脂肪
hogwash,胡说八道
broach,拉钩
codeine,可待因
cardiology,心脏病学
bobcat,山猫
fumbling,笨拙
bouquets,花束
thumper,重击者
philippine,菲律宾
traceable,可追溯的
ganja,大麻
oli,奥利
barbecues,烧烤
janitors,清洁工
mcmillan,麦克米伦
geeky,极客
conners,康纳斯
gulag,古拉格
clashing,冲突
spunky,活泼的
butchering,屠宰
ogle,眄
limos,豪华轿车
feliz,幸福
manticore,曼提柯尔
occipital,枕骨
nva,新华社
x-files,X档案
belching,打嗝
dreyfus,德雷福斯
jeopardise,危害
epsilon,ε
starkey,斯塔基
frigg,弗丽格
melina,梅丽娜
perpetuate,延续
pieter,彼得
spastic,痉挛性
parasitic,寄生
sprouted,发芽
hydro,水力
georgette,乔其纱
handpicked,精挑细选
choreographed,编排好的
carstairs,汽车楼梯
seppuku,切腹
offside,越位
birdies,小鸟球
caucus,党团会议
launchers,发射机
laertes,拉尔特斯
mullah,毛拉
richelieu,黎塞留
characterized,特征化的
planners,规划者
yellows,黄色
bluth,布鲁斯
lender,贷款机构
scribbled,潦草的
bumbling,笨拙
hypochondriac,疑病症
hikers,徒步旅行者
hosanna,和撒那
interned,实习生
tommie,汤米
repulsed,反感
svend,斯文德
ashtrays,烟灰缸
blunt-force,钝力
nadir,最低点
toodle-oo,再见
falconer,猎鹰人
peyote,仙人掌
calliope,卡利俄珀
beavis,比维斯
ramones,雷蒙斯乐队
orifice,孔
rehabilitate,恢复
vas,血管
latched,锁扣
sifu,师父
presided,主持
mcdermott,麦克德莫特
instituted,已设立
spellman,斯佩尔曼
venereal,性病
synod,宗教会议
fc,足球俱乐部
neutrinos,中微子
eff,效率
marianna,玛丽安娜
coe,coe
mistreat,虐待
wavelengths,波长
evolves,演变
holistic,整体
analog,模拟
walkway,人行道
fedor,费多尔
eri,eri
kovacs,科瓦奇
anagram,字谜
interceptor,拦截器
kanto,关东
cathedrals,大教堂
nagoya,名古屋
bogota,波哥大
gd,好的
interrogator,审讯员
winchell,温切尔
bearers,持有者
arvin,阿文
plunkett,普朗克特
hogg,霍格
pigheaded,固执的
manifestations,表现
executioners,刽子手
admirably,令人钦佩地
chode,阴茎
upkeep,维护
plagiarism,抄袭
undisclosed,未公开
underrated,被低估
dunphy,邓菲
theological,神学
picchu,比丘
postmaster,邮政局长
definitions,定义
adolescents,青少年
hapless,不幸的
malek,马利克
tali,塔利
touchdowns,达阵
bubonic,鼠疫
maribel,玛丽贝尔
invasions,入侵
indiscretions,轻率行为
maize,玉米
undersea,海底
standup,起来
bracing,支撑
smarten,智能
untrustworthy,不可信赖的
bosun,水手长
nicu,新生儿监护室
alt,备选
stenographer,速记员
defector,叛逃者
toda,今天
duma,杜马
idris,伊德里斯
empathize,同理心
zina,齐娜
sensibilities,感性
popes,教皇
all-in,全部投入
unify,统一
eastbound,东行
ammonium,铵
peacetime,和平时期
gauguin,高更
almanac,年鉴
tho,虽然
lyn,琳
motoring,汽车
inherits,继承
terrell,特雷尔
dvr,数字录像机
downtime,停机时间
geri,格里
romain,罗曼
bremen,不来梅
whipple,惠普尔
platelets,血小板
scurry,疾走
rota,轮值
roared,咆哮
recipients,收件人
beatle,甲壳虫
slurred,含糊不清
harmonies,和声
kissy,亲吻
unearth,挖掘
excelled,表现出色
disembark,下船
spiced,加香料
ul,ul
compiling,编译
seti,塞蒂
dyslexic,阅读障碍
okra,秋葵
jena,耶拿
parietal,顶叶
alleluia,哈利路亚
renewable,可再生能源
eng,eng
tryst,幽会
gogol,果戈理
vecchio,vecchio
durango,杜兰戈
healthiest,最健康的
cowell,科威尔
credence,信任
decoys,诱饵
akita,秋田犬
ritu,丽图
taming,驯服
stunner,惊艳
conclave,秘密会议
urquhart,厄克特
eardrums,耳膜
furnishings,家具
celtics,凯尔特人队
foraging,觅食
mms,毫米
hugger,拥抱者
thrusting,推进
viviane,薇薇安
joaquim,若阿金
indignity,侮辱
souza,苏扎
parisians,巴黎人
evaluating,评估
elites,精英
mariner,水手
goddaughter,教女
groveling,卑躬屈膝
orca,虎鲸
commandeer,征用
backfires,适得其反
miho,美穗
argos,阿尔戈斯
mentoring,指导
bulldozers,推土机
stoic,斯多葛派
javelin,标枪
jacobson,雅各布森
toner,爽肤水
fcc,联邦通信委员会
runaround,绕道
rearranging,重新排列
abercrombie,阿伯克龙比
nettie,内蒂
bardot,巴铎
suckling,乳
cower,退缩
poughkeepsie,波基普西
paraffin,石蜡
slaved,奴隶
espinosa,棘刺
mobs,怪物
byrnes,拜恩斯
jointly,共同
gravedigger,掘墓人
marceau,马尔索
commandeered,征用
italia,意大利
rath,拉思
glynn,格林
debtors,债务人
zafar,扎法尔
alors,alors
hurtling,疾驰
presentations,演示文稿
mozambique,莫桑比克
stealthily,悄悄地
sellout,售罄
rinaldi,里纳尔迪
danziger,丹齐格
tellers,柜员
rainwater,雨水
taxed,已征税
gentiles,非犹太人
bjarne,比雅恩
blankenship,布兰肯希普
braille,盲文
jeon,全
navarre,纳瓦拉
nadja,娜佳
antti,反
innards,内脏
sangria,桑格利亚汽酒
cabernet,赤霞珠
fuchsia,紫红色
dreyer,德雷尔
ejection,喷射
tranq,镇静剂
reveille,起床号
defcon,防御工事
dosa,dosa
vowels,元音
madwoman,疯女
multi,多
deleting,删除
overwhelmingly,压倒性的
epps,埃普斯
salzburg,萨尔茨堡
cavemen,穴居人
silken,丝
well-off,富裕人士
rooks,车
drummers,鼓手
ballantine,百龄坛
redheaded,红发
haiku,俳句
infringement,侵权
rashly,贸然
austere,简朴
atv,全地形车
newsome,纽瑟姆
hermano,兄弟
holograms,全息图
glam,魅力
serotonin,血清素
feign,假装
ditty,小调
piranhas,食人鱼
oftentimes,经常
grids,网格
flax,亚麻
tracksuit,运动服
vivi,薇薇
tonne,公吨
excavating,挖掘
kendo,剑道
loopholes,漏洞
personalized,个性化
speculative,推测性的
sadler,萨德勒
nasir,纳西尔
brawling,争吵
bally,巴利
boughs,树枝
hampstead,汉普斯特德
thimble,顶针
mutate,突变
scripted,脚本
gaylord,盖洛德
barnyard,农场
hideously,极其可怕
leclerc,勒克莱尔
lugging,搬运
rocha,罗查
cleats,鞋钉
backer,支持者
far-off,遥远的地方
wording,措辞
poo-poo,便便
eid,开斋节
charlemagne,查理曼大帝
freedman,自由人
suzanna,苏珊娜
frequented,经常光顾
reykjavik,雷克雅未克
jackasses,蠢驴
impede,阻碍
mothballs,樟脑丸
arbitration,仲裁
brigham,布里格姆
poppies,罂粟花
radiating,散热
kodak,柯达
kou,kou
gervais,格维斯
tobe,是
credit-card,信用卡
opportune,适时的
conduits,导管
iota,ι
spats,争吵
malkovich,马尔科维奇
glendale,格伦代尔
hurling,投掷
perspectives,视角
variant,变体
jughead,贾格黑德
skanks,荡妇
prithee,普里西
antiaircraft,防空
erratically,不规则地
stent,支架
discordant,不和谐的
quirk,怪癖
electrifying,令人振奋
backers,支持者
lando,兰多
grille,格栅
sputnik,卫星通讯社
zigzag,之字形
dilbert,呆伯特
monies,钱
cutlet,肉排
motivates,激励
sada,萨达
procreation,生殖
socialite,社交名媛
cushing,库欣
fane,费恩
colts,小马驹
mundy,蒙迪
invades,入侵
ligament,韧带
sit-ups,仰卧起坐
earthy,泥土
helmsman,舵手
salmonella,沙门氏菌
calvary,髑髅地
gatorade,佳得乐
regents,摄政王
copter,直升机
unconstitutional,违宪
acidic,酸性
outlandish,古怪的
pauses,停顿
betsey,贝齐
carat,克拉
reprogrammed,重新编程
graf,格拉夫
debilitating,衰弱的
shoeshine,擦鞋
deformity,畸形
ganz,甘兹
goofball,傻瓜
trills,颤音
liftoff,起飞
caliphate,哈里发国
accompanies,伴随
decapitation,斩首
keyboards,键盘
amphibious,水陆两用
sixteenth,第十六
janette,珍妮特
flops,失败
lancer,枪骑兵
cordell,科德尔
keanu,基努
indochina,印度支那
guava,番石榴
tobi,托比
resolving,解决
enforcing,强制执行
pasted,粘贴
bullard,布拉德
hymen,处女膜
pows,战俘
cusp,尖点
fukushima,福岛
slur,污点
eclectic,兼收并蓄的
alo,也
roping,套索
fascinate,吸引
provokes,挑衅
mooning,露臀
ibuprofen,布洛芬
uproot,铲除
sik,sik
renaud,雷诺
triceratops,三角龙
congested,拥堵
exploratory,探索性的
britons,英国人
clit,阴蒂
xvi,十六
popsicles,冰棒
preside,主持
successive,连续
eachother,彼此
sobered,清醒
hoffmann,霍夫曼
mantelpiece,壁炉架
ramps,坡道
slobs,邋遢鬼
molestation,性骚扰
armaments,军备
sorcerers,巫师
unfathomable,深不可测
thinning,稀疏
darl,亲爱的
reinhold,莱因霍尔德
flannery,弗兰纳里
spooner,斯普纳
bushel,蒲式耳
sleight,诡计
videotapes,录像带
foreground,前景
lagging,滞后
vermilion,朱红
cordova,科尔多瓦
jutland,日德兰半岛
puffer,河豚
prankster,恶作剧者
depose,免职
latinos,拉丁裔
bevan,贝文
kiddy,小孩子
coogan,库根
vetting,审查
bested,击败
fon,方
lesbo,女同性恋
pheasants,野鸡
guesswork,猜测
bim,比姆
happenings,事件
lookalike,长相相似的
traipsing,徒步旅行
veneer,单板
fleetwood,弗利特伍德
nefertiti,纳芙蒂蒂
greenleaf,绿叶
wanderers,流浪者
becket,贝克特
four-eyes,四眼
toms,汤姆斯
knockoff,仿冒品
burnside,伯恩赛德
air-conditioned,空调
inauspicious,不祥
belive,相信
brentwood,布伦特伍德
attache,随员
cataclysmic,灾难性的
elgin,埃尔金
sichuan,四川
cooter,库特
startup,初创公司
cripes,哎呀
heyes,嘿耶斯
caped,披风
henhouse,鸡窝
midlife,中年
copeland,科普兰
rumpus,骚动
first-ever,史无前例
venezuelan,委内瑞拉
starfire,星火
one-woman,一人
peewee,小矮人
taekwondo,跆拳道
inexplicably,莫名其妙地
ladybird,瓢虫
forage,饲料
sek,sek
jetta,捷达
geyser,喷泉
brisbane,布里斯班
pittance,微不足道
karmic,因果报应
familia,家庭
countermeasures,应对措施
bulletproof,防弹
bunches,成捆
unattainable,高不可攀
gere,格雷
planter,播种机
shopkeepers,店主
wall-to-wall,整面墙
disputed,争议
hamas,哈马斯
rustlers,偷牛贼
sedition,煽动叛乱
blocker,阻断器
hasegawa,长谷川
tenderloin,里脊肉
envoys,使节
newbies,新手
ight,右
iniquity,罪恶
cosmology,宇宙学
exiles,流亡者
amal,阿玛尔
miscalculation,误算
joana,乔安娜
rostov,罗斯托夫
instructive,有指导意义的
depicting,描绘
sugarcane,蔗
terminating,终止
pau,保
thorin,索林
batcave,蝙蝠洞
squalid,肮脏的
forego,放弃
sprouting,发芽
thongs,丁字裤
obstructed,受阻
galleys,厨房
chewbacca,丘巴卡
mubarak,穆巴拉克
churchyard,墓地
clod,泥块
powders,粉末
tacoma,塔科马
clobbered,猛击
procreate,生育
ferocity,恶
kamil,卡米尔
alienation,异化
riverbed,河床
songbird,鸣禽
aesthetics,美学
insertion,插入
commemorative,纪念
waken,唤醒
reparations,赔偿
galt,高尔特
maam,女士
complimenting,赞美
capitalize,资本化
mail-order,邮购
balfour,贝尔福
spicer,斯派塞
motivations,动机
leonie,莱昂妮
nylons,尼龙
obliging,乐于助人
palazzo,宫殿
wardens,狱警
padua,帕多瓦
demarco,德马科
tardiness,迟到
stubble,茬
arvind,阿文德
jabs,刺拳
chomp,咀嚼
styx,冥河
erotica,黄色书刊
interconnected,互联
fedex,联邦快递
thoreau,梭罗
salamanca,萨拉曼卡
accumulating,累积
aggravate,加剧
esoteric,深奥的
a-plus,优+
indulgent,放纵的
undergrad,本科生
eloquence,口才
piglets,仔猪
mimosa,含羞草
ainsley,安斯利
insecticide,杀虫剂
adeline,阿德琳
well-deserved,实至名归
tanja,坦娅
pickering,皮克林
heaters,加热器
amended,修订
colombo,科伦坡
boarder,边境
racially,种族方面
winkler,温克勒
sui,sui
anoint,涂油
scaling,缩放
emmanuelle,艾曼纽
govind,戈文德
impeachment,弹劾
kerchief,头巾
particulates,颗粒物
urchins,海胆
arousal,唤醒
mireille,米雷耶
refrigerators,冰箱
hanlon,汉隆
hysterectomy,子宫切除术
genovese,热那亚
scipio,西庇阿
radiate,辐射
grazia,格拉齐亚
bhaskar,巴斯卡尔
carnivore,食肉动物
bain,贝恩
confronts,面对
neigh,嘶
decayed,腐烂的
araki,荒木
evita,艾薇塔
felder,费尔德
cagliostro,卡利奥斯特罗
consummated,完成
omitted,省略
ceci,塞西
abbess,女修道院长
ogres,食人魔
fiercest,最凶猛
reddish,微红
jacinta,雅辛塔
ballplayer,棒球运动员
pillowcase,枕套
stroh,斯特罗
hellman,赫尔曼
campos,坎波斯
bolivar,玻利瓦尔
parable,寓言
elspeth,埃尔斯佩思
jamboree,大联欢
swordsmen,剑士
saviors,救世主
resents,怨恨
stragglers,掉队者
montevideo,蒙得维的亚
rickey,瑞奇
abhor,痛恨
fondling,爱抚
gdr,全球民主共和国
arenas,竞技场
white-collar,白领
hermitage,隐居处
krebs,克雷布斯
chipmunks,花栗鼠
cleverness,聪明才智
self-portrait,自画像
anesthesiologist,麻醉师
omelets,煎蛋卷
backtrack,回溯
spitter,喷吐器
probabilities,概率
communicates,沟通
premiums,保费
garnier,卡尼尔
jarl,贵族
affleck,阿弗莱克
fanciful,奇幻的
morello,莫雷洛
outwards,向外
waterman,水手
netherworld,冥界
furnaces,熔炉
cloister,修道院
fitter,钳工
anibal,兽人
cartoonist,漫画家
pore,孔隙
internment,拘留
farmed,农场
tortillas,玉米饼
aleksandr,亚历山大
flooring,地板
citywide,全市
masturbated,自慰
cilantro,香菜
uncompromising,毫不妥协
coolidge,柯立芝
cousteau,库斯托
hetero,异质
poodles,贵宾犬
wifi,无线上网
nguyen,阮
turntable,转盘
colvin,科尔文
cloakroom,衣帽间
trotting,小跑
tats,纹身
silliness,愚蠢
contemporaries,同时代人
brandenburg,勃兰登堡
aught,零
raring,渴望
tuff,硬木
palp,触诊
kickboxing,自由搏击
natsuki,夏树
chappy,家伙
krish,克里希
conclusively,最终
headgear,帽子
visage,面容
gertrud,格特鲁德
shoal,浅滩
fanta,芬达
violetta,维奥莱塔
mert,默特
delude,妄想
handguns,手枪
wolfram,钨
molloy,莫洛伊
niu,牛
fawcett,福西特
unlisted,未公开
theis,的
bolognese,博洛尼亚肉酱
ferns,蕨类植物
nipped,轻咬
gumball,泡泡糖
mesmerizing,令人着迷
angular,角度
inserting,插入
punter,赌客
rahim,拉希姆
crescendo,渐强
northeast,东北
leonidas,列奥尼达
liao,廖
metcalf,梅特卡夫
miri,美里
benched,替补
worsened,恶化
psychotherapy,心理治疗
cecilie,塞西莉
jamil,贾米尔
milligram,毫克
scuff,磨损
eeyore,屹耳
misbehaved,行为不端
fission,裂变
safeguards,保障措施
unmask,揭开面具
lightness,亮度
ginsberg,金斯伯格
buzzy,嗡嗡作响
miura,三浦
tranquillity,宁静
great-aunt,姑婆
bellow,下面
caspian,里海
unwavering,坚定不移
kelton,凯尔顿
papua,巴布亚
untreated,未经治疗
vai,瓦伊
antifreeze,防冻液
ipo,IPO
yom,yom
hehe,呵呵
pelle,佩勒
vehicular,车辆
biochemistry,生物化学
shawna,肖娜
shorthanded,人手不足
harada,原田
bottling,装瓶
lagos,拉各斯
sto,sto
encountering,遭遇
anatomical,解剖学
sinning,犯罪
compositions,作品
chinks,裂缝
nonviolent,非暴力
eleni,埃莱尼
kristine,克里斯汀
croupier,荷官
chiseled,凿刻
baskerville,巴斯克维尔
soundproof,隔音
serrated,锯齿状
shallows,浅滩
tompkins,汤普金斯
nye,新年
criminology,犯罪学
girlies,女孩们
horsing,马术
temperate,温带
disarming,解除武装
drachmas,德拉克马
awesomeness,太棒了
dingle,丁格尔
governs,统治
bohemia,波西米亚
gunk,黏糊糊的
steinberg,斯坦伯格
appetizing,令人垂涎的
mccallister,麦卡利斯特
baum,鲍姆
odell,奥德尔
realy,真的
zoltan,佐尔坦
circe,环
torturer,施虐者
jaeger,耶格尔
insurmountable,不可逾越
wee-wee,小便
excavator,挖掘机
nobler,更高贵
centennial,百年纪念
purging,清除
mainwaring,主战
analysing,分析
ferrets,雪貂
softy,柔软
clea,清晰
sarita,萨丽塔
frazzled,疲惫不堪
haim,海姆
sagging,下垂
merch,周边商品
beefy,仡
hillbillies,乡巴佬
spiraling,螺旋式
capes,披风
ayodhya,阿约提亚
pms,经前综合症
uncontrollably,无法控制
gona,戈纳
servicemen,军人
dredging,疏浚
organist,管风琴师
amina,阿米娜
footnote,脚注
jacoby,雅各比
monotony,单调
vastness,广袤无垠
hocus-pocus,胡言乱语
dietz,迪茨
milkshakes,奶昔
bandstand,乐队演奏台
palladium,钯
anecdotes,轶事
shins,小腿
jk,开玩笑
preyed,被捕食
chiquita,奇基塔
shia,什叶派
whinny,嘶鸣
gstring,字符串
spousal,配偶
lettering,字母
propriety,礼
hook-up,挂钩
slovakia,斯洛伐克
maldives,马尔代夫
excitable,易激动的
bonn,波恩
kidnaps,绑架
eriksson,埃里克森
bachman,巴赫曼
xiong,熊
corrosive,腐蚀性
absorption,吸收
curley,卷发
pendejo,pendejo
contradicts,矛盾
foreclosed,被取消赎回权
hauptmann,豪普特曼
litt,litt
exasperated,恼怒
exhume,发掘
inebriated,醉酒
newsman,新闻记者
awoken,觉醒
himalayan,喜马拉雅山
sian,西安
breeches,马裤
slattery,斯莱特里
side-by-side,并排
adjournment,休会
bellini,贝利尼
ballads,民谣
paraded,游行
appleton,阿普尔顿
skewer,烤肉串
marchand,马尔尚
isotopes,同位素
alfalfa,紫花苜蓿
pickups,皮卡
newsweek,新闻周刊
speculated,推测
mage,法师
guerillas,游击队
whopping,惊人的
ici,ici
skier,滑雪者
mckee,麦基
packers,包装工
old-timers,老前辈们
hiked,徒步旅行
swarms,蜂群
sidecar,边车
mazda,马自达
affirmation,肯定
roomy,宽敞
contradicting,矛盾的
kiln,窑
discoloration,变色
raff,拉夫
plummeting,暴跌
steamboat,汽船
marchioness,侯爵夫人
hopelessness,绝望
onstage,舞台上
darin,达林
polygamy,一夫多妻制
pieced,拼接
defrost,解冻
implicitly,隐式地
vauxhall,沃克斯豪尔
resonate,谐振
marni,玛尼
laredo,拉雷多
allegra,阿莱格拉
shibata,柴田
redone,重做
gothenburg,哥德堡
occurrences,发生
tangier,丹吉尔
gaspar,加斯帕
dol,dol
blaire,布莱尔
vos,vos
layoffs,裁员
anniversaries,周年纪念日
exhibitions,展览
depicts,描绘
evander,埃文德
ambiance,氛围
droll,滑稽
speedo,速度表
ploughed,耕作
estrella,埃斯特雷拉
lilacs,丁香
mind-boggling,令人难以置信
greenpeace,绿色和平组织
outposts,前哨站
hijo,儿子
macduff,麦克杜夫
tenuous,脆弱的
dignify,赋予尊严
cautionary,警告
prejudicial,有偏见的
evaded,躲避
pioneered,开创者
boarders,寄宿生
chisholm,奇泽姆
subdural,硬膜下
flamethrower,喷火器
vinaigrette,油醋汁
mecha,机甲
undisciplined,散漫
prance,轻快地
sanctified,圣化
caymans,开曼群岛
mauritius,毛里求斯
forthright,直率
redacted,已编辑
tawny,黄褐色
boer,布尔人
geary,吉里
fertilize,施肥
distal,远端
willfully,故意
anil,阿尼尔
vivienne,薇薇安
poppet,娃娃
misbehaving,行为不端
lz,lz
illfated,不幸的
kingman,金曼
georgy,乔治
cumin,孜然
establishments,机构
amped,增强
merv,默夫
synthesis,合成
nazarene,拿撒勒人
poul,波尔
mikayla,米凯拉
tana,塔纳
nether,下
pasolini,帕索里尼
shanks,小腿
faithfulness,忠诚
redfern,雷德芬
feasts,盛宴
asli,真实
ralf,拉尔夫
laudanum,鸦片酊
ettore,埃托雷
understaffed,人手不足
cholo,乔洛
pulsar,脉冲星
amitabha,阿弥陀佛
exhumed,已挖掘
scrounge,乞讨
stunted,发育不良
sobering,令人清醒
rickety,摇摇晃晃的
kazan,喀山
ghana,加纳
nanking,南京
four-year,四年
unwashed,未洗的
scuttle,偷偷溜走
wiggly,摇晃的
astonishingly,令人震惊地
brenna,布伦娜
effortlessly,毫不费力
boaz,波阿兹
timeout,暂停
cordero,科尔德罗
taxicab,出租车
ragging,欺凌
peta,佩塔
salinas,萨利纳斯
houseguest,房客
ganging,团伙
loathing,厌恶
squelching,闷响
boswell,博斯韦尔
teaser,预告片
gehrig,格里格
high-quality,高质量
scurrying,匆匆忙忙
super-duper,超级棒
mountie,皇家骑警
divorcee,离异人士
celestine,塞莱斯汀
synthesizer,合成器
forsaking,放弃
parlors,客厅
koga,甲贺
dukat,杜卡特
vite,维特
ismael,伊斯梅尔
lfl,lfl
huber,胡伯
nourished,营养
cranked,曲柄
campground,营地
kitano,北野
mutagen,诱变剂
scalps,头皮
wyler,威勒
willy-nilly,随意地
shrubs,灌木
damme,达姆
governance,治理
johansen,约翰森
menthol,薄荷醇
letdown,失望
limey,石灰
supposition,假设
gantry,龙门架
beacons,信标
saboteurs,破坏分子
outgunned,火力不足
savino,萨维诺
lackeys,喽啰
sectionals,分段
lite,轻量版
radu,拉杜
adulterer,奸夫
disguising,伪装
jenni,珍妮
timings,时间安排
carsten,卡斯滕
expectant,怀孕
poxy,有害物质
lela,莱拉
onslow,慢速
sympathise,同情
somewheres,某个地方
effendi,埃芬迪
pg,页
muss,混乱
gru,格鲁
samara,萨马拉
halloran,霍洛兰
rekindle,重燃
airbag,安全气囊
mclntyre,麦克尔泰尔
foosball,桌上足球
swooped,俯冲
stateroom,客舱
easygoing,随和
rochefort,罗什福尔
transmits,传输
fielder,外野手
gussie,格西
ruffles,褶边
horseradish,辣根
orchards,果园
liston,利斯顿
manna,吗哪
plummeted,暴跌
streamlined,流线型
chalky,粉笔
shipmates,船友
curvature,曲率
predetermined,预先设定
boatload,满载
coed,男女同校
choco,巧克力
secretarial,秘书
colouring,染色
dragan,德拉甘
tweety,翠鸟
squeezes,挤压
bolster,支撑
uncomplicated,简单
contemplated,思考
josette,乔塞特
bovary,包法利
overland,陆路
fevers,发烧
porgy,鲷鱼
scavenging,拾荒
balmy,芳香
incidental,偶然的
madoff,麦道夫
minos,米诺斯
pongo,蓬戈
igt,igt
palme,棕榈
implode,内爆
girth,周长
overriding,覆盖
goop,黏糊糊
capitaine,船长
avatars,头像
beholden,受托人
savour,品尝
newsflash,新闻快讯
mastering,掌握
immeasurable,无法估量的
dinero,钱
retrograde,逆行
chiara,基娅拉
matsu,松
cleverest,最聪明的
huntsman,猎人
insinuate,暗示
progressively,逐步
tiana,蒂安娜
hallam,哈勒姆
rediscover,重新发现
glancing,瞥了一眼
remodeled,改建
g-man,政府军
alka,阿尔卡
srt,srt
bequeathed,遗赠
rutger,罗格斯大学
chihiro,千寻
perspiration,汗
tributes,致敬
geo,地理
paramilitary,准军事组织
psychoanalyst,精神分析学家
fergie,弗格森
flunking,不及格
clauses,条款
artur,阿图尔
halil,哈利勒
slobbering,流口水
jiu,九
ascot,阿斯科特
geezers,老家伙们
spearhead,矛头
scooters,踏板车
slabs,板
toppled,倾覆
blackest,最黑的
duplicated,重复
hypnotism,催眠术
degeneration,退化
wriggling,扭动
write-off,注销
cantrell,坎特雷尔
baseless,无根据的
humpback,座头鲸
deader,死人
ncaa,美国大学体育协会
tatters,破烂不堪
antagonize,对抗
rowed,划船
after-hours,业余
discontinue,中止
cask,酒桶
mobius,莫比乌斯环
eval,评估
burg,伯格
erie,埃里
ufc,半决赛
suckered,被骗了
adderall,阿德拉
whos,谁
shriveled,干瘪
cheetahs,猎豹
kk,kk
generalissimo,大元帅
eco,生态
toiled,辛勤劳作
rance,法国
liliana,莉莉安娜
piggies,小猪
forgo,放弃
macleish,麦克利什
squatter,非法占地者
telex,电传
eko,生态
make-out,认出
khartoum,喀土穆
diagonal,对角线
antimatter,反物质
petrus,彼得鲁斯
recheck,重新检查
heart-shaped,心形
sustains,维持
multiverse,多元宇宙
ramesses,拉美西斯
rewrote,重写
senegal,塞内加尔
yugoslav,南斯拉夫
seep,渗透
heisenberg,海森堡
tp,tp
vinod,维诺德
mosey,漫步
capoeira,卡波耶拉
descendents,后代
sepsis,败血症
bolin,博林
corrie,科里
thickens,增厚
higher-ups,高层
aslan,阿斯兰
miseries,苦难
contrition,忏悔
romp,欢蹦乱跳
polack,波兰人
applicable,适用的
leonor,莱昂诺尔
additions,新增内容
rickman,里克曼
arbiter,仲裁者
unclaimed,无人认领
smock,罩衫
sizzles,嘶嘶作响
mcintyre,麦金泰尔
dejected,垂头丧气
retention,保留
juke,点唱机
dilation,扩张
manya,曼雅
tycho,第谷
molar,磨牙
sacking,解雇
savant,学者
heyday,鼎盛时期
loosening,松动
paperweight,镇纸
keenly,敏锐地
grossed,毛利
cervantes,塞万提斯
zan,赞
shuteye,睡眠
barstow,巴斯托
greenie,环保主义者
mlle,mlle
strong-willed,意志坚强
westbound,西行
moreland,莫兰德
crawfish,小龙虾
juveniles,幼年
partnerships,合作关系
catch-up,追赶
authorizing,授权
mementos,纪念品
haggling,讨价还价
impressionist,印象派
minoru,小
felled,倒下
harken,倾听
bernhardt,伯恩哈特
pipsqueak,小不点
kline,克莱恩
directives,指令
collard,羽衣甘蓝
unexplainable,无法解释
lapdog,宠物犬
do-gooder,行善者
rectangle,长方形
seducer,诱惑者
deets,详情
slavic,斯拉夫
undergraduate,本科
crawler,爬行器
freemasons,共济会
co-ed,男女同校
mountainous,多山
asthmatic,哮喘
renown,名声
playmates,玩伴
friendlier,更友善
mandible,下颌骨
handprint,手印
brogan,布罗根
cranberries,蔓越莓
longstanding,长期以来
wino,酒鬼
rabbis,拉比
burnout,倦怠
itt,它
spalding,斯伯丁
paterson,帕特森
fireballs,火球
scaly,鳞片状的
notifying,通知
deliberations,审议
bunt,短打
issa,伊萨
subsidy,补贴
susy,苏西
fagin,费金
bama,阿拉巴马
drafty,通风
enchantress,女巫
kismet,命运
metallica,金属乐队
delacroix,德拉克罗瓦
unintentional,无意的
tomahawk,钺
estep,步
gael,盖尔语
queensland,昆士兰州
avocados,牛油果
vir,病毒
conlon,康伦
amis,朋友们
acrylic,丙烯酸纤维
supremely,至高无上
repented,悔改
sirloin,西冷牛排
caulfield,考菲尔德
retains,保留
gorgon,戈耳工
ine,线
huston,休斯顿
anata,安娜塔
globalization,全球化
wor,工作
florins,弗洛林
cates,猫
americana,美洲
mitsuru,三津留
fathoms,英寻
tangiers,丹吉尔
liddy,莉迪
powwow,印第安人聚会
rescuers,救援人员
hier,这里
dogging,狗
chil,孩子
unbiased,公正的
corwin,科尔温
comparisons,比较
wolsey,沃尔西
ako,ako
promissory,期票
airliner,客机
ridgeway,山脊路
stratford,斯特拉特福德
nonsensical,荒谬的
osvaldo,奥斯瓦尔多
agustin,奥古斯丁
commended,赞扬
monocle,单片眼镜
xanadu,世外桃源
ara,ara
villainy,邪恶
rumple,皱巴巴
doi,doi
boor,莽汉
euphoric,欣快
angina,心绞痛
boyo,小伙子
bayonne,巴约讷
haute,高级
disloyalty,不忠
payoffs,收益
verbatim,逐字
boisterous,喧闹的
ddr,DDR
budgie,虎皮鹦鹉
roop,队伍
caregiver,照护者
synaptic,突触
keira,凯拉
cojones,睾丸
bicarbonate,碳酸氢盐
jeet,吉特
gordie,戈迪
incinerate,焚化
intervening,介入
junta,军政府
diggs,迪格斯
strategize,制定策略
spiky,带刺的
spurned,被拒绝
copping,应对
prescribing,处方
orly,奥利
daydreams,白日梦
heroically,英勇地
jaipur,斋浦尔
identifiable,可识别的
barbary,巴巴里
after-party,派对结束后
decompose,分解
nonprofit,非营利组织
inverse,逆
misused,误用
swayze,斯威兹
weevil,象鼻虫
ishmael,以实玛利
doo-dah,嘟哒
siena,锡耶纳
cussing,咒骂
manoj,马诺杰
tamales,玉米粉蒸肉
dyes,染料
rumsfeld,拉姆斯菲尔德
yore,昔时
langer,兰格
gush,喷
jalopy,老爷车
perrier,巴黎水
stiletto,短剑
coyle,科伊尔
drunkenly,醉酒地
booyah,布亚
gated,封闭式
blowfish,河豚
buzzkill,扫兴
crockery,陶器
basilica,大教堂
bloodstained,血迹斑斑
coburn,科伯恩
lapsed,失效
spitz,尖嘴犬
sparse,疏
fitzroy,菲茨罗伊
rescind,废除
first-name,名
kimmel,吉米·坎摩尔
roche,罗氏
outbid,出价高于对手
provenance,出处
swifty,斯威夫特
underdogs,弱势群体
tearfully,泪流满面
fritter,油炸饼
ste,ste
clogging,堵塞
converging,收敛
dec,十二月
capra,山羊
pavlov,巴甫洛夫
suleyman,苏莱曼
gov,政府
groped,摸索
slits,缝隙
bellman,行李员
fledgling,雏鸟
erectile,勃起
proportional,比例
linoleum,油布
operatic,歌剧
vel,维尔
sardinia,撒丁岛
xerxes,薛西斯
puddings,布丁
mildew,霉菌
glaucoma,青光眼
anaphylactic,过敏性休克
lobbyists,说客
beluga,白鲸
unconsciousness,无意识
sunnyvale,桑尼维尔
vying,竞争
catechism,教理问答
mysticism,神秘主义
mustaches,胡子
mcbain,麦克贝恩
rovers,探测车
hassled,骚扰
eda,埃达
addictions,成瘾
azure,蔚蓝
emphatically,强调地
tereza,特蕾莎
wean,断奶
lovey-dovey,甜蜜的
piedmont,皮埃蒙特
disorientation,迷失方向
fosters,寄养
candied,脯
engages,参与
tentacle,触手
legality,合法性
winging,翅膀
telepath,心灵感应
growers,种植者
unfeeling,冷漠无情
narnia,纳尼亚
kuroda,黑田
roadhouse,路边旅馆
moonstone,月光石
hails,冰雹
kourtney,考特尼
a-list,一线
humphries,汉弗莱斯
pettigrew,佩蒂格鲁
enright,恩赖特
phrasing,措辞
peepers,窥视者
facedown,面朝下
ashford,阿什福德
fortify,强化
kike,犹太佬
seashells,贝壳
pharma,制药
nuance,细微差别
machado,马查多
flurry,阵雪
ticktock,滴答滴答
powerfully,强大的
refresher,复习
fervor,热情
compensating,补偿
bandana,头巾
fortresses,堡垒
decommissioned,已退役
immorality,不道德
reactivate,重新激活
commencement,开始
tripathi,特里帕蒂
synchronization,同步
squished,被压扁了
innocuous,无害的
authenticate,认证
apologetic,道歉的
yutaka,裕太
wiggins,威金斯
typewriters,打字机
jailbreak,越狱
cherub,小天使
grime,污垢
jyoti,乔蒂
enchilada,墨西哥辣酱玉米饼
run-ins,冲突
interception,拦截
tablecloths,桌布
millimetre,毫米
bolus,丸
blow-up,爆炸
sena,塞纳
fook,福克
maeve,梅芙
shrivel,萎缩
replicated,复制
slow-motion,慢动作
ariana,爱莉安娜
hieroglyphs,象形文字
empower,赋能
eugenics,优生学
sapporo,札幌
taunts,嘲讽
flesh-eating,食肉动物
rationalize,合理化
hak,哈克
one-day,一天
stasi,斯塔西
mooch,蹭吃蹭喝
deductible,自付额
stepsister,继妹
reproduced,复制品
wisteria,紫藤
aster,紫菀
comte,孔泰
harbinger,预兆
dennison,丹尼森
stoves,炉灶
skilful,熟练
vlado,弗拉多
wounding,受伤
zoran,佐兰
thistle,蓟
conducive,有利的
flexing,弯曲
fourteenth,第十四
togo,去
fedora,软呢帽
delightfully,令人愉悦
jettison,抛弃
dissatisfaction,不满
mulch,覆盖物
buyout,收购
moxie,勇气
giordano,乔尔达诺
culpepper,卡尔佩珀
henny,亨尼
trieste,的里雅斯特
imperfection,缺陷
gees,鹅
insincere,虚伪的
co-star,配角
overpaid,过高薪酬
mete,测量
catnip,猫薄荷
dunlop,邓禄普
propped,支撑
vindicated,证明无罪
eggshells,蛋壳
tune-up,调音
forearms,前臂
redevelopment,重建
gamers,游戏玩家
javert,沙威
cowering,畏缩
rashes,皮疹
nudie,裸体
asta,阿斯塔
vena,静脉
earphones,耳机
kurds,库尔德人
greenfield,绿地
raghavan,拉加万
muffy,玛菲
hostesses,女招待
fenced,围栏
snitching,告密
seizes,逮捕
huntress,女猎手
evaporates,蒸发
divvy,迪维
castration,阉割
kickbacks,回扣
conny,康妮
earnestly,切实
fiberglass,玻璃纤维
invents,发明
stopper,塞子
foetus,胎儿
desecration,亵渎
ith,ith
disapproved,不赞成
truant,逃学
weaklings,弱者
skimpy,简陋
freeways,高速公路
ex-girlfriends,前女友们
carry-on,继续
fuming,怒气冲冲
ambien,安眠药
humboldt,洪堡
hales,黑尔斯
harvester,收割机
requisitioned,征用
wheelie,翘头
galan,加兰
wrongfully,错误地
mose,摩西
fatale,致命
snarl,咆哮
giorno,乔鲁诺
dit,迪特
ascendant,上升
braithwaite,布雷思韦特
flirtatious,妖艳
merchandising,商品销售
driftwood,浮木
stauffenberg,施陶芬贝格
worsen,恶化
glimpsed,瞥见
shuffled,洗牌
bailout,救助
overt,公开
blech,呸
affidavits,宣誓书
ks,ks
kilmer,基尔默
yuh,嗯
arent,不是
inlet,进口
trojans,木马
comas,逗号
bef,之前
bombard,轰击
greenway,绿道
deus,神
astonishment,惊讶
chandigarh,昌迪加尔
mino,米诺
weekdays,工作日
tunis,突尼斯
escapade,恶作剧
speakeasy,地下酒吧
kami,神
griswold,格里斯沃尔德
ackroyd,阿克罗伊德
dawdling,磨蹭
fairytales,童话故事
mothering,母性
napier,纳皮尔
assuredly,当然
vaccinations,疫苗接种
budging,动摇
infraction,违规行为
blockers,阻滞剂
softest,最柔软
engrossed,全神贯注
propellers,螺旋桨
pakistanis,巴基斯坦人
vaporize,汽化
broussard,布鲁萨德
ock,洛克
gyp,吉普赛人
achieves,实现
hoppy,跳跃的
wilmington,威尔明顿
waterways,水道
petar,彼得
treadwell,特雷德韦尔
ind,印度
biscotti,意式脆饼
modus,模式
asterix,星号
slaw,凉拌卷心菜
gacy,盖西
mmh,嗯
nestled,依偎
pitted,凹坑
lusty,好色的
embalmed,防腐处理
fok,福克
coffeehouse,咖啡馆
starks,斯塔克斯
slinky,弹簧
woodman,樵夫
streamers,主播
admittance,准入
kenshin,剑心
stillborn,死胎
truffaut,特吕弗
macaroons,马卡龙
sandbags,沙袋
constructions,建筑
axelrod,轴杆
unduly,过度
ecosystems,生态系统
aly,艾莉
letitia,莱蒂西亚
scudder,斯库德
cul-de-sac,死胡同
anti-semitism,反犹主义
crevice,裂缝
drumsticks,鸡腿
anomalous,异常的
lita,莉塔
misstep,失误
hairdressers,理发师
slava,斯拉瓦
colada,科拉达
ravan,罗波那
headlong,一头扎
indignant,愤怒
neckline,领口
kosuke,小介
yim,yim
shukla,舒克拉
stallions,种马
cordially,诚挚地
hammy,火腿
beauchamp,博尚
deference,尊重
terraces,露台
hovercraft,气垫船
fables,寓言
duffer,笨蛋
walther,瓦尔特
hygienist,卫生员
rearing,饲养
bunyan,班扬
beasley,比斯利
nimrod,尼姆罗德
tilting,倾斜
yakov,雅科夫
deficient,不足
ignites,点燃
schrader,施拉德
neumann,诺伊曼
ploughing,耕作
vassals,附庸
waylon,韦伦
fantasia,幻想曲
usman,乌斯曼
trager,特雷格
bec,因为
pampering,宠爱
breakdowns,故障
wal,沃尔
denser,密度更高
coldly,冷冷地
mandolin,曼陀林
glacial,冰川
masonry,石工
comandante,指挥官
halftime,中场休息
subpoenas,传票
electroshock,电击
vespa,维斯帕
temptress,诱惑者
arvid,阿维德
lovett,洛维特
codename,代号
balconies,阳台
clouseau,克鲁索
breadcrumbs,面包屑
preys,猎物
tonga,汤加
garrick,加里克
brassiere,乳罩
hang-ups,障碍
switchblade,弹簧刀
mie,米
pasteur,巴斯德
zionist,犹太复国主义者
rodin,罗丹
voldemort,伏地魔
instantaneously,瞬间
norrie,诺里
unfolded,展开
aperitif,开胃酒
torsten,托斯滕
vapors,蒸汽
intravenous,静脉
goff,戈夫
rebus,谜语
boroughs,行政区
confederation,联盟
rile,激怒
julianna,朱莉安娜
tussle,争执
improperly,不恰当
pudgy,胖乎乎的
submerge,淹没
amulets,护身符
aru,亚鲁
cancerous,癌变
paan,槟榔
hef,赫夫
taka,塔卡
belcher,贝尔彻
cappy,卡皮
honcho,老大
thready,线状的
incubation,孵化
bamba,班巴
saris,纱丽
steamship,轮船
chessboard,棋盘
marbella,马贝拉
southeast,东南
deadlock,僵局
standby,支持
cantwell,坎特韦尔
aflame,燃烧
unquestionably,毫无疑问
matsui,松井
tongue-tied,舌头打结
regulators,监管机构
archeologist,考古学家
insinuations,暗示
aurelio,奥雷利奥
dachau,达豪
ingratitude,忘恩负义
freakish,怪异的
emitter,发射器
tomo,tomo
margit,玛吉特
disintegration,解体
sideboard,餐边柜
lapses,失误
luger,鲁格
droves,成群
cranks,曲柄
vacationing,度假
handheld,手持式
genies,精灵
ook,ook
normality,常态
claes,克莱斯
maybes,也许
specks,斑点
whammy,重击
glint,闪烁
passable,及格
sav,保存
aloe,芦荟
banknotes,钞票
shasta,沙斯塔
perla,珍珠
pappas,帕帕斯
eau,水
ewa,伊娃
wannabes,想成为的人
virtuoso,大师
waitressing,服务员
cutoff,隔断
townsfolk,镇民
cretins,克汀病
flopped,失败
witter,推特
nouveau,新艺术
bara,巴拉
sunni,逊尼派
shelled,带壳
hokey,胡闹
down-to-earth,脚踏实地
candlesticks,烛台
nighty,睡衣
anchovy,凤尾鱼
cataracts,白内障
entrenched,根深蒂固的
dried-up,干涸
inception,盗梦空间
kati,卡蒂
caucasus,高加索
liabilities,负债
takayama,高山
shading,阴影
snowballs,雪球
handlebars,车把
uta,uta
retainers,预付金
rovere,漫游者
tailgate,后挡板
griffiths,格里菲斯
purser,乘务长
acknowledges,承认
mayoral,市长
unhappily,不幸地
desecrate,亵渎
poopy,便便
agathe,阿加特
prussians,普鲁士人
guadalajara,瓜达拉哈拉
forty-seven,四十七
pachinko,弹珠机
vika,维卡
cem,水泥
meanness,卑鄙
pigheaded,固执的
jussi,尤西
apricots,杏子
militias,民兵
polanski,波兰斯基
bushed,灌木丛
sugarcoat,糖衣炮弹
simplified,简化
decoder,解码器
buckland,巴克兰
industrialists,实业家
laude,劳德
vole,田鼠
ayala,阿亚拉
udon,乌冬面
hags,老巫婆
morehouse,莫尔豪斯
polaroids,宝丽来照片
filipe,菲利普
modules,模块
renegades,叛逆者
zlotys,兹罗提
motorcar,汽车
branching,分枝
quorum,法定人数
sensuous,感性的
biding,竞标
severing,切断
gian,吉安
clouding,云雾
scarcity,缺乏
southall,索索尔
deceiver,骗子
klux,克鲁克斯
bricklayer,瓦工
world-renowned,世界知名
flared,喇叭口
figurehead,船首像
afire,着火
transcendent,超凡脱俗
vinay,维奈
spuds,土豆
fecal,粪便
moisturizer,保湿霜
amarillo,阿马里洛
schoolmates,同学
riza,里扎
stingers,刺痛
labia,阴唇
harwood,哈伍德
discharging,出院
migs,米格斯
authenticated,已验证
lutheran,路德教
tennant,租户
goemon,五右卫门
frankness,坦率
abolition,废除
confiscating,没收
bunking,卧铺
pierces,穿孔
enlargement,放大
doge,狗狗币
delicatessen,熟食
beemer,宝马
shacking,摇晃
handpicked,精挑细选
deviated,偏离
dorcas,多尔卡斯
ns,ns
aerodynamic,空气动力学
tumbleweed,风滚草
flintstone,燧石
barrows,墓丘
gargle,漱口
aerosol,气雾剂
lerner,勒纳
onboard,船上
cyberspace,网络空间
peso,比索
wafer,晶圆
nippy,寒冷
chafing,摩擦
liquidated,清算
andrzej,安杰伊
tabasco,塔巴斯科辣椒酱
elegantly,优雅地
postmark,邮戳
mercia,默西亚
toyed,玩弄
cockerel,公鸡
gassy,胀气
grandmas,奶奶们
hyperion,海伯龙
daffodils,水仙花
entitlement,权利
ralston,拉尔斯顿
tartare,鞑靼牛肉
buena,布埃纳
curran,柯伦
elapsed,过去
phobias,恐惧症
patrizia,帕特里齐亚
answerable,可回答的
toodles,工具
hayworth,海沃斯
lawd,主啊
varmint,害兽
snippy,尖酸刻薄
pok,宝可梦
hiatus,间歇期
conover,康诺弗
burlap,粗麻布
bailiffs,法警
loonies,疯子
basset,巴塞特
stds,标准
starburst,星爆
delectable,美味的
exporting,出口
hipsters,潮人
embodies,体现
sveta,斯维塔
iridium,铱
ganymede,木卫三
materialize,实现
rittenhouse,里滕豪斯
daiquiri,代基里酒
flagrant,明目张胆
cellulite,橘皮组织
splurge,挥霍
submersible,潜水器
havre,哈弗尔
dakar,达喀尔
graveyards,墓地
maharajah,大君
vocational,职业
awash,淹没
manley,曼利
legalize,合法化
paralyzing,瘫痪
weekday,工作日
layover,中转
marquette,马凯特
larder,食品储藏室
fluently,流利地
pari,巴黎
strums,拨弦
recuperating,恢复中
emphysema,气肿
bronte,勃朗特
eyeglasses,眼镜
incisions,切口
injuring,受伤
songwriting,歌曲创作
nantes,南特
otomo,大友
screwball,怪僻
spooning,勺子式
jello,果冻
photosynthesis,光合作用
sar,萨尔
lohan,林赛·罗翰
cataclysm,灾难
champa,占婆
trumped,胜出
donatella,多纳泰拉
briefings,简报
motivating,激励
hanako,花子
kloss,克洛斯
sliders,滑块
sportsmanship,体育精神
hoffa,霍法
walcott,沃尔科特
dominatrix,女虐待狂
chandeliers,吊灯
sylvain,西尔万
teardrop,泪珠
tsuyoshi,刚
undamaged,未受损
warranted,有保证
saggy,下垂
sammi,萨米
crosswords,填字游戏
outcry,强烈抗议
macchiato,玛奇朵
formulated,配方
goths,哥特人
amon,阿蒙
soothes,舒缓
senhor,先生
fortescue,福特斯库
fermat,费马特
spawning,产卵
chauvinist,沙文主义者
rectangular,矩形的
bluebeard,蓝胡子
repelled,排斥
jesuits,耶稣会士
outlast,坚持到最后
giddy-up,驾！
conte,孔特
sunstroke,中暑
authoritative,权威性
utilizing,利用
trifecta,三重奏
doctoring,医生
snorkel,浮潜呼吸管
droopy,下垂的
tmz,TMZ
brea,休息
yowls,嚎叫
conceivably,或许
millstone,磨石
pissant,小屁孩
sequestered,隔离
pilkington,皮尔金顿
mauro,毛罗
laramie,拉勒米
goober,傻瓜
bloch,布洛赫
thibault,蒂博
insurgent,叛乱分子
dian,迪安
pondered,沉思
gerhard,格哈德
nods,点头
lolo,洛洛
slumped,瘫倒
relieves,缓解
devastate,蹂躏
mousy,鼠辈
effigy,人偶
dailies,每日新闻
widening,扩大
healers,治疗师
boulogne,布洛涅
nippon,日本
unoccupied,空置
wilden,威尔登
refrigerated,冷藏
touchy-feely,肢体接触
druggie,吸毒者
instilled,灌输
headdress,头饰
distracts,分散注意力
cg,CG
akhenaten,阿肯那顿
stadiums,体育场
boz,博兹
honeycomb,蜂窝
angkor,吴哥窟
blacker,更黑
crucially,至关重要
bos,博斯
energized,充满活力
mckinnon,麦金农
ele,ele
prelim,初步
clearwater,清水镇
acme,巅峰
arising,产生
toiling,辛勤劳作
malarkey,说大话
overconfident,过度自信
heydrich,海德里希
gendarme,宪兵
ions,离子
arranges,安排
corduroy,灯心绒
brubaker,布鲁贝克
suitably,适当地
guaranteeing,保证
upping,提升
resorting,复原
dons,教授们
kowtow,磕头
shoji,障子
pirated,盗版
motley,杂乱无章
osamu,修
imran,伊姆兰
dildos,假阳具
comforter,棉被
swindling,诈骗
engulf,吞噬
hogarth,霍加斯
chrysanthemum,菊花
comings,来访
parka,派克大衣
correspondents,通讯员
bullseye,靶心
antiwar,反战
wolfman,狼人
bad-tempered,脾气暴躁
nts,nts
implicating,牵涉其中
rampart,壁垒
transfusions,输血
mathers,数学
ras,拉斯
extradite,引渡
delinquency,犯罪
slog,苦差事
vig,活力
zaki,扎基
stipulated,规定的
raine,雷恩
roomful,满屋
laurens,劳伦斯
mesopotamia,美索不达米亚
zz,zz
boynton,博因顿
brannigan,布兰尼根
erasmus,伊拉斯谟
hanky-panky,不正当关系
rationality,理性
loverboy,情圣
tlc,薄层色谱法
mito,米托
cowley,考利
dunlap,邓拉普
burro,驴子
nitroglycerin,硝酸甘油
wooded,树木繁茂的
swampy,沼泽地
cathcart,猫车
grimy,肮脏的
amendments,修正案
wristband,腕带
tui,tui
purview,范围
downwind,顺风
susumu,进
doon,杜恩
thievery,盗窃
fraternal,兄弟
pueblo,普韦布洛
mcgarry,麦加里
ovarian,卵巢
helios,太阳神
wetlands,湿地
camus,加缪
detainee,被拘留者
whisked,搅拌
challengers,挑战者
rumoured,传闻
opportunistic,机会主义者
ik,ik
ritualistic,仪式性的
abdicate,放弃
magnificently,壮丽
uc,加州大学伯克利分校
cellophane,玻璃纸
thrace,色雷斯
muggers,抢劫犯
revisions,修订
quarts,夸脱
locality,地点
wide-open,完全敞开
leeks,韭菜
maron,马龙
lounging,休闲
incited,煽动
indecency,不雅
xmas,圣诞节
tartarus,塔尔塔罗斯
speedway,赛道
barnacle,藤壶
push-up,俯卧撑
sovereigns,君主
papyrus,纸莎草
establishes,建立
blackberries,黑莓
jenks,詹克斯
tinkles,叮叮当当
prithvi,普里特维
rubik,魔方
shad,鲥鱼
grassland,草原
kazuya,一也
stubby,矮胖的
duc,杜克
fakir,苦行僧
maigret,梅格雷
keynes,凯恩斯
mifflin,米夫林
yoshino,吉野
profiled,简介
antidepressants,抗抑郁药
roused,唤醒
soars,翱翔
savagely,野蛮地
fortuitous,偶然
mandi,曼迪
sdu,sdu
well-educated,受过良好教育
whittle,惠特尔
holst,霍尔斯特
sanae,早苗
pushin,推入
bonsai,盆景
stewards,管家
bringer,使者
verbs,动词
ewe,母羊
clave,克拉维
jule,朱尔
charted,图表
hitherto,迄今为止
asinine,愚蠢
unger,昂格尔
idleness,懒惰
diss,指责
skated,滑冰
swordplay,剑术
blacklist,黑名单
fluctuating,波动
censure,谴责
latour,拉图尔
motorized,电动的
zealous,热心
smirking,冷笑
divinely,神圣地
firth,弗斯
lazybones,懒骨头
bradbury,布拉德伯里
nourishing,滋养
beanbag,豆袋
foy,福伊
repute,声誉
narcissus,水仙花
consorting,结社
plumes,羽流
store-bought,商店购买
yakking,闲聊
alabaster,雪花石膏
accuser,原告
airhead,傻瓜
maclean,麦克林
wrigley,箭牌
interiors,室内
surveyed,调查
lopsided,片面
inheriting,继承
oddest,最奇怪的
stefania,斯蒂芬妮娅
pursues,追寻
blowed,吹
paragraphs,段落
hereabouts,附近
crusts,外壳
capo,卡波
gambles,赌博
stocky,矮壮
enhances,增强
kickback,回扣
penned,撰写
thornhill,索恩希尔
delfino,德尔菲诺
mightier,更强大的
storey,层
presuming,假设
flutes,长笛
beastie,野兽
comanches,科曼奇人
wintertime,冬季
effing,该死
whitewash,粉刷
remedial,补救
theodora,西奥多拉
glug,咕噜
groundskeeper,场地管理员
dobby,多比
wada,和田
grouping,分组
peephole,窥视孔
excise,消费税
reestablish,重建
triathlon,铁人三项
grander,更宏伟
maeda,前田
contributes,贡献
carsick,晕车
exhaustive,详尽的
camembert,卡门贝尔奶酪
eastside,东区
validated,已验证
coitus,性交
coeur,心脏
caiaphas,该亚法
unburden,表白
scarborough,士嘉堡
ravage,蹂躏
guff,废话
overstep,超越
shtick,噱头
pinged,ping 了
ek,ek
delbert,德尔伯特
mingo,明戈
montezuma,蒙特祖玛
butchery,屠宰
arcane,神秘的
bogo,买一送一
fattest,最胖的
incursion,侵入
teague,蒂格
tippy,倾斜
sandalwood,檀香
suna,苏纳
dil,稀释
incoherently,语无伦次
buttery,黄油味
chugger,拖曳者
verily,确实
corns,玉米
talmud,塔木德
restrooms,洗手间
pneumatic,气动
irrigate,灌溉
bangle,手镯
fairview,费尔维尤
unknowns,未知
redecorated,重新装修
orthodontist,正畸医生
tsang,曾
contributor,贡献者
pico,微微
ricotta,乳清干酪
flatly,断然
loafing,游手好闲
rhapsody,狂想曲
stifler,窒息者
pituitary,垂体
trailed,拖着
gauche,左撇子
manicurist,美甲师
certifiable,可认证的
treacle,糖浆
telephoning,电话
staunch,坚定
pinks,粉色
sith,西斯
spokane,斯波坎
magnified,放大
cutlass,弯刀
pent-up,压抑的
cucaracha,蟑螂
avarice,贪婪
readymade,现成
atherton,阿瑟顿
breck,布雷克
lumpur,吉隆坡
apparitions,幻影
artisan,工匠
intubated,插管
simpleminded,头脑简单
truss,桁架
transitional,过渡
fellers,伙计们
occupations,职业
pallet,托盘
serengeti,塞伦盖蒂
garfunkel,加芬克尔
armament,武器
cutty,卡蒂
precursor,前体
encephalitis,脑炎
well-adjusted,适应良好
flunky,喽啰
clashed,冲突
supercar,超级跑车
slings,吊索
premonitions,预感
bambino,班比诺
rippling,涟漪
lumen,流明
high-energy,高能
miscommunication,沟通不畅
blinks,眨眼
huxtable,赫克斯特布尔
jemima,杰米玛
easygoing,随和
krantz,克兰茨
ukip,英国独立党
takings,收入
untested,未经测试
cpd,cpd
enthusiastically,踊跃
mcfly,麦克弗莱
omit,忽略
preface,前言
exported,导出
spoilsport,扫兴的人
bigwig,大人物
colonization,殖民化
halter,缰绳
yiu,姚
sowed,播种
justifying,证明其合理性
lascivious,好色的
hau,豪
unwed,未婚
time-consuming,耗时
juri,法学
sudanese,苏丹
baccarat,百家乐
shura,修罗
nonprofit,非营利组织
eurydice,欧律狄刻
reaping,收割
salle,厅
behemoth,巨兽
esu,esu
amadeus,阿玛迪斯
forevermore,永远
duckie,小鸭
sumi,墨
obsidian,黑曜石
uppers,上衣
snares,陷阱
subsided,平静下来
phonies,骗子
redesign,重新设计
ligaments,韧带
outdo,胜过
cakewalk,小菜一碟
arlette,阿莱特
burly,魁梧的
citations,引用
recede,消退
newsreader,新闻播音员
emigration,移民
like-minded,志同道合
iona,伊奥娜
calle,卡勒
wel,嗯
huffy,生气
begat,生育
teflon,特氟龙
lighters,打火机
buttock,臀部
christer,克里斯托
contaminating,污染
tetris,俄罗斯方块
regulatory,监管
vik,维克
magnifique,绝妙
usted,乌斯特德
savitar,萨维塔尔
unattached,未连接的
fiske,菲斯克
cuttlefish,乌贼
spliff,大麻烟卷
eldon,埃尔顿
a-hole,混蛋
cybernetic,控制论
placate,安抚
caltech,加州理工学院
spellbound,着迷
hinault,希诺
reviving,复苏
ahm,啊
malady,弊病
disadvantaged,弱势群体
mobbed,暴徒
modes,模式
gullet,食道
greenhorn,菜鸟
entrusting,委托
frailty,虚弱
woodhull,木质外壳
nit,尼特
overestimated,高估
infects,感染
shortwave,短波
amounted,金额
unequal,不等
claridge,克拉里奇
clements,克莱门茨
erlich,埃尔利希
tantalizing,诱人的
electrolytes,电解质
fogg,雾
dusseldorf,杜塞尔多夫
carnivores,食肉动物
tabor,塔博尔
rifling,膛线
manda,曼达
fruition,果实
playboys,花花公子
approving,批准
zanzibar,桑给巴尔
shoo-in,十拿九稳
fueling,加油
fishman,鱼人
reflux,反流
commonality,共同性
gwan,关
tyrannical,强横
transatlantic,跨大西洋
hares,野兔
zanuck,扎努克
icicle,冰柱
dcp,dcp
jobe,乔布
reread,重读
usurp,篡
unsightly,难看的
sniggers,窃笑
romanticism,浪漫主义
moti,莫蒂
zeng,曾
taboos,禁忌
duan,段
amenable,易于相处
shek,石克
substitutes,替代品
painstaking,费尽心力
decompress,解压缩
unauthorised,未经授权
astrophysics,天体物理学
anushka,安努什卡
bullfight,斗牛
kata,卡塔
plated,镀
heartwarming,令人感动
alban,阿尔班
orally,口头
hunched,弓着背
biometric,生物特征
tem,特姆
incline,倾斜
safe-deposit,保险箱
pawing,爪子
choppy,断断续续
undercut,底切
overwhelms,压倒性
antisocial,反社会
ips,IP地址
bellhop,行李员
downloads,下载
go-getter,积极进取者
sired,父系
great-uncle,伯祖父
serfs,农奴
botswana,博茨瓦纳
earths,地球
carlene,卡琳
insubordinate,不服从
innumerable,无数
readout,读出
lalo,拉洛
ayrton,艾尔顿
gg,gg
befallen,发生
adverts,广告
albrecht,阿尔布雷希特
joann,乔安
ranga,朗加
omni,全能
tansy,艾菊
sine,正弦
occured,发生
appropriations,拨款
symbolically,象征意义上的
embarking,启程
snatches,抢夺
gord,戈德
get-up,起床
tarantino,塔伦蒂诺
sourpuss,臭脸
enquired,询问
shazam,沙赞
nastiest,最恶劣的
pradesh,邦
jefferies,杰弗里斯
slimming,减肥
gervase,格瓦斯
mig,飞
nobby,粗糙的
babylonian,巴比伦
pathan,帕坦人
slough,泥沼
vod,vod
titi,蒂蒂
replying,回复
revenant,亡灵
afore,之前
cringe,尴尬
gusts,阵风
betts,赌注
kilogram,公斤
bobs,鲍勃
niall,尼尔
derogatory,贬
technologically,技术上
phillipe,菲利普
spangler,斯潘格勒
forestry,林业
bothwell,博斯韦尔
mid-air,空中
pickers,采摘者
x-rated,限制级
tessie,泰西
sissi,茜茜
moderator,主持人
swinger,摇摆者
wooly,毛茸茸的
coq,coq
ginette,吉内特
conchita,康奇塔
banister,栏杆
lifeguards,救生员
redress,纠正
pall,灵柩
injurious,有害的
tere,特雷
caramba,卡兰巴
bonzo,邦佐
voiced,配音
voorhees,沃里斯
stabilizer,稳定器
gaiety,欢乐
porte,门
sadhu,苦行僧
kuro,黑
gimmicks,噱头
kaga,加贺
keno,基诺
walling,墙
riffraff,痞子
necking,颈部
beckwith,贝克威斯
schindler,辛德勒
kippur,赎罪日
gillies,吉利斯
notably,尤其
enveloped,被包裹
smee,斯米
machetes,砍刀
prevalent,流行
zeno,芝诺
pushups,俯卧撑
twinkies,甜甜圈
montauk,蒙托克
ludovic,路多维克
blinders,眼罩
hungrier,饥饿
translucent,半透明
rinds,果皮
herrick,赫里克
doss,工作
reentry,重返
thence,因此
wags,摇尾巴
academia,学术界
icebergs,冰山
dissipate,消散
reassemble,重新组装
overwork,过度劳累
foresaw,预锯
scrambler,扰频器
alameda,阿拉米达
probed,探测
marmaduke,马默杜克
dreads,脏辫
bigamy,重婚
instigate,唆
diphtheria,白喉
mentors,导师
flings,投掷
bulger,布尔格
bedspread,床罩
counterintelligence,反间谍
ellsworth,埃尔斯沃思
makino,牧野
greeley,格里利
dillard,迪拉德
washburn,洗烧伤
harriman,哈里曼
laguardia,拉瓜迪亚
complicating,并发
gazpacho,西班牙凉菜汤
derry,德里
preliminaries,预备工作
lovelace,洛夫莱斯
repossessed,收回
scottsdale,斯科茨代尔
sascha,萨沙
somme,索姆河
reestablish,重建
spiel,游戏
accosted,被骚扰
sonogram,超声波检查
sept,九月
sallie,萨莉
dostoyevsky,陀思妥耶夫斯基
mem,内存
discounted,折扣
nakajima,中岛
disciplines,学科
honoria,荣誉
stas,斯塔斯
syrians,叙利亚人
shlomo,所罗门
maddalena,玛达莱娜
pricing,定价
mol,摩尔
concha,贝壳
pippin,皮平
midwestern,美国中西部
dubbing,配音
kd,kd
dateline,日期线
hulks,绿巨人
beheld,观看
standardized,标准化
connell,康奈尔
faiths,信仰
eloquently,雄辩地
chinook,奇努克
perpetually,永恒地
guardia,卫队
stealer,窃贼
no-fly,禁飞区
deering,迪林
raksha,拉沙
waikiki,威基基
sweet-talk,甜言蜜语
quakes,地震
mitchum,米彻姆
danzig,但泽
inflexible,不灵活的
moneybags,财主
syntax,句法
unbeknownst,不知不觉
round-the-clock,全天候
fortifications,防御工事
seamless,无缝的
besotted,着迷
reconnected,重新连接
acclaim,欢呼
systemic,系统
haggis,哈吉斯
puja,普迦
riga,里加
deon,迪昂
miyako,宫古
downriver,下游
tsu,tsu
lipo,抽脂
dispersal,扩散
joyfully,欣喜地
pericles,伯里克利
immobile,不动
melly,梅莉
shakers,摇酒器
thereabouts,大约
acknowledgement,致谢
compliant,合规
bateman,巴特曼
resilience,弹力
curvy,曲线优美
argentinian,阿根廷人
pez,糖果
preaches,布道
nineties,九十年代
inverness,因弗内斯
sexism,性别歧视
yael,雅艾尔
missis,太太
outbreaks,疫情爆发
additionally,此外
slicker,雨衣
lille,里尔
retrospective,回顾性
alessandra,亚历山德拉
tonkin,东京
kool,酷
reinvented,重新发明
flopping,扑腾
dey,戴
logistical,物流
depository,仓库
inconsequential,无关紧要的
catania,卡塔尼亚
scalped,被剥头皮
jah,贾
winton,温顿
bygone,逝去的
over-the-top,过分
skitters,滑行者
hallucinogenic,致幻剂
revolted,反抗
froth,泡沫
bimbos,傻妞
planck,普朗克
sharpshooter,神枪手
upgrading,升级
gremlin,小妖精
amphibians,两栖动物
religiously,宗教地
caster,脚轮
misheard,误听
genny,珍妮
baited,诱饵
auguste,奥古斯特
birdman,鸟人
salah,萨拉赫
messier,更混乱
belladonna,颠茄
assertion,断言
marietta,玛丽埃塔
clearest,最清晰
pollo,鸡肉
tugboat,拖船
pritchett,普里切特
ventricular,心室
struts,支柱
aloysius,阿洛伊修斯
plainclothes,便衣
gotti,戈蒂
svensson,斯文森
leveling,水平
jeffery,杰弗里
inclusion,包容性
blu,蓝色
footpath,人行道
calico,印花布
canberra,堪培拉
blundering,笨拙
scalding,烫
wielded,挥舞
kenzo,高田贤三
commercially,商业上
frills,褶边
bicep,二头肌
camorra,卡莫拉
sharkey,鲨鱼
guangdong,粤
dorothea,多萝西娅
surpasses,超越
alcove,壁龛
woodcock,鹬
turmeric,姜黄
bengt,弯曲
alchemists,炼金术士
ryuji,龙二
morgenstern,摩根斯坦
illustrator,插画家
womanly,女性
cloves,丁香
lakeside,湖边
pandering,迎合
savin,萨文
tolerating,容忍
red-eye,红眼
beltway,环城公路
coles,科尔斯
inky,墨色
valentines,情人节
third-degree,三级
portman,波特曼
small-minded,心胸狭隘
dike,堤
bigwigs,大人物
prospecting,勘探
obtuse,钝
warlocks,术士
restores,恢复
inbox,收件箱
regalia,礼服
prides,骄傲
cockles,鸟蛤
fantastical,奇幻
unmatched,无与伦比
trousseau,嫁妆
nehru,尼赫鲁
elba,厄尔巴岛
showmanship,表演技巧
mcdowell,麦克道尔
sampled,抽样
coerce,胁迫
blurted,脱口而出
neutered,已绝育
ostentatious,炫耀的
blips,故障
wotan,沃坦
illuminati,光明会
ayaz,阿亚兹
beatrix,比阿特丽克斯
four-letter,四个字母
meiji,明治
armenia,亚美尼亚
vamps,吸血鬼
rhoades,罗兹
suburbia,郊区
razed,夷为平地
attaches,附件
pitkin,皮特金
cag,卡格
bax,巴克斯
genealogy,家谱
bloodsucker,吸血鬼
mumbo-jumbo,胡言乱语
azhar,阿扎尔
imitations,仿制品
yalta,雅尔塔
arrears,欠款
backpacking,背包旅行
faisal,费萨尔
contesting,竞争
metcalfe,梅特卡夫
gaspard,加斯帕德
resuming,恢复
cashew,腰果
seventy-two,七十二
obstetrician,妇产科医生
rho,ρ
archeological,考古学
avram,阿夫拉姆
wreaking,破坏
rattlesnakes,响尾蛇
earner,收入者
yowling,嚎叫
naboo,纳布
beached,搁浅
loaning,贷款
ansel,安塞尔
cava,卡瓦
grimaldi,格里马尔迪
giancarlo,吉安卡洛
bluffs,悬崖
patmore,帕特莫尔
romanians,罗马尼亚人
tammi,塔米
herein,在此处
roku,roku
substantiate,证实
yodeling,约德尔唱法
gargling,漱口
eucalyptus,桉树
nuances,细微差别
choirs,合唱团
delorean,德罗宁
speer,斯皮尔
consoled,安慰
bari,巴里
gai,盖伊
roofing,屋顶
enticed,诱人的
gcs,GCS
unsolicited,未经请求的
extradited,引渡
linguistic,语言学
goring,刺伤
co-host,联合主持人
unleashing,释放
heineken,喜力
hezbollah,真主党
candyman,糖果人
squats,深蹲
breakups,分手
workable,可行的
mislaid,遗失
legalized,合法化
recoup,补偿
adjectives,形容词
biohazard,生物危害
teng,腾
morra,莫拉
siro,西罗
harnessing,利用
zsa,莎
jervis,杰维斯
lennart,伦纳特
rediscovered,重新发现
unmasked,揭开面纱
thr,thr
hullo,你好
sects,教派
pinochet,皮诺切特
relocating,搬迁
spirals,螺旋
aris,阿里斯
wafers,晶圆
cistern,水箱
untapped,未开发的
pinpointed,精确定位
wii,Wii
taryn,塔琳
patronising,居高临下
contours,轮廓
silt,淤泥
kasumi,霞
aarti,祭祀
mattias,马蒂亚斯
wedges,楔形
disavow,否认
lemond,柠檬
jovan,乔万
exacting,严格
sleepovers,过夜
markov,马尔可夫
krauss,克劳斯
kanda,神田
peregrine,游隼
meier,迈尔
diversify,多样化
houseman,保镖
ope,开放
dickey,迪基
mutilate,残害
roxane,罗克珊
bypassed,绕过
shorthanded,人手不足
fluctuation,波动
plundering,掠夺
woodsman,樵夫
revising,修改
fawning,谄媚
latvia,拉脱维亚
sitar,西塔尔琴
conked,康克
organizes,组织
raki,拉基酒
speculations,猜测
gilberto,吉尔伯托
mamacita,妈妈
farthing,法辛
sumatra,苏门答腊
freelancer,自由职业者
taster,品尝者
eminem,埃米纳姆
gummi,软糖
jerries,球衣
promoters,发起人
carpal,腕骨
undertakers,殡仪员
lurid,骇人的
negligee,便服
telecommunications,电信
domes,穹顶
re-open,重新开放
razor-sharp,锋利无比
bewitching,迷人的
accidently,意外地
protruding,突出
little-known,鲜为人知
grapple,抓钩
farragut,法拉格特
noisily,喧闹地
a-okay,好的
regretful,遗憾
blabbermouth,长舌
milli,百万
mccready,麦克雷迪
chattanooga,查塔努加
symbiotic,共生
wrangler,牧马人
corroboration,证实
rennie,雷尼
eggshell,蛋壳
throng,人群
shrines,神社
artichokes,洋蓟
castellano,卡斯蒂利亚语
contested,有争议的
kaka,卡卡
nonchalant,漫不经心
clearances,清关
ome,一些
skunks,臭鼬
dahmer,达默
idolized,偶像化
martyred,殉道者
postponement,延期
underlings,下属
horizontally,水平方向
yuletide,圣诞节
nena,妮娜
tailoring,裁缝
arnett,阿内特
melodic,旋律
intensify,强化
kindle,点燃
cranny,裂缝
windbag,空谈者
stockwell,斯托克韦尔
a-one,一
interpretations,解释
teat,乳头
yar,雅尔
levinson,莱文森
studded,带钉的
zale,扎勒
weeding,除草
bada,巴达
kennels,犬舍
chaucer,乔叟
crump,克朗普
cave-in,塌方
collagen,胶原
lally,拉利
subsides,消退
kok,郭
southside,南区
magnification,放大
commuters,通勤者
manchurian,满洲里
predestined,命中注定
pursuant,根据
matriarch,女族长
chappell,查佩尔
sciatica,坐骨神经痛
beamer,光束
absentee,缺席者
jigger,量酒器
paralytic,麻痹
slovenia,斯洛文尼亚
feck,费克
boatswain,水手长
seconded,附议
condominium,公寓
brunner,布鲁纳
anaheim,阿纳海姆
tk,tk
paintbrush,画笔
quitters,放弃者
quarks,夸克
follow-through,后续行动
negligible,微不足道
philo,菲洛
mishaps,事故
premeditation,预谋
parris,帕里斯
withdraws,撤回
mccormack,麦考马克
transmutation,嬗变
wiltshire,威尔特郡
comedic,喜剧
jaundice,黄疸
grafts,移植
peckish,馁
claud,克劳德
menagerie,动物园
barbarous,野蛮
majorca,马略卡岛
lanky,瘦长的
paperboy,报童
rakhi,拉基
kadir,卡迪尔
goodly,很好
oa,oa
baruch,巴鲁赫
mortally,致命的
balling,球
inaugurate,就职典礼
cortical,皮层
suds,泡沫
daya,达亚
downsizing,缩减规模
hibernating,冬眠
mello,梅洛
juggernaut,巨无霸
permissible,允许的
intently,专注地
enthralled,着迷
peds,行人
northwest,西北
gq,gq
caravaggio,卡拉瓦乔
palais,宫殿
bloodshot,充血
selections,选择
somers,萨默斯
labours,劳动
begets,产生
eardrum,鼓膜
roque,罗克
degenerative,退行性
worrisome,令人担忧的
channeled,通道
accompaniment,伴奏
feeney,费尼
caesars,凯撒
ger,格尔
equip,装备
kiara,基娅拉
trekking,徒步旅行
herded,放牧
shacks,棚屋
iago,伊阿古
awe-inspiring,令人敬畏的
beresford,贝雷斯福德
prostrate,前列腺
haifa,海法
ex-boyfriends,前男友们
hatchback,掀背车
nanni,南妮
fraternizing,联谊
specialise,专业化
coolie,苦力
ccs,ccs
adelina,阿德琳娜
krill,磷虾
economists,经济学家
runabout,小型快艇
dexterity,灵巧
proteus,普罗特斯
eso,eso
stewardesses,空姐
herzog,赫尔佐格
adjustable,可调节的
mdma,MDMA
oppressor,压迫者
californian,加州人
ill-mannered,没礼貌的
looped,循环
harpsichord,羽管键琴
dissociative,分离性
lombardi,伦巴第
robins,知更鸟
hangovers,宿醉
bareback,无套
oaxaca,瓦哈卡
disgustingly,令人作呕
welling,井
criticised,受到批评
mechanically,机械地
vigour,活力
recaptured,重新捕获
lowrent,低租金
heroines,女英雄们
mos,莫斯
petros,彼得罗斯
primaries,初选
egomaniac,自大狂
prancer,普兰瑟
indisputable,无可争议的
derives,衍生
overwrought,雕饰
pont,庞特
yahtzee,骰子游戏
programmers,程序员
lop,垂落
persecuting,迫害
notation,符号
foggiest,最模糊的
nighthawk,夜鹰
aksel,阿克塞尔
buy-in,买入
sickest,病态
handset,手机
blesses,祝福
reunification,统一
ix,九
unscrew,拧开
ranches,牧场
hewlett,休利特
dor,门
alphabetically,按字母顺序
cgi,计算机图形图像
lowing,低
silliest,最愚蠢的
notepad,记事本
aleck,亚历克
catalogued,已编目
pindar,品达
hobos,流浪汉
positives,优点
notarized,公证
tees,T恤
schoolchildren,小学生
tenfold,十倍
sharpener,削笔器
blissfully,幸福地
snog,亲吻
incestuous,乱伦
popo,波波
sgc,sgc
sexton,教堂司事
waddle,摇摇摆摆
pater,父亲
old-timey,老式的
single-minded,一心一意
butlers,管家
kno,知识
herrera,埃雷拉
dorsal,背侧
frowns,皱眉
oho,哦
eagerness,渴望
lye,碱液
jada,贾达
utopian,乌托邦
jermaine,杰梅因
quintus,五重奏
hoarder,囤积者
plata,普拉塔
electrics,电气
eighty-five,八十五
mcbeal,麦克比尔
easel,画架
nig,尼格
enquiring,查询
googly,古格利
oss,奥斯
andrej,和rej
gripe,抱怨
jamuna,贾穆纳
buffs,增益
dib,迪布
rafting,漂流
byproduct,副产品
gardenia,栀子花
mccloud,麦克劳德
zachariah,撒迦利亚
batches,批次
hi-fi,高保真音响
otaku,御宅族
oreos,奥利奥
troubadour,吟游诗人
footloose,自由自在
gaeta,盖塔
ej,ej
oki,好的
amphetamine,安非他明
olympian,奥运选手
arafat,阿拉法特
unsteady,不稳定
kwong,邝
comming,即将到来
flicka,弗利卡
astrological,占星术
deliciously,美味
microbe,微生物
zoned,分区
khakis,卡其裤
homemaker,家庭主妇
heparin,肝素
openers,开球
swimsuits,泳装
crit,批评
punisher,惩罚者
knightley,奈特利
convincingly,令人信服地
tinfoil,锡箔纸
qasim,卡西姆
offing,离岸
childcare,儿童保育
corrective,矫正
reclusive,隐居
scrapping,废料
carbide,碳化物
retractor,牵开器
two-bedroom,两居室
mitigate,缓解
tradesman,零售商
laker,湖人队
lettie,莱蒂
kya,kya
preferential,优惠
toyo,东洋
gibbers,胡言乱语
sleepwalker,梦游者
redoing,重做
nosebleeds,流鼻血
arnott,阿诺特
chargers,充电器
rumi,鲁米
backlog,积压
chaff,糠
buckaroo,牛仔
horner,霍纳
sofas,沙发
tribesmen,部落成员
gila,吉拉
menstruation,经期
engel,恩格尔
repository,仓库
orphanages,孤儿院
harbors,港口
colonels,上校
footballers,足球运动员
freshest,最新鲜的
anker,安克
embarrasses,尴尬
throwback,怀旧
peckham,佩卡姆
reeking,臭气熏天
aimless,漫无目的
mayors,市长
harsher,更严厉
freckle,雀斑
panned,平铺
debtor,债务人
salter,萨尔特
chrysalis,蛹
enchiladas,墨西哥辣酱玉米饼
uninhabitable,不适宜居住的
ratan,藤条
fisheries,渔业
grubs,幼虫
expunged,已删除
boilers,锅炉
nono,不诺
hydrochloric,盐酸
gauges,仪表
lentil,扁豆
dowling,道林
bugatti,布加迪
understated,低调
repeal,废除
indelible,不可磨灭
gav,加夫
chesney,切斯尼
kailash,冈仁波齐峰
law-enforcement,执法部门
tonics,滋补品
huggins,哈金斯
yeltsin,叶利钦
chairwoman,主席
narrower,较窄
kearney,科尔尼
all-important,至关重要的
clicker,点击器
beltran,贝尔特兰
guttural,喉音
faints,晕倒
boba,波霸奶茶
ministerial,部长
kaleb,卡莱布
smartly,聪明地
taiga,泰加林
gorky,戈尔基
baku,巴库
downtrodden,受压迫的
bacterium,细菌
vitro,体外
operandi,操作
toros,公牛
dnr,dnr
karai,卡拉伊
tumultuous,动荡的
bronc,野马
kuan,宽
dentistry,牙科
farnum,法纳姆
casbah,卡斯巴
curate,策展
priestly,祭司
komodo,科莫多巨蜥
salutation,问候
cookout,烧烤
disadvantages,缺点
estuary,河口
swank,时髦
ofelia,奥菲莉亚
khmer,高棉语
testicular,睾丸
successors,继承人
fuchs,福克斯
breaching,违反
icarly,爱卡莉
flabbergasted,目瞪口呆
micha,米卡
qa,问答
disregarded,被忽视
kar,卡尔
drawbacks,缺点
varga,瓦尔加
wilkerson,威尔克森
waldemar,瓦尔德马尔
totalitarian,极权主义
objecting,反对
beholder,旁观者
undertook,承担
vada,瓦达
mauve,淡紫色
joystick,操纵杆
mus,音乐
underbelly,腹部
rossini,罗西尼
joie,乔伊
anatole,阿纳托尔
tarn,山涧
outstretched,伸展
croydon,克罗伊登
seki,关
melba,梅尔巴
abou,关于
brokered,经纪人
hotcakes,热销商品
egregious,极其恶劣
oxycontin,奥施康定
nakedness,裸体
storyline,故事情节
bestie,闺蜜
truro,特鲁罗
dru,德鲁
swarmed,蜂拥而至
cumbersome,笨重
fondest,最爱
bainbridge,班布里奇
personified,拟人化的
nord,诺德
gangland,黑社会
undermines,削弱
exorbitant,高昂
lunching,午餐
redefine,重新定义
pneumothorax,气胸
opaque,不透明
levitate,悬浮
footy,足球
fossilized,化石
anguished,痛苦的
speedster,速度型
gott,得到
raptors,猛禽
kearns,科恩斯
gershwin,格什温
bucko,小伙子
rollercoaster,过山车
fol,福尔
airlift,空运
christo,基督
cut-off,隔断
man-eater,食人者
gratuitous,无偿的
curtsy,屈膝礼
rakes,耙子
exhumation,开棺验尸
transitioning,过渡
crossings,十字路口
chui,楚
chard,甜菜
dy,dy
evangelical,福音
kansai,关西
kerstin,克斯汀
devoting,奉献
claymore,克莱莫尔
nika,妮卡
hotdogs,热狗
westbrook,韦斯特布鲁克
newborns,新生儿
forked,分叉
irrevocable,不可撤销的
elif,elif
perpendicular,垂直
pyrenees,比利牛斯
kampf,战斗
ulna,尺骨
ignoramus,无知者
foretell,预言
bovine,牛
iu,印尼大学
quarrelled,争吵
underline,强调
cpa,CPA
linn,林恩
goldmine,金矿
justo,恰特
impurities,杂质
crossroad,十字路口
renaldo,雷纳尔多
prospectus,招股说明书
altruistic,利他主义
smearing,涂抹
kilimanjaro,乞力马扎罗山
enhancing,增强
serling,瑟林
camomile,洋甘菊
dragnet,拖网
transitions,过渡
bang-up,棒极了
autoimmune,自身免疫
rothman,罗斯曼
saladin,萨拉丁
hypotensive,低血压
messina,墨西拿
patted,轻拍
mediums,媒介
railings,栏杆
noxious,有害的
injustices,不公正
marinara,玛丽娜拉
achille,阿基里斯
griselda,格里塞尔达
blotter,吸墨纸
highwayman,强盗
cortisone,可的松
sprawling,蔓延
dissed,被鄙视
off-season,休赛期
itv,itv
well-informed,消息灵通
enchant,令人着迷
balan,平衡
squires,乡绅
wich,哪个
twinge,轻微疼痛
yossi,约西
unzipping,解压缩
nagisa,渚
linderman,林德曼
goanna,巨蜥
youssef,优素福
figueroa,菲格罗亚
synthesized,合成的
snorted,哼了一声
dago,达戈
insiders,内部人士
worthing,值得
ensuing,随后
agrippa,阿格里帕
wobbling,摇晃
potsdam,波茨坦
miscellaneous,各种各样的
hackney,哈克尼
schumacher,舒马赫
unwarranted,毫无根据的
uterine,子宫
self-contained,独立的
courtesans,妓女
schizo,精神分裂症
shingle,卵石
legged,腿
deflected,偏转
black-market,黑市
forty-three,四十三
dilute,稀
beautician,美容师
sequencing,测序
crosscheck,交叉核对
incorporating,合并
whimsy,异想天开
augustin,奥古斯丁
straighter,更直
burnt-out,烧毁
principled,有原则的
bal,巴尔
red-blooded,血气方刚
annenberg,安嫩伯格
coincides,巧合
ikeda,池田
role-play,角色扮演
stooped,弯腰
dunder,咚咚
jamila,贾米拉
aromatic,芳香
reevaluate,重新评估
coli,大肠杆菌
adlai,阿德莱
curveball,曲线球
zippers,拉链
glitches,故障
roanoke,罗阿诺克
charlatans,江湖骗子
marseillaise,马赛曲
pocketed,口袋
brexit,英国脱欧
staining,染色
rashad,拉沙德
blaspheme,亵渎神明
ferrell,威尔·法瑞尔
hotness,火辣
lawlessness,无法无天
bursar,财务主管
powerpoint,微软幻灯片软件
yeses,是的
yann,扬
handel,亨德尔
constrained,受限
riser,立管
doren,多伦
begum,贝古姆
persisted,持续
dulce,甜的
residences,住宅
siree,西里
topsy,颠倒
manilow,曼尼洛
miyazaki,宫崎骏
pixels,像素
bilbao,毕尔巴鄂
hyperactive,过度活跃
traumatised,受创伤
treatise,论文
pawnbroker,当铺老板
flighty,轻浮
hesitates,犹豫
sheraton,喜来登
show-and-tell,展示与讲述
phu,phu
x-rayed,X光检查
nazim,纳齐姆
discotheque,迪斯科舞厅
beanstalk,豆茎
teatime,下午茶时间
rodman,罗德曼
unsatisfactory,不令人满意
korey,科里
unsanitary,不卫生的
catalogs,产品目录
neill,尼尔
hindley,欣德利
frond,叶状体
heinie,海尼
violeta,紫罗兰
digesting,消化
indecision,优柔寡断
shepherdess,牧羊女
bunsen,本生灯
brokenhearted,伤心
philipp,菲利普
topsy-turvy,颠倒
contentious,有争议的
nanotechnology,纳米技术
oe,oe
sherpa,夏尔巴人
terran,地球
departures,出港
rosalia,罗莎莉亚
nobis,我们
rdx,rdx
portraying,描绘
conductors,导体
tax-free,免税
brezhnev,勃列日涅夫
everton,埃弗顿
heirlooms,传家宝
polaris,北极星
intangible,无形
readin,阅读
penitent,忏悔者
keri,凯莉
texans,德州人
unifying,统一
untangle,解开
empowerment,赋权
southwestern,西南
m3,立方米
enrollment,注册
mucky,脏兮兮的
icebreaker,破冰船
polynesian,波利尼西亚人
fredericks,弗雷德里克斯
bloodless,无血
terre,土地
caiman,凯门鳄
puffin,海鹦
homeboys,兄弟们
sauron,索伦
swabbed,拭子
mid-level,中级
insurgency,叛乱
malaga,马拉加
olya,奥利亚
bungled,笨拙的
svr,svr
chaperones,监护人
undeniably,无可否认
bruh,兄弟
uprooted,连根拔起
lees,李子
takao,高尾
hightail,高尾
niceties,礼貌
marxism,马克思主义
averse,反
well-mannered,有礼貌的
vegetative,植物性的
soldiering,参军
chickenpox,水痘
breathable,透气的
dg,dg
naturalist,博物学家
stanislav,斯坦尼斯拉夫
procurement,采购
massaged,按摩
breakaway,突围
gaffney,加夫尼
urinary,泌尿系统
hang-up,挂断
fairfield,费尔菲尔德
cyclists,骑自行车的人
msg,消息
strindberg,斯特林堡
snobby,势利眼
dissidents,异议人士
hecht,赫克特
hankering,渴望
pinches,捏
jabber,喋喋不休
collette,科莱特
croix,克罗伊
declarations,声明
corrupts,腐败
mcconnell,麦康奈尔
aunties,阿姨们
shipshape,井然有序
plaques,斑块
bullwinkle,布尔温克尔
breadwinner,养家糊口的人
debby,黛比
competency,能力
byline,署名
eroticism,情色
jaffe,贾菲
drifters,流浪者
hava,哈瓦
displease,得罪
nite,夜
sano,萨诺
artful,巧
mva,机动车
deferred,延期
breastfeed,母乳喂养
reelected,再次当选
ichikawa,市川
overdraft,透支
sundial,晷
hayakawa,早川
softening,软化
transformations,转变
danson,丹森
hughie,休伊
dany,丹尼
shaven,剃光
tombstones,墓碑
customized,定制
auditing,审计
dodds,多兹
covent,科文特
purvis,普维斯
suss,可疑
doting,溺爱
misato,美里
jiggling,抖动
christensen,克里斯滕森
rotated,旋转
appendectomy,阑尾切除术
chorizo,西班牙辣香肠
ballpoint,圆珠笔
artsy,艺术范儿
okayed,已批准
lali,拉莉
rainforests,热带雨林
dialects,方言
matlock,马特洛克
lightest,最轻
quandary,困惑
sunblock,防晒霜
inns,旅馆
flocking,集群
happy-go-lucky,乐天派
aurelius,奥雷利乌斯
mated,已交配
getty,盖蒂图片社
adrenal,肾上腺
actuality,现实
fundraising,筹款
ramblings,胡言乱语
saps,树液
jee,吉
mythic,神话
mouthy,口无遮拦
gouged,被挖空
kuba,库巴
consuelo,康苏埃洛
farouk,法鲁克
verifying,核实
punta,蓬塔
chianti,基安蒂
taichi,太极
iwill,我会
heidelberg,海德堡
grainy,颗粒状的
overcast,灰蒙蒙
nonalcoholic,非酒精性
thirty-four,三十四
latvian,拉脱维亚语
muchacho,穆查乔
usurped,篡夺
bodacious,大胆的
shipyards,造船厂
harshest,最严酷
joshi,乔希
erections,勃起
camphor,樟
badri,巴德里
forgetfulness,健忘
cutout,剪下
rudra,鲁德拉
hoagie,三明治
storks,鹳
shoplifter,商店扒手
atypical,非典型
profited,获利
nobly,高贵地
whiteside,怀特赛德
rowdies,流氓
detours,绕道
blt,blt
imbued,注入
firmament,苍穹
developmental,发展
gamboa,甘博亚
napoli,那不勒斯
raya,拉亚
mountbatten,蒙巴顿
escapades,冒险
promiscuity,滥交
shapely,优美
laroche,拉罗什
opiates,阿片类药物
ibis,朱鹭
complainant,投诉人
knick,尼克
bodhi,菩提
snatchers,抢劫者
bleat,咩咩叫
teleported,传送
mingled,混合
redcoats,红衣军
insipid,平淡
windermere,温德米尔
cordoned,警戒线
inhibited,抑制
natures,自然
lemmings,旅鼠
sloshed,醉醺醺的
lv,lv
toiletries,化妆品
kaleidoscope,万花筒
fain,欣然
thorax,胸部
sentinels,哨兵
postpartum,产后
bt,蓝牙
pacheco,帕切科
machin,机器
mastodon,乳齿象
shrunken,缩小
yammering,喋喋不休
telethon,电视募捐
deadwood,枯木
bubber,泡泡
acacia,金合欢
opiate,阿片类药物
authoritarian,专制主义
headfirst,头朝下
distorts,扭曲
reprisal,报复
shoves,推搡
chasers,追逐者
weimar,魏玛
eeh,呃
realisation,实现
strangles,勒死
gyms,健身房
indiscriminate,不加区分的
hammersmith,哈默史密斯
strumpet,妓女
cori,科里
booed,嘘声
ex-convict,前科犯
shit-faced,烂醉如泥
adamson,亚当森
overlay,覆盖
soos,苏斯
alyson,艾莉森
assists,助攻
korn,玉米
homegrown,本土种植
roslyn,罗斯林
complexities,复杂性
stave,五线谱
spreadsheet,电子表格
whacks,猛击
juiced,果汁
floodgates,泄洪闸
thunderbirds,雷鸟
culpable,有罪的
shoko,翔子
dorchester,多切斯特
dislocation,错位
lifes,生命
flourishes,繁花
rawls,罗尔斯
refining,精制
poindexter,波因德克斯特
strolled,漫步
fistfight,格斗
fronting,正面
frampton,弗兰普顿
fleabag,跳蚤
shal,沙尔
petitioned,请愿
archdiocese,总教区
grunge,颓废摇滚
hereford,赫里福德
lox,熏鲑鱼
present-day,今天
serf,农奴
ansari,安萨里
wayside,路边
distortions,失真
justices,法官们
ideologies,意识形态
galina,加利娜
vuitton,威登
harvests,收获
matchbook,火柴盒
tandoori,坦都里烤肉
half-price,半价
hibiscus,木槿花
stirrups,马镫
levity,轻浮
athenians,雅典人
fridges,冰箱
wreaths,花圈
lonny,朗尼
apathetic,冷漠的
cathartic,泻药
pontus,蓬图斯
dewar,杜瓦
canvassed,拉票
platitudes,老生常谈
reynard,雷纳德
prophesy,预言
burrowing,掘穴
carlota,卡洛塔
caesarean,剖腹产
harbin,哈尔滨
harrods,哈罗德百货
prominence,显赫地位
toned,色调
prego,prego
karenina,卡列尼娜
kamp,营地
tarry,焦油
kray,克雷
impregnate,使怀孕
snub,冷落
intracranial,颅内
softener,柔软剂
prophesied,预言
misinformation,误传
benefactors,恩人
reapers,收割者
carmody,卡莫迪
intercepting,拦截
patchwork,拼布
tine,蒂恩
pickpockets,扒手
masse,大众
hibbert,希伯特
ushers,引座员
cru,cru
unplanned,计划外的
resurfaced,重新浮出水面
westmoreland,韦斯特摩兰
aryans,雅利安人
venkat,文卡特
rampaging,横冲直撞
tactile,触
aldridge,奥尔德里奇
nomura,野村
gremlins,小妖精
clove,丁香
testimonial,用户评价
pepito,佩皮托
gooseberry,醋栗
persephone,珀耳塞福涅
sandor,桑多尔
in-flight,飞行中
corroded,腐蚀
vr,虚拟现实
arianna,阿丽亚娜
jammies,睡衣
postwar,战后
marksmanship,枪法
lodges,旅馆
ute,尤特
imitated,模仿
wide-eyed,睁大眼睛
devonshire,德文郡
sandler,桑德勒
blaise,布莱斯
conversational,对话
jasmin,茉莉花
cryogenic,低温
scaredy-cat,胆小鬼
drainpipe,排水管
bolero,波莱罗舞曲
dabbled,浅尝辄止
supermodels,超级名模
orbs,球体
pitting,点蚀
year-round,全年
suzan,苏珊
barbarism,野蛮
jochen,约亨
dumpy,矮胖
brigands,强盗
db,数据库
shavings,刨花
surrogacy,代孕
hopscotch,跳房子
motorist,驾车者
bandwagon,跟风
agitate,激荡
denby,丹比
serpentine,蛇形
dressings,敷料
hays,干草
tuscan,托斯卡纳
dumbbell,哑铃
enlisting,入伍
cereals,谷物
cruelest,最残酷的
liaise,联络
fujiwara,藤原
shithouse,厕所
disagreeing,不同意
worsening,恶化
disinterested,无私的
shiori,栞
tribulations,苦难
highlanders,高地人
tantric,密宗
stephenson,斯蒂芬森
honeysuckle,金银花
collider,对撞机
grounder,滚球
nunez,努涅斯
tachyon,超光速粒子
mendelssohn,门德尔松
dionne,迪翁
gaucho,高乔人
fannie,房利美
threesomes,三人行
ingrained,根深蒂固
marchetti,马尔凯蒂
nakagawa,中川
ephemeral,短暂的
fulfills,满足
offsite,异地
recuse,回避
abacus,算盘
unsubstantiated,未经证实
tivoli,蒂沃利
libertine,放荡不羁的
mk,mk
telepaths,心灵感应者
neiman,尼曼
exaggerates,夸张
maj,少校
elicit,引出
chanda,钱达
wight,怀特岛
pele,贝利
tyrol,蒂罗尔
reforming,改革
scintillating,闪烁的
harman,哈曼
chortles,轻笑
precedents,先例
bel-air,贝尔艾尔
unsung,无名英雄
disservice,不服务
dissident,异议人士
mannerisms,举止
regretfully,遗憾的是
outings,郊游
shrooms,蘑菇
cabeza,卡韦萨
sceptre,权杖
malfunctions,故障
romantics,浪漫主义者
veronique,维罗妮卡
atrophy,萎缩
firsts,第一
corby,科比
aptly,恰当地
rimbaud,兰波
prost,前列腺
foreclose,取消抵押赎回权
thoracotomy,开胸手术
toho,东宝
calabria,卡拉布里亚
cast-iron,铸铁
riverboat,河船
nicolai,尼古拉
riva,里瓦
lightheaded,头晕
riddick,星际传奇
regimes,政权
condensation,缩合
machi,机械
disintegrating,瓦解
aden,亚丁
choosers,选择者
barca,巴塞罗那
mamba,曼巴
disembodied,无形的
macey,梅西
deauville,多维尔
blouses,女式衬衫
hoedown,乡村舞会
laz,拉兹
nang,囊
complied,遵命
burley,白肋骨
distinctions,区别
appraised,已评估
thermite,铝热剂
zealots,狂热分子
annas,安娜斯
mot,移动
normalcy,正常状态
magus,魔法师
synapses,突触
rebuke,训斥
spurred,受到刺激
lafferty,拉弗蒂
reproducing,繁殖
hemorrhagic,出血性
prospered,繁荣昌盛
breathalyzer,酒精测试仪
adelle,阿黛尔
frame-up,陷害
self-evident,不言而喻
saudis,沙特人
stine,斯泰恩
overtook,超越
posthumous,死后
vanda,万达
figgis,无花果
pascual,帕斯夸尔
hankie,颈巾
collegiate,大学
seng,生
grassroots,草根
upfront,预付
recompense,补偿
acquaint,熟人
misdirection,误导
krieg,战争
bernays,伯纳伊斯
valerio,瓦莱里奥
hairdressing,理发
neri,内里
ambivalent,矛盾
akagi,赤木
cartwheels,侧手翻
malnourished,营养不良
novices,新手
dasher,冲刺者
ostracized,被排斥
seduces,诱惑
soppy,湿漉漉的
freeloader,免费领取者
canons,教规
kimberley,金伯利
four-legged,四条腿的
libre,自由
golfers,高尔夫球手
underdeveloped,欠发达
rind,果皮
drumbeat,鼓声
christiane,克里斯蒂安
clean-cut,干净利落
georgiana,乔治亚娜
reconfigure,重新配置
camilo,卡米洛
bosworth,博斯沃思
waltzes,华尔兹
elina,艾琳娜
sporadic,零星的
moffat,莫法特
sickened,恶心
asystole,心搏停止
slandered,诽谤
anorexia,厌食症
gobbled,狼吞虎咽
sema,塞玛
muses,缪斯
tsing,青
sorbet,冰糕
tweaks,调整
hollandaise,荷兰酱
sullied,污秽
jaz,贾兹
hemorrhoid,痔
socked,穿袜子
low-grade,低等级
npr,美国国家公共电台
playgrounds,游乐场
snell,斯内尔
entrepreneurial,创业
punctures,穿刺
combustible,易燃
gnat,小飞虫
colonized,已定殖
friendless,没有朋友
overrule,否决
slackers,懒汉
rabin,拉宾
repainted,重新粉刷
entanglement,纠缠
dispensation,豁免
stinson,斯廷森
jaywalking,乱穿马路
quotations,引文
yardley,亚德利
construed,解释
jacquie,杰奎琳
actionable,可采取行动
fungal,真菌
tamaki,玉木
frankel,弗兰克尔
whe,何
researches,研究
slither,滑行
sars,SARS
conformity,一致性
workday,工作日
turncoat,叛徒
chatham,查塔姆
roslin,罗斯林
intercepts,拦截
piecing,拼接
patriarchal,父权制
fallback,倒退
warlike,好战
zahra,扎赫拉
contour,轮廓
carrillo,卡里略
plunges,暴跌
rescinded,撤销
neolithic,新石器时代
goh,吴
mulatto,混血儿
bloodlust,嗜血
bang-bang,砰砰
free-for-all,混战
biddle,中间
lorie,洛莉
saloons,酒吧
capacitor,电容器
rubio,鲁比奥
bridgeport,布里奇波特
chaise,躺椅
jazzed,爵士乐
dissing,贬低
fructose,果糖
chortling,咯咯笑
mimosas,含羞草
gooks,古克
interracial,跨种族
milling,铣削
knockoff,仿冒品
pimpernel,花花公子
jousting,比武
bedchamber,卧室
visibly,明显地
juicer,榨汁机
capua,卡普阿
udo,乌多
luxor,卢克索
theorist,理论家
eludes,逃避
isadora,伊莎多拉
sdl,sdl
philanthropy,慈善事业
netting,网
zs,zs
commode,马桶
treetops,树梢
banyan,榕树
flagstaff,旗杆
zits,痘痘
transporters,运输者
yrs,年
frittata,意式烘蛋
hummel,胡默尔
homeward,回家
dissipated,消散
spool,线轴
well-to-do,富裕的
isaacs,艾萨克斯
crewe,克鲁
firmer,更坚固
centrifuge,离心机
asante,阿桑特
shortsighted,短视的
finery,服饰
mumbled,喃喃自语
fairway,球道
frolicking,嬉戏
inedible,不可食用
ess,ess
leggings,绑腿
providers,供应商
bento,便当
erskine,厄斯金
medicaid,医疗补助
swindlers,骗子
drunker,醉酒
pell,佩尔
gratefully,感激不尽
valdemar,瓦尔德马尔
seesaw,跷跷板
manliness,男子气概
mahalo,mahalo
clanton,克兰顿
julienne,朱莉安
majoring,主修
stamford,斯坦福德
lecher,登徒子
activism,行动主义
weaves,编织
manmade,人造
kyu,九
kenner,肯纳
carer,照顾者
quinoa,藜麦
tomlin,汤姆林
columbine,耧斗菜
equate,等同
grizzlies,灰熊
heeds,注意
rout,路线
xenia,克塞尼亚
coordinates,坐标
skinning,剥皮
ifi,伊菲
ozawa,小泽
gunslinger,枪手
crispin,克里斯平
scooping,舀取
euclid,欧几里得
reassignment,重新分配
supercharged,增压
ochoa,奥乔亚
antioch,安提阿
sirena,塞壬
serendipity,意外发现
millennial,千禧一代
tactless,不顾及他人感受
jawbone,下颌骨
pepa,佩帕
wile,诡计
godlike,神一般的
soybean,大豆
pothead,瘾君子
proclaims,宣称
timmons,蒂蒙斯
headshot,爆头
flit,掠过
mops,拖把
enamored,爱慕
busters,破坏者
riordan,里奥丹
taunted,嘲讽
caf,咖啡馆
freebies,免费赠品
mesdames,女士们
bloomer,布卢默
deidre,迪尔德丽
tarnation,该死
illustrates,图示
prez,总统
ect,等等
unfettered,不受约束的
batsman,击球手
twerk,电臀舞
ayatollah,阿亚图拉
brill,精彩
gerrard,杰拉德
sergeyevich,谢尔盖耶维奇
surrogates,代孕母亲
rolfe,罗尔夫
dismayed,沮丧
forty-four,四十四
laters,再见
dilapidated,破旧的
alleging,指控
gottlieb,戈特利布
eldorado,黄金国
overlords,统治者
revolved,旋转
reflector,反射器
aspirins,阿司匹林
perennial,多年生
lafitte,拉菲特
concealment,隐蔽
boney,骨瘦如柴
org,组织
juni,六月
nanjing,南京
bondsman,保释人
weinstein,温斯坦
blowhard,自吹自擂者
alles,一切
inscrutable,难以捉摸
signalling,信号传导
colonize,殖民
tsunamis,海啸
turgut,巨骨舌鱼
kui,奎
provolone,普罗沃隆
concourse,大厅
flavius,弗拉维乌斯
dearth,匮乏
abrasion,磨损
bastian,巴斯蒂安
overdrawn,透支
bournemouth,伯恩茅斯
poisoner,投毒者
despondent,沮丧的
dipstick,油尺
gammy,邋遢的
deutsche,德语
twa,twa
cartagena,卡塔赫纳
izu,伊祖
kayne,凯恩
lapis,青金石
tastier,更美味
lasses,姑娘们
watchmen,守望者
decrypt,解密
jujitsu,柔术
wilted,枯萎的
incidence,发生率
scrimmage,对抗赛
tinkerbell,小叮当
inaugurated,就职典礼
perfecto,完美
kerouac,凯鲁亚克
chalkboard,黑板
adage,谚语
derring-do,冒险行为
gumption,勇气
kilgore,基尔戈尔
coddle,溺爱
positivity,积极性
headliner,头条新闻
woodchuck,土拨鼠
caretakers,看护人员
millers,磨坊
sabe,萨贝
aerodynamics,空气动力学
yum-yum,好吃好吃
augh,啊
reorganize,改组
forty-nine,四十九
sakurai,樱井
kandi,坎迪
pinata,皮纳塔
firewalls,防火墙
liana,藤黄
rackham,拉克姆
dobie,多比
pedaling,踩踏板
ez,易
kell,凯尔
telekinesis,念动力
jumpstart,启动
natural-born,天生的
laetitia,拉蒂西亚
visconti,维斯康蒂
leto,莱托
contributors,贡献者
hayride,干草车之旅
passageways,通道
corfu,科孚岛
remorseful,懊悔的
strong-arm,强硬手段
blinker,信号灯
stefani,斯蒂芬妮
liliane,莉莉安
borrows,借款
inducing,诱导
dm,dm
scimitar,弯刀
stringy,细丝
parlay,帕莱
impatiently,不耐烦地
exponential,指数
racecar,赛车
wastebasket,废纸篓
legate,使节
representations,表现形式
jewelers,珠宝商
ronson,朗森
muzak,穆扎克
handmaiden,侍女
ramparts,城墙
absences,缺勤
charting,图表
hajj,朝觐
seabirds,海鸟
profiting,获利
ogawa,小川
calmness,平静
ky,ky
broadband,宽带
tumbler,不倒翁
minted,铸币
impairment,损伤
walkie-talkies,对讲机
nubian,努比亚人
gekko,壁虎
censors,审查员
gleb,格莱布
emoji,表情符号
marionette,木偶
lullabies,摇篮曲
bugler,司号员
undersigned,下方签名
spire,尖塔
petulant,任性的
entitles,有权
krause,克劳斯
halfway,半
rivets,铆钉
distorting,扭曲
mourns,哀悼
reichstag,国会大厦
sniping,狙击
fostered,寄养
depresses,抑郁
cedars,雪松
raman,拉曼
witless,愚蠢
tbe,tbe
seedlings,幼苗
synthesize,合成
pronouncing,发音
analyzer,分析器
foreheads,额头
redirected,重定向
sapphires,蓝宝石
septum,隔膜
unchallenged,未受挑战
hee-haw,嘿嘿
sagan,萨根
dass,达斯
ump,裁判
marit,玛丽特
valmont,瓦尔蒙特
divisional,部门
haider,海德尔
liberia,利比里亚
aino,爱诺
impropriety,不当行为
organizational,组织
gaggle,鹅群
tianjin,天津
triffids,三叶草
cortes,科尔特斯
southland,南地
whir,嗡嗡
penrose,彭罗斯
ensued,随后
winterfell,临冬城
elation,欣喜
assemblyman,议员
guardhouse,岗哨
melanoma,黑色素瘤
rolodex,旋转式名片盒
benghazi,班加西
paperback,平装
aux,辅助
smidge,一点点
memsahib,夫人
no-man,无人
queues,队列
faring,航道
grannies,奶奶们
tengo,tengo
nin,宁
nettle,荨麻
toa,到
waistband,腰带
altruism,利他主义
mattia,马蒂亚
astonish,震惊
multitasking,多任务处理
exuberant,旺盛
carta,卡塔
infomercial,电视购物广告
swooping,俯冲
bloodiest,最血腥
jani,贾尼
serials,连续剧
xuan,宣
friars,修士们
homophobia,恐同症
waldron,沃尔德伦
estrada,埃斯特拉达
perdition,毁灭
epoch,时代
gie,gie
blindside,盲侧
lookouts,瞭望台
suvs,SUV
iguanas,鬣蜥
subsection,小节
trotters,蹄子
ratios,比率
ferenc,费伦茨
tannen,鞣料
fifa,国际足联
ezequiel,埃塞基尔
conklin,康克林
meteorological,气象
irvine,尔湾
keychain,钥匙链
tamar,塔玛尔
walkies,遛狗
escapee,逃犯
academically,学术上
pouty,撅嘴
piney,松树
fashionably,时尚地
dragoon,龙骑兵
thule,图勒
evian,依云
godparents,教父母
pried,撬开
godiva,歌帝梵
bagpipe,风笛
ginormous,巨大的
noam,诺姆
tempus,时间
hendrik,亨德里克
herder,牧人
tinned,罐装
kasuga,春日
ocular,眼部
pre-war,战前
rosey,玫瑰
analyses,分析
marg,边缘
muchachos,孩子们
jiggy,吉吉
brrr,嘶嘶
striations,条纹
sweetener,甜味剂
schoolboys,男学生
originating,起源
m1,m1
indiscriminately,不加区分地
crier,哭泣者
griping,抱怨
preppy,预科生
cabby,出租车司机
wort,麦芽汁
vassar,瓦萨尔
tutored,辅导
graphite,石墨
mame,梅姆
kazoo,卡祖笛
criticisms,批评
citroen,雪铁龙
semifinals,半决赛
disheartened,沮丧
congregate,聚集
desiring,渴望
hrs,小时
halfwit,半傻子
yule,圣诞节
vernacular,白话
symptomatic,症状
gipsy,吉普赛人
eamon,埃蒙
rangoon,仰光
tenders,投标
unconscionable,丧尽天良
panning,平移
tojo,东条英机
skiff,小艇
organically,有机地
bandwidth,带宽
motivator,激励者
contraceptive,避孕药
owari,尾张
manni,曼尼
execs,高管
tattletale,告密者
anatomically,解剖学
manatee,海牛
combative,好斗的
mensa,门萨
pendragon,潘德拉贡
inner-city,市中心
sidekicks,跟班
credo,信条
bulimic,贪食症
mamiya,玛米亚
pheromone,信息素
intelligently,聪明地
beate,击败
earls,伯爵
trimble,特林布尔
doughboy,面团男孩
letterhead,信笺抬头
punctuation,标点
dodie,多迪
asserting,断言
bork,博克
implements,实施
yodel,约德尔唱法
preexisting,已存在的
ife,生活
darlington,达灵顿
disarmament,裁军
bloomingdale,布鲁明戴尔
verger,教堂管理员
tilden,蒂尔登
kruse,克鲁斯
ntsb,ntsb
bodice,紧身胸衣
stagg,倾斜
dispensing,分发
abreast,并排
suleiman,苏莱曼
neff,内夫
toughness,韧性
on-call,随叫随到
hitchhikers,搭便车的人
wie,维
baldheaded,秃头
purer,更纯净
pranking,恶作剧
cohorts,队列
serpico,塞尔皮科
disused,废弃的
cline,克莱恩
gluing,胶合
norad,北美防空司令部
gibbon,长臂猿
westport,韦斯特波特
jonathon,乔纳森
pius,皮乌斯
scrip,处方药
nella,内拉
kitchener,基奇纳
purposefully,故意
belarus,白俄罗斯
telepathically,心灵感应
munk,松鼠
ignatius,伊格纳修斯
embellish,润
carbonate,碳酸盐
spherical,球形
conjoined,连体
blushed,脸红了
ecclesiastical,教会的
dabney,达布尼
wunderbar,太棒了
daimyo,大名
vitally,至关重要
noth,诺斯
cravat,领结
bullfighting,斗牛
grout,灌浆
overheat,过热
recites,背诵
sedona,塞多纳
bookman,书商
legionnaire,军团士兵
orc,兽人
artistically,艺术上
squandering,挥霍
automation,自动化
blue-collar,蓝领
wilkie,威尔基
linz,林茨
antitank,反坦克炮
transcription,转录
outwardly,向外
unsound,不健全
acutely,急性
indira,英迪拉
upperclass,上层阶级
niger,尼日尔
hara-kiri,切腹
whitewood,白木
segue,过渡
storefront,店面
teleporter,传送器
sava,萨瓦
perpetuity,永续
ita,意大利
spires,尖塔
phallus,阴茎
danbury,丹伯里
emu,鸸
dividend,股利
hatton,哈顿
steppes,草原
havens,避难所
divination,占卜
wields,挥舞
stratos,层流
teodoro,特奥多罗
limousines,豪华轿车
assessments,评估
natty,纳蒂
miu,缪
tanz,坦兹
loire,卢瓦尔河
hooey,胡言乱语
staffed,人员配备
mechanized,机械化
percussive,打击乐
well-fed,吃饱喝足
sprinkling,洒
moored,系泊
gold-plated,镀金
vise,钳住
frederico,弗雷德里科
moniker,绰号
outdid,胜出
seu,seu
inexhaustible,取之不尽的
wearer,佩戴者
photocopies,复印件
bernardino,贝尔纳迪诺
interrupts,中断
sighed,叹了口气
infertility,不孕不育
proclaiming,宣告
kimiko,金美子
eases,缓解
knighted,受封骑士
paradis,天堂
ultrasonic,超声波
indemnity,赔款
guano,鸟粪
cerberus,地狱犬
hacky,黑客
ams,上午
outweighs,胜过
sturgis,斯特吉斯
well-oiled,运转良好的
cletus,克莱图斯
llewellyn,勒韦林
recanted,反悔
ilk,牛奶
tassels,流苏
virginal,处女
sn,sn
well-meaning,好心的
bookmaker,博彩公司
cliches,陈词滥调
houseboy,男仆
bloodstain,血迹
santas,圣诞老人
excursions,短途旅行
schoolmate,同学
electorate,选民
effy,艾菲
dido,迪多
nuclei,细胞核
cristian,克里斯蒂安
acetone,丙酮
overactive,过度活跃
tungsten,钨
litchfield,利奇菲尔德
berkowitz,伯科维茨
neddy,驴
wets,湿
confrontational,对抗性的
reversible,可逆的
franchises,特许经营
vats,大桶
jeppe,杰佩
shirk,推脱
circuses,马戏团
slimmer,更苗条
munroe,门罗
phuong,方
pernicious,有害
bunchy,一束束的
handjob,手淫
vittoria,维多利亚
kikuchi,菊地
seder,逾越节
lisette,莉塞特
disreputable,声名狼藉的
eek,哎呀
reassess,重新评估
fancier,更精致的
irate,愤怒
southwest,西南
dispatching,调度
fared,表现
bombardier,轰炸机
elektra,艾丽卡
halal,清真
hetman,赫特曼
corks,软木塞
flyover,高架桥
saks,萨克斯
digress,离题
walkabout,漫步
undetermined,未确定
second-best,次优
sze,尺寸
tutankhamun,图坦卡蒙
paratrooper,伞兵
ratatouille,普罗旺斯炖菜
orlov,奥尔洛夫
enormity,巨大
doran,多兰
kaja,卡加
self-sacrifice,自我牺牲
ascetic,苦行僧
shortcake,草莓蛋糕
dozy,想睡
expedient,权宜
ballerinas,芭蕾舞演员
paley,帕利
balaclava,巴拉克拉瓦帽
haruna,春奈
misogynist,厌女者
lingered,徘徊不去
skeptics,怀疑论者
bulgarians,保加利亚人
ovary,子房
heartstrings,心弦
frans,弗兰斯
instalments,分期付款
teases,预告
sacrilegious,亵渎神明
josephus,约瑟夫斯
hosed,软管
pizarro,皮萨罗
flaked,片状的
rogan,罗根
yaar,亚尔
newscast,新闻播报
artefact,文物
cockatoo,凤头鹦鹉
corsican,科西嘉岛
holtz,霍尔茨
conceals,隐藏
shortening,缩短
overexcited,过于兴奋
exuberance,热情洋溢
marinate,腌制
tyke,小孩
examines,检查
chakras,脉轮
ukrainians,乌克兰人
technicalities,技术细节
implicit,隐式
gribble,格里布尔
outwitted,被智胜
unawares,不知情
rona,罗纳
fellatio,口交
seeger,西格尔
sparklers,仙女棒
crosswalk,人行横道
rename,重命名
endicott,恩迪科特
detaining,拘留
neutrino,中微子
replicating,复制
zaza,扎扎
repressive,压制性的
buckwheat,荞麦
relent,屈服
raze,夷
rrr,rrr
usurper,篡位者
linton,林顿
pixel,像素
angelika,安吉莉卡
misinterpret,曲解
tiredness,疲倦
stockman,牧场工人
resonates,产生共鸣
beset,围困
gresham,格雷沙姆
kraus,克劳斯
kanna,卡纳
discriminating,歧视性的
watchmaker,钟表匠
mich,密歇根
societal,社会
entre,entre
oxycodone,羟考酮
virulent,剧毒的
nightshade,茄科植物
replicas,复制品
overloading,过载
buoys,浮标
selects,选择
fishmonger,鱼贩
hangzhou,杭州
ferrer,费雷尔
shinde,辛德
surety,保证
caskets,棺材
inane,无聊
sadism,虐待狂
semtex,塞姆泰克斯
maryam,玛丽亚姆
guapo,瓜波
blindfolds,眼罩
lifer,终身监禁
supercomputer,超级计算机
serra,塞拉
gratified,满意
flail,连枷
peeler,削皮器
thackeray,萨克雷
chillax,放松
well-connected,人脉广泛
shakespearean,莎士比亚式
retailer,零售商
memorise,记住
mchale,麦克海尔
disengaged,脱离
werther,维瑟
lamia,拉米亚
crumpet,烤饼
hyped,炒作
sandbag,沙袋
friendlies,友谊赛
amphibian,两栖动物
drei,德雷
gabbing,闲聊
high-priced,高价
examiners,考官
pawan,帕万
fathead,胖头
sadat,萨达特
whupped,痛打
devore,吞噬
cassock,衲
disabling,禁用
bac,背靠背
eyeballing,目测
butted,对接
conceded,承认
mcfadden,麦克法登
diddly,迪德利
rn,rn
platoons,排
disassemble,拆卸
brecht,布莱希特
lehmann,莱曼
reliance,依赖
quiets,安静
mopped,拖把
bilingual,双语
thrombosis,血栓形成
acs,ACS
pish,呸
alum,明矾
valiantly,英勇地
yasuda,安田
feigning,假装
geppetto,杰佩托
rees,里斯
nave,中殿
johnsons,约翰逊
reachable,可达
ratified,已批准
infuriated,愤怒的
intruded,入侵
tani,塔尼
agitator,搅拌器
banquets,宴会
modelled,建模
laxatives,泻药
underling,下属
eventuality,可能性
dudu,杜杜
high-stakes,高风险
heffernan,赫弗南
milanese,米兰人
mosby,莫斯比
thirty-nine,三十九
moussa,穆萨
acumen,敏锐
uttering,发出声音
liquidation,清算
densely,密集地
garson,加森
racquet,球拍
mariposa,蝴蝶
creditor,债权人
leyton,莱顿
wastrel,败家子
myanmar,缅甸
southeastern,东南部
elon,埃隆
strum,弹奏
whistleblower,举报人
chesterfield,切斯特菲尔德
scowl,皱眉头
chancellery,总理府
marcelle,马塞尔
jima,吉马
sudoku,数独
karnak,卡纳克
mercifully,仁慈地
tailor-made,量身定制
wol,沃尔
environmentalists,环保主义者
inexperience,缺乏经验
bungalows,平房
flecks,斑点
firebird,火鸟
tillie,蒂莉
amniotic,羊膜
bogie,转向架
hiv-positive,艾滋病毒阳性
mikasa,三笠
inigo,伊尼戈
nepotism,裙带关系
thicket,灌木丛
poultice,药膏
high-grade,高级
good-hearted,心地善良
okeydoke,好的
meteorologist,气象学家
sympathizers,同情者
iss,问题
salesgirl,售货员
capacities,容量
nags,唠叨
gridlock,交通堵塞
brawls,斗殴
babi,巴比
boonies,偏远地区
mobilizing,动员
empathetic,同理心
pathos,感伤
medalist,奖牌获得者
phallic,阴茎
trickier,更棘手
demerol,度冷丁
rebar,钢筋
nitin,镍
undergrowth,灌木丛
dunking,扣篮
regularity,规律性
logos,标志
all-clear,一切正常
albin,阿尔宾
exquisitely,精美绝伦
ocp,有机氯农药
lhasa,拉萨
buttering,涂抹黄油
sopranos,女高音
surfacing,表面
assuring,保证
tancredi,坦克雷迪
acropolis,卫城
cadre,干部
vicariously,间接地
sweeties,甜心们
cort,皮质
potpourri,花香
braveheart,勇敢的心
peacekeeping,维和
heigh-ho,嘿哟
evocative,令人回味的
taipan,太攀蛇
sues,起诉
snarky,尖酸刻薄
leopoldo,利奥波尔多
dosh,多什
inconsolable,无法安慰
kamala,卡马拉
humped,驼背
dixit,迪克西特
whiskeys,威士忌
timmins,蒂明斯
tono,托诺
flaccid,松弛
robles,罗布尔斯
goli,戈利
saperstein,萨珀斯坦
hephaestus,赫菲斯托斯
blighter,讨厌鬼
outrank,排名高于
maga,魔法
pokes,戳
prospector,勘探者
fibrosis,纤维化
smudges,污迹
caddie,球童
fortuna,福尔图纳
airbags,安全气囊
tico,蒂科
masts,桅杆
cpu,中央处理器
themself,他们自己
gratin,焗烤
snafu,混乱
zaps,电击
infield,内场
moonbeam,月光
projectionist,放映员
laminated,层压
jovial,欢乐的
purifying,净化
sidelined,被边缘化
cf,cf
sunbathe,晒太阳
pygmies,俾格米人
publishes,出版
bestseller,畅销书
facets,方面
unremarkable,平淡无奇
pembroke,彭布罗克
gam,游戏
one-handed,单手
kitsch,媚俗
gauss,高斯
fleury,弗勒里
miscarriages,流产
eisenstein,艾森斯坦
martinique,马提尼克岛
clamor,叫嚣
statewide,全州
jinnah,真纳
valens,瓦伦斯
raked,耙过的
hardens,硬化
leh,勒
frizzy,毛躁的
penmanship,书法
bloodhounds,寻血猎犬
domo,家政
surfed,冲浪
ches,切斯
metatron,梅塔特隆
lethargic,昏昏欲睡的
fireside,炉边
prompting,提示
berets,贝雷帽
marauders,乱兵
far-reaching,深远
flocked,成群结队的
environmentalist,环保主义者
hea,头部
ilyich,伊利奇
circumvent,规避
sellout,售罄
passcode,密码
dwellings,住宅
denouncing,谴责
seul,瑟尔
puccini,普契尼
glitz,浮华
simmering,煨煮
parfait,芭菲
well-built,结构良好
miwa,美和
aras,阿拉斯
khyber,开伯尔
impresario,经纪人
moratorium,暂停
gottfried,戈特弗里德
hydroxide,氢氧化物
hemoglobin,血红蛋白
provo,普罗沃
pharmacies,药房
scabbard,刀鞘
weaned,断奶
langham,朗廷
thrusts,推力
aclu,美国公民自由联盟
jacobi,雅各比
seraphim,炽天使
conman,骗子
filings,文件
bianco,比安科
passe,过去
indistinguishable,无法区分的
stipulate,规定
waistline,腰围
marita,玛丽塔
shrank,缩小
quintessential,典型的
pertains,相关
kubo,久保
beulah,比尤拉
high-value,高价值
joules,焦耳
heists,劫案
sunburned,晒伤
authorise,授权
fleck,斑点
splice,拼接
bloggers,博客作者
fawkes,福克斯
achoo,阿嚏
unproven,未经证实
winnebago,温尼巴戈
negotiators,谈判者
bawl,呶
rarer,稀有
contra,相反
nevermore,永不再
orton,奥顿
shrub,灌木
scholarly,学术性的
replication,复制
levee,堤坝
teriyaki,照烧
hs,hs
sansa,珊莎
appendage,附属物
clubbed,俱乐部
helmer,赫尔默
finnerty,芬纳蒂
propensity,倾向
faeces,粪便
ite,ite
substandard,不合格
filtration,过滤
grigori,格里戈里
can-can,康康舞
bix,比克斯
sado,虐恋
orator,演说者
interventions,干预措施
sulfate,硫酸盐
lumiere,光
nello,内洛
bubby,巴比
singsong,唱歌
nieves,妮维斯
exxon,埃克森美孚
scribes,抄写员
lancashire,兰开夏郡
broadly,总体而言
doornail,门钉
ride-along,随行
evert,翻转
alienating,疏离的
manufactures,制成品
tackles,铲球
molto,非常
blathering,胡言乱语
beetroot,甜菜根
dripped,滴落
leander,利安德
ninety-five,九十五
tartan,格子呢
capsized,倾覆
raunchy,粗俗的
xan,赞
braided,编织
gusta,古斯塔
hypoxia,缺氧
best-case,最佳情况
lani,拉尼
befell,发生
canteens,食堂
juicing,榨汁
belles,美女
berserker,狂战士
armoire,衣柜
arliss,阿利斯
rainier,雷尼尔山
coffey,科菲
assessor,评估员
thc,四氢大麻酚
sedgwick,塞奇威克
belted,系带
sq,平方
crips,脆片
kirov,基洛夫
untenable,站不住脚的
piqued,激怒
snacking,零食
tantamount,等同
millan,米兰
thermonuclear,热核
sociopathic,反社会人格
outgrow,不再适合
eerily,诡异地
roux,鲁
torrid,热带
stopover,中途停留
huskies,哈士奇
bristles,刷毛
stonebridge,石桥
slats,板条
electrically,电气
deems,认为
duluth,德卢斯
rejoiced,欣喜若狂
gemstone,宝石
kissin,接吻
golan,戈兰
miniskirt,超短裙
aperture,光圈
anchorman,新闻主播
diazepam,地西泮
consoles,游戏机
misdemeanors,轻罪
impassable,不可逾越
jaunt,短途旅行
melodious,悦耳动听
self-taught,自学
woeful,悲惨的
fabulously,极好地
zappa,扎帕
duffle,旅行包
amateurish,业余的
petro,石油
volt,伏特
sign-up,报名
berm,土堤
shackle,镣铐
davos,达沃斯
vanni,瓦尼
nagy,纳吉
chauncey,昌西
unyielding,不屈
inuyasha,犬夜叉
arcades,街机
sit-in,静坐抗议
sleuth,侦探
sickens,令人作呕
crimp,压接
tuxedos,燕尾服
bouillabaisse,马赛鱼汤
collaborative,协作
cellist,大提琴手
ead,头
rationale,理由
byproduct,副产品
cackle,咯咯笑
inhibit,抑制
pulverized,粉碎的
formative,形成期
streaking,裸奔
craw,嗉
cammie,卡米
porthole,舷窗
radon,氡
swiping,滑动
yokel,乡巴佬
bended,弯曲
anglican,圣公会
hippocampus,海马体
ethnicity,种族
decryption,解密
supplementary,补充
italiano,意大利语
restock,补货
geno,基因
great-great-grandfather,曾曾祖父
fateh,法特赫
receptor,受体
woodley,伍德利
branco,白
topo,拓扑
mariners,水手们
virgilia,维吉利亚
aegean,爱琴海
mouldy,发霉的
blobs,斑点
archeologists,考古学家
slurs,侮辱
talentless,缺乏天赋
stabilizers,稳定器
percocet,羟考酮
cretaceous,白垩纪
deciphering,破译
shawnee,肖尼
animators,动画师
grammys,格莱美奖
tsung,宗
bloodlines,血统
debriefed,汇报完毕
bandy,班迪
yat,雅特
briana,布里安娜
alexey,亚历克西
gouda,高达奶酪
hyoid,舌骨
dismissive,轻蔑
thither,那里
goings-on,事件
eddington,爱丁顿
chitra,奇特拉
double-edged,双刃剑
hindustan,印度斯坦
shafted,轴
reloading,重新装弹
rottweiler,罗威纳犬
sussman,苏斯曼
coincided,巧合
lessing,减少
spiffy,时髦的
alena,阿莱娜
miniatures,微缩模型
hot-air,热空气
adhd,注意力缺陷多动症
junky,垃圾
moneymaker,赚钱机器
starships,星际飞船
fallow,休耕
familiarize,熟悉
laboured,辛勤劳作
caliente,卡连特
iain,伊恩
xue,薛
reimbursed,已报销
strangeness,奇怪
harlequin,小丑
eriksen,埃里克森
deviled,魔鬼
imprudent,轻率的
cosmonaut,宇航员
encircled,包围
kirkman,柯克曼
sonora,索诺拉
oman,阿曼
washout,冲刷
banerjee,班纳吉
pythons,python
prosecutions,起诉
argon,氩气
nutrient,养分
faro,法罗
panache,潇洒
butterworth,巴特沃斯
amicably,友好地
milliseconds,毫秒
hammersley,哈默斯利
kanazawa,金泽
perjured,伪证
pent,五角星
boson,玻色子
molars,臼齿
tunisian,突尼斯
swenson,斯文森
escapees,逃犯
furlong,弗隆
run-through,运行
nomi,诺米
balsamic,香脂
obsessively,痴迷地
elizabethan,伊丽莎白时代
eatery,餐馆
coexistence,共存
odors,气味
consultations,咨询
grindstone,磨石
extorting,勒索
blanked,空白
kahuna,卡胡纳
lapland,拉普兰
evi,evi
joyner,乔伊纳
shish,嘘
pigalle,皮加勒
komal,科玛尔
jacqui,杰奎琳
hippocratic,希波克拉底
repentant,悔改的
overtaking,超车
ministries,部委
bruner,布鲁纳
blunders,失误
staffs,员工
villanueva,维拉努埃瓦
reinforcing,强化
weinberg,温伯格
ellington,埃灵顿
bloomers,灯笼裤
coped,应对
deadbeats,赖账者
tierra,蒂埃拉
affiliate,附属公司
segal,西格尔
olfactory,嗅觉
baubles,小饰品
clunking,咔嗒声
troth,誓言
victorians,维多利亚时代
rethinking,重新思考
awa,awa
ane,一个
everyman,每个人
evokes,唤起
pert,活泼
chacha,恰恰
legless,无腿
denomination,面值
dishing,盛菜
katsu,炸猪排
guerra,战争
xenon,氙
kamakura,镰仓
fireproof,防火
hypotheses,假设
goy,戈伊
decimate,消灭
uzbekistan,乌兹别克斯坦
virg,处女
persson,人
narrated,旁白
albion,阿尔比恩
roos,袋鼠
trumbo,特朗博
nazca,纳斯卡
macadamia,澳洲坚果
inder,中间
broner,布罗纳
gisela,吉塞拉
heloise,埃洛伊斯
valli,瓦利
rosette,玫瑰花结
haggerty,哈格蒂
swirls,漩涡
abaddon,阿巴顿
northeastern,东北部
rutland,拉特兰
chock,冲击
allegory,寓言
khe,克
miscarried,流产
boxcar,棚车
qiang,强
subversion,颠覆
moderates,温和派
backfiring,反噬
coiled,卷曲
hibernate,冬眠
wilful,任性的
pimped,皮条客
wincing,畏缩
frilly,褶边
vagabonds,流浪汉
bonham,邦纳姆
flossing,牙线
duk,杜克
wou,你会
climates,气候
rewire,重新接线
staph,葡萄球菌
twats,蠢货
squirrelly,松鼠
mods,模组
straying,迷途
neve,从未
okubo,大久保
reactivated,重新激活
mercier,梅西耶
soul-searching,灵魂拷问
beget,产生
pillock,傻瓜
blowback,反噬
tatsumi,辰巳
pitbull,比特犬
boi,男孩
rahman,拉赫曼
crazily,疯狂地
corroborating,证实
escalante,埃斯卡兰特
chrysanthemums,菊花
birgitta,比尔吉塔
aardvark,土豚
livy,莉薇
conspirator,同谋
putney,普特尼
duplex,双拼别墅
dinar,第纳尔
cock-a-doodle-doo,喔喔喔
donates,捐赠
nygma,谜题
domineering,盛气凌人
grated,磨碎的
nessie,尼斯湖水怪
cameroon,喀麦隆
galoshes,套鞋
salesperson,销售员
clamour,叫嚣
lansky,兰斯基
hoo-ha,呼啦
toe-to-toe,脚尖对脚尖
claro,克拉罗
demure,端庄
hic,嗝
complacency,自满
serafina,塞拉菲娜
discharges,排放
foundling,弃儿
kinsmen,亲属
torre,托雷
pounced,猛扑
sidearm,手枪
nickers,尼克斯
jangles,叮当声
chirac,希拉克
numbskull,笨蛋
upstage,抢戏
boorish,粗野
mcavoy,麦卡沃伊
operetta,轻歌剧
hannigan,汉尼根
piti,皮蒂
extrapolate,推断
pollyanna,波莉安娜
smarty-pants,自作聪明的人
recollections,回忆
skillfully,巧妙地
iad,iad
stimulants,兴奋剂
hot-blooded,热血沸腾
blonds,金发女郎
chon,琼
spacesuit,太空服
evangeline,伊万杰琳
plumage,羽毛
karloff,卡洛夫
coombs,库姆斯
torpedoed,被鱼雷击中
classifieds,分类广告
tm,™
battlements,城垛
zambia,赞比亚
loeb,勒布
coconspirator,同谋
uncomfortably,不舒服地
porpoise,海豚
akers,akers
bookmark,书签
rajah,拉贾
democratically,民主地
berto,贝尔托
ramming,撞击
romanov,罗曼诺夫
vamoose,逃跑
tint,着色
lateness,迟到
expedited,加急
avian,鸟类
esa,esa
hindering,阻碍
obstetrics,产科
nationalities,国籍
ruslan,鲁斯兰
athelstan,阿瑟斯坦
scopes,范围
thinly,薄薄的
kon,kon
unstuck,解开
obstinacy,固执
pardner,合伙人
balaji,巴拉吉
tmi,信息过载
karzai,卡尔扎伊
vero,维罗
intercontinental,洲际
cashews,腰果
magee,麦基
sniggering,窃笑
pjs,睡衣
gwendolen,格温多琳
incharge,负责人
weariness,疲劳
importer,进口商
dispensed,分发
wholesaler,批发商
crumpets,烤饼
dislodged,脱落
pontoon,浮桥
stubbornly,固执地
tiffin,午餐盒
curlers,卷发器
rawr,吼
palatable,可口的
crackerjack,妙招
diction,措辞
pessimism,悲观主义
nonsmoking,非吸烟
coastguard,海岸警卫队
stockholder,股东
ikari,伊卡里
superbly,极好
whet,磨刀
ravages,蹂躏
amritsar,阿姆利则
benning,本宁
coimbatore,哥印拜陀
belfry,钟楼
aiken,艾肯
vala,瓦拉
compounded,复合
cait,凯特
burnham,伯纳姆
demolishing,拆除
pixies,小精灵
baldness,秃顶
keister,臀部
gallipoli,加里波利
worcester,伍斯特
jano,雅诺
carrera,卡雷拉
stamper,压模
glassy,玻璃状
wiretaps,窃听
saraswati,萨拉斯瓦蒂
myrrh,没药
kr,克尔
interpersonal,人际关系
pitts,皮茨
alder,桤木
fast-track,快速通道
carted,推车
widened,扩大
shushes,嘘
nosh,小吃
slashes,斜杠
favorably,有利
advancements,进展
ree,自由
codfish,鳕鱼
vaclav,瓦克拉夫
impressionists,印象派
fournier,福尼尔
artistes,艺术家
humdrum,平淡无奇
dyeing,染色
come-on,快点
telenovela,肥皂剧
trill,颤音
topography,地形
dolph,海豚
logistic,物流
nob,旋钮
eugenie,尤金妮
dunked,浸入
lamest,最差的
overcomes,克服
fornicate,淫乱
self-indulgent,自我放纵
retracted,撤回
bacardi,百加得
rubicon,卢比孔河
dishonoured,蒙羞
leukaemia,白血病
headboard,床头板
leotard,紧身衣
off-guard,毫无防备
lady-in-waiting,侍女
nonfat,脱脂
uniqueness,独特性
gaseous,气态
lexicon,词汇
zippo,Zippo打火机
stilton,斯蒂尔顿
chika,奇卡
genteel,文雅的
chatterjee,查特吉
pringles,品客薯片
franklyn,弗兰克林
juve,尤文图斯
liners,衬垫
kagawa,香川
seuss,苏斯博士
chub,鲢鱼
alda,阿尔达
finns,芬兰人
covertly,隐蔽
earthworm,蚯蚓
remit,汇
ill-advised,不明智的
storeys,楼层
transpose,转置
coriander,香菜
morrigan,莫里根
migratory,迁徙的
allocation,分配
alternator,交流发电机
cessna,塞斯纳
barbers,理发师
ivs,静脉注射
buda,布达
teeny-weeny,微小的
icicles,冰柱
ornate,华丽
navin,纳文
flippant,轻浮的
conley,康利
paramour,情人
ferrante,费兰特
fracturing,断裂
blacking,黑化
bootlegger,私酒贩
ys,ys
ichigo,草莓
wwe,WWE
transcendental,超验的
out-of-control,失控
consumerism,消费主义
monorail,单轨列车
mochizuki,望月
rants,咆哮
humerus,肱骨
saeed,赛义德
hotchkiss,霍奇基斯
sundaes,圣代冰淇淋
conquistadors,征服者
geographically,地理上
meagre,微薄
taxidermy,动物标本剥制术
fishbowl,鱼缸
cannery,罐头厂
nel,内尔
detonating,引爆
sura,苏拉
aspired,渴望
objectionable,令人反感的
commendations,表彰
mentalist,心灵术士
ice-skating,溜冰
rejuvenation,返老还童
gassing,气体
bic,比克
sunroof,天窗
simian,猿猴
liszt,李斯特
millard,米勒德
confrontations,对抗
grandstand,看台
mongrels,杂种狗
paupers,贫民
charters,包机
replaceable,可更换
hotheaded,脾气暴躁
cherbourg,瑟堡
styled,风格
parkes,帕克斯
boggle,惊奇
waterway,水路
courtside,场边
kiko,基科
sweetwater,甜水
dunston,邓斯顿
videotaping,录像
rankings,排名
defame,诽谤
introductory,引言
sourdough,拓荒者
injector,注射器
midfield,中场
scabby,鬁
mifune,三船
boobie,胸部
witt,机智
pylon,塔架
tidbit,小插曲
propellant,推进剂
ayumi,步美
advocacy,倡导
robie,罗比
baloo,巴鲁
unearthly,超凡脱俗的
tiber,台伯河
zuckerberg,扎克伯格
gratis,免费
madi,玛迪
adachi,阿达奇
oberon,奥伯龙
rel,关系
on-air,电视直播
hairdryer,电吹风
sledding,雪橇
long-awaited,期待已久的
name-calling,辱骂
eras,时代
chuffed,高兴
exterminating,灭绝
oma,外婆
bunga,邦加
lundgren,伦德格伦
strongman,大力士
extinguishers,灭火器
uch,uch
detestable,可恨
ambo,救护车
durban,德班
rosamund,罗莎蒙德
splintered,破碎的
telemachus,忒勒马科斯
miffed,恼火
flatfoot,扁平足
ripen,熟
modicum,少量
askew,歪斜
crouched,蹲着
ascertained,已确定
ooty,乌蒂
snowboard,单板滑雪
hindered,受阻
kkk,哈哈
damsels,少女们
dongs,董
skimp,吝啬
hoh,嚯
reva,瑞瓦
materialism,唯物主义
rivas,里瓦斯
chapped,皲裂
adulterous,通奸
conferred,授予
unsigned,未签名
itsy-bitsy,小小的
judgements,判决
bebo,贝博
someones,某人
convoluted,错综复杂
interject,插
carbohydrates,碳水化合物
catchers,捕手
grimace,鬼脸
josefina,约瑟芬娜
tetsuya,哲也
awakes,醒来
workouts,锻炼
defection,叛逃
wenches,女佣
whisker,胡须
bihar,比哈尔邦
phalanx,方阵
upholding,维护
nori,海苔
artisans,工匠
awning,棚
strobe,频闪
fifty-two,五十二
consecrate,供奉
assimilation,同化
godliness,敬虔
roughest,最粗糙
chaperoning,陪同
stillwell,斯蒂尔韦尔
brr,嘶嘶
malleable,可塑性
apropos,恰好
syl,西尔
feeders,喂食器
projectiles,抛射物
soybeans,大豆
off-putting,令人反感
immobilized,固定
arias,咏叹调
avignon,阿维尼翁
cuddled,依偎
arkwright,阿克赖特
corrosion,腐蚀
sulky,闷闷不乐的
immigrated,移民
basel,巴塞尔
genus,属
cuttings,插条
godown,仓库
koda,科达
whitlock,惠特洛克
birdhouse,鸟屋
blitzkrieg,闪电战
harish,哈里什
autobiographical,自传体
screenings,筛查
laughlin,拉夫林
erna,埃尔纳
ferries,渡轮
login,登录
bulkheads,舱壁
highball,高球
lightyear,光年
philippa,菲利帕
essen,埃森
valery,瓦莱里
durian,榴莲
substituting,替换
urologist,泌尿科医生
animate,动画
half-cocked,半生不熟
vue,视图
lele,乐乐
appellate,上诉
monastic,修道院
parthenon,帕特农神庙
kidman,基德曼
misjudge,误判
sadiq,萨迪克
samosas,萨莫萨三角饺
slowpoke,慢吞吞
silica,二氧化硅
shaina,莎伊娜
tableau,画面
politic,政治
rodrigues,罗德里格斯
islamabad,伊斯兰堡
oxytocin,催产素
full-size,全尺寸
suckle,哺乳
eurovision,欧洲歌唱大赛
slobber,口水
duchy,公国
overcrowding,过度拥挤
borgias,博尔吉亚家族
haram,哈拉姆
orchestrate,精心策划
marrakech,马拉喀什
kitto,基托
tucks,褶皱
facet,方面
tans,棕褐色
adder,加法器
sind,信德
biographer,传记作家
yoni,阴道
streetlight,路灯
fermin,费尔明
hardcastle,哈德卡斯尔
hijacker,劫机者
chinchilla,龙猫
shadowed,阴影
equatorial,赤道
scullery,洗碗间
valerian,缬草
borman,博尔曼
vermillion,朱砂
ler,勒
navidad,圣诞节
baggie,袋子
estela,埃斯特拉
umi,海
sayers,说者
unequivocally,毫无疑问
flinging,投掷
dramatics,戏剧
lacerated,撕裂
sainsbury,Sainsbury's
loudon,劳顿
flowered,开花的
mercies,怜悯
seeded,播种
doorknobs,门把手
import-export,进出口
pizzazz,活力四射
black-eyed,黑眼圈
pincers,钳
screw-ups,失误
bendy,弯曲
spenser,斯宾塞
jelena,耶莱娜
mastercard,万事达
claremont,克莱蒙特
shell-shocked,炮弹休克
patronise,惠顾
naylor,内勒
altitudes,海拔
hijab,头巾
narita,成田
jura,汝拉
barium,钡
daffodil,水仙花
illuminates,照亮
rebeca,丽贝卡
copa,杯
gol,戈尔
reinstatement,复职
rafiq,拉菲克
passerby,过路人
scarsdale,斯卡斯代尔
bordello,妓院
nevers,从未
grower,种植者
catalogues,产品目录
recesses,凹陷处
metronome,节拍器
dram,德拉姆
tangy,酸的
drench,淋
multimillionaire,千万富翁
obscenities,淫秽
withstood,经受住了考验
scavenge,拾荒
tes,测试
emiliano,埃米利亚诺
concluding,总结
munchkins,小矮人
millar,米勒
epidemics,流行病
drummed,鼓声
atms,自动取款机
hobbits,霍比特人
defamed,诽谤
twink,小鲜肉
faze,法泽
airbase,空军基地
kaj,卡伊
wolverines,狼獾
cleanser,洁面乳
crux,症结
concussions,脑震荡
yorktown,约克镇
luiz,路易斯
chablis,夏布利
mayberry,梅伯里
underpass,地下通道
squabbles,争吵
goetz,戈茨
dabbling,浅尝辄止
teak,柚木
darfur,达尔富尔
vanna,瓦纳
warthog,疣猪
stabilise,稳定
falsifying,伪造
numbing,麻木
dozer,推土机
rajput,拉杰普特
niobe,尼俄柏
declines,下降
latches,锁扣
ast,最
goody-goody,乖乖女
snogging,接吻
capcom,卡普空
tuner,调谐器
blazed,燃烧的
guvnor,州长
saluted,敬礼
detriment,损害
pali,帕利
decatur,迪凯特
busby,巴士比
linux,Linux
morland,莫兰德
incorruptible,廉洁奉公
darien,达里恩
necrosis,坏死
flutters,颤动
erasers,橡皮擦
sorrel,酢浆草
hubbell,哈贝尔
kerb,抑制
finicky,挑剔的
horacio,霍拉西奥
wheeze,喘息
fun-loving,爱玩的
paganini,帕格尼尼
gowan,戈万
quenched,淬火
monahan,莫纳汉
modernity,现代性
niccolo,尼科洛
mcquaid,麦奎德
transvestites,变装者
freund,弗洛因德
olli,奥利
poofter,同性恋者
edmunds,埃德蒙兹
granddaughters,孙女们
radiologist,放射科医生
chiefly,主要
fortunetelling,算命
contreras,孔特雷拉斯
nader,纳德
scuttlebutt,流言蜚语
southerner,南方人
ramrod,通条
sti,sti
marinade,腌料
borealis,北方
zia,齐亚
nerve-wracking,令人紧张的
motocross,越野摩托车
peeped,偷窥
chicory,菊苣
mancha,曼查
atmospheres,氛围
graphs,图表
torino,都灵
darjeeling,大吉岭
observes,观察
rotter,腐烂者
downers,镇静剂
baste,绷
landfall,登陆
sitrep,情况报告
croutons,烤面包丁
maturing,成熟
nympho,性欲旺盛
loy,洛伊
iglesias,教堂
grassed,草地
laci,拉西
diced,切丁
lamenting,哀叹
rainmaker,造雨者
pathogens,病原体
abattoir,屠宰场
csis,CSIS
bamboos,竹子
correctness,正确性
advil,艾德维尔
utensil,用具
legos,乐高
nuri,努里
kimonos,和服
slavs,斯拉夫人
possums,负鼠
porous,多孔
cern,欧洲核子研究中心
jiff,瞬间
habitation,居住地
auckland,奥克兰
ire,愤怒
triangulation,三角测量
burlington,伯灵顿
masterminded,精心策划
showgirls,歌舞女郎
clothesline,晾衣绳
overshadowed,黯然失色
approximation,近似
beefing,牛肉
ornamental,装饰
savanna,热带草原
pb,铅
annoyingly,令人恼火
induces,诱导
cappuccinos,卡布奇诺
esparza,埃斯帕扎
mech,机械
samoa,萨摩亚
rinaldo,里纳尔多
carbine,马枪
stil,仍然
salih,萨利赫
perri,佩里
median,中位数
tonia,托尼亚
erases,擦除
squealer,告密者
airfields,机场
suppertime,晚餐时间
penalized,受罚
quizzes,测验
tugs,拖船
condiments,调味品
palisades,栅栏
ipswich,伊普斯维奇
geddes,格德斯
equitable,公平
wavered,犹豫不决
recharged,已充电
pillaging,掠夺
fado,法朵
willingham,威勒姆
blithering,胡言乱语
agitators,搅拌器
unabomber,炸弹客
favoritism,偏爱
monogram,字母组合
accords,协议
studious,好学的
gilman,吉尔曼
inference,推理
ellery,埃勒里
sisyphus,西西弗斯
allenby,艾伦比
hebrews,希伯来语
trine,三位一体
all-knowing,全知全能
pretenders,冒名顶替者
jamieson,杰米森
bauble,玩具
reciprocal,互惠的
flapjacks,煎饼
demean,贬低
mung,绿豆
discretionary,酌情决定
offscreen,屏幕外
caroling,颂歌
douglass,道格拉斯
legionnaires,军团士兵
self-proclaimed,自称
showstopper,惊艳全场
bradfield,布拉德菲尔德
dampen,挫伤
detested,令人厌恶的
kalahari,卡拉哈里
grier,格里尔
ovulation,排卵
rockstar,摇滚明星
miramar,米拉马尔
letterbox,信箱
genres,类型
craddock,克拉多克
unsympathetic,冷漠无情
ill-gotten,不义之财
bevy,一群
receptions,接待
bardo,巴尔多
unusable,无法使用
iverson,艾弗森
nokia,诺基亚
padres,教士队
imre,伊姆雷
sonnets,十四行诗
grouped,分组
drury,德鲁里
phuket,普吉岛
stapled,用订书钉装订
circulatory,循环系统
coldplay,酷玩乐队
cochin,科钦
sweepstakes,抽奖活动
beals,比尔斯
astride,跨骑
undercarriage,起落架
kirkwood,柯克伍德
observational,观察
resnick,雷斯尼克
gisele,吉赛尔
stowe,斯托
shikoku,四国
eclipses,日食
secretions,分泌物
hockney,霍克尼
berle,伯勒
jaye,杰伊
visualization,可视化
hawthorn,山楂
ferraris,法拉利
spitzer,斯皮策
medford,梅德福
backboard,篮板
mild-mannered,温文尔雅
grappa,格拉帕酒
wringer,绞干机
rock-solid,坚如磐石
misplace,错放
dismemberment,肢解
favoring,偏爱
valois,瓦卢瓦
badmouth,坏嘴
decathlon,迪卡侬
mangrove,红树
encyclopedias,百科全书
probationary,试用期
do-it-yourself,自己动手
stell,恒星
hotbed,温床
akiba,秋叶原
overstepping,越界
ioan,伊恩
wooley,伍利
sbk,sbk
boudreau,闺房
heavy-handed,粗暴
snubbed,冷落
rubbery,橡胶状的
introverted,内向
gutenberg,古腾堡
linguistics,语言学
mordor,魔多
jaguars,美洲虎
geraniums,天竺葵
inwards,向内
bagman,搬运工
leggy,腿长
wantonly,肆意妄为
slung,吊着
disher,分发器
spectrometer,光谱仪
calibrate,校准
ahi,鱼
ubu,乌布
faucets,水龙头
reenter,重新进入
untouchables,不可接触者
enclose,括
bongos,邦戈鼓
self-involved,自我中心
lodz,罗兹
abate,减弱
kirill,基里尔
tadeusz,塔德乌什
noda,野田
gossamer,游丝
lifesaving,救生
morose,忧郁
fouquet,富凯
salford,索尔福德
connector,连接器
stances,立场
oldman,老头
poi,波伊
ostensibly,表面上
neuroscience,神经科学
colonialism,殖民主义
uso,乌索
bisque,浓汤
slimeball,粘液球
voy,航程
cohesion,凝聚
hocus,麻醉
spoilers,剧透
clemence,克伦斯
beneficiaries,受益人
toady,拍马屁
posner,波斯纳
marred,受损
pathetically,可悲地
alternatively,或者
hyundai,现代
ple,ple
posses,拥有
self-employed,自雇
tsao,曹
dusky,昏暗
behavioural,行为
newell,纽厄尔
constituent,组分
skidding,集材
nub,凸起
watershed,分水岭
marja,玛雅
canines,犬科动物
peruse,仔细阅读
emissaries,使者
roadster,敞篷跑车
subvert,颠覆
swamy,斯瓦米
houghton,霍顿
loiter,游荡
grimoire,魔法书
revolvers,左轮手枪
pashto,普什图语
captor,俘虏者
delegated,委托
disputing,争议
demetri,德米特里
bossa,波萨诺瓦
extracts,提取物
subservient,顺从的
bellybutton,肚脐
kora,科拉
classically,传统上
sought-after,被）追捧
interchangeable,可互换
mustapha,穆斯塔法
zoot,祖特
formica,福米卡
expenditures,支出
slithering,滑行
yost,约斯特
bf,男朋友
hardness,硬度
sunbeam,阳光
greenspan,格林斯潘
vanquishing,战胜
debonair,风度翩翩
margate,马盖特
dereliction,废弃
anuj,阿努杰
cooney,库尼
gnawed,被啃咬
manami,真奈美
croquettes,炸丸子
glowed,发光
edelweiss,雪绒花
kingship,王权
legible,清晰易读
farnese,法尔内塞
papacy,教皇
flatterer,奉承者
yvan,伊万
relaunch,重新启动
lune,月亮
legrand,罗格朗
demotion,降职
sizing,浆纱
antigone,安提涅
rawhide,生皮
neutralise,中和
beverley,贝弗利
semifinal,半决赛
reviewer,评论员
shyster,骗子
stockroom,仓库
str,斯特
fragility,脆弱性
vagrants,流浪汉
kippers,熏鲱鱼
grafton,格拉夫顿
urinals,小便池
astound,震惊
mystified,困惑
born-again,重生
subscriptions,订阅
leer,斜视
betters,博彩公司
absurdly,荒谬地
tallinn,塔林
kroger,克罗格
breads,面包
fabricating,制造
estoy,estoy
sewell,休厄尔
bad-looking,长相不好
briny,咸的
mancuso,曼库索
chi-chi,琪琪
vogler,沃格勒
castaways,遇难者
cockamamie,疯子
pandu,潘杜
cellblock,牢房
transceiver,收发器
mulan,花木兰
laryngitis,喉炎
expelling,排出
brockman,布罗克曼
oran,奥兰
stillwater,死水
mailboxes,邮箱
clarifying,澄清
ers,ers
lauri,劳里
haverford,哈弗福德
braga,布拉加
two-dimensional,二维
free-range,散养
involuntarily,不由自主
gerd,胃食管反流病
photocopier,复印机
janina,雅尼娜
shrugged,耸了耸肩
cic,cic
flannigan,弗兰尼根
magnusson,马格努森
gracia,格拉西亚
mandated,强制性的
levitation,悬浮
cielo,天空
bunkhouse,宿舍
mamo,毛莫
extorted,勒索
ciudad,城市
flip-flop,拖鞋
mutating,变异
nagata,永田
bosley,博斯利
bonfires,篝火
microchips,微芯片
camry,凯美瑞
lakota,拉科塔
hori,堀
glitters,闪光
sus,可疑
vigo,维戈
regatta,帆船赛
paraplegic,截瘫
jabbing,刺击
nakano,中野
jockstrap,运动护裆
ney,尼
banded,带状
cornet,角膜
yokels,乡巴佬
arugula,芝麻菜
meine,我的
electrode,电极
drusilla,德鲁西拉
beatdown,暴打
ostriches,鸵鸟
ula,ula
skyrocket,火箭
pipelines,管道
econ,经济学
aileen,艾琳
bratwurst,德式香肠
dimmer,调光器
keeley,基利
satirical,讽刺
receptacle,容器
sows,母猪
beckoning,招手
helipad,直升机停机坪
rove,漫游
castaway,荒岛求生者
dragonflies,蜻蜓
smoothed,平滑
lovecraft,洛夫克拉夫特
mitsubishi,三菱
hot-water,热水
mensch,人
veracruz,韦拉克鲁斯
coley,科利
alamos,阿拉莫斯
extremism,极端主义
solider,士兵
sed,sed
poli,政治
curable,可治愈的
saku,saku
dislodge,松动
urination,排尿
pornos,色情片
huntsville,亨茨维尔
doodling,涂鸦
publicize,宣传
aight,好的
kibble,狗粮
smears,涂片
unbearably,难以忍受
shreveport,什里夫波特
macro,宏
reconsidering,重新考虑
relegated,降级
nary,几乎
talkie,有声电影
ricks,里克
propagate,传播
vulnerabilities,漏洞
bayside,海湾
ludmila,柳德米拉
malachy,马拉奇
joiner,木工
karnataka,卡纳塔克邦
instalment,分期付款
sune,太阳
endorsing,支持
affiliations,隶属关系
midwives,助产士
trick-or-treat,不给糖就捣蛋
teleprompter,提词器
withal,此外
branca,布兰卡
mons,丘陵
sounder,探鱼器
mordechai,末底改
mutilations,残害
puckett,帕克特
reincarnate,转世
rioters,暴徒
giro,巡回赛
kasi,卡西
macedonian,马其顿
echidna,针鼹
zhukov,茹科夫
lengthen,加长
mange,疥癣
awarding,授予
modifying,修改
posey,波西
aleppo,阿勒颇
limehouse,莱姆豪斯
previews,预览
combatant,战斗人员
corroborated,证实
antibody,抗体
bastien,巴斯蒂安
doctoral,博士
jago,贾戈
spindle,主轴
hellcats,地狱猫
requisite,必需品
basilio,巴西利奥
pitiless,无情
nineteenth,第十九
prerequisite,先决条件
dufresne,杜弗雷纳
spake,说
bulimia,神经性贪食症
foregone,已放弃
dir,目录
glo,glo
godwin,戈德温
humanoids,人形生物
chives,细香葱
adriatic,亚得里亚海
campion,坎皮恩
amc,美联社
thar,那里
prairies,草原
tangent,切线
respectively,分别
timur,帖木儿
nini,妮妮
keyword,关键词
iam,我是
helpin,帮助
moser,莫泽
indeedy,确实如此
preventive,预防
off-world,外星
hiker,徒步旅行者
quintana,昆塔纳
carb,碳水化合物
yggdrasil,世界树
commuted,通勤
approachable,平易近人
recalibrate,重新校准
rst,rst
waa,哇
pestered,烦扰
azuma,阿祖玛
durrell,杜雷尔
zaheer,扎希尔
catalonia,加泰罗尼亚
flawlessly,完美无瑕
cluttered,杂乱
harpo,哈尔波
procuring,采购
dachshund,腊肠犬
iso,异丙醇
krug,克鲁格
brutish,野蛮的
burned-out,精疲力竭
milieu,环境
alfonse,阿方索
nonviolence,非暴力
sexless,无性别
gascoigne,加斯科因
feigned,假装
canny,精明
mercantile,商业
overlooks,俯瞰
locos,机车
bathes,沐浴
cocteau,科克托
driest,最干燥
dollies,手推车
pervasive,普遍的
dien,迪恩
pirelli,倍耐力
ferdinando,费迪南多
tushy,屁股
botticelli,波提切利
zidane,齐达内
numerals,数字
pantsuit,裤装
bloodsuckers,吸血鬼
rambler,漫步者
tita,蒂塔
minnow,桃花鱼
pineda,皮内达
marginally,略微
premed,医学预科
falstaff,福斯塔夫
infirm,虚弱
bulletins,公告
peerless,无与伦比
hues,色调
couplet,对联
skylark,云雀
linguini,扁面条
councillors,议员们
widest,最宽
salander,萨兰德
inflame,发炎
honing,磨砺
sterilization,消毒
comic-book,漫画书
engels,恩格斯
ex-lover,前任
lajos,拉约什
alcide,阿尔西德
preoccupation,专注
centaurs,半人马
oversaw,监督
teja,特哈
freakishly,怪异地
high-frequency,高频
uninhibited,不羁
stowaways,偷渡者
kurdistan,库尔德斯坦
lah,啦
elke,麋鹿
bestial,兽性
embroider,绣
axed,被砍掉
part-timer,兼职人员
pontiff,教皇
consults,咨询
gratuity,小费
fertilization,受精
whitest,最白
spratt,鲱鱼
financiers,金融家
explores,探索
aeronautics,航空学
restricting,限制
linguist,语言学家
pitfalls,陷阱
zoology,动物学
facetious,滑稽的
seeped,渗出
sicilians,西西里人
excusing,借口
patterned,图案
toh,托
liquorice,甘草
yahoos,雅虎
elmore,埃尔莫尔
ejector,喷射器
sidewinder,侧旋
longfellow,朗费罗
revolutionized,革命性的
kl,千
descendent,后代
grayer,灰白
sop,肥皂
lauryn,劳琳
bushido,武士道
spanning,跨越
cymbal,钹
weaponized,武器化的
sprinting,短跑
hargreaves,哈格里夫斯
once-over,一遍遍
acrobatics,杂技
lowlands,低地
defused,扩散
worded,措辞
outfitted,配备
life-size,真人大小
schooler,学校
discriminated,歧视
haber,哈伯
gota,必须
mujahideen,圣战者
ands,和
nougat,牛轧糖
barbiturates,巴比妥类药物
hsia,夏
excepting,除外
handshakes,握手
nur,努尔
osmond,奥斯蒙德
hot-wire,热线
swaps,交换
kom,科姆
indentation,缩进
blasphemer,亵渎者
meeker,温顺的
peeper,偷窥者
short-staffed,人手不足
schweitzer,施韦策
eighteenth,第十八
impeding,阻碍
meister,大师
gama,伽马
signpost,路标
distended,膨胀
insulate,隔离
bonito,鲣
halen,哈伦
miz,米兹
salerno,萨勒诺
regs,法规
fief,封地
meld,融合
webbed,蹼状的
hmo,人寿保险
poco,poco
snape,斯内普
moni,莫尼
dolittle,杜立特
worshiping,敬拜
gutting,开膛
buoyancy,浮力
gophers,地鼠
top-of-the-line,顶级
corolla,花冠
real-world,现实世界
sunspots,太阳黑子
defunct,已倒闭
intrinsic,固有的
medium-sized,中等大小
monogrammed,字母组合
digitalis,洋地黄
deflecting,偏转
dunning,邓宁
dreamboat,梦中情人
kilroy,基尔罗伊
gabor,加博尔
whizz,呼啸
unflattering,不讨喜的
assemblies,组件
geneticist,遗传学家
mchugh,麦克休
computed,计算
poolside,泳池边
bhutan,不丹
bunion,拇囊炎
swum,游泳
berenson,贝伦森
prattling,喋喋不休
complementary,补充
overreaction,反应过度
self-worth,自我价值
lamarr,拉马尔
luster,光泽
rok,洛克
campuses,校园
attuned,协调的
drayton,德雷顿
woodshed,柴房
vac,真空
parm,帕尔马干酪
rasmussen,拉斯穆森
bitters,苦味酒
cricketer,板球运动员
forty-six,四十六
afield,田野
ridding,骑行
consciences,良心
whitby,惠特比
unwrapped,拆开
sawed-off,锯短的
disclosing,披露
forewarned,事先警告
pooling,池化
wildflowers,野花
sanitizer,消毒剂
pavlovich,帕夫洛维奇
maggy,玛吉
recognising,识别
takano,高野
fuckup,搞砸了
heya,嘿呀
sprawl,蔓延
summerhouse,避暑小屋
emphasized,强调
mystics,神秘主义者
macneil,麦克尼尔
toasters,烤面包机
flaring,燃烧
ernestine,厄内斯廷
limerick,五行打油诗
pel,佩尔
edmonds,埃德蒙兹
whatsit,什么东西
railroaded,铁路
tangerines,橘子
yucatan,尤卡坦半岛
aegis,盾牌
misfire,失火
valdes,瓦尔德斯
pepi,佩皮
orla,奥拉
adidas,阿迪达斯
asymmetrical,不对称
madoka,圆香
fulfilment,履行
patrolled,巡逻
carli,卡莉
trouper,骑兵
yas,是的
chutzpah,厚颜无耻
herrings,鲱鱼
paced,踱步
big-city,大城市
listless,蔫
tracts,小册子
disappoints,令人失望
walla,瓦拉
feroz,费罗兹
aerosmith,史密斯飞船乐队
trowel,镘
passerby,过路人
sidonia,西多尼亚
hurriedly,匆匆
lek,莱克
wingspan,翼展
busty,丰满
runways,跑道
relatable,容易产生共鸣
pinewood,松林
wahoo,哇哦
bonbons,糖果
overs,局
deepen,深化
ferment,发酵
keener,更敏锐
gristle,脆骨
chyna,非洲人
pavements,人行道
vagrancy,流浪
stereotypical,刻板印象
behind-the-scenes,幕后
hearin,听觉
repulse,击退
defraud,骗取
reattach,重新连接
haller,哈勒
flatbush,平灌木丛
penknife,小刀
ww,WW
borrower,借款人
certainties,确定性
blackwater,黑水
ransack,洗劫一空
passersby,路人
oblique,斜
vladivostok,符拉迪沃斯托克
persimmon,柿子
g-spot,G点
scorer,得分手
well-bred,出身良好的
cribs,婴儿床
malign,诽谤
hobble,跛行
creepers,爬行者
lytton,利顿
honky-tonk,乡村酒吧
samaritans,撒玛利亚人
reservoirs,水库
king-size,特大号
clarion,号角
melee,近战
egress,出口
wast,浪费
detonates,引爆
schemer,阴谋家
busch,布施
stanfield,斯坦菲尔德
sugar-free,无糖
paddies,稻田
incontinence,失禁
pyle,派尔
tom-tom,汤姆汤姆
strolls,漫步
failsafe,故障安全
wiggles,扭动
anglia,安格利亚
authentication,验证
unspoiled,未受破坏的
sandusky,桑达斯基
bouvier,布维耶
choker,颈链
grater,刨丝器
faxes,传真
statesmen,政治家
rosso,罗索
polyps,息肉
flicked,轻弹
taku,拓也
one-track,单轨
drexel,德雷克塞尔
nikko,日光
reclaiming,回收
rejoices,欢欣鼓舞
unintended,无意的
nuit,夜晚
ravel,拉威尔
scrounging,乞讨
mathison,麦迪逊
offstage,幕后
ibsen,易卜生
blabbed,喋喋不休
spewed,喷涌而出
dearing,亲爱的
moldova,摩尔多瓦
ces,ces
feuds,世仇
go-kart,卡丁车
diwan,迪万
sicken,令人作呕
democracies,民主国家
fornicating,性交
kanin,卡宁
capp,卡普
compresses,压缩
pisser,小便器
inevitability,必然性
terje,特耶
underhill,安德希尔
stickup,粘贴
slanted,倾斜的
miscreant,恶棍
pru,保诚
brews,酿造
rosales,蔷薇
hamill,哈米尔
peasy,小菜
olde,古老的
ecg,心电图
kirin,麒麟
pastel,粉彩
schopenhauer,叔本华
horvath,霍瓦特
outlying,边远
wellman,韦尔曼
slavers,奴隶贩子
wistful,怅惘
procurator,检察官
entombed,埋葬
bluesy,蓝调
jet-lagged,时差反应
shuffleboard,沙狐球
egad,天哪
northerners,北方人
erroneous,错误
centerfold,中心插页
wishbone,许愿骨
gayest,同性恋
skinnier,更瘦
shimla,西姆拉
jacobsen,雅各布森
nhl,NHL
duckworth,达克沃斯
ferryman,摆渡人
badness,坏
nits,虱子
infuser,浸泡器
cvi,cvi
trimmer,修剪器
kopecks,戈比
preminger,普雷明格
trujillo,特鲁希略
trams,电车
trepidation,忐忑不安
hummingbirds,蜂鸟
signifying,表示
she-wolf,母狼
sympathizer,同情者
pvc,PVC
coppola,科波拉
cots,婴儿床
tetra,四重
uplift,提升
nosferatu,诺斯费拉图
birk,桦木
drudgery,苦差事
mooring,停泊
halford,哈尔福德
shira,希拉
howto,如何
unassuming,谦逊
saira,赛拉
fostering,寄养
womenfolk,妇道人家
skewed,倾斜
itis,这是
domine,支配
refineries,炼油厂
unaccompanied,无人陪伴
teats,乳头
felling,感觉
wallflower,壁花
yvon,伊冯
stilettos,细高跟鞋
veritas,真理
els,els
sorrier,更抱歉
hawker,小贩
rationed,配给
biscayne,比斯坎
follicles,卵泡
infarction,梗塞
kyla,凯拉
reverted,恢复
donato,多纳托
partnering,合作
inputs,输入
sustainability,可持续性
janssen,强生
apnea,睡眠呼吸暂停
caca,卡卡
flanking,侧翼
disraeli,迪斯雷利
pasts,过去
edi,编辑
inversion,倒置
entrap,陷阱
omicron,奥米克戎
submissions,提交
yancey,扬西
anasazi,阿纳萨齐
primus,普里姆斯
epcot,艾波卡特
tunneling,隧道
tase,塔斯
rotc,后备军官训练团
crafting,手工制作
scalded,烫伤
dasha,达沙
khomeini,霍梅尼
tattle,告密
hershel,赫歇尔
sold-out,售罄
premarital,婚前
talkies,有声电影
harnesses,安全带
preparatory,预备
jokin,开玩笑
ashland,阿什兰
antidepressant,抗抑郁药
panchayat,村委会
fibula,腓骨
tabernacle,圣幕
berkshire,伯克希尔
fandango,凡丹戈
haman,哈曼
fiddlesticks,胡说八道
unmitigated,未加缓解的
thousandth,千分之一
blackguard,浑蛋
kens,肯斯
labeling,标签
remade,重制版
liaisons,联络
gilt,镀金
guatemalan,危地马拉
perturbed,忐忑
side-effects,副作用
peace-loving,爱好和平的
mandalay,曼德勒
k2,k2
hot-dog,热狗
erick,埃里克
knowest,最知道
scruff,颈背
conversationalist,健谈者
ursa,大熊座
commemoration,纪念
ronni,罗尼
enforcers,执法者
benitez,贝尼特斯
half-man,半人
motorists,驾车者
ricin,蓖麻毒素
timor,东帝汶
affords,提供
stewing,炖
gargantuan,巨大的
plo,普洛
estimating,估算
sociopaths,反社会人格
comtesse,伯爵夫人
practitioners,从业者
deductive,演绎推理
fou,福
wussy,懦夫
pavarotti,帕瓦罗蒂
kyo,京
wilberforce,威尔伯福斯
hunky-dory,一切顺利
statuette,塑像
dryden,德莱顿
tiptoeing,踮着脚尖
concoct,编造
kino,电影院
outboard,舷外机
decibels,分贝
expeditionary,探险家
renter,承租人
interceptors,拦截者
ubiquitous,无处不在
mafioso,黑手党
nazism,纳粹主义
triplicate,三份
prenuptial,婚前
mescaline,麦司卡林
cornering,转弯
skidded,打滑
lionesses,母狮
tn,田纳西州
baer,贝尔
open-air,露天
gretzky,格雷茨基
marcelino,马塞利诺
kew,邱园
tallis,塔利斯
raton,拉顿
notte,诺特
caseworker,个案工作者
dismember,肢解
nicodemus,尼哥底母
piloted,试飞
vacuumed,真空
arouses,唤起
honeybee,蜜蜂
assunta,阿松塔
eugen,尤金
wands,魔杖
barroom,酒吧间
torturous,折磨
turpin,特平
grandview,格兰德维尤
cinders,煤渣
prolonging,延长
breastfeed,母乳喂养
santorini,圣托里尼
blogging,博客
huan,欢
spongy,海绵状的
deckard,戴克
paracetamol,扑热息痛
embellished,修饰过的
inserts,插入件
chucho,丘丘
well-rounded,全面发展的
muslin,细棉布
fealty,忠诚
branko,布兰科
tartars,酒石酸
naik,奈克
slated,预定
hardwired,硬连接
roundtrip,往返
changeable,多变
beene,蜜蜂
creamer,奶精
inman,人
saleswoman,售货员
cronkite,克朗凯特
flayed,剥皮
rna,RNA
punchline,笑点
mitra,米特拉
pales,苍白
pucks,冰球
auerbach,奥尔巴赫
taxman,税务员
physio,理疗师
fertiliser,肥料
fela,费拉
semifinal,半决赛
chin-chin,干杯
infuse,注入
semiautomatic,半自动
dashwood,达什伍德
isamu,伊萨姆
wid,宽
bangor,班戈
brioche,鞋垫
contradicted,矛盾
contingencies,突发事件
gianna,吉安娜
aishwarya,艾西瓦娅
grift,骗局
sufferers,受害者
nutters,疯子
squids,鱿鱼
tarr,焦油
mastectomy,乳房切除术
sharia,伊斯兰教法
velasco,维拉斯科
emf,电动势
emmys,艾美奖
voir,查看
shut-in,闭关锁户
britten,布里顿
averaging,平均值
petticoats,衬裙
tas,塔斯
archetype,原型
wordplay,文字游戏
heckle,嘲讽
copious,丰富
brodsky,布罗茨基
gto,格托
fervently,热切地
gazelles,瞪羚
ricocheting,反弹
somersaults,空翻
honouring,致敬
anatolia,安纳托利亚
baptise,洗礼
bock,博克
dandelions,蒲公英
slav,斯拉夫
medallions,奖章
skirmishes,小规模冲突
snowmen,雪人
hamlin,哈姆林
skiers,滑雪者
woolsey,伍尔西
oscillating,振荡
courageously,勇敢地
breadsticks,面包棒
lata,拉塔
blacken,黩
highschool,中学
bernd,伯恩德
doritos,多力多滋
maharaj,马哈拉吉
ingeborg,英格堡
creepier,更诡异
diversions,转移
emmeline,艾米琳
gung-ho,好战
pitiable,可怜的
steffi,斯蒂菲
traynor,特雷纳
puritans,清教徒
rattler,响尾蛇
olof,奥洛夫
taguchi,田口
rivalries,竞争
courtland,法院
yolks,蛋黄
resupply,补给
wadi,瓦迪
appropriated,挪用
lanny,兰尼
pollux,波吕克斯
nandi,南迪
encyclopaedia,百科全书
writin,写作
deep-seated,根深蒂固的
glandular,腺体
faun,牧神
predisposed,易感
satyr,色狼
celluloid,赛璐珞
burgos,布尔戈斯
mertz,默茨
miniscule,微小的
afghani,阿富汗
lindley,林德利
philomena,菲洛梅娜
longstreet,长街
salas,萨拉斯
bellyache,腹痛
adair,阿代尔
punked,恶搞
hollered,大声喊叫
hombres,男人们
structurally,结构上
hoodoo,觋
defeatist,失败主义者
shuck,壳
maharashtra,马哈拉施特拉邦
anderton,安德顿
flowerpot,花盆
xx,xx
groundwater,地下水
barden,巴登
toei,东映
waterbed,水床
haywood,海伍德
primitives,原始
ivanhoe,艾凡霍
cardamom,小豆蔻
tradesmen,商人
angled,倾斜的
postmarked,邮戳日期
suwa,诹访
irradiated,辐照
mannion,曼尼翁
uchi,内
bigots,偏执狂
abhorrent,令人憎恶的
dinged,叮咚
hovers,悬停
fingerprinted,指纹
davison,戴维森
urethra,尿道
beal,比尔
blu-ray,蓝光
turrets,炮塔
cujo,库乔
enviable,令人羡慕
proximal,近端
restrictive,限制性的
chickening,胆小鬼
hollowed,空心的
bankrupted,破产
bau,鲍
mcclintock,麦克林托克
chuan,川
beefs,牛肉
schmucks,笨蛋
encircle,包围
birthed,出生
unrestricted,不受限制的
colluding,串谋
destabilize,不稳定
vittles,食物
rebs,叛军
reclamation,开垦
kiefer,基弗
throb,搏动
tamale,玉米粉蒸肉
transformative,变革性的
nardo,纳尔多
berlusconi,贝卢斯科尼
molesters,性骚扰者
bris,割礼
smorgasbord,自助餐
coveralls,连体工作服
hotspot,热点
ico,图标
lightened,轻度
laboring,劳动
unisex,男女通用的
half-life,半衰期
kawai,卡哇伊
rus,俄罗斯
crevices,缝隙
unbelievers,不信者
borges,博尔赫斯
bluebirds,蓝知更鸟
cock-up,搞砸了
fearlessly,无畏地
deflated,瘪
bans,禁令
sabers,光剑
sotto,sotto
merrin,梅林
disproportionate,不成比例的
schulz,舒尔茨
lindstrom,林德斯特罗姆
coraline,卡罗琳
morgen,莫根
ionic,离子型
wellingtons,惠灵顿靴
gujarat,古吉拉特邦
moley,鼹鼠
speedometer,速度表
prodding,催促
beep-beep,哔哔
lausanne,洛桑
fertilizers,肥料
termed,称为
botch,搞砸了
frustrate,阻挠
salomon,所罗门
headhunter,猎头
tingles,刺痛感
dhoti,纱笼
spry,轻快
sontag,桑塔格
sprinter,短跑运动员
cypher,暗号
droughts,干旱
philanthropic,慈善
discos,迪斯科舞厅
sweetened,加糖
snobbish,势利
invitational,邀请赛
abysmal,极其糟糕
dauntless,无畏
scala,Scala
antigua,安提瓜
fra,fra
ousted,被驱逐
hauls,运输
batted,击球
gitmo,关塔那摩
spotters,观察员
faceoff,对峙
finches,雀类
asphyxiated,窒息
hoochie,妓女
heighten,增高
bookstores,书店
hoke,霍克
hutchins,哈钦斯
allocate,分配
gulch,峡谷
sama,萨玛
fanaticism,狂热
sportsmen,运动员
eminently,非常
bohm,波姆
martinelli,马蒂内利
aesthetically,美学上
bahrain,巴林
triumphantly,凯旋而归
kmart,凯马特
antler,鹿角
ashcroft,阿什克罗夫特
amygdala,杏仁核
self-explanatory,不言自明
shames,耻辱
thrall,奴隶
homophobe,恐同者
corsets,紧身胸衣
ringmaster,驯兽师
sainted,圣徒
purebred,纯种
vivacious,活泼
hopi,霍皮
gabriele,加布里埃尔
dirtied,脏的
kettering,凯特林
nears,临近
maskell,马斯克尔
pillsbury,皮尔斯伯里
farmhand,雇农
cicada,蝉
goad,刺激
deign,设计
lisi,丽西
canter,慢跑
impostors,冒名顶替者
half-dozen,六个
maruyama,丸山
gymnasts,体操运动员
brokenhearted,伤心
sods,草皮
ghee,酥油
enquirer,问询者
erred,犯错
varmints,害兽
clutched,紧握
swishing,嗖嗖声
puller,拉拔器
sleazebag,卑鄙小人
petechial,点状
spluttering,喷溅
vesta,维斯塔
aggrieved,受委屈的
ericsson,爱立信
maa,妈妈
minnelli,明尼利
malika,玛丽卡
redder,更红
tarsus,睑板
mustered,集结
dena,迪娜
maliciously,恶意地
slugging,猛击
solaris,太阳星
undid,撤销
rounder,圆润
whereupon,于是
jocko,黑猩猩
kaur,考尔
guardsmen,卫兵
tyree,轮胎
luci,露西
flintstones,燧石
sg,新加坡
glaser,格拉泽
warbler,莺
perplexing,令人费解
snicker,暗笑
handheld,手持式
trigonometry,三角学
qb,qb
deary,亲爱的
gynaecologist,妇科医生
counsellors,咨询师
mussel,蚌
edvard,爱德华
outshine,光芒四射
chaim,查伊姆
keefer,基弗
galvan,伽伐尼
pylons,铁塔
ransome,赎金
karpov,卡尔波夫
truncheon,警棍
strata,地层
devising,设计
long-winded,冗长
headlock,锁喉
unlawfully,非法地
sucre,糖
tanking,坦克
three-point,三分球
armband,臂章
favela,贫民窟
tightens,收紧
tol,托尔
eclipsed,日食
extricate,解脱
epilogue,结语
campaigned,竞选活动
abusers,施虐者
soco,soco
caustic,腐蚀性物质
gbs,GBS
geysers,间歇泉
amazonian,亚马逊
marceline,马塞琳
stepmother,后妈
totality,总和
lk,lk
reuniting,重聚
gliders,滑翔机
taverns,酒馆
methodically,有条不紊
shiba,柴犬
blah-blah-blah,巴拉巴拉
fractal,分形
walkout,退席
seafaring,航海
fearfully,恐惧地
surest,最可靠的
mosquitos,蚊子
proficiency,熟练程度
chieftains,酋长们
work-up,准备工作
pecked,啄食
fraid,害怕
resection,切除
fibbing,说谎
pitch-black,漆黑一片
confiding,倾诉
navigators,导航员
kagan,卡根
steeper,更陡峭
rada,拉达
gouging,敲诈勒索
tts,tts
cystic,囊性
nape,颈背
torrential,滂沱
landmines,地雷
hunker,蹲伏者
surefire,绝对可靠
jenga,叠叠乐
oversees,监督
musta,穆斯塔
marketed,已上市
kriss,克里斯
boers,布尔人
tallulah,塔卢拉
diagonally,对角线
all-day,全天
incomes,收入
yayoi,弥生
asterisk,星号
soni,索尼
kursk,库尔斯克
managerial,管理
hemmed,包边
phased,分阶段
yurt,蒙古包
vexing,令人恼火
peron,人
passkey,通行密钥
silos,筒仓
washers,垫圈
oxymoron,矛盾修辞法
facilitated,促进
manos,手
brainchild,创意
sitcoms,情景喜剧
thunderclaps,雷声
sleepwalk,梦游
zeeland,西兰
schwarz,施瓦茨
colm,科尔姆
full-length,全长
dissimilar,不同的
sajid,萨吉德
perceives,感知
severus,西弗勒斯
obi,腰带
agnostic,不可知论者
chauhan,乔汉
harrisburg,哈里斯堡
loggers,日志记录器
yaks,牦牛
extremity,末端
exoskeleton,外骨骼
unopposed,无人反对
rumpelstiltskin,鲁姆普尔斯蒂尔特金
newfound,新发现
wallenberg,瓦伦堡
spritzer,喷雾
piped,管道
teary,泪眼婆娑
self-doubt,自我怀疑
limoges,利摩日
bodine,博丁
omniscient,无所不知
dogfight,空战
totals,总计
indivisible,不可分割的
washcloth,面巾
uriel,乌列尔
scull,橹
inundated,被淹没
elasticity,弹性
syndicated,联合发行
jacek,杰克
shona,绍纳语
lif,生命
sizzler,炙烤
lenders,贷款人
cemented,水泥
leering,色眯眯的
leveraged,杠杆
schofield,斯科菲尔德
pedantic,迂腐的
interacted,互动
recognisable,可识别的
shallots,小葱
tasmania,塔斯马尼亚
draconian,严苛的
bleaching,漂
sefton,塞夫顿
ponte,蓬特
squashing,压扁
berthier,贝尔蒂埃
crackdown,镇压
bottleneck,瓶颈
revulsion,厌恶
amoeba,阿米巴
dostoevsky,陀思妥耶夫斯基
bloat,腹胀
layouts,布局
taxidermist,标本剥制师
belen,贝伦
gmos,转基因生物
teardrops,泪滴
two-step,两步
zeroed,归零
quaking,震动
drina,德里纳
cull,淘汰
varicose,静脉曲张
kimo,基莫
communicators,沟通者
wowed,惊艳
jaco,雅各
snorkeling,浮潜
windbreaker,防风衣
droop,下垂
kawashima,川岛
imposes,强加
thins,薄片
stretchers,担架
beckon,招手
ass-kicking,痛扁
creasy,皱巴巴的
retaliated,报复
octagon,八边形
bestiality,兽交
segundo,第二
wrung,拧干
peder,佩德
pumpernickel,黑麦面包
prudish,拘谨
pointe,足尖
earthbound,地球
zuma,祖玛
settler,定居者
wildness,野性
ingles,英语
humanities,人文科学
sprawled,蔓延
schiff,希夫
charu,查鲁
koba,科巴
inoculation,接种
haskins,哈斯金斯
tepid,温热
paschal,复活节
sacristy,圣器室
aborigines,土著居民
sequels,续集
shanked,带柄
jewellers,珠宝商
guzzle,咕噜
cvs,CVS
indomitable,不屈不挠
pear-shaped,梨形
centred,居中
half-day,半天
llc,有限责任公司
yor,你的
puto,普托
panini,帕尼尼
fortuneteller,算命先生
evelyne,伊芙琳
ub,ub
balled,球状
appraiser,评估师
exerting,施力
gimpy,跛脚
old-age,老年
processors,处理器
mahmud,马哈茂德
prattle,喋喋不休
tachycardia,心动过速
drexler,德雷克斯勒
andalusia,安达卢西亚
porkchop,猪排
commuting,通勤
feuding,争吵
nonce,nonce
referenced,参考
clerics,神职人员
runoff,径流
wisp,烟雾
whist,惠斯特
llamas,羊驼
chesterton,切斯特顿
bunions,拇囊炎
barbosa,巴博萨
eine,一个
aftertaste,余味
lowenstein,洛温斯坦
clumps,团块
star-crossed,命运多舛
fonder,更
sayer,赛耶
hirono,广野
halved,减半
dumbfounded,目瞪口呆
waltzed,华尔兹
fluoride,氟化物
pussycats,小猫
accentuate,强调
woolen,羊毛
anjou,安茹
apo,使徒
lindo,林多
geothermal,地热
chasin,追逐
unimaginably,难以想象
mummification,木乃伊化
tremaine,特雷梅因
newberg,纽伯格
regulating,调节
elisha,以利沙
straights,直道
outrageously,令人愤慨地
creases,褶皱
pentothal,戊硫
slaver,奴隶贩子
billet,坯料
godot,戈多
counterproductive,适得其反
ayahuasca,死藤水
mandala,曼陀罗
shylock,夏洛克
justus,正义
mccauley,麦考利
vieira,维埃拉
enrichment,丰富
hurries,匆忙
baklava,果仁蜜饼
verdicts,判决
sheared,剪切
ruble,卢布
galleria,画廊
precipitation,沉淀
pursuers,追捕者
bullocks,牛
hardheaded,固执
elysian,极乐世界
infractions,违规行为
befits,适合
garuda,迦楼罗
bigoted,偏执的
disinfected,已消毒
whittier,惠蒂尔
inside-out,里外翻转
podiatrist,足科医生
nutritionist,营养师
lind,林德
fullback,后卫
thataway,那边
duper,超级
sing-along,一起唱歌
lugosi,卢戈西
homelessness,无家可归
walpole,沃尔波尔
lubbock,拉伯克
sampler,采样器
suma,苏玛
sundry,杂项
stradivarius,斯特拉迪瓦里
anise,八角
brunei,文莱
grafted,嫁接
biarritz,比亚里茨
squall,暴风雨
maher,马赫
edged,边缘
levelheaded,冷静沉着
symbiosis,共生
henk,亨克
recognizance,具结
chechens,车臣人
begining,开始
resenting,怨恨
vicomte,子爵
mekong,湄公河
carola,卡罗拉
inshallah,因沙安拉
macintyre,麦金泰尔
electricians,电工
staffers,工作人员
inseminated,人工授精
wazoo,哇祖
essie,艾西
giuliana,朱莉安娜
appalachian,阿巴拉契亚山脉
mandel,曼德尔
fouls,犯规
hama,浜
banked,银行
strom,斯特罗姆
cautioned,警告
maroney,马罗尼
reverses,反转
munchausen,孟乔森综合征
vulva,外阴
bader,巴德尔
three-piece,三件套
zealot,狂热者
schilling,席林
tiananmen,天安门
xv,十五
gregoire,格雷戈尔
juma,朱玛
dionysus,狄俄尼索斯
boche,波切
symbolized,象征性的
cellphone,手机
dreidel,陀螺
tween,青少年
secreted,分泌物
darkening,变暗
kickball,踢球
depositing,存款
filipinos,菲律宾人
fact-finding,事实调查
ddt,ddt
loyalists,保皇党
ehrlich,埃尔利希
flatbed,平板
messi,梅西
conveniences,便利设施
relapsed,复发
rent-free,免租金
ef,ef
meep,咩咩
automaton,自动机
murad,穆拉德
tibor,蒂博
damm,该死
recharging,充电
adaptations,适应
anti-american,反美
ever-changing,不断变化
heer,这里
iib,iib
propofol,丙泊酚
zookeeper,动物园管理员
beca,因为
sisi,茜茜
paulus,保卢斯
negate,否定
sorrento,索伦托
canasta,卡纳斯塔
looping,循环
ganged,结伙
peonies,牡丹
ble,ble
tsurugi,剑
hollers,喊叫
veered,转向
birgit,比尔吉特
damocles,达摩克利斯之剑
spyder,蜘蛛
brightens,提亮
galleon,盖伦帆船
detectable,可检测的
dimmed,调暗
self-aware,自我意识
paulinho,保利尼奥
beni,贝尼
aggro,侵略
danner,丹纳
tula,图拉
deceives,欺骗
criticising,批评
painstakingly,精心
spurn,拒绝
valets,代客泊车员
idiom,成语
eth,以太坊
bairn,孩子
life-giving,赋予生命
arbitrarily,任意地
stereos,立体声
saad,萨阿德
personals,个人信息
purposeful,有目的的
ached,疼痛
retinue,随从
kilpatrick,基尔帕特里克
bedded,卧床
childishness,童心
krakatoa,喀拉喀托火山
mannered,有礼貌的
laureate,桂冠
perjure,伪证
hil,希尔
heredity,遗传
pews,教堂长椅
hellcat,地狱猫
devotional,灵修
insinuation,暗示
donne,唐恩
bypassing,绕过
ream,雷姆
chook,鸡
edmonton,埃德蒙顿
lj,lj
zat,扎特
bespoke,定制
surveyors,测量员
jeri,杰里
swoosh,嗖嗖声
prabhakar,普拉巴卡尔
brinkman,布林克曼
smasher,粉碎者
mezzanine,夹层
ventilate,通风
unconcerned,漠不关心
perversions,变态
naacp,全国有色人种协进会
functioned,功能正常
resell,转售
dangled,悬挂着
boucher,布歇
kazuki,和树
rivet,铆钉
nok,诺克
pumice,浮石
aleister,阿莱斯特
preserver,保护者
gazes,凝视
rewrites,重写
minuet,小步舞曲
low-budget,低成本
unfocused,注意力不集中
brunson,布伦森
scanlan,斯坎兰
eyeful,赏心悦目
zumba,尊巴舞
vali,瓦利
entranced,着迷
flightless,不会飞的
testes,睾丸
mimsy,米姆西
hungover,宿醉
hitchhiked,搭便车
beekeeper,养蜂人
catfight,猫咪大战
annul,废止
criterion,标准
adel,阿德尔
gasses,气体
bagwell,巴格韦尔
fairyland,仙境
reconstructive,重建
firmness,硬度
scuffling,扭打
dragoons,龙骑兵
multimillion,数百万美元
snipes,狙击手
ardennes,阿登地区
maudlin,感伤
anouk,阿努克
absconded,潜逃
weet,甜
lonelier,更孤独
slip-up,失误
mounties,皇家骑警
satanists,撒旦教徒
pixar,皮克斯
murchison,默奇森
exley,埃克斯利
sideswipe,侧滑
genii,天才
pundit,评论员
disinherited,剥夺继承权
undeveloped,未开发的
benin,贝宁
quills,羽毛
sourced,来源
vestibule,前厅
hegel,黑格尔
wy,怀
ravings,胡言乱语
wilby,威尔比
immovable,不可移动的
snivelling,哭泣
benders,弯管
honeymooners,蜜月旅行者
groundbreaking,开创性的
pud,布丁
pharisees,法利赛人
nitric,一氧化氮
wuthering,呼啸山庄
hawley,霍利
godavari,戈达瓦里
dryers,烘干机
compote,果酱
mountaineer,登山
babbitt,巴氏合金
playoffs,季后赛
yeats,叶芝
rockfish,石斑鱼
advocated,倡导者
strives,努力
butte,比尤特
tl,tl
counterpoint,对位
newsreels,新闻短片
ilan,伊兰
escargot,蜗牛
mobley,莫布利
chillies,辣椒
stroganoff,斯特罗加诺夫牛肉
upsy-daisy,upsy-daisy
marathons,马拉松
gl,gl
tums,汤
barfed,喂食
roughness,粗糙度
cranford,克兰福德
outa,出
offal,内脏
fallacy,谬论
permafrost,永久冻土
weatherby,韦瑟比
kodiak,科迪亚克
dervish,苦行僧
stomps,跺脚
necromancer,死灵法师
redness,发红
legation,使馆
schmooze,闲聊
charmingly,迷人地
envies,羡慕
wringing,拧干
redman,红人
boycotting,抵制
desperado,亡命之徒
aff,亲属
loyalist,保皇党
anaesthesia,麻醉
sippy,啜饮
steinmetz,施泰因梅茨
imogene,伊莫金
ord,秩序
fumbled,笨手笨脚
cus,客户
wicks,灯芯
corresponded,对应
afterthought,事后考虑
whooped,欢呼
kester,凯斯特
webby,webby
bared,裸露
ic,我知道了
haphazard,偶然
surrealist,超现实主义
kasia,卡西亚
ulrike,乌尔里克
yannick,扬尼克
epsom,泻盐
cw,cw
saith,赛斯说
misogynistic,厌女症
chapstick,润唇膏
urinated,尿液
camellia,茶花
angers,愤怒
lawndale,劳恩代尔
jambalaya,什锦饭
servings,份量
wabash,瓦巴什
ricochets,跳弹
grills,烤架
straddling,跨骑
boneless,无骨
apostrophe,撇号
olle,奥勒
ise,ise
qua,qua
tuco,图科
adulation,崇拜
deficiencies,缺陷
unsuccessfully,不成功
high-security,高安全性
deutschland,德国
slandering,诽谤
uav,无人机
sudo,sudo
begotten,所生的
dewy,露水
moaned,呻吟
resplendent,灿烂
stockpiling,囤积
oolong,乌龙茶
yipping,吠叫
forecasts,预测
brainwave,脑电波
damnable,该死的
lances,长矛
instigator,煽动者
distrustful,不信任
vis,视觉
permian,二叠纪
clays,粘土
warcraft,魔兽争霸
egor,伊戈尔
ruel,鲁埃尔
bowles,保龄球
kershaw,科肖
bihari,比哈尔邦
septimus,七分音
chronological,按时间顺序
gloriana,格洛丽安娜
minas,米纳斯
privatization,私有化
weds,结婚
dammed,被水坝
cheekbone,颧骨
gloriously,辉煌地
butterfingers,笨手笨脚
elli,埃利
huerta,菜园
grannie,奶奶
tashi,塔什
spliced,拼接
oakwood,橡木
colorless,无色
pugh,普格
jenson,詹森
manion,豪宅
heretical,异端
shaded,阴影
slapper,掌掴者
bathsheba,拔示巴
benefiting,受益
harbored,藏匿
sapling,树苗
solidify,固化
hamstring,腿筋
bluer,更蓝
silhouettes,轮廓
mouthed,嘴巴
avanti,avanti
fave,最爱
handa,汉达
montparnasse,蒙帕纳斯
knapp,克纳普
weighin,称重
pricking,刺
proofread,校对
methuselah,玛士撒拉
camo,迷彩
dyslexia,阅读障碍
mcnab,麦卡纳布
lampshade,灯罩
streetlights,路灯
dopes,傻瓜
sharpie,记号笔
denials,否认
songwriters,词曲作者
escudos,埃斯库多
montaigne,蒙田
urns,骨灰瓮
jorgen,约尔根
percentile,百分位数
balder,巴尔德
grump,脾气暴躁
boogie-woogie,布吉伍吉
nonny,诺尼
zaire,扎伊尔
itinerant,流动
rimini,里米尼
tun,通
pomeroy,波默罗伊
peal,皮尔
kage,影
murals,壁画
dakin,达金
moana,莫阿娜
panoramic,全景
gravestones,墓碑
dark-skinned,肤色较深
rickets,疳
oreo,奥利奥
duets,二重唱
brulee,焦糖布丁
farmington,法明顿
nauseated,恶心
theses,论文
iwas,我曾
komsomol,共青团
anteater,食蚁兽
chipotle,墨西哥辣椒
connally,康纳利
mumtaz,蒙塔兹
bbs,bbs
midgard,米德加尔特
humanist,人文主义者
ding-a-ling,叮叮当
initiates,启动
dere,德雷
copulation,交配
self-discipline,自律
chaco,查科
overflows,溢出
bombarding,轰炸
barra,巴拉
caseload,病例量
chide,喝叱
knead,揉
brimmer,边缘
sharpshooters,神枪手
psychotherapist,心理治疗师
immortalized,永垂不朽
calla,马蹄莲
icecream,冰淇淋
mukhtar,穆赫塔尔
latrines,厕所
spectra,光谱
philanderer,花花公子
ouzo,茴香酒
sweepers,清扫工
throwaway,丢弃
record-breaking,破纪录的
electing,选举
evaporation,蒸发
thermals,热力
garish,扎眼
palatial,宫殿
facelift,面部拉皮
ashworth,阿什沃思
diversified,多元化
picketing,纠察
innovator,创新者
linder,林德
caboodle,杂物
yelena,叶莲娜
tatyana,塔季扬娜
venturing,冒险
excels,卓越
afterall,毕竟
solon,梭伦
sociological,社会学
slanderous,诽谤
norrell,诺雷尔
torrence,托伦斯
fusses,大惊小怪
criss,克里斯
ghettos,贫民窟
villiers,维利尔斯
headlining,头条新闻
radovan,拉多万
shiatsu,指压
prodded,催促
babyface,娃娃脸
forme,为我
long-lasting,持久
scrutinized,仔细审查
enlistment,征募
knockout,昏死
lorazepam,劳拉西泮
exerted,施加
twisty,扭曲的
resurface,重新出现
grenada,格林纳达
kaching,卡钦
distanced,保持距离
hab,哈布
lotions,乳液
retrovirus,逆转录病毒
pitchforks,干草叉
auditors,审计员
trespasser,擅闯者
ddd,ddd
one-half,二分之一
taffeta,塔夫绸
marciano,马尔恰诺
gaily,兴高采烈地
acknowledgment,致谢
embryonic,胚胎
demographics,人口统计数据
northward,向北
breathlessly,气喘吁吁
culpability,有罪
hossein,侯赛因
roebuck,狍鹿
adaptive,自适应
anc,祖先
malvo,马尔沃
antacid,抗酸剂
ib,ib
well-placed,位置优越
unwitting,不知情
caveat,注意
marginalized,边缘化
rasping,粗糙
newhouse,新房
banquo,班科
tangles,缠结
boorman,布尔曼
amoral,无道德的
clermont,克莱蒙特
loincloth,缠腰布
escalates,事态升级
hypothalamus,下丘脑
deflection,偏转
underhand,暗中
defecate,大便
daz,达兹
berthe,贝尔特
manifesting,显现
onesie,连体衣
lucienne,露西恩
marcin,马尔钦
stravinsky,斯特拉文斯基
onthe,在
pensacola,彭萨科拉
brutalized,残暴
arsenio,阿森尼奥
consigned,托运
nagi,凪
pander,讨好者
cataract,白内障
gdansk,格但斯克
quicken,加速
uncaring,冷漠
coolly,冷静地
stephane,斯蒂芬
periphery,周边
kure,吴
reassign,重新分配
spoof,欺骗
nearsighted,近视
professed,声称
queries,查询
ushered,引导
hangings,绞刑
treasonous,叛国
lapointe,拉普安特
tubular,管状
lemoine,勒莫因
green-eyed,绿眼睛
wc,厕所
hermaphrodite,雌雄同体
shelia,谢莉娅
warmers,保暖器
loners,独行者
baying,吠叫
biden,拜登
ferraro,费拉罗
dalmatian,达尔马提亚犬
arsonists,纵火犯
ingesting,摄入
misshapen,畸形
snp,标普500
rejuvenated,恢复活力
ident,标识符
tagore,泰戈尔
squab,乳鸽
hooliganism,流氓
colonic,结肠
sharman,沙曼
neary,附近
valkyries,女武神
gitano,吉普赛人
lb,磅
pyro,火药
furtive,鬼鬼祟祟
wisecracks,俏皮话
beaujolais,博若莱
namibia,纳米比亚
attentively,认真地
hittites,赫梯人
aldous,奥尔德斯
hsiang,项
goldfinger,金手指
sanctify,圣化
alcazar,阿尔卡萨尔
preclude,排除
woon,伍恩
trumped-up,捏造的
yai,雅伊
gomer,戈默
menelaus,梅涅劳斯
sundar,桑达尔
platters,拼盘
protections,保护措施
guna,古纳
faltering,摇摇欲坠
kayaking,皮划艇
radiates,辐射
implacable,冷酷无情
theologians,神学家
minstrels,吟游诗人
transcontinental,跨大陆
halvorsen,哈尔沃森
open-and-shut,开合式
exclusivity,独特性
atheism,无神论
incensed,愤怒
bewildering,扑朔迷离
buoyant,浮力
biodiversity,生物多样性
kp,kp
mean-spirited,心胸狭窄
zorba,佐尔巴
bushels,蒲式耳
adjuster,调节器
goodfellow,好伙伴
jitterbug,抖动
rotors,转子
schuster,舒斯特
pyramus,金字塔
archdeacon,副主教
lucilla,卢西拉
manfredi,曼弗雷迪
bluster,虚张声势
avalanches,雪崩
divas,女神们
polonium,钋
dishonourable,不光彩的
braggart,自吹自擂者
consummation,圆房
brunel,布鲁内尔
lene,莱恩
well-read,博览群书
nickelodeon,尼克儿童频道
twitches,抽搐
sasa,萨莎
leviticus,利未记
mcdonalds,麦当劳
wintergreen,冬青
subcutaneous,皮下
muzzy,模糊
philandering,拈花惹草
littlejohn,小约翰
haj,朝觐
tamarind,罗望子
vag,阴道
vindication,平反
hinkle,欣克尔
grouper,石斑鱼
aggressiveness,攻击性
civics,公民课
knocker,敲击器
lps,lps
dartmoor,达特穆尔
hepatic,肝脏
tobruk,托布鲁克
akatsuki,晓
shivaji,希瓦吉
magister,大师
smelting,冶炼
homegirl,闺蜜
glean,收集
self-centred,以自我为中心
fuckups,搞砸了
junket,公款旅行
thickest,最厚
ghoulish,令人毛骨悚然
talky,健谈
middlemen,中间人
interlock,互锁
protracted,拖延
irresponsibility,不负责任
carjacked,劫车
ped,行人
sprocket,链轮
hedy,海蒂
stalwart,坚定的
immemorial,远古的
zohar,佐哈尔
rab,拉布
disregarding,不予理会
strasser,斯特拉瑟
deliberating,深思熟虑
gazillion,亿万
pompoms,绒球
trilby,毡帽
double-parked,双排停车
flam,火焰
bis,bis
revels,揭秘
ringed,环状
reprogramming,重新编程
sprints,短跑
miny,迷你
inadequacy,不足
diminishes,减少
edifice,大厦
joelle,乔尔
wr,wr
hospitalization,住院治疗
stubb,斯塔布
doo-wop,嘟哇
to-go,外带
santosh,桑托什
sci,科学
piri,皮里
azrael,阿兹瑞尔
mock-up,小样
scribbles,涂鸦
nightingales,夜莺
gatling,加特林机枪
unjustified,不合理的
bivouac,露营
unilateral,单方面
mixers,搅拌机
reinventing,重塑
spas,水疗中心
whiteness,白人
mellowed,温和的
nibs,笔尖
lockbox,保险箱
huai,怀
tariff,关税
gsa,美国政府服务局
wizardry,巫术
pukes,呕吐物
unexploded,未爆炸
insomniac,失眠症
arai,阿拉伊
cartouche,饰框
hard-pressed,压力巨大
impassioned,热情洋溢
bourbons,波旁威士忌
instructs,指示
benchmark,基准
admirals,海军上将
astrophysicist,天体物理学家
keycard,钥匙卡
petrovic,彼得罗维奇
medial,内侧
nyc,纽约市
veracity,真实性
test-drive,试驾
cryer,哭泣者
sloping,倾斜的
churro,吉事果
etch,蚀刻
accredited,认证
mcluhan,麦克卢汉
megalomaniac,狂妄自大者
rectified,已纠正
stationmaster,站长
commences,开始
angler,垂钓者
bormann,博尔曼
edgardo,埃德加多
pummel,揍
tonight,今晚
loyally,忠诚地
expended,已支出
eighty-six,八十六
multitudes,众多
doncaster,唐卡斯特
igniting,点燃
ormond,奥蒙德
malena,玛莱娜
fallopian,输卵管
gaya,加雅
kneels,跪着
overcompensating,过度补偿
spreader,撒布器
seeps,渗漏
fending,防御
aether,醚
lenka,伦卡
teepee,圆锥形帐篷
rane,牧场
rusting,生锈
budweiser,百威啤酒
berenice,贝雷妮丝
cygnus,天鹅座
saxony,萨克森
dp,DP
gravitation,引力
dalliance,调戏
simulating,模拟
feta,羊乳酪
egged,鸡蛋
cleese,克里斯
personable,性格随和
brigand,强盗
repenting,忏悔
skateboards,滑板
granddaughter,孙女
redid,重做
ducklings,小鸭
cloaks,斗篷
quarries,采石场
populate,填充
grata,grata
brightened,明亮
unchain,解链
carthaginian,迦太基
secs,秒
ethos,精神气质
vicksburg,维克斯堡
inhibitors,抑制剂
themed,主题
wiccan,女巫
frescoes,壁画
dreadlocks,脏辫
suffragette,妇女参政论者
deakins,迪金斯
wingate,温盖特
revved,加速
squirted,喷射
obsessive-compulsive,强迫症
taper,锥形
alpaca,羊驼
hot-tempered,脾气暴躁
artis,艺术家
unfreeze,解冻
earshot,可听见
coloreds,彩色
mantua,曼图亚
buffoons,笨蛋
schaefer,舍弗
hecate,赫卡忒
pugsley,帕格斯利
reenactment,重演
chilies,辣椒
crystallized,结晶
ermine,貂
vehemently,强烈地
predisposition,倾向
calibration,校准
mucked,泥泞
basher,猛击者
dato,数据
carmelita,卡梅利塔
borat,硼砂
jurek,尤雷克
westerly,西风
bruges,布鲁日
glides,滑翔
plagiarized,抄袭
materialized,实体化
gauthier,高蒂埃
hunks,帅哥
ino,伊诺
scant,稀少
worsley,沃斯利
malfeasance,渎职
stoplight,交通灯
ringers,铃声
fervour,热情
maren,玛伦
strode,大步走
raglan,插肩袖
offload,卸载
spyware,间谍软件
externally,外部
stuntmen,特技演员
hairball,毛球
telekinetic,念动力
brannan,布兰南
jumba,强巴
morrell,莫雷尔
conveys,传递
semesters,学期
guffaws,大笑
pinter,品特
jeane,珍妮
hawes,霍斯
deafness,耳聋
francisca,弗朗西斯卡
spacey,太空
southerly,南风
coltrane,科尔特兰
convalescent,康复期
lahiri,拉希里
spiritualist,唯灵论者
mayes,五月
spate,暴雨
mcenroe,麦克罗
seger,塞格尔
manipulates,操纵
dote,宠爱
noob,小白
lanyard,挂绳
samoan,萨摩亚人
swines,猪
endearment,爱称
showboat,表演船
azalea,映山红
fastidious,挑剔
beecham,比彻姆
pickaxe,镐
fx,特效
lowery,洛厄里
oust,驱逐
abram,亚伯兰
steamroller,蒸汽压路机
yuppies,雅皮士
pelicans,鹈鹕
imperialists,帝国主义者
republics,共和国
deficits,赤字
unraveled,解开
emphatic,强调
aficionado,爱好者
irrespective,无论如何
fede,联邦
barneys,巴尼
forums,论坛
rejuvenate,恢复活力
alois,阿洛伊斯
kleist,克莱斯特
fanned,扇形
barts,巴特
diorama,立体模型
matzo,玛佐
unicef,联合国儿童基金会
dich,迪奇
frankincense,乳香
miya,米娅
lovelies,可爱的
scoliosis,脊柱侧弯
aquinas,阿奎那
feelgood,感觉良好
reshape,重塑
lakewood,莱克伍德
zhivago,日瓦戈
pistachios,开心果
educators,教育工作者
pitying,怜悯
volta,伏特
unappreciated,不被赏识
shiraz,设拉子
hoopla,喧闹
solarium,日光浴室
pagers,寻呼机
karr,卡尔
unpublished,未发表的
conscription,征兵
mahone,马洪
manicured,修剪
collectibles,收藏品
playpen,游戏围栏
scriptwriter,编剧
mergers,合并
lavage,灌洗
slocum,斯洛克姆
curiouser,好奇心
lg,lg
locale,本地化
reconstructing,重建
clunks,咔嗒声
ninety-eight,九十八
relaying,中继
woodcutter,樵夫
feint,佯攻
remuneration,报酬
orr,或
snakebite,蛇咬伤
filament,灯丝
lusting,色欲
fisticuffs,拳击
hermia,赫米娅
banu,巴努
preservatives,防腐剂
fine-tooth,细齿
whiskies,威士忌
peoria,皮奥里亚
assisi,阿西西
georgi,乔治
acrobatic,杂技
interminable,没完没了
trumbull,特朗布尔
unhurt,毫发无损
eres,eres
shadwell,沙德韦尔
solicited,征求意见
superglue,强力胶
condescend,屈尊
neuroses,神经症
rl,rl
siphoning,虹吸
leche,牛奶
confining,限制
penitence,忏悔
homunculus,小人
hullabaloo,喧闹
sunderland,桑德兰
woolworth,伍尔沃斯
manitoba,曼尼托巴省
dubrovnik,杜布罗夫尼克
adem,阿德姆
anti-government,反政府
advices,建议
cuzco,库斯科
liberalism,自由主义
crudely,粗略地
cristobal,克里斯托瓦尔
turnoff,关
hypnotised,被催眠
tarik,tarik
currencies,货币
maha,玛哈
articulated,铰接式
nra,美国步枪协会
gbh,合伙企业
decapitate,杀头
bagley,巴格利
surnames,姓氏
dweller,居住者
incontinent,失禁
uninspired,缺乏灵感
lockjaw,锁颌
een,een
deen,迪恩
one-quarter,四分之一
singularly,单独地
nagged,唠叨
gladness,欢乐
briony,布里奥尼
unromantic,不浪漫的
cacophony,嘈杂声
nunzio,努齐奥
bando,班多
brags,吹嘘
impeach,劾
toyotomi,丰臣
resigns,辞职
meddled,干预
bawdy,粗俗的
bumpkins,乡巴佬
vaya,瓦亚
evildoers,作恶者
psychotropic,精神药物
shaquille,沙奎尔
callaway,卡拉威
after-dinner,晚餐后
disenfranchised,被剥夺选举权的
repartee,妙语连珠
tacked,已钉住
short-tempered,脾气暴躁
capitulate,投降
viaduct,高架桥
repossess,收回
pecos,佩科斯
jubal,朱巴尔
grable,格莱布尔
yew,紫杉
servile,奴性的
aurore,极光
dolby,杜比
bromley,布罗姆利
mopey,忧郁
chlo,克洛伊
sukiyaki,寿喜烧
pleiades,昴
pouches,小袋
tuckered,疲惫不堪
suzhou,苏州
soapbox,肥皂盒
fil,电影
ender,终结者
expansive,广阔的
dropouts,辍学
collingwood,科林伍德
giri,义理
dearborn,迪尔伯恩
clapper,拍板
appeased,安抚
counterattack,反击
wombat,袋熊
buccaneers,海盗
officiate,裁判
yitzhak,伊扎克
matata,马塔塔
grooving,开槽
dependents,家属
man-child,巨婴
caramelized,焦糖
predicated,预设的
bodhisattva,菩萨
herewith,此附
jabberwocky,胡言乱语
solidified,凝固
olin,奥林
floundering,挣扎
viscous,粘稠的
druggist,药剂师
pseudo,伪
pradhan,普拉丹
kwak,郭
repealed,废除
encino,恩西诺
stabilised,稳定
oneness,合一
deflate,放气
moccasins,鹿皮鞋
greengrocer,蔬菜水果店
shamus,沙姆斯
jolson,乔尔森
chol,胆固醇
depletion,消耗
impersonated,冒充
unos,乌诺斯
compilation,汇编
smackers,smackers
effected,受影响
reims,兰斯
fairplay,公平竞争
tanto,短刀
beauteous,美丽的
pullover,套衫
longmire,长路
maelstrom,漩涡
loulou,露露
braved,勇敢
closed-circuit,闭路
trespassed,擅闯
panna,潘纳
posthumously,死后
ices,冰
joakim,约阿希姆
rehan,雷汉
yegor,叶戈尔
whey,乳清
adolphe,阿道夫
sepp,塞普
stricter,更严格
sauteed,炒
liane,莉安
well-paid,收入丰厚
lacquer,漆
morey,莫雷
lobbied,游说
conversely,反过来
tortellini,意大利饺子
yearbooks,年鉴
pigments,颜料
deceptively,具有欺骗性的
lunchroom,小吃店
counterfeiter,造假者
originates,起源于
oldham,奥尔德姆
dimas,迪马斯
footstep,脚步
vayu,风
bigmouth,长舌妇
honeycutt,蜜切
indelicate,不雅
ung,ung
conveying,传递
extramarital,婚外
basha,巴沙
acoming,即将到来的
nicholls,尼科尔斯
buller,布勒
harbouring,窝藏
soothsayer,预言家
prosthesis,假肢
nooks,角落
stringent,严格
coolio,酷里奥
hackman,哈克曼
benedetto,贝内德托
choirboy,唱诗班男孩
ather,以太
settee,沙发
lionheart,狮心
paracelsus,帕拉塞尔苏斯
svengali,斯文加利
backache,背痛
ngs,ngs
stix,棍子
tenets,信条
constituted,构成
bergerac,贝热拉克
maiko,舞妓
la-di-da,啦迪达
lookout,瞭望台
brokeback,断背
walkthrough,流程攻略
nadezhda,娜杰日达
lancers,枪骑兵
bast,巴斯特
jahan,贾汉
pernod,茴香酒
manohar,马诺哈尔
reenact,重演
uninterested,不感兴趣
coattails,裙摆
thet,那个
chastise,惩罚
stoller,婴儿车
griddle,烤盘
pocketful,口袋
burgeoning,蓬勃发展
moulds,模具
wrenches,扳手
grecian,希腊
yhe,是
alhambra,阿尔罕布拉宫
mariette,玛丽埃特
moolah,金钱
littleton,利特尔顿
trashcan,垃圾桶
typhoons,台风
upshot,结果
eco-friendly,环保
courtier,朝臣
lacs,漆
landmine,地雷
cartwheel,车轮
burka,罩袍
supermassive,超大质量
spotlights,聚光灯
canoeing,划独木舟
impetus,动力
daemon,守护进程
staffer,工作人员
ripened,成熟的
thermodynamics,热力学
efendi,埃芬迪
fetishes,恋物癖
zin,锌
retracing,回溯
fairmont,费尔蒙特
jinny,精灵
loring,洛林
sweltering,酷热
indentured,契约
blackbirds,黑鸟
wilmot,威尔莫特
anto,安托
chanted,吟诵
biographies,传记
rerouting,重新路由
darkie,黑人
ostia,孔
critiques,批评
subtleties,微妙之处
shri,什里
irrevocably,不可逆转地
heckling,起哄
kickoff,开球
hydrangeas,绣球花
quantify,量化
tailpipe,排气管
alle,全部
lowen,洛文
blurring,模糊
castes,种姓
biochemist,生物化学家
occupancy,占用
macdougall,麦克杜格尔
pirouette,旋转
mnemonic,记忆法
berber,柏柏尔人
wolcott,沃尔科特
weighty,重
righ,右
benzene,苯
lathrop,拉思罗普
mcclain,麦克莱恩
double-time,双倍速
fumigated,熏蒸
whatchamacallit,什么叫
fatties,胖子
behinds,背后
murata,村田
koizumi,小泉
pooled,汇集
radiohead,电台司令
foray,突袭
lcd,液晶显示屏
needlework,针线活
referrals,转诊
eps,EPS
chock-full,满满的
footfalls,脚步声
hagar,夏甲
ashlee,阿什利
whistleblower,举报人
facsimile,传真
unpatriotic,不爱国的
airfare,机票
tormentor,折磨者
greenbacks,绿钞
ott,ott
bartok,巴托克
panhandle,平底锅
monterrey,蒙特雷
greaves,油渣
mclaughlin,麦克劳克林
balli,巴利
unbuttoned,解开纽扣
equine,马科动物
huygens,惠更斯
falsify,伪造
velour,丝绒
disapproving,不赞同
zinger,辛格
batons,警棍
myocardial,心肌
scolds,责骂
bluey,蓝精灵
ciara,希拉
dren,孩子们
punky,朋克
darkly,黑暗
dob,出生日期
dissension,纠纷
duplicitous,两面派
lathe,车床
eleonora,埃莉诺拉
sss,sss
riffs,即兴演奏
ebert,埃伯特
mccallum,麦卡勒姆
oyama,大山
broadminded,胸襟宽广
selflessly,无私奉献
compasses,指南针
nastiness,令人厌恶
persistently,持续地
ruda,鲁达
vindaloo,咖喱鸡
encroaching,侵占
sugi,杉
heralds,使者
oder,或
split-second,瞬间
trafficked,贩运
highlighting,突出显示
monolith,巨石
tenzin,丹增
nads,睾丸
cobblers,鞋匠
nubia,努比亚
brita,布里塔
out-of-body,灵魂出窍
sheepdog,牧羊犬
fein,费恩
quaid,真纳
sio,sio
clotilde,克洛蒂尔德
albertine,阿尔贝蒂娜
mh,嗯
krupp,克虏伯
kofi,科菲
mendes,门德斯
roundhouse,圆形车库
birdcage,鸟笼
burdett,伯德特
gustaf,古斯塔夫
referees,裁判
bap,面包
shout-out,喊出来
addendum,附录
atoll,环礁
caked,蛋糕
short-circuit,短路
shamefully,可耻地
simo,西蒙
rescuer,救援人员
searcher,搜索者
earmarked,预留
shimon,西蒙
milestones,里程碑
g8,g8
vani,瓦尼
fatigues,疲劳
shrubbery,灌木
needlepoint,针线活
wyndham,温德姆
basins,盆地
lech,莱赫
shod,鞋子
counseled,咨询
aurelia,奥雷利亚
nightdress,睡衣
evidentiary,证据
alsace,阿尔萨斯
measurable,可测量的
shinhwa,神话
nsc,国家安全委员会
bequest,遗赠
witchy,女巫
cowan,考万
disinformation,虚假信息
publicized,公开的
yamaha,雅马哈
hom,家
outsourcing,外包
brandishing,挥舞
polina,波琳娜
inoculated,接种
brocade,锦缎
forty-one,四十一
wane,衰落
schafer,舍弗
jessy,杰西
plexus,神经丛
minimise,最小化
anda,和
vaca,假期
minster,部长
pedrosa,佩德罗萨
beguiling,迷人的
liddell,利德尔
selene,硒
meisner,迈斯纳
constantin,康斯坦丁
reheat,再加热
granary,粮仓
notting,记不清
teamsters,卡车司机
freefall,自由落体
abominations,可憎之物
parabolic,抛物线
jono,乔诺
josefa,约瑟法
harrogate,哈罗盖特
tumblers,玻璃杯
renton,伦顿
closeted,隐秘的
messaged,已发送消息
botulism,肉毒杆菌中毒
heaped,堆积如山
trawl,拖网
mimes,哑剧演员
saipan,塞班岛
ayers,艾尔斯
townie,镇民
cert,证书
q-tip,棉签
synagogues,犹太教堂
soe,索
clough,克拉夫
thurber,瑟伯
carny,嘉年华
pippy,皮皮
cathouse,妓院
recast,重制版
lusts,欲望
burble,窃笑
descriptive,描述性的
rumblings,隆隆声
gooch,古奇
meldrum,梅尔德鲁姆
refilled,重新装满
vestal,贞女
antares,安塔瑞斯
oakes,橡树
cheltenham,切尔滕纳姆
pranked,恶作剧
gramercy,格拉梅西
sculptors,雕塑家
hoodies,连帽衫
clumsiness,笨拙
lysander,莱桑德
paradoxes,悖论
scabies,疥
ostend,奥斯坦德
reddick,雷迪克
radek,拉德克
carm,卡姆
civvies,便服
gravest,最严重的
psoriasis,银屑病
tutsi,图西族
teaspoons,茶匙
seeding,播种
ullman,乌尔曼
amphitheater,露天剧场
hardheaded,固执
schlep,拖带
pyromaniac,纵火狂
rancor,冤仇
white-hot,白热
harebrained,异想天开
ily,我爱你
loaner,借用
saran,萨兰
stiffness,刚性
petitioner,请愿人
inertial,惯性
tight-ass,紧屁股
heis,他是
worldview,世界观
motta,莫塔
quinton,昆顿
litigator,诉讼律师
baffles,挡板
housekeepers,管家
mellon,甜瓜
neuron,神经元
servo,伺服电机
atelier,工作室
meddlesome,好事
reexamine,复审
hydroelectric,水力发电
corinna,科琳娜
grands,大人物
attrition,损耗
bullshitter,胡说八道
overextended,过度扩张
pinup,钉住
bollinger,布林带
cased,有壳
commemorating,纪念
c-note,c-note
achim,阿希姆
theron,瑟隆
altimeter,高度表
mired,陷入困境
gendarmerie,宪兵队
parolee,假释犯
heng,恒
caron,卡隆
sanya,三亚
criminality,犯罪
denzil,丹泽尔
doctrines,教义
edging,边缘
buckling,屈曲
stakeouts,蹲守
irvin,欧文
fina,最终
shill,托儿
recurrence,复发
moyer,莫耶
pallets,托盘
counterterrorism,反恐
buccaneer,海盗
duchamp,杜尚
narcolepsy,嗜睡症
udder,乳房
novotny,诺沃特尼
cree,克里族
cargill,嘉吉
cadiz,加的斯
supervisory,主管
disrobe,脱衣
savonarola,萨沃纳罗拉
millisecond,毫秒
illusionist,魔术师
undershirt,汗衫
mackintosh,雨衣
court-ordered,法院命令
vespers,晚祷
hoarsely,沙哑地
pickets,纠察队
indio,印第奥
sasi,萨西
hypo,低
jacobo,雅各布
dockers,Dockers
rawley,罗利
bluffed,虚张声势
manoel,马诺埃尔
peddlers,小贩
tawney,褐褐色
decisively,果断地
whiner,抱怨者
massing,群体
offs,离开
misrepresented,歪曲事实
orchestras,管弦乐队
howled,嚎叫
soaks,浸泡
guzzling,狂饮
mikko,米科
coronado,科罗纳多
biro,圆珠笔
jammin,即兴演奏
ceylon,锡兰
kiowa,基奥瓦
inflating,充气
subsidiaries,子公司
zamora,萨莫拉
gizmos,小玩意
demoralized,士气低落
lefts,左
malo,坏
stirrup,镫
cooperates,合作
dippy,迪皮
oso,奥索
mungo,芒戈
lucretia,卢克丽霞
pulverize,粉碎
monotone,单调
aphids,蚜虫
banta,班塔
nonhuman,非人类
cq,cq
scapula,肩胛骨
greys,灰色
forcible,强制的
ragtag,乌合之众
katsura,桂
tomfoolery,胡闹
cabrera,卡布雷拉
flat-screen,平板屏幕
busload,巴士负载
guardo,守卫
gentlest,最温柔的
ineffectual,无效
reconnecting,重新连接
two-legged,双足
pra,普拉
propagation,传播
newberry,纽伯里
sneering,冷笑
maligned,受人诋毁
unfurled,展开
preventative,预防
eastward,向东
trafford,特拉福德
multinationals,跨国公司
lycra,莱卡
wearable,可穿戴设备
barbies,芭比娃娃
endangers,危及
churned,搅打
rossum,罗森
caters,餐饮
masson,马森
ihop,IHOP
dry-cleaned,干洗
out-of-state,外州
coccyx,尾骨
jairo,贾伊罗
marsala,玛萨拉
handfuls,一把
kannada,卡纳达语
boosts,提升
eaves,檐
oc,oc
stipulation,规定
ov,卵
sommelier,侍酒师
tubman,塔布曼
pounder,重锤
calzone,卡尔佐内
reis,雷斯
kimba,金巴
scholastic,学术
catskills,卡茨基尔山脉
lhc,左心室
cycled,循环
natal,出生
trifled,琐碎
masseria,马塞里亚
sturm,风暴
alleges,声称
accolades,赞誉
reassembled,重新组装
ide,想法
rungs,梯级
crossrail,横轨
pedes,脚
rhodesia,罗得西亚
hotheaded,脾气暴躁
comebacks,反击
dbs,数据库
expertly,熟练地
peeved,恼怒
kerri,凯莉
hallmarks,标志
kauai,考艾岛
red-light,红灯
millington,米林顿
jackrabbit,野兔
tarun,塔伦
wishy-washy,优柔寡断
softens,软化
culminating,高潮
someway,以某种方式
unsealed,未密封
transverse,横
ui,用户界面
winstone,温斯顿
noriega,诺列加
unimpressed,不以为然
exsanguination,失血
spritz,喷雾
sarsaparilla,菝葜
arora,阿罗拉
bmo,银行
subsidize,资助
bab,宝贝
schnabel,施纳贝尔
ido,我愿意
out-of-work,失业
escher,埃舍尔
jarring,刺耳的
one-stop,一站式服务
radiated,辐射
setter,塞特
darpa,高级研究计划局
carthaginians,迦太基人
kickass,踢屁股
mitzvahs,诫命
pcs,件
coffeemaker,咖啡机
mato,马托
jip,吉普
disillusion,幻灭
barak,巴拉克
treblinka,特雷布林卡
defectors,叛逃者
grosse,大
pedersen,佩德森
t-bird,雷鸟
spiller,溢流者
croats,克罗地亚人
polonius,波洛尼厄斯
unadulterated,纯正的
humphreys,汉弗莱斯
sashay,摇曳生姿
bookshelves,书架
groundless,无根据的
gua,瓜
leyden,莱顿
scrubber,洗涤器
dyad,二元组
kuku,库库
tye,泰
nondisclosure,保密
rears,后部
fabiola,法比奥拉
lompoc,隆波克
diversionary,分流
disrupts,扰乱
lefebvre,勒费弗尔
harmonizing,和谐
rian,里安
shahid,沙希德
raincoats,雨衣
aggregate,总计的
disparaging,贬损
specialises,专业
prolife,支持生命
chanced,偶然
lumbering,伐木
sitch,情况
beeped,哔哔
perumal,佩鲁马尔
phoebus,太阳神
prednisone,强的松
strang,奇怪的
ivor,伊沃
warder,看守
lunged,猛扑
nuked,核弹
auctioning,拍卖
maldonado,马尔多纳多
tizzy,晕眩
tapestries,挂毯
poofs,噗噗
velociraptor,迅猛龙
sharps,尖锐
graviton,引力子
sews,缝纫
jozef,约瑟夫
aramaic,阿拉姆语
pauley,保利
briefcases,公文包
blizzards,暴风雪
reynold,雷诺兹
unblemished,完美无瑕
fop,纨绔子弟
foucault,福柯
ashura,阿修罗
boko,博科圣地
dales,戴尔斯
beaulieu,博利厄
iy,伊
baronet,男爵
soc,社会
calculates,计算
fukuoka,福冈
bridie,布里迪
sandwiched,夹心
embroiled,深陷其中
hunan,湖南
cadillacs,凯迪拉克
boggles,博格斯
close-knit,关系紧密
coons,浣熊
cruickshank,克鲁克香克
forgettable,令人难忘的
muntz,蒙茨
oberst,上校
peppered,胡椒
galway,戈尔韦
demille,德米勒
mitral,二尖瓣
wove,编织
interchange,交汇处
alls,所有
top-shelf,顶级
bacall,贝考尔
twiddling,摆弄
reynaldo,雷纳尔多
fjords,峡湾
cacti,仙人掌
inefficiency,效率低下
disparity,差距
swoops,俯冲
freezers,冷冻柜
subdivision,细分
hard-hitting,重击
timeshare,分时度假
unwillingly,不情愿地
sortie,出击
wakey-wakey,醒醒
affiliates,附属公司
pressman,新闻记者
restructure,重组
kemper,肯珀
murillo,穆里略
mang,芒
diminutive,小字
lodgers,房客
cann,罐头
cooch,库奇
emaciated,瘦弱
bl,bl
aviva,阿维瓦
asakusa,浅草
birdbrain,笨鸟
cattleman,牧牛人
glastonbury,格拉斯顿伯里
gregorian,格里高利
betrayals,背叛
oscillator,振荡器
pausing,暂停
kwanzaa,宽扎节
maclaren,麦克拉伦
dingus,丁格斯
analogue,类似物
regulates,监管
destabilizing,不稳定的
unleashes,释放
doy,多伊
shawshank,肖申克的救赎
gayer,更gay
denote,表示
ponytails,马尾辫
pillaged,被洗劫一空
cezanne,塞尚
bernini,伯尼尼
huberman,休伯曼
self-confident,自信
vasile,凡士林
trapp,陷阱
bouillon,肉汤
capita,人均
litany,连祷
cross-referencing,交叉引用
brasil,巴西
hongkong,香港
truscott,特鲁斯科特
dollop,一小团
gib,吉布
retort,反驳
cordless,无线
rolando,罗兰多
canaveral,卡纳维拉尔
earthworms,蚯蚓
seahorse,海马
biodegradable,可生物降解
loong,长
lambo,兰博基尼
makeovers,改造
cylindrical,圆柱体
suiting,适合
hardening,硬化
mya,玛雅
coddling,娇惯
cis,顺式
parachuted,跳伞
sacraments,圣礼
sikhs,锡克教徒
agrarian,农业
muncie,蒙西
imi,imi
dickerson,迪克森
riveted,铆接
protester,抗议者
wilber,威尔伯
fetuses,胎儿
comptroller,审计长
delish,美味
repulsion,排斥
homerun,全垒打
cept,除外
kathmandu,加德满都
fibonacci,斐波那契
levelled,平整
reclining,斜倚
floris,弗洛里斯
overstayed,逾期停留
sketchbook,素描本
gonads,性腺
vocally,声音
perverting,变态
taz,塔兹
vapid,乏味
quelle,来源
cobble,鹅卵石
langton,兰顿
clop,蹄子
scrupulous,一丝不苟的
goda,戈达
amman,安曼
genders,性别
jinks,恶作剧
silene,西丽烯
calogero,卡洛杰罗
hikes,徒步旅行
comers,来者
cascading,级联
bonneville,博纳维尔
hideouts,藏身处
riche,富有
fah,法赫
cutthroats,杀人狂
frs,frs
protectorate,保护国
astrologers,占星家
mainline,主线
victimless,无受害者
surefire,绝对可靠
ona,奥娜
thallium,铊
matchstick,火柴棍
emasculated,去势
ides,想法
finalised,最终定稿
visionaries,有远见的人
remotest,最远
sendai,仙台
handcrafted,手工制作
playthings,玩具
resale,转售
fidgety,坐立不安
myriam,米里亚姆
contractual,合同
passin,帕辛
hydration,水合作用
happ,快乐
additives,添加剂
arras,阿拉斯
dominik,多米尼克
bryony,布莱奥妮
marrakesh,马拉喀什
squinting,眯眼
bidders,竞标者
abramoff,阿布拉莫夫
unsophisticated,不谙世事的
kaley,凯莉
firs,杉树
bhopal,博帕尔
wheres,在哪里？
triumphal,凯旋的
christabel,克里斯塔贝尔
thurgood,瑟古德
centerpieces,中心装饰品
pileup,连环相撞
stunningly,令人惊叹
pampers,帮宝适
solana,索拉纳
cristiano,克里斯蒂亚诺
sufferer,患者
impale,刺穿
elam,埃拉姆
soldering,焊接
hydrocarbons,碳氢化合物
cerebellum,小脑
pacer,领跑员
springboard,跳板
narcs,缉毒人员
harland,哈兰德
robeson,罗伯逊
viability,可行性
deuterium,氘
coasting,滑行
sambar,桑巴尔
margery,玛格丽
pummeled,猛击
well-versed,精通
streamline,精简
methanol,甲醇
wolfsbane,乌头
awed,敬畏
hand-me-downs,二手衣物
edwardian,爱德华时代
egbert,埃格伯特
mani-pedi,手足护理
mctavish,麦克塔维什
seventeenth,第十七
referencing,参考
teetering,摇摇欲坠
snook,斯努克
plethora,过多
paradoxical,矛盾的
forefinger,食指
gye,盖
hand-in-hand,手牵手
brownsville,布朗斯维尔
billingsley,比林斯利
demolitions,拆除
last-ditch,最后一搏
deepened,加深
elbe,易北河
non-fat,脱脂
dunhill,登喜路
zag,之字形
glob,全球
selflessness,无私
gardenias,栀子花
regenerating,再生
hansson,汉森
manassas,马纳萨斯
soonest,最快
mortifying,令人羞愧
castel,城堡
warfield,战区
bird-watching,观鸟
despot,暴君
achy,疼痛
hubcaps,轮毂盖
darwinian,达尔文主义
aggressors,侵略者
depictions,描绘
ursus,熊
imposters,冒名顶替者
inorganic,无机物
erogenous,性敏感的
collectible,收藏品
loos,厕所
snored,打鼾
hoc,hoc
hookah,水烟
globetrotters,环球旅行家
frere,弗雷尔
wegener,韦格纳
unsustainable,不可持续
avast,avast
blarney,胡说八道
housemates,室友
bootie,靴子
pusan,釜山
santy,圣诞老人
bana,香蕉
sherpas,夏尔巴人
cigs,香烟
sala,萨拉
chronicler,编年史家
nagel,纳格尔
domini,多米尼
irregularity,不规则
battersea,巴特西
downturn,经济衰退
knell,丧钟
supermen,超人
thay,泰
gallstones,胆结石
radiators,散热器
telephoto,长焦镜头
transcended,超越
milburn,米尔本
omnipresent,无所不在
elgar,埃尔加
blockheads,笨蛋
staffing,人员配备
nicolette,妮可莱特
reliably,可靠
cuteness,可爱
yokoyama,横山
smarmy,油腔滑调
implausible,难以置信
distinguishes,区别
resourcefulness,足智多谋
cuatro,十四
spivey,斯派维
nava,纳瓦
brest,胸部
intensifying,加剧
seacrest,海脊
misadventure,不幸遭遇
sot,酒
purist,纯粹主义者
catapults,弹射器
gaussian,高斯
chichi,琪琪
masato,真佐藤
youngblood,年轻血液
salient,显著的
anais,阿奈斯
living-room,客厅
parsa,帕尔萨
zita,齐塔
flue,烟道
kranz,克兰兹
smoothing,平滑
beefcake,肌肉男
carbonara,卡邦尼
zloty,兹罗提
regenerated,再生
brainwaves,脑电波
madcap,疯子
agora,集市
priss,矫揉造作
open-heart,开胸手术
broome,布鲁姆
double-crosser,两面三刀者
impulsively,冲动地
majorly,主要
kow,考
wmd,大规模杀伤性武器
aberrant,异常
outlining,概述
facials,面部护理
plonk,普朗克
phrased,措辞
liberators,解放者
suffrage,选举权
deepens,加深
skivvies,内衣
scotches,苏格兰威士忌
betwixt,中间
ragnarok,诸神黄昏
exhibitionist,暴露狂
napster,Napster
unhelpful,没用
delle,德尔
harmonium,手风琴
grandstanding,哗众取宠
brack,支架
reeked,臭气熏天
prospectors,探矿者
mountaineering,登山
mim,mim
emitters,发射器
kean,基恩
pershing,潘兴
antagonistic,敌对的
fundamentalists,原教旨主义者
ruthlessness,冷酷无情
tweek,微调
saskatchewan,萨斯喀彻温省
brewers,酿酒商
reaped,收获
insinuated,暗示
by-election,补选
gaynor,盖诺
wilk,威尔克
ridiculing,嘲笑
cobweb,蛛网
ribcage,肋骨
nitwits,笨蛋
preconceived,先入为主的
self-awareness,自我意识
dutta,杜塔
cannonballs,炮弹
lightfoot,莱特富特
corning,康宁
apprehending,逮捕
yo-ho,哟嗬
imelda,伊梅尔达
migrations,迁移
bicarb,小苏打
webbing,织带
barristers,大律师
mombasa,蒙巴萨
foul-mouthed,满口脏话
saleem,萨利姆
bhangra,旁遮普舞
busses,公交车
charing,查林
inbreeding,近亲繁殖
v-8,V-8
okeydoke,好的
dorfman,多夫曼
parkour,跑酷
imprints,印记
tollbooth,收费站
bedpans,便盆
trawling,拖网捕捞
braced,支撑
horse-drawn,马车
rockland,罗克兰
macaulay,麦考利
exchequer,国库
yeshiva,犹太学院
pornographer,色情片制作者
fondled,抚摸
thoughtfully,深思熟虑
tomoe,巴
heeded,听从了
unrestrained,不受约束的
cardiomyopathy,心肌病
ant-man,蚁人
sponging,海绵擦拭
paltrow,格洛弗
eggheads,书呆子
bromide,溴化物
baggies,小袋子
tight-lipped,守口如瓶
abra,磨砂
linkage,连锁
koen,科恩
colum,列
gis,地理信息系统
reappears,再次出现
replaying,重播
wilfrid,威尔弗里德
philosophically,从哲学角度来看
candidly,坦率地说
fraternities,兄弟会
freeloaders,蹭吃蹭喝的人
uncommonly,不寻常地
reciprocated,互惠
ug,ug
cop-out,逃避责任
tupper,特百惠
bruckner,布鲁克纳
fusing,熔合
charon,冥河摆渡人
garden-variety,普通的
woodford,伍德福德
dance-off,斗舞比赛
monger,贩子
bludgeon,棍棒
lait,牛奶
fizzing,嘶
btw,顺便提一句
raga,拉格
chlorophyll,叶绿素
aswell,也
prefectural,县
ony,仅
revolts,叛乱
waxy,蜡状的
kersey,克尔西
white-haired,白发
kooks,怪人
snuggling,依偎
cracow,螯虾
pfff,噗
hovered,悬停
pillai,皮莱
flavoured,调味
tele,电视
sauvage,野蛮人
bulldoze,推土机
individualism,个人主义
chale,查尔
massager,按摩器
lorde,洛德
editorials,社论
tassel,流苏
mindset,心态
rumbled,隆隆声
quel,克尔
catarina,卡塔琳娜
flasher,闪光器
amass,积累
imploded,内爆
timeframe,大体时间
jalapeno,墨西哥辣椒
sportscaster,体育播音员
condon,公寓
jiggly,摇晃的
maca,玛卡
tolerates,容忍
sniffle,抽泣
cassiopeia,仙后座
corneas,角膜
varner,瓦纳
galicia,加利西亚
forints,福林
ashish,阿什什
avant,先锋
goners,消失者
assassinating,暗杀
klimt,克里姆特
jedediah,耶底底亚
microns,微米
vodkas,伏特加
buffett,自助餐
folksy,民间
omelettes,煎蛋卷
cutesy,娇媚
minimalist,极简主义者
honeydew,甘露
keppel,吉宝
surrealism,超现实主义
champollion,商布利翁
peterman,彼得曼
metaphysics,形而上学
ishtar,伊什塔尔
lock-in,锁定
dowdy,土气的
shostakovich,肖斯塔科维奇
unease,不安
conferring,授予
veena,维纳琴
fuhrman,福尔曼
playacting,扮演
koe,koe
archivist,档案管理员
wilmer,威尔默
bluish,蓝蓝色
bmx,小轮车
taters,土豆
alway,总是
blithe,快乐的
modi,莫迪
crochet,钩针编织
hairstyles,发型
dormitories,宿舍
wracked,饱受摧残
selleck,塞莱克
mobilise,动员
day-old,第二天
dibble,迪布尔
eroding,侵蚀
kovach,科瓦奇
kombat,格斗
kirsch,樱桃酒
alsatian,阿尔萨斯犬
animus,灵魂
marquess,侯爵
rigoletto,里戈莱托
fronted,正面
sparkler,烟花
sem,半
khalifa,哈利法
capote,卡波特
facetime,FaceTime
crozier,牧杖
dessie,黛西
highbrow,高雅文化
twosome,两人
stepfather,继父
drooping,下垂
stonewalling,筑墙
okamoto,冈本
spurious,虚假的
revelry,狂欢
onyx,缟玛瑙
appy,苹果
safa,萨法
bru,布鲁
koalas,考拉
emergent,新兴的
bish,碧丝
nyx,尼克斯
deadlier,更致命
longhorn,长角牛
airspeed,空速
friendliest,最友善
vonda,冯达
ncic,国家信息中心
birger,比尔格
beeline,直线
tumult,骚乱
peaky,尖峰
eagleton,伊格尔顿
dixieland,迪克西兰
cesium,铯
fixer-upper,待修缮房屋
minecraft,我的世界
jellies,果冻
lawmakers,立法者
tailings,尾矿
fernandes,费尔南德斯
pathologists,病理学家
darting,飞镖
selwyn,塞尔温
cin,辛
weekend,周末
dependant,依赖
wiry,细长的
subclavian,锁骨下
mcd,麦当劳
defaced,污损
belly-up,肚皮朝上
venerated,受人尊敬
snags,障碍
gorges,峡谷
bellagio,百乐宫
shorting,做空
darkies,黑人
asexual,无性恋
barbecuing,烧烤
cross-dressing,异装癖
hollows,空心
saucepan,平底锅
estes,埃斯蒂斯
kingly,王者
precede,先于
jogged,慢跑
choon,春
absorbent,吸收剂
invests,投资
marly,玛莉
checkups,检查
greasing,润滑
cuervo,库尔沃
mucous,粘液
spreadsheets,电子表格
danko,danko
ribbentrop,里宾特洛甫
detainment,拘留
lichen,地衣
mangle,绞肉机
moneylender,放债人
ious,ious
thais,泰国
asshole,混蛋
bounded,有界
nimbus,雨云
treme,特雷姆
planters,花盆
layne,莱恩
kir,基尔
algo,算法
valise,手提箱
harmonize,协调
orale,口语
satanist,撒旦教徒
aglow,闪耀
dacha,达查
gestation,妊娠
evicting,驱逐
cancellations,取消
nima,尼玛
deaf-mute,聋哑
valente,瓦伦特
nondescript,不伦不类
balle,巴勒
lambeth,兰贝斯
spiny,带刺的
contrite,懊悔
quash,南瓜
bobble,漏接
bighorn,大角羊
coddled,娇惯
baran,巴兰
lisping,口齿不清
quesadilla,墨西哥馅饼
oozes,渗出物
sacs,囊
plying,合奏
starves,挨饿
domicile,住所
four-eyed,四眼
thoroughfare,通道
vil,维尔
compadres,伙伴们
kido,基多
tottenham,托特纳姆热刺
gilchrist,吉尔克里斯特
mestre,大师
opulent,奢华
pitter-patter,淅淅沥沥
stache,胡子
youd,你会
straddle,跨骑
stoning,石刑
speculators,投机者
razer,雷蛇
pattie,帕蒂
trellis,棚架
nari,纳里
solidly,稳固地
quai,码头
synthetics,合成材料
kusanagi,草薙
gobs,戈布斯
wristbands,腕带
houseguests,房客
starched,淀粉
unsullied,纯洁无瑕的
lve,生活
fire-breathing,喷火
proliferation,增殖
earlobes,耳垂
weenies,小香肠
oto,oto
predates,早于
sherm,谢尔姆
janitorial,清洁工
melton,梅尔顿
grabby,贪婪
monologues,独白
asphyxia,窒息
anglo,盎格鲁
muskrat,麝鼠
emphasise,强调
tincture,酊剂
capa,盖子
loup,狼
pere,佩雷
high-maintenance,高维护成本
frontrunner,领跑者
baumann,鲍曼
belittled,被轻视
rino,里诺
poorhouse,贫民院
augmented,增强
gruelling,严罚
wickets,球门
agonies,痛苦
psychically,精神上
additive,添加剂
overton,奥弗顿
snoot,鼻子
overacting,表演过度
newsworthy,新闻价值
watchdogs,监察者
olsson,奥尔森
up-and-up,向上
madelyn,玛德琳
time-travel,时间旅行
twiddle,摆弄
gath,迦特
wawa,哇哇
lohengrin,罗恩格林
aba,aba
probert,普罗伯特
vetoed,否决
decorators,装饰师
endeavours,努力
rhymed,押韵
mn,明尼苏达州
sone,石头
parochial,教区
maples,枫树
kettles,水壶
neeson,尼森
carting,搬运
injectors,喷油器
nri,非居民印度人
verena,维蕾娜
lancia,蓝旗亚
harps,竖琴
tibetans,藏族人
lucerne,苜蓿
applegate,阿普尔盖特
questionnaires,问卷调查
singe,一盎司
diagnoses,诊断
dic,dic
principally,主要
vespasian,韦斯帕西安
leathery,皮革状的
crimean,克里米亚
premieres,首映
casks,酒桶
recitation,背诵
amtrak,美国铁路公司
crybaby,爱哭鬼
discernible,可辨别的
geishas,艺伎
wpc,无线电脑
orchestration,管弦乐
croon,轻哼
bloomberg,彭博社
addis,亚的斯亚贝巴
anny,安妮
discus,铁饼
tightest,最紧
squiggly,弯弯曲曲的
vyvyan,维维安
clotted,凝块
alley-oop,空中接力
butterball,黄油球
flotsam,废料
carissa,卡丽莎
fidget,烦躁不安
transcendence,超越
kernels,内核
brophy,布罗菲
whitworth,惠特沃斯
chucks,查克
resetting,重置
shuster,舒斯特
ulster,阿尔斯特
sous-chef,副主厨
spinoza,斯宾诺莎
perspiring,出汗
skewered,刺穿
teletype,电传打字机
rondo,隆多
amassing,积累
gibb,吉布
snot-nosed,流鼻涕的
shropshire,什罗普郡
n-word,n-word
ranching,牧场
geranium,天竺葵
zis,zis
username,用户名
brom,溴
yod,约德
flinching,畏缩
lemming,旅鼠
pigskin,猪皮
alloys,合金
neath,下方
sloop,单桅帆船
constrictor,收缩
despairing,绝望
reuse,重复使用
frenchies,法国佬
yana,亚娜
shrewsbury,什鲁斯伯里
lyell,莱尔
mccrae,麦克雷
schmitt,施密特
speckled,斑驳的
low-tech,低技术
miscreants,恶棍
incandescent,白炽灯
havel,哈维尔
do-gooders,行善者
indulgences,放纵
rinsed,冲洗干净
colley,科利
prideful,骄傲的
participates,参与
situ,位置
seurat,修拉
evoked,唤起
blore,布洛尔
bizarrely,奇怪的是
karna,卡尔纳
shearing,剪切
johnathan,约翰·
chernov,切尔诺夫
waterford,沃特福德
g-force,重力加速度
supermax,超级监狱
amparo,安帕罗
nightstick,警棍
hofer,霍弗
tramping,徒步旅行
bayard,巴亚德
light-skinned,肤色较浅
sevilla,塞维利亚
freighters,货轮
cosplay,角色扮演
versatility,多功能性
jammy,果酱
warblers,莺类
venetians,威尼斯人
worldwide,全世界
huron,休伦
roti,烤饼
johnstone,约翰斯通
sofi,索菲
belden,贝尔登
stiffen,变硬
no-name,无名氏
pujol,普约尔
softhearted,心软的
contrasts,对比
buckman,巴克曼
tuo,拓
woodlands,林地
herbivores,草食动物
ingestion,摄入
displace,位移
forsyth,福赛斯
annexed,附件
egoist,利己主义者
priam,普里阿姆
flanked,侧翼
adulteress,通奸者
disconnecting,断开连接
gawk,盯着看
matsushima,松岛
luan,栾
onscreen,屏幕
pyrotechnics,烟火
safeguarding,保障
amenhotep,阿蒙霍特普
fixable,可修复
tamiya,田宫
mercado,市场
capillaries,毛细血管
chocolat,巧克力
hamm,哈姆
meer,米尔
incantations,咒语
congenial,相投
bip,双峰
patently,显然
lozano,洛萨诺
alack,呜呼
behaviours,行为
haves,拥有
tesoro,宝藏
miliband,米利班德
bolingbroke,博林布鲁克
reacquainted,重逢
mightily,非常
allegro,快板
heebie-jeebies,毛骨悚然
slicer,切片机
reevaluate,重新评估
burbs,郊区
scrapings,刮屑
ambushes,伏击
ensue,随之而来
prendergast,普伦德加斯特
bowlers,保龄球手
amnesiac,失忆症
garwood,加伍德
londoners,伦敦人
aligning,对齐
mores,习俗
modular,模块化的
tremblay,特伦布莱
ons,ons
flinched,畏缩
searchlight,探照灯
pliable,柔韧的
condense,凝结
anthropological,人类学
prudhoe,普鲁德霍
bromance,兄弟情
step-by-step,逐步进行
shamu,沙姆
tinsley,廷斯利
chromium,铬
figurative,比喻
derbyshire,德比郡
soriano,索里亚诺
tarragon,龙蒿
taran,塔兰
lce,冰
crackpots,疯子
predictive,预测
resonant,共振
transistors,晶体管
belleville,贝尔维尔
seashell,海贝
sfpd,sfpd
peaking,巅峰
rickard,里克德
naivety,天真
carleton,卡尔顿
duality,二元性
all-inclusive,全包式
hydroponic,水培
nastier,更糟糕
spaceport,太空港
blazers,西装外套
fauntleroy,方特罗伊
condoning,纵容
onassis,奥纳西斯
secretion,分泌
whelp,仔
deathtrap,死亡陷阱
shoplift,商店行窃
searchlights,探照灯
duras,杜拉斯
constraint,约束
berate,责骂
debauched,放荡不羁
toon,卡通
butane,丁烷
grief-stricken,悲痛欲绝
nebuchadnezzar,尼布甲尼撒
yuwen,宇文
townshend,汤森德
polytechnic,理工学院
archenemy,宿敌
reorganization,重组
chartreuse,黄绿色
qt,qt
entomologist,昆虫学家
annuity,年金
airbrush,喷枪
prohibiting,禁止
reelected,再次当选
classier,更优雅
blacksmiths,铁匠
vinton,文顿
plod,缓慢行进
scathing,尖刻
starfighter,星际战斗机
caballero,骑士
centrifugal,离心
nightmarish,噩梦般的
ngai,ngai
frothy,泡沫状的
instrumentation,仪器
sectioned,分段
unreadable,无法阅读
re-up,重新上传
nagato,长门
tej,泰吉
yolo,人生苦短，及时行乐
lamented,哀叹
allot,分配
facelift,面部拉皮
pertain,属于
bedpost,床柱
shinto,神道
entertains,娱乐
woefully,可悲地
menthe,薄荷
debussy,德彪西
canker,溃疡
widdle,小
affable,和蔼可亲
morell,莫雷尔
mervyn,默文
pickford,皮克福德
wickedly,邪恶地
fullerton,富勒顿
bladders,膀胱
witten,维滕
dh,dh
nen,念
slitting,切缝
yahweh,耶和华
machiavellian,马基雅维利主义者
bestows,授予
chapin,查平
oversleep,睡过头
backstrom,后撤步
dredged,疏浚
footballs,足球
bellyaching,抱怨
costumed,戏服
panes,窗格
zandt,赞特
nid,巢
wads,垫片
self-image,自我形象
sommer,夏天
conceiving,受孕
misspoke,失言
haemorrhaging,出血
dressy,盛装
instigating,煽动
out-of-date,过时的
waterhole,水坑
evaporating,蒸发
vibrato,颤音
efficacy,功效
pilaf,抓饭
spore,孢子
flavio,弗拉维奥
rote,死记硬背
gift-wrapped,礼品包装
top-level,顶级
leafs,叶子
bloodsucking,吸血鬼
tso,措
swirly,漩涡状
goodson,古德森
grandparent,祖父母
jeffords,杰福德
manicures,美甲
shipbuilding,造船
cellmates,狱友
boyar,贵族
saleh,萨利赫
escalators,自动扶梯
mab,麻布
lippy,唇膏
kaminsky,卡明斯基
eastenders,东区人
pissarro,皮沙罗
goi,戈伊
manhandled,粗暴对待
parsnip,欧防风
thermometers,温度计
harbours,港口
hidalgo,伊达尔戈
puritanical,清教徒式的
brumby,野马
vlog,vlog
suffocates,窒息
dandridge,丹德里奇
angiogram,血管造影
strapless,无肩带
xl,XL
icc,国际刑事法院
defrauded,受骗
thompkins,汤普金斯
neighbourhoods,社区
wobbles,摇晃
crisscross,交错
ner,ner
phelan,费兰
legacies,遗产
a-game,游戏
rosaria,玫瑰果
pixy,魉
duque,杜克
wog,wog
tics,抽动症
racehorses,赛马
overshot,过冲
herders,牧羊人
minuscule,微小的
deviants,异类
blah-blah,巴拉巴拉
disheveled,蓬头垢面
eradication,根除
golding,戈尔丁
rapido,拉皮多
vere,真实
yasha,雅莎
tumbles,翻滚
swarthy,黝黑的
gorgonzola,戈贡佐拉奶酪
barreling,桶装
keeled,龙骨
dribbles,运球
climatic,气候
gumshoe,侦探
aphasia,失语症
paunch,大肚子
resided,居住地
greely,格里利
bagger,装袋机
wasim,瓦西姆
reve,启示
sohn,儿子
squelch,静音
susu,苏苏
bungling,笨拙
impressionism,印象主义
conk,康克
freak-out,惊慌失措
fagan,法根
ard,硬
excellently,非常出色
microorganisms,微生物
prompter,提词器
checkout,查看
amex,美国运通卡
abbreviation,缩写
cancan,康康舞
accountancy,会计
raindrop,雨滴
phonebook,电话簿
loofah,丝瓜络
studebaker,斯图德贝克
exude,渗出物
neuter,中性
gizzard,肫
pelosi,佩洛西
mur,mur
midterm,期中考试
revisited,重访
hrt,激素替代疗法
holl,霍尔
omnibus,综合
exhilaration,兴奋
kleptomaniac,盗窃癖
alkaline,碱性
card-carrying,持卡人
torrey,托里
anabel,安娜贝尔
lieber,利伯
scopolamine,东莨菪碱
broncos,野马队
categorize,分类
neurotoxin,神经毒素
oddity,奇特
ashwini,阿什维尼
stuckey,斯图基
darian,达里安
overthrowing,推翻
kif,基夫
jogs,慢跑
six-figure,六位数
milla,米拉
boastful,自夸
swatches,色卡
hojo,北条
lothar,洛塔尔
artois,阿图瓦
bex,贝克斯
yugoslavian,南斯拉夫
synopsis,概要
depots,仓库
spassky,斯帕斯基
jain,耆那教徒
maleficent,玛琳菲森
extraneous,无关的
diogo,迪奥戈
royston,罗伊斯顿
augment,增强
repatriation,遣返
overtures,序曲
phoenician,腓尼基人
blighted,秕
repopulate,重新填充
flyboy,飞行员
morin,莫兰
heitor,继承人
one-two-three,一二三
probative,有证据的
mughal,莫卧儿王朝
friendliness,友善
weems,威姆斯
lesbos,莱斯博斯
kingsbridge,金斯布里奇
interlocking,互锁
resound,回响
gagnon,加尼翁
timepiece,钟表
oppressing,压迫
fairgrounds,展览场地
tiers,层级
scalpels,手术刀
neo-nazi,新纳粹
wrongdoings,不当行为
hayek,哈耶克
trang,trang
stashing,藏匿
torquay,托基
groat,燕麦片
glazing,玻璃
lodi,洛迪
zany,古怪的
tuft,簇
mulling,思考
poldi,波尔迪
preparedness,准备
bootlegging,私酒贩卖
elysium,极乐世界
grosvenor,格罗夫纳
bullfrog,牛蛙
tinge,色调
neruda,聂鲁达
dmz,非军事区
olmedo,奥尔梅多
compactor,压路机
menzies,门齐斯
yarmulke,犹太小圆帽
oom,oom
uriah,乌利亚
beachhead,滩头阵地
insofar,就目前而言
dodson,多德森
gdp,国内生产总值
life-and-death,生死
licences,许可证
steamers,蒸汽船
subjecting,服从
artworks,艺术品
scheherazade,舍赫拉扎德
asu,亚利桑那州立大学
azaleas,杜鹃花
interrogators,审讯者
overthrew,推翻
motherboard,母板
flim,电影
thawing,解冻
box-office,票房
yesterdays,昨天
jesu,耶稣
leant,倾斜
creel,鱼篓
moneypenny,钱便士
broiled,烤制
unknowable,不可知的
malawi,马拉维
zoological,动物学
lechery,好色
prominently,突出地
lamentable,令人惋惜的
lawyering,律师
suga,suga
contemptuous,轻蔑的
colter,科尔特
morning-after,次日
arvo,下午
splattering,飞溅
earth-shattering,惊天动地
babysat,照看孩子
beatnik,垮掉的一代
modigliani,莫迪利亚尼
deformities,畸形
napoleonic,拿破仑时代
gallup,盖洛普
tantalising,诱人的
heartaches,心痛
dispossessed,被剥夺
jellybeans,软糖
self-important,自以为是
charlottesville,夏洛茨维尔
condenser,冷凝器
lindberg,林德伯格
shephard,牧羊人
redesigned,重新设计
orkney,奥克尼群岛
quietest,最安静
adaptability,适应性
jut,刚好
saber-toothed,剑齿虎
suu,苏
larks,云雀
delos,德洛斯
fishnet,鱼网
nutella,能多益
downgraded,降级
altars,祭坛
giuliani,朱利安尼
belli,贝利
hildegard,希尔德加德
coughlin,库弗林
permanence,永久性
betide,贝特迪
rewinds,倒带
bratislava,布拉迪斯拉发
threaded,螺纹
px,像素
rammer,撞锤
open-ended,开放式
jewess,犹太女人
searchers,搜索者
koontz,昆茨
pattaya,芭堤雅
bismillah,奉真主之名
frocks,连衣裙
one-to-one,一对一
arsene,砷
hammett,哈米特
kinsella,金塞拉
hebrides,赫布里底群岛
uprisings,起义
snowplow,除雪车
thessaloniki,塞萨洛尼基
birdseed,鸟食
szabo,萨博
inhumanity,不人道
roasts,烤肉
crunched,嘎吱作响
scobie,菌种
southpaw,左撇子
liebe,爱
linde,林德
jellybean,果冻豆
co-owner,共同所有人
academies,学院
laborious,费力的
lifesaving,救生
witching,女巫
well-equipped,设备齐全
nosedive,俯冲
harshness,严厉
tigre,老虎
fosse,福斯
quads,四轮摩托车
negra,黑人
tibi,胫骨
she-devil,女魔头
sixers,六人队
hypothermic,低温症
malka,马尔卡
fat-free,无脂肪
partials,部分
humiliations,羞辱
lincolnshire,林肯郡
bloodsucking,吸血鬼
autobahn,高速公路
pease,请
headpiece,头巾
subjugated,被征服
seiko,精工
renner,雷纳
cosmological,宇宙学
buttonhole,纽扣孔
zoloft,舍曲林
graziano,格拉齐亚诺
bossed,老板
dynasties,王朝
hinduism,印度教
orgasmic,性高潮
resonating,共鸣
dulled,迟钝
revenged,复仇
grabber,抓取器
bogeys,妖怪
quincey,榅桲
washing-up,洗碗碟
emotionless,冷漠无情
flitting,飞掠
wafting,飘动
ska,斯卡
outfield,外野
all-state,全州
artisanal,手工制作
fontainebleau,枫丹白露
cavorting,嬉戏
akai,赤井
biometrics,生物识别技术
uppsala,乌普萨拉
lavery,奴隶制
morphing,变形
fermentation,发酵
paisa,派萨
frits,炸薯条
north-south,南北
plaintive,哀怨
ophthalmologist,眼科医生
beckoned,招手
inaction,不作为
prager,普拉格
faggy,娘娘腔
thespian,戏剧演员
flickers,闪烁
glick,格里克
kiss-ass,拍马屁精
funfair,游乐场
computation,计算
fagot,柴草
cumulative,累计
racoon,浣熊
diehard,顽固
waterhouse,水屋
tobacconist,烟草商
porsches,保时捷
teenie,少女
mehdi,迈赫迪
dado,墙裙
medicate,用药
grunwald,格伦瓦尔德
phosphorous,磷
adhered,粘附
sufi,苏菲派
pigpen,猪圈
undaunted,无所畏惧
gleaned,收集
egging,鸡蛋
humiliates,羞辱
pix,图片
liquored,含酒精的
ume,梅子
syndicates,辛迪加
egocentric,自我中心
standout,脱颖而出
barbs,倒钩
shivas,湿婆
riles,愤怒
seedling,幼苗
play-by-play,逐帧解说
lov,爱
joubert,朱伯特
bloop,噗
summa,总结
overqualified,资历过高
comprise,包括
flange,法兰
b-52,B-52
erode,侵蚀
usda,美国农业部
parishioner,教区居民
dreadnought,无畏舰
lucidity,明朗
sanson,桑松
kierkegaard,克尔凯郭尔
tuitions,学费
ingots,锭
binders,活页夹
seaplane,水上飞机
kaul,考尔
claptrap,小吵闹
leathers,皮革
anarkali,阿纳卡利
lookalike,长相相似的
yaw,偏航
physiotherapy,理疗
dour,阴沉
pucci,普奇
wrenched,扭动
maz,maz
torching,火炬
okie,好的
leandro,利安德罗
skeffington,斯凯芬顿
fincher,芬奇
fukuda,福田
livable,宜居
menorah,烛台
confidences,秘密
cursory,粗略地
congestive,充血性
skyrocketed,价格飙升
interred,埋葬
compressing,压缩
trajectories,轨迹
deluding,欺骗
catched,被抓住了
rehash,重述
pickwick,匹克威克
preconceptions,先入为主的观念
opposable,可对立的
engrave,雕刻
sediments,沉积物
high-velocity,高速
monopolize,独占
asim,阿西姆
consonants,辅音
amphora,双耳细颈瓶
visualizing,可视化
nco,士官
eurasian,欧亚大陆
moai,摩艾石像
integrating,整合
fizzle,嘶嘶声
bronzed,古铜色
hocked,抵押
marianas,马里亚纳群岛
swerving,急转弯
fet,胎儿
paler,肤色较浅
matterhorn,马特洪峰
nametag,名牌
fifty-six,五十六
maroni,马罗尼
tolson,托尔森
indoctrination,灌输
dobbin,多宾
quickens,加速
jamestown,詹姆斯敦
unskilled,非熟练工
tradeoff,权衡
seaport,海港
idealized,理想化的
undergoes,经历
liquefied,液化的
nightshirt,睡衣
dimwitted,愚笨
glassware,玻璃器皿
whys,为什么
repressing,压制
wealthier,更富有
orbiter,轨道飞行器
istvan,伊斯特万
militarily,军事上
cluny,克鲁尼
lapped,圈速
kindled,点燃
goo-goo,咕咕
worrier,忧虑者
propositions,命题
heavies,重装兵
rotisserie,烤肉架
roseanna,罗莎娜
cuesta,奎斯塔
kuki,库基
jealously,嫉妒
furnishing,家具
impurity,杂质
bassoon,巴松管
thwack,钉入
petitioning,请愿
northman,北人
udders,乳房
whaler,捕鲸船
rekindled,重燃
pastis,茴香酒
heartthrob,万人迷
minato,港
brynn,布林
buffers,缓冲区
marchese,侯爵
deegan,迪根
inhabitant,居民
airtime,通话时间
uli,乌利
iyer,艾耶
treetop,树梢
potters,陶工
lockheed,洛克希德
buggery,鸡奸
yr,yr
clovers,三叶草
run-up,助跑
e-type,e型
reimbursement,报销
curia,教廷
cubicles,隔间
counterclockwise,逆时针方向
excommunication,逐出教会
fissures,裂缝
regenerative,再生
hussars,骠骑兵
lichtenstein,利希滕斯坦
wining,获胜
earlobe,耳垂
snakeskin,蛇皮
rear-ended,追尾
biatch,婊子
overtly,公开地
youn,你
roadway,道路
engravings,雕刻
smartness,聪明
kenton,肯顿
rushworth,拉什沃思
faustus,浮士德
embezzler,挪用公款者
ballin,球
tort,侵权行为
unsecured,不安全的
archived,已存档
ods,ods
quito,基多
fiore,菲奥雷
marauding,劫掠
furrow,畦
liechtenstein,列支敦士登
molehill,鼹鼠丘
valter,瓦尔特
blitzed,闪电战
overpopulation,人口过剩
ten-foot,十英尺
cross-section,横截面
teeny-tiny,非常小
depressions,抑郁症
wiki,维基百科
syed,赛义德
deal-breaker,交易的致命缺陷
iliad,伊利亚特
electromagnetism,电磁学
caius,凯厄斯
chagas,恰加斯病
memorised,记住
dvorak,德沃拉克
pani,帕尼
kash,卡什
jessop,杰索普
fracas,骚乱
wilf,威尔夫
jaggery,粗糖
wheal,车轮
vx,vx
waked,醒来
lattice,格子
elissa,艾丽莎
dcs,直流电
adri,阿德里
danby,丹比
wherewithal,所需资源
ageless,永葆青春
wiretapping,窃听
pst,太平洋标准时间
campari,金巴利
wiggy,假发
bosse,老板
parolees,假释犯
asad,阿萨德
emmie,艾米
piu,piu
blowhole,气孔
divisive,分裂的
gummer,胶质
marais,玛莱区
otsuka,大塚
vid,视频
pinochle,皮诺克牌
pompadour,蓬巴杜发型
attendees,与会者
tropicana,热带风情
lakeshore,湖岸
brantley,布兰特利
babylonians,巴比伦人
time-honored,历史悠久的
tutelage,监护
aromatherapy,芳香疗法
undertow,暗流
razzle,炫目
mentored,受指导
a-rab,阿拉伯
cairns,石堆
waded,涉水
gaydar,同性恋雷达
rayne,雷恩
mainsail,主帆
nonviolence,非暴力
colostomy,结肠造口术
bizzy,忙碌
screenplays,剧本
creeks,小溪
pyjama,睡衣
hsing,兴
rollercoaster,过山车
yorick,约里克
easy-peasy,小菜一碟
sheehan,希恩
farfetched,牵强附会
kenyan,肯尼亚
noma,诺玛
speeded,加速
whereof,其中
desoto,德索托
patchouli,广藿香
vico,维科
refocus,重新聚焦
bier,柩
bright-eyed,目光炯炯
boylan,博伊兰
cham,查姆
huw,休
hardwicke,哈德威克
ingrates,忘恩负义者
preschool,学前班
monkfish,安康鱼
skirting,裙边
dalrymple,达尔林普尔
smoothest,最顺滑
welt,红肿
tumours,肿瘤
subbed,字幕
subzero,零下
islamist,伊斯兰主义者
compensations,赔偿
cpt,队长
attractiveness,吸引力
orthodoxy,正统
phosphate,磷酸盐
purim,普珥节
culled,已筛选
amun,阿蒙
tightness,紧绷
dint,凹痕
person-to-person,人与人之间的交流
neater,更整洁
geir,盖尔
mitochondrial,线粒体
euston,尤斯顿
bassist,贝斯手
filibuster,阻挠议事
wrangling,争吵
salgado,萨尔加多
rock-hard,坚硬如石
sterility,无菌
finchley,芬奇利
celebs,名人
provocateur,挑衅者
solver,求解器
daan,丹
periwinkle,长春花
asserted,断言
mase,矩阵
izumo,出云
splicing,拼接
rasp,锉刀
visualise,可视化
hallow,神圣的
vincente,文森特
decrypted,已解密
mintz,明茨
orbison,奥比森
eby,埃比
lumberjacks,伐木工
steelers,钢人队
redial,径向
quieten,抚慰
disobeys,违抗
amply,充足的
low-cut,低领
heatwave,热浪
eye-opener,令人大开眼界
datsun,达特桑
edits,编辑
unappealing,不吸引人
skydiver,跳伞员
frivolity,轻浮
wonton,馄饨
subscribed,已订阅
pronoun,代词
promos,促销
tyne,泰恩河
cra,cra
transplantation,移植
oratory,演说
handstand,手倒立
moulded,模制
frequents,常客
hospitalised,住院
switcheroo,角色互换
languish,憔悴
kak,kak
corelli,科雷利
etchings,蚀刻画
etty,埃蒂
whittling,削木
well-balanced,均衡
tach,转速
rhinestones,水钻
centralized,集中
loath,厌恶
fiddled,拨弄
riyadh,利雅得
machinations,阴谋
villeneuve,维伦纽夫
dander,皮屑
galvanized,镀锌
tarred,焦油
rawdon,罗顿
dominos,多米诺骨牌
manganese,锰
fragrances,香水
mangroves,红树林
sarina,萨琳娜
ern,恩恩
lovelorn,失恋的
pimento,甜椒
anti-terrorist,反恐
tamayo,塔马约
hippodrome,赛马场
hirata,平田
chancery,法院
flophouse,廉价旅馆
julieta,朱丽叶塔
viviana,薇薇安娜
reprieved,暂缓执行
anemone,海葵
apostolic,使徒的
miserly,吝啬鬼
qatar,卡塔尔
banshees,女妖
chaperon,监护人
hostels,青年旅舍
candi,糖果
curare,箭毒
jal,贾尔
ruan,阮
rasa,拉萨
domains,域名
columbian,哥伦比亚
usury,高利贷
oxnard,奥克斯纳德
showoff,炫耀
whyte,怀特
paedophiles,恋童癖
lighthearted,轻快
vallarta,巴亚尔塔港
guffawing,大笑
frantz,弗兰茨
burkett,伯克特
pithy,简洁
chamois,麂皮
stretchy,有弹性的
pro-choice,支持堕胎权
zoologist,动物学家
pericardium,心包
skoda,斯柯达
seaworthy,适航
iwaki,磐
falmouth,法尔茅斯
pineal,松果体
year-end,年末
wilts,枯萎
emme,艾美
discusses,讨论
moldavia,摩尔多瓦
parentheses,括号
anthropologists,人类学家
madero,马德罗
unconnected,未连接
rodders,罗德斯
marlborough,马尔堡
reacher,取物器
aol,美国在线
muhammed,穆罕默德
skitter,滑行者
pronouns,代词
congeniality,亲和力
brandeis,布兰迪斯
fett,费特
hie,嗨
phan,phan
potentials,潜力
expend,花费
ventriloquism,腹语术
shortbread,酥饼
euphrates,幼发拉底河
canto,坎托
sethi,塞蒂
wilsons,威尔逊
drea,梦想
millimetres,毫米
readjust,重新调整
proffer,报价
capsize,倾覆
salacious,淫秽的
usd,美元
backyards,后院
eamonn,伊蒙
brandies,白兰地
meehan,米汉
bracknell,布拉克内尔
vette,克尔维特
cocoons,茧
velvety,天鹅绒般的
fredrick,弗雷德里克
caledonia,喀里多尼亚
scamper,疾走
anathema,诅咒
carpaccio,生牛肉片
riesling,雷司令
stuyvesant,史岱文森
weng,翁
argent,银色
daiquiris,代基里酒
suck-up,拍马屁
marigny,马里尼
scoping,范围界定
antagonism,对抗
ranged,范围
copyrighted,版权所有
hittite,赫梯人
aborting,中止
ieds,简易爆炸装置
deplore,遗憾
inexorably,无情地
downy,绒毛状
enslavement,奴役
darwinism,达尔文主义
yellin,大喊
inconsistency,不一致
odorless,无味
faxing,传真
extra-large,特大号
emigrants,移民
rachmaninoff,拉赫玛尼诺夫
clenching,紧握
flasks,烧瓶
hyperbole,夸张
heckler,起哄者
lollypop,棒棒糖
virge,处女
francais,法语
timelines,时间线
heaviness,沉重
bookseller,书商
frighteningly,令人恐惧地
rossetti,罗塞蒂
precipitate,沉淀
indeterminate,不定
psychobabble,心理学胡言乱语
marvelously,奇妙地
izmir,伊兹密尔
jef,杰夫
acreage,面积
andrade,安德拉德
shum,嘘
executes,执行
distancing,保持社交距离
hitmen,杀手
okabe,冈部
low-class,下层阶级
sainthood,圣徒
samovar,茶炊
sugarplum,糖梅
forfeiture,没收
uptake,吸收
morbidly,病态地
anthea,安提亚
grafting,嫁接
slags,炉渣
personification,拟人化
constancy,恒常
sequential,顺序
acetylene,乙炔
reuven,鲁文
lineman,线卫
barris,巴里斯
liquidity,流动性
puerta,门
decanter,醒酒器
countered,反驳
palomino,帕洛米诺
hypotenuse,斜边
shanxi,山西
marksmen,神射手
dengue,登革热
numbering,编号
utica,尤蒂卡
lubrication,润滑
industrialized,工业化
mammogram,乳房X光检查
b-roll,补充镜头
unshakable,坚定不移
boyars,贵族
tulle,薄纱
bloodstained,血迹斑斑
cessation,停止
ceviche,酸橘汁腌鱼
crumple,皱巴巴
filaments,丝状物
respondent,答辩人
ceaseless,不停歇
twang,颤音
wardroom,军官餐厅
fulham,富勒姆
geta,盖塔
deputized,被委任
ob-gyn,妇产科
deandre,德安德烈
excepted,例外
pliny,普林尼
iow,伊奥
desna,德斯纳
stencil,模版
rotator,旋转器
dorinda,多琳达
highsmith,海史密斯
memorials,纪念碑
norval,诺瓦尔
hazelwood,榛木
embittered,愤懑
wirt,维特
saban,萨班
baseballs,棒球
howards,霍华德
skelton,骨架
scalping,短线交易
convening,召集
nitrates,硝酸盐
menendez,梅嫩德斯
rejoined,重新加入
reams,令
copulate,媾
handoff,不可触摸
zamboni,赞博尼冰面整理车
mcrae,麦克雷
conjures,召唤
timeshare,分时度假
parapet,栏杆
appropriation,拨款
pulleys,滑轮
flashpoint,闪点
woodbury,伍德伯里
slurry,泥浆
haben,哈本
overwatch,守望先锋
hoity-toity,傲慢
draga,德拉加
tiago,蒂亚戈
gyroscope,陀螺仪
prefrontal,前额叶
bahar,巴哈尔
docker,Docker
lafleur,拉弗勒
rigidity,刚性
harun,哈伦
effusion,渗出液
mariam,玛丽亚姆
martens,貂
concussed,脑震荡
locomotives,机车
flossie,弗洛西
balderdash,梦呓
complying,遵守
rework,重做
skied,滑雪
macaroon,马卡龙
blipping,闪烁
tactically,战术上
acl,前交叉韧带
misconstrued,误解
basalt,玄武岩
macfarlane,麦克法兰
inclinations,倾向
footlocker,Footlocker
capella,卡佩拉
nuno,努诺
backstabber,背后捅刀者
a-ok,好的
toting,携带
gelding,骟马
distributes,分发
pawel,帕维尔
osprey,鱼鹰
stargazer,观星者
exasperating,可气
calisthenics,徒手体操
benadryl,苯海拉明
banality,平庸
comely,漂亮
irises,鸢尾花
poitiers,普瓦捷
fifty-eight,五十八
landslides,山体滑坡
lulled,昏昏欲睡
interning,实习
silla,新罗
abstraction,抽象
quirt,奎特
hooke,钩子
loosens,松动
gunboat,炮舰
savile,萨维尔
scrolling,滚动
ruination,毁灭
grenoble,格勒诺布尔
stiffer,更硬
bootleggers,私酒贩子
ficus,榕
stemming,词干提取
disapproves,不赞成
shere,谢尔
pikes,长矛
legitimize,合法化
dilate,扩张
matrices,矩阵
needful,需要
disembarked,下船
nou,努
sanding,打磨
entertainments,娱乐
amalfi,阿马尔菲
uglies,丑陋的
hutu,胡图族
asi,亚西
jubilation,欢腾
mckeever,麦基弗
semis,半
skelter,滑梯
meteoric,流星
coaxing,哄骗
lockout,闭锁
sammie,萨米
best-known,最知名的
sickos,变态
backhoe,挖掘机
blushes,脸红
animator,动画师
glutes,臀肌
polynesia,波利尼西亚
symphonies,交响乐
tane,塔尼
roundup,围捕
louts,流氓
charcot,夏科
kor,韩国
turnstile,旋转闸门
ardor,热情
matchup,对决
swatting,拍打
convicting,定罪
winfrey,温弗瑞
burk,伯克
strikingly,引人注目
marchers,游行者
supernovas,超新星
stranglehold,扼喉
mosul,摩苏尔
stepladder,梯子
rechecked,重新检查
elevating,提升
testimonials,用户评价
hus,胡斯
dayna,戴娜
talismans,护身符
seasickness,晕船
tempts,诱惑
proctologist,直肠科医生
extractor,萃取器
ahmadi,艾哈迈迪
untying,解开
hoofs,蹄子
mitigation,减轻
layaway,分期付款
phnom,金边
inhibition,抑制
wholesalers,批发商
coronal,冠
macha,玛查
optimization,优化
bisbee,比斯比
parachuting,跳伞
abut,邻接
isabela,伊莎贝拉
padilla,帕迪拉
flaubert,福楼拜
matson,马特森
rorschach,罗夏墨迹测验
yami,亚米
savoury,咸味的
implicates,牵涉其中
noteworthy,值得注意
nox,诺克斯
reformers,改革者
raisa,赖莎
intendant,管理者
vaccinate,接种疫苗
lipsticks,口红
whalen,鲸鱼
portrays,描绘
tracheotomy,气管切开术
incan,印加
blume,布鲁姆
blackballed,被列入黑名单
untalented,没天赋的
savio,萨维奥
reverie,遐想
winehouse,酒庄
menachem,梅纳赫姆
tgs,tgs
freshening,清新
sagara,相乐
subjugate,征服
nogales,诺加莱斯
devo,敬拜
tipton,蒂普顿
sadists,虐待狂
ferrous,亚铁
yesteryear,去年
sharpens,磨利
joyriding,兜风
colorblind,色盲
boffin,博芬
humoring,幽默
baddies,坏人
giblets,鸡杂
vanities,虚荣心
kalashnikov,卡拉什尼科夫
calamities,灾难
gangbusters,大亨
gulab,古拉布
bodywork,车身
raji,拉吉
hino,日野
mousey,小老鼠
intricacies,错综复杂
locus,轨迹
haneda,羽田
elms,榆树
workspace,工作区
watermark,水印
steerage,统舱
battista,巴蒂斯塔
icac,icac
hotpot,火锅
plantain,芭蕉
goldfarb,戈德法布
tremayne,特雷梅恩
helpings,份量
saplings,树苗
slouching,伛
cede,放弃
shapeless,无形
vice-versa,反之亦然
orchestrating,协调
malu,玛鲁
gorski,戈尔斯基
clincher,关键先生
eggy,鸡蛋
warble,颤声
summing,求和
algonquin,阿尔冈昆
pinker,粉红
cloistered,隐修
badmouthing,诋毁
pca,主成分分析
reticent,沉默寡言
semiautomatic,半自动
contortionist,柔术演员
eliminations,淘汰赛
suppository,栓剂
revisiting,重温
enceladus,土卫二
bonaventure,博纳文图尔
assent,同意
wah-wah,哇哇
acker,阿克尔
painlessly,无痛
leapfrog,蛙跳
franciscan,方济各会
nc,北卡罗来纳州
gk,格基
closures,关闭
inglewood,英格伍德
regress,回归
incalculable,不可估量
zucker,祖克
genial,和蔼可亲
virginian,弗吉尼亚
stratagem,策略
tunney,通尼
rhe,rhe
chopstick,筷子
dunkin,唐恩都乐
refurbished,翻新
gape,张开
ravish,掠夺
madigan,马迪根
paypal,贝宝
orm,或
pecans,山核桃
lenora,莱诺拉
gangplank,跳板
diggy,挖掘
well-made,做工精良
meditative,冥想
buchman,布赫曼
christmassy,圣诞气氛
haydn,海顿
sacco,储蓄信贷合作社
riaz,里亚兹
janvier,一月
plows,犁
rebate,回扣
peons,农奴
aver,断言
iman,伊曼
oohs,哦
overrides,覆盖
mass-produced,大规模生产的
gautier,戈蒂埃
kirkpatrick,柯克帕特里克
belittling,贬低
fri,星期五
eto,埃托
reintroduce,重新引入
morg,摩根
greggs,格雷格斯
holier,更神圣
steen,斯蒂恩
spittle,唾沫
countermeasure,对策
maar,玛尔
big-hearted,心地善良
no-win,无解
forges,锻造厂
longworth,朗沃斯
aftershock,余震
coefficient,系数
appraise,评价
aja,啊
crain,克莱恩
kida,基达
aristide,阿里斯蒂德
heat-seeking,热追踪
reformer,改革者
grossest,最恶心的
osteoporosis,骨质疏松症
felonious,重罪
sharpness,锐利度
resuscitated,复苏
urals,乌拉尔
pasties,馅饼
nuanced,细微差别
rebellions,叛乱
windward,迎风
feckless,不负责任的
ballinger,巴林格
facilitator,协调员
concerted,协同
scarecrows,稻草人
ectoplasm,外质
cairn,石堆
recruiters,招聘人员
ayres,艾尔斯
storytellers,讲故事的人
neb,鼻
mirren,米伦
burris,伯里斯
sheepskin,羊皮
wetback,湿背
depositors,存款人
toth,托特
herbalist,草药师
house-to-house,挨家挨户
valparaiso,瓦尔帕莱索
grisham,格里沙姆
unequivocal,明确的
scapegoats,替罪羊
interacts,互动
ravenna,拉文纳
rutabaga,芜菁甘蓝
antigravity,反重力
meacham,米查姆
burkhart,伯克哈特
hin,他
helter,杂乱
ritzy,富丽堂皇
supervillain,超级反派
gormley,戈姆利
skewers,烤串
pamplona,潘普洛纳
obliges,义务
chinamen,中国人
doubters,怀疑者
hadron,强子
quips,俏皮话
rustom,鲁斯托姆
benjie,本杰
cabled,有线
widener,加宽器
third-year,三年级
eller,勒
assuage,缓和
obediently,顺从地
vasa,血管
preemptive,先发制人
pincer,钳子
disassembled,拆卸
writhe,翻腾
shenandoah,谢南多厄
differing,不同
at-risk,高风险
incisors,门牙
nez,内兹
schon,schon
impeccably,完美无瑕
incapacitate,使丧失能力
sacrosanct,神圣不可侵犯
spork,叉勺
crasher,撞车者
topsoil,表土
misconceptions,误解
synchronicity,同步性
bratton,布拉顿
empanadas,馅饼
akasaka,赤坂
heatstroke,中暑
pleats,褶皱
punjabis,旁遮普人
inopportune,不合时宜
hatchlings,幼雏
drop-dead,猝死
degenerated,退化的
rahm,拉姆
dickwad,混蛋
trier,特里尔
beefsteak,牛排
marne,马恩河
inasmuch,因此
berwick,伯威克
beanpole,豆杆
snooper,窥探者
ata,ata
reposition,复位
deepening,加深
moonbeams,月光
nanosecond,纳秒
heres,这里
fillets,鱼片
donati,捐赠
vert,垂直
sawa,泽和
inexorable,无情的
jollies,欢乐
deft,麻利
persevered,坚持不懈
culling,淘汰
gilgamesh,吉尔伽美什
paraphrase,释义
unnerved,不安
brun,棕色
uninformed,不知情
volkov,沃尔科夫
campanella,坎帕内拉
microcosm,微观世界
dramamine,晕动片
inspirations,灵感
jam-packed,拥挤的
idolize,偶像化
bed-and-breakfast,民宿
unblock,解除封锁
niceness,友善
lauder,劳德
amory,阿莫里
boozy,醉酒
yehuda,犹大
bonbon,糖果
tamponade,填塞
immutable,不可更改的
bug-eyed,凸眼
gmo,转基因
appeasement,绥靖政策
coachella,科切拉音乐节
bellyful,饱腹
jardine,怡和集团
quicksilver,水银
annexation,吞并
siv,西夫
casimir,卡西米尔
sinaloa,锡那罗亚州
bathwater,洗澡水
swindon,斯温顿
sump,集水槽
overbooked,超额预订
aomori,青森
cana,卡纳
terracotta,红陶
liverwurst,肝肠
aplenty,很多
adonai,阿多奈
edelstein,埃德尔斯坦
remedied,已补救
celeb,名人
tua,图阿
immensity,浩瀚无垠
plimpton,普林顿
modulator,调制器
ferociously,凶猛地
nol,诺尔
cortina,皮质
broadside,舷侧
callas,卡拉斯
muto,穆托
mitten,手套
czechoslovak,捷克斯洛伐克
doubloons,金币
caramels,焦糖
modernize,现代化
foodie,美食家
wigwam,圆锥形帐篷
bolting,螺栓连接
incontrovertible,无可辩驳的
stipe,柄
dilettante,业余爱好者
odi,奥迪
halitosis,口臭
jetpack,喷气背包
demerits,缺点
malvina,马尔维纳
dustpan,簸箕
lethargy,昏睡
perishing,消亡
tallied,统计
all-purpose,多用途
ransacking,洗劫
womanizing,花花公子
jaffar,贾法尔
libertarian,自由主义者
arsed,混蛋
talkers,谈话者
duplicity,表里不一
fossilised,化石
malaise,不适
inextricably,密不可分地
indentations,缩进
haris,哈里斯
optometrist,验光师
sheaves,捆
peered,窥视
centurions,百夫长
immobilize,固定
phoenicians,腓尼基人
biosphere,生物圈
mini-mart,便利店
twitchell,特威切尔
minefields,雷区
ruger,鲁格
bow-wow,汪汪
photonic,光子
newgate,纽盖特
businesslike,商业化
hoa,花
yasin,亚辛
boof,boof
pera,佩拉
lumbago,腰痛
cherubs,小天使
castellan,城堡
placard,标语牌
myer,迈尔
ewell,尤厄尔
tailspin,尾旋
posies,花束
twiggy,树枝
antonov,安东诺夫
negros,黑人
enriching,丰富的
kabbalah,卡巴拉
netted,网
ambushing,伏击
rent-a-cop,保安
desiccated,干燥的
bes,贝斯
yens,日元
yucca,丝兰
litton,利顿
loosed,松开
westerner,西方人
fume,烟
bollock,胡说八道
shrouds,裹尸布
carburettor,化油器
lustig,有趣的
prosaic,平淡无奇
conscripted,应征入伍
portobello,波多贝罗
prearranged,预先安排
buggies,婴儿车
outgrew,长大了就不合适了
mongoloid,蒙古人种
gora,戈拉
brothers-in-law,姐夫/妹夫
beeman,养蜂人
homeopathic,顺势疗法
scatters,散布
normandie,诺曼底
wescott,韦斯科特
mcnair,麦克奈尔
flynt,弗林特
irishmen,爱尔兰人
pictorial,画报
hothouse,温室
small-scale,小规模
gales,狂风
merriman,梅里曼
schizophrenics,精神分裂症患者
fro-yo,冻酸奶
fuddy-duddy,老古董
fifty-three,五十三
dally,玩弄
paparazzo,狗仔队
ssi,ssi
multiplex,多路复用器
chairperson,主席
tomorrow,明天
wadsworth,沃兹沃思
fogarty,福格蒂
keck,凯克
senta,森塔
fingertip,指尖
anti-communist,反共主义者
tenements,廉租房
mortensen,莫滕森
sarasota,萨拉索塔
yasuo,亚索
copacetic,可压缩的
concretely,具体而言
quasar,类星体
dashes,破折号
hertfordshire,赫特福德郡
bathtubs,浴缸
erudite,博学
horseplay,胡闹
contraptions,装置
arapaho,阿拉帕霍
northumbria,诺森布里亚
leyland,利兰
sunburst,旭日
senility,老年痴呆症
masai,马赛人
cauterize,灸
weightlessness,失重
crustaceans,甲壳类动物
grimsby,格里姆斯比
theologian,神学家
cook-off,厨艺大赛
zambrano,赞布拉诺
conveyance,输送
jurisdictional,管辖权
overstating,夸大其词
gravitas,庄重
nakai,中井
limbic,边缘系统
tira,蒂拉
mowbray,莫布雷
tourney,锦标赛
antihistamine,抗组胺药
alai,阿拉伊
stipulates,规定
restorative,修复
unzipped,解压
slays,杀戮
sarkar,萨卡尔
bungle,搞糟
jumpsuits,连体裤
exempted,豁免
shelved,搁置
innovate,创新
infiltrators,渗透者
pinche,尖酸
steffen,斯蒂芬
doily,蕾丝花边
seychelles,塞舌尔
oktoberfest,慕尼黑啤酒节
chirpy,扢
endemic,地方性
sprague,斯普拉格
rocca,罗卡
turbot,大菱鲆
dimming,调光
compatriot,同胞
tangos,探戈
overblown,夸大其词
ringle,林格尔
yosef,约瑟夫
outmoded,陈旧
gor,戈尔
exterminators,灭虫人员
weeny,弱小
breastplate,胸甲
obit,讣告
practicality,实用性
teleporting,瞬间移动
sixty-two,六十二
egil,埃吉尔
trog,穴居人
tigris,老虎
summits,峰会
hafiz,哈菲兹
lats,纬度
inducted,入选
cotta,科塔
himalaya,喜马拉雅山
iscariot,加略人
newfangled,新奇的
renege,叛逆
quilts,被子
mykonos,米科诺斯岛
twixt,中间
gujarati,古吉拉特语
buchenwald,布痕瓦尔德
greaser,油腻男
elks,麋鹿
fs,fs
grays,灰色
fsa,金融服务管理局
hedwig,海德薇
stubbed,桩
deterred,威慑
frag,碎片
superheated,过热
unfashionable,过时的
ber,ber
duarte,杜阿尔特
moneymaking,赚钱
fine-tuning,微调
epoxy,环氧树脂
bur,烧伤
scion,继承人
self-appointed,自封的
mcneal,麦克尼尔
jabez,贾贝兹
cici,西西
kotoko,琴子
dissonance,不和谐
td,td
surmised,推测
pasting,粘贴
malted,麦芽
prig,伪君子
mogadishu,摩加迪沙
ignoble,卑鄙的
accorded,同意
pilfering,偷窃
erkki,erkki
titch,蒂奇
rooker,鲁克
saddlebags,马鞍袋
wagstaff,瓦格斯塔夫
kiley,基利
mealtime,用餐时间
cubits,肘尺
diller,狄勒
riskier,风险更高
biloxi,比洛克西
villette,维莱特
hh,嗯
eligibility,合格
socialise,社交
a4,a4
adopts,领养
padlocked,上锁
beleaguered,饱受围困的
pimpin,皮条客
recessed,凹陷
bethel,伯特利
east-west,东西向
karat,克拉
magnifico,太棒了
menage,家政
kaku,卡库
storekeeper,店主
brer,布雷尔
scientologist,山达基教徒
amundsen,阿蒙森
jostle,推搡
menswear,男装
bouchard,布沙尔
earwig,蠼螋
croup,哮吼
accommodated,已安排
semple,示例
gra,gra
burbage,波奇
crustacean,甲壳类动物
seve,七
grossing,毛利
hairpiece,假发
olympiad,奥林匹克运动会
tacs,塔克斯
personage,人士
rucker,鲁克
innovators,创新者
adina,阿迪娜
fundraisers,筹款活动
dampening,阻尼
spics,香料
gypsum,石膏
loic,洛伊克
catharsis,导泻
baldur,巴尔德
aqueducts,渡槽
signage,标牌
eph,以弗
gatwick,盖特威克机场
dignitary,显要人物
bedsheets,床单
sesh,聚会
parlance,语言
realtors,房地产经纪人
loder,装载机
patrolmen,巡警
interpreters,口译员
zweig,茨威格
patchy,斑驳
exorcisms,驱魔
jurisprudence,法理
chickpeas,鹰嘴豆
xylophone,木琴
irrationally,非理性地
clamping,夹紧
irritability,易怒
deville,德维尔
inroads,入口
projectors,投影仪
scratcher,刮刮乐
jihadi,圣战分子
metas,元
jacobite,雅各比特
wreaked,破坏
staines,污渍
bink,宾克
petronius,佩特罗尼乌斯
chantry,圣堂
clo,clo
laminate,层压板
farmyard,农场
staircases,楼梯
f2,f2
f4,f4
reapply,重新申请
clausen,条款
belter,贝尔特
remote-controlled,遥控
estevez,埃斯特维兹
demeanour,风度
stabbings,刺伤事件
expiry,到期日
fast-moving,快速移动
basal,基础
sated,满足
aright,好的
unmoved,不动
gored,刺伤
tweaker,微调者
trickles,涓涓细流
sirrah,西拉
uneasiness,不安
safecracker,保险箱窃贼
junie,朱尼
hearn,听
stedman,斯特德曼
shanghaied,被绑架
outpouring,倾泻
trumpeter,小号手
linchpin,关键
rcmp,rcmp
independents,独立人士
borrowers,借款人
holier-than-thou,自以为是
creaky,吱吱作响
thunderbolts,雷电
hove,霍夫
communique,公报
touchstone,试金石
bendix,本迪克斯
eod,结束
hollingsworth,霍林斯沃思
palos,帕洛斯
unpredictability,不可预测性
headstones,墓碑
quitted,辞职
envelops,信封
vented,通风
fini,完
redefined,重新定义
crooner,情歌王子
alarmingly,令人担忧地
belting,皮带
stylings,造型
arjuna,阿朱那
nichol,尼科尔
secrete,分泌
culminated,达到顶峰
cornucopia,丰饶角
bloodletting,放血
distaste,厌恶
ramada,拉玛达
conquistador,征服者
fleeced,羊毛
indigent,贫困者
organics,有机物
taskmaster,监工
chronically,慢性
oodles,很多
overflowed,溢出
physicality,身体
menstruating,月经
lingam,林伽
odum,奥杜姆
frisked,搜身
oligarchs,寡头
westley,韦斯特利
ery,ery
dishonorably,不光彩地
interloper,闯入者
coker,焦炭
tus,tus
jordans,乔丹鞋
unicycle,独轮车
mati,马蒂
pericardial,心包
redline,红线
pho,越南河粉
buddy-buddy,好哥们
nicolo,尼科洛
submachine,冲锋枪
pedophilia,恋童癖
excruciatingly,极其痛苦
war-torn,饱受战争蹂躏的
beekman,贝克曼
limpet,帽贝
oxfordshire,牛津郡
mornay,莫奈
opulence,丰裕
mangalam,曼加拉姆
nuthin,什么也没有
bails,保释
disclaimer,免责声明
animalistic,动物性
manic-depressive,躁郁症
blackfoot,黑脚族
self-obsessed,自恋
mutes,静音
ork,奥克
upturned,翻转
mismatch,不匹配
limped,跛行
hazlitt,哈兹利特
warping,变形
mulled,仔细考虑
rulebook,规则手册
holies,圣徒
overcook,煮过头了
curiosities,奇闻异事
florin,弗洛林
palliative,姑息治疗
smokehouse,熏肉房
sequoia,红杉
dwi,dwi
larisa,拉里萨
sibyl,西比尔
evangelist,福音传道者
disinherit,剥夺继承权
hairnet,发网
doof,傻瓜
passersby,路人
rhinestone,水钻
voids,空隙
finkelstein,芬克尔斯坦
nacht,夜
drinkable,饮用
survivalist,生存主义者
farkas,法卡斯
olympians,奥运选手
svalbard,斯瓦尔巴群岛
realness,真实
gallantly,英勇地
thicken,加厚
cumming,卡明
disparage,贬损
stigmata,圣痕
dossiers,档案
dano,达诺
nickerson,尼克森
tasmanian,塔斯马尼亚
beefed,牛肉
rowling,罗琳
furman,弗曼
knaves,无赖
vox,声音
mannitol,甘露醇
gurus,大师们
legislators,立法者
slalom,回转
hiller,希勒
flagging,标记
nyberg,尼伯格
mincing,绞碎
dieppe,迪耶普
redskin,红皮人
fair-haired,金发
pageantry,盛大场面
electrostatic,静电
sugarman,糖人
kanpur,坎普尔
neatness,整洁
unimaginative,缺乏想象力
one-tenth,十分之一
zai,在
pellegrino,圣培露
cacao,可可
advertiser,广告商
barbarity,野蛮
hutt,赫特
pretrial,审前
liniment,擦剂
brauer,布劳尔
grandpas,爷爷们
sophomores,大二学生
kurd,库尔德
lowland,低地
rubdown,按摩
absentia,缺席
timetables,时间表
three-quarter,四分之三
maida,迈达
shuteye,睡眠
crim,犯罪
fayette,费耶特
greaseball,油腻男
ethyl,乙基
fibrillation,颤动
trin,三位一体
todays,今天的
regrouping,重组
alix,艾莉克斯
ratify,批准
baffle,挡板
teacups,茶杯
ludovico,路德维科
rutting,发情期
thracian,色雷斯人
harlots,妓女
passively,被动地
toggle,切换
rutgers,罗格斯大学
lewinsky,莱温斯基
infighting,内讧
impeached,弹劾
hammerstein,哈默斯坦
unspecified,未指定
changers,换位器
mallorca,马略卡岛
recitals,独奏会
sch,学校
midline,中线
trodden,践踏
to-day,今天
asmodeus,阿斯莫德
sixer,六人组
purdue,普渡大学
saddlebag,马鞍袋
supremacist,至上主义者
carousing,狂欢
dhillon,迪伦
rollerblading,轮滑
ils,伊尔斯
unsolvable,无法解决
cabdriver,出租车司机
agoraphobia,广场恐惧症
restarted,重新启动
submits,提交
pocketknife,折叠刀
inalienable,不可剥夺的
linnea,林奈
akhil,阿基尔
gurgle,咕噜声
torii,鸟居
exclamations,感叹词
phasing,相位
luton,卢顿
kumi,久美
gels,凝胶
guac,鳄梨酱
concentrates,浓缩物
ibs,肠易激综合症
plover,鸻
simulates,模拟
jailbait,未成年诱饵
laing,莱恩
sorel,索雷尔
harkin,哈金
fue,燃料
delmar,德尔玛
toller,托勒
schoen,schoen
poconos,波科诺山脉
formulation,配方
pathfinder,探路者
gavrilo,加夫里洛
mumsy,妈妈
randomness,随机性
agonising,痛苦的
zelig,泽利格
chameleons,变色龙
spinners,旋转器
comps,比较
protagonists,主角
grandly,宏伟
bia,偏见
nullify,无效
eon,永世
rudge,拉奇
contaminants,污染物
corporeal,肉体
hemming,缝边
krone,克朗
mascots,吉祥物
hortensia,绣球花
attaining,达到
partridges,鹧鸪
nookie,性爱
paedo,恋童癖
eadie,伊迪
stansfield,斯坦斯菲尔德
sigi,西吉
papillon,蝴蝶
biko,比科
goosey,鹅
roofer,屋顶工
proxies,代理
well-preserved,保存完好
merkel,默克尔
multicultural,多元文化
kanagawa,神奈川
talmadge,塔尔梅奇
hitchens,希钦斯
cohort,队列
diffusion,扩散
duty-free,免税
ves,ves
rebounds,反弹
uncertainties,不确定性
segovia,塞戈维亚
theorized,理论化
conserved,已保存
vestige,痕迹
subhuman,低等人类
bester,最佳
melchior,梅尔基奥尔
agonized,痛苦的
freelancing,自由职业
bre,布雷
desirous,渴望
disgracing,可耻的
sonoma,索诺玛
epics,史诗
rockaway,洛克威
sug,糖
kalman,卡尔曼
settin,塞廷
osha,职业安全与健康管理局
desecrating,亵渎
cortisol,皮质醇
sprites,精灵
moroccans,摩洛哥人
mapplethorpe,马普尔索普
sojourn,旅居
fenders,挡泥板
guerin,格林
citizenry,公民
dilemmas,困境
mistreating,虐待
barfing,呕吐
sabra,萨布拉
bigamist,重婚者
contraceptives,避孕药
spinelli,斯皮内利
hampered,受阻
coexist,共存
dench,登奇
verner,维纳
bry,布莱
all-natural,纯天然
backsides,背面
exhilarated,兴奋
parkers,停车者
two-piece,两件套
enrolling,报名
ponti,蓬蒂
wey,韦
moorish,摩尔式
neto,内托
goodyear,固特异
spurts,喷涌
lile,像
aviators,飞行员
hannay,汉纳
reaffirm,重申
goldwater,戈德沃特
wilfried,威尔弗里德
halpert,哈尔珀特
bascom,巴斯康
hypertensive,高血压
doula,陪产员
scraper,刮刀
figg,菲格
amie,艾米
tedium,乏味
jes,杰斯
plaguing,困扰
laval,熔岩
summarily,简而言之
drudge,苦力
sextant,六分仪
guardsman,卫兵
freemasonry,共济会
diz,迪兹
quadrants,象限
harpies,哈耳庇厄
tablespoon,汤匙
ravaging,蹂躏
endow,赋予
bitched,抱怨
stoolie,告密者
greenpoint,格林波因特
rotations,旋转
antigravity,反重力
snips,剪报
romaine,罗马生菜
clean-shaven,刮干净胡子
alka-seltzer,泡腾片
swimmingly,游泳
whitcomb,白梳
sparingly,少量地
garda,加尔达
h-bomb,氢弹
sk,sk
one-shot,一次性
lustrous,光泽的
banishing,驱逐
telescopic,伸缩式
hastened,加快
anti-semite,反犹主义者
oldsmobile,奥兹莫比尔
parentage,亲子关系
jihadist,圣战分子
fireplaces,壁炉
gente,人
off-balance,失衡
heliport,直升机停机坪
calvados,卡尔瓦多斯
shem,闪
heartbroken,肠断
alamein,阿拉曼
fuck-all,操
nurseries,苗圃
neg,负面
fugu,河豚
uf,uf
spin-off,分拆
dissolute,荒淫
cattlemen,牧牛人
embed,嵌入
wetsuit,潜水服
complements,互补
midler,米德勒
draughts,起草
m2,平方米
wittle,小
berliner,柏林人
dramatize,戏剧化
entitle,标题
grosser,更粗俗
unkempt,蓬头垢面
zum,祖姆
paraphrasing,释义
humanely,人道地
anima,动画
zimmermann,齐默尔曼
streetwalker,街头妓女
silvers,银
outlander,古战场传奇
salvaging,打捞
surged,激增
doorbells,门铃
undeserving,不配的
leva,列瓦
reeled,卷曲
ladd,小梯子
andover,安多弗
precipitated,沉淀
pin-up,钉住
beadle,珠串
consultancy,咨询
rik,里克
lapels,翻领
mismatched,不匹配
melancholia,忧郁症
striding,大步走
fumio,文雄
newswoman,新闻女记者
codger,怪人
minder,保姆
transcribe,录制
shinya,真亚
shandy,香迪酒
realign,重新调整
merengue,梅伦格舞曲
pavlova,帕夫洛娃蛋糕
necrophilia,恋尸癖
doormen,门卫
biggins,比金斯
worshipers,信徒
anatoli,阿纳托利
mercedes-benz,梅赛德斯-奔驰
crannies,缝隙
alexandrovich,亚历山德罗维奇
severin,塞维林
stringfellow,斯特林费洛
ziti,齐蒂
weil,威尔
hakone,箱根
crusading,十字军东征
tanis,塔尼斯
fragmentation,碎片化
venous,静脉
eyal,埃亚尔
clambake,蛤蜊宴
imprisoning,监禁
increments,增量
unnaturally,不自然地
bledsoe,布莱索
cheyney,切尼
cheever,奇弗
golds,黄金
over-the-counter,在柜台
storyboard,故事板
lavoisier,拉瓦锡
az,az
arcs,弧
div,div
processions,游行
pleaser,请
reenact,重演
conde,康德
itl,伊特
vibrators,振动器
nonlethal,非致命性
amuck,横冲直撞
yips,尖叫
fibs,纤维
firestone,火石
splenic,脾脏
double-checking,再次核对
biotechnology,生物技术
preservative,防腐剂
asp,阿斯巴德
jugglers,杂耍演员
thickening,增稠
conformed,符合
medulla,延髓
hatshepsut,哈特谢普苏特
feynman,费曼
etruscan,伊特鲁里亚
northwards,向北
greyhounds,灵缇犬
neilson,尼尔森
norte,北部
viscosity,粘度
liquors,酒
isaak,伊萨克
quieted,安静
eisen,艾森
denominations,面额
mcknight,麦克奈特
downcast,沮丧
fevered,发烧
kitana,基塔纳
shearer,剪羊毛机
house-sitting,房屋看护
austerlitz,奥斯特里茨
kum,库姆
guideline,指导方针
cari,卡里
unmanageable,难以控制
tyner,泰纳
fonz,方兹
drover,司机
railroading,铁路
oyez,oyez
eggplants,茄子
manus,手
lazaro,拉扎罗
duplication,复制
mosaics,马赛克
salivating,流口水
inoperative,无法操作
pawning,典当
proletarians,无产阶级
soupy,汤状的
unscientific,不科学的
gunplay,枪战
derriere,臀部
bratty,任性
mehmed,穆罕默德
laban,拉班
broadcasted,广播
loudspeakers,扬声器
mcgurk,麦格克
truancy,逃学
cyclical,循环
caldera,火山口
wenceslas,温塞斯拉斯
biba,比巴
contemplative,沉思的
epidermis,表皮
lumped,聚集
boulevards,林荫大道
carnahan,卡纳汉
tepee,圆锥形帐篷
clasped,紧握
footsie,脚趾
handoff,不可触摸
yoshimi,吉美
deion,迪昂
tentatively,姑且
wether,是否
wilks,威尔克斯
rez,保留
rewired,重新接线
dagon,达贡
distemper,犬瘟热
feasted,盛宴
out-and-out,彻头彻尾
saison,赛松
commas,逗号
yanina,雅尼娜
all-consuming,完全沉浸其中
cued,提示
halliburton,哈里伯顿
kamchatka,堪察加半岛
neuroscientist,神经科学家
aquitaine,阿基坦
preening,梳理
voicing,配音
jarhead,锅盖头
onda,翁达
two-story,两层楼
freeloading,免费搭便车
livesey,利夫西
mahabharata,摩诃婆罗多
three-star,三星级
encrusted,结壳的
cradled,摇篮
frg,frg
brevity,简洁
invert,倒置
martelli,马泰利
benno,本诺
janna,詹娜
caa,caa
bodybuilder,健美运动员
grenadiers,掷弹兵
carnot,卡诺
capitulation,投降
tectonics,构造运动
evidenced,有证据
nevin,内文
trou,洞
kinshasa,金沙萨
vestry,教区委员会
reparation,赔偿
ciel,西尔
hermetically,密封地
downsized,缩减规模
jubilant,喜庆
undesirables,不受欢迎的人
tonnage,吨位
alta,阿尔塔
breathers,呼吸器
glossop,格洛索普
inordinate,过度
jalil,贾利勒
gynecology,妇科
clunky,笨拙
tastiest,最美味的
kie,基
self-reliant,自力更生
jumped-up,跳起来
signior,先生
insensitivity,麻木不仁
paralyzes,麻痹
sanctuaries,保护区
pretoria,比勒陀利亚
washboard,搓板
bunked,上下铺
fettuccine,意大利宽面
unpardonable,不可饶恕的
starlings,椋鸟
life-or-death,生死攸关
edgewise,边缘
unilaterally,单方面
sapper,工兵
luise,路易丝
idealists,理想主义者
solder,焊接
observance,观察
functionality,功能
coby,科比
shirai,白井
ferro,铁
multiples,倍数
enclave,飞地
yellowknife,黄刀镇
big-screen,大屏幕
taskforce,特别工作组
arched,拱形
shuang,双
hadst,哈斯特
one-piece,一件式
skol,斯科尔
titian,提香
subversives,颠覆分子
aeronautical,航空
coming-out,出柜
disintegrates,瓦解
benford,本福德
bajaj,巴贾吉
centimetre,厘米
getz,盖茨
royalist,保皇党
mccomb,麦库姆
koos,库斯
garcon,加尔松
chalked,粉笔
sandberg,桑德伯格
nem,nem
adapts,适应
eke,埃克
knickknacks,小摆设
unleaded,无铅汽油
disbelieve,怀疑
penne,通心粉
illegible,无法辨认
tarkovsky,塔可夫斯基
meddler,爱管闲事的人
lunt,伦特
rockingham,罗金汉姆
amalgam,汞合金
clustered,聚类
dotes,点
doling,多林
abo,致
dudek,杜德克
tugged,拉扯
touch-up,修饰
thumbing,拇指
sood,苏德
maybury,梅伯里
posers,装腔作势者
sperms,精子
undeclared,未申报
feinberg,费恩伯格
philibert,菲利伯特
grovelling,卑躬屈膝
zacharias,扎卡里亚斯
gantz,甘茨
inducement,诱导
provocations,挑衅
mansi,曼西
seaview,海景
skinflint,吝啬鬼
disorienting,迷失方向
shockley,肖克利
hemispheres,半球
adobe,Adobe
bluestone,青石
nitroglycerine,硝酸甘油
unfortunates,不幸的
joyless,悁
stippling,点描
standoff,对峙
roadshow,巡回展
constricted,收缩
veering,转向
tsarina,沙皇皇后
disparate,差异
velasquez,维拉斯奎兹
plodding,缓慢地
sanborn,桑伯恩
choreograph,编舞
greenback,绿背
bergstrom,伯格斯特罗姆
spooking,惊悚
tatty,破旧的
catriona,卡特里奥娜
no-account,无账户
fifty-one,五十一
moma,妈妈
buxom,丰满
antoni,安东尼
tonk,通克
correlate,相关
ment,精神
voice-activated,语音控制
nudging,轻推
welterweight,次中量级
pare,削减
agarwal,阿加瓦尔
defacing,损毁
samsung,三星
carrey,金·凯瑞
gossipy,爱八卦的
zalman,扎尔曼
blowup,爆炸
reinforces,加强
montes,蒙特斯
brigid,布里吉德
tahitian,塔希提
storied,有故事的
hellos,你好
subsidized,补贴
waxes,蜡
wearily,疲劳
michela,米歇拉
nea,nea
matsuyama,松山
milder,较温和
kittredge,基特里奇
shirking,偷懒
aleksei,阿列克谢
scrunch,皱褶
moa,恐鸟
mannheim,曼海姆
florists,花店
handholding,牵手
truthfulness,真实性
evaristo,埃瓦里斯托
vy,vy
risto,risto
fonseca,丰塞卡
machismo,大男子主义
venal,静脉
half-pint,半品脱
kumamoto,熊本
shanna,珊娜
hookups,约会
columnists,专栏作家
gofer,地精
renouncing,放弃
third-party,第三者
pard,帕尔德
burdette,伯德特
entanglements,纠缠
minestrone,蔬菜汤
o-negative,O型阴性
sussed,明白了
indefensible,站不住脚的
kellen,凯伦
ruptures,破裂
cheyne,切恩
funnies,笑话
damar,达玛
thinners,稀释剂
emigrating,移民
ventilated,通风
cme,厘米
sakuma,佐久间
zama,座间
causal,因果关系
bleeders,出血者
subprime,次级贷款
maryanne,玛丽安
heifers,小母牛
faustino,福斯蒂诺
carlsen,卡尔森
ales,麦芽酒
sambo,桑博
haldeman,霍尔德曼
hew,槎
shipmate,船友
bedfellows,同床共枕
mysore,迈索尔
lifers,终身监禁者
unfavorable,不利
redfield,雷德菲尔德
archway,拱道
precepts,戒律
magnetized,磁化
bew,新的
threading,螺纹
trussed,桁架
languishing,萎靡不振
trappers,捕兽人
josey,约瑟
hamer,锤子
numerology,数字命理学
renters,租房者
penile,阴茎
chuff,粗人
oblong,长方形
hoho,呵呵
welts,肿块
hadi,哈迪
barbarossa,巴巴罗萨
yamashiro,山城
bigs,大个子
governor-general,总督
symphonic,交响乐
woh,哇
toba,多巴
court-martialled,军事法庭
symbolises,象征着
kumquat,金橘
ammi,阿米
tur,tur
runts,矮子
cruised,巡航
lighthouses,灯塔
nup,不
zarathustra,查拉图斯特拉
secures,确保
siphoned,虹吸
portly,肥胖的
contentedly,心满意足地
overachiever,优等生
modulation,调制
deuteronomy,申命记
fraternize,联谊
quadratic,二次函数
tunstall,坦斯托尔
cockfight,斗鸡
millman,磨坊主
inconveniences,不便之处
anselm,安瑟伦
bilaterally,双侧
slighted,轻视
staggers,踉跄
nowak,诺瓦克
throbs,悸动
amida,阿米达
pretensions,虚荣心
equipments,设备
bawled,嚎啕大哭
oon,月亮
jorgensen,约根森
twill,斜纹布
bodo,博多
culvert,涵洞
unimpeachable,无可指摘
halpern,哈尔彭
loggins,登录
mutineers,叛乱者
resonated,产生共鸣
prehistory,史前时期
machinist,机械师
trevi,特雷维
zooms,缩放
valance,价银
warm-blooded,温血动物
guernica,格尔尼卡
two-seater,双座
high-altitude,高海拔
strontium,锶
grandpappy,爷爷
hasidic,哈西德派
middling,中等
whipper,鞭子
musculature,肌肉组织
hedging,对冲
grins,咧嘴笑
camryn,卡姆林
wheatgrass,小麦草
prong,叉
neckties,领带
high-heeled,高跟鞋
slimane,斯利曼
traumatizing,令人痛苦的
facilitating,促进
connoisseurs,鉴赏家
halcyon,宁静
upolu,乌波卢
out-of-the-way,避开
ats,ats
climes,气候
spiritualism,招魂
jacque,雅克
dimitrios,迪米特里奥斯
stir-fry,翻炒
curtin,科廷
magruder,马格鲁德
sixty-four,六十四
rennes,雷恩
wipeout,消灭
roh,罗
vilnius,维尔纽斯
bookmaking,书籍制作
derision,嘲笑
frothing,起泡
etching,蚀刻
reconciling,和解
wyman,怀曼
sophocles,索福克勒斯
saltzman,萨尔茨曼
sexiness,性感
drac,德拉克
jonestown,琼斯镇
propositioned,提议
yamagata,山形
convalescence,恢复期
jokingly,开玩笑地
muggy,闷热
impacting,影响
pile-up,连环车祸
bui,布伊
heaves,起伏
hardwired,硬连接
can-do,能干
statham,斯坦森
faso,法索
tendrils,卷须
withstanding,承受
couric,库里克
tete,头像
headhunters,猎头
basie,贝西
laundress,洗衣妇
tudo,全部
wormed,驱虫
bugles,号角
cleanses,清洁
zakir,扎基尔
airlifted,空运
inhabiting,居住
opportunists,机会主义者
carcinoma,癌
brays,嘶鸣
rigorously,严格地
acetate,醋酸盐
anecdotal,轶事
modena,摩德纳
lamas,喇嘛
rehired,重新聘用
congolese,刚果
fanciest,最华丽的
climactic,高潮
nominating,提名
thrillers,惊悚片
funerary,葬礼
hace,哈斯
cuckolded,戴绿帽
narwhal,独角鲸
myopic,近视
ceaselessly,不停地
kith,亲
rialto,里亚托桥
isp,ISP
commentators,评论员
jw,耶和华见证人
lom,洛姆
unesco,联合国教科文组织
sulfide,硫化物
tiebreaker,决胜局
fogged,雾蒙蒙的
footbridge,人行天桥
oro,奥罗
flaking,剥落
re-read,重读
inna,伊娜
defrosting,解冻
pinwheel,风车
waif,孤儿
interagency,跨部门
chis,奇斯
strongbox,保险柜
palaver,闲聊
dacia,达契亚
finalise,最终确定
objector,反对者
tilde,波浪号
snark,讽刺
mosh,冲撞
evanston,埃文斯顿
emmitt,埃米特
maggio,五月
fordyce,福代斯
ulrika,乌尔丽卡
sadik,萨迪克
well-organized,组织良好
balto,巴尔托
vostok,东方
preferring,偏好
ballplayers,棒球运动员
defecting,叛逃
novgorod,诺夫哥罗德
ultimatums,最后通牒
repeater,中继器
disqualification,取消资格
wto,世贸组织
implored,恳求
adjusts,调整
trolleys,电车
zuckerman,祖克曼
longings,渴望
hotshots,精英
waylaid,伏击
folio,对开本
glisten,闪亮
oor,门
moonless,无月
tipster,线人
selfridges,塞尔福里奇百货
fasted,禁食
nonessential,非必要
israelite,以色列人
newborn,新生
bobblehead,摇头娃娃
keyser,凯泽
zoomed,放大
deadlocked,僵局
freemason,共济会
maire,梅尔
carrasco,卡拉斯科
snuggled,依偎着
antone,安东尼
pelletier,佩莱蒂尔
cleaves,裂片
mattei,玛泰
deflowered,失贞
stover,斯托弗
ribbing,肋骨
beardsley,比尔兹利
downplay,淡化
marionettes,木偶
plucks,摘取
gravitate,引力
callan,卡兰
agitating,搅拌
gumby,甘比
corneal,角膜
vegans,素食主义者
holcomb,霍尔科姆
cronus,克洛诺斯
tings,事物
constructs,构造
thoroughbreds,纯种马
kayleigh,凯莉
muttered,低声说道
banns,禁令
eccentricities,怪癖
parquet,镶木地板
confluence,合流
shortfall,短缺
pube,阴毛
amadeo,阿马迪奥
overtones,泛音
wernher,沃纳
maurier,莫里埃
mudd,泥泞
breweries,啤酒厂
gorn,戈恩
sugared,糖
ambar,琥珀
maggi,美极
geon,吉翁
hydroponics,水培法
cro-magnon,克罗马农人
gelman,盖尔曼
mirna,米尔娜
trots,小跑
penultimate,倒数第二
prefix,前缀
luba,卢巴
js,js
meerkat,狐獴
multitask,多任务处理
categorical,分类
lumumba,伦蒙巴
elopement,私奔
monticello,蒙蒂塞洛
spur-of-the-moment,一时兴起
acolytes,侍僧
slapstick,闹剧
allahabad,阿拉哈巴德
hopefuls,有希望的人
snipped,剪掉
jingo,沙文主义
parishes,教区
scrunchie,发圈
outsource,外包
perishable,易腐烂的
smuggles,走私
reshoot,重拍
seton,塞顿
reproaches,责备
foamy,泡沫状
signalled,发出信号
eccles,传道书
heidegger,海德格尔
squaring,平方
usha,乌莎
artifice,技巧
langlois,朗格卢瓦
burglarized,入室盗窃
clu,线索
photojournalist,摄影记者
campfires,篝火
follicle,卵泡
badder,更坏
isidro,伊西德罗
tolkien,托尔金
pretties,漂亮女孩
satisfactorily,令人满意地
superficially,表面上
hpv,人乳头瘤病毒
caliban,卡利班
volterra,沃尔特拉
rebooting,重启
brontosaurus,雷龙
ealing,伊灵
glittery,闪闪发光的
consign,交付
irresponsibly,不负责任
retinas,视网膜
wheezy,喘息
jack-in-the-box,弹簧盒
perpetuating,延续
chicano,奇卡诺
clunker,破旧车
bata,巴塔
arata,阿拉塔
burberry,博柏利
waft,飘动
jory,乔里
deaver,迪弗
predictably,不出所料
wilford,威尔福德
english-speaking,说英语的
unassailable,无可辩驳
kuru,库鲁
skyrocketing,飙升
fattened,肥胖的
fitzwilliam,菲茨威廉
boomers,婴儿潮一代
chomsky,乔姆斯基
dosing,剂量
coleridge,柯尔律治
amato,阿马托
yellow-bellied,黄腹
dictionaries,字典
toboggan,雪橇
ineptitude,无能
recurrent,复发
workstation,工作站
excludes,不包括
silencing,沉默
alleyways,小巷
mitterrand,密特朗
dinsdale,丁斯代尔
buttercream,奶油霜
brightening,提亮
scrum,敏捷训练
smouldering,阴燃
tone-deaf,五音不全
thorson,索尔森
collides,碰撞
kiri,基里
ricocheted,反弹
pacified,安抚
headland,海岬
chp,章节
zainab,扎伊纳布
institutes,机构
patriarchy,父权制
ibex,野山羊
intractable,难以驾驭的
damodar,达莫达尔
gonzaga,冈萨加
slurpee,思乐冰
toss-up,势均力敌
sociologist,社会学家
tati,塔蒂
dictaphone,录音机
sperry,斯佩里
capi,卡皮
long-suffering,长期忍受
lufthansa,汉莎航空
kaito,怪盗基德
gracey,格雷西
kozak,科扎克
potemkin,波将金
homepage,首页
dwelt,居住
nakayama,中山
tempe,坦佩
hoodwinked,被蒙蔽
talbert,塔尔伯特
tertiary,第三
raiser,举重
roadies,巡演工作人员
musky,麝香
psa,前列腺特异性抗原
edina,埃迪纳
suo,苏
minks,水貂
flotilla,船队
faris,法里斯
knits,针织
entry-level,入门级
smithfield,史密斯菲尔德
confiscation,没收
sleuthing,侦查
kitagawa,北川
lampoon,讽刺
zena,泽娜
utters,说话
immaturity,不成熟
impartiality,公正性
aut,自动
silencio,寂静
kinfolk,亲属
capitalistic,资本主义
concentric,同心
evp,EVP
telegraphed,电报
abd,腹部
obstructions,障碍物
moonwalk,太空步
yabu,雅布
cavaliers,骑士
disingenuous,虚伪的
corazon,心
geologic,地质
bedbug,臭虫
libera,利贝拉
ert,ert
excerpt,摘抄
vitaly,活力
torrents,种子
cursive,草书
phaedra,菲德拉
hairpins,发夹
manana,马纳纳
freon,氟利昂
kevorkian,凯沃尔基安
counterfeiters,造假者
auspices,庇护
grungy,邋遢的
unfiltered,未过滤
abetted,教唆
outdoorsy,户外
relaxant,放松剂
mittal,米塔尔
thesaurus,同义词库
reassures,令人放心
morag,莫拉格
firebrand,火炬手
ordway,奥德威
all-round,全能
hangouts,聚会场所
alcott,奥尔科特
tarpaulin,篷布
rg,rg
tycoons,大亨
allege,指控
adrianne,阿德里安娜
quatre,四
dramatized,戏剧化的
impair,妨害
comeuppance,报应
colluded,串通
androgynous,雌雄同体
swansea,斯旺西
pender,彭德
assay,检测
sierras,山脉
addled,糊涂的
off-campus,校外
far-flung,遥远的
cliques,小团体
dimly,依稀
thirsting,口渴
kjell,凯尔
irreconcilable,不可调和的
kgs,公斤
quakers,贵格会教徒
witham,威瑟姆
noticeably,明显地
rotunda,圆形大厅
pacha,帕查
disordered,混乱
burped,打嗝
succinct,简洁
inhabits,居住地
aus,澳大利亚
philbin,菲尔宾
digitized,数字化
scrutinize,仔细审查
grandpapa,爷爷
saltines,苏打饼干
svendsen,斯文森
billowing,翻滚
joshing,开玩笑
pocketing,口袋
dummkopf,傻瓜头
mcarthur,麦克阿瑟
whalers,捕鲸者
favourably,有利
param,参数
bulldozed,推土机
simpatico,同理心
tsim,tsim
encompasses,包括
magpies,喜鹊
swatch,色板
moab,摩押
bramble,荆棘
antara,安塔拉
eudora,尤多拉
livelihoods,生计
ostrov,奥斯特罗夫
suppers,晚餐
toujours,总是
aliya,阿利亚
yunnan,云南
lie-down,躺
meu,我的
acuity,敏锐度
factored,因子
esau,以扫
theorize,理论化
lickety-split,飞快地
implantation,植入
jiri,吉里
antiaircraft,防空
galloped,疾驰
keyholes,钥匙孔
feasibility,可行性
dumbwaiter,升降机
divan,迪万
unaccustomed,不习惯
abend,异常终止
apa,亚太地区
macnamara,麦克纳马拉
mandates,指令
decider,决定者
donohue,多诺霍
roi,投资回报率
bloating,腹胀
vijayawada,维杰亚瓦达
professorship,教授职位
justina,贾斯蒂娜
prompts,提示
brawler,斗士
cookbooks,烹饪书
moneys,钱
cortland,科特兰
hard-nosed,铁面无私
humbert,亨伯特
islington,伊斯灵顿
canna,美人蕉
dominicans,多米尼加人
turbos,涡轮增压器
soured,变质
frankfurter,法兰克福香肠
darya,达里亚
bounties,赏金
slushy,冰沙
stonehaven,石港
beaded,串珠
alyce,艾丽斯
pretences,伪装
receded,消退
soiling,污渍
soft-boiled,软煮
heep,希普
ander,安德
bist,比斯特
convents,修道院
bartolomeo,巴托洛梅奥
ninety-seven,九十七
nikes,耐克
coho,银鲑
marlena,玛琳娜
profiteers,投机者
hyperventilate,过度换气
borns,出生
despaired,绝望的
akan,阿坎
befriending,交朋友
licker,舔食者
craniotomy,开颅手术
shankara,商羯罗
bricked,砖砌
stoking,囤积
rulings,裁决
fleischer,弗莱舍
stearns,斯特恩斯
enshrined,神圣的
debuted,首次亮相
jessel,杰塞尔
tamir,泰米尔
circulates,流通
showboating,炫耀
anzio,安齐奥
short-range,短程
blaney,布莱尼
consular,领事
helms,舵
cluttering,杂乱
warm-hearted,热心
donk,驴
ciera,西拉
mauling,撕咬
caz,卡兹
massed,大量
reema,里玛
beddy-bye,睡前再见
deimos,戴莫斯
tutankhamen,图坦卡蒙
spigot,水龙头
spurting,喷涌
ribbed,罗纹
blurb,简介
godforsaken,天谴
livorno,利沃诺
clairvoyance,千里眼
quilting,绗缝
undervalued,被低估
paddled,划桨
ue,ue
coran,古兰经
gunship,武装直升机
sputum,痰
minimizing,最小化
arbogast,毒蛭
billable,可计费
vibing,氛围
slates,石板
dpp,dpp
unrepentant,不知悔改的
physic,物理学
particulate,颗粒物
interferon,干扰素
kharkov,哈尔科夫
jackfruit,菠萝蜜
rf,射频
equalizer,均衡器
catharine,凯瑟琳
britton,布里顿
slote,斯洛特
orcas,虎鲸
morro,莫罗
ful,满
honest-to-god,真心实意
burl,节
ringleaders,头目
rist,瑞斯特
biao,彪
chiles,辣椒
sarcoma,肉瘤
hirohito,裕仁
koster,科斯特
komatsu,小松
morningstar,晨星
regi,区域
rac,种族
rock-and-roll,摇滚乐
ferrar,费拉尔
samosa,萨莫萨
pigmentation,色素沉着
paraguayan,巴拉圭
mena,梅纳
excerpts,摘录
pardo,帕尔多
mada,马达
neurotransmitters,神经递质
cabbies,出租车司机
husks,谷壳
eurasia,欧亚大陆
paneling,镶板
poolroom,台球室
loli,萝莉
divulged,泄露
prosit,普罗西特
aspersions,诽谤
dynastic,王朝
concealer,遮瑕膏
petrograd,彼得格勒
grrrr,吼
torturers,施虐者
helvetica,瑞士字体
beaters,击球手
two-face,双面人
hod,霍德
emulsion,乳液
eccentricity,古怪
ciphers,密码
baptismal,洗礼
petunias,矮牵牛
beryllium,铍
seditious,煽动性的
chengdu,成都
crosschecked,交叉核对
dawgs,狗
reuters,路透社
pique,激起
bounding,边界
sisterly,姐妹情谊
transitory,短暂的
clip-on,夹式
organiser,组织者
overseen,监督
cabral,卡布拉尔
fromage,奶酪
sanhedrin,犹太最高法院
mccandless,麦坎德利斯
metadata,元数据
intuitively,直觉上
linings,衬里
antero,前
piaf,皮亚芙
unglued,脱胶
catch-22,第二十二条军规
causality,因果关系
trebek,特雷贝克
bobsled,雪橇
berkley,伯克利
unhygienic,不卫生的
matchup,对决
factoring,因式分解
gard,加德
waimea,怀梅亚
lubricated,润滑的
knudsen,克努森
zenobia,泽诺比亚
borland,博兰德
orangutans,猩猩
romper,连体衣
tallyho,塔利霍
garnished,装饰
gid,吉德
outflank,包抄
visitations,探访
informations,信息
co-production,联合制作
phar,药学
restaurateur,餐馆老板
swastikas,卐字
clammed,蛤蜊
loma,洛马
dishwashing,洗碗
scud,飞毛腿
dreamlike,如梦似幻
theodor,西奥多
waterboarding,水刑
plonker,笨蛋
rhesus,恒河猴
julep,薄荷酒
generational,代际
ecmo,体外膜肺氧合（ECMO）
gerbils,沙鼠
defrosted,解冻
b-boy,霹雳舞
aboveboard,光明正大
signet,印章
rosewater,玫瑰水
murai,村井
misdiagnosed,误诊
arrays,数组
gigolos,男妓
thro,喉咙
frenetic,狂热的
ornithologist,鸟类学家
dore,多尔
perfidious,背信弃义
fais,费斯
kratz,克拉茨
silkworm,蚕
roby,罗比
numbed,麻木
sodomite,鸡奸者
makepeace,缔造和平
guzzler,贪婪者
kuang,邝
tilling,瓷砖
possessor,拥有者
silesia,西里西亚
ericson,埃里克森
victoire,胜利
acn,坎
dizzying,令人眩晕
barcode,条形码
minton,明顿
irie,伊里
scuffed,磨损
morgans,摩根
fonts,字体
procrastinating,拖延症
childhoods,童年
quintero,昆特罗
mommie,妈妈
surfboards,冲浪板
triumvirate,三巨头
subcontinent,次大陆
voided,无效
seaton,西顿
iwata,岩田
chapeau,帽子
conserving,保护
scape,逃脱
feinstein,范斯坦
quests,任务
curtsey,屈膝礼
reshuffle,改组
ambivalence,矛盾心理
jv,合资企业
barth,巴特
bogies,转向架
kneeled,跪着
stupidities,愚蠢
acquires,收购
scientologists,山达基教徒
barratt,巴拉特
black-tie,正式晚礼服
gallardo,加拉多
happenstance,偶然事件
benedikt,本尼迪克特
ellipse,椭圆
sprightly,轻快的
kort,科特
inked,墨迹
gillie,吉莉
no-hitter,无安打比赛
murch,默奇
stanza,诗节
bonifacio,博尼法西奥
tensile,拉伸
hob,炉灶
girder,梁
rojo,rojo
quando,quando
redstone,红石
qualifier,资格赛
inflection,拐点
galba,加尔巴
fatwa,教令
braiding,编织
creased,褶皱
gani,加尼
farris,法里斯
passer,过路人
irkutsk,伊尔库茨克
intelligentsia,知识分子
theorizing,理论化
uruguayan,乌拉圭人
tomlinson,汤姆林森
swimwear,泳装
manatees,海牛
montpellier,蒙彼利埃
stifles,扼杀
incitement,煽动
regale,款待
readership,读者
ben-hur,宾虚
intensively,密集地
matsuo,松尾
preamble,前言
knee-high,及膝
nlf,nlf
understeer,转向不足
allegiances,效忠
spitfires,喷火式战斗机
muggings,抢劫
cellulose,纤维素
watercress,西洋菜
libyans,利比亚人
greenville,格林维尔
downsize,缩减规模
secretary-general,秘书长
tannenbaum,坦南鲍姆
humdinger,精彩片段
thx,谢谢
hallows,圣徒们
footmen,侍从
corinthian,科林斯
tomy,托米
papas,爸爸
vidar,维达尔
swinton,斯温顿
sturges,斯特吉斯
woollen,羊毛
well-intentioned,出于好意
tallyho,塔利霍
plastique,塑料
greenhouses,温室
kika,基卡
poitier,普瓦捷
raison,理性
ardour,热情
hornsby,霍恩斯比
livelier,更活泼
imperious,专横
romany,罗姆人
agassi,阿加西
mugen,无限
unmade,未完成
grinders,研磨机
amalgamated,合并
mimicry,模仿
converged,收敛
controllable,可控
pestle,杵
mullett,鲻鱼
balsam,香脂
wilting,枯萎
honked,鸣笛
ladykiller,杀手
ever-present,无处不在
absalom,押沙龙
toughie,恶棍
unchained,挣脱束缚
hypnotizing,催眠
watercolor,水彩
cotter,考特
lanier,拉尼尔
purveyor,供应商
competes,竞争
scoped,范围
claypool,克莱普尔
repels,排斥
microscopes,显微镜
cowshed,牛棚
dulcie,杜尔西
anglers,垂钓者
jimmied,撬棍
dominator,统治者
mid-atlantic,中大西洋
mikhailovich,米哈伊洛维奇
flab,松弛
roca,罗卡
seale,西尔
akka,姐姐
avila,阿维拉
fabius,法比乌斯
observable,可观察的
sooty,煤烟
snuffy,斯纳菲
lobbies,大堂
rader,雷达
vincennes,文森斯
thereto,到
self-assured,自信
uselessly,无用
aussies,澳大利亚人
stags,雄鹿
handicaps,障碍
medicis,医生
cine,电影
fainter,较暗
tap-dancing,踢踏舞
twere,是
domina,多米娜
disturbingly,令人不安地
caraway,葛缕子
truely,确实
ingrown,内生
afrikaans,南非荷兰语
acupuncturist,针灸师
wald,瓦尔德
inimitable,无比
struthers,斯特鲁瑟斯
sua,苏阿
tithe,什一奉献
helpline,求助热线
rend,撕裂
teel,钢
exhausts,排气管
tufts,簇绒
tenerife,特内里费岛
kneading,揉捏
rosslyn,罗斯林
humanism,人道主义
pilcher,皮尔彻
a-levels,A-level考试
consonant,辅音
macaques,猕猴
one-one,一
thumbs-up,竖起大拇指
smutty,低俗的
revolutionise,彻底改变
shoplifters,商店扒手
hoppers,料斗
2d,2d
weightlifting,举重
sabin,萨宾
workbench,工作台
masher,捣碎器
alvi,阿尔维
milkmaid,挤奶女工
breaded,裹面包屑的
tibby,蒂比
hsien,贤
husbandry,畜牧业
kanta,坎塔
sleeveless,无袖的
neutralizing,中和
standoffish,冷漠
pincus,平克斯
gion,吉昂
unquenchable,无法熄灭的
novella,中篇小说
finality,最终性
adversarial,对抗性的
newspapermen,新闻记者
bodes,预兆
racecourse,赛马场
diffused,扩散
amusements,娱乐
grifters,骗子
newbury,纽伯里
enhancements,增强功能
housebroken,已训练好
deliverer,送货员
lubricate,润滑
nikolas,尼古拉斯
manheim,曼海姆
purifier,净化器
twaddle,废话
raynor,雷诺
fishery,渔业
spray-painted,喷漆
untainted,未受污染的
toilette,厕所
neda,内达
abdication,退位
iroquois,易洛魁人
hyphen,连字符
subjugation,征服
northerly,北风
dryness,干燥
stucco,灰泥
pangaea,盘古大陆
miyoshi,三好
bletchley,布莱切利
moslem,穆斯林
goblets,高脚杯
marshland,沼泽地
cloak-and-dagger,谍影重重
suturing,缝合
resets,重置
aso,也
avis,维斯
lazare,拉扎尔
leibniz,莱布尼茨
compulsions,强迫症
durkin,杜尔金
copywriter,文案撰稿人
uncooked,生
overcharge,超额收费
sogo,崇光
amputee,截肢者
cubed,立方
ladybugs,瓢虫
bamboozled,被骗了
halting,停止
ringtail,环尾
alarcon,阿拉尔孔
mooching,蹭吃蹭喝
adena,阿德纳
batiste,巴蒂斯特
contrive,精心策划
mta,地铁
odometer,里程表
stimulator,刺激器
cour,法院
cosmonauts,宇航员
premiered,首映
pastors,牧师
tumblr,Tumblr
dumper,自卸车
griefs,悲伤
reneged,背信弃义
daggett,达格特
fumbles,失误
cantankerous,脾气暴躁的
bewitch,蛊惑
taras,塔拉斯
benediction,祝福
shar,分享
ashy,灰烬
bullring,斗牛场
intersections,交叉路口
jabbed,刺伤
slaughters,屠宰
engorged,充血的
go-cart,卡丁车
oreste,奥雷斯特
gooding,古丁
ravished,被蹂躏
maximo,马克西莫
macallan,麦卡伦
chapels,小教堂
candelaria,坎德拉里亚
analogies,类比
phds,博士
freeze-dried,冻干
chor,合唱
stagnation,停滞
selznick,塞尔兹尼克
lda,lda
rocketed,火箭
balthasar,巴尔塔萨
strasse,街道
blount,布朗特
westin,威斯汀酒店
puncher,冲床
pined,松开
dantes,但丁
hypnotherapy,催眠疗法
cruzeiros,克鲁塞罗斯
gatherer,收集者
nudged,轻推
ledbetter,更好的
macs,苹果电脑
bunched,成束的
grete,问候
quarterbacks,四分卫
talleyrand,塔列朗
iori,伊织
budgeted,预算
frontline,前线
hubs,枢纽
ranjan,兰詹
scald,烫伤
slow-moving,缓慢移动
carbonated,碳酸饮料
gumbel,冈贝尔
albedo,反照率
counterintuitive,违反直觉的
sedimentary,沉积
gabon,加蓬
idi,idi
burdock,牛蒡
alumnus,校友
tarantulas,狼蛛
wicca,威卡教
irrepressible,不可抑制的
pomona,波莫纳
perugia,佩鲁贾
pg-13,第13页
splints,夹板
cloudless,无云
windstorm,风暴
telltale,蛛丝马迹
hirano,平野
lawmen,执法人员
repast,餐饮
tributary,支流
embry,胚胎
farhan,法尔汉
sanka,桑卡
amherst,阿默斯特
deckhand,水手
pettiness,小气
fb,脸书
primula,报春花
fluttered,飘动
toymaker,玩具制造商
patten,图案
bloomfield,布卢姆菲尔德
rewiring,重新布线
roust,唤醒
mewing,舌尖轻触
yomi,夜见
dupre,杜普雷
kade,凯德
entrapped,被困
facedown,面朝下
diagnosing,诊断
aviary,鸟舍
hysteric,歇斯底里的
sandpiper,鹬
mpd,mpd
languid,慵懒的
chagrin,懊恼
tallmadge,塔尔马奇
righting,纠正
avner,阿夫纳
preset,预设
electrolyte,电解质
sidestep,回避
fusiliers,燧发枪兵
rigors,严酷
priestley,普里斯特利
lofts,阁楼
ironies,讽刺
barrios,街区
nabil,纳比尔
junker,破烂货
teakettle,茶壶
paquito,帕基托
likened,类似
fugly,丑陋的
annabella,安娜贝拉
spackle,腻子
kinski,金斯基
wicklow,威克洛
beachfront,海滨
digoxin,地高辛
handmade,手工制作的
prosecco,普罗塞克
loa,洛阿
tw,推特
tanu,塔努
watford,沃特福德
lenz,伦茨
accomplishes,完成
rescheduling,重新安排
corked,软木塞
giggs,吉格斯
wrenching,扭动
oracles,神谕
connotation,内涵
varvara,瓦尔瓦拉
viejo,老者
neeley,尼利
lauda,劳达
big-boy,大男孩
cashiers,收银员
escarpment,悬崖
vries,非常
idolatry,偶像崇拜
sandford,桑福德
class-action,集体诉讼
sleds,雪橇
lory,洛里
shmuel,什穆埃尔
tightwad,吝啬鬼
subcontractors,分包商
logger,日志记录器
hammocks,吊床
half-full,半满
landscaper,园林设计师
liggett,利格特
moralist,道德家
rolla,罗拉
devastatingly,毁灭性的
flappy,扑腾
propping,支撑
reseda,雷塞达
nila,尼拉
novelties,新奇
kaffir,卡菲尔
reserving,预订
snouts,鼻子
waivers,豁免
fieldwork,实地考察
mav,莫夫
borstal,博斯塔尔
blastoff,升空
analyzes,分析
snc,snc
smattering,零星
marketable,适销对路
azores,亚速尔群岛
readied,准备就绪
baster,滴管
sanitized,已消毒
gold-digger,拜金女
okayama,冈山
disillusionment,幻灭
kugel,库格尔
spearheaded,带头
replenished,补充
vela,帆
nonrefundable,不退还
self-improvement,自我提升
holyfield,霍利菲尔德
worcestershire,伍斯特郡
unregulated,不受监管
legalization,合法化
fingerprinting,指纹识别
rapier,细剑
ballon,气球
cardiothoracic,心胸外科
unmistakably,毫无疑问
perforation,穿孔
aubergine,茄子
stoneman,石人
presenters,主持人
phillipa,菲利帕
eviscerated,被掏空
cusack,库萨克
stefanie,斯蒂芬妮
kehoe,基欧
asio,asio
carvel,平底
turtledove,斑鸠
movable,活动
schism,分裂
buggering,操
atacama,阿塔卡马
mchenry,麦克亨利
fresca,新鲜
slovenian,斯洛文尼亚语
colonised,已定殖
farina,法里纳
fellowes,费洛斯
incredulous,难以置信
denizens,居民
administrations,行政部门
quaaludes,安眠酮
tummies,肚子
backstroke,仰泳
purifies,净化
peaceable,和平的
urology,泌尿科
monmouth,蒙茅斯
audrina,奥德丽娜
rh,rh
pitifully,可怜地
assignation,分配
rabinowitz,拉比诺维茨
internationale,国际
tain,泰恩
netball,无挡板篮球
douce,温柔
regressed,回归
ufa,乌法
kristoff,克里斯托夫
orioles,金莺队
lamotte,拉莫特
kandinsky,康定斯基
co-founder,联合创始人
bolan,博兰
condiment,调味品
neuf,新
zeitgeist,时代精神
agoraphobic,广场恐惧症
jordanian,约旦人
sufficed,足够了
gog,戈格
synapse,突触
wakened,醒来
spode,斯波德
iin,在
fords,福特
off-broadway,外百老汇
alberti,阿尔贝蒂
proxima,近端
esplanade,滨海大道
jamaicans,牙买加人
highnesses,殿下们
ayes,赞成
amplitude,振幅
jibe,嘲讽
lanza,兰扎
plath,普拉斯
levitt,莱维特
linseed,亚麻籽
far-out,遥远的
okazaki,冈崎
croat,克罗地亚
rapped,说唱
lermontov,莱尔蒙托夫
vier,维尔
whitefish,白鱼
foodstuffs,食品
fishers,渔民
skilling,技能
greenhill,格林希尔
disrupter,颠覆者
beakers,烧杯
madrigal,牧歌
introspection,内省
overseers,监督者
edson,埃德森
amado,阿玛多
boondocks,偏远地区
mcc,mcc
lapidus,拉皮杜斯
baguettes,法棍面包
patina,铜绿
reproductions,复制品
charisse,夏丽丝
nasdaq,纳斯达克
pollutants,污染物
asbo,反社会行为令
balsa,轻木
infiltrator,渗透者
cruces,十字架
overdoses,过量用药
consolidation,合并
effrontery,厚颜无耻
sapien,智人
enya,恩雅
relinquished,放弃
mirroring,镜像
cuckoos,杜鹃鸟
johanne,约翰娜
greenish,绿绿色
repudiate,否认
eris,eris
hg,汞
pacifists,和平主义者
whitehouse,白宫
cognition,认识
megahertz,兆赫
kerner,克纳
liquefy,液化
blistered,起泡的
parky,帕基
tala,塔拉
worthiness,价值
brazenly,明目张胆
dwindled,减少
carnivals,嘉年华
montfort,蒙特福特
proclivities,倾向
luncheonette,便餐
creepiest,最恐怖的
dampness,潮湿
lbj,lbj
headscarf,头巾
whiteman,白人
bua,布阿
sw,sw
wm,威廉
sixty-three,六十三
slam-dunk,扣篮
geist,精神
omnia,奥米尼亚
phys,物理
longinus,长肌
crawlers,爬行者
jettisoned,抛弃
smyth,史密斯
lessened,减少
dougherty,多尔蒂
dissonant,不和谐的
ione,离子
wth,和
corrects,更正
larch,落叶松
silverstone,银石
hopewell,霍普韦尔
concertina,手风琴
cardew,刺山柑
edgerton,埃杰顿
misfired,失火
pickups,皮卡
garrisons,驻军
mcandrew,麦克安德鲁
vitus,维图斯
assam,阿萨姆邦
horticulture,园艺
dispersion,分散
tait,泰特
helens,海伦斯
repatriated,遣返
blather,废话
howler,嚎叫者
humpbacks,座头鲸
antonin,安东宁
flat-chested,平胸
veep,副总统
euan,尤安
smote,猛击
bacillus,芽孢杆菌
afflictions,苦难
brookes,布鲁克斯
legislator,立法者
bushwick,布什维克
propitious,吉祥
belie,掩饰
alphabets,字母
subculture,亚文化
a3,a3
tenured,终身教职
geriatrics,老年医学
quip,讽刺
pullo,普洛
methyl,甲基
raheem,拉希姆
westfield,韦斯特菲尔德
warburton,沃伯顿
chugs,咕咚
oedipal,俄狄浦斯情结
necrotic,坏死的
womens,女性的
sipped,啜饮
lauer,劳尔
zulus,祖鲁人
chickadee,山雀
shee,她
juxtaposition,并置
antelopes,羚羊
bk,书
oswaldo,奥斯瓦尔多
deceptions,欺骗
cachet,缓存
self-determination,自决
burch,伯奇
self-expression,自我表达
revitalize,恢复活力
accumulates,积累
teutonic,日耳曼语
messerschmitt,梅塞施密特
chequebook,支票簿
crawlspace,爬行空间
overbite,龅牙
utero,子宫
streamed,流媒体
fumigate,熏
misters,先生们
invalidate,无效
rifkin,里夫金
habitually,习惯性地
buffed,加强版
rococo,洛可可
aladin,阿拉丁
jager,杰格
simpering,谄媚
lavatories,洗手间
gove,戈夫
carradine,卡拉丹
omri,奥姆里
headsets,耳机
meditated,冥想
v-neck,V领
affirming,肯定
pictionary,图画词典
dead-on,完全正确
soulmates,灵魂伴侣
flatters,奉承者
shamisen,三味线
transfixed,呆若木鸡
serviceman,军人
wn,赢
dealerships,经销商
bed-stuy,贝德福德-斯图伊弗森特
kamina,卡米纳
ordinances,法令
gateways,网关
voyagers,航海者
quotient,商
gamma-ray,伽马射线
bonnets,引擎盖
spinks,斯平克斯
replicant,复制人
chronology,时间顺序
nesbit,内斯比特
gaol,监狱
unsatisfying,不令人满意
instinctual,本能的
herne,赫恩
barclays,巴克莱银行
gamut,范围
reopened,重新开放
nuevo,新
filthiest,最肮脏的
indubitably,无疑
labelle,标签
kennard,肯纳德
midmorning,上午十点左右
sb,某人
simonson,西蒙森
taupe,灰褐色
especial,特别的
lighthearted,轻快
retest,复测
whitening,美白
fabre,法布尔
bernier,伯尼尔
sternberg,斯特恩伯格
incisor,门牙
jotted,随手记下
encompass,包含
tastefully,品味高雅
jiggs,吉格斯
cuneiform,楔形文字
co-producer,联合制片人
tidbits,零碎信息
aoe,范围
rov,罗夫
exorcised,驱魔
locomotion,运动
selden,塞尔登
tuffy,塔菲
laughton,笑声
viscera,内脏
angora,安哥拉兔
denunciation,谴责
schenectady,斯克内克塔迪
henrique,亨里克
dura,杜拉
layoff,裁员
takeaway,外卖
portfolios,投资组合
stemmed,茎
tuk,图克
belasco,贝拉斯科
progenitor,始祖
blotted,印迹
daimler,戴姆勒
phenomenally,惊人地
chantilly,尚蒂伊
fillies,小母马
brambles,荆棘
manaus,马瑙斯
heretofore,此前
joliet,乔利埃特
strollers,婴儿车
hanes,汉斯
kibosh,胡说
visser,维瑟
gascon,加斯科
triomphe,胜利
thomason,托马森
corroborates,证实
tenga,腾加
reprobate,恶棍
typhon,龙卷风
overstated,夸大其词
hulls,船体
penh,彭
asada,烤肉
paulsen,保尔森
uncensored,未删减版
divider,分隔线
quin,奎因
utterance,发声
bamford,班福德
second-year,二年级
walsingham,沃尔辛厄姆
waiving,放弃
speller,拼写者
clergymen,神职人员
instructional,教学
refraction,折射
erez,埃雷兹
counsels,律师
doria,多利亚
newsstands,报摊
beauvoir,波伏娃
skokie,斯科基
colonise,殖民
burdon,负担
intercostal,肋间
orifices,孔口
cinque,五
rustler,盗贼
neglects,疏忽
sloths,树懒
disruptor,颠覆者
wakayama,和歌山
divergent,分歧
maddux,maddux
bicentennial,二百周年纪念
zog,佐格
wt,重量
chafe,摩擦
humidifier,加湿器
duelling,决斗
blundered,犯错
swooning,晕倒
fallible,易犯错的
haps,发生
kielbasa,波兰香肠
yachting,游艇
chim,烟囱
muffle,消音
expressionism,表现主义
mudslide,泥石流
posy,铭文
hinged,铰链
half-witted,半傻子
outbound,出站
syndication,联合
rebuked,责备
mellor,梅勒
enemas,灌肠
tooley,图利
vampirism,吸血鬼
bullwhip,牛鞭
mcalister,麦卡利斯特
waterbury,沃特伯里
ingratiate,迎合
venti,大风
ironman,钢铁侠
berlioz,柏辽兹
plexiglas,Plexiglas
chateaubriand,夏多布里昂
overreacting,反应过度
titania,泰坦尼亚
masochism,受虐狂
incorporation,公司
marduk,马尔杜克
clapham,克拉珀姆
wert,沃特
cavalcade,车队
infanta,公主
broughton,布罗顿
counterbalance,抗衡
importation,输入
defiling,玷污
teletubbies,天线宝宝
bartering,以物易物
ambidextrous,左右手都能用
armbands,臂章
badmouthing,诋毁
montclair,蒙特克莱尔
sulphuric,硫磺
osmosis,渗透作用
bassinet,婴儿床
nkvd,内务人民委员会
populist,民粹主义
vilified,被诋毁
layering,分层
deducting,扣除
heft,重量
intimated,暗示
loi,法律
slovenly,邋遢的
nouns,名词
spivak,斯皮瓦克
touch-and-go,触地即停
annihilating,歼灭
doohickey,小玩意
hannon,汉农
voyeurism,偷窥
remote-control,遥控
governorship,州长
mitochondria,线粒体
buddhas,佛陀
predilection,偏好
gnats,小飞虫
cush,库什
brookfield,布鲁克菲尔德
maier,迈尔
minicab,小型出租车
enthused,热情洋溢
dines,餐厅
piss-poor,非常糟糕
tendo,腱
knee-jerk,膝跳反射
hallucinogen,致幻剂
wastelands,荒地
do-si-do,嘟西嘟
reconfigured,重新配置
rambunctious,喧闹的
gusher,喷涌而出的
demoralizing,令人沮丧的
mossy,苔藓
marija,玛丽亚
big-boned,骨架大
mistreatment,虐待
dumbbells,哑铃
savoring,品味
coked,焦化
revolutionised,彻底改变了
marsupial,有袋动物
discourteous,不礼貌的
gabler,加布勒
energizing,充满活力
stairwells,楼梯间
rfid,RFID
snobbery,势利眼
reamed,扩孔
misusing,滥用
yasmine,雅斯敏
mercs,雇佣兵
unspeakably,难以言喻的
dnc,民主党全国委员会
befalls,发生
clansman,族人
erh,呃
quantrill,昆特里尔
requisitions,请购单
invalids,无效
conjurer,魔术师
stooping,弯腰
mantras,咒语
cesarean,剖腹产
ghosh,戈什
injects,注射
centipedes,蜈蚣
pleated,褶皱
consecutively,连续
single-celled,单细胞
intervenes,介入
augmentation,增强
disrepute,名誉受损
vocalists,歌手
nonessential,非必要
tanabe,田边
biddies,小姑娘们
uniformity,均匀性
veneto,威尼托
smartphones,智能手机
fetid,恶臭
ruck,背包
cut-out,剪下
halos,光环
oct,十月
enabler,赋能者
hema,赫玛
setups,设置
infinitesimal,无穷小
ruinous,毁灭性的
ppl,人
fouling,污垢
grayling,灰鳟
unbeliever,不信者
clift,克利夫特
doers,实干家
fum,烟雾
seg,seg
scorcher,酷热
dukakis,杜卡基斯
heaved,喘息
cemetary,墓地
batters,击球手
thinnest,最薄
hispanics,西班牙裔
fille,女儿
beaner,豆子
margrave,侯爵
gatherers,采集者
capper,封盖器
dishwater,洗碗水
motifs,图案
yardstick,尺度
beh,后面
esprit,精神
renunciation,放弃
toff,上流社会
doughy,面团状的
scrawled,潦草的
chartres,沙特尔
bordered,带边框
yaya,雅雅
waite,韦特
reactionaries,反动派
poring,泡
rca,RCA
pillbox,药盒
ila,伊拉
hamed,羞愧
aks,aks
vann,范恩
fps,帧率
reptilians,爬行动物
windup,发力
bowtie,领结
neonatal,新生儿
no-nonsense,务实
diddling,胡闹
bongs,水烟筒
readying,准备中
self-service,自助服务
detritus,碎屑
arrogantly,傲慢地
blas,blas
arrowheads,箭头
aaliyah,阿丽雅
frets,琴格
gourds,葫芦
nullified,无效
malatesta,马拉泰斯塔
manitou,马尼图
waxman,蜡人
tankard,酒杯
disruptions,中断
baskin,巴斯金
milks,牛奶
stabilization,稳定化
domestics,家政
haney,哈尼
cyclones,旋风
alluded,暗示
flotation,浮选
reestablished,重建
unevenly,不均匀地
dern,德恩
maginot,马奇诺
nichole,尼科尔
clinched,锁定
brisco,布里斯科
bios,生物
plotters,绘图仪
pleural,胸膜
declassified,解密
clearheaded,清醒
shittiest,最烂的
asimov,阿西莫夫
bol,bol
fifty-nine,五十九
adria,亚德里亚
kenney,肯尼
amity,和睦
ipecac,吐根
kosta,科斯塔
vestiges,残余
splitter,分线器
gracing,恩典
populous,人口众多
mcinerney,麦纳尼
triangulating,三角测量
heralded,被预言
shipwrecks,沉船
play-doh,橡皮泥
co-opted,被收编
camellias,山茶花
korman,科尔曼
tatami,榻榻米
bipartisan,两党
tup,鲹鱼
orientals,东方人
shandong,山东
cussed,咒骂
splintering,分裂
fatted,肥胖
peshawar,白沙瓦
characterization,特征描述
tenths,十分之一
mcs,微细胞
sutras,经文
fifty-seven,五十七
rau,劳
triples,三重奏
gimlet,金利口酒
bronchial,支气管
gridley,格里德利
workhorse,主力军
resurgence,再起
specialization,专业化
honeybun,蜜糖面包
prosecutorial,检察机关
amaretto,杏仁酒
draughty,通风的
immodest,不雅的
childers,孩子们
gow,戈
bindings,绑定
yarborough,亚伯勒
caswell,卡斯韦尔
jaundiced,黄疸
varna,瓦尔纳
reem,里姆
domestically,国内
racketeer,敲诈勒索者
snow-covered,积雪覆盖
forensically,法医
panzers,坦克
brush-off,刷掉
primes,素数
runyon,鲁尼恩
triangulated,三角测量
ail,艾尔
postmodern,后现代主义
palatine,腭
prided,自豪
linh,林
alam,阿拉姆
cutthroat,割喉
sprig,枝
soothed,舒缓
tull,图尔
shirakawa,白川
ryerson,瑞尔森
luge,雪橇
gemstones,宝石
sabian,萨比安
andalusian,安达卢西亚
amboy,安博伊
lagrange,拉格朗日
cryogenics,低温学
citywide,全市
hand-me-down,二手货
kaufmann,考夫曼
squeegee,刮水器
ibo,伊博
morsels,小块
yech,呃
swaggering,趾高气扬
scrapyard,废料场
colgate,高露洁
murrow,默罗
pelted,被毛皮覆盖
ingenue,天真少女
reexamine,复审
haole,哈奥尔
floe,浮冰
afterglow,余辉
schumer,舒默
twenty-first,二十一
spearmint,薄荷
mapo,马波
schemed,策划
jags,捷豹
klum,克鲁姆
coquette,卖弄风情的人
trudeau,特鲁多
iconography,图像学
priming,底漆
conformist,循规蹈矩者
aspirational,有抱负的
meandering,弯曲
firmin,菲尔明
disembowel,开膛
kasparov,卡斯帕罗夫
dressage,盛装舞步
flapper,翻盖
tempestuous,暴风雨般的
condominiums,公寓
fn,函数
stews,炖菜
candlelit,烛光摇曳
busboys,餐厅服务员
argonaut,阿尔戈英雄
canis,犬
kona,科纳
sumter,萨姆特
proofreading,校对
shumway,舒姆韦
romani,罗姆人
beti,贝蒂
ena,ena
berchtesgaden,贝希特斯加登
uniformly,均匀地
lauro,劳罗
macaw,金刚鹦鹉
platelet,血小板
fermi,费米
postings,帖子
degrasse,德格拉斯
swartz,斯沃茨
jacksons,杰克逊
cursor,光标
dices,骰子
beguile,欺骗
fortification,筑城
repays,偿还
fetches,获取
bhushan,布尚
vt,vt
coconspirators,同谋者
narcan,纳洛酮
nervy,紧张的
paleontology,古生物学
boneyard,骸骨场
strider,漫步者
ngos,非政府组织
cribbage,克里比奇牌
monsoons,季风
middlesex,中部
paradoxically,矛盾的是
congratulatory,祝贺
richland,里奇兰
landy,兰迪
guillotined,被送上断头台
proponent,支持者
wenders,温德斯
steelworks,钢铁厂
sanger,桑格
leaded,铅
air-conditioner,空调
eyewitness,目击者
reflectors,反射器
karn,卡恩
bucked,反抗
bodybuilding,健美
banfield,班菲尔德
vice-principal,副校长
mind-numbing,令人麻木
downbeat,低沉的情绪
cites,引用
aerobic,有氧
ferran,铁
bakeries,面包店
carley,卡莉
jellicoe,杰利科
embossed,压纹
ninety-six,九十六
spangled,闪闪发光的
dap,达普
recounted,叙述
woodbridge,伍德布里奇
ustad,乌斯塔德
lemaitre,勒梅特
marriageable,婚
xy,xy
mobilised,动员起来
tug-of-war,拔河
noe,诺伊
mongolians,蒙古人
basilisk,蛇怪
carnaval,狂欢节
iberian,伊比利亚
imperceptible,难以察觉的
gobbler,火鸡
write-up,撰写
well-earned,实至名归
full-service,全方位服务
antithesis,对立
lamm,拉姆
cobbled,鹅卵石路
ramakrishna,罗摩克里希那
drinkwater,饮用水
bodi,身体
fondant,翻糖
preexisting,已存在的
alpert,阿尔珀特
jailor,狱卒
adulterers,通奸者
dichotomy,二分法
reeducation,再教育
shovelling,铲雪
shampoos,洗发水
dsp,DSP
morphology,形态学
mayne,梅恩
clarendon,克拉伦登
perf,穿孔
toohey,图伊
kick-start,启动
scuttled,沉没
brownish,棕褐色
spittoon,痰盂
levitating,悬浮
candelabra,烛台
well-groomed,仪容整洁
offbeat,另类
reine,纯种
moravia,摩拉维亚
stanislas,斯坦尼斯拉斯
paavo,帕沃
mourner,哀悼者
synchronised,同步
spyglass,望远镜
cryo,低温
maracas,沙锤
snared,被困
peritonitis,腹膜炎
disheartening,令人沮丧
deteriorates,恶化
caden,卡登
jayson,杰森
vacuous,空虚的
matted,哑光
valen,瓦伦
curried,咖喱
printouts,打印输出
negatory,否定
opec,欧佩克
hira,希拉
deforestation,森林砍伐
circumspect,谨慎
eck,埃克
allay,巷
microbial,微生物
reorganized,重组
competitiveness,竞争力
scepticism,怀疑论
floaters,漂浮物
goodrich,古德里奇
europol,欧洲刑警组织
figgins,菲金斯
restorer,修复器
storyboards,故事板
nubile,妙龄
sepulchre,坟墓
rinsing,漂洗
parsonage,牧师住宅
iliac,髂骨
nudists,天体主义者
underboss,副首领
ensues,随之而来
dann,丹恩
talc,滑石
sidi,西迪
safeties,安全
f-word,f-word
navigated,导航
gastritis,胃炎
bejesus,耶稣
hebron,希伯伦
tortuga,托尔图加
twerps,笨蛋
maiming,致残
snuggles,依偎
boldest,最勇敢的
harvesters,收割机
nondisclosure,保密
sati,萨蒂
walk-up,步行
littlefield,利特菲尔德
reorganizing,重组
bm,大米
broil,烤
gailey,盖利
anti-drug,反毒品
besmirch,玷污
downgrade,降级
woolworths,伍尔沃斯
x-man,X战警
coaxed,哄骗
lemay,勒梅
forefather,祖先
verden,韦尔登
ece,电子工程
mccarty,麦卡蒂
prescribes,规定
grandbaby,孙子
upwind,逆风
libation,奠
tipperary,蒂珀雷里
crevasse,裂缝
hada,哈达
indecipherable,无法辨认的
wormy,蠕虫状的
festivity,节日
brain-damaged,脑损伤
mitre,主教冠
manton,曼顿
arkin,阿金
nitty-gritty,细节
geckos,壁虎
fabienne,法比安娜
evilness,邪恶
lawford,劳福德
special-effects,特效
immanuel,伊曼纽尔
antonius,安东尼
ferreira,费雷拉
shavers,剃须刀
roshi,罗什
superlative,最高级
medfield,梅德菲尔德
toko,商店
straightjacket,束缚衣
councilmen,市议员
simile,明喻
pallor,苍白
appendages,附属物
windswept,风吹拂
drawn-out,冗长的
mcintosh,麦金托什
haydon,海顿
thomsen,汤姆森
tikka,蒂卡
spina,脊柱
funneled,漏斗状
parle,帕尔勒
envelop,信封
offa,奥法
schnauzer,雪纳瑞犬
megalithic,巨石
aero,航空
long-legged,长腿
niigata,新潟
judicious,明智的
tic-tac-toe,井字棋
alkali,碱
good-time,美好时光
airmail,航空邮件
postmen,邮递员
bruins,棕熊队
weevils,象鼻虫
cross-examined,交叉询问
deregulation,放松管制
leeson,利森
niet,尼特
sulla,苏拉
pallas,帕拉斯
op-ed,评论文章
musgrave,穆斯格雷夫
rko,rko
shrinkage,收缩
bounder,边界
meteorology,气象
ruggles,拉格尔斯
resolutely,坚决地
rubes,乡巴佬
anglo-saxons,盎格鲁-撒克逊人
earthmen,地球人
scrapper,刮板
mishandled,处理不当
brusque,粗暴
wallaby,沙袋鼠
misdirect,误导
cropping,裁剪
unsanctioned,未经授权的
spick,斯皮克
cornmeal,玉米粉
stebbins,斯蒂宾斯
elling,讲述
rheumatic,风湿病
ashraf,阿什拉夫
chauffeurs,司机
fajitas,法士达
breakage,破损
joneses,琼斯
reggio,雷焦
honeybees,蜜蜂
leroux,勒鲁
coxswain,舵手
high-voltage,高压
superwoman,女超人
panamanian,巴拿马
uti,尿素
incubus,梦魇
leatherhead,皮头
handsomer,更英俊
dotcom,.com
gins,杜松子酒
connectivity,连接
emmerich,埃默里奇
underdressed,衣着不当
nestle,雀巢
invertebrates,无脊椎动物
introspective,内省
rak,拉克
wayland,韦兰
knockdown,击倒
regurgitate,反刍
enlarging,扩大
politburo,政治局
belial,恶魔
bruna,布鲁娜
attics,阁楼
meekly,温顺地
assyrian,亚述人
ex-husbands,前夫们
aspires,渴望
nameplate,铭牌
changeover,转换
deceleration,减速
ovum,卵子
mariella,玛丽埃拉
carolers,唱圣诞颂歌的人
magnolias,木兰花
caucasians,高加索人
fiddles,小提琴
misprint,印刷错误
responder,响应者
dodges,躲闪
devan,德万
anthology,选集
gori,戈里
convulsing,抽搐
tacit,默契
echolocation,回声定位
disenchanted,失望的
melo,蜜洛
cunnilingus,口交
odeon,奥迪安
petrova,彼得罗娃
weaved,编织
pinhole,针孔
coeds,女大学生
angeline,安吉琳
blinkers,护目镜
alon,独自
burundi,布隆迪
slogging,苦苦挣扎
aske,问
nocturne,夜曲
flatmates,室友
perimeters,周长
stylized,风格化的
nibbled,轻咬
selectively,选择性地
rocio,罗西奥
tomasz,托马斯
quietness,寂静
riverton,里弗顿
replete,充足的
charlestown,查尔斯顿
bankbook,银行存折
thrumming,嗡嗡作响
lombardy,伦巴第
nih,NIH
enfants,孩子们
counterfeits,假冒产品
feb,二月
insulating,绝缘
haddad,哈达德
ochre,赭石
goldy,金色
kaddish,卡迪什
pimply,满脸痘痘
blaisdell,布莱斯德尔
calculators,计算器
weapons-grade,武器级
glamis,格拉米斯
ipso,ipso
championed,拥护者
glycerin,甘油
ging,姜
haberdashery,服装辅料
castilla,卡斯蒂利亚
heine,海涅
megatons,百万吨级
unwieldy,笨重
auras,灵气
southward,向南
shoplifted,商店行窃
boatyard,船厂
shivered,瑟瑟发抖
coronet,冠
terriers,梗犬
pharmacology,药理
profiteering,牟取暴利
soso,一般般
earnshaw,恩肖
portico,门廊
phalanges,指骨
mone,钱
acton,行动
conservatively,保守地
rigel,里格尔
cliffy,陡峭
wasserman,水手
furrows,沟壑
compacted,压实
multimedia,多媒体
bmi,体重指数
costar,配角
metallurgy,冶金
elis,伊利斯
makarov,马卡洛夫
haystacks,干草堆
mystifying,神秘的
accrued,累计
toomey,图米
snowshoes,雪鞋
brokering,经纪
bennington,本宁顿
apeshit,疯子
wardrobes,衣柜
manoeuvring,机动
monopolies,垄断
overheads,间接费用
hailstorm,冰雹
melnick,梅尔尼克
smolensk,斯摩棱斯克
terrifically,异常
gamal,加马尔
aage,年龄
diogenes,第欧根尼
halder,缰绳
fussed,烦躁不安
overshadow,黯然失色
buchan,布坎
abolitionist,废奴主义者
uck,卡克
candy-ass,甜心屁股
proms,毕业舞会
geneticists,遗传学家
dmt,二甲基苯丙胺
enrol,注册
sokolov,索科洛夫
blackmailers,勒索者
extortionist,勒索者
obie,奥比
jorgenson,乔根森
acolyte,侍僧
synonym,代名词
jostling,推搡
fiduciary,受托人
dialectic,辩证法
hidaka,日高
yorkie,约克夏犬
briton,英国人
cover-ups,掩盖
high-spirited,精神抖擞
snl,snl
jazmin,贾兹敏
prosser,普罗瑟
sequencer,序列器
gomes,戈麦斯
incompetents,不称职的人
resignations,辞职
karas,卡拉斯
deepwater,深水
rk,rk
caff,咖啡
dullest,最无聊的
claiborne,克莱本
inaba,稻叶
sauvignon,长相思
audubon,奥杜邦
vindicate,表白
ischemic,缺血性
lamer,更软
broods,幼崽
mesquite,牧豆树
witch-hunt,猎巫行动
islander,岛民
undiagnosed,未确诊
mazes,迷宫
sanguine,乐观
salvageable,可挽救的
tribulation,苦难
chaired,主持
groomsmen,伴郎
noakes,诺克斯
resolves,解决
irreverent,不敬的
dabs,dab
three-ring,三环
tinnitus,耳鸣
telemarketing,电话推销
billington,比灵顿
disa,迪萨
committal,入狱
anaphylaxis,过敏反应
benes,贝内斯
loris,懒猴
ascends,上升
regularization,正则化
transylvanian,特兰西瓦尼亚
jesters,小丑
effi,效率
cheval,马
conditioners,护发素
mundt,蒙特
bartered,以物易物
arthritic,关节炎
oversensitive,多心
lubin,鲁宾
disrepair,失修
moroni,莫罗尼
aesop,伊索
muscled,肌肉发达
condors,秃鹰
yaps,狗叫声
bottomed,底部
malmo,马尔默
embezzle,挪用
handprints,手印
orden,秩序
demerit,缺点
scummy,卑鄙的
exerts,施压
illusory,虚幻
smidgen,一点点
grammatical,语法
snodgrass,雪松
communing,沟通
chagall,夏加尔
arial,阿里尔
bashar,巴沙尔
biu,比乌
autonomic,自主神经
amiens,亚眠
spiegel,《明镜周刊》
drucker,德鲁克
shizuoka,静冈
oddities,奇闻异事
gunships,武装直升机
schrodinger,薛定谔
lier,说谎者
tss,tss
pacifica,太平洋
knobby,粗糙的
tapered,锥
orangutan,猩猩
carmona,卡莫纳
spacemen,太空人
maypole,五月柱
lunkhead,笨蛋
curving,弯曲
antitoxin,抗毒素
reddit,reddit
strainer,滤网
hosing,软管
excellencies,卓越
resurrecting,复活
pectoral,胸饰
abductors,绑架者
mapes,地图
echols,回声
roadrunner,走鹃
criticizes,批评
superstructure,上层建筑
well-endowed,天赋异禀
lay-up,上篮
pleasuring,愉悦
pinkeye,红眼病
malformation,畸形
burry,埋葬
mansell,曼塞尔
anaesthetist,麻醉师
ballooning,热气球
bashes,猛击
cataloguing,编目
pastels,粉彩
funhouse,游乐场
herm,雌雄同体
cornball,玉米球
thatch,苫
hayloft,干草阁楼
nanite,纳米机器人
revives,复苏
dingbat,丁巴特
morgues,太平间
springy,有弹性的
dinka,丁卡族
metzler,梅茨勒
maritza,玛丽扎
rmb,人民币
forfeits,弃权
fronds,叶状体
robinsons,罗宾逊
toddle,蹒跚学步
fp,fp
interpretive,解释性的
affectation,做作
dangles,悬挂
foetal,胎
abdicated,退位
mercurial,水银
mephistopheles,墨菲斯托费勒斯
weyland,韦兰
feathery,羽毛状的
consolidating,巩固
betrayers,背叛者
ennui,厌倦
monaghan,莫纳汉
lugs,凸耳
broody,母性
octane,辛烷值
dellinger,德林格
pourquoi,为什么
morphed,变形
lyne,莱恩
orn,奥恩
fortunato,福图纳托
organisers,组织者
transitioned,过渡
discontented,不满
sorriest,最悲伤的
kazakh,哈萨克
peculiarities,特殊性
worsens,恶化
nes,内斯
outages,停电
harmonics,谐波
spiraled,螺旋状
vangelis,范吉利斯
ballarat,巴拉瑞特
thusly,因此
ghosting,鬼影
veli,维利
blackman,黑人
heike,海克
liebling,利布林
blowjob,口交
hatin,讨厌
venables,维纳布尔斯
gowda,高德
raskolnikov,拉斯科尔尼科夫
teenaged,青少年
zana,扎纳
ovaltine,阿华田
power-hungry,权力欲强的
lazing,懒散
alarmist,危言耸听者
wiseman,智者
pewter,锡
dubuque,迪比克
asylums,精神病院
rifleman,步枪兵
deadman,死人
earthman,地球人
downhearted,消沉
toils,辛勤劳作
arachnid,蛛形纲动物
ssr,战略安全局
detests,厌恶
podunk,偏僻小镇
dabo,达博
messner,梅斯纳
crisper,更脆
gustafson,古斯塔夫森
ror,ror
intonation,语调
hands-free,免提
pitty,可怜
mashing,捣碎
well-established,成熟的
crys,哭泣
sellars,卖家
abouts,关于
diabetics,糖尿病患者
cadbury,吉百利
unsettle,不安
wittgenstein,维特根斯坦
naan,馕
uncharacteristically,反常地
indignities,侮辱
kestrel,红隼
parc,公园
multiplies,乘
beautify,美化
mountjoy,芒特乔伊
recriminations,相互指责
computations,计算
free-spirited,自由奔放
hia,嗨
endoscopy,内窥镜检查
tacitus,塔西佗
mb,mb
borin,无聊
prophylactic,预防
dss,dss
kessel,凯塞尔
hamp,汉普
lawrie,劳里
r-rated,限制级
preachy,说教
coopers,库珀斯
heracles,赫拉克勒斯
thistles,蓟
binks,宾克斯
lionfish,狮子鱼
unsavoury,令人不快的
griffen,格里芬
scoville,斯科维尔
vestments,圣职
full-blooded,纯种
drippy,滴水
everly,永远
cajole,哄骗
ephesus,以弗所
lowenthal,洛文塔尔
dusters,除尘器
shags,长毛
infirmity,虚弱
videogame,电子游戏
mgs,毫克
maximillian,马克西米利安
walk-on,步行入场
simpletons,傻瓜
flapjack,煎饼
conscripts,应征入伍者
man-hours,工时
permissions,权限
streaked,条纹
antiquing,古董
delon,德隆
whacker,重击者
keepsakes,纪念品
masada,马萨达
quarles,争吵
avionics,航空电子设备
didgeridoo,迪吉里杜管
terrorised,恐怖
ejaculated,射精
reverent,虔诚的
mescal,麦斯卡尔
proprietress,女店主
assigns,分配
hardline,强硬派
sinews,肌腱
absorbers,吸收器
forehand,正手
pitman,皮特曼
margolis,玛格丽丝
dartboard,飞镖靶
mils,密尔
funnest,最有趣的
ryman,莱曼
moseley,莫斯利
stir-crazy,烦躁不安
alvis,阿尔维斯
undeserved,不应得的
linnet,麻雀
riccio,里乔
sixty-six,六十六
winos,酒鬼
nuff,足够
farrel,法雷尔
camargo,卡马戈
frump,邋遢
handrail,扶手
vandalizing,破坏行为
fujisawa,藤泽
chaining,连锁
chongqing,重庆
oscillation,振荡
maxfield,马克斯菲尔德
symbolise,象征
unproductive,低效的
mingus,明格斯
hitches,挂钩
backwash,回流
cottonmouth,棉口
lauper,劳珀
moussaka,穆萨卡
scatterbrain,马大哈
bearskin,熊皮
alibied,不在场证明
duda,杜达
stylists,造型师
aud,奥迪
dama,达玛
varanasi,瓦拉纳西
shipley,希普利
ex-president,前总统
unshaven,未刮胡子
tagger,标签
off-ramp,出口匝道
minge,明格
fornicator,淫乱者
succotash,杂烩
nota,备注
materialise,实现
nodules,结节
vis-a-vis,相对于
tell-all,全部揭秘
lynde,林德
krell,克雷尔
tenet,信条
hashem,哈希姆
vitale,维塔莱
corvo,科尔沃
mccool,麦库尔
chemin,道路
rayon,人造丝
bridging,桥接
geometrical,几何
cohan,科汉
fatuous,昏庸
braving,勇敢
tannery,制革厂
rhone,罗纳河
asda,阿斯达
patella,髌骨
goading,挑衅
demarcation,划界
scrambles,争夺
bullitt,布利特
wildman,野人
one-up,一跃
redcoat,红衣军
coursework,课程作业
ninety-two,九十二
smithson,史密森
bice,比斯
pinko,平科
dimwits,笨蛋
deerfield,鹿场
transgenic,转基因
rincon,林孔
journeyman,熟练工
imhotep,伊姆霍特普
shaffer,沙弗
kitchenette,小厨房
wellspring,泉水
frumpy,邋遢的
cryptography,密码学
antivirus,杀毒软件
faerie,仙女
stromberg,斯特龙伯格
centrepiece,中心装饰品
flypaper,粘蝇纸
dimitry,迪米特里
neighbourly,邻里
gershon,格申
overcharged,收费过高
morningside,晨边
sebring,赛百灵
nassim,纳西姆
burqa,罩袍
chivas,芝华士
readies,准备就绪
millwall,米尔沃尔
bibs,围兜
chicas,女孩们
dog-eat-dog,弱肉强食
bruschetta,布鲁斯凯塔
harpoons,鱼叉
uplifted,提升
handlebar,车把
imparted,传授
waggle,摇摆
shying,害羞
attilio,阿蒂利奥
impersonators,模仿者
naff,俗气
muesli,什锦麦片
categorized,分类
alwyn,艾尔文
metastasized,转移
scuttling,匆匆而过
pussy-whipped,被女人驯服
paleontologist,古生物学家
needling,针刺
beatdown,暴打
sud,苏德
tard,迟缓
patty-cake,拍手歌
hime,姬
walkins,无需预约
aquino,阿基诺
damiano,达米亚诺
trice,瞬间
lonsdale,朗斯代尔
subduction,俯冲带
sportswear,运动服
bomba,炸弹
hallucinated,幻觉
matei,马泰
walruses,海象
cornwallis,康沃利斯
polygamist,多配偶者
hyperbaric,高压
hinton,欣顿
marinating,腌制
traumatize,创伤
craggy,崎岖不平
atoned,赎罪
shilo,希洛
burdensome,负担
manhunter,猎人
folies,叶子
quibbling,吹毛求疵
carves,雕刻
hala,哈拉
reliever,救援投手
zona,区域
okavango,奥卡万戈
scowling,皱眉
whittled,削过的
edda,埃达
lumberyard,木材厂
crystal-clear,晶莹剔透
brite,布莱特
delegations,代表团
mrsa,耐甲氧西林金黄色葡萄球菌
moisturize,保湿
limps,跛行
zonked,昏昏欲睡
gough,高夫
currant,黑醋栗
cataloging,编目
hocks,后腿
perceiving,感知
wintry,冬季
first-timer,初次体验
rappel,绳降
surpassing,超越
ellsberg,埃尔斯伯格
devereux,德弗罗
ratcliffe,拉特克利夫
skimmer,撇渣器
burkes,伯克斯
scholl,学校
razzle-dazzle,眼花缭乱
verlaine,魏尔伦
hogue,霍格
reanimated,复活
ramping,斜坡
informational,信息
verdant,葱茏
interprets,解释
arte,艺术
umber,数字
reenter,重新进入
off-course,偏离航线
time-space,时空
tauri,金牛座
dalziel,达尔齐尔
lavishly,慷慨地
algerians,阿尔及利亚人
bourguignon,勃艮第红酒
jealousies,嫉妒
unreported,未报道
intrinsically,本质上
disseminate,传播
balk,犹豫
mcgwire,麦格维尔
parcheesi,飞行棋
nott,诺特
hosokawa,细川
honourably,光荣地
puerile,幼稚的
finny,芬尼
nand,nand
guardrail,护栏
reverb,混响
dollface,娃娃脸
eet,欧洲东部时间
pris,价格
haruki,春树
stargazing,观星
northerner,北方人
mash-up,混搭
cfd,CFD
bonney,邦尼
hellhound,地狱犬
gyles,吉尔斯
gop,共和党
sculptural,雕塑般的
meagan,梅根
freelancers,自由职业者
jodhpur,焦特布尔
archetypal,原型
misdirected,方向错误
gallops,疾驰
concho,康乔
gambino,甘比诺
thresher,脱粒机
thunderhead,雷云
pcr,PCR
loyola,洛约拉
achievable,可实现的
curio,古玩
solar-powered,太阳能
zygomatic,颧骨
tallies,统计
upstaged,抢了风头
vax,疫苗
deformation,形变
derringer,德林格手枪
abounds,丰富
waned,减弱
ravines,峡谷
lorrie,洛里
kutner,库特纳
henpecked,妻管严
nimitz,尼米兹
nutcases,疯子
smollett,斯莫利特
markup,标记
gaskell,加斯克尔
salina,萨利纳
miniskirts,迷你裙
aitken,艾特肯
milosevic,米洛舍维奇
faltered,犹豫不决
deviations,偏差
mainlanders,大陆人
puzzler,谜题
rationalization,合理化
lusitania,卢西塔尼亚
balam,巴拉姆
economize,节约
outweighed,被压倒
bestselling,畅销书
decays,衰变
chetniks,切特尼克
marinette,玛丽娜
iva,伊娃
tiptoes,踮起脚尖
goodall,古德尔
crucifixes,十字架
recce,侦察
contrasting,对比
hexagonal,六边形
sargeant,中士
cherishes,珍惜
fearlessness,无畏
baptisms,洗礼
imbedded,嵌入式
tunnelling,隧道
rebbe,拉比
ankh,安卡
pedicures,足疗
threshing,脱粒
archangels,大天使
minnows,小鱼
peerage,贵族
dv,dv
flatbread,扁面包
forbearance,宽容
great-grandson,曾孙
detractors,批评者
arabesque,阿拉伯式花纹
caen,卡昂
readable,可读
meadowlands,草地
inlaid,镶嵌
pastimes,消遣
marte,玛特
sweatshirts,运动衫
vandenberg,范登堡
dweebs,书呆子
extinctions,物种灭绝
sundried,晒干
cayce,凯西
farad,法拉德
cec,塞克
enhancer,增强剂
marmite,马麦酱
tremlett,颤栗
vaguest,最模糊
boxy,方方正正的
imbibe,吸收
sun-up,日出
trott,小跑
verifiable,可验证的
grates,格栅
mcafee,麦卡菲
lancet,柳叶刀
carville,卡维尔
brockton,布罗克顿
retracting,缩回
nerf,削弱
homegrown,本土种植
sheeps,绵羊
joi,乔伊
eviscerate,开膛破肚
waldman,沃尔德曼
sak,萨克
knackers,屠宰者
leftists,左翼分子
unencumbered,不受阻碍的
footlights,脚灯
defrauding,欺诈
deputize,代理
denigrate,贬低
michaelson,迈克尔森
peckerwood,啄木鸟
linley,林利
woodworking,木工
skulk,潜行
bor,bor
connotations,内涵
plied,合拢
sexing,性别鉴定
diehard,顽固
tactician,战术家
exculpatory,免责的
rigmarole,繁文缛节
copycats,模仿者
windsurfing,帆板运动
trundle,滚动
kumari,库玛丽
chiswick,奇斯威克
logar,日志
beaton,比顿
tight-knit,紧密联系
lado,拉多
beano,比诺
lav,拉夫
ato,到
outvoted,投票落败
physiotherapist,理疗师
wised,明智的
gara,加拉
glyn,格林
martinson,马丁森
goggle,护目镜
palates,味蕾
accusers,指控者
whoppers,巨无霸
ashoka,阿育王
housemate,室友
monkeying,猴子
hagman,哈格曼
namie,纳米
pss,pss
schmoozing,闲聊
phantasm,幻影
karo,卡罗
upchuck,呕吐
empath,同理心
trelawney,特里劳尼
teachable,可教的
marvellously,奇妙地
bolshevism,布尔什维克主义
suprise,惊喜
demote,降级
dubey,杜贝
newsnight,新闻之夜
pomeranian,博美犬
bushman,丛林人
nilsen,尼尔森
yardarm,横桁
enclosing,封闭
churns,搅拌
jack-o,南瓜灯
colourless,无色
highwaymen,强盗
tove,托芙
zings,刺激
blood-red,血红
noyce,诺伊斯
dutt,达特
backstabbing,背叛
birdbath,鸟浴盆
kilian,基利安
umpteenth,第N个
nal,纳尔
narvik,纳尔维克
seahawks,海鹰队
maneuvered,操纵
roja,罗哈
wigged,戴假发
lucero,卢塞罗
sleuths,侦探
bartolo,巴托洛
nyman,尼曼
elevates,提升
littler,小
ticketed,已售票
zionists,犹太复国主义者
pranksters,恶作剧者
hed,头
lewiston,刘易斯顿
wot,什么
drizzling,毛毛雨
shinning,闪耀
pimlico,皮姆利科
necronomicon,《死灵之书》
candida,念珠菌
prow,船首
paxman,帕克斯曼
rud,船底
oiling,注油
adjunct,附件
drooled,流口水
profiteer,奸商
consecration,祝圣
cavallo,卡瓦洛
ramayana,罗摩衍那
enrage,激怒
fecking,操
cadmium,镉
multimillionaire,千万富翁
leos,狮子座
hina,希娜
reviled,被唾弃
pay-off,付清
rp,角色扮演
unemployable,无法就业
gorging,暴饮暴食
chiron,凯龙星
airbrushed,喷绘
cbl,cbl
silverback,银背
basques,巴斯克人
newlin,纽林
binney,宾尼
coveting,渴望
screwdrivers,螺丝刀
crossley,克罗斯利
quarrelsome,爱争吵的
how-to,操作方法
mumford,芒福德
emboldened,加粗
perked,有
bolger,博尔格
spoleto,斯波莱托
ripp,里普
espanol,西班牙语
reopening,重新开放
neh,内
zhuang,庄
glyphs,字形
high-minded,高尚的
rehire,重新雇用
barstool,吧台凳
dita,迪塔
shockwaves,冲击波
footie,足球
crinkle,皱褶
eady,准备好了
hathor,哈索尔
barefooted,赤足
lothario,情圣
lorimer,洛里默
gti,甲壳虫
motorcyclist,摩托车手
polecat,臭鼬
artem,阿尔特姆
callus,胼胝体
whap,啪
gratify,满足
intermittently,间歇性地
priestesses,女祭司
reloaded,重新加载
predictability,可预测性
sloshes,晃动
anchoring,锚定
substantive,实质性
hoarders,囤积者
offshore,离岸
ejecting,喷射
breastfed,母乳喂养
sawbones,骨科医生
ont,上
womankind,女性
cost-effective,成本效益高
yoram,约拉姆
sedentary,久坐的
linguine,扁面条
half-hearted,心不在焉
indoctrinated,灌输
womack,沃马克
stalinist,斯大林主义
pomegranates,石榴
prongs,叉状物
enhancers,增强剂
hapsburg,哈布斯堡
sausalito,索萨利托
sweet-talking,甜言蜜语
profitability,盈利能力
fulbright,富布赖特
patna,巴特那
choctaw,乔克托
ebbing,退潮
ketch,双体帆船
filmy,电影
baden-powell,巴登-鲍威尔
ombudsman,监察员
gastrointestinal,胃肠道
acc,费用
wheatley,惠特利
renate,雷纳特
nonfiction,非虚构类
inoculations,接种
naively,天真地
stormer,风暴
hayseed,乡巴佬
obamacare,奥巴马医改
deep-rooted,根深蒂固
plastering,抹灰
shiraishi,白石
forecasting,预测
brasilia,巴西利亚
unfunny,不好笑
oba,大巴
gyn,妇科
amplifies,放大
amplification,放大
devotes,奉献
restarting,重新启动
nueva,新
tilts,倾斜
rua,rua
riffing,即兴演奏
cohabitation,同居
grazer,食草动物
tattler,告密者
shoshone,肖肖尼
ohana,欧哈纳
murmansk,摩尔曼斯克
sweatshops,血汗工厂
ancillary,辅助
allman,奥尔曼
elmira,埃尔迈拉
iridescent,彩虹色
joyously,欣喜地
mandarins,柑橘
janes,简氏
lublin,卢布林
polarized,偏振
ananya,阿南亚
capuchin,卷尾猴
necropolis,墓地
blackthorn,黑刺李
maidservant,女仆
illustrating,图示
euphemisms,委婉语
naughtiness,顽皮
boron,硼
varsha,瓦尔沙
dishy,菜肴
wastepaper,废纸
var,变量
polled,民意调查
carew,卡鲁
kleiner,克莱纳
finna,芬娜
wilfully,故意
plainer,更朴素
peacemakers,和平缔造者
baptists,浸信会
holley,霍利
pupa,蛹
enfield,恩菲尔德
ymir,尤米尔
margareta,玛格丽塔
inwood,因伍德
unfurl,展开
cavernous,洞穴状的
brix,白利糖度
self-reliance,自力更生
southwell,南韦尔
rosalyn,罗莎琳
metrosexual,都市型男
mid-afternoon,下午中段
sanded,打磨
tiffani,蒂芙尼
potting,盆栽
pri,pri
portside,港口
preordained,预定的
monteiro,蒙泰罗
pollan,波兰
msnbc,MSNBC
pincher,钳子
checkups,检查
glazer,釉料
bloopers,失误
relished,津津有味
blackface,黑脸
marigolds,万寿菊
rotgut,劣质酒
puce,紫褐色
teed,球座
cyanotic,紫绀
noc,诺克
timon,丁满
affirmed,确认
lumbered,笨重的
exacerbated,加剧
defusing,解除
litigious,好诉讼的
rosella,玫瑰鹦鹉
hairstylist,发型师
hunter-gatherers,狩猎采集者
back-and-forth,来回
nineveh,尼尼微
now-now,现在
roly-poly,滚木
ottavio,奥塔维奥
chibi,Q版
meringues,蛋白酥皮
neale,尼尔
resect,切除
lasker,拉斯克
bienvenue,欢迎
dodgson,道奇森
lagoons,泻湖
falling-out,决裂
mcdougal,麦克杜格尔
carling,卡灵
couplings,耦合
teasdale,蒂斯代尔
hillsides,山坡
comradeship,同志情谊
cresswell,克雷斯韦尔
serviceable,可用
selkirk,塞尔柯克
insensible,麻木不仁
noguchi,野口
gleams,闪光
formulating,制定
tornados,龙卷风
gobby,戈比
disorientated,迷失方向
fricassee,炖菜
kashmiri,克什米尔
curds,凝乳
boardinghouse,寄宿公寓
turbans,头巾
credenza,餐具柜
mid-century,20世纪中期
volpe,沃尔普
overused,过度使用
megs,兆
four-way,四向
recline,横卧
captivate,吸引
sepulveda,塞普尔韦达
connaught,康诺特
mochi,麻糬
poussin,小鸡
carnaby,卡纳比
shion,紫苑
vistula,维斯瓦河
tous,我们
nazar,纳扎尔
bam-bam,砰砰
subcontractor,分包商
gherkin,小黄瓜
appoints,任命
powdery,粉状
forerunner,先行者
shabnam,沙布南
elster,埃尔斯特
meri,梅里
tzara,扎拉
unravelling,解开
pala,帕拉
maggs,玛格斯
mohair,马海毛
anti-terrorism,反恐
swope,交换
susa,苏萨
diamondback,菱背响尾蛇
manipulations,操纵
jeers,嘲笑
zapp,扎普
smilingly,微笑着
hawaiians,夏威夷人
balliol,巴利奥尔
probs,问题
dissipates,消散
maharishi,玛哈里希
anointing,膏抹
reiter,再投资人
daycare,日托
yarrow,蓍草
bestowing,授予
high-performance,高性能
slayton,斯莱顿
patria,祖国
droplet,液滴
durante,杜兰特
banda,班达
consorts,配偶
statehood,建州
pith,髓
antioxidants,抗氧化剂
swipes,滑动
firewater,消防水
pentecost,五旬节
sternly,严厉地
batu,巴图
scums,人渣
commandeering,征用
eighty-seven,八十七
braked,刹车
canoodling,亲热
seis,塞伊斯
laments,哀叹
elway,埃尔韦
kingfisher,翠鸟
mirabelle,米拉贝尔
barre,芭蕾
leoni,莱昂尼
badmouth,坏嘴
crotchety,古怪的
raffles,抽奖
northmen,北方人
elocution,演讲
nincompoops,笨蛋
szechuan,四川
dalby,达尔比
knockoffs,仿冒品
unhooked,解开
caicos,凯科斯群岛
taillights,尾灯
musica,音乐
zeroing,归零
ganda,甘达
alanis,艾拉妮丝
sifted,筛过的
stonemason,石匠
stoppage,停止
hand-painted,手绘
jagannath,贾格纳特
blakeney,布莱克尼
scalia,斯卡利亚
hummed,哼唱
conflagration,大火
heigh,身高
snaked,蛇形
latter-day,后期
tulane,杜兰大学
scut,盾牌
gris,灰色
pancreatitis,胰腺炎
spacetime,时空
lovemaking,性爱
dollie,娃娃
lackluster,平淡无奇
bleecker,布利克
co-sign,共同签署
yellowish,淡黄色
shied,躲闪
uncovers,揭开
retractable,可伸缩
remaking,重制版
puro,纯
dispassionate,冷静
lippman,利普曼
burgle,入室盗窃
incidentals,杂项
typos,拼写错误
gcse,GCSE
adversely,不利地
hodder,霍德
dungarees,背带裤
cyn,犬齿
germane,相关的
bellas,贝拉斯
adoptions,收养
carlsbad,卡尔斯巴德
vinson,文森
floozies,轻浮的女人
danged,该死的
blue-green,蓝绿色
live-action,真人版
rutter,鲁特
mex,墨西哥
sprat,鲱鱼
neutralised,中和
porker,猪肉
mofo,混蛋
simmonds,西蒙兹
krull,克鲁尔
thier,他们的
federally,联邦
firelight,火光
eye-opening,令人大开眼界
abstaining,禁欲
oglethorpe,奥格尔索普
rifts,裂痕
subroutines,子程序
inwardly,内心
earmuffs,耳套
lopes,长角兔
satanism,撒旦教
boutros,boutros
denotes,表示
suppositories,栓剂
houseful,满屋
planed,计划
edoardo,爱德华多
gawping,目瞪口呆
rit,rit
blockbusters,大片
commissioning,调试
boniface,博尼法斯
temerity,鲁莽
wined,葡萄酒
schott,肖特
modell,模型
csc,csc
immeasurably,无法估量
czechoslovakian,捷克斯洛伐克语
micheal,迈克尔
aikido,合气道
miniseries,迷你剧
nigerians,尼日利亚人
deschamps,德尚
unconvincing,缺乏说服力
lording,领主
suspensions,停职
bevin,贝文
abrahams,亚伯拉罕
sulphate,硫酸盐
fibber,纤维
magics,魔法
tricksters,骗子
whiteout,白茫茫
vitriol,矾
gnaws,啃咬
loathes,厌恶
emanates,散发
color-coded,颜色编码
rathbone,拉思伯恩
constitutionally,合宪地
brynner,布林纳
englishwoman,英国女人
aran,阿兰
tilley,蒂利
headbutt,头槌
ellman,埃尔曼
carpathian,喀尔巴阡山脉
invincibility,无敌
airflow,空气流动
trudging,艰难跋涉
ionosphere,电离层
fibrous,纤维状的
snowmobiles,雪地摩托
colorblind,色盲
eliyahu,以利亚
snooks,梭鱼
mcmurray,麦克默里
vill,村庄
gravesite,墓地
never-never,绝不
roker,摇滚乐
mansa,曼萨
perspire,出汗
discoverer,发现者
copperhead,铜头蛇
cinq,cinq
wittenberg,维滕贝格
incommunicado,失联
imaginings,想象
groomer,美容师
farnham,法纳姆
novelists,小说家
natchez,纳奇兹
slo-mo,慢动作
cera,陶瓷
newsagent,报刊亭
debased,堕落
half-finished,半成品
illyria,伊利里亚
sampo,桑波
reductions,减少
trivialities,琐事
haroun,哈伦
opr,opr
infanticide,杀婴
longstanding,长期以来
chowk,广场
sycophants,谄媚者
paras,段落
disfigurement,毁容
oppo,OPPO
gray-haired,白发苍苍
redeye,红眼
pinkies,小指
antibacterial,抗菌
granduncle,叔祖
praiseworthy,值得称赞
irresistibly,无法抗拒地
snipping,剪断
eiger,艾格
paleface,苍白脸
fudged,弄虚作假
typeface,字体
jewelery,首饰
dystrophy,营养不良
musashino,武藏野
radars,雷达
mesmer,催眠术
felicitations,祝贺
dwindle,减少
demigod,半神
nicolae,尼古拉
funnels,漏斗
signboard,招牌
readouts,读数
shuttered,百叶窗
marathi,马拉地语
undefended,未设防
gwyn,格温
shams,骗局
adapter,适配器
antagonizing,敌对的
polyp,息肉
quintet,五重奏
publican,酒馆老板
rattan,藤
allusion,典故
furrier,皮货商
propels,推进
approvals,审批
uwe,乌韦
archduchess,女大公
gluteus,臀肌
sola,太阳
pula,普拉
housecleaning,家政服务
subpar,欠佳
warm-ups,热身
tsetse,采采蝇
sate,沙特
kuma,熊
wrest,夺取
ellyn,艾琳
hallucinogens,致幻剂
ruhr,鲁尔区
graydon,格雷顿
workmates,同事们
sweetbreads,甜面包
dedicates,奉献
full-bodied,饱满的
gramp,爷爷
reinstating,恢复
cubism,立体主义
kilowatt,千瓦
humblest,最谦逊的
mathura,马图拉
exploiters,剥削者
catesby,凯茨比
southernmost,最南端
verging,接近
beetlejuice,阴间大法师
unwillingness,不情愿
swabbing,拭子采集
curtail,限制
ase,酶
modernization,现代化
spinsters,老处女
alexia,艾丽克西亚
hotly,热
affluence,富裕
perversity,反常
aghast,惊愕
snifter,白兰地
tenancy,租约
saracens,萨拉森人
amphitheatre,圆形剧场
melvyn,梅尔文
kaaba,克尔白
sabretooth,剑齿虎
port-au-prince,太子港
charmers,魅力四射的人
dining-room,饭厅
gameboy,Game Boy
preventable,可预防的
titillating,令人兴奋的
columba,哥伦巴
extraterrestrial,外星人
hypersensitive,过敏
babin,巴宾
rejections,拒绝
vim,vim
reconnoiter,侦察
baddie,坏人
wifely,妻子
bayan,巴彦
lowball,低价出价
ferrying,摆渡
steinbeck,斯坦贝克
bissell,比塞尔
low-cost,低成本
shultz,舒尔茨
counterweight,配重
socialising,社交
meritorious,有功绩的
messianic,弥赛亚式的
tidwell,蒂德韦尔
cardoso,卡多索
tantra,密宗
ordination,授职
automatics,自动
noll,诺尔
fifty-four,五十四
yo-yos,溜溜球
allways,总是
aberrations,偏差
forcefed,强迫喂食
redundancies,冗余
leeching,水蛭
onsen,温泉
drug-free,无药物
slumbers,睡眠
dictatorial,独裁的
sultans,苏丹们
bondi,邦迪
exigent,紧急
pini,松子
tilney,蒂尔尼
absconding,潜逃
taff,员工
thun,雷神
dislocate,脱臼
loomed,迫近
coffeepot,咖啡壶
cosmetology,美容
blvd,大道
quintessence,精华
anti-corruption,反腐败
bombastic,夸张的
peritoneal,腹膜
aphrodisiacs,催情剂
hench,打手
pilfered,偷窃
hewn,凿
mihai,米哈伊
coherence,连贯性
hansa,汉莎
iff,当……时
baden,巴登
eero,埃罗
darning,织补
conceding,让步
colander,滤器
gainey,盖尼
elementals,元素
biron,比隆
crumbly,易碎的
astrolabe,星盘
abolishing,废除
haitians,海地人
coquettish,娇媚
adan,阿丹
overtakes,超越
cassoulet,卡苏莱砂锅
aweigh,令人敬畏
thalia,塔利亚
shales,页岩
tirade,长篇大论
laymen,外行
crashers,撞车者
surveil,监视
eliane,伊莲娜
enslaving,奴役
shrivelled,干瘪
waterlogged,水浸
viewpoints,观点
vitae,生命
hemmings,裙边
lactate,乳酸
wince,畏缩
herculaneum,赫库兰尼姆
keefe,基夫
osu,osu
ill-conceived,构思不周
verve,气魄
privatized,私有化
sacre,圣洁
doucet,杜塞
eg,例如
blag,吹牛
malden,马尔登
xoxo,么么哒
mile-high,一英里高
cooperating,合作
devilishly,邪恶地
deviates,偏离
johanson,约翰逊
crinkles,皱纹
coms,通讯
allentown,阿伦敦
lily-white,纯白色
moguls,大亨
fortier,福蒂埃
murtagh,默塔格
mutinous,叛逆的
dunwoody,邓伍迪
seamlessly,无缝
beguiled,被迷惑
pails,水桶
boeuf,牛肉
tek,科技
starchy,淀粉
puh,噗
grasso,格拉索
surer,确定
choc,巧克力
dressler,德雷舍尔
outsourced,外包
aaaa,啊啊啊
koufax,库法克斯
ananda,阿南达
cupping,拔罐
wickers,柳条
seafarers,海员
crests,冠状物
albertson,艾伯特森
redwoods,红杉
narratives,叙事
sherwin,宣伟
unknowing,无知
perpetrate,犯
cruddy,糟糕的
courtrooms,法庭
topknot,发髻
courtesies,礼貌
good-for-nothings,一无是处的人
thingamajig,小玩意
koku,国
despising,鄙视
claimant,索赔
santoro,圣托罗
kacey,凯西
vertebrates,脊椎动物
normand,诺曼底
bick,比克
recuperation,恢复
periodical,期刊
miming,模仿
half-and-half,一半一半
raved,赞不绝口
courtyards,庭院
jansson,扬松
lota,洛塔
menopausal,更年期
resettlement,重新安置
blowers,鼓风机
finalizing,最终确定
forgers,伪造者
pipers,风笛手
abhors,厌恶
mando,曼多
academician,院士
ill-tempered,脾气暴躁
seahorses,海马
tooling,工具
expediting,加快
durability,耐久性
chiltern,奇尔顿
ensenada,恩塞纳达
ill-equipped,装备不足
eluding,逃避
tuileries,杜乐丽
delius,德利乌斯
empty-headed,头脑空空
bougie,蜡烛
bund,堤坝
puddy,布迪
unapproachable,难以接近
vashti,瓦什蒂
chela,螯
rosendo,罗森多
king-sized,特大号
duller,更暗淡
basketballs,篮球
visigoths,西哥特人
whiteboard,白板
chaya,查亚
kiel,基尔
cressida,克雷西达
adora,阿多拉
sorensen,索伦森
sobbed,啜泣
sixty-eight,六十八
antonioni,安东尼奥尼
incriminated,被指控
hipper,更时髦
darndest,最勇敢的
dethroned,被废黜
pinheads,针头
anemones,海葵
chattel,动产
ashwin,阿什温
incarnations,化身
franzen,弗兰岑
oxfam,乐施会
bastogne,巴斯托涅
surreptitiously,偷偷摸摸
caricatures,漫画
gangbang,群交
adil,阿迪尔
sealant,密封剂
expediency,权宜之计
generalize,概括
wildwood,野木
betelgeuse,参宿四
wickersham,威克舍姆
keely,基利
gelatinous,胶状的
teh,teh
binghamton,宾厄姆顿
muggles,麻瓜
poofy,蓬松的
recounting,重新计算
revoking,撤销
spruced,修剪过的
steeds,马匹
pecks,啄食
kellie,凯莉
stampeding,踩踏
altair,牵牛星
strix,斯特里克斯
savaged,惨遭蹂躏
dayan,达扬
turners,特纳斯
contractually,合同
masochistic,受虐狂
minoan,米诺斯
nafta,北美自由贸易协定
unfairness,不公平
shoehorn,鞋拔子
nepalese,尼泊尔
wendt,温特
introvert,内向者
conspicuously,显眼地
tiled,瓷砖
neato,真棒
finsbury,芬斯伯里
spee,语速
bobcats,山猫
demarest,德马雷斯特
newtons,牛顿
alys,艾丽丝
federals,联邦
castrating,阉割
unbuckle,解开安全带
thorsen,托尔森
replant,补种
vol,卷
blooper,失误
martyn,马丁
gatehouse,门房
lipschitz,利普希茨
arie,阿里
vfw,退伍军人协会
helmsley,赫尔姆斯利
huma,人类
sheeting,薄片
hatchery,孵化场
configured,已配置
foibles,缺点
dirac,狄拉克
bandi,班迪
gifting,赠送
boll,铃
bantam,矮脚鸡
garrote,绞索
purges,清洗
unbound,无界
stashes,藏匿处
pundits,评论员
canapes,开胃小菜
double-dealing,两面派
ganache,甘纳许
zong,宗
spoonfuls,一勺
socialized,社会化
sams,山姆
brabant,布拉班特
liberally,慷慨地
hermits,隐士
cliffhanger,悬念
landlocked,内陆
vilest,最卑鄙的
jays,蓝鸟
lordships,领地
spanned,跨越
lez,莱兹
goodfellas,好家伙
pallbearers,抬棺人
kilts,苏格兰短裙
violators,违规者
corvus,乌鸦
rudyard,鲁德亚德
dito,迪托
emasculating,阉割
garnered,获得
worshipper,崇拜者
reverts,恢复
exacerbate,加剧
unlikable,令人讨厌
windowless,无窗
ud,ud
betta,斗鱼
catapulted,弹射器
coors,库尔斯
formosa,福尔摩沙
inoculate,接种
kiddos,孩子们
homesteaders,自耕农
giggled,咯咯地笑
illiteracy,文盲
druggies,吸毒者
balinese,巴厘岛
komm,komm
wanderings,漫游
nephilim,尼菲林
disproved,已被驳斥
berne,伯尔尼
uhf,超高频
cheeseman,奶酪人
patrician,贵族
andretti,安德烈蒂
warrington,沃灵顿
micks,米克斯
ignominious,可耻
modernism,现代主义
implanting,植入
gherkins,小黄瓜
mind-reading,读心术
boh,boh
espressos,浓缩咖啡
pyrrhus,皮洛士
speedily,迅速地
exposures,暴露
benchley,本奇利
egoistic,利己主义
cala,卡拉
sochi,索契
mastiff,獒
agincourt,艾金库尔
crunk,克朗克
bungler,笨蛋
kindhearted,善良
abbe,阿贝
lapp,拉普
delegating,授权
squashy,软绵绵的
tasker,任务者
rejoining,重新加入
quadriplegic,四肢瘫痪
planetoid,行星体
robbin,罗宾
gillingham,吉林厄姆
sich,sich
bani,巴尼
compulsively,强迫性地
gabba,加巴
caris,卡里斯
centuries-old,几个世纪前
merges,合并
sickles,镰刀
asserts,断言
homme,男
shayla,莎伊拉
armchairs,扶手椅
jad,贾德
sempre,总是
battaglia,巴塔利亚
frei,自由
reanimate,复活
copley,科普利
twits,推特
stenosis,狭窄
inoffensive,无害的
midwinter,隆冬
homespun,质朴的
boozed,醉酒
gastronomy,美食学
hulme,休姆
dermal,真皮
hanbury,汉伯里
quayside,码头边
smoak,烟熏
used-car,二手车
sandhurst,桑赫斯特
refunded,已退款
gnarled,盘根错节的
publically,公开地
lejeune,勒琼
mcdaniel,麦克丹尼尔
sigil,符印
alejo,阿莱霍
hervey,赫维
selenium,硒
murmured,低声说道
weedy,杂草
tremont,特雷蒙特
hansom,汉森
inferred,推断
tariffs,关税
backstop,挡板
munsey,芒西
gobbles,咕噜
pronounces,发音
roquefort,洛克福奶酪
glycol,乙二醇
wazir,维齐尔
suet,羊脂
geng,耿
highfalutin,高法鲁廷
pis,pis
octopuses,章鱼
lozenge,菱形
vor,vor
gushed,滔滔不绝
lich,巫妖
installs,安装
ginsburg,金斯伯格
airforce,空军
humm,嗯
registrations,注册
banes,祸根
invocation,调用
cunningly,狡猾地
concepcion,受孕
coldwater,冷水
blithely,兴高采烈地
quoth,引用
grenadine,石榴
womaniser,花花公子
physiologically,生理学
kuwaiti,科威特
quickening,加速
jammers,干扰器
commensurate,相称的
lsb,lsb
amplifiers,放大器
hypoxic,缺氧
jesting,开玩笑
azt,azt
integra,整合
croesus,克罗伊索斯
retroactive,追溯
pigtail,猪尾巴
croker,克罗克
ultima,终极
insignificance,微不足道
homeschool,在家上学
peculiarly,奇特地
roni,罗尼
ural,乌拉尔
johnnies,约翰尼
radiological,放射学
cyr,cyr
infrared,红外线的
arable,可耕地
hydrothermal,热液
chippendale,奇彭代尔
mago,魔法师
neared,接近
beller,贝勒
henriksen,亨里克森
halfback,半后卫
hobgoblin,妖精
swath,条带
unprofitable,无利可图
spf,SPF
whingeing,抱怨
sightseeing,观光
jack-off,自慰
dirtying,弄脏
reroute,重新路由
overcharging,过度收费
beatbox,beatbox
frogman,蛙人
motherfucker,混蛋
washbasin,脸盆
turkana,图尔卡纳
covina,科维纳
tonka,零陵香豆
roughshod,粗暴地
lak,拉克
permeates,渗透
matures,成熟
eleazar,埃莱扎尔
ghent,根特
fossa,窝
queef,阴道放屁
barletta,巴列塔
gimmie,给我
ivey,艾维
longhorns,长角牛
billeted,住宿
bunbury,班伯里
tartuffe,伪君子
mansur,曼苏尔
leavitt,利维特
jaisalmer,斋沙默尔
auroras,极光
slinking,潜行
radcliff,拉德克利夫
anabolic,合成代谢
scalper,黄牛
antagonist,反派
sinn,罪
onna,奥娜
have-nots,穷人
plaits,辫子
cerebrum,大脑
castelo,卡斯特洛
bakker,巴克
awk,awk
osip,osip
refuelling,加油
dirge,挽歌
billionth,十亿分之一
leiden,莱顿
kutuzov,库图佐夫
photocopied,复印件
draping,垂褶
reu,鲁
pities,可惜
barometric,气压
shelbyville,谢尔比维尔
zambezi,赞比西
jari,贾里
bergamo,贝加莫
disseminated,传播
eisner,艾斯纳
kats,猫
obsequious,低三下四
dishwashers,洗碗机
prospering,繁荣
flavorful,美味的
fertilised,施肥
discriminatory,歧视性的
horsehair,马鬃
interplay,相互作用
sectarian,宗派
rosenbaum,罗森鲍姆
quashed,压制
chitlins,猪杂碎
corina,科琳娜
santee,桑蒂
moorings,系泊
sutcliffe,萨特克利夫
snaking,蛇形
bravissimo,bravissimo
coincident,巧合
plunk,噗通
unrecognized,未被识别的
strongholds,堡垒
tera,太拉
elan,埃兰
ass-kissing,拍马屁
pow-wow,印第安人聚会
rosencrantz,罗森克兰茨
faultless,完美无瑕
dateless,无日期
lagged,滞后
uncultured,没文化的
adie,阿迪
carafe,玻璃水瓶
berti,贝尔蒂
riotous,暴乱的
coder,程序员
booklets,小册子
nayak,纳亚克
tossers,投掷者
yarns,纱线
parbat,帕尔巴特
kuiper,库珀
quatro,四
uprooting,连根拔起
scoutmaster,童子军领队
proconsul,总督
hiatt,希亚特
footnotes,脚注
cascades,级联
incorporates,包含
overuse,过度使用
menaces,威胁
oden,关东煮
physicals,体检
radiogram,放射线照片
drop-in,随时来访
anesthetized,麻醉
differed,不同
lashkar,拉什卡尔
ljubljana,卢布尔雅那
sternal,胸骨
crip,瘸子
retaliatory,报复性
centimes,厘米
tbilisi,第比利斯
synchronisation,同步
dispelled,驱散
unsinkable,永不沉没
wedgies,内裤勒痕
succour,救助
vivat,维瓦特
gentrification,高档化
fly-fishing,飞钓
flytrap,捕蝇草
imma,我是
sandcastle,沙堡
floaty,漂浮的
levied,征收
australopithecus,南方古猿
unsold,未售出
ooh-wee,哦耶
bidwell,比德韦尔
inscribe,题
smoothness,平滑度
midi,midi
calvi,卡尔维
maybelline,美宝莲
sante,圣特
brahmins,婆罗门
bulla,布拉
gesturing,做手势
kawaguchi,川口
judgemental,判断性的
baryshnikov,巴里什尼科夫
gulfstream,墨西哥湾流
brockett,布罗克特
midsection,中段
alluding,暗示
milutin,米鲁汀
findlay,芬德利
dampers,阻尼器
hofstadter,霍夫施塔特
amer,美国
thunderstruck,雷击
onside,正方
vandalize,破坏
unseal,启封
crabbe,克拉布
inching,缓慢移动
solemnity,严肃
casseroles,砂锅菜
ensnare,诱捕
enver,恩弗
tte,tte
unaided,未受帮助
mish,米什
roxana,罗克萨娜
wellies,雨靴
thoughtfulness,深思熟虑
occupiers,占领者
thumped,猛击
mota,莫塔
inks,墨水
banderas,班德拉斯
drugstores,药店
discretely,谨慎地
cormorant,鸬鹚
modernist,现代主义
savers,储蓄者
intifada,起义
cynics,愤世嫉俗者
iteration,迭代
bookish,书卷气
schillings,先令
outcrop,露头
night-light,夜灯
pharmacists,药剂师
surcharge,附加费
booting,启动
crossbows,弩
naturel,自然
hoosier,印第安纳州人
cringing,令人作呕
hmong,苗族
aide-de-camp,副官
ripa,里帕
convalescing,康复
zesty,充满活力
hauntings,闹鬼
oberlin,奥伯林
jamba,詹巴
agog,兴奋
blaylock,布莱洛克
mertens,默滕斯
grocers,杂货商
sororities,姐妹会
resentments,怨恨
deportations,驱逐出境
blemishes,瑕疵
kurta,库尔塔
yury,尤里
splatters,飞溅物
shrews,鼩鼱
coloration,着色
dwelled,居住地
stinkers,臭虫
deflectors,导流板
unread,未读
wtf,什么鬼
hussar,骠骑兵
hoarded,囤积
caffeinated,含咖啡因
rereading,重读
chainsaws,链锯
miyake,三宅
brassy,铜管乐器
personas,人物角色
third-class,三等舱
mandragora,曼德拉草
bornholm,博恩霍尔姆
praline,果仁糖
electromagnet,电磁铁
laudable,值得称赞
overestimating,高估
hard-won,来之不易
unsurpassed,无与伦比
eusebio,尤西比奥
moonrise,月升
optician,验光师
pandavas,般度族
coolies,苦力
extrasensory,超感官
piddling,小打小闹
hedonism,享乐主义
nonbelievers,无信仰者
rewrite,改写
tweedy,粗花呢
dinger,丁格
maraschino,樱桃酒
toreador,斗牛士
guiltless,无罪
enderby,安德比
punic,布匿
firefighting,消防
succumbing,屈服
vaulting,拱形
santeria,圣特里亚
trivedi,特里维迪
kurtis,库尔蒂斯
roughnecks,粗汉
hobbling,跛行
admonish,谏
bhalla,巴拉
avm,动视
caan,卡恩
wagered,下注
folke,福克
rayner,雷纳
sedgewick,塞奇威克
tagalog,他加禄语
incarcerate,监禁
gloucestershire,格洛斯特郡
gentlewoman,淑女
disfigure,变丑
underwhelming,令人失望
vacuums,真空
taylors,泰勒
memberships,会员资格
transducer,传感器
hightailed,飞奔
naturalized,归化
suppresses,抑制
namath,纳玛斯
onetime,一度
blacktop,柏油路
computerised,计算机化
bg,背景
jagdish,贾格迪什
lazio,拉齐奥
kph,公里/小时
suggestible,易受暗示的
gleefully,兴高采烈地
dearden,迪尔登
snider,斯奈德
bataan,巴丹
lamour,爱情
moony,月亮
carioca,卡里奥卡
mcnabb,麦卡纳布
nonhuman,非人类
harlin,哈林
preggers,怀孕
favre,最爱
pacts,条约
jute,黄麻
nationalized,国有化
fermenting,发酵
protestantism,新教
litters,幼崽
fishnets,渔网
knifes,刀
removable,可拆卸的
drug-induced,药物诱发
loach,泥鳅
pinstripe,细条纹
kaminski,卡明斯基
ism,主义
shorn,剪
abg,abg
bazookas,火箭筒
peaceably,和平地
chubb,丘布
pragmatist,实用主义者
bruton,布鲁顿
class-a,A级
barrette,发夹
recliner,躺椅
hard-hearted,铁石心肠
vidor,维多尔
elven,精灵
situational,情境
notifications,通知
coroners,验尸官
darkens,变暗
kirchner,基尔希纳
trotted,小跑
oxidation,氧化
humidor,雪茄盒
micheline,米其林
retry,重试
hauler,运输车
novick,诺维克
defaulted,默认
soliloquy,独白
jackknife,折叠刀
hazelnuts,榛子
jonson,约翰逊
toffs,贵族
dropper,滴管
eave,屋檐
time-lapse,延时摄影
sabres,军刀
unmake,取消
anti-anxiety,抗焦虑
varney,瓦尼
roza,罗莎
bir,比尔
emphasizing,强调
despatch,调度
frederica,弗雷德里卡
tarps,防水布
windowpane,窗玻璃
friis,弗里斯
herndon,赫恩登
hendon,亨顿
expletive,脏话
asiatic,亚洲的
disrespects,不尊重
vicars,牧师
deployments,部署
masterman,大师
ij,ij
mewling,喵喵叫
palmetto,棕榈树
amerigo,阿梅里戈
sillier,更愚蠢
lilting,轻快的
laparotomy,剖腹手术
ipanema,伊帕内玛
mobilisation,动员
amputations,截肢
reiki,灵气
harlock,哈洛克
reprise,重奏
crossbones,交叉骨
balmoral,巴尔莫勒尔
geldof,格尔多夫
emrys,埃姆里斯
mris,磁共振成像
andreotti,安德烈奥蒂
shanley,珊利
embarrassingly,尴尬地
ceasing,停止
qualifiers,资格赛
plasters,膏药
p2,p2
gingers,姜
barkin,巴金
heaping,堆积
dispensers,分配器
deshawn,德肖恩
buckboard,马车
vowing,发誓
wagers,赌注
tiptop,顶尖
doldrums,低迷期
bigheaded,大头
self-sustaining,自给自足
cormac,科马克
arles,阿尔勒
intravenously,静脉注射
shelagh,谢拉格
vcrs,录像机
gayness,同性恋
heartwarming,令人感动
off-white,米白色
cellini,切利尼
gasped,倒吸一口气
backflip,后空翻
averaged,平均值
non-vegetarian,非素食者
headroom,净空
congratulates,恭喜
foreperson,工头
patisserie,糕点店
foils,箔
lyceum,中学
perlman,珀尔曼
goer,戈尔
beautification,美化
fewest,最少
belsen,贝尔森
dictatorships,独裁政权
chak,查克
atl,亚特兰大
weitzman,魏茨曼
holdout,坚守者
starlets,明星们
broadened,扩大
cassell,卡塞尔
abruzzi,阿布鲁齐
ardently,热切地
aircrafts,飞机
cacciatore,猎人
excommunicate,破门
luang,銮
dot-com,.com
castelli,卡斯特利
thick-skinned,厚脸皮
manhandle,粗暴对待
lurked,潜伏
empathic,同理心
rudest,最粗鲁
xii,十二
gauntlets,护手
hideout,藏身处
irritant,刺激物
candour,坦率
andras,安德拉斯
oliva,橄榄
sheldrake,谢尔德雷克
nn,nn
gargles,漱口
frist,第一
cano,独木舟
kwame,夸梅
nimmo,尼莫
absolutes,绝对
kingmaker,造王者
eucharist,圣餐
valenzuela,瓦伦苏埃拉
saltpeter,硝
jalisco,哈利斯科
verandah,阳台
hellboy,地狱男爵
fuk,福克
grau,灰
teensy-weensy,小小
mammalian,哺乳动物
tanguy,唐吉
chiseler,凿子
azerbaijan,阿塞拜疆
eitan,伊坦
predation,捕食
flywheel,飞轮
romina,罗米娜
defiantly,公然挑衅
stosh,斯托什
bushmen,布须曼人
adhering,粘附
esophageal,食管
fetters,镣铐
playacting,扮演
ringworm,癣
moco,莫科
gilson,吉尔森
hargrave,哈格雷夫
forbear,忍耐
pondicherry,本地治里
hermosa,美丽
plebs,平民
nombre,名称
padlocks,挂锁
lifesaver,救生员
eula,最终用户许可协议
legislate,立法
forebears,祖先
sunlit,阳光照射
condescension,屈尊
coffe,咖啡
shiftless,无所事事
humber,亨伯
revamp,改建
mid-autumn,仲秋
aic,人工智能
bloomington,布卢明顿
smiler,微笑者
pullout,拉出
powerball,强力球
gh,gh
cloisters,修道院
polyurethane,聚氨酯
capping,封顶
uncharacteristic,异常
bedazzled,令人眼花缭乱
allegheny,阿勒格尼
emigrant,移民
lozenges,锭剂
idyll,牧歌
shayna,莎娜
sooth,舒缓
chronometer,天文钟
sycophant,马屁精
furrowed,沟壑
launderer,洗衣工
kea,啄羊鹦鹉
paradiso,天堂
lugo,卢戈
ets,ets
doilies,桌布
paisan,派桑
gaba,加巴
sassafras,黄樟
longboat,长船
thatched,茅草屋顶
miaow,咪
faceoff,对峙
big-wave,大浪
cerebro,大脑
tanners,制革工人
prodigies,神童
nebulae,星云
operable,可操作的
pippen,皮蓬
lithuanians,立陶宛人
lusk,卢斯克
bustier,胸衣
mutilating,残害
approx,大约
blenheim,布伦海姆
custodians,保管人
lederhosen,皮裤
snapple,斯纳普尔
splashy,华丽的
deeley,迪利
abwehr,阿勃维尔
sagas,传奇故事
nonchalantly,漫不经心地
shoeless,赤脚
rancheros,牧场主
bagby,巴格比
sitters,保姆
oded,已开发
reappearance,再次出现
bridgewater,布里奇沃特
whirly,旋转的
safety-deposit,安全押金
jagan,贾根
curfews,宵禁
germinate,发芽
obelisks,方尖碑
combust,燃烧
scrubbers,洗涤器
lading,装载
alcides,醛类
half-truths,半真半假
solvents,溶剂
sedley,塞德利
spattered,溅射
doddle,抄
fledged,羽翼丰满
minimally,最低限度地
refreshingly,令人耳目一新
dansk,丹麦语
callender,日历
offshoot,分支
creatinine,肌酐
barnet,巴内特
boatmen,船夫
mckeen,麦基恩
tribble,特里布尔
haematoma,血肿
flash-forward,闪回
matchless,无比
nasally,鼻腔
donn,唐恩
pathologically,病理学上
sitwell,西特韦尔
viewfinder,取景器
traversing,穿越
convertibles,敞篷车
annum,年
proboscis,长鼻
pomme,苹果
xavi,哈维
donned,穿戴
lactating,哺乳期
ineligible,不符合资格
pay-as-you-go,按需付费
footstool,脚凳
impersonations,模仿
beria,贝利亚
aspirated,送气
baumgartner,鲍姆加特纳
thoroughness,彻底性
agni,阿格尼
crawly,爬行的
mismanagement,管理不善
disbarment,取消律师资格
colfax,科尔法克斯
itachi,鼬
ointments,药膏
chauvinistic,沙文主义
chesty,胸部
jumbotron,巨型屏幕
scrawl,乱涂
foxholes,战壕
nigella,黑种草
rolled-up,卷起来
prettily,漂亮
mims,mims
rastafari,拉斯塔法里教
coyne,科因
conversions,转换
hillier,希利尔
quivers,箭筒
texarkana,德克萨卡纳
titicaca,的的喀喀湖
wold,沃尔德
bisley,比斯利
cobby,科比
mesmerised,着迷
ditka,迪特卡
seminole,塞米诺尔人
niches,利基市场
reciprocity,互惠
casca,卡斯卡
adherence,依从性
high-flying,高飞的
ismay,五月
suggs,建议
thinned,变薄
crested,冠状
cross-examining,交叉询问
leaguers,联盟球员
shoestring,鞋带
tiamat,提亚马特
heimdall,海姆达尔
yid,犹太
ramallah,拉马拉
keystrokes,按键
refectory,食堂
kendricks,肯德里克斯
obtains,获得
reproached,受责备
mote,尘埃
primping,梳妆打扮
pendants,吊坠
blinder,盲人
sprees,狂欢
montag,蒙塔格
angioplasty,血管成形术
reanimation,复活
delving,深入挖掘
rossellini,罗西里尼
hemi,半球
hurls,投掷
engulfs,吞噬
oleander,夹竹桃
edifying,有益的
silverstein,西尔弗斯坦
chiseling,凿刻
arboretum,植物园
zapper,电击器
materially,重大
campaigner,活动家
giacinto,贾辛托
stuttered,结巴
showerhead,淋浴喷头
halsted,停止
juventus,尤文图斯
load-bearing,承重
altaf,阿尔塔夫
steinway,斯坦威
concordia,康考迪亚
consternation,惊愕
lacombe,拉孔布
dacoits,土匪
georgians,格鲁吉亚人
brainpower,脑力
tepper,特珀
alfons,阿尔方斯
perpetuated,延续
aber,正在
yaakov,雅各布
kody,科迪
sif,西夫
lautrec,劳特雷克
mervin,默文
belding,贝尔丁
purists,纯粹主义者
babushka,巴布什卡
durn,该死
bremner,布雷姆纳
talbott,塔尔博特
mcadams,麦克亚当斯
penney,便士
arundel,阿伦德尔
mountaineers,登山者
awesomely,太棒了
drowsiness,睡意
bergin,伯金
callow,卡洛
smothers,窒息
bailar,舞者
learners,学习者
unsurprisingly,不出所料
enola,埃诺拉
lanz,兰兹
timbo,廷博
hass,哈斯
supers,超级
daye,戴伊
verboten,禁止
moosa,驼鹿
fells,费尔斯
abyssinia,阿比西尼亚
athleticism,运动能力
self-deprecating,自嘲
rosin,松香
housewarming,乔迁之喜
hippocrates,希波克拉底
two-part,两部分
croquette,炸丸子
lasseter,拉塞特
pradeep,普拉迪普
troughs,水槽
tomes,巨著
stripy,条纹
mz,mz
unescorted,无人陪同
monumentally,意义重大
aug,八月
cabarets,歌舞表演
all-male,全男性
herons,苍鹭
righted,右
khufu,胡夫
accumulator,累加器
caned,手杖
vallon,瓦隆
ypres,伊普尔
scorns,蔑视
unburied,未掩埋的
christoffer,克里斯托弗
libs,库
mitchel,米切尔
scouse,利物浦人
trawlers,拖网渔船
saunter,溜达
tablespoons,汤匙
fiero,菲罗
substantiated,已证实
benn,本恩
simla,西姆拉
ziploc,自封袋
vistas,景色
earache,耳痛
standings,排名
westcott,韦斯科特
disciplining,纪律处分
brno,布尔诺
hierarchical,层级式
upjohn,普约翰
cosmologists,宇宙学家
abydos,阿拜多斯
devoutly,虔诚地
drools,流口水
jardin,花园
rosebuds,玫瑰花蕾
aix,艾克斯
armor-piercing,穿甲弹
mundi,蒙迪
palliser,帕利瑟
oort,oort
norland,诺兰
aspic,肉冻
dockside,码头边
disliking,不喜欢
clusterfuck,一团糟
lycan,狼人
billows,波澜
disrespectfully,不尊重
montserrat,蒙特塞拉特
proto,原型
pallbearer,扶柩人
jejune,幼稚
jellied,果冻
denarii,银币
overturning,推翻
outputs,输出
gizzards,砂囊
fredericksburg,弗雷德里克斯堡
diabolic,魔鬼般的
aeon,永世
halina,哈利娜
tenors,男高音
birkin,铂金包
overtired,过度疲劳
alcmene,阿尔克墨涅
grat,恭喜
fixate,固定
heavyset,体型魁梧
duplicating,复制
soi,巷
bikram,比克拉姆
manmohan,曼莫汉
gryffindor,格兰芬多
money-grubbing,贪财
darnedest,最不可思议的
senegalese,塞内加尔人
nightgowns,睡衣
aleksey,阿列克谢
lymphatic,淋巴管
accede,同意
josephs,约瑟夫
haryana,哈里亚纳邦
duodenum,十二指肠
persuades,说服
heavyweights,重量级
concocting,炮制
lefkowitz,莱夫科维茨
no-talent,无能
maladjusted,适应不良
honeybunch,蜂蜜包
refilling,补充
snoozing,想睡
breakable,易碎
franken,弗兰肯
tripper,旅行者
schreck,施雷克
wrestlemania,摔跤狂热大赛
hynes,海恩斯
oceanside,海边
slipups,失误
manitowoc,马尼托瓦克
azaria,阿扎里亚
stegosaurus,剑龙
altmann,阿尔特曼
bodmin,博德明
one-year-old,一岁
sambuca,桑布卡酒
linklater,稍后链接
possibles,可能
sait,赛特
postscript,后记
rya,瑞亚
branched,分支
sela,塞拉
well-spoken,口才好
hoovering,吸尘
mgr,经理
meriwether,梅里韦瑟
ruber,橡胶
loreto,洛雷托
romagna,罗马涅
moisten,濡
akram,阿克拉姆
preflight,飞行前检查
abcs,abcs
mankiewicz,曼凯维奇
singer-songwriter,创作型歌手
unavoidably,不可避免的
feelgood,感觉良好
humanize,人性化
gunsmith,枪匠
vespucci,韦斯普奇
brydon,布莱顿
arthropods,节肢动物
unclog,疏通
linwood,林伍德
alicante,阿利坎特
anti-crime,反犯罪
unscrewed,拧开
yoshikawa,吉川
panza,潘扎
waka,独木舟
prime-time,黄金时段
dilly-dally,磨磨蹭蹭
eight-ball,八号球
deep-fry,油炸
varro,瓦罗
microbiology,微生物学
hangnail,倒刺
bobbin,线轴
sequined,亮片
cote,科特
namib,纳米布
apprenticed,学徒
secession,分裂
placards,标语牌
two-by-four,二乘四
porphyria,卟啉症
cheadle,奇德尔
hexagon,六边形
fitzsimmons,菲茨西蒙斯
beata,贝塔
grenadier,掷弹兵
saville,萨维尔
parsnips,欧防风
cathal,卡塔尔
lambada,兰巴达
triceps,三头肌
islamists,伊斯兰主义者
undulating,起伏的
wirth,价值
hotheads,暴脾气
labouring,劳动
toc,目录
unrivalled,无与伦比
formless,无形
kil,基尔
rosaries,念珠
driller,钻井工
invigorated,精神焕发
peres,佩雷斯
c2,c2
duca,杜卡
salesmanship,销售技巧
guth,古斯
misspent,浪费
lowrey,洛瑞
slippy,滑溜溜的
pull-ups,引体向上
orloff,奥尔洛夫
sergius,塞尔吉乌斯
rando,随机
schwimmer,施维默
strada,斯特拉达
comprises,包括
currie,咖喱
eradicating,根除
tanna,坦纳岛
deface,污损
apostate,叛教者
boogaloo,布加卢
envisage,设想
wretchedness,悲惨
junctions,交汇处
reservist,预备役人员
redistribution,重新分配
booboo,布布
poopsie,噗噗
hinkley,欣克利
surinder,苏林德
mcewan,麦克尤恩
wattle,金合欢
deporting,驱逐出境
peele,皮尔
raye,雷
kart,卡丁车
maximise,最大化
gort,戈特
childishly,幼稚地
hirose,广濑
cross-dresser,异装癖
scow,平底船
antigen,抗原
lopped,砍伐
erstwhile,昔日
litle,小
tallow,脂
synched,同步
battlefront,前线
disbanding,解散
pepys,佩皮斯
pianists,钢琴家
postures,姿势
baileys,百利甜酒
warps,扭曲
objectify,物化
castilian,卡斯蒂利亚语
piteous,可怜的
safeway,Safeway
imploring,恳求
sinew,腱子
refs,参考文献
milliken,米利肯
radicalized,激进化
puncturing,穿刺
anesthetics,麻醉剂
gumdrops,软糖
computational,计算
marchesa,玛尔凯萨
tiaras,头饰
tangling,纠缠
unemotional,不带感情的
truckloads,卡车装载
bertil,伯蒂尔
spools,线轴
falkland,福克兰群岛
cuticle,表皮
boilerplate,样板
atul,阿图尔
aneurism,动脉瘤
worden,沃登
self-hatred,自我厌恶
antidepressant,抗抑郁药
pregame,赛前
bulbous,球状的
numan,努曼
tendered,已提交
flamethrowers,火焰喷射器
knickknacks,小摆设
rapt,欣喜若狂
copse,矮林
banaras,瓦拉纳西
barbiturate,巴比妥
overran,超出范围
miroslav,米罗斯拉夫
banknote,钞票
foch,福煦
mery,快乐的
whan,何时
melfi,梅尔菲
dunaway,邓纳威
yearnings,渴望
swaddling,襁褓
condoned,默许
eastbourne,伊斯特本
dogon,多贡
pulsars,脉冲星
esse,esse
catamaran,双体船
retirees,退休人员
totems,图腾
harridan,泼妇
diderot,狄德罗
eye-catching,引人注目
crowed,人群
mallow,锦葵
gravimetric,重力法
bellingham,贝灵厄姆
arbus,树
enunciate,清晰地表达
galatea,伽拉忒亚
alopecia,脱发
congealed,凝固
imploding,内爆
whacked-out,疯了
syphilitic,梅毒
adulterated,掺假的
tyrus,泰勒斯
enraptured,眉飞色舞
mccourt,麦考特
squatted,蹲着
leakey,漏水
loggerheads,海龟
earwax,耳垢
horsy,马
autopsied,尸检
paymaster,出纳员
azam,阿扎姆
stele,碑
sixty-seven,六十七
murasaki,紫式部
weymouth,韦茅斯
otra,otra
evacuees,疏散人员
restocking,补货
hypnotise,催眠
incapacity,无能力
coul,可以
woll,羊毛
lummox,鲁莫克斯
wyckoff,威科夫
payer,付款人
infidelities,不忠
leaguer,联赛
sub-inspector,副督察
old-world,旧世界
pincushion,针垫
growled,咆哮
snigger,暗笑
cobblestones,鹅卵石
madox,马多克斯
betamax,贝塔克斯
richman,富人
gongs,锣
begonias,秋海棠
timbre,音色
hostetler,霍斯特勒
briefest,最简短
boysenberry,波森莓
poulet,鸡
uncork,开瓶
asymmetry,不对称
ebbs,潮汐
two-tone,双色
gandy,甘迪
unwrapping,拆包装
vendettas,仇恨
seventy-eight,七十八
sylvan,森林
impeded,受阻
scallions,大葱
gams,游戏
episcopalian,圣公会
hesitantly,犹豫地
praetor,执政官
waterskiing,滑水
rickshaws,人力车
reinhart,莱因哈特
subroutine,子程序
magnetosphere,磁层
paget,佩吉特
superstore,超市
northampton,北安普顿
scoffed,嘲笑
denture,假牙
alliteration,头韵
manacles,手铐
meditations,冥想
ordeals,磨难
flambeau,火炬
fathering,父亲
outermost,最外层
curdled,凝固
warne,警告
squints,眯眼
hobbled,跛行
kore,kore
rainbird,雨鸟
manchus,满族
lasix,呋塞米
gelder,盖尔德
lomas,洛马斯
underarm,腋下
danza,丹扎
brouhaha,喧闹
pterosaurs,翼龙
miserables,可怜的人
pudge,胖子
timestamped,带时间戳
gargano,加尔加诺
gerri,格里
maven,专家
chronologically,按时间顺序
penning,书写
jurisdictions,管辖权
oldfield,老田
voce,voce
overconfidence,过度自信
basho,芭蕉
decking,甲板
rawson,罗森
periodicals,期刊
corley,科利
argento,银
mechs,机甲
budged,预算
entailed,包含
halligan,哈利根
ayo,哎哟
windshields,挡风玻璃
deans,院长
alger,阿尔及尔
donal,唐纳德
ilyas,伊利亚斯
pura,普拉
bd,孟加拉国
limbaugh,林博
puttering,推杆
melek,梅莱克
prise,奖
gatto,猫
cornstarch,玉米淀粉
nish,尼什
boland,博兰德
pravda,真理报
kava,卡瓦
prion,朊病毒
cheapen,廉价
kildare,基尔代尔
selector,选择器
fluctuate,波动
smoot,平滑
dowsing,寻水术
overstatement,夸大其词
divining,占卜
repainting,重新粉刷
doubloon,金币
thaws,解冻
freckled,雀斑
tequilas,龙舌兰酒
vaulted,拱形
mulroney,穆罗尼
rivoli,里沃利
thera,瑟拉
nach,后
impressively,令人印象深刻
yamanaka,山中
fahey,法伊
gethsemane,客西马尼
aragorn,阿拉贡
bauman,鲍曼
deadbolt,门栓
elie,艾莉
ince,自
customize,定制
laterally,横向
effervescent,起泡的
durbin,德宾
vivo,活体
latins,拉丁裔
forma,形式
newcombe,纽科姆
stanwyck,斯坦威克
commiserate,怜悯
leashes,牵引绳
curren,当前
dempster,邓普斯特
terrine,肉冻
drinky,饮料
brunelleschi,布鲁内莱斯基
classed,分类
blanking,空白
porco,porco
toppling,倾倒
erikson,埃里克森
caledonian,喀里多尼亚
flout,蔑视
fizzled,嘶嘶作响
heli,直升机
temping,临时测量
grozny,格罗兹尼
dmc,DMC
arcturus,大角星
amounting,金额
wetness,潮湿
macaws,金刚鹦鹉
immortalize,永垂不朽
fortnum,福特纳姆
psychoanalyze,精神分析
ideologically,意识形态上
tro,tro
kerns,内核
victrola,维克多拉
moth-eaten,被虫蛀的
sls,sls
fulvio,富尔维奥
lindisfarne,林迪斯法恩
bankrolled,资金支持
practises,实践
sharpish,迅速
cufflink,袖扣
recreation,娱乐
samurais,武士
subtraction,减法
colville,科尔维尔
nala,娜拉
shorties,矮个子
modulate,调制
persimmons,柿子
turntables,转盘
slanders,诽谤
naismith,奈史密斯
linea,线
specifies,指定
snow-white,白雪公主
ragamuffin,衣衫褴褛的
seepage,渗漏
negation,否定
encores,安可
depo,仓库
yawned,打哈欠
vertebral,脊椎
atrial,心房
austro-hungarian,奥匈帝国
benedictine,本笃会
fruitcakes,水果蛋糕
luddite,卢德分子
breuer,布鲁尔
torte,蛋糕
travelin,旅行
sadao,佐道
fuckable,可操的
balraj,巴尔拉吉
udi,乌迪
airships,飞艇
cleon,克里昂
kleinman,克莱曼
penrod,笔杆
cosine,余弦
dashiell,达希尔
curries,咖喱
andersons,安德森
chisels,凿子
accreditation,认证
airstream,气流
compunction,愧疚
marshy,沼泽地
kaman,卡曼
bushnell,布什内尔
craic,craic
tomkins,汤普金斯
pygmalion,皮格马利翁
hearties,心肠
cay,礁岛
goji,枸杞
misogyny,厌女症
retrofit,改造
old-style,旧式
tittering,窃笑
mattingly,马丁利
diddley,迪德利
forestall,垄断
hoisting,吊装
matic,机械
wingnut,翼形螺母
polynomial,多项式
strident,刺耳的
good-sized,尺寸合适
dioxin,二恶英
intoxicate,醉人
phobic,恐惧症
firebug,火虫
killjoys,扫兴的人
bagdad,巴格达
colitis,结肠炎
ad-lib,即兴发挥
pickling,腌制
disposes,处置
undefined,不明确的
mckibben,麦基本
molokai,莫洛凯岛
coagulation,凝血
jael,雅依尔
lithe,轻盈
jambo,jambo
eur,欧元
seventy-three,七十三
accessorize,配饰
hutchings,哈钦斯
regimented,有组织的
jeffs,杰夫
platz,广场
squeaked,吱吱作响
wester,西方
ison,艾森
hoosegow,监
marche,马尔凯
derwent,德温特
salvadoran,萨尔瓦多
pyroclastic,火山碎屑
joggers,慢跑者
resounds,回响
pfizer,辉瑞
quickness,速度
subsistence,生存
richthofen,里希特霍芬
windham,温德姆
restructured,重组
northernmost,最北端
chita,奇塔
deakin,迪肯
stilled,静止
dispersing,分散
scandalized,丑闻
atahualpa,阿塔瓦尔帕
slowdown,减速
kishi,岸
gaslight,煤气灯
f-16,F-16
fenn,芬恩
mowers,割草机
flagrante,明目张胆
engraver,雕刻师
doted,宠溺
birthmarks,胎记
pom-pom,绒球
lecturers,讲师
whorehouses,妓院
alves,羊膜
severn,塞文
ballers,球星
chairing,主持
maoist,毛主义
endocarditis,心内膜炎
in-your-face,咄咄逼人
natured,自然
prowlers,潜行者
falters,犹豫不决
officiating,裁判
plantains,大蕉
guaranty,保证
exalt,崇高
bankrolling,资金支持
farquhar,法夸尔
inferring,推断
explorations,探索
poulsen,保尔森
wigging,说
transplanting,移植
nya,尼亚
down-and-out,落魄潦倒
hangars,机库
innsbruck,因斯布鲁克
photocopying,复印
rufino,鲁菲诺
gestalt,格式塔
pasternak,帕斯捷尔纳克
jsoc,jsoc
feverishly,狂热地
boons,恩惠
ses,ses
terminates,终止
oid,oid
fogs,雾
hard-to-get,难以获得
anastomosis,吻合术
unrefined,粗
pampas,潘帕斯草原
whiles,当
head-to-toe,从头到脚
debutantes,初次登台的少女
samia,萨米娅
relived,重温
eo,eo
outrigger,舷外支架
pola,波拉
boutiques,精品店
paper-thin,薄如纸
xiaoping,小平
low-pressure,低压
g-men,联邦调查局
fel,费尔
spendthrift,败家子
double-decker,双层巴士
gun-shy,害怕枪
socioeconomic,社会经济
subletting,转租
wolfs,狼
lentz,伦茨
unfailing,不失败的
volatility,挥发性
kiwis,奇异果
weaning,断奶
deacons,执事
permutations,排列
bsc,理学学士
fancy-pants,华丽的裤子
creech,克里克
olivet,橄榄
seafloor,海底
heartbreakers,伤心人
paganism,异教
rodan,罗丹
trop,热带
parakeets,虎皮鹦鹉
swanning,天鹅
tappan,塔潘
armrest,扶手
electrify,通电
bessy,贝西
lotsa,很多
steinem,斯坦纳姆
wogs,沃格斯
gobbledygook,胡言乱语
hosea,何西阿
gatlin,加特林
authorizes,授权
apologises,道歉
procurer,采购员
corrugated,瓦楞
homoerotic,同性恋
boff,布夫
unobtrusive,不引人注目
weak-minded,意志薄弱
survivable,可存活的
haloperidol,氟哌啶醇
emin,埃明
atrophied,萎缩
dazzles,令人眼花缭乱
mainlander,大陆人
californians,加州人
pik,皮克
cruller,甜甜圈
uncoordinated,不协调
bandanna,头巾
gorged,饱食
disintegrator,粉碎机
chauffer,司机
tokio,东京
panto,哑剧
gowen,戈文
bate,贝特
disengages,脱离
washerwoman,洗衣妇
blowout,吹熄
tracers,示踪剂
kenzie,肯齐
codicil,遗嘱附录
immunities,免疫力
huntingdon,亨廷顿
reynaud,雷诺
late-model,后期型
starstruck,追星
hsi,赫西
nth,第n个
appallingly,令人震惊地
oversexed,性欲过强
constants,常数
scorecard,记分卡
sleazeball,卑鄙小人
sprucing,修缮
shelve,搁置
parallax,视差
postgraduate,研究生
bayreuth,拜罗伊特
wordsmith,文字匠
headers,标题
hamlets,村庄
totalled,总计
curative,治疗
dubstep,回响贝斯
waders,涉水靴
constantino,康斯坦丁诺
tion,tion
recounts,叙述
holstein,荷斯坦牛
compartmentalized,分隔式
rent-a-car,租车
haus,豪斯
constanza,康斯坦扎
burrowed,掘穴
berglund,伯格伦德
touristy,旅游区
humorless,缺乏幽默感
ayutthaya,阿瑜陀耶
dismisses,解雇
earners,收入者
cuticles,角质层
imani,伊玛尼
estefan,埃斯特凡
pejorative,贬义词
propelling,推进
rosemarie,罗斯玛丽
dulls,沉闷
cropper,农作物
daltons,道尔顿
symbolizing,象征
extra-special,特别的
nonstarter,不成立
hor,hor
rustled,沙沙作响
ventricles,心室
murphys,墨菲
watchword,口令
fistula,瘘管
duomo,大教堂
gallic,高卢语
tomoya,朋也
vallejo,瓦列霍
blotto,醉酒
redd,红
pid,pid
molls,莫尔
conceptually,概念上
aquifer,含水层
parapsychology,超心理学
degrades,降解
geopolitical,地缘政治
sext,性短信
nop,不
hodgson,霍奇森
modernized,现代化
hodgkin,霍奇金
carwash,洗车
angelou,安吉洛
cbgb,cbgb
cavett,卡维特
amr,美尔
ascribe,归咎于
great-grandma,曾祖母
ethnically,种族方面
stepbrother,继兄
mcguinness,麦吉尼斯
stoops,门廊
transfuse,输血
procrastinate,拖延
clods,土块
abdallah,阿卜杜拉
henan,河南
carers,护理人员
convection,对流
levelling,水平
courtly,宫廷式
arbitrator,仲裁人
vapours,蒸汽
denker,思考者
hiawatha,海华沙
penalize,惩罚
colburn,科尔伯恩
grillo,格里洛
kole,科尔
hinders,阻碍
obadiah,俄巴底亚
cantaloupes,哈密瓜
detergents,洗涤剂
underlay,衬垫
fiorello,菲奥雷洛
chichester,奇切斯特
psychoactive,精神活性物质
mandeville,曼德维尔
calloused,粗糙的
themistocles,密斯托克勒斯
scribner,斯克里布纳
ninety-three,九十三
twofold,双重
amur,阿穆尔
speculum,窥阴器
polka-dot,波尔卡圆点
haldane,霍尔丹
gramma,奶奶
breathy,喘息
mien,面容
unsociable,不善交际
fluorine,氟
snooped,窥探
converters,转换器
outlasted,坚持到最后
displeases,不悦
unidentifiable,无法识别
cogan,科根
oxtail,牛尾
rifled,步枪
devoe,德沃
satori,悟
pov,第一人称视角
entryway,入口
ephedrine,麻黄碱
pillowcases,枕套
flickered,闪烁
broadening,扩大
buffets,自助餐
jpl,喷气推进实验室
whirlpools,漩涡
fast-acting,快速起效
mylar,聚酯薄膜
rnd,随机
biomedical,生物医学
zounds,声波
parkin,帕金
lifter,升降机
sourcing,采购
whitford,惠特福德
eclairs,泡芙
cowed,胆怯
brained,脑子
romer,罗默
jailers,狱卒
hols,假期
thorium,钍
one-dimensional,一维
maxima,最大值
guyana,圭亚那
falwell,法尔韦尔
sopping,湿透了
hotspur,热刺
boni,博尼
anaemia,贫血
precept,戒律
harasses,骚扰
isherwood,洗木
kae,凯
bowline,保宾线
nourishes,滋养
sel,sel
amico,朋友
carnac,卡纳克
codependent,共依存
broached,已提出
babysitters,保姆
feeble-minded,智力低下
brackish,微咸的
bedclothes,床上用品
claymores,阔剑地雷
mind-reader,读心者
emblems,徽章
oga,奥加
phillippe,菲利普
calamine,炉甘石
rheumatoid,类风湿性关节炎
chiricahua,奇里卡瓦
overlapped,重叠
tacking,追踪
pls,请
confucian,儒家
drumbeats,鼓点
meet-and-greet,见面会
carnes,肉
tra-la-la,啦啦啦
inadequacies,不足之处
maes,迈斯
rhona,罗娜
surface-to-air,地对空
agee,年龄
euripides,欧里庇得斯
out-of-towners,外地人
foreclosures,止赎
flattening,扁平化
pythagorean,毕达哥拉斯
vacating,腾空
forsberg,福斯伯格
canfield,坎菲尔德
hypoglycemic,低血糖
saxe,萨克斯
welds,焊接
spillage,泄漏
turnabout,逆转
efron,埃夫隆
recordist,录音师
sandringham,桑德灵厄姆
latitudes,纬度
polis,城邦
one-liners,一句话笑话
thanatos,死亡
ironworks,铁厂
signori,签名者
buffalos,水牛
aarhus,奥胡斯
turvy,颠簸
ssa,社会保障署
guilherme,吉列尔梅
banque,银行
conscript,征兵
mangos,芒果
lie-in,位于
saar,萨尔
jere,杰雷
aisling,过道
sep,九月
verizon,威瑞森
self-imposed,自我强加
whatshisname,他叫什么名字
headbutt,头槌
sightless,失明
nadal,纳达尔
kaden,卡登
mandinka,曼丁卡
grosses,总额
sok,索克
chairmanship,主席
low-profile,低调
boles,树干
theon,席恩
jak,杰克
self-indulgence,自我放纵
salaried,领薪水
holsters,枪套
vtr,车辆
roaster,焙烧炉
rhineland,莱茵兰
methought,我的想法
tilman,蒂尔曼
workbook,工作簿
overstate,夸大
unction,功能
spindly,细长的
blackhawks,黑鹰队
enacting,实施
varus,内翻
upholstered,软垫
nudism,裸体主义
afflict,折磨
devito,德维托
sixty-nine,六十九
kewpie,丘比
kamui,神威
earmarks,专项拨款
geol,地质
confides,倾诉
avraham,亚伯拉罕
laziest,最懒惰的
burried,埋葬
lean-to,斜屋顶
brb,稍后回来
life-sized,真人大小
canby,坎比
traipse,拖曳
anisette,茴香酒
dut,杜特
nour,努尔
coastlines,海岸线
befuddled,困惑
waster,废物
sapo,萨波
missive,信函
foals,小马驹
ewok,伊沃克人
repelling,排斥
cyrillic,西里尔
counterrevolutionary,反革命
eno,eno
symbiont,共生体
phenobarbital,苯巴比妥
cornel,康奈尔
laotian,老田
mustached,偲
wunderkind,神童
deflating,泄气
dissenting,持不同意见
strickler,斯特里克勒
fraternization,联谊
summarized,总结
runaround,绕道
retch,干呕
abdi,阿卜迪
eb,eb
nascent,新生
richa,里查
intersecting,相交
confectionery,糖果
corrode,腐蚀
griffins,狮鹫
mccracken,麦克拉肯
materialised,实体化
snippets,片段
sprayer,喷雾器
misinterpreting,误解
recur,复发
stans,斯坦
sassoon,沙宣
hcg,人绒毛膜促性腺激素
full-sized,全尺寸
stonewalled,石墙
mirabel,米拉贝尔
tutsis,图西族
nohow,无论如何
wahl,瓦尔
lansbury,兰斯伯里
betas,测试版
wilding,野性
infuriate,激怒
blockhouse,炮楼
rosetti,罗塞蒂
undercutting,低价倾销
pollination,授粉
prostituting,卖淫
ramo,拉莫
arashi,岚
double-talk,模棱两可的话
timberwolves,森林狼
guildford,吉尔福德
peridot,橄榄石
peterborough,彼得伯勒
coll,coll
orrin,奥林
upheavals,动荡
bogan,乡巴佬
vedas,吠陀经
onshore,陆上
cysts,囊肿
biagio,比亚吉奥
pacemakers,心脏起搏器
kori,科里
principality,公国
hairdos,发型
akhtar,阿赫塔尔
pollinate,授粉
connective,连接词
dogcatcher,捕狗人
cathleen,凯瑟琳
roller-skating,轮滑
sra,sra
hoards,囤积物
trombones,长号
checkbooks,支票簿
garin,加林
glaucus,青光眼
cowbell,牛铃
conjugate,共轭物
pragmatism,实用主义
lemmon,柠檬
lefties,左撇子
whittington,惠廷顿
schoolteachers,学校教师
joh,约翰
valuing,估值
emirates,阿联酋
abuzz,嗡嗡作响
marfa,马尔法
mainstay,支柱
recessive,隐性
cruelties,残忍
agonize,烦恼
untruth,谎言
hendrickson,亨德里克森
seers,先知
breckenridge,布雷肯里奇
acronyms,缩略语
off-chance,偶然
retardant,阻燃剂
castille,卡斯蒂利亚
quails,鹌鹑
leduc,勒杜克
argonauts,阿尔戈英雄
frome,弗罗姆
riflemen,步枪兵
ainu,阿伊努人
lydon,莱顿
enamoured,坠入爱河
transgressed,违反了
eason,原因
overeating,暴饮暴食
gud,好
diuretic,利尿剂
matheus,马修斯
gennady,根纳季
activator,激活剂
godfathers,教父们
manioc,木薯
underappreciated,被低估的
broomsticks,扫帚
unrivaled,无与伦比
begot,生
corker,软木塞
sensitivities,敏感性
overridden,覆盖
hoverboard,悬浮滑板
sendoff,送别
fly-by-night,昙花一现
homesickness,思乡之情
naturalization,入籍
cottonwood,棉白杨
unmotivated,缺乏动力
domitian,多米提安
lke,像
welshman,威尔士人
trivandrum,特里凡得琅
parachutists,跳伞者
cottle,科特尔
skew,倾斜
merida,梅里达
censoring,审查
tutorials,教程
samarkand,撒马尔罕
disallowed,不允许
hillcrest,山顶
subbasement,地下室
hame,家
calamitous,灾难性的
cargoes,货物
biwa,琵琶湖
roch,罗奇
well-kept,保养良好
carpeted,铺地毯的
stressor,压力源
gundersen,冈德森
sudbury,萨德伯里
exudes,散发
msc,硕士
frisson,颤栗
directness,直接
superfly,超级苍蝇
guernsey,根西岛
transom,横梁
saute,炒
majestically,雄伟地
huffington,赫芬顿
toothy,牙齿
perlmutter,珀尔穆特
extinguishing,熄灭
swizzle,搅拌
sunning,日光浴
nonfiction,非虚构类
doddering,老态龙钟
blotches,斑点
antonino,安东尼诺
alternates,备选方案
haden,哈登
wombs,子宫
satterfield,萨特菲尔德
teamster,卡车司机
antiwar,反战
haarlem,哈勒姆
musing,沉思
justinian,查士丁尼
ketchum,凯彻姆
sampan,舢
antic,滑稽
antilles,安的列斯群岛
shrike,伯劳鸟
parlours,客厅
zaman,扎曼
metternich,梅特涅
well-defined,明确的
seri,系列
obs,观测
ironside,铁赛德
lucan,卢坎
ragout,炖菜
moreira,莫雷拉
riedel,里德尔
carbuncle,痈
salamanders,蝾螈
merriweather,梅里韦瑟
conspires,阴谋
cootie,虱
furthering,进一步
permissive,宽容的
cathode,阴极
specification,规格
masturbator,自慰器
punctuated,标点符号
neglectful,疏忽
axiom,公理
nce,nce
full-page,整页
oporto,波尔图
ever-increasing,不断增加
penny-ante,一分钱
bewilderment,困惑
intercession,代祷
kogan,科根
sef,sef
nacelle,短舱
neapolitans,那不勒斯人
taciturn,沉默寡言
brokaw,布罗考
parsi,帕西人
sanctus,圣徒
overhauled,大修
spetsnaz,特种部队
yellowtail,黄尾鰤
bling-bling,闪闪发光
carbolic,石炭酸
spacesuits,宇航服
layabouts,游手好闲之徒
meleager,墨勒阿格尔
frink,弗林克
cib,cib
strenuously,竭尽全力
raskin,拉斯金
backfield,后场
cradling,摇篮
wenn,温
filmmakers,电影制作人
panhandling,乞讨
reticence,沉默寡言
acetaminophen,对乙酰氨基酚
hubcap,轮毂盖
snuffles,哼哼
twitched,抽搐
iblis,伊布利斯
rathole,鼠洞
spearheading,带头
preeminent,卓越的
psp,PSP
sweetmeats,甜食
rendell,伦德尔
abit,有点
must-have,必备品
frustrates,令人沮丧
asclepius,阿斯克勒庇俄斯
codenamed,代号
codpiece,护裆
coups,政变
lattin,拉丁语
funneling,漏斗
unfasten,解开
aldebaran,毕宿五
swirled,旋转
giotto,乔托
schiffer,希弗
ripening,成熟
shanker,刺刀
musings,沉思
insurers,保险公司
quasi,准
cleves,裂片
yokosuka,横须贺
techie,技术员
ledoux,勒杜
episcopal,主教
fads,时尚潮流
aca,aca
meadowlark,草地云雀
landmass,陆地
cannelloni,意大利卷
dep,部门
auden,奥登
shinn,辛恩
quilted,绗缝
minaret,宣礼塔
esper,超能力者
shuddered,颤抖
self-denial,自我否定
sympathized,同情
bedouins,贝都因人
sumerians,苏美尔人
mascarpone,马斯卡彭
bunkie,邦基
ravenswood,雷文斯伍德
discolored,变色
obscenely,淫秽地
deads,死者
rubinstein,鲁宾斯坦
stagehand,舞台工作人员
tisdale,蒂斯代尔
mollusk,软体动物
anaemic,贫血
knickerbocker,尼克博克
lactic,乳酸
refit,改装
pelting,投掷
gb,英国
ridgefield,里奇菲尔德
partitions,分区
feld,菲尔德
capillary,毛细血管
novi,诺维
reinhard,莱因哈德
repertory,曲目
opting,选择
supersedes,取代
brower,浏览器
prepubescent,青春期前
backstab,背刺
dinks,丁克斯
starke,斯塔克
traversed,穿越
anally,肛门
whitehorse,白马
codenamed,代号
capitalized,资本化
lubitsch,卢比奇
gyros,陀螺
vieux,老的
cebu,宿务
angelino,安吉利诺
jarrah,贾拉木
quattro,quattro
pabst,帕布斯特
gushes,滔滔不绝
waugh,沃
restricts,限制
arima,阿里玛
montreuil,蒙特勒伊
moshi,莫希
scammer,骗子
toadstool,毒菌
cronin,克罗宁
shelving,货架
altan,阿尔坦
outranks,排名高于
rosi,罗西
gaffe,失言
denier,丹尼尔
shaughnessy,肖内西
kot,科特
agave,龙舌兰
crabbing,捕蟹
beppe,贝佩
chickpea,鹰嘴豆
incineration,焚化
wass,是
sauer,酸菜
pint-sized,袖珍型
wushu,武术
self-discovery,自我发现
sisters-in-law,妯娌
etruscans,伊特鲁里亚人
aubry,奥布里
bytes,字节
cowgirls,女牛仔
gingham,格子布
repellant,驱虫剂
antipathy,反感
salespeople,销售人员
cognizant,认知
non-veg,非素食
randa,兰达
gtr,吉他
armadillos,犰狳
syncope,昏厥
mottram,莫特拉姆
merest,最
facades,立面
placido,普拉西多
tern,燕鸥
innes,因尼斯
rodolphe,鲁道夫
unburdened,无负担
woodie,伍迪
hemostat,止血钳
dockyard,船厂
ionized,电离
internships,实习
bernt,伯恩特
concurrent,同时性
criminologist,犯罪学家
scruggs,斯克鲁格斯
quod,狴
biographical,传记
comedown,坠落
neutralizes,中和
grazers,食草动物
acclimated,适应
nto,nto
nozzles,喷嘴
authored,作者
aborigine,土著
gymnastic,体操
dewan,德万
xs,xs
gussy,古西
doorsteps,家门口
overcoats,大衣
albans,圣奥尔本斯
mura,村
bursitis,滑囊炎
bronzer,古铜粉
guestroom,客房
blanketed,毯子
councilors,议员
alpacas,羊驼
herz,心
minogue,米诺格
naturalistic,自然主义
alfaro,阿尔法罗
brazier,火盆
houser,豪瑟
mixtures,混合物
anti-inflammatory,消炎（药）
banjos,班卓琴
nosed,鼻子
stendhal,司汤达
pye,派
internist,内科医生
ginkgo,银杏
intimacies,亲密关系
goaded,被激怒
schmo,施莫
hendry,亨德利
distillation,蒸馏
confounding,混淆
bloodthirsty,嗜血
huss,胡斯
levees,堤坝
vesper,黄昏
dished,盘
pluses,加号
pirating,盗版
lave,澡
afterbirth,胞衣
worrywart,爱操心的人
reverting,恢复
abscond,潜逃
parsifal,帕西法尔
presbytery,长老会
stoat,鼪
mccloskey,麦克洛斯基
ims,ims
passbook,存折
kerwin,克尔温
bunco,骗局
giv,给予
gild,镀金
foist,强加
earthen,土
directionality,方向性
letta,莱塔
tonsillitis,扁桃体炎
pressurised,加压
consents,同意
brownlow,布朗洛
fairlie,费尔利
bandleader,乐队指挥
ramachandran,拉马钱德兰
compensates,补偿
contaminant,污染物
collate,整理
schoolroom,教室
beary,熊
blanch,焯水
tottering,颤巍巍
hazed,朦胧
federica,费德里卡
roommate,室友
frenchwoman,法国女人
paiute,派尤特
cuca,库卡
self-criticism,自我批评
glamor,魅力
arminius,阿米尼乌斯
dt,dt
altos,中音
butternut,胡桃
britannica,大英百科全书
zoolander,祖兰德
phish,网络钓鱼
smirnoff,斯米诺伏特加
piraeus,比雷埃夫斯港
weeded,除草
advertises,广告
corliss,科利斯
culloden,卡洛登
quarterfinals,四分之一决赛
endive,苣荬菜
regressing,回归
souped-up,升级版
shrift,谢里夫特
goeth,戈特
wac,瓦克
whoreson,私生子
hinds,雌鹿
arcadian,阿卡迪亚
scrupulously,一丝不苟地
year-long,一年
humvees,悍马
jemmy,杰米
hemorrhages,出血
suckled,吸吮
mythologies,神话
six-shooter,六发左轮手枪
drogo,卓戈
wolly,毛茸茸的
communicable,传染性的
age-appropriate,适合年龄
mallick,马利克
clued,避让
hermanos,兄弟
dickensian,狄更斯式的
headrest,头枕
consuls,领事
lunges,弓步
kilburn,基尔伯恩
energizer,劲量
wisps,缕缕
mountford,蒙特福德
weissman,魏斯曼
solomons,所罗门
halfwits,半傻子
ricard,里卡德
reverberating,回响
nonnegotiable,不可协商
tah,塔
haver,拥有者
tatar,鞑靼人
urs,你的
infuriates,激怒
widget,小部件
eas,易
erecting,竖立
antemortem,生前
rebooted,重启
mcnaughton,麦克诺顿
laurin,月桂树
fill-in,填写
bad-boy,坏男孩
greyson,格雷森
heros,英雄
reebok,锐步
micromanage,微观管理
sumer,萨默
take-home,带回家
colonist,殖民者
personalize,个性化
liquidating,清算
friended,已加好友
donnell,唐纳尔
vander,范德
hulking,庞大的
bayer,拜耳
nouvelle,新
opel,欧宝
sublevel,子级别
licentious,淫乱
rigatoni,里加托尼
alr,alr
aina,艾娜
northrup,诺斯罗普
encode,编码
monza,蒙扎
recedes,消退
topsail,顶帆
presidio,普雷西迪奥
greville,格雷维尔
videographer,摄像师
bathurst,巴瑟斯特
knightly,骑士精神
marwood,马伍德
mable,大理石
sparrowhawk,雀鹰
basu,巴苏
gumdrop,软糖
apollonia,阿波罗尼亚
molyneux,莫利纽克斯
tring,弦
sours,酸的
tutto,全部
kw,千瓦
bleek,凄凉
hieroglyphic,象形文字
tiernan,蒂尔南
bric-a-brac,小摆设
ablutions,洗礼
hairier,毛发更浓密
alessio,阿莱西奥
soft-spoken,轻声细语
inborn,先天
bronstein,布朗斯坦
lose-lose,双输
curly-haired,卷发
partaking,参与
uncircumcised,未割包皮
selassie,塞拉西
hanker,渴望
interspecies,种间
instep,脚背
satiated,饱足
vina,维纳
cognacs,干邑
sunburnt,晒伤
inviolable,不可侵犯的
cradles,摇篮
maidenhead,梅登黑德
pica,异食癖
prichard,普里查德
carrick,卡里克
escapism,逃避现实
nda,nda
rejuvenating,恢复活力
abductees,被绑架者
fy,风云
toole,工具
sneezy,打喷嚏
apoplexy,中风
gorham,戈勒姆
tpa,tpa
normalize,规范化
srinagar,斯利那加
creationism,创造论
coto,可托
diefenbaker,迪芬贝克
doppelgangers,分身
underweight,体重过轻
waddles,摇摇摆摆
laze,懒散
bipedal,双足
misdemeanour,轻罪
trapani,特拉帕尼
cutouts,切口
flatfooted,扁平足
osterman,奥斯特曼
attainable,可实现的
sceptic,怀疑论者
crucifying,钉十字架
franke,弗兰克
utilitarian,功利主义
sondheim,桑德海姆
blunted,钝化
inlay,镶嵌
issei,兵藤一诚
swati,斯瓦蒂
broadsword,阔剑
voiceprint,声纹
belafonte,贝拉方特
intermediaries,中介
misnomer,误称
get-togethers,聚会
homeschooling,在家教育
saner,更理智
jiggles,抖动
houten,houten
novo,诺沃
muchacha,穆查查
counterterrorism,反恐
brittney,布兰妮
keywords,关键词
otero,奥特罗
mufti,常服
honest-to-goodness,货真价实
poste,邮政
permeated,渗透
guttenberg,古腾堡
rowers,划船者
fixings,固定装置
kolkhoz,集体农庄
undersecretary,副部长
tinkers,修补匠
grazes,放牧
habe,有
generalized,广义
caning,鞭笞
procrastination,拖延
rotational,旋转
sheeran,希兰
catchphrases,流行语
retardation,迟钝
remorseless,冷酷无情
borodin,博罗丁
creeds,信条
bina,比纳
genocidal,种族灭绝
niemeyer,尼迈耶
city-states,城邦
pouncing,猛扑
shareef,谢里夫
clintons,克林顿
oligarchy,寡头政治
ashur,阿舒尔
adolphus,阿道夫
wettest,最潮湿
scrimp,撙
newtown,新城
cooperman,库珀曼
tristate,三州
cricketers,板球运动员
a2,a2
calaveras,骷髅头
stilwell,斯蒂尔韦尔
thumbnail,缩略图
martineau,马蒂诺
foremen,工头
wispy,飘渺的
carnie,嘉年华
bridgehead,桥头堡
beaux,美男子
ashanti,阿散蒂
harangue,长篇大论
obata,小畑
fisting,拳交
wigan,威根
repairmen,修理工
kreuger,克鲁格
gainst,对抗
rou,rou
overstay,逾期停留
norther,北方
c-span,加拿大广播电视公司
adra,阿德拉
tetracycline,四环素
blakey,布莱基
masterly,精湛
airbus,空客
aaronson,亚伦森
redistribute,重新分配
menken,门肯
hilarity,欢闹
keough,基奥
iki,iki
irreparably,不可挽回地
force-feed,强制喂食
bindi,宾迪
skits,小品
celestina,塞莱斯蒂娜
expiring,到期
gish,吉什
compendium,概要
galoot,傻瓜
infantryman,步兵
rigo,严谨
bonilla,博尼利亚
mycenae,小菇
stepdaughter,继女
vouching,担保
accelerators,加速器
worser,更糟
whi,什么
flamed,火焰
webcast,网络直播
major-league,大联盟
geologically,地质学
landless,无地
haviland,哈维兰
breakneck,断颈
rapa,拉帕
unhitch,解开
rockabilly,摇滚乐
visualized,可视化
sawn,锯切
eastwards,向东
dingleberry,丁格尔贝里
aquamarine,蓝晶
starry-eyed,满眼星光
squirrely,松鼠
unsuited,不合适
fancying,幻想
squaws,印第安女人
blackmore,布莱克摩尔
toland,托兰德
fujian,福建
kandy,康提
top-up,充值
second-story,二楼
aromas,香气
coda,结尾
mesmerize,催眠
jocasta,伊俄卡斯忒
beekeeping,养蜂业
greeter,招待员
emptier,更空
enclosures,外壳
nata,娜塔
textured,纹理
lemony,柠檬味
double-breasted,双排扣
self-satisfied,自满
somerville,萨默维尔
emotive,情绪化的
mondrian,蒙德里安
viciousness,恶毒
tarquin,塔昆
freyja,弗雷娅
sida,西达
bayley,贝利
alphonso,阿方索
gastronomic,美食
detachable,可拆卸
tough-guy,硬汉
crusted,结壳
arbuthnot,arbuthnot
kumquats,金橘
gnashing,咬牙切齿
prefab,预制件
forgivable,可原谅的
femmes,女性
maro,马罗
babak,巴巴克
saa,saa
lett,致
ghandi,甘地
squeaky-clean,一尘不染
shunted,分流
howitzer,榴弹炮
displacing,位移
loam,壤土
golgotha,墓地
frappuccino,星冰乐
channelled,引导
dethrone,废黜
posit,断定
blockaded,封锁
shallower,较浅
nicaraguan,尼加拉瓜
self-fulfilling,自我实现的
jockeying,骑师
scornful,轻蔑的
mesmerising,令人着迷
abelard,阿伯拉尔
cosme,cosme
cun,库恩
chaperoned,有监护人陪同
sedans,轿车
trevelyan,特里维廉
asshat,混蛋
fois,fois
prefontaine,普雷方丹
fraudster,骗子
overplayed,过度使用
emeritus,名誉教授
unionist,工会主义者
bullfights,斗牛
celadon,青瓷
schlepping,拖拉
hankies,手帕
humanistic,人文主义
cheviot,切维厄特
analogous,类似的
echigo,越后
networked,网络
trudge,跋涉
yearling,一岁幼驹
drysdale,德赖斯代尔
lotz,洛茨
homily,讲道
afonso,阿方索
pullout,拉出
tante,姑妈
tenderfoot,嫩脚
kerfuffle,骚动
great-grandchildren,曾孙
heeled,高跟鞋
nbsp,nbsp
metastasis,转移
hiko,彦
ethylene,乙烯
rivington,里文顿
novocaine,普鲁卡因
gett,获取
enthralling,引人入胜
kitch,厨房
tipple,小酌
hankey,手帕
entangle,绞
budgetary,预算
vertebrate,脊椎动物
anzac,澳新军团
lonergan,洛纳根
rausch,劳施
tutti-frutti,什锦水果
lillehammer,利勒哈默尔
subtracting,减去
meis,梅斯
transpires,发生
rameses,拉美西斯
performance-enhancing,提升性能
quasars,类星体
patronized,受惠
samo,萨莫
bathory,巴托里
shyly,害羞地
seductively,诱人地
adhesions,粘连
voigt,沃伊特
rower,划船运动员
suriname,苏里南
calabrese,卡拉布里亚人
ababa,阿巴巴
chungking,重庆
mouton,羊
ecologist,生态学家
hour-long,一小时
journeying,旅程
ashen,铁青
lollies,糖果
entomology,昆虫学
maidan,迈丹
coldhearted,冷酷无情
stewardship,管家职权
engle,恩格尔
rabat,拉巴特
ably,能够
retrofitted,改造
shani,沙尼
ector,埃克托
page-turner,引人入胜
contorted,扭曲的
motorways,高速公路
arcing,弧形
senhora,塞尼奥拉
caterwauling,猫叫
cloven,裂瓣
reindeers,驯鹿
tills,收银机
sens,感觉
shipman,船长
conforming,符合
tabi,塔比
kym,kym
eavesdropped,偷听
poss,可能
tuareg,图阿雷格人
strachan,斯特拉坎
drawl,拖长音
week-long,为期一周
unforeseeable,不可预见的
showpiece,展品
averell,艾弗雷尔
arielle,艾瑞尔
carbone,碳
gauchos,高乔人
enveloping,包围
putt-putt,迷你高尔夫
confit,蜜饯
double-date,双人约会
scribbler,涂鸦者
telemarketer,电话推销员
bunghole,塞孔
noto,诺托
distill,蒸馏
unravels,解开
nonchalance,漫不经心
cuevas,洞穴
slivers,碎片
layabout,懒汉
jeer,嘲笑
dullness,乏味
imprinting,印记
obscuring,遮蔽
arrondissement,区
cassis,黑醋栗
rapacious,贪婪
nib,笔尖
counteroffer,还价
all-nighters,通宵
hatchling,雏鸟
focussed,专注的
litmus,石蕊
dancy,跳舞
faint-hearted,胆小鬼
norn,诺恩
nickel-and-dime,五分一角硬币
casas,卡萨斯
burnley,伯恩利
threadbare,破旧的
gilley,吉利
kashima,鹿岛
audits,审计
multicolored,五彩缤纷
meanies,坏蛋
shunning,回避
benzodiazepine,苯二氮卓类药物
sehr,非常
clansmen,氏族成员
alleles,等位基因
cockburn,鸡翅
hok,霍克
eighty-two,八十二
nieman,尼曼
azimuth,方位角
sira,西拉
kasai,葛西
briskly,轻快地
auvergne,奥弗涅
inconveniencing,不便
envying,羡慕
toblerone,瑞士三角巧克力
leica,徕卡
bauhaus,包豪斯
phenom,现象
baser,基础
fothergill,福瑟吉尔
weathering,风化
tura,图拉
itineraries,行程安排
negress,黑人女性
hieronymus,耶罗尼米斯
stopgap,临时措施
narciso,纳西索
muscle-bound,肌肉
contends,认为
afeard,害怕
papist,天主教徒
jiving,摇摆舞
tko,tko
iwasaki,岩崎
subzero,零下
brawny,强壮的
cockfighting,斗鸡
discards,丢弃
aerodrome,机场
undercurrent,暗流
solan,索兰
seco,第二
dufour,杜福尔
dogmatic,教条主义
objectified,物化
foi,foi
lemuel,莱缪尔
alexandrine,亚历山大
cecelia,塞西莉亚
asphyxiate,窒息
dispositions,性情
goiter,甲状腺肿
byte,字节
double-jointed,双关节
stickin-the-mud,固步自封
antiviral,抗病毒物质
mephisto,墨菲斯托
mom-and-pop,夫妻店
leicestershire,莱斯特郡
unflinching,坚定不移
overhand,上手
corporals,下士
monstrosities,怪物
end-stage,末期
wracking,撕裂
bregman,布雷格曼
abhorred,令人厌恶
jawline,下颌线
sagebrush,鼠尾草
inhalers,吸入器
adagio,柔板
hootenanny,乡村音乐会
mullin,穆林
finisher,终结者
manky,肮脏的
farrelly,法雷利
graphically,图形化
woodpeckers,啄木鸟
parables,寓言
bms,生物医学系统
papoose,婴儿
mah-jongg,麻将
strozzi,斯特罗齐
premiership,超级联赛
lengthened,加长
nardi,纳尔迪
counterintelligence,反间谍
carload,一车
dermatitis,皮炎
martindale,马丁代尔
nutsy,疯子
atc,atc
braise,烩
short-circuited,短路
manhandling,粗暴对待
damndest,该死的
dif,差异
gird,格栅
dorsett,多塞特
schoolbooks,教科书
baptizing,洗礼
ved,维德
deftly,巧妙地
surfs,冲浪
esperanto,世界语
creon,克里昂
oxygenated,含氧
subsurface,地下
serenading,小夜曲
esma,埃斯玛
pompidou,蓬皮杜
lanyon,兰永
showoffs,炫耀者
rspca,英国皇家防止虐待动物协会
transcending,超越
ile,伊莱
gutman,古特曼
cockle,鸟蛤
agro,农业
wetzel,韦策尔
haakon,哈康
cashes,现金
tuns,通勤
blurs,模糊
cut-rate,低价
bakewell,巴克韦尔
whippersnapper,小毛孩
gusty,阵风
pontoons,浮筒
ogi,奥吉
cathay,国泰
breda,布雷达
jeweled,珠宝
behoove,理应
immersive,沉浸式
encrypt,加密
camisole,吊带背心
pili,菌毛
knott,诺特
herculean,赫拉克勒斯
deactivation,停用
wolfowitz,沃尔福威茨
tonsil,扁桃体
rothwell,罗斯韦尔
predate,早于
hillard,希拉德
hamel,哈梅尔
fiendishly,邪恶地
indulges,放纵
stabilizes,稳定
noddy,诺迪
velocities,速度
joffre,乔弗
force-field,力场
imps,小恶魔
assi,亚西
hobnob,霍布诺布
jerk-offs,自慰
calving,小牛
inflates,充气
palmas,帕尔马斯
caffe,咖啡馆
kem,肯
jetting,喷射
slotted,开槽
meted,已记录
kombucha,康普茶
mikel,米克尔
conservationists,自然保护主义者
perrault,佩罗
konig,国王
eldritch,诡异的
psyching,心理学
casio,卡西欧
brod,兄弟
peritoneum,腹膜
endocrine,内分泌
soluble,可溶
ploys,计谋
guilds,公会
radio-controlled,无线电遥控
heterosexuals,异性恋
sayest,萨耶斯特
cowhand,牧童
moffatt,莫法特
patroness,女赞助人
yippie,耶皮
alderson,奥尔德森
maglev,磁悬浮
leaner,更精瘦
derailment,脱轨
incongruous,不协调
conscientiously,切实
factually,事实上
antipas,安提帕斯
ensnared,陷入
close-minded,思想封闭
grasps,抓住
hoch,霍赫
estrangement,隔阂
devane,德瓦恩
crooning,低吟浅唱
rollover,滚下
wiggled,扭动
niel,尼尔
rationalizing,合理化
pleasured,愉悦
estonians,爱沙尼亚人
microwaved,微波炉加热
platte,普拉特
grapefruits,葡萄柚
joop,乔普
kalia,卡莉娅
databank,数据库
strove,努力
waddling,摇摇摆摆
ocr,光学字符识别
gyula,丘脑
chauvinism,沙文主义
chequered,方格
inheritor,继承人
rupp,鲁普
pompoms,绒球
boomtown,繁荣小镇
berliners,柏林人
frontrunner,领跑者
elbowed,肘击
opossum,负鼠
anthems,国歌
inara,伊娜拉
daro,达罗
prefabricated,预制件
benita,贝妮塔
inchon,仁川
habsburg,哈布斯堡
observatories,天文台
trp,trp
catastrophically,灾难性的
centro,中心
shrilly,尖锐地
screamers,尖叫者
menfolk,爷们
milgram,米尔格拉姆
sophy,索菲
sodomites,鸡奸者
deliriously,神志不清地
palmers,帕尔默斯
goldfinch,金翅雀
fara,法拉
alim,阿林
eastwick,伊斯特威克
highborn,出身高贵
expanses,广阔的区域
ticketing,售票处
kartik,卡尔蒂克
bourget,布尔热
allred,艾尔雷德
lowercase,小写
f-14,F-14
veni,veni
stepchild,继子女
relinquishing,放弃
egalitarian,平等主义
unroll,展开
honeymoons,蜜月
vaporizer,雾化器
mosely,莫斯利
narcoleptic,嗜睡症
encircling,包围
schell,谢尔
chippie,炸鱼薯条店
poznan,波兹南
muni,市政
chamonix,霞慕尼
uninsured,没有保险
teetotaler,禁酒者
dimwitted,愚笨
greenaway,格林纳威
rehydrate,补充水分
meerkats,狐獴
glendon,格伦登
akbari,阿克巴里
vilas,维拉斯
rollout,推出
tickler,挠痒痒
risers,立管
micrograms,微克
ditz,傻瓜
sorkin,索尔金
zealanders,西兰人
wingo,温戈
viney,维尼
berating,责骂
strong-armed,强硬
predominant,主要的
dehydrate,脱水
toughened,强化
danse,舞蹈
zionism,犹太复国主义
gussied,精心打扮
cummerbund,腹带
idf,以色列国防军
sceptics,怀疑论者
parenthesis,插入语
disorganised,混乱
totalitarianism,极权主义
annan,安南
grievously,严重地
bifocals,双焦眼镜
haight,海特
atlantean,亚特兰蒂斯
overworking,过度劳累
renshaw,伦肖
knightsbridge,骑士桥
riling,激怒
chicanery,强辩
naturals,天然
holborn,霍尔本
memoriam,纪念碑
chik,鸡
bucolic,田园诗般的
paladins,圣骑士
supposes,假设
mazurka,玛祖卡舞曲
overact,过度
yin-yang,阴阳
powdering,粉末
tagline,标语
threefold,三重
unpleasantly,令人不快的
scurrilous,卑鄙的
crag,岩
whined,抱怨
tesseract,超立方体
queensboro,皇后区
conductive,导电
mohican,莫希干
unprincipled,毫无原则的
rodeos,牛仔竞技
umph,嗯
gratia,格蕾丝
moksha,解脱
menacingly,威胁地
presumptive,推定
alphabetized,按字母顺序排列
turi,图里
compounding,复利
imax,IMAX
mynah,鹆
dumbstruck,目瞪口呆
neuropathy,神经病变
misreading,误读
graciousness,亲切
blow-dry,吹干
malabar,马拉巴尔
antichrist,敌基督
piggott,皮戈特
dutifully,尽职尽责地
playwrights,剧作家
goldblum,戈德布拉姆
unobserved,未被观察到的
rumpled,皱巴巴的
recused,回避
poltergeists,骚灵
stane,石
townies,镇民
unendurable,难以忍受
loverly,可爱的
durrant,杜兰特
aguas,水
bafta,英国电影学院奖
judeo-christian,犹太教-基督教
duty-bound,尽职尽责
melatonin,褪黑素
iis,iis
whippoorwill,夜鹰
hypermarket,大型超市
egyptologist,埃及学家
rell,雷尔
beebe,比比
semaphore,信号
putrefaction,腐败
manes,鬃毛
secretes,分泌物
southend,南端
dry-cleaner,干洗店
moisturizing,保湿
neuilly,纽伊利
menlo,门洛
tbd,待定
ogilvie,奥格尔维
alp,阿尔卑斯山
conical,锥
shiite,什叶派
malcom,马尔科姆
passaic,帕塞克
blotting,印迹法
embellishment,装饰
evictions,驱逐
lindemann,林德曼
cinta,cinta
gondor,刚铎
ral,拉尔
loons,潜鸟
master-at-arms,军械长
hoppin,跳跃
pancetta,意大利熏肉
on-ramp,入口匝道
forethought,深思熟虑
wickes,威克斯
featherweight,羽量级
hildebrand,希尔德布兰德
ramblers,漫步者
marshalls,元帅
shortcoming,缺点
abb,abb
perestroika,改革
down-home,朴实无华
bougainville,布干维尔
silencers,消音器
pipi,皮皮
scrips,处方药
scrapbooks,剪贴簿
consigliere,顾问
postcode,邮政编码
pekka,佩卡
tactfully,委婉地
whinging,抱怨
thickheaded,笨蛋
lurie,卢里
statler,斯塔特勒
kagoshima,鹿儿岛
trestle,支架
planing,规划
shuffles,洗牌
mcmurdo,麦克默多
gw,格温
missoula,米苏拉
coinage,铸币
puli,普利
allard,阿拉德
leiter,莱特
spindler,主轴
jeopardizes,危及
mccray,麦克雷
infringe,侵权
indonesians,印尼人
rigger,索具工
tailgating,尾随
christenings,洗礼
supercars,超级跑车
breslin,布雷斯林
bricklayers,砌砖工
maho,真帆
brazos,臂
phinney,菲尼
crisco,克里斯科
vainly,徒劳地
stockpiled,囤积
captaincy,队长
castanets,响板
cesspit,粪坑
franko,弗兰科
anticlimactic,虎头蛇尾
fili,菲利
thicke,厚
braganza,布拉甘扎
crematory,火葬场
ataman,阿塔曼
scavenged,拾荒
poona,浦那
halfling,半身人
occidental,西方
whitewashed,粉刷过的
gre,格雷
dauphine,多菲内
maneuverability,机动性
fascia,筋膜
bio-weapon,生物武器
stymied,受阻
fleek,完美
bek,贝克
prioritise,优先考虑
straggler,掉队者
cassino,赌场
reshaped,重塑
ecumenical,普世教会
dreamworks,梦工厂
gammas,伽马
cliched,老套的
rabe,拉贝
flesh-and-blood,血肉之躯
seamstresses,女裁缝
saccharine,糖精
venusian,金星
accession,加入
fiefdom,封地
crypts,墓穴
updike,厄普代克
overexposed,过度曝光
fernie,弗尼
plebeian,平民
khans,汗
bobbies,警察
carbohydrate,糖类
ingo,英戈
nijinsky,尼金斯基
heartsick,心碎
doff,脱
specialising,专业化
abbreviated,缩写
surratt,苏拉特
squibs,爆破片
foulest,最卑鄙的
korda,科尔达
nascimento,纳西门托
kieren,基伦
bated,被
inarticulate,不善言辞
magyar,匈牙利语
unbeaten,不败
reagent,试剂
lae,拉埃
puka,普卡
ximena,希梅娜
crossbar,横杆
legionaries,军团士兵
doro,多罗
minho,珉豪
c5,c5
jadwiga,雅德维加
tomar,托马尔
culp,罪魁祸首
mcewen,麦克尤恩
vellum,羊皮纸
flaunted,炫耀
prowse,战功
kyrie,欧文
thisbe,这
ponchos,披风
gravesend,格雷夫森德
tilak,蒂拉克
sobel,索贝尔
sables,貂
payers,付款人
cybernetics,控制论
bare-knuckle,赤手空拳
prefects,级长
nerva,神经
repayments,还款
berkshires,伯克希尔
falsehoods,谎言
autos,汽车
tikal,蒂卡尔
pyke,派克
slumbering,沉睡
acharya,阿查里亚
filigree,丝细工
blunts,钝器
audios,音频
oban,奥班
seemly,似乎
piccata,皮卡塔
blaspheming,亵渎神明
perot,佩罗
microfiche,缩微胶片
overexcited,过于兴奋
elderberry,接骨木
ignominy,耻辱
horticultural,园艺
pretension,预张
mtr,米
saami,萨米人
epidermal,表皮
bullen,布伦
rads,辐射
patricio,帕特里西奥
heedless,鲁莽
housecoat,睡袍
dunstan,邓斯坦
gorton,戈顿
bachmann,巴赫曼
colonizing,殖民
ruy,ruy
prizefighter,拳击手
cut-up,切
saturate,饱和
symonds,西蒙兹
lavigne,拉维尼
primavera,春
nex,下一个
slaughterhouses,屠宰场
allude,暗示
smokestack,烟囱
muc,黏液
nonsmoker,非吸烟者
raeburn,雷伯恩
humus,腐殖质
humbleness,谦逊
well-lit,光线充足
off-the-record,非正式场合
puebla,普埃布拉
alessi,阿莱西
guitarists,吉他手
abreu,阿布雷乌
self-harm,自我伤害
encoder,编码器
envisaged,设想
arp,琶音器
shamelessness,无耻
lesbianism,女同性恋
angelos,安杰洛斯
debase,贬值
isl,岛
weiwei,未未
quadrupled,四倍
irby,伊尔比
unmasking,揭露真相
gainsborough,盖恩斯伯勒
roomed,房间
discarding,丢弃
elfin,精灵
directories,目录
ih,ih
tranquilize,镇静
convivial,欢快的
nearsighted,近视
siebert,西伯特
galilei,伽利略
deconstruct,解构
outflow,外流
prynne,普林
pruned,修剪过的
portage,搬运
posthaste,急如星火
cassava,木薯
gondolas,贡多拉
showcases,展示
militaristic,军国主义
hominid,人科
bullheaded,固执
ringling,玲玲马戏团
roundabouts,环岛
lior,利奥尔
rra,rra
rockville,罗克维尔
screensaver,屏幕保护程序
clumsily,笨拙地
narcos,毒枭
specificity,特异性
sterner,更严厉
constriction,收缩
refrained,克制
birnbaum,伯恩鲍姆
drakes,龙
hartland,哈特兰
fogies,老古董
tuc,图克
bola,博拉
anke,脚踝
dunks,扣篮
czerny,车尔尼
ahmedabad,艾哈迈达巴德
layup,上篮
argentinians,阿根廷人
hito,人
morden,莫登
ias,ias
refuted,驳斥
rosemont,罗斯蒙特
farooq,法鲁克
wingfield,边场
lyricist,作词人
alford,阿尔福德
altamira,阿尔塔米拉
mohicans,莫希干人
monolithic,整体式
preemie,早产儿
acclimate,适应
venerate,崇敬
insuring,保险
egotism,自负
rappelling,绳降
aways,总是
bootstraps,引导
defensible,可辩护的
caetano,卡埃塔诺
ould,可以
sriracha,是拉差
rammstein,战车乐队
conservancy,自然保护区
castello,卡斯特罗
mikaela,米凯拉
devil-may-care,毫不在乎
emoticon,表情符号
gordan,戈登
knowhow,知识
breastfed,母乳喂养
numbs,麻木
hanford,汉福德
galindo,加林多
toscanini,托斯卡尼尼
dst,目的地
underbrush,草丛
paps,报纸
bruja,女巫
oliveira,奥利维拉
bollard,系船柱
tributaries,支流
souther,南方
birthstone,诞生石
boomed,蓬勃发展
herniated,疝
sparkplug,火花塞
jarred,罐装
tattling,告密
myerson,迈尔森
junkers,废车
risque,有风险的
larval,幼虫
morpho,形态
lakeview,湖景
tinged,带点色调
exporter,出口商
giraud,吉罗
maneuverable,机动性强
skybox,天空盒
perpetrating,实施
andro,安德罗
albuterol,沙丁胺醇
lasik,激光手术
transponders,应答器
dullard,笨蛋
mciver,麦克弗
meru,梅鲁
biters,咬人者
bypasses,旁路
detract,减损
sanitize,消毒
embalmer,防腐师
collapsible,可折叠的
longford,朗福德
reiser,雷泽
chippewa,奇佩瓦
auster,奥斯特
feets,脚
idiosyncrasies,特质
succinctly,简洁地
ovid,奥维德
buffing,抛光
skyward,向天空
perilously,危险地
yugi,游戏
terrorise,恐吓
fleecing,剥皮
inflammable,易燃
kinross,金罗斯
airsick,晕机
brax,布拉克斯
subdermal,皮下
ws,ws
recidivism,累犯
peevish,易怒的
dts,dts
davin,达文
riverfront,河滨
warfarin,华法林
throwers,投掷者
gladden,格拉登
foshan,佛山
gaultier,高缇耶
colchester,科尔切斯特
tik,tik
tael,泰尔
testers,测试人员
roberson,罗伯逊
capon,阉鸡
edification,启迪
supernovae,超新星
schizoid,分裂型
cornfields,玉米地
shiksa,西克萨
generalization,概括
nostrum,秘方
workout,锻炼
firebomb,燃烧弹
concave,凹
flattens,扁平
prudhomme,普吕多姆
impaler,穿刺者
retrain,再培训
v-2,v-2
dissenters,异议者
resonator,谐振器
guesser,猜测者
outrages,暴行
hebdo,周刊
boudreaux,布德罗
freakshow,畸形秀
tootsies,脚趾
simulators,模拟器
downstate,下州
cisneros,西斯内罗斯
elsinore,埃尔西诺
godolphin,高多芬
dribbled,运球
mcdonnell,麦克唐纳
indefatigable,不懈
grimaces,鬼脸
fogey,老顽固
watered-down,稀释的
longshoreman,码头工人
mw,兆瓦
famines,饥荒
great-grandpa,曾祖父
coordinate,协调
arching,拱形
cavour,卡沃尔
censured,受谴责
suffragettes,妇女参政论者
beauvais,博韦
kickers,踢球手
throttling,节流
newland,纽兰
tented,帐篷
first-timers,初次体验者
third-generation,第三代
inquisitors,审判官
tie-in,关联
disengaging,脱离
yara,雅拉
acquiesce,默许
smelter,冶炼厂
sportswriter,体育记者
christiansen,克里斯蒂安森
hackensack,哈肯萨克
hokey-pokey,霍基波基
sub-saharan,撒哈拉以南非洲
belo,下方
romping,嬉戏
proportionate,成比例的
cordite,科迪特
ferragamo,菲拉格慕
astounds,令人震惊
livermore,利弗莫尔
hulu,Hulu
sailboats,帆船
brachial,臂
supremo,最高统治者
devalue,贬值
waxer,打蜡机
sebastiano,塞巴斯蒂亚诺
muezzin,宣礼员
sunbeams,阳光
afoul,犯规
asquith,阿斯奎斯
tristram,特里斯特拉姆
truitt,特鲁伊特
shouldst,应该
pampa,潘帕斯草原
macready,麦克雷迪
hillock,岗
civilize,教化
collude,串通
accompanist,伴奏者
schnook,施努克
boheme,波西米亚
leman,莱曼
egoism,利己主义
halve,一半
zowie,佐伊
fencer,击剑手
dois,杜伊斯
mele,梅勒
guttersnipe,街头混混
intimidates,恐吓
rarefied,稀有
yaa,呀
red-faced,脸红
parachutist,伞兵
outsides,外面
writs,令状
gunslingers,枪手
welby,韦尔比
hb,血红蛋白
coptic,科普特
callo,卡洛
wailers,哀悼者
flav,风味
common-law,普通法
amani,阿玛尼
precludes,排除
kamo,加茂
dilantin,苯妥英钠
purported,据称
action-packed,精彩刺激
bil,比尔
unseasonably,反常地
impious,不敬
seven-day,七天
unrewarded,无回报
rooter,根管
knacker,屠宰者
deadhead,死胡同
muncher,咀嚼者
bantu,班图
tatu,塔图
hissed,嘶嘶作响
kennington,肯宁顿
nikolaus,尼古拉斯
kenai,基奈
about-face,突然转变
countertops,台面
transact,办理
life-affirming,积极向上的
sparkled,闪闪发光
gingrich,金里奇
suitability,适应性
castoff,弃物
herve,赫尔维
stomachache,腹痛
deconstructed,解构
antidotes,解毒剂
scarper,逃逸者
squib,爆破
wrap-up,包起来
cel,细胞
rothschilds,罗斯柴尔德家族
galling,令人恼火
governesses,家庭教师
quechua,克丘亚语
evacuations,疏散
vaporised,汽化
4-h,4小时
hadassah,哈达萨
debunk,揭穿
luchino,卢奇诺
policewomen,女警
aldermen,市议员
harrier,鹞式
wetherby,韦瑟比
spitball,口水球
cubbies,小隔间
adorning,装饰
parkland,公园
polyethylene,聚乙烯
seabrook,西布鲁克
redirecting,重定向
undeterred,毫不气馁
articulation,关节
winemaker,酿酒师
searle,塞尔
oceanographic,海洋学
masaya,马萨亚
luh,卢
thalers,泰勒斯
dwarfed,矮小的
overdosing,过量服用
quitman,奎特曼
trant,特兰特
vers,版本
reprint,重印
antifascist,反法西斯主义者
oeuvre,作品
infomercials,电视购物广告
filch,偷窃
shula,舒拉
gearshift,变速杆
fiber-optic,光纤
undernourished,营养不良
loge,洛奇
grassing,草皮
defensively,防守
has-beens,过气明星
panacea,万能药
disjointed,脱节的
dicing,切丁
cranmer,克兰默
unoriginal,缺乏原创性
feedings,喂养
mair,梅尔
hoodwink,蒙蔽
reliefs,救济
industrialization,工业化
fundamentalism,原教旨主义
wetbacks,非法移民
puente,普恩特
kann,坎恩
azim,方位角
gcses,GCSE
lily-livered,胆小鬼
space-age,太空时代
muscling,肌肉
milagros,米拉格罗斯
whitelaw,怀特劳
litten,火斑喵
wedderburn,韦德伯恩
slideshow,幻灯片
brut,粗暴
donegan,多尼根
besiege,围攻
oth,其他
miter,斜接
outmatched,实力悬殊
debi,黛比
dermis,真皮
disruptors,颠覆者
collages,拼贴画
mabry,马布里
ploughs,犁
slithered,滑行
fizzes,嘶嘶声
penzance,彭赞斯
lightens,变亮
muh,嗯
hermine,赫尔米娜
coruscant,晶
destabilized,不稳定
nitpick,吹毛求疵
buisson,布伊松
ramshackle,摇摇欲坠的
terek,特雷克
amiodarone,胺碘酮
specious,似是而非的
pui,普伊
talking-to,与人交谈
koro,koro
sla,sla
upstarts,新兴企业
gleeful,兴高采烈
vigils,守夜
nightwatchman,夜班保安
blankly,茫然地
marke,市场
erring,犯错
percolator,渗滤式咖啡壶
necrophiliac,恋尸癖
traditionalist,传统主义者
powerlessness,无力感
distrusted,不信任
namo,纳莫
serbians,塞尔维亚人
myna,八哥
royalists,保皇党
bruni,布鲁尼
inkwell,墨水瓶
bmws,宝马
flatiron,烙铁
proclamations,公告
misappropriation,挪用
semolina,粗粒小麦粉
megalomania,狂妄自大
tuxes,燕尾服
shawls,披肩
narrowest,最窄
sandbagged,沙袋
afters,之后
roughneck,粗汉
eam,团队
hocking,霍金
cablegram,电报
armagnac,阿马尼亚克
girders,桁架
nonbeliever,无信仰者
sf,旧金山
classless,无阶级
gruyere,格吕耶尔奶酪
willems,威廉姆斯
newsprint,新闻纸
affirmations,肯定句
reverberate,回响
yokota,横田
headbands,头带
mandingo,曼丁戈
tailbone,尾骨
insecticides,杀虫剂
biggy,大块头
ironical,讽刺
bowlegged,罗圈腿
bumblebees,大黄蜂
quiroga,quiroga
validating,验证
lachman,拉赫曼
barras,巴拉斯
purchaser,购买者
succumbs,屈服
karuna,卡鲁纳
mind-altering,改变心智的
darted,飞镖
cure-all,万能药
shaheen,沙欣
ginevra,吉内夫拉
hl,hl
utrecht,乌得勒支
putsch,政变
italic,斜体
steelhead,虹鳟鱼
gammon,火腿
blighters,混蛋们
cambrian,寒武纪
bristle,鬃
rearguard,后卫
dusan,杜桑
fumigation,熏蒸
graz,格拉茨
bors,bors
macky,麦基
glares,眩光
stairways,楼梯
moralistic,道德主义
khurram,库拉姆
cobbles,鹅卵石
cretan,克里特岛
blotchy,斑驳的
tearoom,茶室
leyte,莱特岛
tallman,高个子
epicentre,震中
sica,西卡
radnor,拉德诺
enders,终结者
arnhem,阿纳姆
vestigial,残余的
tota,总计
aniseed,八角
combating,对抗
bernanke,伯南克
bioluminescence,生物发光
b-ball,篮球
steno,速记
fountainhead,源泉
latching,锁扣
jg,jg
skylights,天窗
np,np
herbivore,草食动物
gangly,瘦长的
contras,反方
aftershocks,余震
unluckiest,最不幸的
rigg,钻井平台
shelburne,谢尔本
ioa,ioa
adelheid,阿德尔海德
honeyed,蜜
bo-bo,波波
bhatt,巴特
screenwriters,编剧
cud,盘根错节
herzl,赫茨尔
user-friendly,方便使用的
mckittrick,麦基特里克
stonework,石方
redondo,雷东多
eddies,涡流
awestruck,惊叹不已
non-toxic,无毒
zeller,泽勒
subspecies,亚种
southwark,南华克
inactivity,不活动
groaned,呻吟
pds,PDS
paperclip,回形针
quick-witted,机智敏捷
fresheners,清新剂
larboard,左舷
constricting,收缩
pursuer,追击者
morbidity,发病率
stivers,斯蒂弗斯
squiggle,波浪线
equaled,等于
roundtable,圆桌会议
stockbrokers,股票经纪人
unlearn,忘记
machen,机械
naima,奈玛
gut-wrenching,令人心碎
wagering,下注
actives,活性成分
quisling,卖国贼
privateer,私掠船
chileans,智利人
uxbridge,乌克斯布里奇
longitudinal,纵向
sorties,出击
majeure,大动情
clasps,扣环
seta,塞塔
uzbek,乌兹别克斯坦
grose,格罗斯
livres,利弗斯
low-risk,低风险
schoolbag,书包
masterstroke,妙招
berra,贝拉
misanthrope,厌世者
polarizing,偏振
drapery,布料
whiteley,怀特利
hi-def,高清
regolith,风化层
micawber,米考伯
lomond,洛蒙德
doorstop,门挡
accost,招呼
plebe,平民
millenium,千禧年
fiori,菲奥里
deform,变形
averill,艾弗里尔
amu,阿穆
sackcloth,麻布
watters,沃特斯
accident-prone,容易发生事故
marmot,土拨鼠
moola,穆拉
suwon,水原
slumlord,房东
blenders,搅拌机
nett,净值
atoning,赎罪
vade,瓦德
caches,缓存
palmdale,帕姆代尔
cock-and-bull,胡说八道
jailbirds,囚犯
aggressions,攻击行为
straightest,最直
compartmentalize,划分
frith,河口
ruder,舵
coronel,上校
busily,忙碌地
moche,莫切
disinfection,消毒
neatest,最整洁
carpooling,拼车
bonking,性交
underscore,下划线
blots,印迹
claudel,克劳德尔
recyclable,可回收
herren,先生
ewoks,伊沃克人
arraign,提审
nordin,诺丁
deflower,失去贞洁
trattoria,意大利小餐馆
fantastico,太棒了
idler,惰轮
ater,之后
straightens,伸直
normals,正常人
sappers,工兵
disciplinarian,纪律执行者
autopilot,自动驾驶仪
djibouti,吉布提
beamish,笑容满面
interoffice,内部办公室
waggon,车皮
baur,鲍尔
centrally,中心
gc,气相色谱
billets,坯料
pdf,pdf
winsome,迷人的
crn,crn
lamentations,哀歌
taos,陶斯
poverty-stricken,贫困的
prewar,战前
breakups,分手
mirages,海市蜃楼
ivories,象牙
fuelling,加油
newsmen,新闻记者
communes,公社
reinaldo,雷纳尔多
emanate,发出
pentathlon,五项全能
cozier,更舒适
celiac,乳糜泻
songbirds,鸣禽
arak,阿拉克
geting,得到
palooka,帕卢卡
synths,合成器
globular,球形
juneau,朱诺
idlers,惰轮
fakers,造假者
benham,本汉姆
yasser,亚瑟
infest,虫害
kitty-cat,小猫
affixed,已粘贴
melcher,梅尔彻
ineffable,难以言喻的
ence,ence
slobodan,斯洛博丹
aboveground,地上部分
nathanson,纳坦森
weatherly,天气
berserkers,狂战士
nagle,纳格尔
groomsman,伴郎
rebuffed,拒绝
huggers,拥抱者
undigested,未消化的
unquestioned,毋庸置疑
shoring,支撑
skateboarder,滑板运动员
queued,已排队
swot,SWOT
clef,谱号
tashkent,塔什干
prot,蛋白质
widens,加宽
peeks,偷窥
vedder,维德
chastised,受责罚
masterminds,幕后策划者
forget-me-nots,勿忘我
shake-up,大洗牌
farlow,法洛
armful,满满的
hugest,最大的
hippolyta,希波吕忒
chintzy,俗气的
baobab,猴面包树
shortlist,入围名单
fluidity,流动性
ginga,姜
karajan,卡拉詹
dime-store,廉价商店
bellerophon,贝勒罗丰
fetishist,恋物癖者
reda,雷达
neko,猫
turnovers,失误
misrepresentation,虚假陈述
basest,最底层
isosceles,等腰三角形
byzantines,拜占庭人
azazel,阿扎泽尔
praetorian,禁卫军
squiggles,弯弯曲曲的
capacitors,电容器
perishes,死亡
ratcheting,棘轮
aot,aot
theatricality,戏剧性
six-day,六天
vhf,甚高频
mera,梅拉
dua,杜阿
sloppiness,马虎
gannets,塘鹅
prelate,主教
begley,贝格利
boycotted,抵制
woot,哇哦
aten,亚滕
jawing,喋喋不休
lychee,荔枝
bossman,老板
showcasing,展示
siem,暹罗
wyck,威克
despotism,专制主义
liturgy,礼仪
shampooed,洗发水
rocketing,火箭
fluffer,蓬松器
rigidly,严格地
hawn,霍恩
chaffee,查菲
keeney,基尼
edwardes,爱德华兹
snowballed,雪球效应
preposition,介词
cowherd,牛仔
garver,加弗
cinemascope,宽银幕电影
voiceless,无声
stuns,眩晕
puckered,皱巴巴的
choicest,精选
deneuve,德纳芙
recife,累西腓
luxemburg,卢森堡
graver,刻刀
notations,符号
guiana,圭亚那
dosages,剂量
cyanobacteria,蓝藻
shucking,剥壳
emote,表情
aider,助手
monkees,猴子
paratha,印度烤饼
incubate,孵化
unconquerable,不可征服的
copra,椰干
yordan,约尔丹
black-hearted,黑心肠
seventy-four,七十四
hands-off,不要插手
liken,像
molinari,莫利纳里
starman,星人
basquiat,巴斯奎特
splurged,挥霍
striper,条纹鲈
classifying,分类
natch,当然
self-styled,自封的
nica,尼加拉瓜
squinty,眯眼
overreaching,过度扩张
emblematic,象征性的
journo,记者
monotheism,一神论
durning,在……期间
gainfully,有利可图地
wolverhampton,伍尔弗汉普顿
brainstem,脑干
terns,燕鸥
galbraith,加尔布雷思
bandidos,匪徒
polystyrene,聚苯乙烯
gypped,被骗
stoppers,塞子
pubescent,青春期
bluntness,钝
eban,埃班
maidstone,梅德斯通
oku,奥库
sudetenland,苏台德地区
hilbert,希尔伯特
childbearing,生育
natter,数落
brolin,布洛林
koa,寇阿木
eulalia,尤拉莉亚
punting,弃踢
characterised,具有特征
bookends,书挡
wtc,世界贸易中心
filets,鱼片
scampering,四处奔跑
communicative,沟通能力
button-down,纽扣领
hinckley,欣克利
growths,增长
mazzini,马志尼
wnba,WNBA
ill-fitting,不合身
lashings,鞭打
middlebrook,米德尔布鲁克
dhaka,达卡
masthead,报头
hartington,哈廷顿
orozco,奥罗兹科
glorifying,荣耀
guilbert,吉尔伯特
high-handed,专横跋扈
tirana,地拉那
countermand,撤销
alderaan,奥尔德兰
underfunded,资金不足
malm,马尔姆
trevino,特雷维诺
kab,卡布
rent-controlled,租金管制
goody-two-shoes,乖乖女
fino,菲诺
jedburgh,杰德堡
repents,忏悔
benares,贝拿勒斯
kitschy,媚俗
publicists,公关人员
raceway,赛道
floes,浮冰
lorre,洛尔
recreating,重现
praxis,实践
lounges,休息室
lsat,lsat
chapelle,教堂
zygmunt,齐格蒙特
confection,糖果
pape,纸张
tureen,汤碗
buell,布埃尔
razorback,剃刀背
bookmakers,博彩公司
dinning,餐饮
fandom,粉丝圈
carillon,钟琴
fln,函数
homewrecker,破坏家庭者
invokes,调用
pvcs,PVC
carters,卡特
frisking,搜身
cannibalistic,食人族
shekel,舍客勒
attorney-general,总检察长
forking,分叉
strived,努力
urinalysis,尿液分析
mermen,人鱼
lemonades,柠檬水
gelt,格尔特
djing,DJing
remarrying,再婚
granma,奶奶
hislop,希斯洛普
ready-to-wear,成衣
lanai,阳台
damask,绫
horsley,马斯利
trailblazer,开拓者
rappaport,拉帕波特
baldi,巴尔迪
pre-approved,预先批准
slagging,结渣
honeywell,霍尼韦尔
dropout,辍学
selah,细拉
crampton,克朗普顿
bristling,竖起的
woodson,伍德森
bagram,巴格拉姆
roughhousing,打闹
mbbs,医学学士
longbow,长弓
frisbees,飞盘
wali,瓦利
laparoscopic,腹腔镜
vape,电子烟
squeaker,吱吱叫的
shouldering,肩部
simpkins,辛普金斯
frites,薯条
ayah,亚亚
blackmails,勒索
uncontested,无争议
salk,萨尔克
glared,怒目而视
lowther,洛瑟
gallego,加利西亚语
darky,黑人
colliery,煤矿
southgate,南门
pontificate,布道
kodama,树精
tuskegee,塔斯基吉
superimposed,叠加
steams,蒸汽
westfall,西瀑布
drogheda,德罗赫达
cribbing,抄袭
tammany,坦慕尼
naya,纳亚
koya,koya
imprecise,不精确
masturbates,自慰
pomade,头油
ventilating,通风
jolted,猛然一震
manicotti,意大利饺子
redeyed,红眼
mammary,乳腺
romeos,罗密欧们
cobblestone,鹅卵石
devries,德弗里斯
carded,卡片
distresses,痛苦
moralizing,道德说教
lysol,来苏尔
pars,部分
aftereffects,后遗症
leaden,铅灰色
staley,斯坦利
arin,阿林
farc,闹剧
wheelers,轮子
varick,瓦里克
broward,布劳沃德
cochlear,耳蜗
anti-establishment,反建制
aime,动漫
katyusha,喀秋莎
caddies,球童
hela,赫拉
usurping,篡位
palfrey,帕尔弗雷
breslau,布雷斯劳
flunkies,喽啰
isolates,分离株
circumcise,割礼
bogardus,博加杜斯
abides,遵守
oriole,黄鹂
schlesinger,施莱辛格
dogshit,狗屎
transcribing,转录
cardigans,开襟羊毛衫
holbein,荷尔拜因
confectioner,糖果商
halts,停止
gretna,格雷特纳
bnd,捆绑
hypotension,低血压
negotiates,谈判
dirhams,迪拉姆
croaker,石首鱼
assizes,巡回审判
dukedom,公国
f-ing,操
dinos,恐龙
dein,你的
rosters,名单
pec,胸肌
nanao,楠奥
inclement,恶劣天气
overcompensate,过度补偿
quarterdeck,后甲板
placements,实习安排
shama,沙玛
creo,克里奥
beasties,野兽
newmarket,纽马克特
ais,艾斯
ebbets,潮汐
bandera,班德拉
campana,坎帕纳
purley,普利
hearken,倾听
deir,他们的
yakovlev,雅科夫列夫
eles,eles
germania,德国
jowls,下巴
ihr,你们
unmentionable,不可言说的
unchangeable,不可改变的
reestablished,重建
ost,最
icp,icp
teheran,德黑兰
haemorrhoids,痔疮
agar,琼脂
thwarting,挫败
begonia,秋海棠
paleo,古生物学
massacring,屠杀
cash-flow,现金周转
bulges,凸起
scantily,稀疏地
valence,价
currants,醋栗
affective,情感
quiches,乳蛋饼
ledges,壁架
exoneration,无罪释放
pan-american,泛美
itemized,明细
demeter,德米特
glimmering,微光
kodi,科迪
ponderous,沉重的
dwp,dwp
professing,声称
petted,被宠爱
provocatively,挑衅地
uptick,上升
downsides,缺点
peasantry,农民
nested,嵌套
mutates,突变
umbria,暗布里亚
narcissists,自恋者
tilapia,罗非鱼
barbell,杠铃
frigates,护卫舰
cer,cer
deliciousness,美味
adderley,阿德利
wheelman,车轮人
zigzagging,之字形
dicker,还价
mwa,姆瓦
dandies,花花公子
easterly,东风
pilfer,偷
mmr,毫米汞柱
embarkation,登船
metastatic,转移性
kernan,克南
fisa,外国情报监视法
gridiron,烤架
pharisee,法利赛人
covey,蜂群
pagliacci,丑角
gmc,通用汽车
ecclesiastes,传道书
gamey,野味
wardell,沃德尔
militiamen,民兵
docent,讲解员
assemblage,装配
thapar,塔帕尔
groper,摸索者
conservatoire,音乐学院
rear-wheel,后轮
sluicing,泄水
aig,aig
thacker,萨克
ayu,鱼露
steepest,最陡峭
diatoms,硅藻
provident,普罗维登特
gluttons,贪食者
arrayed,排列
juhani,朱哈尼
guidebooks,旅游指南
bosnians,波斯尼亚人
diehl,迪尔
gls,gls
compaq,康柏
nark,纳克
burgh,伯格
sneered,冷笑
imperator,皇帝
belkin,贝尔金
transients,瞬态
audiovisual,视听
enchanter,魔法师
guiltier,更内疚
variants,变体
morsi,莫尔西
thought-out,深思熟虑
beneficent,仁慈的
stoddart,斯托达特
busey,布西
neutralizer,中和剂
unlovable,不讨人喜欢
biomass,生物质
royle,罗伊尔
cheapo,便宜货
fiscally,财政方面
unclench,放松
schlegel,施莱格尔
jostled,推搡
riz,里兹
pull-up,引体向上
cress,豆瓣菜
handicrafts,手工艺品
cheerfulness,愉悦
olmos,奥尔莫斯
self-protection,自我保护
stilted,僵硬的
parler,Parler
whisking,搅拌
reisner,雷斯纳
comically,滑稽地
rediscovering,重新发现
alternately,交替
soman,索曼
cryogenically,低温
eran,埃兰
omnipotence,全能
revenants,亡灵
pinecone,松果
gainesville,盖恩斯维尔
histrionics,表演
haile,海尔
sarong,纱笼
anagrams,字谜
bitterest,最苦涩的
conlan,康兰
tolo,托洛
berths,泊位
minutemen,民兵
sanest,最理智
mony,金钱
admonished,告诫
livelong,终身
suprised,惊讶
culebra,库莱布拉
galician,加利西亚人
grizzled,斑白
teigen,泰根
binocular,双筒望远镜
feigns,假装
kubota,久保田
wiesbaden,威斯巴登
choreographers,编舞家
ciggies,香烟
underestimates,低估
manageress,女经理
atwell,阿特韦尔
scamps,流浪者
envisioning,设想
gero,gero
electrolysis,电解
amorphous,无定形
evened,甚至
onerous,繁重
cotswolds,科茨沃尔德
menzel,门泽尔
incursions,入侵
minbar,最小栏
depleting,消耗
noice,不错
hectare,公顷
discrediting,诋毁
marella,马雷拉
sina,新浪
bourg,布尔格
idolizes,偶像化
incurably,无可救药
witchery,巫术
emelia,艾米莉亚
laver,拉弗
personalised,个性化
boldt,博尔特
schoolmarm,女教师
kofu,甲府
broder,兄弟
anno,安诺
navi,导航
configurations,配置
keren,酷伦
hartwell,哈特韦尔
roebling,罗布林
massie,马西
opp,反对
matinees,午场
supercharger,增压器
grubbing,挖掘
outclassed,实力悬殊
discounting,折扣
fount,喷泉
fiddly,繁琐的
franziska,弗兰齐斯卡
harelip,兔唇
borelli,博雷利
murrell,默雷尔
a-going,正在
lusted,欲望
chuang,庄
detoxing,排毒
balla,巴拉
maced,胡椒
erland,厄兰
rosenfeld,罗森菲尔德
appleseed,苹果籽
zaid,扎伊德
hedonistic,享乐主义
exorcising,驱魔
gazza,加扎
corder,考德
harri,哈里
signalman,信号兵
biracial,混血
superhighway,高速公路
legoland,乐高乐园
controversies,争议
intricately,错综复杂
bullfighters,斗牛士
last-chance,最后的机会
gainful,有利可图
cornfed,玉米饲
otley,奥特利
montalvo,蒙塔尔沃
criminalist,犯罪学家
chits,纸条
off-camera,镜头外
expunge,删除
tippers,自卸车
honeypot,蜜罐
exteriors,外观
brienne,布里安娜
amaryllis,朱顶红
dermatology,皮肤科
annapurna,安娜普尔纳
bulbul,鹎
roughage,粗饲料
indecently,不雅的
keystroke,按键
ionization,电离
gstaad,格施塔德
schreiber,施赖伯
soweto,索韦托
mencken,门肯
back-to-school,返校
countertop,台面
steadfastly,坚定不移
totten,托滕
lilla,莉拉
extrovert,外向型
faz,法兹
kawakami,川上
rib-eye,肋眼牛排
roussel,鲁塞尔
ferruccio,费鲁乔
epo,环氧合酶
problem-solving,问题解决
eavesdropper,偷听者
oko,奥科
chanukah,光明节
gonorrhoea,淋病
inseminate,人工授精
decima,十
alakazam,阿拉卡赞
irked,恼怒
diatribe,长篇大论
jolts,震动
milliner,女帽商
emanuele,埃马努埃莱
clichy,老套的
borax,硼砂
meo,我
presides,主持
shulman,舒尔曼
aftereffects,后遗症
bopper,波普
uppermost,最上层
quantitative,定量
wrappings,包装
spelunking,洞穴探险
willett,威利特
shul,犹太会堂
ragweed,豚草
togs,泳衣
hallucinatory,幻觉
rushton,拉什顿
farmhands,农场工人
torus,环面
colloquial,口语
henge,巨石阵
lovato,洛瓦托
slovakian,斯洛伐克语
disquieting,令人不安的
gainer,增重者
baha,巴哈
pinpointing,精确定位
pinder,平德
conforms,符合
dissuaded,劝阻
jutting,突出
nihilist,虚无主义者
glut,谷
lavished,慷慨的
undergraduates,本科生
ghat,河坛
aeschylus,埃斯库罗斯
buttholes,屁眼
autocratic,专制
bens,本斯
igraine,偏头痛
beagles,比格犬
henkel,汉高
lott,乐透
haan,哈恩
saint-denis,圣丹尼斯
carom,卡罗姆
wilke,威尔克
trickiest,最棘手的
redouble,加倍
middletown,米德尔顿
urbino,乌尔比诺
disgracefully,可耻地
secede,脱离
questing,探索
poot,噗
fractional,分数
nanotech,纳米技术
naivete,天真
boman,波曼
tracheal,气管
engender,产生
locates,定位
irk,恼人
ruprecht,鲁普雷希特
neuralgia,神经痛
sectional,分段式
warders,狱警
amputees,截肢者
finis,结束
yamasaki,山崎
featureless,无特征
batra,巴特拉
veta,维塔
tradecraft,技艺
arranger,编曲家
disaffected,心怀不满的
birkett,伯克特
chiapas,恰帕斯
senatorial,参议员
bz,bz
aby,比
rosebush,玫瑰丛
berthold,伯特霍尔德
donegal,多尼戈尔
prokofiev,普罗科菲耶夫
curios,奇珍异宝
brin,布林
sacagawea,萨卡加维亚
wonderment,惊奇
daughters-in-law,儿媳
lowlying,低洼地带
tonsure,剃度
fost,福斯特
auch,也
champaign,原野
slake,熄灭
clerking,文员
hierarchies,层级结构
porches,门廊
frequenting,经常
pavan,帕万
exhibitionism,暴露癖
blanky,毯子
toluca,托卢卡
progesterone,孕酮
nielson,尼尔森
headquartered,总部
pakis,巴基斯坦人
blodgett,布洛杰特
romanticize,浪漫化
dahlias,大丽花
sweet-talked,甜言蜜语
afflicts,困扰
heartiest,最真挚的
deplete,消耗
caloric,卡路里
rollicking,欢快的
blood-pressure,血压
immunization,免疫接种
knifing,刀伤
kirke,柯克
immobility,不动
miniver,迷你弗
bulwark,堡垒
gif,gif
pashtun,普什图族
civet,麝猫
macdougal,麦克杜格尔
rhee,李
tanganyika,坦噶尼喀
hokum,胡言乱语
valorous,英勇的
cosi,酷
off-the-books,非正式交易
teabag,茶包
fixating,固定
rhododendron,杜鹃花
kenosha,基诺沙
blest,祝福
saviours,救世主
lefevre,勒费弗尔
ars,阿尔斯
turley,土耳其
cheesesteak,芝士牛排
stipulations,规定
speculator,投机者
caballeros,骑士们
deere,迪尔
corsair,海盗
widescreen,宽屏
babying,婴儿
sills,门槛
combos,连击
lassies,姑娘们
everyplace,到处
allingham,阿林厄姆
vica,维卡
demoralize,打击士气
seethe,沸腾
brennen,布伦南
roald,罗尔德
kine,牛
minored,未成年人
geer,吉尔
beurre,黄油
eberhard,埃伯哈德
nabbing,抓捕
matsushita,松下
westland,西地
malevolence,恶意
turbocharged,涡轮增压
unwary,粗心大意
animatronic,电子动画
clemons,克莱蒙斯
liest,谎言
dial-up,拨号上网
hypotheticals,假设
semicolon,分号
hunter-gatherer,狩猎采集者
onus,责任
beehives,蜂箱
paranoiac,妄想症
reaps,收割
creaming,奶油
ogasawara,小笠原
irrigated,灌溉
anse,安斯
assyria,亚述
fom,来自
nestling,雏鸟
teary-eyed,泪眼婆娑
encompassing,包含
congregations,会众
homebody,宅男宅女
hatchets,斧头
hoxie,霍克西
sackett,萨克特
canola,油菜籽
forecourt,前院
hessler,赫斯勒
retaking,重考
retraced,重走
cuckolds,戴绿帽的男人
tupelo,图珀洛
bludgeoning,钝击
miscarry,流产
amg,AMG
blackhawk,黑鹰
garam,加拉姆
innuendos,影射
scarpered,逃窜
sparsely,稀疏地
balalaika,巴拉莱卡琴
basted,涂油
herdsman,牧人
g-forces,重力加速度
warhorse,战马
gravelly,砾石
wangle,旺乐
unabated,持续不断
sappho,萨福
jazmine,茉莉
ica,ica
bataille,巴塔耶
leastways,至少
wrinkling,皱纹
sibel,西贝尔
dems,民主党
lustre,光泽
autry,奥特里
bone-dry,干透
darden,达登
lampert,兰伯特
overlaps,重叠
blighty,英国
exclaimed,惊呼
exploitative,剥削性的
nichiren,日莲
proprietors,业主
destructor,析构函数
baby-making,造人
transgress,越界
heaton,希顿
evite,埃维特
brok,破产
avaricious,贪婪
passionless,无情
eartha,厄莎
thurmond,瑟蒙德
interwoven,交织
meat-eating,肉食
piffle,废话
baskervilles,巴斯克维尔
kantor,坎托尔
globalisation,全球化
hair-raising,令人毛骨悚然
kalamazoo,卡拉马祖
onsite,现场
essences,精华
cherokees,切罗基人
foote,脚
fluctuates,波动
handcuffing,手铐
pennyworth,潘尼沃斯
vasili,瓦西里
bairns,孩子们
kallen,卡伦
barty,巴蒂
tena,特纳
takeovers,收购
jetlag,时差
subset,子集
conservator,监护人
musso,穆索
aldi,奥乐齐
misbehavior,不当行为
boardman,博德曼
iud,宫内节育器
optimize,优化
tap-dance,踢踏舞
colicky,肠绞痛
mcburney,麦克伯尼
doheny,多赫尼
glazier,玻璃工
g4,g4
graven,雕刻
pullings,拉
overeager,过于急切
tamp,夯
sign-off,搁笔
destitution,赤贫
radisson,拉迪森
rebut,驳斥
soused,已售罄
unreasonably,不合理地
malcontents,不满分子
lel,哈哈
umpteen,无数个
spurlock,马刺锁
abstention,弃权
barbarella,芭芭拉
salieri,萨列里
bacchanal,酒神节
dunwich,邓威治
legalizing,合法化
antipsychotics,抗精神病药物
stussy,斯图西
harsha,哈尔沙
major-general,少将
pree,预
magnates,巨头们
sobers,清醒
holyoke,霍利奥克
olan,奥兰
schmitz,施密茨
self-pitying,自怜
psy,心理学
dcd,直流电
serenely,平静地
arto,阿尔托
nonverbal,非语言
munn,蒙恩
ammunitions,弹药
ayan,艾扬
unobstructed,通畅
tiresias,泰瑞西阿斯
unloads,卸货
deliberated,深思熟虑
gregarious,群居
babbage,卷心菜
penang,槟城
exemplar,范例
sideswiped,侧滑
shireen,希琳
desensitized,脱敏
conjunctivitis,结膜炎
beng,奔
besmirched,玷污的
weill,威尔
quints,五胞胎
triana,特里亚纳
edmundo,埃德蒙多
heim,海姆
flints,燧石
newtonian,牛顿力学
deportment,仪态
wanes,减弱
justifiably,理所当然地
speared,被长矛刺穿
sein,塞因
bains,贝恩斯
dees,迪斯
borehole,钻孔
carlie,卡莉
surrealists,超现实主义者
samarra,萨马拉
widowers,鳏夫
antiaging,抗衰老
tormentors,折磨者
palacios,宫殿
two-pronged,双管齐下
culminate,最终
undergarment,内衣
deers,鹿
parasailing,滑翔伞
madams,夫人
cardenas,卡德纳斯
iver,河
inflicts,造成
shuttling,往返
swatter,苍蝇拍
boches,博切斯
demonstrative,示范性的
bez,bez
befriends,交朋友
retaliating,报复
kabob,烤肉串
on-the-job,在职
aung,昂
correlates,相关因素
stressed-out,压力过大
rix,rix
berated,责骂
pch,pch
favouritism,偏爱
combats,战斗
unquestionable,毋庸置疑
tric,特里克
reheated,重新加热
deprives,剥夺
timekeeper,计时员
bagful,满袋
mela,梅拉
plummets,暴跌
benda,本达
voles,田鼠
bandaging,包扎
austria-hungary,奥匈帝国
hendrick,亨德里克
loew,洛伊
crankshaft,曲轴
sextus,塞克斯图斯
precariously,岌岌可危
cunty,婊子
undermanned,人手不足
facile,容易的
baikal,贝加尔湖
decimating,毁灭性的
uploads,上传
retraining,再培训
neurotransmitter,神经递质
slr,单反
astarte,阿斯塔特
citibank,花旗银行
murcia,穆尔西亚
burnie,伯尼
leibovitz,莱博维茨
yaki,烤肉
moise,莫伊斯
maharani,玛哈拉尼
weak-willed,意志薄弱
bozeman,博兹曼
vagaries,反复无常
crosschecking,交叉核对
vollmer,沃尔默
discernment,辨别力
supplication,恳求
zima,齐玛
inputting,输入
tsars,沙皇
vivisection,活体解剖
annihilator,歼灭者
mandibles,下颚
a-frame,人字形
hungers,饥饿
maddest,最疯狂的
limpid,清澈的
clinches,关键时刻
fazed,惊慌失措
pidgeon,鸽子
blintzes,薄饼
lika,莉卡
superseded,被取代
shoreditch,肖尔迪奇
sativa,苜蓿
cpc,每次点击成本
curtailed,缩减
glues,胶水
downstage,舞台下方
wreckers,拆船工
kundalini,昆达里尼
annunciation,天使报喜
cataloged,已编目
brij,布里吉
quetzalcoatl,羽蛇神
hypochondria,疑病症
spermicide,杀精剂
wrack,残骸
imbue,赋予
neuman,纽曼
thetas,θ
curacao,库拉索
terrarium,玻璃容器
instigation,煽动
vehement,慷慨
newts,蝾螈
soga,曾我
peckers,啄木鸟
pricy,价格昂贵
asbury,阿斯伯里
hunkered,蹲伏
scrunched,皱巴巴的
cheesed,奶酪
marmots,土拨鼠
presumes,假定
thundered,雷鸣
eritrea,厄立特里亚
lazer,激光
venezia,威尼斯
dak,达克
daugherty,多尔蒂
oilman,石油大亨
crosscheck,交叉核对
unconvinced,不信服
huguenots,胡格诺派教徒
noblewoman,贵妇
depreciation,折旧
trekkie,星际迷航
angeli,安吉莉
zither,筝
mother-of-pearl,珍珠母
shenyang,沈阳
ahuja,阿胡贾
crushers,破碎机
3g,3克
olwen,奥尔文
adorns,装饰
archetypes,原型
jordin,乔丁
wailed,哀嚎
lobbed,抛掷
alertness,警觉
ninjutsu,忍术
proponents,支持者
insolvent,破产
windex,威猛先生
miserere,怜悯
spareribs,排骨
conglomerates,集团公司
yoked,轭
changelings,换子
riffle,步枪
huffman,霍夫曼
syncing,同步
grandi,格兰迪
chatroom,聊天室
strabo,斯特拉博
dra,德拉
lenoir,勒努瓦
spenders,消费者
fannies,屁股
woodsy,林地
channelling,通道
imager,成像器
vilar,维拉
rioja,里奥哈
tinto,丁托
megaton,百万吨级
smit,斯密特
steuben,斯图本
hippolyte,希波吕特
epithelial,上皮
galls,虫瘿
creche,托儿所
orbited,轨道
electrocuting,触电
oin,奥因
odd-looking,外形奇特
twisters,龙卷风
isthmus,地峡
razz,非难
nots,不
soll,索尔
tuscaloosa,塔斯卡卢萨
rilke,里尔克
encoding,编码
agate,玛瑙
vickery,维克里
boombox,手提音响
motility,运动能力
gadzooks,嘎祖克斯
emphasizes,强调
stromboli,斯特龙博利
sitka,锡特卡
foretells,预言
flagon,酒壶
effecting,产生影响
reo,雷欧
reconstitute,重组
guttman,古特曼
boatwright,造船工
giggly,咯咯笑
eec,欧洲经济共同体
disconnection,断开
whitely,白
reenacting,重演
mobutu,蒙博托
seventy-six,七十六
dpd,dpd
saida,赛达
bowe,弓
placental,胎盘
dufferin,达弗林
mauritania,毛里塔尼亚
metis,梅蒂斯
high-octane,高辛烷值
downfield,球场深处
unwin,安温
tinhorn,锡角
new-age,新时代
excised,切除
camber,外倾角
rx,处方药
godchild,教子
doner,捐赠者
scrabbling,争抢
stodgy,古板
arbuckle,扣环
dacey,黛西
flowerbed,花坛
sentimentalist,感伤主义者
thanksgivings,感恩节
promontory,海角
haberdasher,服装辅料商
blood-alcohol,血液酒精浓度
howland,豪兰
lewdness,淫秽
otello,奥赛罗
dogface,狗脸
second-generation,第二代
orinoco,奥里诺科
tripwire,绊线
seto,濑户
zebedee,西庇太
carswell,卡斯韦尔
azra,阿兹拉
mondeo,蒙迪欧
elucidate,阐发
oddie,奇特
fantasise,幻想
mcmullen,麦克马伦
lollygagging,闲逛
booby-trap,诡雷
babar,巴布尔
self-sacrificing,自我牺牲
armless,无臂
banbury,班伯里
loraine,洛兰
homelands,家园
coretta,科雷塔
bridged,桥接
chihuahuas,吉娃娃
lactation,哺乳
rubella,风疹
pottinger,波廷格
woodbine,伍德宾
savored,细细品味
flashbulbs,闪光灯泡
antipsychotic,抗精神病药物
illiterates,文盲
wolfhound,狼狗
incisive,尖锐
crypto,加密货币
elp,帮助
blitzer,闪电战
corgi,柯基犬
persisting,持续
lobotomized,脑叶切除术
mistral,密斯特拉尔
prieto,普列托
dumbhead,笨蛋
pyres,火葬
unravelled,解开
fava,蚕豆
halden,哈尔登
mahan,马汉
thalidomide,沙利度胺
glutinous,黏稠的
yipe,耶
hijinks,恶作剧
invalidated,无效
sociologists,社会学家
window-shopping,逛橱窗
hartigan,哈蒂根
middle-school,中学
dolor,疼痛
jotting,随笔
shampooing,洗发
ashburn,阿什伯恩
convocation,召集
embattled,陷入困境的
wampum,贝壳串珠
bartley,巴特利
prisoner-of-war,战俘
jurist,法学家
humors,体液
tarin,塔林
anesthetize,麻醉
palumbo,帕伦博
biped,双足动物
carlino,卡利诺
mouche,穆什
candide,坎迪德
kerensky,克伦斯基
ashi,灰烬
bpd,bpd
weaponize,武器化
cauldrons,坩埚
unedited,未经编辑
dennehy,丹尼希
coercive,强制性的
incised,切开
date-rape,约会强奸
bonobo,倭黑猩猩
worthier,更值得
sensationalism,耸人听闻
maulana,毛拉纳
profiteroles,泡芙
unrecognisable,无法辨认
whaley,鲸鱼
flatulent,胀气的
catalonian,加泰罗尼亚语
tullio,图利奥
sobotka,索博特卡
soft-core,软色情
trebuchet,投石机
redefining,重新定义
cretinous,白痴
fd,fd
moneylenders,放债人
pieta,圣母怜子像
defaults,默认值
yagi,八木
supremacists,至上主义者
inadvertent,无意的
polisher,抛光机
reni,雷尼
gubernatorial,州长
tugger,拖船
whitened,漂白
cannula,套管
illegality,非法
mannering,举止
cpb,cpb
spartak,斯巴达克
vedra,吠陀
crosstown,横城
electors,选举人
polymers,聚合物
kayaks,皮划艇
assimilating,同化
leahy,利希
whis,威斯
echelons,梯队
josephson,约瑟夫森
sah,萨赫
perforce,强制
apace,迅速
acheson,切森
leopardi,豹纹守宫
basinger,巴辛格
sex-change,变性手术
boro,博罗
cowpoke,牧童
woops,哎呀
uci,加州大学伯克利分校
raincheck,雨天延期
englander,英格兰人
welders,焊工
sigourney,西格妮
folic,叶酸
qr,二维码
noblesse,贵族
fancy-free,自由自在
egotist,自负
anglo-american,盎格鲁-美洲
redesigning,重新设计
willowbrook,柳溪
renaming,重命名
boothe,布斯
quiznos,Quiznos
hawa,哈瓦
spiralling,螺旋式
satnav,卫星导航
aspartame,阿斯巴甜
quim,阴蒂
summaries,摘要
pigeonhole,归档
feathering,羽毛
comprehensible,可理解的
hegemony,霸权
machineguns,机枪
basingstoke,贝辛斯托克
perineum,会阴
baka,巴卡
whereto,到哪里
artaud,阿尔托
patrimony,遗产
commemorates,纪念
slickers,雨衣
finkel,芬克尔
ginn,金恩
unbuttoning,解开纽扣
moko,毛利纹身
bombed-out,被炸毁
achiever,成功者
lona,洛娜
appeasing,安抚
londoner,伦敦人
slainte,干杯
reme,雷梅
cabriolet,敞篷车
sherrod,谢罗德
ede,埃德
jokester,爱开玩笑的人
xxxx,xxxx
conduction,传导
ethiopians,埃塞俄比亚人
asghar,阿斯加尔
cmr,厘米
baio,拜奥
juste,恰好
tisha,蒂莎
jaybird,松鸦
tabletop,桌面
nass,纳斯
dorf,多夫
leanings,倾向
inquirer,询问者
turtlenecks,高领毛衣
sagamore,萨加莫尔
great-grandparents,曾祖父母
khao,考
neurosurgeons,神经外科医生
candela,坎德拉
piecework,计件工作
habu,哈布
speechwriter,演讲稿撰写人
harpers,哈珀斯
detachments,分遣队
singling,单身
moraes,莫拉伊斯
lesh,莱什
tonal,音调
coakley,科克利
poplars,白杨树
indifferently,漠不关心
wilburn,威尔伯恩
antonina,安东尼娜
visors,面罩
headphone,耳机
ararat,阿拉拉特
kidded,开玩笑
virgilio,维吉利奥
tanisha,塔尼莎
snuffling,抽泣
bailies,法警
wih,和
kitted,套装
reignite,重燃
debunked,已被揭穿
brainard,布雷纳德
pedalling,踩踏板
klee,克利
pickman,皮克曼
brunton,布伦顿
twofer,双人份
palindrome,回文
unmolested,未受干扰
hemothorax,血胸
bluebells,蓝铃花
tarawa,塔拉瓦
savoir,知识
unshakeable,不可动摇的
wend,温德
dop,dop
schnoz,鼻子
orangeade,橙汁
mopes,忧郁症
shakey,摇晃
utilizes,利用
scuzzy,肮脏的
pronouncements,声明
ingalls,英格尔斯
menahem,梅纳赫姆
handmaid,使女
hausmann,豪斯曼
heartedly,衷心地
marques,侯爵
rnc,rnc
hialeah,海厄利亚
edibles,可食用的
pash,帕什
molting,蜕皮
caregivers,照护者
suffices,足够了
choruses,合唱
ensconced,安顿下来
reshaping,重塑
urinates,排尿
crestview,克雷斯特维尤
nef,nef
reproduces,复制
motion-picture,电影
venable,维纳布尔
sicced,干涸
chloral,氯醛
lurker,潜伏者
precognition,预知
hickeys,吻痕
tribunals,法庭
arg,参数
sequenced,测序
lumina,卢米纳
baldies,秃头
cudgel,棍棒
unripe,生
fistfights,拳击比赛
overburden,超重
exaltation,提高
docherty,多赫蒂
benedictus,本笃会
kleine,克莱因
mian,弥安
mov,移动
mss,女士
abominably,极其可憎
shipboard,船上
gondolier,贡多拉船夫
parfitt,帕菲特
tantalum,钽
stemple,茎
mouthfuls,一口一口
around-the-clock,全天候
peppercorn,胡椒粒
domed,圆顶
koon,库恩
woodlawn,伍德劳恩
sodden,烂
eighty-eight,八十八
rigaud,里戈
piddle,小便
high-rises,高层建筑
coders,程序员
gally,加利
deigned,设计
daba,达巴
ity,性
gooseberries,醋栗
petechiae,瘀点
nullification,无效化
lumley,伦利
bhs,bhs
aon,aon
areola,乳晕
cyan,青色
offload,卸载
lugano,卢加诺
weathermen,气象员
perusing,浏览
ican,我可以
sheepish,羞怯
brunet,黑发
ruggedly,粗犷地
incites,煽动
injures,受伤
knockwurst,德式香肠
cucamonga,库卡蒙加
pentameter,五音步
rumanian,罗马尼亚
hartog,哈托格
riverdance,大河之舞
substitutions,替换
slicked,光滑的
intersects,交叉点
mindlessly,漫不经心地
pussyfooting,小心翼翼
xp,经验值
city-state,城邦
sunnyside,阳光灿烂
breezed,微风拂过
crouton,烤面包丁
aleksander,亚历山大
arirang,阿里郎
koppel,科佩尔
mcnuggets,麦乐鸡
cottontail,棉尾兔
manchukuo,满洲国
canard,鸭子
negates,否定
paintwork,油漆
axles,车轴
dupes,重复
talus,距骨
youngstown,扬斯敦
gaskets,垫圈
knothole,节孔
administers,管理
feu,火
palau,帕劳
lifeforms,生命体
dubonnet,杜邦内
intuitions,直觉
godley,戈德利
matrons,女舍监
boggy,沼泽地
hollenbeck,霍伦贝克
fogging,雾化
greenest,最绿色
paleontologists,古生物学家
carcinogenic,致癌物
silverado,银拉多
figments,虚构
kik,kik
retroactively,追溯性地
oceanographer,海洋学家
chula,楚拉
alper,阿尔珀
kola,可乐
croce,克罗切
ady,阿迪
seductress,诱惑者
mideast,中东
yalu,雅鲁
skilfully,巧妙地
trueman,特鲁曼
persecutions,迫害
aspirate,抽吸
gnu,牛羚
byproducts,副产品
backpackers,背包客
bleeker,阴凉处
sabo,萨博
clockmaker,钟表匠
surat,苏拉特
jann,詹恩
arakawa,荒川
lie-detector,测谎仪
futurist,未来主义者
staffordshire,斯塔福德郡
newcomb,新梳
hypoallergenic,低过敏性
outran,甩开了
preponderance,优势
libations,酒
tracksuits,运动服
crofters,佃农
unpretentious,朴实无华
varela,瓦雷拉
carjack,千斤顶
badasses,狠角色
nahum,那鸿
woodwind,木管乐器
theophilus,西奥菲勒斯
backflips,后空翻
taira,泰拉
nbs,nbs
stokely,斯托克利
potshots,冷枪
slyly,狡猾地
crony,裙带关系
kame,龟
venn,维恩图
commissars,政委
refueled,加油
gluttonous,饕
whirr,呼呼
ladies-in-waiting,侍女
couplets,对句
keogh,基奥
wb,西布
quintuplets,五胞胎
shabazz,沙巴兹
evelina,伊芙琳娜
divest,剥离
flummoxed,困惑
avoidable,可避免的
flyby,飞掠
microprocessor,微处理器
reconstituted,重组
fides,信仰
farren,法伦
cummins,康明斯
edelman,埃德尔曼
matsuura,松浦
slack-jawed,目瞪口呆
yack,废话
off-roading,越野
nureyev,努列耶夫
newsies,报童
leckie,莱基
laith,莱斯
pacification,和解
gioconda,蒙娜丽莎
bed-wetting,尿床
bushy-tailed,蓬松的尾巴
log-in,登录
skidoo,雪地摩托
kaba,卡巴
gashes,伤口
dampened,潮湿
unobtainable,无法获得
schecter,Schecter
slo,慢
angriest,最愤怒
ganglia,神经节
multimillion,数百万美元
yur,你的
refinance,再融资
wwi,第一次世界大战
meatpacking,肉类加工
broiler,肉鸡
demetrio,德米特里奥
precipitous,陡峭
life-insurance,人寿保险
ananias,阿纳尼亚斯
pilsen,皮尔森
leibowitz,莱博维茨
shellac,虫胶
unionists,工会成员
breakwater,防波堤
larchmont,拉奇蒙特
engulfing,吞噬
shaikh,谢赫
iwai,岩井
anticipates,预计
elysees,爱丽舍宫
anchorwoman,女主播
retiree,退休人员
warners,华纳兄弟
waterline,吃水线
febrile,发热
haulage,运输
domesticity,家庭生活
merriam,梅里亚姆
simoni,西蒙尼
hard-fought,艰苦卓绝的
curs,曲线
fira,菲拉
phonetic,语音
intramural,室内
beckmann,贝克曼
girlfriend,女朋友
titrate,滴定
scrounger,乞丐
oya,oya
horta,霍尔塔
dissipating,消散
sukarno,苏加诺
tarnishing,失去光泽
renfrew,伦弗鲁
basting,涂抹
marielle,玛丽埃尔
pryde,普莱德
sonics,声波
side-effect,副作用
flathead,平头
wild-eyed,眼神狂野
givers,捐赠者
killa,杀手
lud,路德
brasserie,啤酒馆
stagehands,舞台工作人员
nj,新泽西州
klaas,克拉斯
hoo-hah,呼哈哈
switzer,瑞士人
montessori,蒙特梭利
disinfecting,消毒
watney,沃特尼
florey,弗洛里
pinkney,平克尼
rosas,玫瑰
cat-and-mouse,猫捉老鼠
haytham,海瑟姆
saxton,萨克斯顿
intimates,亲密
hurtle,冲刺
uy,uy
maslow,马斯洛
argentines,阿根廷人
fia,菲亚
hobnobbing,社交
hominids,人科动物
lc,lc
aer,空气
duro,杜罗
jehangir,贾汉吉尔
reportage,报告文学
bouche,小面包
relishing,享受
lay-by,停车处
videogame,电子游戏
wiegand,维根德
shuler,舒勒
elston,埃尔斯顿
paraiso,天堂
chelmsford,切姆斯福德
microdot,微点
coves,海湾
laius,拉尤斯
bannock,班诺克
benj,本杰
abated,减弱
sunspot,太阳黑子
partygoers,派对参与者
overdramatic,过于戏剧化
yn,yn
serendipitous,意外的
colonisation,殖民化
youngman,年轻人
residues,残基
naysayers,反对者
crags,峭壁
lemongrass,香茅
yogurts,酸奶
straub,斯特劳布
reworked,重新制作
pentecostal,五旬节派
soz,抱歉
incubating,孵化
donnas,唐娜
profilers,分析器
ungracious,不友善的
covets,觊觎
appomattox,阿波马托克斯
remembrances,回忆
ratification,批准
minchin,明钦
protestor,抗议者
kargil,卡吉尔
nawal,纳瓦尔
wheedle,哄骗
golders,戈尔德斯
horning,角
furioso,愤怒
prods,产品
kemble,肯布尔
puglia,普利亚
woodchucks,土拨鼠
chesley,切斯利
incremental,增量
lucile,露西尔
bocce,地掷球
wandsworth,旺兹沃思
unceasing,不断
waddy,棍棒
gilford,吉尔福德
bisset,比塞特
badgered,骚扰
lowliest,最低级
yueh,岳
olena,奥莱娜
baynes,贝恩斯
bumbershoot,雨伞
pegg,佩格
dilling,莳萝
attested,已证实
metallo,金属
lags,滞后
soh,苏
postproduction,后期制作
tarrytown,塔里敦
sciatic,坐骨神经痛
b-flat,降B
strikeout,三振出局
pairings,配对
deletion,删除
botanic,植物
foul-smelling,恶臭
mannish,男子气概
parity,平价
correlated,相关
reverently,虔诚地
broadcasters,广播员
sega,世嘉
demilitarized,非军事化
tunics,束腰外衣
blow-dryer,吹风机
close-by,附近
mopeds,轻便摩托车
deciduous,落叶
transmute,嬗变
assembles,组装
haganah,哈加纳
gushy,热情洋溢
amplifying,放大
lemke,莱姆克
laud,赞美
outlay,支出
absolut,绝对
aioli,蒜泥蛋黄酱
heightens,增强
notre-dame,巴黎圣母院
heartbreaking,令人心碎
squirreled,松鼠
angelis,安吉利斯
arian,阿里安
ghostwriter,代笔作家
empowers,赋权
punch-up,拳击
abbreviations,缩写
gargantua,巨人
needham,尼德姆
backswing,后摆
shrugs,耸肩
ditzy,傻乎乎的
muzzled,戴口套
perceptual,感知
crybabies,爱哭鬼
rambles,漫谈
hyland,海兰德
ever-growing,不断增长
newness,新奇
frontlines,前线
koehler,科勒
archy,拱门
dishevelled,蓬头垢面
deucalion,丢卡利翁
disharmony,不和谐
profusion,丰富
aguila,鹰
cherishing,珍惜
arndt,阿恩特
cata,猫
abstained,弃权
forsooth,真的
minutiae,细节
beek,比克
simplifying,简化
caballo,马
tatoo,纹身
payouts,支付
foxglove,毛地黄
slops,污水
whizzed,嗖嗖
pastiche,模仿
outmanned,人手不足
insular,岛屿
bromo,溴
jm,jm
bussing,公交车
virtuosity,精湛技艺
galleons,大型帆船
ugandan,乌干达
remittance,汇款
allegorical,寓言式的
psychoanalysts,精神分析学家
antonis,安东尼斯
nebulous,模糊的
policed,警方
deactivating,停用
gotland,哥特兰岛
adirondacks,阿迪朗达克山脉
edicts,法令
flavoring,调味
greedily,贪婪地
oxidized,氧化
obliteration,抹杀
mcguinn,麦奎因
benedick,本尼迪克
familiars,熟悉的
labradoodle,拉布拉多犬
katayama,片山
hillsborough,希尔斯堡
nuttier,更疯狂
give-and-take,互惠互利
suzuka,铃鹿
fluffing,蓬松
eka,埃卡
doble,双倍
smoochy,亲吻
pshaw,呸
screenwriting,剧本创作
bighead,大头
ergot,麦角
polishes,抛光
fornicators,淫乱者
dobbins,多宾斯
arsenals,阿森纳
wreaks,残骸
mo-mo,莫莫
knute,克努特
staccato,断奏
bazar,集市
stockyards,牲畜场
lugged,带吊臂的
sturgess,斯特吉斯
gangrenous,坏疽
jordon,乔丹
bakunin,巴枯宁
bharati,巴拉蒂
megiddo,米吉多
unashamed,毫不羞愧
trenchard,特伦查德
peppermints,薄荷糖
renta,租
silicate,硅酸盐
kesey,凯西
anarchic,无政府主义
double-sided,双面
numskull,笨蛋
hawkers,小贩
devaluation,贬值
yassin,亚辛
ninety-four,九十四
riv,riv
masud,马苏德
announcers,播音员
doe-eyed,眼神清澈的
recalibrated,重新校准
fluffed,蓬松的
senoritas,小姐们
sixpacks,六块腹肌
perkin,珀金
multipurpose,多用途
constructor,构造函数
axial,轴向
analgesic,镇痛药
antihistamines,抗组胺药
neo-nazis,新纳粹
soundproofed,隔音
bluffer,虚张声势者
self-sufficiency,自给自足
moveable,活动
oriana,奥里亚纳
bathrobes,浴袍
phaeton,幻影
norden,诺登
shriver,施赖弗
maladies,疾病
malthus,马尔萨斯
minuses,减号
woodworm,蛀木虫
casework,个案工作
thoughtlessly,不经思考地
mohawks,莫霍克人
chocolaty,巧克力
tooled,工具
misapprehension,误解
defecating,排便
boma,博马
ardmore,阿德莫尔
long-haul,长途
pato,帕托
serfdom,农奴制
well-wishers,祝福者
escapist,逃避现实者
bedi,贝迪
adornment,装饰
anan,阿南
wirelessly,无线
equalize,均衡
backpacker,背包客
loftus,洛夫图斯
brane,膜
cinematographic,电影摄影
replenishing,补充
planchet,平面图
gou,咕
potheads,瘾君子
depardieu,德帕迪约
vandalised,被破坏
loaders,装载机
minders,保镖
spews,喷涌而出
tortuous,曲折
rigour,严格
vergara,维加拉
maugham,毛姆
viewership,收视率
wifes,妻子们
travail,劳作
petroglyphs,岩画
carjacker,劫车者
politico,政治家
hazen,哈森
overhang,悬垂
churlish,粗鲁
rehashing,重提旧事
sweeteners,甜味剂
misbehaves,行为不端
fring,边缘
paralegals,律师助理
three-pointer,三分球
dubs,配音
honeymooning,蜜月
guises,伪装
firenze,佛罗伦萨
janson,詹森
scraggly,稀疏的
turek,图雷克
fellah,伙计
samaria,撒玛利亚
nonrefundable,不退还
terrifyingly,令人毛骨悚然
stabiliser,稳定器
carnarvon,卡那封
postmodern,后现代主义
assyrians,亚述人
hatbox,帽盒
veuve,凯歌香槟
quimper,坎珀
ballets,芭蕾舞
cornrows,玉米辫
reductive,还原论
frankfurters,法兰克福香肠
frosh,大一
euthanize,安乐死
kishimoto,岸本
semiconductor,半导体
formby,福姆比
jupp,朱普
bucketful,一桶
etna,埃特纳火山
amadou,阿马杜
mauri,毛里
boffins,专家们
mediaeval,中世纪
defrocked,被剥夺圣职
meander,蜿蜒
qigong,气功
ticky,滴答
abyssinian,阿比西尼亚
read-through,通读
gulped,吞咽
untroubled,平静无波
landlubber,旱鸭子
wadding,棉絮
wanderlust,旅行癖
rebranding,品牌重塑
paleolithic,旧石器时代
gossiped,闲聊
brandish,挥舞
yerba,耶尔巴
micron,微米
ossie,奥西
bilious,胆汁
obe,奥贝
half-mast,半旗
allusions,暗示
tetrodotoxin,河豚毒素
reoccurring,反复出现
underwrite,包销
benighted,夜幕降临
cinematographers,电影摄影师
ainsworth,艾恩斯沃斯
sherriff,警长
divisible,可分的
sweeny,斯威尼
impediments,障碍
reales,房地产
wss,wss
rupturing,破裂
vanuatu,瓦努阿图
usurer,高利贷者
palmyra,帕尔米拉
prescient,先见之明
dominions,领地
randell,兰德尔
cozying,舒适
decaffeinated,脱咖啡因
veterinarians,兽医
gaskin,加斯金
sharking,鲨鱼
beatniks,垮掉的一代
vedic,吠陀
dsl,DSL
ths,ths
assertions,断言
gau,高
tiling,平铺
whodunit,谁是凶手
great-great-grandmother,曾曾祖母
terr,特尔
elen,艾伦
mendy,门迪
memes,表情包
bogdanovich,博格达诺维奇
masuda,增田
heavensent,天赐之物
rochon,罗雄
restarts,重启
symbolised,象征性的
uu,嗯
wildflower,野花
blub,布鲁布
roll-call,点名
lanning,兰宁
multitasking,多任务处理
built-up,建成
smack-dab,正中靶心
burnell,伯内尔
rightness,正义
gauging,测量
unthinking,不假思索
relaxer,放松剂
beheadings,斩首
debuting,首次亮相
disavowed,否认
spray-paint,喷漆
rego,雷戈
separations,分离
monarchist,君主主义者
materialist,唯物主义者
mucosa,黏膜
inveterate,根深蒂固
terraced,梯田
expressionist,表现主义
all-terrain,全地形
giroux,吉鲁
oversell,卖空
kaohsiung,高雄
icbm,ICBM
liberates,解放
nurtures,培养
bronzes,青铜器
beaky,喙
deptford,德普特福德
serdar,塞尔达
stereotyping,刻板印象
copes,应对
balin,巴林
americanos,美式咖啡
avro,阿弗罗
sophomoric,幼稚的
woodall,伍德尔
rienzi,里恩齐
chafed,擦伤
rawlinson,罗林森
moneymaking,赚钱
belfort,贝尔福特
juda,犹大
shinier,更闪亮
carvers,雕刻家
borghese,博尔盖塞
initialed,首字母缩写
terrorising,恐怖的
deaton,死亡
reintegrate,重新整合
pesci,佩西
scrag,碎片
grierson,格里尔森
eis,eis
hopps,霍普斯
morecambe,莫克姆
abad,阿巴德
factotum,杂务工
scooper,铲斗
violator,违规者
shoveled,铲
environs,周边环境
bede,贝德
youthfulness,青春
outhouses,户外厕所
scarfing,围巾
storch,火炬
juggled,杂耍
gunfighters,枪手
strong-minded,意志坚定
bicycling,自行车
chauffeured,专车接送
sergent,中士
piggybacking,搭便车
slytherin,斯莱特林
xt,xt
womp,呜呜
amine,胺
nishikawa,西川
pepino,佩皮诺
quizzing,测验
storylines,故事情节
mccaffrey,麦卡弗里
numeral,数字
boas,蟒蛇
crissy,克里西
sof,软
buss,公交车
dextrose,葡萄糖
overpopulated,人口过剩
chromosomal,染色体
merited,值得
mobil,移动
amarna,阿玛纳
dari,达里
wallachia,瓦拉几亚
daunted,畏惧
organises,组织
chiropodist,足病医生
equivalency,等价
flume,水槽
repping,代表
percolating,渗滤
stickball,棍球
nihilistic,虚无主义
obeisance,服从
eq,方程
kigali,基加利
sponger,海绵
elaborately,精心
shawcross,肖克罗斯
do-or-die,生死攸关
deferring,推迟
getaways,度假
smoothy,冰沙
heterosexuality,异性恋
hinterland,腹地
restate,重申
wexford,韦克斯福德
backhanded,反手
symes,赛姆斯
ushering,引座
doke,码头
sempill,森皮尔
b-movie,B级片
conceptions,概念
beepers,寻呼机
tranquilliser,镇静剂
haag,海牙
tailcoat,燕尾服
anteroom,接待室
burleigh,伯利
charmian,查米安
maximizing,最大化
faure,福尔
peelers,削皮器
nicker,尼克
majorette,仪仗队队员
abolitionists,废奴主义者
iniquities,罪恶
thought-provoking,引人深思
methodists,卫理公会
rauf,劳夫
volk,沃尔克
huckster,兜售者
reinvest,再投资
pealing,剥落
brosnan,布鲁斯南
fresh-squeezed,鲜榨
delorme,德洛姆
residuals,残差
hgh,生长激素
chain-smoking,连续吸烟
nw,西北
cyd,cyd
saunas,桑拿
tilson,蒂尔森
emancipate,解放
hoose,房子
officious,爱管闲事的
hamstrings,腿筋
recreated,重建
clydesdale,克莱兹代尔
sigs,签名
transpire,发散
pettis,佩蒂斯
vibrated,振动
thorndike,桑代克
ctx,ctx
strick,严厉
asymmetric,不对称
calibrating,校准
poetess,女诗人
carpathians,喀尔巴阡山脉
jou,你的
oesophagus,食管
adenoids,腺样体
bedsheet,被单
pogroms,大屠杀
yarmouth,雅茅斯
trances,恍惚
cabling,电缆
assailed,遭受攻击
mcelroy,麦克罗伊
cormorants,鸬鹚
chintz,印花棉布
metacarpal,掌骨
banding,环志
disembarking,下船
laugher,笑声
acidosis,酸中毒
well-developed,发育良好的
puffins,海鹦
mant,螳螂
homestretch,冲刺阶段
pedagogical,教学法
half-brothers,同父异母的兄弟
inventiveness,创造力
decibel,分贝
fitzgibbon,菲茨吉本
talk-show,脱口秀
classifier,分类器
reorder,重新排序
cuisines,美食
detentions,拘留
favouring,偏爱
burbling,潺潺
tweeter,高音喇叭
hispaniola,伊斯帕尼奥拉岛
clemenceau,克莱门梭
bhagwan,巴关
proclivity,倾向
adventuress,冒险家
crosswind,横风
well-wisher,好心人
restocked,补货完毕
tunneled,隧道
brooches,胸针
wall-e,机器人瓦力
sabatini,萨巴蒂尼
chairmen,主席
werth,价值
luncheons,午餐会
unimpressive,平庸
junius,朱尼厄斯
commemorated,纪念
lilt,轻快
captained,队长
encirclement,包围
hoovered,用吸尘器吸过
ofer,提供
unionize,工会化
chasse,追击
auger,螺旋钻
tress,树
picts,图片
prussic,普鲁士克
ventral,腹侧
kesar,藏红花
verifies,验证
oceana,海洋
simca,辛卡
amrit,阿姆里特
smyrna,士麦那
cookware,炊具
senselessly,无意义地
fuente,富恩特
hindquarters,后腿
post-office,邮局
ova,卵
mainz,美因茨
jokey,开玩笑的
substrate,基底
sunt,太阳
tailback,跑卫
carfax,车辆历史报告
xyz,xyz
bazaars,集市
korin,科林
ninety-one,九十一
equated,等同
concurrently,同时
intertwine,交织
stingrays,魟鱼
barbas,巴尔巴斯
chinos,斜纹棉布裤
intelligences,情报
jewell,珠宝
end-all,终结
shiitake,香菇
olmo,奥尔莫
glocks,格洛克手枪
godoy,戈多伊
aleksandra,亚历山德拉
wattage,瓦特
misadventures,不幸遭遇
daikon,萝卜
countersign,会签
heartening,令人鼓舞
fantasist,幻想家
blurting,脱口而出
archival,档案
waltham,沃尔瑟姆
abjure,放弃
cornelis,科内利斯
fico,菲科
chompers,牙齿
ischemia,缺血
accesses,访问
enthroned,登基
kos,科斯
hayabusa,隼
backdoor,后门
toucan,巨嘴鸟
baader,巴德尔
chaw,咀嚼
mangalore,芒格洛尔
triggerman,保镖
gsi,通用系统信息系统
filmmaker,电影制作人
condenses,冷凝
tapering,逐渐变细
lubricants,润滑剂
antechamber,前厅
stepsister,继妹
olmstead,奥姆斯特德
anis,茴香
svelte,苗条
gebhardt,格布哈特
strafing,扫射
domestication,驯化
zero-g,零重力
exponent,指数
encroach,侵犯
hotshot,热门人物
willet,威利特
englewood,恩格尔伍德
kalina,卡利纳
gravitationally,重力
libelous,诽谤
hackneyed,老套的
sokol,索科尔
inventoried,已盘点
objectifying,物化
akimbo,叉腰
eighty-one,八十一
davids,大卫
motorcars,汽车
efficacious,有效的
puk,puk
protestations,抗议
supervises,监督
ceded,割让
baden-baden,巴登-巴登
champers,香槟
ghazi,加齐
encompassed,包括
optimists,乐观主义者
adventuring,冒险
yappy,喋喋不休
bora-bora,波拉波拉岛
smugness,自鸣
soirees,晚会
narbonne,纳博讷
moliere,莫里哀
headcase,疯子
impugn,抨击
eal,eal
proviso,但书
brough,带来的
dissemble,掩饰
trilobites,三叶虫
stepsisters,继姐妹
mirabella,米拉贝拉
sapped,精疲力竭
unwinnable,无法取胜
veiny,静脉
misdeed,不当行为
boxcars,货车
claxton,克拉克斯顿
hospitalize,住院
fresh-faced,面容清秀
looter,劫掠者
flore,弗洛尔
martinet,严酷
dryly,干巴巴地
atia,阿提亚
credential,凭据
scooting,滑板车
ladyboy,人妖
calcified,钙化
brae,布雷
frito,炸薯条
inequalities,不平等
metabolize,代谢
gigging,演出
pterosaur,翼龙
gauleiter,大区长官
antivirals,抗病毒药物
kiu,kiu
rossa,罗萨
abridged,简略
kob,科布
deferment,延期
nobile,高贵的
overstuffed,塞得太满
pacifism,和平主义
powhatan,波瓦坦
moskowitz,莫斯科维茨
wasa,是
welled,井
cuffing,袖口
rapid-fire,快速射击
lefroy,勒弗罗伊
jarrow,贾罗
embedding,嵌入
reyna,雷纳
yangs,杨
guadeloupe,瓜德罗普岛
covergirl,封面女郎
souffles,舒芙蕾
edgewood,埃奇伍德
gazi,加齐
cfa,特许金融分析师 (CFA)
texaco,德士古
vaso,血管
lightweights,轻量级
mayst,五月
sangha,僧伽
grahame,格雷厄姆
hj,hj
emm,艾姆
bottlenose,瓶鼻鼻
cayetano,卡耶塔诺
takamatsu,高松
stimson,史汀生
shipbuilders,造船厂
deflects,偏转
dewdrops,露珠
tedesco,德斯科
pinprick,针刺
avigdor,阿维格多
haugen,豪根
zaragoza,萨拉戈萨
indolence,懒惰
snowboarder,单板滑雪者
ayurvedic,阿育吠陀
curdle,凝固
well-hidden,隐藏得很好
gascony,加斯科涅
shap,形状
timeouts,超时
frostbitten,冻伤
supersede,取代
regressive,倒退的
beaverton,比弗顿
simp,舔狗
esmond,埃斯蒙德
velazquez,委拉斯开兹
wide-angle,广角
pripyat,普里皮亚季
nonsense,废话
haya,哈亚
toll-free,免费电话
cma,厘米
krabs,蟹老板
adenosine,腺苷
marxists,马克思主义者
meany,平均
pillion,后座
vieja,老妇
colman,科尔曼
pariahs,贱民
macca,玛卡
ben-gurion,本·古里安
uprights,立柱
unsuspected,意想不到的
apgar,阿普加
ilia,髂骨
greenwald,格林沃尔德
peculiarity,特点
diomede,迪奥米德
up-close,近距离
abt,大约
melding,融合
lefferts,莱弗茨
articulating,清晰表达
hendrie,亨德里
xhosa,科萨语
overripe,过熟
igniter,点火器
dortmund,多特蒙德
pipsqueak,小不点
rubi,红宝石
slow-witted,反应迟钝
gracchus,格拉古斯
moynihan,莫伊尼汉
laddies,小伙子们
centering,定心
fizzles,嘶嘶作响
well-heeled,富裕的
daa,daa
hakodate,函馆
eilat,埃拉特
clitoral,阴蒂
colas,可乐
windrush,温德拉什
renwick,伦威克
allotments,分配地
constrict,收缩
prickles,刺
wastrels,流浪者
vol-au-vents,酥皮盒
parabola,抛物线
peet,皮特
talley,塔利
fiedler,菲尔德勒
veers,转向
biases,偏见
salamis,萨拉米香肠
elliptic,椭圆
uff,呼
dipsy,迪西
mallards,绿头鸭
devalued,贬值
verbena,马鞭草
minsky,明斯基
gn,格恩
nunc,nunc
preen,梳妆打扮
deposing,作证
throngs,人群
schwann,施万
legalities,法律
podcasts,播客
toolshed,工具棚
menard,梅纳德
mountaintops,山顶
isham,伊沙姆
suvorov,苏沃洛夫
alongwith,以及
fiercer,更凶猛
obstructive,阻塞
horgan,霍根
tetherball,系绳球
sugawara,菅原
dermott,德莫特
porcupines,豪猪
jaspers,碧玉
pekingese,北京人
healthful,健康的
magadan,马加丹
regenerator,再生器
breaststroke,蛙泳
dur,杜尔
sbs,sbs
sidearms,手枪
waists,腰部
voom,哇哦
meltdowns,崩溃
freefall,自由落体
assis,助理
adjudicator,裁决者
kaira,凯拉
alamogordo,阿拉莫戈多
ambi,ambi
scr,scr
barda,巴尔达
rvs,房车
prioritizing,优先排序
antacids,抗酸剂
despotic,专制
lisle,莱尔
stroppy,暴躁
pommy,英国佬
disinterest,漠不关心
amba,安巴
salwa,萨尔瓦
dimpled,凹陷的
hydrocodone,氢可酮
alegre,阿莱格雷
seafront,海滨
bohemians,波西米亚人
ileana,伊莱亚娜
addington,加丁顿
mallon,马隆
mismanaged,管理不善
hearne,赫恩
infliction,施加
manipulators,机械臂
woos,呜呜
closed-minded,思想封闭
dispensable,可有可无的
petard,花火
sawai,萨瓦伊
leotards,紧身衣
threepence,三便士
funder,资助者
metalwork,金工
sorghum,高粱
off-track,偏离轨道
impassive,冷漠
bawd,鸨母
on-again,再次
unflappable,沉着冷静
unsupported,不支持
foots,脚
herodotus,希罗多德
portillo,波蒂略
busybodies,爱管闲事的人
trajan,图拉真
incidences,事件
nasties,讨厌的
co-producers,联合制片人
aquavit,阿夸维特酒
stavanger,斯塔万格
animations,动画
obscures,模糊不清
electromagnetic,电磁
haring,哈林
hatreds,仇恨
bravos,太棒了！
identifications,身份识别
overnights,过夜
granules,颗粒
stylistic,风格
cassia,决明子
trademarked,商标
irregardless,无论如何
ramzan,斋月
wavers,摇摆不定
socialization,社会化
snoops,窥探者
reassert,重申
deliveryman,送货员
arshad,阿尔沙德
amnon,阿姆农
portofino,波托菲诺
nikon,尼康
displeasing,令人不快的
seedless,无籽
apocryphal,伪经
robi,罗比
open-toed,露趾鞋
haunches,臀部
black-haired,黑发
miklos,米克洛斯
togas,托加长袍
mackinnon,麦金农
horseless,无马
readjusting,重新调整
burchard,伯查德
unearthing,发现
sacristan,司事
buttercups,毛茛
stakeout,蹲守
racketeers,敲诈勒索者
sj,sj
gryphon,狮鹫
nnn,nnn
hovels,茅屋
markedly,明显地
ghosted,幽灵
bifida,裂
graveside,墓地
merl,梅尔
covens,女巫集会
antipsychotic,抗精神病药物
rushdie,拉什迪
thespians,戏剧演员
indo,印尼
subsiding,消退
maltby,马尔特比
downrange,远距离
soreness,疼痛
hotfoot,热脚
belgravia,贝尔格莱维亚
hezekiah,希西家
cantata,康塔塔
ratner,拉特纳
elvish,精灵语
relented,让步
scallywag,饭桶
minuteman,民兵
hazelton,黑兹尔顿
landsman,土地管理者
oceanography,海洋学
late-breaking,最新消息
cassel,卡塞尔
test-tube,试管
hedberg,赫德伯格
ech,科技
pumas,美洲狮
phenix,凤凰
antigens,抗原
standard-issue,标准版
nannie,保姆
synthesizing,合成
akela,阿克拉
reopens,重新开放
philippi,菲利比
dotting,点缀
hardwork,努力工作
mazuma,真妻
experimenter,实验者
multinational,跨国
dunderhead,笨蛋
broca,布罗卡
curbside,路边
traill,尾迹
swooshing,嗖嗖声
lamentation,哀叹
issac,艾萨克
agrestic,好斗的
masterfully,精湛地
benetton,贝纳通
classiest,最优雅
domi,多米
pnc,pnc
cirrus,卷云
burgomaster,市长
hilts,剑柄
reintroduced,重新引入
touchscreen,触摸屏
efraim,埃弗拉伊姆
terse,简洁
tenses,时态
menton,门顿
decal,贴纸
occlusion,闭塞
bankrupting,破产
prang,砰
hodes,霍德斯
insulator,绝缘子
rehabilitating,康复
maddens,麦登
lead-lined,铅衬里
restlessly,躁动不安
crompton,克朗普顿
nationalistic,民族主义
curbs,路缘
wholeheartedly,竭诚
pinkish,粉红色
yoder,约德尔
horrify,惊吓
contending,争吵
marbury,马布里
soko,索科
uninvolved,不参与的
plug-in,插件
concoctions,混合物
ulnar,尺骨
spring-loaded,弹簧式
bureaus,局
bottom-line,底线
swiftness,速度
swathes,大片
rade,交易
newfangled,新奇的
boondoggle,劳民伤财
ghibli,吉卜力
odours,气味
elevations,海拔
mucker,泥巴
reenacting,重演
gouges,凿子
gravediggers,掘墓人
uncivilised,野蛮
malignancy,恶性肿瘤
antagonise,对抗
merckx,默克斯
motte,土墩
superconductor,超导体
tubers,块茎
sperling,斯珀林
shortens,缩短
byways,小路
languished,萎靡不振
instilling,灌输
impactful,有影响力的
wops,意大利佬
undertones,弦外之音
convex,凸面
padishah,帕迪沙
diadem,冠冕
colchis,科尔基斯
diplomatically,外交上
catalytic,催化
unpalatable,令人难以接受
rone,罗恩
overfed,喂食过量
male-dominated,男性主导
tilt-a-whirl,旋转飞椅
unmanly,不男子气概
hyperbolic,双曲线
aurel,奥雷尔
impedes,阻碍
hecuba,赫库柏
prospers,繁荣
centcom,中央司令部
jeux,游戏
comprising,包括
topi,托皮
subarachnoid,蛛网膜下腔
prerecorded,预先录制
kopeck,戈比
sulphide,硫化物
board-certified,获得委员会认证
careening,倾斜
pussyfoot,猫咪脚
nira,尼拉
ulloa,乌略亚
accretion,吸积
endorses,赞同
throaty,喉音
capstone,顶点项目
far-right,极右翼
klas,克拉斯
amidships,船中部
whored,妓女
meniscus,半月板
enriches,丰富
tvr,电视
stiffened,僵硬
yobbo,乡巴佬
commentaries,评论
c6,c6
baptista,巴普蒂斯塔
wraiths,幽灵
wicky,维基
peeve,忿怒
processional,游行队伍
michelson,米歇尔森
somebodies,某些人
gela,凝胶
insurer,保险公司
strategists,战略家
reservists,预备役人员
ewes,母羊
seidel,赛德尔
mazarin,马扎林
gta,侠盗猎车手
pba,pba
discourses,论述
brasher,更鲁莽
cena,塞纳
dutchmen,荷兰人
audiovisual,视听
robed,身着长袍
sequin,亮片
backtracking,回溯
gloved,戴手套
revisionist,修正主义者
westwards,向西
tetchy,易怒的
brassieres,胸罩
grads,毕业生
castings,铸件
stacker,堆叠器
osi,osi
hessian,黑森
smarties,聪明豆
skippers,船长
delany,德拉尼
goshen,歌珊
largesse,慷慨
nec,nec
benedetti,贝内德蒂
mediated,介导
unfavourable,不利
hc,氢氯噻嗪
jul,七月
nuncle,叔叔
lloyds,劳埃德银行
specialities,专业
ncc,国家协调委员会
ergonomic,人类工程学的
excrete,排泄
sakata,坂田
grotty,肮脏的
prowls,潜行
cormier,科米尔
aeons,亿万年
sab,sab
semitic,闪米特语
paramus,帕拉姆斯
cavalli,卡瓦利
yolande,约兰德
rossiter,罗西特
smugly,沾沾自喜
cuenca,昆卡
star-studded,星光熠熠
dithering,抖动
quizmaster,出题人
sneers,冷笑
bondo,腻子
shitted,拉屎
herbicide,除草剂
longley,朗利
headspace,头部空间
bullseye,靶心
mollusks,软体动物
malcontent,不满者
ammar,阿马尔
sprockets,链轮
daltrey,达尔特里
troublemaker,麻烦制造者
gillen,吉伦
queensberry,昆斯伯里
trib,部落
cota,科塔
behan,比汉
one-fifth,五分之一
bricker,砖匠
bursa,囊
sifter,筛子
pompom,绒球
nantz,南茨
h2,h2
harbison,哈比森
on-camera,镜头前
gripes,抱怨
listerine,李施德林
dreamless,无梦
alkaloid,生物碱
antivenom,抗蛇毒血清
stampeded,踩踏
naloxone,纳洛酮
oversold,超卖
cauterized,烧灼
reviewers,评论员
awl,锥子
nine-to-five,朝九晚五
orthopedics,骨科
misquoted,引用错误
deservedly,理所当然
righteously,义正直地
non-union,非工会成员
coming-of-age,成长
octaves,八度音阶
reedy,芦苇
unheard-of,闻所未闻
compensatory,补偿
redraw,重绘
menos,更窄
vcd,虚拟光盘
odom,奥多姆
mikal,米卡尔
carcinogens,致癌物
rima,韵律
strewth,散落
torchlight,手电筒
uhl,呃
adm,行政
ossining,骨刺
internationals,国际
chinon,奇农
undoubted,毫无疑问
two-door,双门
ferried,渡船
bergmann,伯格曼
incompatibility,不兼容性
ball-buster,重击者
glistens,闪闪发光
irks,恼人
stuffer,填充物
tableware,餐具
clinker,熟料
coombes,库姆斯
stroheim,斯特罗海姆
aet,aet
facilitates,促进
motorman,司机
splayed,摊开
pardoning,赦免
cactuses,仙人掌
energise,通电
wisher,许愿者
tenterhooks,帐篷钩
wapping,瓦平
trad,传统
kawa,川
twirls,旋转
abortionist,堕胎医生
interfaces,接口
abbots,修道院院长
portent,预兆
milne,米尔恩
run-off,径流
dissipation,耗散
brossard,布罗萨德
damen,达门
swishes,唰
krogh,克罗格
dunces,笨蛋
bhavan,巴万
funda,基金
mahjong,麻将
weinberger,温伯格
furlongs,弗隆
astringent,涩
millbrook,米尔布鲁克
rogaine,米诺地尔
nolte,诺尔特
planking,木板
monochrome,单色
indus,印度河
latecomers,迟到者
lewes,刘易斯
picture-perfect,完美无瑕
jost,约斯特
shiki,式
reverberates,回响
roguish,调皮
scallion,葱
vitreous,玻璃
botha,博塔
clomping,跺脚
didactic,教学
teammates,队友
derivation,推导
libertad,自由
whitlow,瘭
untried,未经尝试
masque,面具
posttraumatic,创伤后
loyd,劳埃德
dalmatians,达尔马提亚犬
charlies,查理
affording,负担得起
fowle,家禽
dressing-room,更衣室
interlopers,闯入者
top-heavy,头重脚轻
anarchism,无政府主义
wynne,温妮
slacken,放松
pubis,耻骨
holo,全息图
aerials,空中
ponders,沉思
clos,关闭
pur,纯粹
groton,格罗顿
walkways,人行道
sere,塞雷
wishart,愿望
self-restraint,自制力
proportioned,比例匀称
diggings,挖掘
maggiore,马焦雷
lockett,洛克特
divina,迪维娜
mitosis,有丝分裂
unplugging,拔掉插头
hund,百
buttress,支持
extremis,极端
gyre,旋涡
mesenteric,肠系膜
bratt,布拉特
hartnell,哈特内尔
golightly,戈莱特利
gorin,戈林
microbiologist,微生物学家
hirst,赫斯特
dray,货车
composites,复合材料
wilkin,威尔金
boors,粗鲁
denman,丹曼
kish,基什
unheeded,无人理会
competitively,竞争
embroidering,刺绣
circadian,昼夜节律
auteur,作者
carlile,卡莱尔
dunleavy,邓利维
shifters,换挡器
irreproachable,无可指摘的
spanks,打屁股
equus,马
topnotch,顶尖
walser,瓦尔瑟
fraudulently,欺诈性地
huddling,抱团取暖
trannies,变性人
hexed,诅咒
silverfish,蠹虫
reshoot,重拍
outfitters,户外用品店
sweeting,甜味
gillan,吉兰
authorship,作者身份
titters,滴度
akkadian,阿卡德语
muumuu,姆姆
ohs,哦
iambic,抑扬格
sheetrock,石膏板
call-in,电话接入
calumny,诽谤
deviating,偏离
overreach,过度扩张
wordless,无言
berke,伯克
unnerve,令人不安
amiel,阿米尔
unbounded,无界
nrl,nrl
defecation,排便
vater,父亲
dissemination,传播
michaud,米肖
impelled,被迫
pallid,苍白
ocelot,美洲豹
cyclic,循环
repetitions,重复
severest,最严重
hadj,哈吉
touted,吹捧
smartie,聪明人
terabytes,太字节
couturier,时装设计师
haply,或许
pawed,爪子
certifiably,经认证的
awacs,awacs
infrequent,不频繁
lod,洛德
footed,有脚的
driveways,车道
stam,印章
cherubim,基路伯
idiopathic,特发性
plotter,绘图仪
raab,拉布
physiognomy,面相学
wif,妻子
rah-rah,啦啦
upmarket,高档
antiserum,抗血清
blackout,停电
iseult,伊索尔德
railed,有轨电车
segway,赛格威
crowther,克劳瑟
unfazed,泰然自若
palomar,帕洛玛
oases,绿洲
goofs,失误
toolkit,工具包
bleeding-heart,流血的心
recalcitrant,顽固的
gullies,沟壑
bertolucci,贝托鲁奇
entrants,参赛者
scraggy,瘦弱的
glencoe,格伦科
arnaldo,阿纳尔多
deven,德文
taoists,道教徒
thickened,增稠
incurring,产生
scrying,占卜
twinkly,闪闪发光
thumbed,拇指
bloomsbury,布卢姆斯伯里
hegarty,赫加蒂
instituting,建立
marchi,马尔基
gits,git
miramax,米拉麦克斯
off-again,再次停止
poutine,肉汁奶酪薯条
exemptions,豁免
integer,整数
grinned,咧嘴一笑
imperceptibly,不易察觉地
rethink,重新思考
increment,增量
antifascist,反法西斯主义者
parana,巴拉那
judean,犹太人
druggy,吸毒者
idiosyncratic,特立独行的
pommel,柄头
sex-starved,性饥渴
aflutter,颤动
neck-deep,齐颈深
arjan,阿尔扬
melanin,黑色素
agonised,痛苦的
wendel,温德尔
actuary,精算师
valverde,巴尔韦德
dobermans,杜宾犬
noonday,午
glioblastoma,胶质母细胞瘤
audibly,可听见的
inestimable,不可估量
drainer,排水器
stir-fried,炒
backbreaking,令人筋疲力尽
seamanship,航海术
merkin,假阴毛
woodville,伍德维尔
mangan,锰
disassociate,分离
deathless,永生
mek,梅克
blacked-out,一片漆黑
moresby,莫尔斯比
paralyse,麻痹
rav,拉夫
baas,巴斯
keke,keke
lineups,阵容
topiary,修剪树篱
moctezuma,莫克特祖玛
nonverbal,非语言
tut-tut,啧啧
signposts,路标
dagan,达甘
parkhurst,帕克赫斯特
trounced,惨败
self-love,自爱
capitulated,投降了
connick,康尼克
obliterating,彻底摧毁
gleeson,格里森
mustering,集结
altercations,争吵
sawbuck,锯木厂
vikki,维基
oppresses,压迫者
infringed,侵权
delis,熟食店
aza,aza
transsexuals,变性人
clamber,攀
topographical,地形
indisposition,病痛
cowen,考恩
coercing,胁迫
samsara,轮回
teetotal,滴酒不沾
ferrero,费列罗
land-based,陆基
be-all,一切
horrocks,霍洛克斯
slovaks,斯洛伐克人
reinvention,重塑
demonize,妖魔化
mersey,默西河
theorems,定理
touting,吹嘘
mexicali,墨西卡利
gilder,镀金者
carolinas,卡罗莱纳州
easley,伊兹利
furor,轰动
revile,唾骂
infantrymen,步兵
lend-lease,租借
whammo,砰！
urbane,彬彬有礼
perpetua,永续
flagstone,石板
dary,达里
charl,查尔
fishwife,鱼贩
mendicant,乞丐
pushback,反击
showings,放映
merkle,默克尔
glided,滑翔
excelling,卓越
checkerboard,棋盘
ansgar,安斯加尔
oberleutnant,上尉
unstrap,解开带子
satay,沙爹
mineshaft,矿井
parasols,阳伞
pwn,击败
rightist,右倾
occasioned,引发
solenoid,螺线管
jamarcus,贾马库斯
hesh,赫什
wrestles,摔跤
honorific,敬语
roget,罗杰
filleted,鱼片
boggling,令人费解
sst,sst
inattentive,注意力不集中
five-and-dime,五分一角商店
apotheosis,神化
synchronizer,同步器
right-hander,右撇子
cruellest,最残酷的
briers,荆棘
rascally,赖皮
fantasyland,幻想世界
fergusson,弗格森
dogsled,狗拉雪橇
plat,平台
bronwyn,布朗温
corpuscles,血小板
precursors,前体
a-level,A-level
bullshits,胡说八道
stabilising,稳定
vacay,假期
hydrating,补水
slather,涂抹
anesthetist,麻醉师
repossession,收回
raper,强奸犯
cathars,卡特里派
lagers,拉格啤酒
betz,贝茨
insufficiency,不足
cialis,希爱力
fudging,弄虚作假
cmc,厘米
leger,莱杰
man-eaters,食人者
maracaibo,马拉开波
niven,尼文
bato,巴托
unr,未
irani,伊朗人
leveraging,利用
antiquarian,古玩
cosh,棍棒
ntr,ntr
mealy,粉状
chama,查马
topmost,最顶层
bron,布朗
nuisances,滋扰
kumite,组手
stabilisers,稳定器
kili,基利
flea-bitten,跳蚤叮咬
cathryn,凯瑟琳
caisson,藻井
moldovan,摩尔多瓦
work-study,勤工俭学
cochon,猪
dodi,多迪
nowa,现在
fenster,芬斯特
cous,表兄弟
underachiever,成绩不佳者
hornier,更色情
pollinators,传粉者
freakiest,最怪异的
orman,奥尔曼
expatriate,外籍人士
tomcats,雄猫
yoruba,约鲁巴语
passivity,被动性
cd-rom,光盘
batwoman,蝙蝠女侠
chroma,色度
oompah,乌姆帕
installer,安装程序
back-alley,后巷
eighty-three,八十三
opportunism,机会主义
tle,特尔
viterbo,维泰博
minarets,宣礼塔
detente,缓和
shortie,矮个子
vidi,维迪
adkins,阿德金斯
pureed,泥状
tripods,三脚架
bakr,巴克尔
encapsulated,封装
nov,十一月
modernise,现代化
whitewater,白水
ransomed,赎金
wife-beater,家暴者
heckled,被嘲讽
kavanagh,卡瓦纳
meuse,默兹河
fasciitis,筋膜炎
proofing,校对
beading,串珠
summarise,总结
niggling,烦人的
brooker,布鲁克
iodide,碘化物
barros,巴罗斯
ancona,安科纳
grandes,格兰德斯
seasonings,调味料
sedna,塞德娜
munition,弹药
defeatism,失败主义
slanting,斜
cleat,鞋钉
t-man,T-Man
xenophobic,排外
individualistic,个人主义
coalesce,合并
no-holds-barred,毫无保留
hydrocarbon,烃
pogrom,大屠杀
drachma,德拉克马
tittle-tattle,标题闲聊
fumigating,熏蒸
nibelung,尼伯龙根
magnetically,磁性
stockpiles,库存
refreshes,刷新
fabrications,制造
shamanic,萨满教
harmoniously,和谐地
lauritz,劳里茨
api,API
nizam,尼扎姆
selva,塞尔瓦
exemplified,举例说明
slivovitz,李子白兰地
poisson,泊松
mance,曼斯
reminiscence,怀旧
fastening,紧固
dawa,达瓦
strung-out,吸毒成瘾
oculus,眼睛
kmt,千米
hassler,哈斯勒
churchy,教会
shuns,回避
bure,布雷
wieland,维兰德
sallow,黄褐色
entebbe,恩德培
diluting,稀释
pfister,普菲斯特
magnanimity,海量
hard-luck,倒霉透了
accoutrements,配件
karli,卡莉
meese,猫
highbury,海布里
nisi,尼西
campy,坎皮
collating,整理
affray,斗殴
two-star,二星级
pollutes,污染
pleurisy,胸膜炎
unwinding,放松
pregame,赛前
whiten,漂白
damion,达米恩
sarcoidosis,结节病
swaddle,襁褓
ulm,乌尔姆
aquariums,水族箱
nuking,核打击
fendi,芬迪
leeward,背风面
arco,弧
catnap,打盹
divorcees,离婚人士
cartography,制图学
privateers,私掠船
credulous,轻信的
f-16s,F-16
reelect,连任
wastage,浪费
inspects,检查
milksop,软弱
expat,外籍人士
top-class,顶级
nester,巢
abet,助长
herzegovina,黑塞哥维那
obsolescence,过时
besieging,围攻
avedon,阿维登
einhorn,独角兽
buk,书
sharpay,夏佩
colditz,科尔迪茨
vj,vj
tickety-boo,一切顺利
bhardwaj,巴德瓦杰
witney,惠特尼
hibachi,火盆
forney,福尼
inconstant,不稳定
veneers,贴面
faustina,福斯蒂娜
ogled,盯着看
fillers,填充物
akiva,阿基瓦
hippest,最潮的
accolade,赞誉
bedsit,单间公寓
trike,三轮车
genova,热那亚
strummer,弹奏者
fictions,虚构
ornithology,鸟类学
dogwood,萸
fanboy,粉丝
indefinable,无法定义的
amicus,朋友
gusev,古谢夫
lawbreakers,违法者
thermidor,热月
agus,阿古斯
convalesce,疗养
sublimate,升华
inhibits,抑制
healthily,健康地
finks,芬克斯
shogi,将棋
lauded,备受赞誉
aneurysms,动脉瘤
silvester,银
zeppelins,齐柏林飞艇
sidwell,西德威尔
sculpts,雕塑
forfeiting,放弃
pummeling,猛击
midwifery,助产
sort-of,算是吧
rogerson,罗杰森
unapproved,未经批准
magyars,马扎尔人
strasberg,斯特拉斯伯格
varia,各种
tambor,坦博尔
fre,自由
drawing-room,客厅
palmieri,帕尔米耶里
untitled,无题
letch,门闩
morlock,莫洛克人
radicalism,激进主义
isidore,伊西多尔
roadways,道路
existentialism,存在主义
eed,种子
fertilizing,施肥
carpetbagger,投机者
blatt,布拉特
caryl,卡里尔
bangla,孟加拉语
parliaments,议会
ruts,车辙
sexed,性别
villanova,维拉诺瓦
diverge,分歧
behrens,贝伦斯
top-quality,顶级品质
abruption,突变
ulan,乌兰
jibes,嘲讽
papered,纸质的
clomp,跺脚
quids,英镑
grimly,阴沉地
libor,伦敦银行间同业拆借利率 (Libor)
ransoms,赎金
half-breeds,混血儿
gormless,愚蠢的
hynek,海尼克
brodeur,布罗德尔
marmoset,狨猴
disproportionately,不成比例地
klick,点击
configure,配置
leadville,利德维尔
angier,更愤怒
abeyance,中止
immigrate,移民
power-up,能量提升
fertilise,施肥
fing,手指
squarepants,方裤
streetwise,街头智慧
ecuadorian,厄瓜多尔
waverley,韦弗利
a5,a5
chiropractic,脊椎按摩疗法
rhinoplasty,鼻整形术
sandbar,沙洲
augsburg,奥格斯堡
satiate,满足
bow-tie,领结
larp,角色扮演游戏
shuttlecock,羽毛球
washable,可洗的
lazuli,青金石
piastres,皮亚斯特
pointlessly,毫无意义地
gingivitis,牙龈炎
dressmaking,服装制作
klonopin,氯硝西泮
upswing,上升期
antivenom,抗蛇毒血清
sterilizing,灭菌
dower,嫁妆
quidditch,魁地奇
tei,泰
scu,scu
remarriage,再婚
registries,登记册
gnash,咬牙切齿
drenching,浸透
self-propelled,自推进式
luxe,奢华
mezcal,梅斯卡尔酒
casi,卡西
pedagogy,教育学
leis,花环
chambermaids,女佣
aplastic,再生障碍性
harboured,窝藏
apolitical,非政治性的
harried,疲惫不堪
relapses,复发
whop,哇
eckersley,埃克斯利
dirham,迪拉姆
daiei,大荣
edgefield,边缘场
verdier,绿化
blucher,布吕歇尔
defaming,诽谤
programmable,可编程
lupton,卢普顿
schwab,施瓦布
rwandan,卢旺达
colonials,殖民者
slavin,斯拉文
superbowl,超级碗
unladylike,不淑女
janae,贾纳
co-driver,副驾驶
conservatism,保守主义
banton,班顿
outbuildings,附属建筑
purl,金银丝
punctually,准时
bottoming,底部
half-caf,半咖啡因
cadogan,卡多根
2-d,2-d
fiftieth,第五十
mand,需求
webley,韦布利
vouchsafe,vouchsafe
man-sized,成人尺寸
megawatts,兆瓦
affix,词缀
burchell,伯切尔
recycles,回收
streamlining,精简
kastner,卡斯特纳
unscramble,解密
filo,菲洛
souk,集市
thalamus,丘脑
non-payment,未付款
oceania,大洋洲
bobtail,短尾
rood,rood
goliad,歌利亚
browned,棕色
entwine,缠绕
mows,割草
fannin,范宁
karnes,卡恩斯
abstractions,抽象
domesticate,家养
countering,反击
monopolizing,垄断
mends,修补
psychedelics,迷幻剂
mid-ocean,大洋中部
uda,乌达
vocalising,发声
rayo,雷奥
testaments,遗嘱
eurostar,欧洲之星
hoagies,三明治
benefitted,受益
eyeless,无眼
unluckily,不幸的是
extant,现存
endoscope,内窥镜
donning,穿戴
kilowatts,千瓦
well-suited,非常合适
fortifying,强化
hartfield,哈特菲尔德
dims,暗淡
clumping,聚集
farmlands,农田
nonlethal,非致命性
spig,尖刺
naturalists,自然学家
larger-than-life,超凡脱俗
incubators,孵化器
trion,三重态
buckinghamshire,白金汉郡
curmudgeon,脾气古怪的人
refurbish,翻新
miasma,瘴气
jims,吉姆斯
yemeni,也门
sadden,悲伤
outplayed,被击败
kowtowing,叩头
renderings,效果图
eighty-four,八十四
twickenham,特威克纳姆
shutout,零封
wll,好
fulltime,全日制
godmothers,教母
lifelines,生命线
portents,预兆
shouldered,肩部
kesselring,凯塞尔林
oke,好的
abruzzo,阿布鲁佐
ennio,恩尼奥
stolz,斯托尔茨
corruptible,易腐烂的
taliesin,塔列辛
saskatoon,萨斯卡通
leghorn,来航鸡
disquiet,忧虑
logistically,物流方面
zirconia,氧化锆
olivares,橄榄
minden,明登
habituated,习惯性的
thermo,热
manville,曼维尔
blockades,封锁
applewhite,苹果白
cumulus,积云
succor,救助
habanero,哈瓦那辣椒
psilocybin,裸盖菇素
malinowski,马林诺夫斯基
vice-chancellor,副校长
full-term,全额
amaral,阿马拉尔
expropriation,征用
undertone,底色
sniffy,嗅嗅
lacing,系带
diaspora,侨民
shallowly,浅
signings,签约
carnitas,猪肉
gordian,戈尔迪安
calvo,卡尔沃
transposed,转置
lerma,勒尔马
baits,饵料
thematic,主题
differentiation,差异化
relearn,重新学习
techies,技术人员
darshan,达显
apprise,通知
thieve,小偷
jerrold,杰罗尔德
nonentity,非实体
confirmations,确认
raptures,狂喜
ridgeline,山脊线
mayoress,女市长
reattached,重新连接
reay,雷伊
sacker,萨克
lautner,劳特纳
mcardle,麦卡德尔
bullheaded,固执
basheer,巴希尔
liesl,利斯尔
staggeringly,令人震惊地
noland,诺兰
subtracted,减去
peale,皮尔
metrics,指标
hellraiser,养鬼吃人
socials,社交媒体
scurried,匆匆跑过
kiva,基瓦
wurst,香肠
polynesians,波利尼西亚人
must-see,必看
mennonite,门诺派
high-resolution,高分辨率
sheathe,鞘
linemen,线卫
drive-bys,驾车枪击
slosh,晃动
diesels,柴油机
exasperation,恼怒
britishers,英国人
fourty,四十
bergeron,伯杰龙
tsi,tsi
umbrage,愤慨
skydive,跳伞
crosley,克罗斯利
baling,打包
poetical,诗意的
arend,阿伦德
gudgeon,鰕虎鱼
phobos,福波斯
triptych,三联画
embalm,防腐剂
cockeyed,斜视
doublet,双联体
howrah,豪拉
bernadotte,伯纳多特
culkin,卡尔金
revamped,改版
guillotines,断头台
alignments,对齐
molluscs,软体动物
seigneur,领主
mitty,米蒂
metalhead,金属党
persevering,坚持不懈
icefall,冰瀑
resettled,重新安置
choux,泡芙
afrika,非洲
kobi,科比
varnished,涂漆
blindingly,耀眼地
notables,名人
banisters,栏杆
luminosity,亮度
howlett,豪利特
dershowitz,德肖维茨
hoaxes,骗局
kellaway,凯拉威
mussed,凌乱
cts,cts
you-all,你们
obits,讣告
moocher,蹭吃蹭喝的人
locum,临时工
kampala,坎帕拉
pugilist,拳师
bayview,湾景
keto,酮
roadworks,道路施工
vreeland,弗里兰
deep-dish,深盘
pata,帕塔
antibes,昂蒂布
imitators,模仿者
providential,天意
caxton,卡克斯顿
valladolid,巴利亚多利德
frontera,弗龙特拉
furtively,偷偷摸摸
longingly,渴望地
galilean,加利利
saleslady,售货员
undertakings,事业
oxbridge,牛津剑桥
agape,博爱
battleax,战斧
try-out,试用
leavings,剩菜
speeder,飞车
equating,等同
isuzu,五十铃
harmlessly,无害地
thu,星期四
asturias,阿斯图里亚斯
intranet,内网
pugs,巴哥犬
scalloped,扇贝状的
synchronise,同步
bankruptcies,破产
flashdance,闪舞
gstrings,g字符串
moldings,模具
treves,特雷夫斯
flare-up,爆发
recoveries,恢复
ncos,士官
cms,厘米
reaffirmed,重申
ungenerous,吝啬
affirms,肯定
rhinelander,莱茵兰德
toffees,太妃糖
closeup,特写
reiss,赖斯
uninjured,未受伤
subtler,更微妙
bedsores,褥疮
thoth,托特
scissorhands,剪刀手
unkindness,不友善
boohoo,号泣
padrone,帕德龙
kempe,肯佩
riptide,离岸流
pahrump,帕朗普
whiners,抱怨者
beachy,海滩
newsboy,报童
finkle,芬克尔
schadenfreude,幸灾乐祸
tilton,蒂尔顿
kindler,健达
pfennig,芬尼
keels,龙骨
michaelmas,米迦勒
zebulon,西布伦
linares,利纳雷斯
realists,现实主义者
scalise,缩放
mendelson,门德尔松
ext,外部
homeopathy,顺势疗法
bradycardic,心动过缓
ripens,成熟
hake,鳕鱼
inquires,询问
adamantly,坚决地
bunkmate,室友
moebius,莫比乌斯
taya,塔亚
bowser,库巴
dormer,天窗
fidelio,费德里奥
unreservedly,毫无保留
triste,悲伤
jankowski,扬科夫斯基
principalities,公国
snots,鼻涕
tuber,块茎
hungered,饥饿
ferryboat,渡船
dickon,迪肯
throttled,节流
amyl,戊基
consorted,同伙
ackman,阿克曼
icelanders,冰岛人
timidity,胆怯
indigestible,难以消化的
berggren,伯格伦
short-haired,短毛
koyama,小山
iberia,伊比利亚
costed,成本
hydrants,消防栓
parra,帕拉
mammon,玛门
shortcut,捷径
bernardi,伯纳迪
skylab,天空实验室
peloton,车队
exacted,索取
meritocracy,精英统治
showcased,展示
lippmann,利普曼
achievers,成功者
sulks,生闷气
watterson,沃特森
sylva,森林
ciano,齐亚诺
nibbler,啃咬者
looking-glass,镜子
brolly,雨伞
estar,星
yakult,养乐多
sprains,扭伤
pitter,皮特
scythes,镰刀
immediacy,直接
toning,调理
taoism,道教
seatbelt,安全带
insubstantial,不实质性的
schuler,舒勒
overrode,覆盖
mellish,甜美的
hydrochloride,盐酸盐
disastrously,灾难性的
igneous,火成岩
overreached,过度扩张
jor,乔尔
sunrises,日出
venturi,文丘里管
deltas,三角洲
anticipatory,预期
morristown,莫里斯敦
tithes,什一奉献
gynecological,妇科
whirls,旋转
chiao,乔
tilbury,蒂尔伯里
rinky-dink,小玩意儿
lengthwise,纵向
midriff,膈
wetland,湿地
ogilvy,奥美
get-out,出去
disperses,分散
giddens,吉登斯
heralding,预示
stringed,弦
stabber,刺客
typecast,类型化
gyrating,旋转
handicraft,手工业
reconfirm,再次确认
backtracked,回溯
worshiper,崇拜者
moyers,莫耶斯
gigabytes,千兆字节
minimall,最低限度
convulsion,抽搐
motorised,机动
deangelo,德安杰洛
cogent,令人信服的
neurologically,神经学
catacomb,地下墓穴
bevis,贝维斯
underage,未成年人
licht,光
warding,守卫
reproaching,责备
radiotherapy,放射治疗
plasticine,橡皮泥
hutchison,和记黄埔
sey,赛
ambergris,龙涎香
six-gun,六枪
despots,独裁者
anorak,防风衣
champlin,钱普林
schaffer,沙弗
tars,焦油
connectors,连接器
co-director,联合导演
rectitude,正直
rasps,锉刀
headwaiter,领班
lundberg,伦德伯格
torp,鱼雷
nixed,否决
pirouettes,旋转
unrighteous,不义的
enfold,拥抱
oversteer,转向过度
primacy,首要性
immortalised,永垂不朽
looses,输了
misinterpretation,误解
imbecilic,弱智
ghs,ghs
unforgiven,不可饶恕
retros,复古
decontaminated,已去污
intrusions,入侵
whizzes,飞驰
poseur,摆姿势
nonsmoking,非吸烟
northside,北侧
earphone,耳机
kull,库尔
sdf,sdf
fair-skinned,皮肤白皙
magnifies,放大
co-produced,联合制作
radin,拉丁
barolo,巴罗洛
peacefulness,宁静
inaccuracies,不准确之处
cryonics,人体冷冻技术
neuville,诺伊维尔
prerecorded,预先录制
atalanta,亚特兰大
flashman,弗拉什曼
alexandr,亚历山大
thiel,蒂尔
michener,米切纳
boyes,男孩们
tindall,廷德尔
yond,彼岸
chatelet,夏特勒特
bolen,博伦
ongoing,持续进行中
rochdale,罗奇代尔
nevis,尼维斯
roughhouse,粗暴
lantz,兰茨
fii,菲
ervin,欧文
anachronism,时代错置
mclachlan,麦克拉克兰
regrouped,重组
f-18,F-18
closings,关闭
retouched,修图
gravitated,引力
dirigible,飞船
low-frequency,低频
coupler,耦合器
leppard,豹子
puppetry,木偶戏
dither,抖动
wiffle,威浮
bismuth,铋
jigs,夹具
oryx,羚羊
bylaw,章程
fubar,搞砸了
radiocarbon,放射性碳
gamba,冈巴
mandibular,下颌
vanzetti,范泽蒂
globetrotter,环球旅行家
milagro,奇迹
follow-ups,后续
babur,巴布尔
bou,bou
leds,LED灯
uncivil,不文明
ominously,不祥地
merryweather,梅利威瑟
minis,迷你
skagway,斯卡圭
maan,曼
strat,策略
westbury,韦斯特伯里
sinewy,筋骨
three-card,三张牌
minot,米诺特
divulging,泄露
hand-deliver,亲自递送
pressurize,加压
wranglers,牧马人
agm,年度股东大会
mudder,泥浆
imola,伊莫拉
manse,牧师住宅
mots,词语
deputation,代表团
plops,噗通
brushstrokes,笔触
kimbrough,金布罗
buganda,布干达
exo,外骨骼
temecula,特梅库拉
vilify,丑化
gulley,沟壑
haunch,臀部
skidmore,斯基德莫尔
browner,棕色
bloodstone,鸡血石
impregnating,受孕
ambulatory,可移动的
rask,拉斯克
signatory,签字人
thessaly,色萨利
aftab,后背
pock,麻子
nats,国民队
votive,奉献
contravention,违规
vindicator,辩护者
non-compete,竞业禁止
katelyn,凯特琳
empathise,同理心
ninnies,傻瓜
bertone,伯托内
thereon,其上
retelling,重述
synonyms,同义词
severs,服务器
lorentz,洛伦兹
amanita,毒蝇伞
pae,佩
mahmood,马哈茂德
maas,马斯
shipowner,船东
egyptologists,埃及学家
cleland,克莱兰
lasered,激光切割
megastar,巨星
wacker,瓦克
lessens,减少
granddad,爷爷
paynter,佩恩特
perfunctory,敷衍了事
skunked,臭鼬
conventionally,传统上
montalban,蒙塔尔班
mauna,莫纳
oliphant,巨象
meatless,无肉
cheapskates,吝啬鬼
unsportsmanlike,不道德行为
davi,戴维
whoremonger,娼妓
amah,阿玛
pederast,恋童癖
giorgi,乔治
explainable,可解释的
gmail,gmail
quinces,榅桲
woodpile,木柴堆
asya,阿西亚
restrepo,restrepo
discourages,令人沮丧
nomenclature,命名法
kani,卡尼
deploys,部署
stuarts,斯图亚特
chiselled,凿刻的
marlboros,万宝路
coen,科恩
epperson,埃普森
madonnas,圣母像
rush-hour,高峰时段
headwaters,源头
wrathful,愤怒的
omegas,欧米伽
wienie,香肠
lagerfeld,拉格菲尔德
undresses,脱衣服
nesta,内斯塔
outdoorsman,户外运动爱好者
yankton,扬克顿
deconstruction,解构
knotty,棘手
qm,qm
laidlaw,莱德洛
junks,垃圾
spearman,斯皮尔曼
prog,进展
outmaneuvered,被智取
harkins,哈金斯
cip,cip
nablus,纳布卢斯
trillo,特里洛
huard,胡亚德
hooley,胡利
yob,流氓
cricoid,环状软骨
great-granddaughter,曾孙女
chivers,奇弗斯
seagram,西格拉姆
tatooine,塔图因
sverre,斯韦勒
moulding,成型
mumma,妈妈
tatars,鞑靼人
blomberg,布隆伯格
spinny,旋转的
rootless,无根
illbred,没教养的
diuretics,利尿剂
sharecroppers,佃农
borrego,博雷戈
voyeurs,偷窥者
ptu,ptu
one-eighth,八分之一
chiller,冷却器
shai,沙伊
knickknack,小摆设
double-blind,双盲
couldst,可以
andorra,奥拉
franchising,特许经营
generalities,一般性
oestrogen,雌激素
snogged,接吻
jeg,杰格
mistery,神秘
wodehouse,伍德豪斯
proliferate,增生
discombobulated,混乱的
jacki,杰基
kadar,卡达尔
encephalopathy,脑病
coffer,保险箱
smeaton,斯米顿
self-mutilation,自残
highgate,海格特
grammatically,语法上
superimpose,叠加
steins,斯坦斯
interdiction,禁运
hillel,希勒尔
noodling,面条
malar,颧骨
lofton,洛夫顿
hilariously,滑稽地
binned,垃圾桶
anatomist,解剖学家
whedon,惠顿
outplay,胜出
shadrach,沙得拉
ragan,拉根
disdainful,轻蔑的
worming,驱虫
godparent,教父/教母
fierceness,凶猛
pachyderm,厚皮动物
fettle,状态
fajita,法吉塔
hempstead,汉普斯特德
stupefied,目瞪口呆
inanna,伊南娜
bayswater,贝斯沃特
immersing,沉浸式
luminescent,发光
contemplates,沉思
postoperative,术后
enriquez,恩里克兹
wamba,旺巴
campaigners,活动家
pumper,泵车
fashionista,时尚达人
airless,无气
kokomo,科科莫
off-licence,酒类专卖店
trademarks,商标
linga,林伽
lyrically,抒情地
four-wheel-drive,四轮驱动
hydrotherapy,水疗法
militarism,军国主义
dilating,扩张
mut,变异
weeknight,工作日晚上
exploiter,剥削者
brown-haired,棕发
stirrings,搅拌
misbegotten,畸形儿
egret,白鹭
idlewild,闲野
fulfils,满足
osage,奥塞奇
beachwood,比奇伍德
bickford,比克福德
hewson,休森
irascible,暴躁
inferiors,下等人
bhatia,巴蒂亚
prohibitive,禁止
mimicked,模仿
headwind,逆风
stints,轮班
sashes,腰带
housewares,家居用品
irrigating,灌溉
gingerly,小心翼翼地
wesleyan,卫斯理大学
half-starved,半饥饿
respirations,呼吸作用
pseudonyms,笔名
reconstructions,重建
cookers,炊具
tailwind,顺风
gratefulness,感恩
commercialism,商业主义
serg,serg
schellenberg,谢伦伯格
castell,卡斯特尔
eyepiece,目镜
buffering,缓冲
auxiliaries,辅助设备
childproof,儿童安全
petre,彼得
mckellen,麦克莱恩
hustles,忙碌
off-base,偏离基地
furness,弗内斯
dundas,邓达斯
auto-tune,自动调音
propagating,传播
whorish,妓女
mers,mers
duelist,决斗者
croton,巴豆
interbreeding,杂交
wickedest,最邪恶的
mortification,屈辱
rottweilers,罗威纳犬
pan-fried,煎
linsey,林赛
ministering,服侍
friesland,弗里斯兰
sharecropper,佃农
merced,默塞德
bartend,调酒师
hardline,强硬派
dormouse,睡鼠
carbo,碳水化合物
sunstone,日光石
sanz,桑兹
sixty-one,六十一
dingoes,澳洲野犬
babbled,胡言乱语
placeholder,占位符
husker,内布拉斯加大学
lief,利夫
grotesquely,怪诞地
champlain,尚普兰
zeigler,齐格勒
killy,基利
neven,内文
extracurricular,课外
pleasanter,更令人愉悦
watchtowers,瞭望塔
nontraditional,非传统
primero,普里莫
warmonger,战争贩子
sago,西米
inpatient,住院病人
barham,巴勒姆
cushioned,缓冲
crisscross,交错
removals,搬家
bellinger,贝林格
portraiture,画像
mithras,密特拉
x-factor,X因素
tsushima,对马岛
chauffeuring,司机
catheters,导管
hosiery,针织品
tapper,锥体
waffling,犹豫不决
ludhiana,卢迪亚纳
roid,类固醇
whizzer,旋风
jests,笑话
reexamined,重新审视
mullens,穆伦斯
huffed,哼了一声
perfusion,灌注
leiva,莱瓦
tarpon,海鲢
kinkle,扭结
busking,街头表演
warmongers,战争贩子
famer,农民
nationalization,国有化
wyn,温
pav,帕夫
marveled,惊叹
muscat,马斯喀特
prelims,预赛
bounteous,丰饶的
zabel,扎贝尔
requite,报答
trysts,幽会
grudging,勉强地
brunches,早午餐
totty,托蒂
gwendoline,格温多琳
libero,自由人
hindustani,印度斯坦语
mongers,贩卖者
troupes,剧团
catlike,猫科动物
short-order,短途订单
photostat,光刻
thirsts,口渴
lanzarote,兰萨罗特岛
muddied,浑浊的
put-on,穿
diametrically,径直地
seventy-seven,七十七
headliners,头条新闻
weinstock,温斯托克
nitpicking,吹毛求疵
irak,伊拉克
pattinson,帕丁森
faberge,法贝热
schwinn,施文
trims,修剪
carty,卡蒂
gundy,冈迪
fawns,小鹿
attains,达到
hackles,哈克尔斯
orvieto,奥尔维耶托
fulminate,雷酸盐
somos,somos
welly,威灵顿靴
tipu,蒂普
nobs,旋钮
dragster,直线加速赛车
frieze,饰带
haussmann,豪斯曼
rancour,冤仇
wasters,废物
meteorologists,气象学家
minivans,小型货车
ose,ose
coordination,协调
snippet,片段
psychotics,精神病患者
emanated,散发
flatware,餐具
bute,布特
swatted,拍打
outrunning,超越
causation,因果关系
imprudence,轻率
junkman,船工
tarted,塔特
propagated,传播
lederer,皮革
orthopedist,骨科医生
flapped,拍打
torsion,扭转
irreversibly,不可逆转地
rosedale,罗斯代尔
brubeck,布鲁贝克
charring,烧焦
groggily,昏昏沉沉地
douches,灌洗器
sandow,桑多
syncopated,切分音
sardonic,讽刺的
serenaded,小夜曲
boule,球
intimation,暗示
citron,香橼
farsighted,睿
eyck,艾克
dulcet,甜美
flexed,弯曲
headfirst,头朝下
braque,布拉克
co-anchor,联合主播
gravis,重症
devilry,魔鬼
foiling,箔片
sweet-smelling,香甜的
fibreglass,玻璃纤维
cortege,送葬队伍
horse-riding,骑马
glop,黏糊糊
humperdinck,汉珀丁克
bergen-belsen,卑尔根-贝尔森
nepali,尼泊尔
kissable,可亲吻的
tinier,更小
calligrapher,书法家
playfulness,玩乐
romanesque,罗马式
buffoonery,滑稽
fitzhugh,菲茨休
boric,硼酸
custom-built,定制建造
decals,贴纸
lme,lme
yeas,是的
epping,埃平
floodlights,泛光灯
derided,嘲笑
loosey-goosey,松散的鹅
geffen,格芬
jha,贾
dysplasia,发育不良
complainer,抱怨者
limburger,林堡
grenier,格雷尼尔
conversant,熟人
buckskin,鹿皮
hdtv,高清电视
toft,托夫特
racoons,浣熊
unibrow,连眉
mistrustful,不信任
mcvie,麦克维
synthesizers,合成器
eves,伊芙
indiscernible,无法辨认的
potbellied,大腹便便
transmuted,转变
outshines,胜过
zingers,妙语
counterculture,反主流文化
splenda,施乐达
hematology,血液学
phytoplankton,浮游植物
bachelorhood,独身
asymptomatic,无症状
blockages,堵塞
olimpia,奥林匹亚
barrens,荒地
borglum,博格勒姆
spandau,斯潘道
distillers,酿酒厂
arbitrate,仲裁
tokay,托凯
reusable,可重复使用的
musgrove,麝香树
nuzzle,蹭蹭
peebles,鹅卵石
coulis,库利斯
roden,啮齿动物
deltoid,三角肌
metacarpals,掌骨
overburdened,负担过重
savo,萨沃
hvac,暖通空调
unaccountable,无法解释
rhd,右舵
prequel,前传
geomagnetic,地磁
wronger,更错
bjork,比约克
right-of-way,通行权
high-density,高密度
ironsides,铁骑兵
ducat,杜卡特
roney,罗尼
barfly,酒吧常客
hardiman,哈迪曼
undrinkable,不能喝
amoxicillin,阿莫西林
chicane,弯道
rashness,鲁莽
tax-deductible,可抵税
complemented,补充
cellulitis,蜂窝织炎
pecorino,佩科里诺羊奶酪
civvy,平民
caftan,裋
doodlebug,涂鸦虫
bullish,看涨
call-up,征召
brujo,巫师
tavares,塔瓦雷斯
flappers,时髦女郎
deniro,德尼罗
southport,绍斯波特
reminiscences,回忆
caulk,填缝剂
sachet,小袋
jeopardised,危及
petitioners,请愿者
socal,南加州
pilsner,皮尔森啤酒
pustules,脓疱
atter,更
graduations,毕业典礼
sleeplessness,失眠
clopping,蹄声
alibaba,阿里巴巴
pinpoints,精确定位
umpires,裁判
costumer,顾客
maser,微波激射器
self-promotion,自我推销
howlin,豪林
piso,比索
pacman,吃豆人
messiahs,弥赛亚
ricketts,佝偻病
toynbee,汤因比
adc,ADC
hiccuping,打嗝
haemoglobin,血红蛋白
liss,利斯
hertford,赫特福德
fledglings,雏鸟
greco-roman,希腊罗马
metropole,大都会
glassman,格拉斯曼
abducts,绑架
iui,宫腔内人工授精
soler,索勒
mesopotamian,美索不达米亚
ascribed,归因于
existentialist,存在主义者
pickax,镐
wallach,瓦拉赫
cutback,减少
inxs,inxs
howlers,嚎叫者
kingpins,大佬们
colonia,科洛尼亚
pollinated,已授粉
unbind,解绑
deniers,否认者
mirador,观景台
penury,贫困
untethered,不受束缚
archon,执政官
cloche,钟形罩
piecemeal,零散地
glens,格伦斯
formats,格式
state-run,国营
ribera,里贝拉
hundredfold,百倍
linebackers,线卫
eisenberg,艾森伯格
concedes,承认
caesium,铯
ies,ies
equanimity,平静
burdening,负担
debater,辩论者
thes,这些
absolves,赦免
egidio,埃吉迪奥
sma,小
disbelieving,不信
dismounted,下马
deceivers,骗子
scrotal,阴囊
in-and-out,进出
bynum,拜南
synchronous,同步
doubleheader,双赛
yala,亚拉
ous,ous
gawky,笨拙
wuhan,武汉
pleadings,诉状
perdido,佩尔迪多
bathers,沐浴者
hutus,胡图族
managua,马那瓜
derricks,起重机
retouch,修图
miniaturized,微型化
decease,死亡
formalize,正式化
stai,stai
smarting,刺痛
entrepreneurship,创业精神
rebounding,反弹
lip-synch,唇语同步
cortese,科尔特斯
localised,本地化
cet,cet
quintanilla,昆塔尼利亚
excavators,挖掘机
acrimonious,尖刻
helmuth,赫尔穆特
santander,桑坦德银行
compos,化合物
unseat,罢免
stateless,无国籍
nunn,修女
engendered,产生的
cooling-off,冷却
authentically,真实地
modulated,调制
rabaul,拉包尔
hickam,希卡姆
befit,合适
rock-climbing,攀岩
middlesbrough,米德尔斯堡
mohamad,穆罕默德
zetas,zeta
hiccupping,打嗝
collated,整理
go-around,绕行
unambiguous,明确的
tenting,帐篷
starcraft,星际争霸
kalu,卡鲁
refracted,折射
seba,塞巴
necrotizing,坏死的
sevastopol,塞瓦斯托波尔
closed-door,闭门
glutamate,谷氨酸
thin-skinned,脸皮薄
kynaston,基纳斯顿
sunshiny,阳光明媚
dadu,达杜
turbocharged,涡轮增压
irregularly,不规则地
wilbert,威尔伯特
limiter,限幅器
golde,戈尔德
mind-bending,令人费解
minny,米妮
olm,洞螈
haydock,干草堆
pesaro,佩萨罗
lintel,楣
philanthropists,慈善家
dikes,堤坝
hodgepodge,大杂烩
loras,洛拉斯
spacewalk,太空行走
exemplifies,举例说明
gramm,克
tunguska,通古斯卡
kilotons,千吨
graceless,毫无风度
triassic,三叠纪
revitalized,焕然一新
assed,评估
close-range,近距离
liberian,利比里亚
tykes,小孩
burnette,伯内特
diode,二极管
salo,萨洛
sazerac,萨泽拉克
chine,中国
twee,彧
mre,更多
andronicus,安德罗尼克斯
backless,无背
lobbing,抛掷
nacelles,短舱
bares,裸露
haagen-dazs,哈根达斯
epiglottis,会厌
shaheed,烈士
tidier,更整洁
injunctions,禁令
stunting,发育迟缓
simha,辛哈
lento,慢板
guppies,孔雀鱼
cocooned,茧状
endorphin,内啡肽
loney,孤独
congruent,全等
renews,更新
sconces,壁灯
basses,低音
blancmange,布丁
mally,麻利
badajoz,巴达霍斯
pono,波诺
lutyens,卢特恩斯
underwhelmed,令人失望
hyman,海曼
shallot,葱
sepia,棕褐色
keying,键控
polloi,鸡
stephon,斯蒂芬
beattie,比蒂
dodecahedron,十二面体
paycheque,工资单
trooping,军队集结
romanced,浪漫
jourdan,乔丹
eight-thirty,八点半
flu-like,流感样症状
petrochemical,石油化工
suchlike,类似
waxworks,蜡像馆
bottomley,博特姆利
stovepipe,烟囱管
mondego,蒙德戈
lugar,卢加尔
fourpence,四便士
ashmore,阿什莫尔
lemieux,勒米厄
backwaters,偏远地区
chewable,咀嚼片
brahman,婆罗门
airlocks,气闸
headwinds,逆风
potbelly,大肚腩
off-brand,非品牌
oafs,笨蛋
capernaum,迦百农
troyer,特洛伊
caul,胎膜
true-blue,真蓝
scag,斯卡格
spengler,斯宾格勒
seabird,海鸟
signified,表示
fogerty,福格蒂
skywriting,天空书写
disdained,轻蔑
slippage,滑移
big-game,大型游戏
diverged,分歧
frontman,主唱
artfully,巧妙地
irretrievably,不可挽回地
funereal,葬礼
diabolically,极其邪恶地
moccasin,鹿皮鞋
frosts,霜冻
amphitryon,两栖龙
riemann,黎曼
thingamabob,东西
enigmas,谜团
auto-destruct,自毁
goma,戈马
beholding,凝视
oddballs,怪人
suppressor,消音器
elegy,挽歌
jerkin,短上衣
towa,托瓦
halyard,升帆索
menses,月经
mizzen,后桅
tumbleweeds,风滚草
executors,遗嘱执行人
pinecones,松果
tabb,表
trade-in,以旧换新
honkies,白人
derrida,德里达
dotson,点森
tie-dye,扎染
lsu,路易斯安那州立大学
aruna,阿鲁纳
qh,qh
icehouse,冰窖
medicating,用药
inverter,逆变器
souped,汤
risley,里斯利
mop-up,清理工作
lubed,润滑
squishes,挤压
lovebird,爱情鸟
handcart,手推车
imminently,即将
loused,脏的
durin,期间
bakri,巴克里
paediatrician,儿科医生
robinette,罗宾内特
locklear,洛克利尔
greenblatt,格林布拉特
chancy,祯
dialectics,辩证法
bohdan,博丹
sundries,杂项
remarking,评论
foul-up,失误
crock-pot,慢炖锅
bartel,巴特尔
albi,阿尔比
blom,布洛姆
latchkey,锁钥匙
separator,分隔符
eliminator,消除器
overpowers,压倒性优势
virtanen,维尔塔宁
helter-skelter,混乱
safaris,狩猎旅行
chua,蔡
near-perfect,近乎完美
emplacements,阵地
perpignan,佩皮尼昂
misfiring,失火
takeaways,要点
titmouse,山雀
daf,达夫
krall,克拉尔
neva,从未
irksome,烦人的
capuchins,卷尾猴
trope,套路
outsmarting,智胜
delousing,除虱
kookaburra,笑翠鸟
confers,授予
degenerating,退化的
walder,沃尔德
silversmith,银匠
twinks,小鲜肉
gpr,胶束
tolan,托兰
cookhouse,厨房
capito,卡皮托
dugong,儒艮
tellier,特利尔
mukul,穆库尔
caesarian,剖腹产
snowdon,斯诺登峰
cukor,库克尔
wombats,袋熊
lairs,巢穴
ghq,ghq
brougham,布鲁厄姆
sangam,桑格姆
pernambuco,伯南布哥州
macrobiotic,宏观生物学
flatfish,比目鱼
shawty,小妞
devotedly,虔诚地
nargis,水仙花
finger-pointing,指责
hyphenated,连字符
gurkha,廓尔喀
anissa,安妮莎
dunny,厕所
abbeys,修道院
basile,罗勒
victuals,食物
nitta,尼塔
biopic,传记
psychokinetic,精神动力
holzer,霍尔泽
taha,塔哈
bluest,最蓝的
vana,瓦纳
bushwhacked,丛林突袭
consumptive,消耗性的
romanoff,罗曼诺夫
minesweeper,扫雷器
paneer,奶酪
jacobites,雅各布派
lamplight,灯光
kazimierz,卡齐米日
yammer,抱怨
tubed,管状
whisperings,窃窃私语
soundproofing,隔音
aun,安
copernican,哥白尼
wak,瓦克
hida,希达
patchett,帕切特
buch,书
zolpidem,唑吡坦
lakefront,湖畔
swooned,晕倒
chronograph,计时表
sonal,索纳尔
burgoyne,伯戈因
v-shaped,V形
turkmenistan,土库曼斯坦
bobbed,波波德
herodias,希罗底
atlanteans,亚特兰蒂斯人
pesach,逾越节
demonstrator,演示者
worshipful,崇拜的
desperados,亡命之徒
spirito,精神
easterbrook,伊斯特布鲁克
behaviorist,行为主义者
feliciano,费利西亚诺
differentiated,差异化的
genomes,基因组
ponsonby,庞森比
aliyah,回归
hoosiers,印第安纳人队
shuttled,往返
belmonte,贝尔蒙特
uric,尿酸
alacrity,敏捷
andreu,安德鲁
vicissitudes,变迁
moats,护城河
sardinian,撒丁岛
spelman,斯佩尔曼
mirabeau,米拉博
malkin,马尔金
upperclassmen,高年级学生
morena,莫雷纳
mennonites,门诺派教徒
boltzmann,玻尔兹曼
strop,皮带
keeling,龙骨
expos,展览
sutured,缝合
everclear,永清
amending,修改
thermopylae,温泉关
corregidor,专员
miniaturization,小型化
hot-wired,非法接线
litigate,诉讼
rose-colored,玫瑰色的
tosspot,托斯波特
embarks,启程
parmar,帕尔马
uneaten,未食用的
refurbishing,翻新
pillory,示众台
tinderbox,火绒盒
plc,股份有限公司
dyck,迪克
safar,萨法尔
redgrave,雷德格雷夫
skoal,斯考尔
sickbed,病床
pettibone,佩蒂伯恩
timidly,胆怯地
stutterer,口吃者
narrates,叙述
nays,反对
tams,塔姆斯
snit,发怒
subcommander,副指挥官
juicier,多汁
cinna,肉桂
valueless,无价值
judgeship,法官职位
minimizes,最小化
elden,艾尔登
holdall,手提包
tob,托布
honduran,洪都拉斯
trivialize,轻描淡写
olivetti,奥利维蒂
dressers,梳妆台
carmelite,卡梅尔
hambone,火腿骨
antietam,安提坦
infringing,侵权
kolyma,科雷马
bite-sized,一口大小
sv,sv
folkestone,福克斯通
tutting,啧啧
dnieper,第聂伯河
misers,守财奴
wohl,沃尔
householder,户主
neoprene,氯丁橡胶
anuses,肛门
ordain,授职
thoma,托马斯
benbow,本博
slayings,杀戮
junge,丛林
hartz,哈茨
asl,亚斯拉
terrorizes,恐吓
lookalikes,相似者
inti,因蒂
memnon,门农
monstrously,极其可怕
levitated,悬浮
belmondo,贝尔蒙多
aude,奥德
druthers,意志
knish,克尼什
prie,价格
favelas,贫民窟
doolally,疯癫
plena,普莱纳
vitti,维蒂
totoro,龙猫
edgier,更前卫
gibbet,绞刑架
embolus,栓子
limericks,五行打油诗
thirtieth,第三十
decorates,装饰
shaukat,绍卡特
alk,alk
dadi,奶奶
mid-range,中档
debora,黛博拉
boneheaded,笨蛋
retaken,重新夺回
eulogies,悼词
rijn,莱茵河
nagashima,长岛
comedienne,喜剧演员
evoking,唤起
pross,专业
brown-nosing,拍马屁
improvisational,即兴的
autocracy,专制
palenque,帕伦克
homers,本垒打
kluge,克鲁格
socialites,社交名媛
dallying,磨蹭
swilling,大口喝
buckeye,七叶树
zao,早
ampoules,安瓿瓶
skyrockets,火箭
marlins,马林鱼
laryngeal,喉部
derisive,嘲讽的
potash,钾肥
namby-pamby,软弱无能
tench,丁鱥
odds-on,赔率
turtledoves,斑鸠
dead-ends,死胡同
bilk,诈骗
self-abuse,自虐
telenovelas,肥皂剧
frescos,壁画
ten-day,十天
remoteness,偏远
pidgin,洋泾浜英语
maceo,马塞奥
salting,盐
condoleezza,康多莉扎
black-ops,黑客行动
albinos,白化病
paring,削皮
clementina,克莱门汀
balcombe,巴尔科姆
martti,马尔蒂
seventy-one,七十一
hardtack,硬饼干
f3,f3
apc,亚太人事公司
moonstruck,月光下的
anthropomorphic,拟人化的
uva,瓦
simmered,小火慢炖
doron,多伦
solidity,固体
seismograph,地震仪
parsecs,秒差距
gastro,胃肠
perpetuates,延续
harford,哈福德
unappreciative,不懂感恩的
sime,西姆
lolling,懒散
mutinied,叛变
backstory,背景故事
kanga,袋鼠
libretto,唱词
symmetric,对称
zirconium,锆
drop-offs,下车
housemaids,女佣
french-canadian,法裔加拿大人
andra,安德拉
panic-stricken,惊恐症
pret,预
pockmarked,麻
hotspots,热点
endeavored,努力
snead,斯尼德
scotts,斯科特
spiderweb,蜘蛛网
raz,拉兹
picnicking,野餐
ulric,溃疡性结肠炎
munger,蒙格
stadler,斯塔德勒
humours,体液
feodor,费奥多尔
nels,nels
cosgrave,科斯格雷夫
weintraub,温特劳布
all-in-one,一体机
tolbert,托尔伯特
rectangles,矩形
progeria,早衰症
mache,纸浆
recut,重新剪辑
boseman,博斯曼
stockdale,斯托克代尔
pavlos,帕夫洛斯
frontage,临街面
blasphemers,亵渎者
roadwork,道路施工
kahlo,卡洛
autumnal,秋季
unsheathed,出鞘
brander,品牌
shoeing,钉掌
koryo,高丽
stansbury,斯坦斯伯里
biochem,生物化学
reprimands,训斥
benching,替补席
diversification,多样化
b-52s,B-52
ironclad,铁甲舰
theirselves,他们自己
maka,maka
armas,武器
mockups,模型
yona,约拿
poetically,诗意地
collinson,科林森
mauer,墙
calma,平静
bodysuit,连体衣
hatem,恨他们
snarled,纠缠
pantaloons,灯笼裤
dexterous,轻巧
jehoshaphat,约沙法
energetically,精力充沛地
eft,左手
inventories,库存
outflanked,被包抄
moy,莫伊
fractious,易怒的
puget,普吉特
prions,朊病毒
discolouration,变色
rock-bottom,谷底
finaly,最后
balked,犹豫不决
iwan,伊万
torts,侵权行为
carden,卡登
empirically,经验性的
bandied,挥舞
underclothes,内衣
unvarnished,未经修饰的
encumbered,负担
fukui,福井
shuman,舒曼
guilford,吉尔福德
bowlegged,罗圈腿
8s,8秒
prolapse,脱垂
tanka,短歌
family-friendly,适合家庭
variability,变异性
elaborated,详细说明
detrick,德特里克
romualdo,罗穆阿尔多
grandmamma,奶奶
epistle,书信
millais,米莱
pendergast,彭德加斯特
goalpost,门柱
differentiates,区别
goldstone,金石
harrelson,哈里森
goatherd,牧羊人
egyptology,埃及学
bastions,堡垒
composes,组成
nuclear-powered,核动力
pinta,品塔
downshift,降档
marihuana,大麻
butty,巴特
paoli,保利
dropsy,浮肿
naa,娜
sequester,隔离
nast,纳斯特
excusable,情有可原
magnifier,放大镜
doughty,强悍
pkk,PKK
egomaniacal,自大狂
trickled,涓涓细流
gallen,加仑
peepee,小便
kaif,凯夫
coast-to-coast,从东海岸到西海岸
pageboy,侍童
vitor,维托
rober,强盗
kyi,kyi
dupuis,杜普伊斯
triplet,三重态
granaries,粮仓
agreed-upon,已达成一致的
marj,玛吉
doolin,杜林
haphazardly,随意地
misrepresent,歪曲
woodside,伍德赛德
immaculately,完美无瑕
functionary,官员
revlon,露华浓
overwritten,覆盖
amare,爱
initiator,发起者
csf,脑脊液
onegin,奥涅金
directionless,无方向
moneymaker,赚钱机器
demagogue,煽动者
paulista,保利斯塔
self-cleaning,自清洁
granular,粒状
dorgan,多根
hurd,障碍
cros,十字路口
aydin,艾丁
tutt,嘟嘟
tinkered,修修补补
hesitations,犹豫
apogee,最高点
merck,默克
pain-free,无痛
oscillations,振荡
high-definition,高清
two-timer,两面派
groins,腹股沟
gak,gak
feldspar,长石
appraisals,评估
climaxes,高潮
isiah,以赛亚
boatloads,满满几船
lampposts,路灯
ced,ced
jeroen,杰罗恩
rottenness,腐烂
tripling,三倍
letts,莱茨
plainview,普莱恩维尤
vyacheslav,维亚切斯拉夫
outthink,出其不意
benatar,贝纳塔尔
jube,朱比
sigismund,西吉斯蒙德
sterilised,已灭菌
redeploy,重新部署
pornographers,色情片制作者
macedonians,马其顿人
crowell,克罗威尔
cyanosis,紫绀
senores,先生们
lansdale,兰斯代尔
prewitt,普雷维特
high-and-mighty,高高在上的
bristly,刚毛的
pinafore,围裙
rhiannon,瑞安娜
hw,硬件
offenbach,奥芬巴赫
foundational,基础
pilgrimages,朝圣
putti,小天使
tiddly,轻便的
ramey,拉米
teleconference,电话会议
monarchies,君主制
clobbering,猛击
kitson,基特森
renan,雷南
noncommittal,不置可否
patriarchs,族长
dousing,浇水
sacramental,圣礼
kempton,肯普顿
turco,土耳其
utilise,利用
tache,胡须
christchurch,基督城
aftershave,须后水
tiebreaker,决胜局
aligns,对齐
pierrette,皮埃雷特
two-handed,双手
stencils,模板
troglodyte,穴居人
unassisted,独自一人
midships,船中部
purples,紫色
palmolive,棕榄
maillard,美拉德
shimonoseki,下关
curators,策展人
scatterbrained,心不在焉
suppressive,抑制
murk,黑暗
torsos,躯干
zeph,泽夫
nickering,咯咯声
tutus,芭蕾舞裙
con-man,骗子
peseta,比塞塔
midazolam,咪达唑仑
canaanite,迦南石
contiguous,相邻的
novocain,普鲁卡因
primers,引物
binges,狂饮
press-ups,俯卧撑
selig,塞利格
to-be,待定
cynically,愤世嫉俗地
anaesthetics,麻醉剂
robey,罗比
schmear,涂抹
carranza,卡兰萨
culottes,阔腿裤
unfilial,不孝
chain-link,链式
deh,德
vocab,词汇
osteopath,整骨医生
initialize,初始化
speight,斯佩特
changi,樟宜
empanada,馅饼
blakemore,布莱克莫尔
tousled,蓬乱的
wampanoag,万帕诺亚格人
inviolate,不可侵犯
elects,选举
brinks,布林克斯
low-pitched,低沉的
komarov,科马罗夫
conant,康南特
bonet,骨帽
wooten,伍顿
mohr,莫尔
qual,资格
wis,威斯
blakes,布莱克斯
pharos,法罗斯
socorro,索科罗
mealtimes,用餐时间
mbe,姆贝
sunroom,阳光房
casement,窗扇
kanaka,卡纳卡
malts,麦芽
lookers,外貌
kropotkin,克鲁泡特金
engelbert,恩格尔伯特
dominators,统治者
pressurizing,加压
acheron,黄泉
kattegat,卡特加特
lawler,劳勒
bazillion,亿万
laa,拉阿
turgenev,屠格涅夫
vici,维奇
elma,艾尔玛
azevedo,阿泽维多
sulfa,磺胺
farcical,滑稽的
whippet,惠比特犬
drug-resistant,耐药性
longman,朗文
averting,避免
redeployed,重新部署
appellant,上诉人
denounces,谴责
qumran,昆兰
accrue,累积
perishables,易腐品
midstream,中游
dennett,丹尼特
dollywood,多莉伍德
toleration,容忍
snaky,蛇形
stockport,斯托克波特
ouse,房子
crouse,克劳斯
carpark,停车场
funes,富内斯
ciggy,香烟
gleaning,拾穗
dynamism,活力
scapa,斯卡帕
cn,cn
kj,千焦
erroll,埃罗尔
perdita,佩尔迪塔
najaf,纳杰夫
matriculation,入学
gastroenteritis,肠胃炎
localize,本地化
firebombed,燃烧弹
spayed,已绝育
mbc,mbc
busywork,忙碌的工作
regenerates,再生
smooth-talking,巧舌如簧
moo-moo,哞哞
bint,宾特
poms,绒球
barbed-wire,带刺铁丝网
undoes,撤销
rata,拉塔
jf,jf
aural,听觉
hemphill,汉普希尔
hastening,加速
ded,已故
lamby,羔羊
vania,瓦尼亚
drizzled,细雨
omissions,遗漏
tomei,托梅
cadres,干部
absurdities,荒谬之处
sluices,水闸
functionaries,官员
foix,foix
entrancing,迷人的
idc,idc
guilder,公爵
tangs,刺
doodads,小玩意
wryly,略带讽刺地
spader,斯派德
gobblers,火鸡
fobbed,欺骗
bv,bv
millipede,千足虫
bache,巴赫
greenhorns,新手
lagarde,拉加德
blackcurrant,黑加仑
zaleski,扎莱斯基
fresh-cut,新鲜切
cipriani,西普里亚尼
schtick,噱头
canali,运河
postulate,假定
sandpit,沙坑
brookside,布鲁克赛德
knockdown,击倒
munchers,咀嚼者
micaela,米凯拉
deka,德卡
worley,沃利
improprieties,不当行为
confusions,困惑
shrimping,捕虾
machinegun,机枪
hulda,胡尔达
positron,正电子
mishmash,大杂烩
solidifying,凝
timms,蒂姆斯
clambering,攀爬
weaselly,狡猾的
sns,社交媒体
chelation,螯合
jeopardising,危及
infiltrates,渗透
courteously,礼貌地
berner,伯纳
redeemable,可兑换
thumbtacks,图钉
up-and-comer,后起之秀
roll-up,卷起
ageism,年龄歧视
tete-a-tete,单独谈话
wheelies,翘头
pw,pw
dav,戴夫
special-needs,特殊需求
shrugging,耸肩
skee,斯基
breakout,突破
katyn,凯顿
greening,绿化
mattson,马特森
gentility,绅士风度
warded,监护
amaterasu,天照大神
turpitude,腐败
tabled,已提交
essa,埃萨
joab,约阿布
melendez,梅伦德斯
bioterrorism,生物恐怖主义
fishbone,鱼骨
subscript,下标
allergen,过敏原
unbirthday,非生日
twirled,旋转
in-store,店内
sky-blue,天蓝
vixens,狐狸精
mondale,蒙代尔
stomper,跺脚者
above-average,高于平均水平
virologist,病毒学家
landa,兰达
straddled,跨骑
self-portraits,自画像
vay,vay
atmos,大气
sophistry,诡辩
pawnshops,当铺
fine-tuned,微调
invisibly,隐形地
aforesaid,上述
ozark,奥扎克
piedmontese,皮埃蒙特
wafted,飘散
uninfected,未感染
lowndes,朗兹
jiu-jitsu,柔术
counterrevolution,反革命
supersized,超大
unintelligent,愚蠢的
ectoplasmic,外质
telecommunication,电信
carob,角豆
smallish,略小
ballooned,气球
antrim,安特里姆
turgid,膨胀的
hoofer,踢踏舞者
liaising,联络
speke,说话
brony,小马迷
breadfruit,面包果
motorola,摩托罗拉
noncommissioned,非委托
scruple,顾忌
stalactites,钟乳石
piquant,辛辣的
motorsport,赛车运动
bdsm,BDSM
charioteer,车夫
malley,马利
crisscrossing,纵横交错
alona,阿洛娜
terrill,特里尔
anticoagulant,抗凝物
grosso,格罗索
raviolis,馄饨
quixotic,堂吉诃德式的
crankcase,曲轴箱
lycanthrope,狼人
peddled,兜售
wisecrack,俏皮话
vouches,代金券
kristofferson,克里斯托弗森
theodosius,狄奥多西
galas,盛会
machida,町田
appian,Appian
life-force,生命力
badman,坏人
bentham,边沁
municipalities,市政当局
psyches,心理
vandy,范迪
pense,沉思
left-hander,左撇子
simplifies,简化
sargasso,马尾藻
mazu,妈祖
partier,派对
shrieked,尖叫
sahel,萨赫勒
bestsellers,畅销书
snugly,舒适地
casuals,休闲装
wildfires,野火
fas,快
aller,过敏
marlee,玛丽
barish,巴里什
berns,伯恩斯
pog,pog
ishigaki,石垣
wusses,懦夫
upwardly,向上
attired,穿着
conservationist,自然保护主义者
kuhn,库恩
lubricating,润滑
creosote,杂酚油
cardiopulmonary,心肺
privatisation,私有化
indexed,索引
footer,页脚
derelicts,流浪汉
runyan,鲁尼安
saddling,鞍具
kwa,夸
underfed,营养不良
solvers,求解器
cashbox,金库
nanga,南加
solidifies,凝固
salmond,鲑鱼
sloe,黑刺李
bookshops,书店
shara,沙拉
ppk,ppk
chih,chih
zzz,zzz
part-timers,兼职人员
gurneys,担架
waseda,早稻田
melita,梅利塔
bq,bq
titillate,挑逗
palmed,掌心
cartoonists,漫画家
kodo,古道
soloists,独奏者
therefor,因此
awad,阿瓦德
runa,鲁纳
alida,阿利达
backseat,后座
imbibed,吸收
ishi,石井
schlitz,施利茨
oik,oik
playoff,挑拨
transferable,可转让
lupone,卢蓬
oblongata,延髓
papayas,木瓜
acuna,acuna
brogue,布洛克鞋
craigie,克雷吉
pinking,粉红色
banneker,班尼克
looper,循环器
ingress,入口
mccutcheon,麦卡琴
headbutted,头撞
rheingold,莱茵黄金
islet,小岛
vainglorious,虚荣的
assaf,阿萨夫
motes,微粒
mcauliffe,麦考利夫
disclosures,披露
yaron,亚龙
hyacinths,风信子
cholos,乔洛人
importers,进口商
delft,代尔夫特
barbera,巴贝拉
stochastic,随机
solicitous,殷勤
tubal,输卵管
walzer,华尔兹
sons-in-law,女婿
densities,密度
iop,IOP
hemsley,亨斯利
streaky,条纹状的
suisse,瑞士
magritte,马格里特
deterrence,威慑
turn-up,到场
tec,科技
callously,冷酷无情
siegmund,西格蒙德
ini,初始
washtub,洗衣盆
corr,校正
bobbins,线轴
colonnades,柱廊
gwynn,格温
ungentlemanly,不绅士的
lohmann,洛曼
perches,栖木
hider,隐藏者
hokusai,北斋
kohn,科恩
suppositions,假设
centenary,百年纪念
sensitively,敏感地
welton,韦尔顿
troubadours,吟游诗人
corbeau,乌鸦
showrunner,剧集总监
landfills,垃圾填埋场
miaows,喵斯
wrs,wrs
woolley,伍利
ture,真
curlew,杓鹬
archenemy,宿敌
hand-to-mouth,手到嘴
brainer,脑子
duos,二人组
hydrofluoric,氢氟酸
penge,彭格
greenly,绿意盎然
glimmers,微光
unwholesome,不健康的
feudalism,封建
reveling,狂欢
kelman,凯尔曼
lacoste,拉科斯特
bushwhack,丛林突袭
wine-tasting,品酒
perelman,佩雷尔曼
qantas,澳航
faraway,离这很远
eighty-nine,八十九
tweens,青少年
cocksure,自负
deep-space,深空
intransigent,顽固不化的
bradycardia,心动过缓
grindle,格林德尔
costumers,顾客
trejo,特雷霍
poncey,庞塞
malum,恶意
muro,穆罗
fine-tune,微调
slingshots,弹弓
expound,阐述
dirties,肮脏的
guinan,桂南
renounces,放弃
patmos,帕特莫斯
unn,乌恩
guilt-ridden,充满内疚的
double-team,双人包夹
composting,堆肥
cls,cls
kozhikode,科泽科德
airheads,傻瓜
housemaster,舍监
eloi,eloi
zinfandel,仙粉黛
tomahawks,战斧
yekaterina,叶卡捷琳娜
overplay,过度表演
unintelligibly,难以理解
slant-eyed,斜眼
kress,克雷斯
streetcars,有轨电车
pelo,佩洛
nicklaus,尼克劳斯
self-importance,自负
ecco,ecco
hibbing,希宾
exaggerations,夸张
nubians,努比亚人
stapling,装订
guanyin,观音
eckert,埃克特
wrangled,争吵
alphabetize,按字母顺序排列
applebaum,苹果树
bostick,博斯蒂克
sucrose,蔗糖
fath,父亲
mediating,调解
hayman,海曼
kalmar,卡尔玛
endear,心爱的
amuse-bouche,餐前小点
soberly,清醒地
khoo,khoo
elwin,埃尔温
hamam,土耳其浴
hermetic,密闭
tremain,残骸
dreck,垃圾
mosconi,莫斯科尼
reclassified,重新分类
michiel,米歇尔
trustful,值得信赖的
onl,仅限
tessier,泰西尔
subjunctive,虚拟语气
shooing,射杀
double-wide,双宽
slowness,缓慢
mx,墨西哥
rpms,转速
avowed,公开承认
birdseye,鸟瞰图
benet,贝内特
refractory,耐火
quadrangle,四边形
bathhouses,澡堂
after-action,事后
frogmen,蛙人
oca,oca
markowitz,马科维茨
lutherans,路德教徒
lhr,lhr
thereupon,于是
tribesman,部落成员
numeric,数字
peopled,人
tuk-tuk,嘟嘟车
anatoliy,解剖学
peen,阴茎
crisscrossed,纵横交错
big-ticket,大件
rattlers,响尾蛇
supercontinent,超大陆
enticement,诱惑
vide,视频
swashbuckling,冒险
reimer,雷默
dik,迪克
marketers,营销人员
clarks,克拉克
shimmers,闪烁
vichyssoise,维希冷汤
splenectomy,脾切除术
russe,俄罗斯
cosign,共同签署
laughingly,笑着
afr,非洲
pronouncement,声明
skateboarders,滑板运动员
electives,选修课
marsupials,有袋动物
biplane,双翼飞机
canvasses,画布
friedkin,弗里德金
azzam,阿扎姆
replicates,复制品
sheiks,酋长们
quicklime,生石灰
ker,ker
nde,nde
sino,中原
distilling,蒸馏
creds,信用
concussive,脑震荡
impish,顽皮的
duquette,杜奎特
intakes,摄入量
redressed,纠正
hyperactivity,多动症
half-moon,半月形
gelling,凝胶
lsp,lsp
potshot,偷袭
cpo,首席产品官
cobber,科伯
bismark,俾斯麦
defecated,排便
kohli,科利
kneed,膝盖
simpleminded,头脑简单
necromancy,死灵术
gipper,吉普
medlock,梅德洛克
adhesion,粘附
wom,口碑营销
cul,库尔
swindell,斯温德尔
suppressant,抑制剂
milled,磨碎
okinawan,冲绳
rochford,罗奇福德
abstinent,禁欲
matter-of-fact,实事求是
wilmore,威尔莫尔
pons,桥
bhandari,班达里
ozarks,奥沙克山脉
onlooker,旁观者
sicilia,西西里岛
angell,安吉尔
colonnade,柱廊
kingfish,王鱼
bechet,贝切特
groupings,分组
ahearn,阿赫恩
preproduction,前期制作
deric,德里克
paintbrushes,画笔
napped,打盹
risk-taker,冒险者
bluefin,蓝鳍金枪鱼
knickknack,小摆设
jillion,百万
backslide,倒退
spokesmen,发言人
minimums,最低
bopping,摇摆
cowered,畏缩
payola,贿赂
minimized,最小化
quebrada,奎布拉达
ingenuous,天真无邪
brushwork,笔触
montblanc,万宝龙
florid,佛罗里达
pedi,足疗
appleyard,苹果园
fatalistic,宿命论
churchgoers,教堂信徒
almeria,阿尔梅里亚
abh,abh
messinger,梅辛格
reeducation,再教育
authorising,授权
porpoises,鼠海豚
velveteen,平绒
bloodcurdling,令人毛骨悚然的
hydrangea,绣球花
slinger,投石器
manors,庄园
ywca,基督教女青年会
logue,日志
aboveground,地上部分
burnout,倦怠
sporadically,偶尔
steiger,施泰格
asoka,阿育王
burnings,燃烧
caesarea,剖腹产
eventhough,虽然
freshened,清新
daegu,大邱
acrophobia,恐高症
bagheera,巴吉拉
bennetts,贝内茨
lynton,林顿
maxilla,上颌骨
bernardin,伯纳丁
hussies,荡妇
cocos,椰子
decelerate,减速
fragmentary,片段
dry-clean,干洗
kbs,千比特
mindanao,棉兰老岛
plenary,全体会议
hereward,从这里
plink,叮当
regurgitated,反刍
automat,自动
pedometer,计步器
semicircle,半圆
imperials,帝国
headlamp,头灯
borja,博尔哈
kb,千字节
seabees,海工兵
forsook,放弃
airliners,航空公司
portcullis,吊闸
corse,课程
ornithological,鸟类学
malak,马拉卡
comprehending,理解
dynamiting,爆破
flintlock,燧发枪
attributable,可归因的
victorville,维克托维尔
cross-match,交叉比对
foreword,前言
twangy,鼻音
rekindling,重燃
pretexts,借口
ataturk,阿塔图尔克
apis,蜜蜂
abnegation,放弃
hobbyist,业余爱好者
darcey,达西
expiate,赎罪
bobbitt,博比特
wheelbarrows,独轮车
schatz,沙茨
herringbone,人字纹
steamroll,蒸汽碾压
streetwalkers,街头妓女
mazur,马祖尔
greedier,更贪婪
ringtones,铃声
superconducting,超导
aristo,贵族
plainclothes,便衣
jaa,雅
cerebrospinal,脑脊髓
gass,气体
perforate,穿孔
masseuses,按摩师
self-incrimination,自证其罪
gurdy,格迪
harriette,哈丽特
webpage,网页
bellflower,风铃草
phosphates,磷酸盐
relight,重新点燃
bellwood,贝尔伍德
moorland,荒原
artyom,阿尔乔姆
uggs,雪地靴
tos,到
melded,融合
choreographing,编舞
colour-blind,色盲
polonaise,波兰舞曲
rousted,惊醒
huddersfield,哈德斯菲尔德
pf,pf
mithra,密特拉
clubfoot,马蹄内翻足
gazer,凝视者
benzedrine,苯丙胺
smither,史密瑟
longshot,远距离拍摄
harrod,哈罗德
patronymic,父名
unceremoniously,不体面地
scrutinizing,仔细审查
vallis,瓦利斯
flatlands,平原
trondheim,特隆赫姆
meningioma,脑膜瘤
mastodons,乳齿象
typesetter,排字工
geometrically,几何上
overshoot,过冲
wolfson,沃尔夫森
fareed,表现
songbook,歌曲集
fair-minded,公正无私
roda,罗达
prophesies,预言
shantung,山东
hitachi,日立
humorist,幽默家
itzhak,伊扎克
wolf-whistles,狼哨
vetter,兽医
staid,稳重
schoenberg,勋伯格
co-chair,联合主席
woolton,伍尔顿
philosophizing,哲学思考
levis,李维斯
lieb,利布
computes,计算
stepney,斯蒂芬尼
supercool,超酷
sarai,萨莱
glyph,字形
leaved,离开
girdles,腰带
dotage,溺爱
hist,历史
rippers,撕裂者
preempt,抢占先机
carmina,卡米娜
afro-american,非裔美国人
corncob,棒子
ripcord,拉绳
earldom,伯爵
vento,风
dabbles,浅尝辄止
blackfeet,黑脚族
patric,帕特里克
brunello,布鲁内罗
nightshift,夜班
refurbishment,翻新
tantalus,坦塔罗斯
colloquium,研讨会
faulted,故障
grav,重力
vibrational,振动
schmaltz,鸡油
spokeswoman,发言人
toxoplasmosis,弓形虫病
lundin,伦丁
suse,滥用
salta,萨尔塔
elector,选民
pone,手机
kickboxer,拳击手
aachen,亚琛
benigno,贝尼尼奥
vacationers,度假者
seconal,司可那
reisman,雷斯曼
first-grade,一年级
duchesses,公爵夫人
uffizi,奥菲齐
clustering,聚类
directorship,董事职位
holdouts,坚持者
gumballs,泡泡糖
kunz,昆兹
peltier,珀尔帖
unmentionables,不可言说之事
monograph,专著
hemophilia,血友病
anger-management,情绪管理
handrails,扶手
unquestioning,不加质疑
provisionally,暂定
socialistic,社会主义
gatekeepers,守门人
potentate,强势
subverted,颠覆
westmorland,威斯特摩兰
densest,最密集
filmmaking,电影制作
lead-in,引言
alanna,阿兰娜
lethbridge,莱斯布里奇
collis,科利斯
tomaso,托马索
chal,挑战
imlay,伊姆雷
nymphomania,性欲亢进
unwound,解开
grigg,格里格
impounding,扣押
ta-tas,ta-tas
lettered,字母
lifesavers,救生员
water-based,水性
cartesian,笛卡尔
legitimized,合法化
vinh,荣
interfaith,跨宗教
devotions,虔诚
grandy,格兰迪
musicality,音乐性
cronenberg,克罗嫩伯格
insoluble,不溶
officiant,司仪
turfed,草皮
troponin,肌钙蛋白
reused,重复使用
crippen,克里彭
prater,普拉特
b-list,二等
junked,废弃的
sds,SDS
northfield,北菲尔德
analytic,分析
datura,曼陀罗
potbellied,大腹便便
janky,简陋
geraint,格伦特
irt,irt
makeover,改造
trekked,徒步旅行
cinched,收紧
prostituted,卖淫
repositioning,重新定位
uncross,解十字
aronson,阿伦森
grifting,诈骗
retrievers,寻回犬
ashkenazi,阿什肯纳兹犹太人
sephardic,塞法迪犹太人
carport,车棚
all-encompassing,包罗万象的
clappers,拍手
argyll,阿盖尔
pedant,学究
jehan,杰汉
headlamps,前大灯
broiling,烤制
mohel,割礼师
ocean-going,远洋
mercurochrome,红汞
marbled,大理石纹
fasts,斋戒
sundress,连衣裙
swampland,沼泽地
inelegant,不优雅
fraternising,联谊
encroachment,侵犯
intoxicates,麻醉剂
on-the-spot,当场
rann,兰恩
wogan,沃根
dismembering,肢解
lyall,lyall
spica,穗状花序
extrapolating,推断
nonlinear,非线性
norsemen,北欧人
medio,中等
drang,德朗
georgios,乔治奥斯
lunched,午餐
dillingham,迪林厄姆
ster,斯特
slow-mo,慢动作
thos,那些
tourneur,旅游者
cosmologist,宇宙学家
ballou,巴鲁
challis,查利斯
luminaries,杰出人物
png,png
bettering,改进
roadmap,路线图
cushman,库什曼
dispensaries,药房
smart-aleck,自作聪明的人
maturation,成熟
quack-quack,嘎嘎叫
ohi,哦
roemer,罗默
cloying,甜腻
luft,空气
cajoled,哄骗
thresholds,阈值
astonishes,令人惊讶
corry,科里
undersheriff,副警长
tisch,桌布
foretelling,预言
russet,赤褐色
sheepherder,牧羊人
retested,重新测试
mcshane,麦克沙恩
obsesses,痴迷
whacky,古怪的
conductivity,导电性
oligarch,寡头
alston,阿尔斯顿
rolle,罗尔
hof,霍夫
sennett,塞内特
cashman,现金人
shak,摇晃
luxuriant,茂盛的
decrypting,解密
jolting,剧烈震动
mother-to-be,准妈妈
sandinistas,桑地诺民族解放阵线
scholz,舒尔茨
grunted,哼哼
maclachlan,麦克拉克伦
tapeworms,绦虫
badu,巴杜
siemens,西门子
dietician,营养师
macer,搅拌机
campgrounds,露营地
juiciest,最鲜嫩多汁
breakdancing,霹雳舞
milords,大人
infusions,输液
mistrusted,不信任
sopa,肥皂
segura,塞古拉
butz,布兹
parnassus,帕纳索斯山
ultrasounds,超声波
dimmock,迪莫克
bangladeshi,孟加拉国
fenella,芬内拉
kingsport,金斯波特
thoughtlessness,考虑不周
gelled,凝胶
iit,印度理工学院
prerogatives,特权
readout,读出
stagecoaches,驿站马车
agostinho,阿戈斯蒂尼奥
prov,prov
cerulean,天蓝色
arnica,山金车
kiely,基利
rubenstein,鲁宾斯坦
pluribus,合众
prudently,谨慎地
smiting,惩罚
perfidy,背信弃义
nonbeliever,无信仰者
smits,史密茨
wheelwright,车轮匠
snakehead,蛇头
mastoid,乳突
laboriously,费力地
bengalis,孟加拉人
traeger,特雷格
midden,粪堆
democritus,德谟克利特
repack,重新包装
storybooks,故事书
piel,皮尔
minimalism,极简主义
aphid,蚜
kercher,克尔彻
tibial,胫骨
festered,溃烂的
overreacted,反应过度
freaked-out,吓坏了
mucks,泥浆
asheville,阿什维尔
mingles,混合
fayetteville,费耶特维尔
loh,罗
whomsoever,无论谁
neurotics,神经症患者
slumps,暴跌
beardless,无胡须
prurient,淫秽的
battery-operated,电池供电
cav,卡夫
presentiment,预感
herdsmen,牧民
potable,饮用水
appalachia,阿巴拉契亚山脉
moslems,穆斯林
andropov,安德罗波夫
fal,失败
areal,区域
taxable,应税
tasking,任务
botulinum,肉毒杆菌
stereotyped,刻板印象
embellishing,润饰
popularly,广为人知
eventualities,意外情况
foreclosing,取消抵押品赎回权
antonelli,安东内利
imitator,模仿者
rattigan,拉蒂根
townes,城镇
levelheaded,冷静沉着
newby,纽比
bust-up,争吵
aggravates,加剧
comey,科米
devourer,吞噬者
reentered,重新进入
aplomb,沉着冷静
marysville,玛丽斯维尔
spca,spca
tagliatelle,意大利宽面
gibbins,长臂猿
eveline,伊芙琳
thymus,胸腺
genet,基因
gallstone,胆结石
moltke,莫尔特克
blatter,喋喋不休
expels,驱逐
doodad,小玩意
ruf,鲁夫
deejays,DJ们
archaeopteryx,始祖鸟
backcountry,偏远地区
safe-conduct,安全通行
theatricals,戏剧
pacifiers,奶嘴
farrar,法拉尔
alister,阿利斯特
piquet,皮克特
tampico,坦皮科
bigmouth,长舌妇
widowhood,丧偶
horrifically,极其可怕
practicalities,实用性
noisemaker,噪音制造器
brickman,砖匠
eino,埃诺
kates,凯特
tbs,汤匙
inhibiting,抑制
self-righteousness,自以为是
gilmour,吉尔摩
staves,杖
sattler,萨特勒
cerro,塞罗
wojciech,沃伊切赫
fucky,操
kearny,卡尼
eds,编辑
nighties,睡衣
surrealistic,超现实主义
carrara,卡拉拉
leviathans,利维坦
ex-convicts,前罪犯
amendola,阿门多拉
tensing,紧张
mortadella,意大利肉肠
validates,验证
popsy,波普西
bellowed,咆哮
possessiveness,占有欲
idealised,理想化的
waterson,沃特森
pompon,绒球
mechanised,机械化的
dervishes,苦行僧
chetnik,切特尼克
linkedin,领英
refinements,改进
prole,无产者
aeneas,埃涅阿斯
holdups,抢劫
expiation,赎罪
itched,痒
cond,条件
bernoulli,伯努利
anh,安
punto,点
bobsleigh,雪橇
phial,小瓶
supercilious,傲慢
sepulcher,坟墓
hunchbacks,驼背
plasterer,泥水匠
confectionary,糖果
curvaceous,曲线优美的
pervades,普遍存在
ciaran,西亚兰
plopped,扑通一声
venetia,威尼斯
waterfield,水田
flurries,阵雪
mattis,马蒂斯
moria,莫里亚
arroz,米饭
czarina,沙皇
kilter,基尔特
deride,嘲笑
mown,修剪过的
stennis,斯坦尼斯
defamatory,诽谤
jablonski,雅布隆斯基
bubbled,冒泡
qazi,卡齐
lordly,尊贵的
castleton,卡斯尔顿
leese,利斯
ripon,里蓬
kas,卡斯
narcosis,麻醉
blasphemed,亵渎神明
malraux,马尔罗
knotts,结
wana,想要
sandstorms,沙尘暴
rocketry,火箭技术
offensively,进攻
breedlove,布里德洛夫
cienfuegos,西恩富戈斯
badawi,巴达维
encapsulates,封装
lippincott,利平科特
animo,动漫
heintz,海因茨
storehouses,仓库
lse,左翼
nicolau,尼古拉
ballyhoo,大肆宣传
wye,星形
goldsmiths,金匠
artemisia,艾蒿
cross-legged,盘腿
lulls,平静
seventy-nine,七十九
coaxial,同轴
tarantella,塔兰泰拉舞曲
buttoning,扣纽扣
revengeful,复仇的
mp5,mp5
beery,啤酒
scullion,厨房杂务工
pinion,小齿轮
cartographer,制图师
braintree,布伦特里
velveeta,维尔维塔奶酪
sacrum,骶骨
herold,赫罗德
bellboys,行李员
confounds,混淆因素
yoel,约尔
renn,伦恩
infinitum,无穷大
duffield,达菲尔德
pennell,佩内尔
smokestacks,烟囱
reliquary,圣物匣
doest,不会
ceramist,陶艺家
conf,conf
vicarious,替代性的
epaulets,肩章
riverview,河景
neck-and-neck,势均力敌
templer,圣殿骑士
erhard,埃尔哈德
bunged,塞子
freewheeling,自由自在
legalese,法律术语
submariner,潜艇兵
statehouse,州议会大厦
matadors,斗牛士
dri,干
noisier,更嘈杂
supersymmetry,超对称
ruminate,寻味
aho,啊
regula,调节
disbursement,支出
kushner,库什纳
aranda,阿兰达
echocardiogram,超声心动图
bruin,棕熊
bethune,贝休恩
on-off,开/关
babyfaced,娃娃脸
farrier,马蹄铁匠
annexe,附件
prunella,夏枯草
flashbulb,镁光灯
semi-pro,半职业
astley,阿斯特利
navigable,可导航
rto,rto
biked,骑自行车
redeems,赎回
karak,卡拉克
brier,荆棘
seascape,海景
co-eds,女大学生
internalize,内化
ecologically,生态学
rusi,俄罗斯
gunboats,炮艇
aaaaa,啊啊啊啊
mafeking,马弗京
binnie,宾尼
untranslated,未翻译
harmonia,和谐
prioritized,优先考虑
culpeper,卡尔佩珀
malvern,马尔文
frederickson,弗雷德里克森
francaise,法语
venoms,毒液
amityville,阿米蒂维尔
ostentation,炫耀
subduing,制服
abbotsford,阿伯茨福德
skittering,四处乱窜
chiesa,教堂
devolve,退化
farwell,远方
statuesque,雕像般的
shantytown,贫民窟
haslam,哈斯拉姆
state-owned,国有
toluene,甲苯
ippolito,伊波利托
halverson,哈尔弗森
omsk,鄂木斯克
intelligible,可理解的
evildoer,妖孽
sauced,酱汁
ruffling,褶皱
offstage,幕后
bagatelle,小品
hitchin,希钦
reappearing,重新出现
dailey,每日
discourtesy,失礼
disfiguring,毁容
tiddlywinks,弹珠游戏
spoofing,欺骗
razzing,嘲讽
dazzler,微笑
givenchy,纪梵希
handmaidens,侍女
overdeveloped,过度开发
dogfish,角鲨
anachronistic,不合时宜的
bourke,伯克
reconfiguring,重新配置
berryman,贝里曼
neoconservatives,新保守主义者
intros,引言
autoerotic,自慰
bougainvillea,三角梅
imbalanced,不平衡
explanatory,解释性
pauls,保罗
woolwich,伍尔维奇
flautist,长笛演奏家
winches,绞车
algebraic,代数
absentminded,恍惚
turn-of-the-century,世纪之交
drawstring,拉绳
wobbled,摇晃
scupper,排水孔
wwf,世界自然基金会
caserta,卡塞塔
grumps,脾气暴躁的人
blackening,变黑
completeness,完整性
interfacing,接口
larouche,拉鲁什
golgi,高尔基体
scirocco,西罗科
saff,萨夫
neophyte,新手
spouts,喷嘴
kitchenware,厨具
gunfights,枪战
lassi,拉西
go-karts,卡丁车
clorox,氯
conifers,针叶树
tapir,貘
fundraisers,筹款活动
nippers,钳子
creationists,创造论者
src,来源
cloudburst,暴雨
decomposes,分解
federated,联邦
flava,风味
mahon,马洪
rounders,圆场
smash-and-grab,砸抢
penny-pinching,吝啬鬼
lenk,伦克
preflight,飞行前检查
mesolithic,中石器时代
mortify,羞辱
milius,米利乌斯
garp,加普
copulating,交配
paperclips,回形针
masterminding,策划
miscounted,计数错误
t-cell,T细胞
cri,cri
steeplechase,障碍赛
gts,gts
vice-chairman,副主席
whinge,抱怨
rikishi,力士
pushcart,手推车
longshanks,长腿
hande,汉德
stang,斯唐
feuer,火
polecats,臭鼬
tiptoed,踮着脚尖
blevins,blevins
foundries,铸造厂
cointreau,君度
seele,希勒
schist,片岩
soporific,催眠剂
kling,克林
bemused,困惑
constructively,建设性地
horniness,性欲
coucher,卧床人
heresies,异端
groundhogs,土拨鼠
flyswatter,苍蝇拍
magnums,马格南
harrassment,骚扰
reputedly,据说
vermicelli,粉丝
sandie,桑迪
iba,伊巴
vaunted,吹嘘
misfiled,归档错误
ersatz,替代品
volcanos,火山
succinylcholine,琥珀酰胆碱
holgate,霍尔盖特
breezing,微风
watertown,沃特敦
devolution,权力下放
workplaces,工作场所
tembo,坦博
heman,赫曼
frawley,弗劳利
sweepstake,抽奖
tuh,tuh
secreting,分泌
irm,irm
leonov,列昂诺夫
baretta,巴雷塔
bare-assed,光屁股
letdown,失望
typography,排版
mushtaq,穆什塔克
wulf,伍尔夫
racetracks,赛道
yongsan,龙山
altamont,阿尔塔蒙特
panellists,小组成员
exp,经验
rerouted,重新路由
pushovers,软弱可欺
softhearted,心软的
wetted,湿润
fersen,费尔森
buy-out,收购
clarifies,澄清
bods,身体
vasculitis,血管炎
anywheres,任何地方
garr,加尔
parodies,戏仿
zhe,泽
clubber,俱乐部成员
hebei,河北
rambled,漫无目的地闲聊
authorizations,授权
expressionless,面无表情
bernal,伯纳尔
intellects,知识分子
skintight,紧身衣
mcquade,麦奎德
salinity,盐度
faggoty,娘娘腔
bandar,班达尔
maoists,毛派
wentz,温茨
prams,婴儿车
bernarda,贝尔纳达
welker,韦尔克
nattering,喋喋不休
flyte,飞
undergrads,本科生
troglodytes,穴居人
winnable,可赢的
furore,轰动
entreaties,恳求
crewed,船员
drippings,滴落物
likin,点赞
burman,伯曼
taxiing,滑行
glioma,胶质瘤
radner,拉德纳
parmigiana,帕尔马干酪
webcams,网络摄像头
nei,内
tiburon,蒂布龙
gateshead,盖茨黑德
sizemore,西泽莫尔
halloo,你好
tiffs,争吵
canty,坎蒂
aforethought,预谋
trailblazers,开拓者
chatwin,查特温
madera,马德拉
acte,行动
bayern,拜仁慕尼黑
despondency,沮丧
stagnate,凝滞
brandished,挥舞
natan,纳坦
mcdade,麦克戴德
shortchanged,被克扣
full-frontal,正面全裸
zero-zero,零零
polices,政策
marvell,奇迹
entrusts,委托
rewound,倒带
ptt,ptt
gladiatorial,角斗士
mages,法师
imprisons,监狱
gilding,镀金
washoe,洗鞋
typewritten,打字稿
frogger,青蛙过河
swiftest,最快
widescreen,宽屏
self-replicating,自我复制
elo,elo
forget-me-not,勿忘我
ballesteros,巴列斯特罗斯
erma,厄玛
fender-bender,轻微碰撞
alcoves,壁龛
crawdad,小龙虾
cornerstones,基石
sterne,斯特恩
salonika,萨洛尼卡
oulu,奥卢
marylebone,马里波恩
constrain,约束
phonetically,语音学
misbehaviour,不当行为
tambo,坦博
trucked,卡车运输
wingding,翼丁
glasnost,公开性
dek,德克
trowbridge,特罗布里奇
satyrs,萨提尔
understandings,理解
cnbc,cnbc
krylov,克雷洛夫
acupressure,穴位按摩
alexandros,亚历山德罗斯
falkner,福克纳
jumpstart,启动
heeding,听从
psychogenic,心理因素
gooder,更好
fluoroscope,透视
rethought,重新思考
quelled,平息
muskie,麝香鱼
crotches,胯部
coverings,覆盖物
bamboozle,竹子
haddon,哈顿
connemara,康尼马拉
chirruping,啁啾声
brawley,布劳利
vortigern,沃蒂根
aul,奥尔
non-issue,不成问题
lardner,拉德纳
goldwyn,戈德温
yair,亚伊尔
unenlightened,闭塞
hitchhiking,搭便车
annoyances,烦心事
formulae,公式
overhanging,悬垂
sujata,苏贾塔
landlines,固定电话
cupids,丘比特
blowfly,丽蝇
wallingford,沃灵福德
oozed,渗出
gilead,吉利德
forst,森林
edgeworth,埃奇沃斯
off-color,不雅
convenes,召开
birches,白桦树
big-name,大名鼎鼎
lsa,拉萨
cantona,坎通纳
summery,夏季
feebly,虚弱地
capet,卡佩特
winkles,海螺
backbreaking,令人筋疲力尽
reprimanding,训斥
rapturous,欣喜若狂
underaged,未成年人
midges,小飞虫
malic,恶意
clerkship,文员
bake-off,烘焙大赛
half-caste,混血儿
ruthven,鲁思文
nard,纳德
agathon,阿加松
nectarine,油桃
privately-owned,私有
epaulettes,肩章
no-shows,未到场
derailing,脱轨
ccu,电脑
tremens,震颤
double-quick,双倍速度
pictish,皮克特人
motorhome,房车
agnus,羔羊
rhumba,伦巴
cremating,火葬
alchemical,炼金术
disables,禁用
moribund,垂死
todorov,托多罗夫
receivable,应收账款
lurched,踉跄了一下
thermae,温泉浴场
churchgoer,教堂信徒
retrieves,检索
igo,伊戈
hedgerow,树篱
byfield,旁田
bootlicker,拍马屁
orbing,轨道
biorhythm,生物节律
bailiwick,范围
incrementally,逐步地
javanese,爪哇语
permeate,渗透
electronica,电子音乐
grunion,银鱼
inordinately,过度
asura,阿修罗
cro-magnons,克罗马农人
angelfish,神仙鱼
culley,库利
actuarial,精算
plagiarizing,抄袭
abductee,被绑架者
galton,高尔顿
lafarge,拉法基
sanctioning,制裁
hardons,勃起
bennies,班尼
isler,伊斯勒
telluride,碲化物
sennacherib,番泻叶
boutonniere,胸花
caribe,加勒比海
starnes,斯塔内斯
blanched,焯水
majordomo,管家
subverting,颠覆
shepherding,牧羊
forsworn,宣誓者
dumfries,邓弗里斯
gruner,格鲁纳
nucleotides,核苷酸
socko,袜子
sunray,阳光
tearjerker,催泪弹
enchants,附魔
isley,艾斯利
lambskin,羊皮
blais,布莱斯
luoyang,洛阳
hula-hoop,呼啦圈
froufrou,弗鲁弗鲁
convincer,说服者
roll-ups,卷帘
portholes,舷窗
hypoglycemia,低血糖
larking,嬉戏
deep-cover,深度掩护
galli,加利
erebus,厄瑞玻斯
arm-wrestling,掰手腕
naughtiest,最顽皮的
godefroy,戈德弗罗伊
paar,帕尔
love-in,爱之集
stranding,搁浅
necro,死灵
usp,美国邮政
muffs,耳罩
euler,欧拉
stylus,触控笔
marchant,马钱特
low-end,低端
gonne,贡
spoor,痕迹
indescribably,难以形容地
spicing,调味
apte,合适的
semantic,语义
pontecorvo,庞特科尔沃
masochists,受虐狂
holdups,抢劫
blackball,黑球
redpath,红径
agu,古
plebiscite,全民公投
fourth-year,第四年
whereon,其中
copyrights,版权所有
endeavoring,努力
midian,米甸
eubanks,欧班克斯
kilmore,基尔莫尔
untangled,解开
identifier,标识符
teabags,茶包
towser,拖车
ex-soldier,退伍军人
armature,衔铁
jacquard,提花
sufferance,忍耐
diverts,转移
luda,卢达
effusive,热情洋溢
fowls,家禽
bukhara,布哈拉
potty-trained,已接受如厕训练
betancourt,贝坦库尔
coimbra,科英布拉
firmware,固件
balaban,巴拉班
alky,醇类
risk-taking,冒险行为
mentorship,导师制
thickly,浓密
prato,普拉托
gumming,胶质
washed-out,褪色
pianoforte,钢琴
farthings,四分之一便士
armida,阿米达
tutte,全部
belton,贝尔顿
noy,诺伊
unanticipated,意外
tallboy,高脚杯
calfskin,小牛皮
pozzo,波佐
drovers,司机
whitestone,白石
shoreham,肖勒姆
squalls,暴风雨
nagpur,那格浦尔
pinstripes,细条纹
bioluminescent,生物发光
champing,冠军
muscly,肌肉发达的
cookie-cutter,千篇一律
vicenza,维琴察
samos,萨莫斯
clausewitz,克劳维茨
sumac,苏玛克
villon,维隆
mise,弥撒
gein,盖因
beit,贝特
guidry,指南
dall,达尔
oms,oms
saiga,赛加
disorient,迷失方向
odder,更奇怪
schoo,学校
multi-level,多层级
vales,山谷
closers,收尾
monro,门罗
camarillo,卡马里奥
farmstead,农场
swifter,更迅捷
rudman,鲁德曼
emus,鸸鹋
shrinker,收缩器
spray-on,喷雾式
snuffing,吸鼻烟
top-down,自顶向下
unblocked,畅通
choirboys,唱诗班男孩
tendering,投标
congregated,聚集
alcock,阿尔科克
rummaged,翻找
fot,脚
unfrozen,解冻
going-over,回顾
serialized,序列化
lewisham,刘易舍姆
catchment,集水
cheesecakes,芝士蛋糕
henrys,亨利
elohim,神灵
lood,洪水
jenifer,珍妮弗
noontime,中午
denn,丹恩
sleepiness,困倦
sympathizing,同情的
lto,到
acura,讴歌
honshu,本州
leanna,莉安娜
wafts,飘动
co-defendant,共同被告
footfall,人流量
subsist,生存
fem,女性
platitude,老生常谈
peashooter,豌豆射手
multipurpose,多用途
dashiki,大石
reassigning,重新分配
cavalryman,骑兵
tracie,特蕾西
aftermarket,售后市场
do-re-mi,哆来咪
kneepads,护膝
quant,量化
bacha,巴查
smallness,小
in-country,国内
dictum,格言
freyr,弗雷尔
mesozoic,中生代
sivas,湿婆
workbooks,工作簿
saud,沙特
lq,低质量
throttles,油门
cre,cre
stammered,结结巴巴
sightsee,观光
shipper,托运人
paintballs,彩弹
tunny,金枪鱼
ngaio,恩加约
anat,解剖学
bowes,鲍斯
broad-spectrum,广谱
marling,杂色
mulberries,桑葚
circumvented,规避
yodelling,约德尔唱法
harbingers,预兆
spoofed,欺骗
pers,人
sun-kissed,阳光亲吻过的
pre-columbian,前哥伦布时期
ruma,鲁玛
antitrust,反垄断
playgirl,花花公子
ees,伊斯
tamerlane,帖木儿
mediators,调解员
cdr,光盘
ramped,斜坡
inflationary,通货膨胀
scrubby,灌木丛
chalking,粉笔
dispirited,颓废
balaton,巴拉顿
shabbily,破旧地
heckles,嘲讽
bini,比尼
primroses,报春花
ecole,学校
cryptographer,密码学家
dalston,达尔斯顿
overstretched,过度拉伸
belugas,白鲸
lio,里奥
ascendancy,优势
plinth,基座
roush,鲁什
infusing,输液
enlargements,扩大
stutz,斯图茨
coagulated,凝固的
curtiss,柯蒂斯
for-profit,营利性
normalization,正常化
commissariat,粮食
numerically,数值上
rugger,橄榄球运动员
monoliths,巨石
limeys,酸橙
fortunetellers,算命先生
lacan,拉康
mola,莫拉
nad,纳德
collectable,收藏品
laser-guided,激光制导
carding,卡片整理
schloss,城堡
redoubt,堡垒
b-day,生日
jetsam,残骸
botanists,植物学家
maye,五月
covenants,圣约
medallist,奖牌获得者
etoile,星
front-wheel,前轮
ingeniously,巧妙地
poos,粪便
mauthausen,毛特豪森
rookery,乌鸦巢
jinxing,厄运
armen,阿门
snowdrift,雪堆
solzhenitsyn,索尔仁尼琴
poky,慢吞吞
argonne,阿贡
nack,技巧
foisted,强加
antonella,安东内拉
socratic,苏格拉底
equivocal,模棱两可
protozoa,原生动物
gagliano,加利亚诺
harpooned,被鱼叉刺中
ladner,拉德纳
spicier,更辣
trabzon,特拉布宗
stor,存储
gangbang,群交
batavia,巴达维亚
muddling,混乱
tinkler,叮当
bacharach,巴赫拉赫
airforce,空军
aleutian,阿留申群岛
treks,徒步旅行
flouting,藐视
infrequently,不常
wintering,越冬
chimed,齐声说道
backstretch,后直道
somer,一些
bhatnagar,巴特纳加尔
devolved,下放
loll,哈哈
irregulars,不规则
gelatine,明胶
centavos,百
langtry,朗特里
stylishly,时尚地
manically,疯狂地
subjectivity,主观性
incarnated,化身
smalltime,小
trilateral,三边形
ohno,哦诺
shoppe,商店
tid,tid
conniption,暴怒
sev,塞夫
merrymaking,欢乐
seances,降神会
shut-ins,隐居者
rhomboid,菱形
imus,伊姆斯
billfold,钱包
omnes,所有人
wanked,撸管
ajanta,阿旃陀
razzmatazz,喧闹
holing,打孔
grumman,格鲁曼
bedell,贝德尔
shubert,舒伯特
c-word,c字
bohlen,博伦
ventilators,呼吸机
denali,德纳利
maoris,毛利人
frappe,冰沙
orissa,奥里萨邦
halfwits,半傻子
pemba,彭巴
bunce,邦斯
self-deception,自欺欺人
gast,胃
cultists,邪教徒
earthenware,陶器
cand,坎德
paediatrics,儿科
worksheet,工作表
southwards,向南
yes-man,唯唯诺诺的人
briquette,煤球
camera-shy,害羞
nuttall,纳托尔
streatham,斯特里瑟姆
sicknesses,疾病
vit,维生素
elt,elt
kah,卡
clemson,克莱姆森
lenard,莱纳德
drennan,德伦南
gianfranco,吉安弗兰科
shamanism,萨满教
blotch,斑点
terpsichore,舞蹈
rumania,罗马尼亚
itamar,伊塔玛
macdowell,麦克道尔
lippi,利皮
dolts,笨蛋
call-out,大喊
towelette,湿巾
jungian,荣格
bolivians,玻利维亚人
churchgoing,去教堂
tientsin,天津
marias,玛丽亚
moriah,摩利亚
algarve,阿尔加维
high-priority,高优先级
broadest,最广泛的
taichung,台中
mellencamp,梅伦坎普
dramatization,戏剧化
cimarron,西马龙
shinbone,胫骨
malformed,畸形
bookcases,书柜
mlk,马丁
developmentally,发展
amalgamation,合并
inspectorate,监察局
carvalho,卡瓦略
naturist,天体主义者
otb,OTB
greenies,环保主义者
borowski,博罗夫斯基
polygamous,一夫多妻制
dehumanizing,非人化
ime,时间
regurgitating,反刍
accessibility,无障碍
lepidus,利皮杜斯
nooky,性爱
codeword,密码
lilliput,小人国
taw,塔瓦
psychosexual,性心理
exonerating,免责
fhe,弗
ors,或
brittain,英国
denouement,结局
assertiveness,自信
untreatable,无法治愈
payrolls,工资单
discouragement,沮丧
birding,观鸟
positano,波西塔诺
poulton,波尔顿
aswan,阿斯旺
unfaithfulness,不忠
hsbc,汇丰银行
silverton,锡尔弗顿
airbrushing,喷枪
snivel,鼻涕
upperclassman,高年级学生
retouching,修图
roko,roko
kapp,卡普
diao,刁
skaggs,斯卡格斯
cienega,谢内加
blurts,脱口而出
counterespionage,反间谍
oedema,浮肿
preta,黑
spaniels,西班牙猎犬
breadbasket,面包篮
coordinated,协调
obispo,奥比斯波
t3,t3
glockenspiel,钟琴
bad-luck,厄运
sheepishly,羞怯地
syrups,糖浆
chequers,跳棋
morrisey,莫里西
initializing,初始化
capetown,开普敦
multiplicity,多重性
dross,浮渣
posen,波森
g7,g7
crevasses,裂缝
hanno,汉诺
submerging,沉没
transected,横切
fly-by,飞掠
bombardments,轰炸
biju,比朱
outliers,异常值
yakitori,烤鸡串
unstick,解粘
veldt,草原
usui,臼井
penciled,铅笔画
chacko,查克
commodores,准将
warburg,瓦尔堡
fourier,傅里叶
evades,逃避
hiney,臀部
retold,重述
hodgkins,霍奇金斯
unpronounceable,无法发音
amalie,阿玛莉
echinacea,紫锥菊
chive,细香葱
synesthesia,联觉
mindfulness,正念
loquacious,贫嘴
rereading,重读
rexford,雷克斯福德
iizuka,饭冢
bodied,有形的
laundromats,洗衣店
gute,好
vortices,涡旋
inequity,不公平
chocks,楔块
singly,单独
embarcadero,码头区
therewith,由此
tepe,特佩
vonnegut,冯内古特
dox,dox
lorin,洛林
paperweights,镇纸
baseness,卑鄙
airtight,密闭
redbook,红皮书
suspender,背带
arendt,阿伦特
bodin,博丁
salivate,唾液
benazir,贝娜齐尔
sticklers,吹毛求疵者
nobleness,高贵
double-double,双倍
beddy-byes,睡前
lewin,勒温
idles,空闲
moncada,蒙卡达
battleaxe,战斧
nearness,接近
shtetl,犹太小镇
fantasising,幻想
bermejo,贝尔梅霍
corbusier,柯布西耶
psychopathy,精神病态
nationwide,全国
alighieri,阿利吉耶里
lef,左
reawakened,重新觉醒
servos,伺服电机
vaqueros,牛仔
ischia,坐骨
acing,精通
repudiated,否认
mico,微
tuum,tuum
lep,瘦肉
stiffening,刚度
sprinters,短跑运动员
gildas,吉尔达斯
porcini,牛肝菌
rudderless,无舵
placated,安抚
manzoni,曼佐尼
clonazepam,氯硝西泮
provencal,普罗旺斯
liqueurs,利口酒
barbican,巴比肯
churchwarden,教堂执事
clasping,紧握
kimchee,泡菜
biggies,大人物
inadvisable,不宜
doper,吸毒者
telfer,特尔弗
slobbery,流口水的
navies,海军
yola,约拉
antivirus,杀毒软件
subsonic,亚音速
citi,花旗银行
pickaxes,镐
reciprocating,往复式
t1,t1
leachman,利奇曼
kye,凯
marshalsea,马绍尔西
loudmouthed,大嗓门
blowgun,吹箭筒
eyeglass,眼镜
sugarcoated,糖衣炮弹
luanda,罗安达
stranglers,勒死者
ninepence,九便士
smolder,闷烧
cascara,卡斯卡拉
handspring,手翻
leaven,酵
well-hung,雄壮
flamer,火焰喷射器
brindisi,布林迪西
courtenay,考特尼
launders,洗衣工
zon,区域
emulating,模拟
bayeux,巴约
kilauea,基拉韦厄
gagan,加甘
grayish,灰蒙蒙的
potpie,馅饼
bipolar,双极
moorhead,沼泽头
audie,奥迪
morass,沼泽
minar,尖塔
nemanja,内曼贾
lip-sync,唇语同步
routers,路由器
nihon,日本
anti-bullying,反欺凌
plesiosaur,蛇颈龙
seely,显而易见
caltrans,加州交通局
farmhouses,农舍
foment,罨
afflicting,折磨
amputating,截肢
gnostic,诺斯替主义
speedball,速球
testa,表皮
bpo,业务流程外包
poppe,波普
locators,定位器
rinpoche,仁波切
upholds,维护
spi,spi
materialization,物质化
coagulate,凝
perceval,感知
sulked,生闷气
lipitor,立普妥
supplemented,补充
cilia,纤毛
dardanelles,达达尼尔海峡
seafarer,海员
radials,径向
backtalk,顶嘴
victorio,维克托里奥
bloodier,更血腥
barbu,巴布
mentis,精神
loan-sharking,高利贷
saccharin,糖精
unapologetic,毫不道歉
gunna,古纳
iida,伊达
cutaway,剖面图
jonsson,琼森
ysidro,伊西德罗
meatpacking,肉类加工
tunelessly,不和谐地
lovesick,相思病
nsb,nsb
windom,温多姆
lavalle,拉瓦列
millican,米利坎
hedged,对冲
homerun,全垒打
treasonable,叛国罪
aloo,土豆
undersized,矮小
kabobs,烤肉串
judaea,犹太
keeton,基顿
apoplectic,中风
pigging,猪圈
btk,BTK
pob,pob
burros,驴
tramway,有轨电车
fratricide,兄弟相残
counteroffensive,反攻
fielded,已部署
malee,男性
lebrun,勒布伦
histology,组织学
timpani,定音鼓
boilermaker,锅炉制造者
freiburg,弗莱堡
lowflying,低空飞行
patricide,弑父
hoffer,霍弗
preteen,青少年时期
unkindly,不友善的
smo,smo
morioka,盛冈
hoeing,锄
andor,和/
berkman,伯克曼
mayfly,蜉蝣
cockatoos,凤头鹦鹉
cordier,科迪尔
aiello,艾埃洛
equities,股票
horsemanship,马术
kenyatta,肯雅塔
boodle,布德尔
unaltered,未改变的
hampers,礼篮
get-rich-quick,快速致富
presidium,主席团
talkback,互动反馈
ccd,ccd
bacchae,酒神女祭司
hf,高频
lnc,lnc
speckles,斑点
oland,奥兰
bench-press,卧推
maslin,马斯林
paseo,帕塞奥
brescia,布雷西亚
vad,瓦德
rossignol,罗西尼奥尔
pande,潘德
gats,盖茨
kristiansen,克里斯蒂安森
ferri,费里
impetigo,脓疱疮
haversack,手提袋
workstations,工作站
directorial,导演
ducal,公爵
munched,咀嚼
maxillary,上颌
useable,可用
ojos,眼睛
foodstuff,食品
undefeatable,不可战胜的
hoofing,蹄子
saqqara,萨卡拉
ond,ond
pv,光伏
foto,照片
nha,nha
dressmakers,服装设计师
profaned,亵渎
driverless,无人驾驶
mooned,对着月亮
unavenged,未复仇
praetorius,执政官
bookbinder,装订工
mcculloch,麦卡洛克
turandot,图兰朵
ower,所有者
startups,创业公司
reversals,逆转
mangler,绞肉机
evangelists,福音传道者
meitner,迈特纳
firings,解雇
lollapalooza,拉拉帕卢扎
koma,驹
liii,liii
grandin,格兰丁
emanation,散发
breasted,胸部
branford,布兰福德
morand,莫兰德
edirne,埃迪尔内
sabretoothed,剑齿虎
peppery,胡椒
bottom-feeder,底栖生物
hammam,土耳其浴
fast-growing,快速增长
ritually,仪式性地
roosting,栖息
samford,萨姆福德
assail,攻击
laryngoscope,喉镜
transfigured,变形
stinko,臭鼬
documentarian,纪录片制作人
acha,啊哈
pais,国家
verbalize,口头表达
exhaustively,彻底地
mckeon,麦基翁
jame,詹姆斯
widowmaker,寡妇制造者
predictor,预测器
conger,鳗鱼
nontraditional,非传统
nabokov,纳博科夫
spectroscopy,光谱学
inglorious,不光彩的
mccombs,麦库姆斯
schulze,舒尔茨
underrate,低估
plumbed,管道
easement,缓和
umma,乌玛
blood-related,血缘关系
hyphenate,连字符
reneging,反悔
hadden,哈登
high-protein,高蛋白
dust-up,争执
tylor,泰勒
abso,绝对
red-letter,红字
cornflower,矢车菊
saurian,蜥蜴
flamingoes,火烈鸟
confessors,忏悔者
glycerine,甘油
photo-op,拍照机会
quadrillion,千万亿
lensing,镜头
magdalen,抹大拉的玛利亚
grey-haired,白发苍苍
peary,梨树
nds,nds
engrossing,引人入胜
tog,tog
gutterman,下水道工人
bacilli,杆菌
force-feeding,强迫喂食
ice-free,无冰
barefaced,露骨
v-1,v-1
prudes,伪君子
middle-age,中年
camacho,卡马乔
manifestly,显然
complies,符合
dully,沉闷地
vio,暴力
namur,那慕尔
najib,纳吉布
sublimation,升华
fourscore,八十
comforters,被子
recalibrating,重新校准
sconce,壁灯
hannan,汉南
hebe,赫柏
lowman,洛曼
blackheads,黑头
reselling,转售
freshers,新生
petto,佩托
nsw,新南威尔士州
keswick,凯西克
azucena,阿苏塞娜
amontillado,阿蒙蒂亚多
messrs,先生们
hijackings,劫机
slapdash,草率
mcmurtry,麦克默特里
democratization,民主化
opioid,阿片类药物
chocolatier,巧克力制造商
mailmen,邮递员
placebos,安慰剂
bootstrap,引导程序
leve,水平
furukawa,古川
withrow,行
leftie,左撇子
hassel,哈塞尔
pierpont,码头
sabi,萨比
towered,高耸
fuzzies,模糊
mountebank,骗子
bonked,撞到
replayed,重播
gluck,格鲁克
daejeon,大田
uninitiated,新手
enunciating,清晰地表达
behooves,理应
crack-up,崩溃
naha,那霸
biscay,比斯开
montebello,蒙特贝罗
chubs,胖子
url,网址
predicate,谓词
utterances,话语
choosey,挑三拣四
edm,电子舞曲
dand,dand
love-story,爱情故事
cheapness,廉价
lix,利克斯
taints,污点
carpetbaggers,投机者
giddiness,眩晕
mudslides,泥石流
breathtakingly,令人叹为观止
trilobite,三叶虫
sodomize,鸡奸
starrett,斯塔雷特
turku,图尔库
mendacity,谎言
victimize,受害
mid-twenties,二十五六岁
recyclables,可回收物
lobotomies,脑叶切除术
dace,达斯
fessed,坦白
catsup,番茄酱
foothill,山麓
non-dairy,非乳制品
kleinfeld,克莱因菲尔德
banditry,匪盗
pliant,柔韧的
hems,下摆
circumnavigate,环球航行
inseam,内缝
mees,米斯
characterise,描述
busing,公交车
stealers,窃贼
aharon,阿哈龙
beignets,贝涅饼
tommies,汤米
dinkum,真家伙
reintegration,重返社会
neem,楝树
shir,衬衫
misawa,三泽
fining,澄清
pelton,佩尔顿
warriner,沃里纳
overmatched,实力悬殊
consistory,理事会
meridians,经络
trendsetter,潮流引领者
educations,教育
enfant,孩子
spanners,扳手
dog-and-pony,狗和小马
nitty,细枝末节
waddell,瓦德尔
shattuck,沙塔克
benfica,本菲卡
eos,eos
frailties,弱点
loudmouthed,大嗓门
syrah,西拉
psychoanalytic,精神分析
silvestre,森林
placer,砂矿
pennants,三角旗
hangers-on,闲杂人等
timescale,时间尺度
housefly,苍蝇
sneed,需要
euphemia,优泮
quickened,加速
accustom,习惯
rime,韵脚
grooved,带槽
dybbuk,恶灵
publicise,宣传
unscrewing,拧开
trickle-down,涓滴效应
perforations,穿孔
codebook,代码簿
cro,cro
frijoles,豆子
switcher,切换器
intra-abdominal,腹腔内
adana,阿达纳
fairmount,费尔蒙特
twinkles,闪烁
flinty,燧石
deriving,推导
speedboats,快艇
tyndale,廷代尔
divot,凹痕
jat,贾特
she-male,变性人
beeching,比奇金
antenatal,产前
aspinall,阿斯皮纳尔
celt,凯尔特
rooty,根须
divergence,发散
civilly,文明地
misjudgment,误判
paya,帕亚
uncouple,解耦
winterbourne,温特伯恩
immunized,已免疫
sleepwalkers,梦游者
yaz,雅兹
mackerels,鲭鱼
antes,前
donte,唐特
bladed,带刃的
plumped,丰满的
hungrily,饥饿地
noronha,诺罗尼亚
reversion,反转
normalized,归一化
neves,内维斯
abdo,腹部
unkillable,杀不死的
locales,地点
foresters,林务员
sheaf,捆
legendre,勒让德
tuneless,无调性
freeze-frame,定格画面
punkin,南瓜
instil,灌输
inheritors,继承人
shabu,涮涮锅
sanga,桑加
needleman,针人
peeves,烦心事
move-in,入住
steeples,尖顶
in-person,亲自
misty-eyed,眼眶湿润
slimed,黏液
requited,回报
expresso,浓缩咖啡
filthier,更肮脏
obstructs,阻碍
untruthful,不真实的
sabino,萨比诺
afeared,恐惧
offsides,越位
marinus,海
legolas,莱戈拉斯
modo,模式
longish,较长
satcom,卫星通信
sheaths,鞘
tauber,陶伯
greeny,绿色的
hainan,海南
ssc,ssc
lockerbie,洛克比
antimony,锑
impermanence,无常
dimon,迪蒙
recheck,重新检查
klemens,克莱门斯
zilla,吉拉
g-rated,适合所有年龄段
malachite,孔雀石
detoxification,排毒
weak-kneed,腿软
palling,苍白
armors,盔甲
patters,模式
throwdown,决斗
rebuilds,重建
analytics,分析
inhouse,内部
rabbinical,拉比的
trusses,桁架
atchison,艾奇逊
baltazar,巴尔塔扎
gpo,政府采购组织
delmas,德尔马斯
marshalling,编组
dingdong,叮咚
freeborn,自由出生的
erector,竖立者
urbana,厄巴纳
muti,多蒂
naturalism,自然主义
bosa,博萨
sandoz,山德士
montagne,蒙塔涅
phenol,苯酚
telomeres,端粒
anti-terror,反恐
padgett,帕吉特
absolving,赦免
highlighter,荧光笔
ents,ents
proffered,提供的
soundless,无声
emasculate,阉割
corneille,科内尔
lecce,莱切
cruncher,嘎吱嘎吱
precipitating,沉淀
dewhurst,德赫斯特
industrial-strength,工业级
patiala,帕蒂亚拉
beaned,豆子
xenophobia,仇外心理
toyland,玩具王国
teddy-bear,玩具熊
retakes,重考
coatroom,衣帽间
blue-chip,蓝筹股
laverty,拉弗蒂
multifaceted,多面性
shackleford,沙克尔福德
pavilions,亭子
locksmiths,锁匠
mizrahi,米兹拉希
adverb,副词
fold-out,折叠式
smocks,罩衫
dux,杜克斯
cellos,大提琴
isolationist,孤立主义者
hometowns,家乡
dappled,斑驳的
repossessing,收回
abdu,阿卜杜
dorman,多尔曼
ho-hum,唉
ejaculating,射精
cle,克莱
grimacing,龇牙咧嘴
excreted,排泄物
anti-smoking,反吸烟
lotteries,彩票
genera,属
civic-minded,有公民意识
gasworks,煤气厂
geh,呃
chaplains,随军牧师
growler,咆哮者
bettered,改进
astroturf,人造草坪
off-center,偏离中心
mitcham,米查姆
decelerating,减速
frolics,嬉戏
samsonite,新秀丽
phosphorescent,磷光
newsom,纽森
dreamworld,梦境世界
iterations,迭代
griffon,狮鹫
pendle,彭德尔
animating,动画
erroneously,错误地
timekeeping,计时
unwisely,不明智地
spanish-american,西班牙裔美国人
underdone,未煮熟
doorkeeper,门卫
hieroglyph,象形文字
theremin,特雷门琴
heart-lung,心肺
databanks,数据库
fatt,脂肪
wielder,持有者
silver-tongued,巧舌如簧
topcoat,外套
voyeuristic,偷窥
enchantments,魔法
oblation,祭祀
conspiratorial,阴谋
blow-off,吹气
crescendos,渐强
wide-ranging,范围广泛
halton,霍尔顿
aficionados,爱好者
ethnicities,种族
dropkick,飞踢
brickwork,砖砌体
afterworld,来世
malbec,马尔贝克
formalin,福尔马林
scandinavians,斯堪的纳维亚人
self-government,自治
unneeded,不需要的
lowbrow,低俗文化
bellegarde,贝勒加德
quinto,昆托
cbd,CBD
spoonfed,喂饭
antitank,反坦克炮
chlorate,氯酸盐
fuck-off,滚蛋
mortgaging,抵押贷款
scry,占卜
palaeontologist,古生物学家
worrell,沃雷尔
sexpot,性感尤物
passy,帕西
ovations,喝彩
mclain,麦克莱恩
isidor,伊西多尔
dominica,多米尼克
grubbs,幼虫
kaputt,卡普特
gaijin,盖金
backsliding,倒退
associative,联想
stowing,存放
pre-owned,二手
overeat,暴饮暴食
receivership,接管
politicized,政治化的
coriolanus,科里奥兰纳斯
experimentally,实验
whitish,白色
bedroll,铺盖卷
lvov,lvov
presbyterians,长老会
ophthalmology,眼科
oyo,奥约
blanchett,布兰切特
corralled,围捕
treasons,叛国罪
unfriend,取消好友
plutarch,普鲁塔克
incendiaries,燃烧剂
fulvia,富尔维亚
bodybuilders,健美运动员
yad,亚德
horsewhipped,马鞭
foreshadowing,铺垫
provocateurs,挑衅者
iniquitous,不义的
reavis,里维斯
whities,白色
lamprey,七鳃鳗
re-engage,重新参与
boomerangs,回旋镖
trustworthiness,可信度
thon,索恩
mcloughlin,麦克劳林
thems,他们
levey,堤坝
souse,汤
umami,鲜味
kumasi,库马西
downes,唐斯
beckenbauer,贝肯鲍尔
dps,输出
pga,PGA
repulses,排斥
well-founded,有理有据
blustery,狂风
corrientes,科连特斯
bentleys,宾利
udall,乌达尔
fucktard,傻逼
sweetening,甜味剂
aquila,鹰
shutterbug,摄影爱好者
calley,卡利
ciu,ciu
confab,会议
kop,kop
juris,法学
meerut,米鲁特
teem,团队
irrationality,非理性
shunting,分流
dragomir,德拉戈米尔
cgt,加拿大总税
ajmer,阿杰梅尔
longshoremen,码头工人
automatons,自动机
trigg,触发器
myopia,近视
fraga,弗拉加
nygaard,尼加德
officiated,裁判
bartoli,巴托利
detonations,爆炸
howitzers,榴弹炮
confidants,知己
chasms,深渊
ough,粗糙
legumes,豆类
survivability,生存能力
grappler,摔跤手
dispenses,分发
withe,枝条
upland,高地
nrc,核管理委员会
bostock,博斯托克
supergrass,超级草
felines,猫科动物
sandlot,沙地
victoriously,胜利地
bohan,博汉
resurfacing,路面翻新
macgill,麦吉尔
boothby,布斯比
roon,房间
renegotiation,重新谈判
apd,apd
edsel,埃德塞尔
buna,布纳
passel,帕塞尔
nonstarter,不成立
menaced,受威胁
blubbing,哭泣
macbride,麦克布莱德
geste,姿态
motorcyclists,摩托车手
gabardine,华达呢
wedgwood,韦奇伍德
gj,吉
nowheres,无处可去
coiling,卷绕
pashmina,羊绒
credulity,轻信
jahangir,贾汉吉尔
scallywags,无赖
honker,喇叭
saucepans,平底锅
diplodocus,梁龙
allosaurus,异特龙
long-sleeved,长袖
submariners,潜艇兵
glittered,闪闪发光
hecklers,起哄者
rusts,锈
pterodactyls,翼龙
deportees,被驱逐者
incipient,初期
weg,韦格
steadier,更稳定
resold,转售
jpeg,jpeg
blunderbuss,铳
insupportable,站不住脚的
in-box,盒内
mealy-mouthed,含糊其辞的
cotton-picking,采棉
antebellum,内战前
bfg,吹梦巨人
cardin,卡丁
baris,巴里斯
brien,布莱恩
bie,bie
swellest,最棒的
imperatives,命令
teaspoonful,一茶匙
endoscopic,内窥镜
pekinese,北京人
kindnesses,善意
cystitis,膀胱炎
backstabbers,背后捅刀者
macrame,花边
fornicated,淫乱
mushed,糊状物
tempests,暴风雨
polythene,聚乙烯
battery-powered,电池供电
verbiage,措辞
macumba,马昆巴
emoticons,表情符号
tidiness,整洁
bite-size,一口大小
remarried,再婚
thaler,泰勒
parp,帕普
delly,德利
crocked,歪歪扭扭
lowestoft,洛斯托夫特
hamelin,哈默林
svoboda,自由
chav,查夫
cockiness,傲慢
twanging,拨弦
reawaken,重新唤醒
lavelle,拉维尔
farsighted,睿
infante,婴儿
sarcophagi,石棺
marblehead,大理石头
enlists,入伍
cogswell,科格斯韦尔
crewmates,船员
costars,联合主演
uncalled-for,不必要的
fav,最爱
marfan,马凡氏综合征
todas,全部
ruud,鲁德
newlyweds,新婚夫妇
incomparably,无与伦比
partway,部分
bantry,班特里
tampere,坦佩雷
oxygenation,氧合作用
feeb,费布
keenest,最热衷
unclassified,未分类
mezzo,中音
welk,威尔克
stockyard,牲畜场
rostrum,主席台
transfiguration,变形
ewald,伊瓦尔德
ingot,锭
throckmorton,索克莫顿
attributing,归因
gaumont,高蒙
readymade,现成
metrocard,地铁卡
cavil,挑剔
bimini,比米尼
explosively,爆炸性地
arum,魔芋
hurwitz,赫维茨
sit-up,仰卧起坐
maree,玛丽
chola,乔拉
miche,米歇尔
immobilised,固定
bombshells,重磅炸弹
exfoliating,去角质
ldf,ldf
cockerels,公鸡
jama,贾玛
calc,计算
magnesia,氧化镁
unsexy,不性感
paragliding,滑翔伞
hookups,约会
popgun,玩具枪
lates,最新
ween,温
pomposity,华丽
misrepresenting,歪曲事实
suddenness,突然
milkweed,乳草
monoid,幺半群
amandine,阿曼丁
dishrag,抹布
vcs,虚拟控制系统
attlee,艾德礼
digged,挖掘
overloads,过载
carps,鲤鱼
choko,佛手瓜
resurfaces,重新出现
moises,摩西
beta-blockers,β受体阻滞剂
emphasised,强调
corvettes,克尔维特跑车
nikolayev,尼古拉耶夫
milch,牛奶
rivero,里韦罗
second-guessed,事后猜测
risk-free,无风险
dysart,戴萨特
fmri,功能磁共振成像
binging,狂饮
sipes,细纹
fidelis,忠诚者
chokehold,锁喉
misunderstands,误会
ocs,ocs
sinuous,蜿蜒
reprobates,无赖
santorum,圣托勒姆
rive,河
crampons,冰爪
hardcover,精装
tenorio,特诺里奥
mapleton,梅普尔顿
ashbury,阿什伯里
paton,帕顿
neurologists,神经科医生
ass-kisser,拍马屁精
fis,菲斯
yenta,长舌妇
sandbagging,沙袋
tranquillisers,镇静剂
thermoses,保温瓶
homburg,霍姆堡
salivary,唾液
snuffbox,鼻烟盒
toney,托尼
dease,疾病
numbskulls,笨蛋
basked,晒太阳
harems,后宫
sleepily,昏昏欲睡地
nussbaum,努斯鲍姆
re-release,重新发行
iie,一
pua,普阿
dozier,多齐尔
sassing,傲慢
moffett,莫菲特
motorhead,摩托头
geithner,盖特纳
hauer,豪尔
prosecutes,起诉
stigmatized,受污名化的
ipa,艾帕
howells,豪厄尔斯
urea,尿素
sugarless,无糖
rotters,腐烂者
incriminates,指控
rado,雷达
pella,佩拉
kentish,肯特郡
twitty,机智
doty,多蒂
toehold,脚趾着地
conjectures,猜想
chamberlin,张伯伦
berrigan,贝里根
schick,舒适
equidistant,等距离
supersize,超大号
hardee,哈迪
unadorned,缦
tie-up,捆绑
taiping,太平
pasteurized,巴氏杀菌
upper-level,上层
put-down,贬低
slattern,邋遢鬼
tambourines,铃鼓
prohibitions,禁令
bespectacled,戴眼镜的
noshing,吃零食
self-medicate,自我用药
auric,金刚砂
khar,卡尔
dreamgirls,追梦女郎
mcaleer,麦卡利尔
lst,列表
hematomas,血肿
caulking,填缝
american-style,美式风格
parkins,帕金斯
safeguarded,受保护的
dactyl,指节
ludacris,卢达克里斯
scarlatti,斯卡拉蒂
marechal,马雷夏尔
avn,AVN
playbill,海报
vampiric,吸血鬼
streaker,裸奔者
afterschool,课后
remodelling,改造
handsaw,手锯
syncopation,切分音
pointedly,尖锐地
tilled,平铺
impeller,叶轮
mothered,母亲
franciscans,方济各会
expensively,昂贵的
matin,晨间
hedgerows,树篱
metallurgical,冶金
pipa,琵琶
fakery,造假
refundable,可退款
pacs,包裹
loe,洛伊
gielgud,吉尔古德
breastbone,胸骨
hmas,哈马斯
hader,哈德尔
poy,聚合物
rebrand,品牌重塑
adjudication,裁决
tharp,萨普
nashua,纳舒厄
watercolours,水彩画
somatic,躯体
karam,卡拉姆
memorization,记忆
arks,方舟
goulet,古莱特
alfresco,露天
indolent,懒惰的
kindergartens,幼儿园
rapscallion,恶棍
disembowelled,开膛破肚
matchboxes,火柴盒
enjoined,禁止
subscribes,订阅
a-b-c,a-b-c
grist,磨粉
spellings,拼写
cavort,嬉戏
evangelista,福音传道者
polygraphs,测谎仪
hoberman,霍伯曼
timi,蒂米
mpaa,mpaa
uneasily,不安地
jelinek,杰利内克
pergola,凉棚
refrigerate,冷藏
purport,旨趣
repositioned,重新定位
patagonian,巴塔哥尼亚
encircles,包围
ticker-tape,纸带
harkens,哈肯斯
mark-up,加价
igloos,冰屋
re-run,重播
swallower,吞咽者
sailfish,旗鱼
vauban,沃邦
concurs,同意
rheims,兰斯
lyssa,丽莎
adorably,可爱地
indicting,起诉
whisks,搅拌器
seraph,炽天使
buildin,内置
fenian,芬尼安
unquiet,不安
carmella,卡梅拉
super-strength,超强力量
godhead,神格
reinvigorated,重新焕发活力
masturbatory,自慰
patronised,受惠
minutely,精确到分钟
winterbottom,温特伯顿
cubit,肘尺
hotelier,酒店经营者
acrid,辛辣
statistician,统计学家
trapezoid,梯形
hellion,坏人
sikorsky,西科斯基
requisitioning,征用
strobel,斯特罗贝尔
benefactress,慈善家
octagonal,八边形
grudgingly,勉强
raver,锐舞者
co-starring,联合主演
ablution,沐浴
grassi,格拉西
futons,蒲团
mislabeled,标签错误
rudders,舵
contexts,背景
xeroxed,复印件
tight-fisted,吝啬鬼
rantings,咆哮
kassandra,卡桑德拉
fast-talking,语速很快
interspersed,穿插
lotuses,莲花
barmaids,酒吧女招待
ritualized,仪式化的
chari,查里
long-lived,长寿
jointed,关节
shinano,信浓
alu,铝
romanticized,浪漫化的
fairytales,童话故事
mcduff,麦克达夫
nian,年
triviality,琐碎
daws,道斯
re-form,改革
steadies,稳定器
browbeat,威逼利诱
inebriation,醉
mostar,莫斯塔尔
pitfall,陷阱
teeing,发球台
incinerating,焚烧
sani,萨尼
tribunes,看台
ceil,天花板
hakka,客家人
percolate,过滤
falun,法伦
waxwork,蜡像
ionian,爱奥尼亚
coinciding,同时发生
antalya,安塔利亚
rescinding,撤销
petrarch,彼特拉克
cliffside,悬崖边
cautions,警告
brookhaven,布鲁克海文
cornice,檐口
behar,贝哈尔
amoebas,变形虫
ellipses,省略号
nihilism,虚无主义
forecastle,前甲板
mid-sized,中型
dunghill,粪堆
byam,拜厄姆
vallee,山谷
monochromatic,单色
privet,私生子
amd,和
revitalizing,恢复活力
condensing,冷凝
swishy,嗖嗖的
preeclampsia,子痫前期
anaerobic,厌氧
oas,绿洲
timberline,林线
fry-up,煎炸
riven,裂隙
construe,解释
moviegoers,电影观众
tantalize,吊胃口
interdependent,相互依存
polycarbonate,聚碳酸酯
mexican-american,墨西哥裔美国人
earpieces,耳塞
hounslow,豪斯洛
dreier,三重奏
non-aggression,非侵略性
regicide,弑君者
thrasher,鸫
mosses,苔藓
cheka,契卡
stiff-necked,固执的
aleutians,阿留申群岛
coordinator,协调员
plopping,扑通一声
doubter,怀疑者
moet,酩悦
prc,中国
monrovia,蒙罗维亚
iqs,智商
laffer,拉弗
muzzles,口套
unanswerable,无法回答
timmer,时间
triathlete,铁人三项运动员
pentacle,五芒星
hearses,灵车
readjustment,调整
debo,德博
leatherneck,皮领
karbala,卡尔巴拉
spellbinding,引人入胜
nightcrawler,夜行者
disregards,无视
campsites,露营地
psychokinesis,意念力
proofed,已校对
bustamante,布斯塔曼特
hn,hn
zant,赞特
kalish,卡利什
palming,掌心
lys,赖氨酸
purgative,泻药
esso,埃索
neocortex,新皮层
konoe,近卫
astigmatism,散光
ill-prepared,准备不足
legge,法律
mandelbaum,曼德尔鲍姆
michaelis,米凯利斯
bilges,舱底
co-author,合著者
lathered,起泡的
midpoint,中点
broz,兄弟
violinists,小提琴手
ectopic,异位
patois,方言
arti,艺术
fantasizes,幻想
tuzla,图兹拉
yok,约克
broadens,扩大
thickets,灌木丛
parrotfish,鹦嘴鱼
coloratura,花腔
petered,彼得
adar,阿达尔
swordsmith,剑匠
baig,拜格
purnell,珀内尔
monogamist,一夫一妻制
daredevils,胆大妄为者
freire,弗雷雷
eyewash,洗眼液
intemperate,不节制的
raconteur,说书人
midfielder,中场球员
vardon,瓦尔登
bald-faced,厚颜无耻
hayfield,干草地
meyerbeer,迈耶啤酒
fleurs,花朵
unchristian,非基督徒
prolapsed,脱垂
longchamp,隆尚
unanimity,一致
dog-eared,折角的
rationalist,理性主义者
dum-dums,笨蛋
babysat,照看孩子
waterskiing,滑水
skinless,无皮
hubba-hubba,哈巴哈巴
masterwork,杰作
seva,服务
gambia,冈比亚
boudin,血肠
roubaix,鲁贝
scalar,标量
discerned,辨别
fash,时尚
take-charge,掌控
irredeemable,不可挽回的
child-rearing,育儿
digression,题外话
horsewhip,马鞭
self-satisfaction,自我满足
gwilym,格威利姆
carabiniere,登山扣
subcommittee,小组委员会
biofeedback,生物反馈
orthopaedic,骨科
bourdon,波登
purposeless,无目的
andris,安德里斯
maybach,迈巴赫
adheres,粘着
such-and-such,某某
riposte,反驳
testator,测试者
glorifies,荣耀
enforceable,可强制执行
nationalised,国有化
dando,丹多
melun,梅伦
storerooms,储藏室
resumption,恢复
slims,瘦身
ital,意大利
taxi-driver,出租车司机
kauffman,考夫曼
deepwater,深水
dorking,笨蛋
subtropical,亚热带
schoolkids,学童
snidely,阴险地
benedek,贝内德克
soares,索瑞斯
lost-and-found,失物招领处
ubs,瑞银
tyburn,泰伯恩
glickman,格利克曼
rough-and-tumble,粗暴的
frommer,前
coots,白骨顶鸡
justifications,理由
flattop,平顶
congregating,聚集
respirators,呼吸器
muckle,大块
inf,信息
protractor,量角器
marler,马勒
vexation,烦恼
considine,康西丁
railgun,电磁炮
bickle,比克尔
yugoslavs,南斯拉夫人
outpatients,门诊病人
christin,克里斯汀
recrimination,相互指责
defoe,德福
purpose-built,专门建造
paxil,帕罗西汀
elbert,埃尔伯特
monotheistic,一神论
turok,图洛克
cont,续
functionally,功能上
strome,基质
frizz,毛躁
boddy,博迪
uid,uid
ipcc,ipcc
memorialize,纪念
holtzman,霍尔茨曼
quintal,五分之一
silke,丝绸
institutionalised,制度化的
bukkake,群交
delved,深入研究
banishes,驱逐
ltl,ltl
wolfed,狼吞虎咽
aerosols,气溶胶
wheelbase,轴距
preheat,预热
sufficiency,充足性
humphry,汉弗莱
homunculi,小人
specialness,特殊性
crespo,克雷斯波
idioms,成语
fortieth,第四十
finagle,芬格尔
nootka,努特卡
spit-up,吐奶
meck,机械
rafter,椽
lifeform,生命体
saif,赛义夫
foolery,愚蠢
strafe,扫射
dangerfield,危险地带
eidetic,图像记忆
kla,克拉
insurances,保险
yakut,雅库特
commonalities,共同点
bus-stop,公交车站
peremptory,蛮横
aristos,贵族
bourdain,布尔丹
mamet,马梅特
ball-breaker,破坏者
takeover,收购
soaping,肥皂
teeter,跷跷板
balbo,巴尔博
ring-a-ding,叮叮当当
siders,边锋
lantau,大屿山
disconcerted,不安
bulldozing,推土机
appointee,受委任人
lunchboxes,午餐盒
jiangsu,江苏
mattel,美泰
zine,杂志
front-end,前端
exertions,努力
stovall,斯托瓦尔
petits,小
stilt,高跷
hexes,六边形
allowable,允许的
blusters,虚张声势
crystallize,结晶
tricked-out,改装过的
ramsgate,拉姆斯盖特
mikawa,三川
cooperatives,合作社
bulgari,宝格丽
vileness,卑鄙
springwood,斯普林伍德
stupefying,令人震惊
unhindered,畅通无阻
philosophic,哲学
reenactments,重演
solicitude,关怀
exuded,渗出物
waterski,滑水
flossy,牙线
eccentrics,怪人
kasdan,卡斯丹
sephora,丝芙兰
fruiting,结果
rediscovery,重新发现
grousing,抱怨
reassembling,重新组装
mfa,美术硕士
canadiens,加拿大人队
mufflers,消音器
blain,布莱恩
kuda,库达
extrapolated,推断
hata,畑
destabilise,破坏稳定
fac,脸
edc,EDC
maddock,马多克
subsidizing,补贴
vasey,瓦西
hetch,赫奇
novosibirsk,新西伯利亚
laundries,洗衣店
escondido,埃斯孔迪多
bostwick,博斯威克
slopping,倾斜
maastricht,马斯特里赫特
erodes,侵蚀
kanata,卡纳塔
feely,感觉
birthdate,出生日期
cleaved,劈裂
dowries,嫁妆
bnp,孟加拉国人民党
sadomasochism,虐恋
righty-ho,右撇子
peleliu,佩莱利乌
serbo-croatian,塞尔维亚-克罗地亚语
chambliss,香布利斯
haw-haw,哈哈
brookline,布鲁克莱恩
hammurabi,汉谟拉比
call-girl,应召女郎
moppet,小孩
recanting,反悔
penthouses,顶层公寓
rudiments,基本原理
becalmed,平静
statuary,雕像
smedley,斯梅德利
bigness,大
righter,右
blowouts,大比分
nanak,纳纳克
dewdrop,露珠
rosebushes,玫瑰丛
broadmoor,布罗德莫尔
murr,穆尔
andrus,安德鲁斯
ringlets,环状物
segregate,分离
circulars,通告
holberg,霍尔伯格
sare,萨雷
novena,九日敬礼
hain,海因
midweek,周中
digestible,可消化
pneumonic,助记
grumbled,咕哝
metaphoric,比喻
atten,关注
lampard,兰帕德
legman,腿人
quilty,奎尔蒂
cross-contamination,交叉污染
preps,准备
oration,演讲
spiffing,妵
gentlemens,先生们
absorber,吸收器
steeply,陡峭地
shutoff,关闭
outfoxed,被智胜
trudged,艰难跋涉
microorganism,微生物
varley,瓦利
abscesses,脓肿
prats,老鼠
killick,基利克
backlit,背光
ecstatically,欣喜若狂
folger,福尔杰
hydrocephalus,脑积水
dats,数据
gingko,银杏
sentience,知觉
patterning,图案
chandar,钱德尔
stomachaches,胃痛
whip-round,轮流募捐
lycanthropy,狼人症
spatters,飞溅物
hole-in-the-wall,墙洞
insures,保险
townships,乡镇
mizuho,瑞穗
mohs,莫氏
specters,幽灵
sklar,斯克拉
quivered,颤抖
icecreams,冰淇淋
colo,彩色
heiner,海纳
attention-seeking,博取关注
counterclockwise,逆时针方向
accosting,骚扰
novy,诺维
flinders,燧石
flukes,吸虫
reverse-engineer,逆向工程
guzzled,狼吞虎咽
hla,肝素
valdivia,瓦尔迪维亚
forearmed,前臂
flipside,背面
high-heel,高跟鞋
biel,比尔
gunrunning,军火走私
byproducts,副产品
pressurization,加压
manifolds,歧管
deni,否认
canopies,树冠
fuad,福阿德
edf,EDF
inconspicuously,不引人注目地
iza,伊扎
garmin,佳明
whistleblowers,举报人
seersucker,泡泡纱
yecch,耶奇
ferrand,费兰德
chroniclers,编年史家
vietminh,越盟
tiberias,提比里亚
four-poster,四柱床
sog,索格
tranquilized,镇静剂
radioman,无线电员
sheboygan,希博伊根
coconspirator,同谋
tranquillizer,镇静剂
jeffreys,杰弗里斯
rawness,生猛
sartorial,服装
tints,色调
honecker,昂纳克
vosges,孚日山脉
self-confessed,自认
girish,吉里什
leftover,剩余物
jeered,嘲笑
sixpack,六块腹肌
ruppert,鲁珀特
rastafarian,拉斯塔法里教徒
digests,摘要
emanations,辐射
maddened,疯狂的
sublimated,升华
trampolines,蹦床
choristers,唱诗班成员
conciliation,和解
charest,查雷斯特
portela,波特拉
upended,颠倒
hangout,挂出
despatched,已派送
gallegos,加列戈斯语
falsification,伪造
jack-of-all-trades,多面手
hole-in-one,一杆进洞
sequentially,按顺序
gobsmacked,目瞪口呆
faenza,法恩扎
eckhardt,埃克哈特
revolutionizing,革命性的
longview,长景
starlit,星光
anas,阿纳斯
hausfrau,家庭主妇
vigilantism,私刑
toddling,蹒跚学步
newhall,纽霍尔
rearmament,重新武装
doggedly,顽强地
tmg,tmg
carin,卡林
predestination,预定论
valles,瓦列斯
crinkly,皱巴巴的
rojak,罗惹
garfish,针鱼
uvula,小舌
ecstacy,狂喜
tange,切线
chugged,猛灌
lviv,利沃夫
pared,精简
cadenza,华彩乐段
tir,tir
persecutors,迫害者
glitzy,闪亮的
festers,溃烂
scrimping,节俭
catalepsy,僵直症
stade,体育场
tom-toms,嗵嗵鼓
basilar,基底
riviere,里维埃
tramples,践踏
occupier,占领者
anacondas,蟒蛇
obligate,义务
notepaper,便笺
pounces,猛扑
uselessness,无用性
mendocino,门多西诺
reined,勒住
markey,马基
sombreros,墨西哥帽
beter,更好
cross-border,跨境
shimoda,下田
qs,qs
humouring,幽默
addicting,令人上瘾
adaptor,适配器
keon,基恩
ceti,鲸鱼座
renegotiating,重新谈判
pukka,正宗
gema,宝石
drive-ins,汽车影院
vom,呕吐
joppa,乔帕
damas,大马士革
hamar,哈马尔
co-pay,共同支付
hosni,霍斯尼
nicol,尼古拉斯
sloman,斯洛曼
tannins,单宁
rapidity,快速
redmayne,雷德梅恩
creatine,肌酸
startles,惊吓
skimping,偷工减料
jukeboxes,点唱机
oriel,凸窗
skein,绞
poisonings,中毒
sit-ins,静坐示威
retractors,牵开器
macaque,猕猴
roller-skate,轮滑
gummed,胶水
jarry,罐头
timex,天美时
whack-a-mole,打地鼠
unsalted,无盐
bicuspid,二尖瓣
drownings,溺水
digitize,数字化
out-of-bounds,出界
boulanger,面包师
pittsburg,匹兹堡
dissociation,解离
burge,伯吉
wide-awake,清醒
gladwell,格拉德威尔
outstayed,逗留时间过长
unorganized,杂乱无章
individualist,个人主义者
suruga,骏河
tenderest,最嫩的
devises,装置
panoply,全套装备
drescher,德雷舍尔
purports,声称
pocky,百奇
slipshod,草率
pitch-dark,漆黑一片
verte,顶点
self-induced,自我诱导
breckinridge,布雷肯里奇
utley,尤特利
gannet,塘鹅
faecal,粪便
ovulate,排卵
well-timed,时机恰当
go-carts,卡丁车
crones,老妪
foxton,福克斯顿
hornby,霍恩比
dangly,悬垂的
battle-hardened,身经百战
unt,未
schroder,施罗德
ranchero,牧场
geoengineering,地球工程
supercharge,增压
rebounded,反弹
statuettes,小雕像
paperless,无纸化
easterners,东方人
horseflesh,马肉
congregants,会众
spouted,喷涌而出
sunnis,逊尼派
chanson,香颂
buck-naked,一丝不挂
dishonoring,不光彩
kunming,昆明
carrel,小隔间
chrystal,水晶
opm,opm
spr,喷发
laurier,劳里埃
straight-laced,一本正经的
subwoofer,低音炮
cambodians,柬埔寨人
fetishism,拜物教
infesting,虫害
ary,ary
guangxi,广西
flits,飞掠
polyamorous,多伴侣关系
kura,库拉
hammonds,哈蒙德
voluminous,大量的
unformed,未成形的
doubleheader,双赛
flimflam,胡扯
sro,sro
dsm,dsm
deadpan,面无表情
jowl,面颊
strew,肸
panetta,帕内塔
kleptomania,盗窃癖
chimeras,嵌合体
mystify,故弄玄虚
chaebol,财阀
selfsame,自身
anschluss,奥地利合并
foresail,前帆
weepers,哭泣者
thankyous,谢谢
potrero,波特雷罗
uncorrupted,未腐败的
alcohol-free,不含酒精
badr,巴德尔
aboriginals,原住民
gunrunning,军火走私
usurers,高利贷者
perversely,反常地
rabia,狂犬病
extramarital,婚外
sweet-and-sour,酸甜
sympathiser,同情者
casillas,卡西利亚斯
coops,合作社
undependable,不可靠的
dafydd,达菲德
cova,新冠疫情
icbms,ICBM
openshaw,奥普肖
applicator,涂抹器
creditable,可信赖的
amniocentesis,羊膜穿刺术
enforces,强制执行
turney,特尼
colorist,调色师
aqaba,亚喀巴
spinnaker,球帆
widgets,小部件
kilohertz,千赫
sids,SIDS
annemarie,安妮玛丽
gameplay,游戏玩法
endowments,捐赠基金
clicquot,凯歌
ftc,联邦贸易委员会
eder,埃德尔
etheridge,埃瑟里奇
shriner,施莱纳
ryn,ryn
all-weather,全天候
existent,存在的
cager,笼子
infrasound,次声波
jackdaw,寒鸦
eggbeater,打蛋器
crosstown,横城
dells,戴尔斯
turnstiles,旋转闸门
imperialistic,帝国主义
restive,不安分
mci,微创
monoculture,单一栽培
puppeteers,木偶师
peller,佩勒
ill-timed,时机不当
berbers,柏柏尔人
andries,安德烈斯
moulton,莫尔顿
kru,克鲁
unworkable,行不通
bethe,成为
half-heartedly,心不在焉地
chanterelle,鸡油菌
dodos,渡渡鸟
slogged,苦苦挣扎
egg-laying,产卵
saltiness,咸味
zero-gravity,零重力
camberwell,坎伯韦尔
previa,普雷维亚
clandestinely,秘密地
abdul-jabbar,阿卜杜勒-贾巴尔
farnborough,范堡罗
headmasters,校长们
founds,发现
wrasse,隆头鱼
macomber,麦康伯
shirker,逃避者
guarana,瓜拉纳
letter-writing,书信写作
aubergines,茄子
lansdowne,兰斯当
mvc,MVC
hunchbacked,驼背
haise,海斯
warrens,兔窝
viewings,观看
ethernet,以太网
bett,赌注
halberd,戟
amazonia,亚马逊
unix,优尼克斯
senza,senza
brownout,停电
karoline,卡罗琳
y-fronts,三角裤
gift-wrap,礼品包装
covetous,贪婪的
turnout,结果发现
fleur-de-lis,百合花饰
nuncio,教廷大使
half-century,半个世纪
rille,溪流
reverberations,回响
loya,洛亚
adipocere,尸蜡
menstruate,月经
pott,锅
lavin,拉文
insistently,坚持不懈
tainting,污染
biblically,圣经
vogt,沃格特
ambrosius,安布罗修斯
reissue,补发
andean,安第斯山脉
lulling,催眠
faithfull,忠实
piker,皮克
brzezinski,布热津斯基
mugabe,穆加贝
shaki,沙基
titular,名义
tulloch,图洛克
forested,森林
dafoe,达福
hafez,哈菲兹
piss-up,喝醉
priori,先验
aerobatic,特技飞行
omiya,宫城
what-ifs,如果……
walkthrough,流程攻略
andr,安德
slipknot,滑结
yellowing,黄化
shushed,嘘
hersh,赫什
drug-addicted,吸毒成瘾
gleamed,闪闪发光
remitted,已汇出
airplay,电台播放
gf,女朋友
sunglass,太阳镜
hoofed,有蹄的
beguine,贝居安
sarnoff,萨诺夫
chitlin,猪杂碎
fertilisation,施肥
vintages,年份
truncheons,警棍
deviance,偏差
crowbars,撬棍
undertakes,承担
husain,侯赛因
industrialised,工业化
unveils,揭幕
deet,详情
shevchenko,舍甫琴科
oilfields,油田
rta,rta
jomo,乔莫
yankovic,扬科维奇
mandelson,曼德尔森
tryouts,试训
squelches,噗噗声
light-fingered,轻手轻脚
sebastopol,塞瓦斯托波尔
macross,宏
iro,iro
courteney,考特尼
tip-toe,脚尖
sameness,相同性
oversimplifying,过于简单化
doxy,多西环素
gift-giving,送礼
headshrinker,缩头术
bulgars,保加利亚人
malingering,装病
duell,决斗
funicular,缆索
flannels,法兰绒
nga,nga
pedlar,小贩
dramatist,剧作家
dabbler,半瓶醋
exhalation,呼气
sabah,沙巴
muta,穆塔
lisboa,里斯本
worsted,最差
chenille,雪尼尔
borgo,博尔戈
open-door,敞开的门
seamy,卑鄙的
snowshoe,雪鞋
hematocrit,血细胞比容
riverbanks,河岸
pelias,鹈鹕
lancastrian,兰开斯特人
wolfing,狼化
upsides,优势
chorister,唱诗班成员
creamery,乳品厂
toulouse-lautrec,图卢兹-洛特雷克
reiterated,重申
noes,诺斯
kremer,克雷默
indoctrinate,灌输
bonnard,博纳尔
bandai,万代
margulies,玛格丽丝
prevalence,患病率
teeniest,最小的
lr,左手
socioeconomic,社会经济
thruway,高速公路
perusal,仔细阅读
rebuff,回绝
hyogo,兵库县
chuffs,噗噗
kivu,基伍
washrooms,洗手间
nubs,凸起
portis,波蒂斯
spick-and-span,一尘不染
naxos,纳克索斯岛
kaw,卡瓦
arm-wrestle,掰手腕
vara,瓦拉
parentis,父母
bichon,比熊
blogosphere,博客圈
tradeoff,权衡
alcala,阿尔卡拉
iwa,岩
milken,牛奶
deafened,耳聋
bamber,班伯
ladybirds,瓢虫
amble,缓行
inboard,船内
kasha,卡沙
two-four,二四
turnkey,交钥匙工程
derangement,精神错乱
demers,德默斯
astrakhan,阿斯特拉罕
fatness,肥胖
canonized,已封圣
bachir,巴希尔
walley,沃利
pickens,皮肯斯
kross,克罗斯
papier,纸张
best-laid,最好的安排
vegemite,维吉麦酱
inferences,推断
furey,弗瑞
atp,ATP
sonntag,星期日
maroons,栗色
chumming,结伴
ailsa,艾尔莎
rubidium,铷
chaves,洞穴
customarily,习惯上
asma,阿斯玛
extractions,萃取
miniskirt,超短裙
dressed-up,盛装打扮
yodels,约德尔唱法
illusionists,魔术师
venezuelans,委内瑞拉人
dromedary,单峰骆驼
fuerte,富尔特
apr,四月
truncated,截断
hicksville,希克斯维尔
ex-lax,泻药
varlet,侍童
vajra,金刚杵
demobilized,复员
palak,菠菜
randle,兰德尔
glas,玻璃
hailstones,冰雹
sheepshead,羊头
exonerates,宣告无罪
passchendaele,帕斯尚尔
light-colored,浅色
jinxes,厄运
insoles,鞋垫
stra,stra
sarris,纱丽
litvinov,利特维诺夫
kegel,凯格尔
hunte,亨特
rearm,重新武装
feh,feh
araby,阿拉伯
rippled,涟漪
jaw-dropping,令人瞠目结舌
kreutzer,克罗伊策
voiture,汽车
alberich,阿尔贝里希
gans,甘斯
specifying,指定
greasers,油头小子
noemi,诺埃米
goodwood,古德伍德
wenger,温格
shrimpy,虾
juggles,杂耍
superego,超我
foulness,纠缠
wyvern,飞龙
challah,哈拉面包
bombproof,防弹
quatrain,四行诗
hanger-on,挂着的
motormouth,话痨
strunk,斯特朗克
dkk,丹麦语
hobb,霍布
regrow,再生
getter,取物器
lifters,举重运动员
dda,dda
carfare,汽车票价
at-home,在家里
mishkin,米什金
meissen,迈森
waterside,水边
dystopian,反乌托邦
venter,腹部
elko,埃尔科
evasions,逃避
basmati,巴斯马蒂
septicemia,败血症
constrictors,收缩者
souvlaki,烤肉串
moistened,湿润
castrati,阉伶
festa,节日
utilization,利用率
ampere,安培
crestfallen,垂头丧气
securitate,证券
norseman,北欧人
house-trained,已接受过如厕训练
carrol,卡罗尔
herreshoff,赫雷绍夫
tustin,塔斯汀
dredges,挖泥船
calor,卡路里
manas,玛纳斯
decimals,小数
reenlist,重新入伍
attu,态度
hadleigh,哈德利
breakdance,霹雳舞
hogged,被霸占
hardesty,硬木
koby,科比
watteau,瓦托
whiney,爱抱怨的
meanders,蜿蜒曲折
impartially,秉公
kolinsky,科林斯基
circuitous,迂回
gunrunner,军火走私者
conkers,七叶树果
leaderboard,排行榜
no-smoking,禁止抽烟
xtreme,极限
innately,天生的
bricking,砌砖
negev,内盖夫
kuri,库里
militaries,军队
midshipmen,海军学员
wellcome,欢迎
imparting,传授
chronicled,编年史
smokies,烟熏火腿
cooky,饼干
awfulness,糟糕
unrealized,未实现的
whish,愿望
negated,否定
holcroft,霍尔克罗夫特
erk,呃
resistor,电阻器
equates,等价物
behari,比哈里
vause,玻璃瓶
focussing,聚焦
cubist,立体主义
dornan,多南
asian-american,亚裔美国人
anglesey,安格尔西岛
sprinted,冲刺
blalock,布莱洛克
cantons,州
scrounged,四处搜罗
prolongs,延长
altoona,阿尔图纳
fonteyn,方丹
laika,莱卡
raggy,破烂的
obliterates,彻底摧毁
dalhousie,达尔豪西
trashes,垃圾
obeah,巫术
organza,欧根纱
doctorates,博士学位
labelling,标签
maxis,玛吉斯
toppers,蛋糕装饰
set-ups,设置
mcsorley,麦克索利
haddonfield,哈登菲尔德
mortuaries,太平间
cugat,库加特
fine-toothed,精细的
dedications,献词
mishandling,处理不当
grahams,格雷厄姆
panelling,镶板
starck,斯塔克
pediatricians,儿科医生
hec,赫克
tey,他们
do-nothing,什么也不做
blimps,飞艇
comminuted,粉碎
daydreamer,空想家
schenck,申克
kenwood,建伍德
hammel,哈默尔
graying,灰白
volcanism,火山活动
crocheted,钩针编织
steamships,蒸汽船
retaliates,报复
self-reflection,自我反思
corniche,滨海路
sikorski,西科尔斯基
tevin,特文
scooted,滑行
anti-hero,反英雄
cuneo,库内奥
quarried,采石场
crescent-shaped,新月形
purveyors,供应商
glans,龟头
hottentot,霍屯督
gdf,地理数据框架
sniffers,嗅探器
snagging,钩挂
afridi,阿弗里迪
adaline,阿黛琳
recalculate,重新计算
ravening,贪婪
mouthwatering,垂涎三尺
browder,浏览器
apres,之后
brogues,布洛克鞋
polarization,极化
roundly,圆圆地
mcgann,麦甘
politicking,政治
cagle,卡格尔
cautery,烧灼术
make-or-break,成败在此一举
burgundians,勃艮第人
subsidence,地面沉降
villegas,维莱加斯
inbetween,介于两者之间
by-line,署名
bards,吟游诗人
lousiest,最差的
islay,艾莱岛
zahn,扎恩
wholeness,完整性
shored,加固
nain,纳因
appropriating,挪用
rear-end,后端
seligman,塞利格曼
axum,轴
cupola,穹顶
professes,声称
straightforward,直截了当
attesting,证明
croll,滚动
flouted,蔑视
booksellers,书店
bandini,班迪尼
bautista,包蒂斯塔
sympathetically,同情地
yean,是的
ambos,救护车
wird,wird
nwa,nwa
zuni,祖尼
billow,巨浪
quickstep,快步
trond,trond
haymes,海姆斯
memorising,记忆
necked,颈部
wearied,疲惫
abdulla,阿卜杜拉
trappist,捕兽人
transposition,换位
tidewater,潮汐
harvie,哈维
superlatives,最高级
bitumen,沥青
miked,麦克风
albertina,阿尔贝蒂娜
etymology,词源
appaloosa,阿帕卢萨
aarp,美国国家航空航天局
forswear,作伪证
sub-lieutenant,少尉
ideation,构思
misfires,失火
swindles,骗局
positional,位置
victimised,受害人
spurring,刺激
cca,约
hypnotherapist,催眠治疗师
swee,甜
agains,反对
transcriber,转录员
blakeley,布莱克利
kuntz,昆茨
crayford,克雷福德
mathieson,马西森
transgendered,跨性别者
foreseeing,预见
defiles,污秽
refuges,避难所
centrifuges,离心机
polygon,多边形
ludicrously,荒谬地
clarinets,单簧管
sugden,苏格登
clime,气候
isambard,伊桑巴德
reavers,掠夺者
antipasto,开胃菜
toerag,托拉格
nock,诺克
canonical,典范
t4,t4
tare,皮重
tandon,坦顿
villar,维拉尔
tittle,标题
billabong,沼
crumpling,皱缩
sulphurous,硫磺
kilbride,基尔布赖德
clairmont,克莱蒙特
rhod,罗德岛
purloined,被盗
chelsey,切尔西
mcintire,麦金泰尔
lua,lua
fanatically,狂热地
stogie,雪茄
aristophanes,阿里斯托芬
splashdown,水面溅落
constitutions,宪法
budgeting,预算编制
optimistically,乐观地
4-f,4-f
wristwatches,腕表
snowballing,滚雪球效应
baugh,鲍
magellanic,麦哲伦星
araya,阿拉亚
big-money,巨额资金
demoralised,士气低落
slap-up,极好的
unabashed,毫不掩饰
handbills,传单
manx,曼岛
episiotomy,会阴切开术
wearisome,令人厌倦的
diomedes,狄俄墨得斯
greasepaint,油彩
triglycerides,甘油三酯
difficile,艰难梭菌
passat,帕萨特
rajab,拉贾布
carping,鲤鱼
hagerman,哈格曼
docklands,码头区
pastas,意大利面
accusatory,指责性的
granby,格兰比
probity,廉洁
laughingstock,笑柄
sunless,无日光
humbles,谦逊
hardie,哈迪
housemother,舍监
upsurge,高涨
progressives,进步人士
harwich,哈里奇
scarfe,围巾
double-crosses,双重背叛
morant,莫兰特
aldershot,奥尔德肖特
seagoing,远洋
abramson,阿布拉姆森
barque,帆船
sigmoid,乙状结肠
matronly,女家长
pansexual,泛性恋
tabula,表格
grabbers,抓取器
dhow,独桅帆船
sakhalin,萨哈林岛
declination,下降
patras,帕特拉斯
gabo,加博
earwigs,蠼螋
homophobes,恐同者
knifepoint,刀尖
cosigned,共同签署
trolled,被钓鱼
pellagra,糙皮病
polluter,污染者
nightwatch,夜巡
provable,可证明的
tomography,断层扫描
ammonites,菊石
bedfordshire,贝德福德郡
whirled,旋转
choirmaster,合唱团指挥
elson,埃尔森
castleman,卡斯尔曼
privation,匮乏
mispronounced,发音错误
traffics,交通
molt,蜕皮
npa,NPA
seminarian,神学生
nm,纳米
horrifies,令人恐惧
unpolished,未经打磨的
gsm,GSM
triplex,三层楼
stander,站立者
durocher,杜罗彻
remora,鮣鱼
contrivance,装置
yeomanry,自耕农
glinting,闪闪发光
jackanapes,杰克纳佩斯
rugrats,淘气小兵兵
robben,罗本
slipup,失误
astronomically,天文上
agron,农艺
bird-like,鸟类
masquerades,化装舞会
polemic,论战
sunnier,阳光明媚
benvenuto,贝内文托
disgraces,耻辱
dors,门
programed,程序化
hardtop,硬顶
thorp,索普
nordberg,诺德伯格
blabs,闲聊
marabou,鹳
neoclassical,新古典主义
oshkosh,奥什科什
expending,支出
atvs,全地形车
festus,费斯图斯
informality,非正式性
homeostasis,体内平衡
avo,牛油果
svt,svt
buttle,巴特尔
templates,模板
scorecards,记分卡
half-pipe,半管
crue,克鲁
muscovites,莫斯科人
flaxen,亚麻色
laissez-faire,自由放任
betti,贝蒂
whomp,咚
wanger,旺格
lynwood,林伍德
stanislavski,斯坦尼斯拉夫斯基
betted,下注
psychodrama,心理剧
b-boys,街舞男孩
tangshan,唐山
forlornly,凄凉地
lipsky,利普斯基
suborning,收买
flatland,平原
corticosteroids,皮质类固醇
wyeth,惠氏
chiropractors,脊椎按摩师
pcbs,PCB
decimation,大屠杀
theat,在
pavia,帕维亚
conversed,交谈
gurion,古里昂
occluded,闭塞
eventide,黄昏
amphorae,双耳陶罐
alitalia,意大利
cramond,克拉蒙德
fijian,斐济
krona,克朗
loveland,爱之乡
zy,zy
kurz,库尔兹
metallurgist,冶金学家
anvils,铁砧
half-black,半黑
reacquaint,重逢
edgeways,边缘
cayuga,卡尤加
halperin,哈尔珀林
kawabata,川端
andaman,安达曼群岛
hydrophone,水听器
earnestness,认真
fanshawe,范肖
blobby,黏糊糊的
stereophonic,立体声
deadweight,死重
axeman,斧头手
liquefaction,液化
sandbanks,沙洲
go-round,轮转
deming,德明
digges,迪格斯
juleps,朱利普酒
sothern,南方
untangling,解开
bailouts,救助
shopaholic,购物狂
anti-theft,防盗
revocation,撤销
uribe,乌里贝
macht,权力
deceits,欺骗
unequalled,无与伦比
layoffs,裁员
foramen,孔
conciliatory,和解
retread,翻新
plagiarist,抄袭者
ranted,咆哮
doubleday,双日
borel,博雷尔
scholes,斯科尔斯
tramped,践踏
bolstered,加强
son-of-a-gun,该死的
monosyllabic,单音
dialogs,对话
strutt,斯特拉特
drey,德雷
saddler,马鞍匠
musicianship,音乐才能
toute,兜售
oilers,油工
hushing,嘘
osbert,奥斯伯特
invisibles,隐形人
jukes,点唱机
lemnos,莱姆诺斯
morella,莫雷拉
cypriot,塞浦路斯人
slathered,涂抹
speakeasies,地下酒吧
rumpy,脾气暴躁
necessaries,必需品
lazenby,拉岑比
marengo,马伦戈
willamette,威拉米特
round-the-world,环球旅行
fully-grown,完全成熟
castoff,弃物
sirocco,西洛克风
edamame,毛豆
spankings,打屁股
lameness,跛行
liquidator,清算人
correll,科雷尔
gowrie,高里
bnc,北卡
capitalise,资本化
argosy,阿戈西
dustman,清洁工
loci,位点
anti-jewish,反犹
banqueting,宴会
veen,维恩
lurching,踉跄跄
jibber,胡言乱语
ccc,ccc
reignited,重燃
kerby,科比
wiggs,维格斯
lds,摩门教
accentuated,强调
ostrava,奥斯特拉瓦
cupped,杯状
lazily,懒洋洋
voronezh,沃罗涅日
organa,器官
topples,倾倒
pored,倾倒
moreton,莫顿
over-the-hill,过气了
whitewater,白水
flaying,剥皮
desolated,荒凉的
meka,梅卡
barbier,理发师
sakti,萨克蒂
sikkim,锡金
waddington,沃丁顿
agin,再次
disrobed,脱衣
northeastern,东北部
shon,肖恩
teddies,泰迪熊
luxuriously,奢华地
pendent,吊坠
pilings,桩基
fadeout,淡出
sympathisers,同情者
glitchy,故障
retailing,零售业
cesena,切塞纳
kongo,刚果
diaghilev,迪亚吉列夫
scaramouche,斯卡拉穆奇
gawker,围观者
estuaries,河口
flowy,飘逸
nationalize,收归国有
vied,竞争
paralysing,瘫痪
yaqui,亚基
benzo,苯并
polak,波兰人
sproule,芽苗
lancing,刺伤
foxfire,狐火
calumet,卡卢梅特
usefully,有用
blow-by-blow,逐条分析
correlations,相关性
westphalia,威斯特伐利亚
air-cooled,空冷式
megabytes,兆字节
cokey,可基
frankland,弗兰克兰
mid-size,中型
usaid,美国国际开发署
chidambaram,奇丹巴拉姆
hopp,霍普
riskiest,风险最高
fingerling,小鱼苗
rompers,连体衣
cavite,卡维特
ridgemont,里奇蒙特
marketer,营销人员
fenimore,芬尼莫尔
macquarie,麦考瑞
goodchild,好孩子
ibaraki,茨城
knockoffs,仿冒品
schoolmistress,女教师
counselled,建议
arthurian,亚瑟王
pleat,褶裥
housebreaking,驯养家禽
aalborg,奥尔堡
maligning,恶意攻击
man-of-war,战舰
transnational,跨国
gawp,瞪眼
blastoff,升空
weddell,韦德尔
soldered,焊接
spawns,生成
airdate,播出日期
stents,支架
cowlick,牛毛
maturely,成熟
brahe,布拉赫
wonk,怪人
transactional,交易
punch-drunk,醉拳
oxman,奥克斯曼
parada,游行
ravenscroft,拉文斯克罗夫特
diviner,占卜师
bussed,乘坐公共汽车
presser,压机
impalement,刺穿
jawbreaker,硬糖
bastia,巴斯蒂亚
derma,真皮
wholehearted,衷心
alen,阿伦
korma,咖喱
rumford,拉姆福德
teapots,茶壶
self-destructing,自毁
cim,cim
baillie,保释人
konda,孔达
ackland,奥克兰
filipina,菲律宾
heraclitus,赫拉克利特
joslin,乔斯林
ohn,约翰
spitballs,口水球
vaporizing,汽化
headings,标题
firebase,火基地
shooed,被赶走
hensley,亨斯利
unbending,不屈
sturdier,更坚固
crystallization,结晶
linguists,语言学家
chabot,沙博
fivers,五块钱
churchmen,教会人士
hermaphrodites,雌雄同体
sequoias,红杉
goalposts,球门柱
foretaste,预尝
pomfret,鲳鱼
colston,科尔斯顿
unsheathe,拔出
chromatograph,色谱法
noaa,美国国家海洋和大气管理局
tika,蒂卡
jaramillo,哈拉米洛
danaher,丹纳赫
conveyer,传送带
troppo,热带
darley,达利
big-league,大联盟
usgs,美国地质调查局
t-bones,T骨牛排
add-on,添加在
parents-in-law,岳父母
persepolis,波斯波利斯
calatrava,卡拉特拉瓦
landlubbers,旱鸭子
azura,阿祖拉
overturns,推翻
emplacement,部署
coexistence,共存
newscasters,新闻播音员
mycenaean,迈锡尼
mies,米斯
defi,定义
penman,笔者
gasser,汽油
exclusives,独家报道
tsarist,沙皇
lampshades,灯罩
underclass,底层阶级
well-worn,磨损严重
beloveds,亲爱的
samuelson,萨缪尔森
half-open,半开
self-management,自我管理
psat,psat
bacteriological,细菌学
fens,沼泽
strangelove,奇爱博士
printout,打印出
sponsorships,赞助
southwestern,西南
inaugurating,就职典礼
dort,多特
matins,晨祷
snubbing,冷落
gracy,格雷西
flirtations,调情
diverticulitis,憩室炎
angering,令人愤怒
froman,来自
mantilla,曼蒂拉
jiggers,沙丁鱼
torrez,托雷斯
fantasised,幻想
shiniest,最闪亮的
tethers,系绳
atomizer,喷雾器
mccully,麦卡利
deified,神化
duvalier,杜瓦利埃
blandford,布兰福德
eyewitnesses,目击者
wenner,温纳
telephonic,电话
brundage,布伦达格
yojimbo,用心棒
halleck,哈勒克
throstle,画眉鸟
unlit,未点燃
ungainly,笨拙的
tty,tty
fulsome,饱满
spann,跨度
lawlor,劳勒
prearranged,预先安排
vitoria,维多利亚
lochs,湖泊
bundling,捆绑销售
gatewood,盖特伍德
tst,tst
cineplex,电影院
karaman,卡拉曼
wiggin,维金
chattels,动产
cruikshank,克鲁克香克
shafting,轴系
wurlitzer,伍利策
melander,梅兰德
moisturiser,保湿霜
emblazoned,饰有
palimony,赡养费
wiccans,女巫
majorettes,啦啦队队员
way-out,出口
flexes,弯曲
moller,莫勒
morticians,殡葬师
mademoiselles,小姐们
chafes,摩擦
teixeira,特谢拉
pentobarbital,戊巴比妥
resized,调整大小
catatonia,紧张症
beazley,比兹利
calvino,卡尔维诺
weightlifter,举重运动员
chalices,圣杯
reprinted,转载
oxides,氧化物
pema,佩玛
macartney,麦卡特尼
comrade-in-arms,战友
galvanic,电化学
waistcoats,马甲
nonsmoker,非吸烟者
philae,菲莱
ofi,的
anti-japanese,反日
unhappier,更不快乐
asaf,阿萨夫
shaper,成型器
bassey,巴塞
isu,伊苏
spinosaurus,棘龙
doorframe,门框
marjory,玛乔丽
monopolized,垄断
taverna,小酒馆
instigators,煽动者
fibbed,说谎
quadrille,方阵舞
danielson,丹尼尔森
chuka,楚卡
jumping-off,跳台
maxims,格言
playlists,播放列表
mess-up,搞砸了
wagoner,马车夫
bamberg,班贝格
bridewell,拘留所
kossuth,科苏特
baseboard,踢脚板
maupassant,莫泊桑
misappropriated,挪用
quanta,量子
hardliners,强硬派
citric,柠檬酸
ega,埃加
newyork,纽约
resultant,结果
buffeting,冲击
updraft,上升气流
vetoes,否决权
prisms,棱镜
adjudicate,裁定
jacquet,夹克
persecutor,迫害者
fomenting,煽动
grasse,格拉斯
irradiation,辐射
pelayo,佩拉约
prioress,女修道院长
eindhoven,埃因霍温
charybdis,卡律布狄斯
two-ply,双层
dogsbody,狗身
unswerving,坚定不移
shoah,大屠杀
montmorency,蒙莫朗西
lmp,lmp
gorse,金雀花
optimized,优化
dunford,邓福德
fifths,五分之一
daw,道
softies,软糖
kristie,克里斯蒂
wriggled,扭动
spritzers,气泡酒
fretted,有格纹的
preeminent,卓越的
honorifics,敬语
wouter,沃特
tolerances,公差
redhead,红发
riaa,RIAA
hadfield,哈德菲尔德
relishes,调味品
heian,平安
ill-treated,受虐待
hotmail,hotmail
sexualized,性化的
numberless,无数
ohl,欧尔
ruc,ruc
premiering,首映
gurkhas,廓尔喀人
coalesced,融合
tethys,忒提斯
privatize,私有化
emetic,催吐剂
cen,中心
knossos,克诺索斯
horizonte,地平线
pref,偏好
prophylactics,预防性药物
vocalize,发声
coring,核心
macrae,麦克雷
arezzo,阿雷佐
zechariah,撒迦利亚
tabu,禁忌
yakima,亚基马
millen,千禧年
spring-cleaning,春季大扫除
uncorked,开瓶
oram,奥拉姆
epithets,绰号
albee,阿尔比
pooka,普卡
antipsychotics,抗精神病药物
duchesse,公爵夫人
philosophize,哲学思考
plateaus,高原
snowboarders,单板滑雪者
self-interested,自私自利
indexing,索引
faubourg,郊区
rolland,罗兰
tow-truck,拖车
whiteout,白茫茫
aerodynamically,空气动力学
crocks,陶罐
air-to-air,空对空
roundtree,圆树
ultimo,ultimo
takasaki,高崎
filbert,榛子
panadol,扑热息痛
scads,大量
vini,维尼
ciabatta,恰巴塔面包
davila,达维拉
katanga,卡坦加
jeu,游戏
orwellian,奥威尔式
blase,冷漠
fatalist,宿命论者
appetising,令人垂涎的
tyrese,泰瑞斯
roasters,烘焙机
summerlin,萨默林
cte,慢性创伤
holidaymakers,度假者
fairweather,晴天
pizzicato,拨奏
frankfort,法兰克福
jackboots,军靴
molino,莫利诺
rope-a-dope,绳索战术
patsies,替罪羊
impermanent,短暂的
peppercorns,胡椒粒
chitose,几糖
scharf,沙夫
chasseur,猎人
koss,科斯
bazan,巴赞
decisiveness,果断
afghanis,阿富汗人
foot-and-mouth,口蹄疫
retails,零售业
honoree,获奖者
medico,医生
cornflowers,矢车菊
toey,托伊
intransigence,顽固不化
ambrosio,安布罗西奥
subnormal,亚正常
immy,伊米
unsupportive,不支持
quesada,奎萨达
fended,抵挡
demonized,妖魔化
marron,栗色
paramilitaries,准军事部队
hamon,波纹
shippen,希彭
regensburg,雷根斯堡
gas-station,加油站
compressors,压缩机
encyclopedic,百科全书
sheathed,鞘
canute,克努特
penton,彭顿
paiva,帕伊瓦
duffers,笨蛋
susskind,萨斯金德
chantel,香特尔
stenson,斯滕森
costal,肋骨
collett,科莱特
elevenses,上午11点
interviewee,受访者
fixations,固定
sivan,西万
subservience,臣服
overanxious,过度焦虑
chilblains,冻疮
propranolol,普萘洛尔
sika,西卡
capybara,水豚
brightman,布莱特曼
bonanno,博纳诺
chat-up,搭讪
nunchaku,双节棍
misconstrue,误解
hominy,玉米粥
bete,更好
pontefract,庞特弗拉克特
ejects,喷射
whelks,海螺
wisenheimer,维森海默
acoustical,声学
frascati,弗拉斯卡蒂
seismologists,地震学家
shiga,滋贺
luhrmann,卢尔曼
leet,精英
profligate,挥霍无度
abidjan,阿比让
foregoing,前文
automata,自动机
wet-nurse,奶妈
thickheaded,笨蛋
theroux,特鲁
convulsive,痉挛
aristides,阿里斯蒂德斯
carlsson,卡尔森
modernisation,现代化
carmelites,加尔默罗会
personages,人物
midvale,米德维尔
galliano,加利亚诺
sewerage,污水
contended,有争议
meissner,迈斯纳
furtado,富尔塔多
incubated,孵育
pedagogue,教育家
psb,psb
clinician,临床医生
extravagantly,奢侈地
silurian,志留纪
turndown,驳回
dakotas,达科他州
gsc,谷歌学术
chorley,乔利
westgate,西门
drongo,卷尾
glorification,荣耀
goosed,鹅
groundswell,地面涌动
high-intensity,高强度
nau,瑙
odourless,无味
quays,码头
flaxseed,亚麻籽
pivoting,枢轴
proximate,邻近的
amyloid,淀粉样蛋白
perms,烫发
ringgit,令吉
barberini,巴贝里尼
mullan,木兰
helpfully,乐于助人
flakey,片状的
tritium,氚
ecker,埃克尔
shortchanged,被克扣
anti-doping,反掺杂
geodesic,测地线
inhabitable,可居住的
formic,甲酸
capitalizing,资本化
targa,塔加
smudging,污迹
undiluted,未稀释的
carbons,碳
perl,Perl
ahmadinejad,艾哈迈迪内贾德
consequent,后果
decamp,撤离
scarabs,圣甲虫
spitalfields,斯皮塔菲尔德
crappiest,最差劲的
mid-thirties,三十五岁左右
blown-up,爆炸
barka,巴尔卡
posited,假设
skinful,皮肤
syme,赛姆
baldheaded,秃头
unspoilt,未受破坏的
militarized,军事化
inebriate,醉酒
pankhurst,潘克赫斯特
bhadra,巴德拉
chronicling,编年史
zamindar,地主
antoninus,安东尼努斯
unclip,解开夹子
destin,命运
counterrevolutionary,反革命
maurer,毛雷尔
dube,杜贝
tunbridge,唐桥
natascha,娜塔莎
tapers,锥形
royer,罗耶
bearnaise,贝亚恩斯
kosygin,柯西金
twitters,推特
pacers,领跑员
certitude,确定性
muna,穆纳
biopsies,活检
swisher,斯威舍
montespan,蒙特斯潘
buckaroos,牛仔
pilchards,沙丁鱼
constituencies,选区
peignoir,睡袍
framingham,弗雷明汉
rationalise,合理化
satie,萨蒂
methylene,亚甲基
takeoffs,起飞
aad,一个广告
banff,班夫
rotund,圆润的
fraying,磨损
mixologist,调酒师
gsp,粒细胞
ingratiating,讨好
deniable,可否认的
dld,dld
ampersand,和
masjid,清真寺
treviso,特雷维索
humungous,巨大的
distinctively,独特地
no-neck,无颈
bakken,巴肯
aspirant,有志者
implores,恳求
dabbing,dabbing
navels,肚脐
frustratingly,令人沮丧地
mathematic,数学
susceptibility,易感性
gok,戈克
derosa,德罗萨
flaunts,炫耀
futurama,《飞出个未来》
preempted,抢占
seldon,谢登
padova,帕多瓦
zig-zag,之字形
rohr,罗尔
modifier,修饰符
buffeted,颠簸
airboat,气垫船
surmount,超越
pinnacles,巅峰
imperishable,不朽的
foetuses,胎儿
anticlimax,虎头蛇尾
lippe,利佩
derp,呆萌
pardee,帕迪
draftees,应征入伍者
expropriated,征用
thumbscrews,指旋螺钉
boychik,男孩
pullen,拉伦
know-nothing,一无所知
lateef,拉蒂夫
imm,立即
bord,板
thales,泰晤士
canavan,卡纳万
epithet,别名
bopped,摇摆
multidimensional,多维
lucre,利润
subbasement,地下室
cassowary,食火鸡
goal-oriented,目标导向
exorcists,驱魔人
dusts,灰尘
shirked,逃避
escargots,蜗牛
liveliness,活力
baroni,巴罗尼
blandings,布兰丁斯
megara,墨伽拉
otranto,奥特朗托
setters,二传手
giger,吉格尔
ocampo,奥坎波
faeries,仙女
cours,课程
cto,首席技术官
crystallised,结晶
lip-read,唇语
starstruck,追星
slicks,光头
innovating,创新
ropey,绳状
evangelicals,福音派
epidemiologist,流行病学家
barreled,桶装
decapitating,斩首
interdepartmental,跨部门
yount,青年
itu,它
kathi,凯西
lue,蓝
tapia,塔皮亚
creationist,创造论者
ete,等
snakey,蛇形
inexpressible,难以言喻的
volleys,截击
lassoed,套索
fitful,断断续续
hijacks,劫持
aimer,瞄准器
illusive,虚幻
claimants,索赔人
cubitt,立方比特
propositioning,提议
detaching,分离
cuckooing,杜鹃鸟
illya,伊利亚
fogle,福格尔
transmigration,轮回
rattrap,捕鼠器
pps,pps
rtl,右翼
gallium,镓
shillelagh,棍棒
fryers,油炸锅
gens,基因
endeared,可爱的
diskette,软盘
tobago,多巴哥
interagency,跨部门
defaulting,默认
bisexuals,双性恋
riffles,步枪
attorney-at-law,律师
ofsted,英国教育标准局（Ofsted）
femurs,股骨
brahim,布拉希姆
tova,托瓦
al-anon,匿名戒酒互助会
cragg,克拉格
sfo,旧金山
tck,tck
pierogi,波兰饺子
egerton,埃格顿
poa,早熟禾
plebes,平民
totalling,总计
sunfish,翻车鱼
spellers,拼写者
cromartie,克罗玛蒂
eighths,八分之一
gourmets,美食家
secord,塞科德
koreas,韩国
uproarious,哄然
gender-neutral,性别中立
tattooer,纹身师
wagonload,一车
stanzas,诗节
anti-rejection,抗排斥
machinists,机械师
pavlovian,巴甫洛夫
relaunch,重新启动
sinusitis,鼻窦炎
classifications,分类
crispus,皱波角叉菜
substations,变电站
strappy,绑带
toed,脚趾
verruca,疣
commercialized,商业化
hang-gliding,滑翔翼
dalliances,风流韵事
yokes,轭
sali,萨利
presupposes,预设
contretemps,冲突
collegium,学院
overage,超重
phosgene,光气
mik,mik
octopi,章鱼
gigawatts,吉瓦
pendergrass,彭德格拉斯
turlock,图洛克
sth,某事
coun,县
eleanora,埃莉诺拉
waifs,孤儿
dahlgren,达尔格伦
resettle,重新安置
zhejiang,浙江
rationalized,合理化
scarcer,稀少
frill,褶边
kronen,克罗嫩
coburg,科堡
hhs,hhs
tabard,罩衫
quick-tempered,脾气急躁
infinitesimally,无穷小地
gillman,吉尔曼
diagnostician,诊断师
maywood,梅伍德
barracudas,梭鱼
serenades,小夜曲
bookkeeping,簿记
brandywine,白兰地酒
trocadero,特罗卡德罗
sulley,苏利
fiddlers,小提琴手
hypersensitivity,过敏反应
reflexive,反身
beaus,帅哥
alleviated,缓解
vaporise,汽化
m-theory,m理论
torpor,麻木
uncontaminated,未受污染的
high-roller,豪客
jell,果冻
loafs,面包
capistrano,卡皮斯特拉诺
chlorinated,氯化
greensboro,格林斯伯勒
hyder,海德
retentive,保留
ihe,伊赫
trashman,垃圾工
briefer,简报
receptionists,接待员
counterattacks,反击
kaia,凯亚
mataram,马塔兰
ejections,喷射
all-rounder,全能型选手
fitzherbert,菲茨赫伯特
skag,斯卡格
willits,威利茨
alleviating,缓解
quieting,安静
snow-capped,白雪皑皑
handily,方便地
mf,微纤维
duvets,羽绒被
postgraduate,研究生
quadruplets,四胞胎
wuchang,武昌
jackpots,巨额奖金
fif,十五
originator,鼻祖
natron,天然碱
germantown,日耳曼敦
dampier,更潮湿
oil-based,油基
day-glo,荧光色
suetonius,苏埃托尼乌斯
pandy,潘迪
plunders,掠夺
summerland,夏日乐园
lorax,洛拉克斯
reentering,重新进入
barreto,巴雷托
eyeline,眼线
mass-produce,大规模生产
cosell,柯塞尔
segmented,分段
brand-name,品牌名称
knowlton,知识
a-way,离开
klezmer,克莱兹默音乐
captivates,引人入胜
all-father,万父
rowntree,朗特里
sorokin,索罗金
opioids,阿片类药物
reunites,重聚
thiers,他们的
perceptible,可感知的
daoud,达乌德
crosstalk,相声
ruefully,懊悔地
hallett,哈利特
welter,弱打
deletes,删除
unexpressed,未表达的
relapsing,复发
recapturing,重新捕获
unerring,毫无错误
lifespan,寿命
crewmembers,船员
microlight,微型灯
kibbles,狗粮
apprehensions,担忧
animas,灵魂
drek,德雷克
chinstrap,下巴带
bandanas,头巾
tue,星期二
kirkby,柯克比
toit,到
sleighing,雪橇
rothko,罗斯科
top-rated,顶级
comprehended,理解
livre,利弗
bindle,捆包
languor,倦怠
high-fashion,高级时装
muscovite,白云母
picot,小花边
ungovernable,无法治理的
meyerson,梅尔森
quenching,淬火
recoverable,可回收
avion,航空母舰
twigged,树枝
koblenz,科布伦茨
sacredness,神圣
condones,宽恕
joists,托梁
ferrier,费里尔
funnyman,滑稽演员
swadeshi,斯瓦德西
freehold,永久产权
kissers,接吻者
lubbers,笨蛋
pung,笨蛋
tewksbury,特克斯伯里
volos,沃洛斯
commends,赞扬
mailbag,邮袋
bearcat,熊猫
ceri,樱桃
yids,犹太裔
cottons,棉花
countermanded,撤销
demilitarised,非军事化
offensives,进攻
oncologists,肿瘤科医生
dain,戴恩
job-hunting,求职
vancomycin,万古霉素
squeezer,挤压器
jet-set,喷气机时代
endocrinologist,内分泌学家
biafra,比夫拉
skintight,紧身衣
haymarket,干草市场
reichenbach,赖兴巴赫
brion,布里昂
ked,ked
parse,解析
unreality,不真实
eckstein,埃克斯坦
sweatbox,汗蒸箱
mugshot,嫌犯照
wisecracking,插科打诨
four-digit,四位数
mastitis,乳腺炎
leastwise,最不明智的
dater,约会者
frugality,节俭
exporters,出口商
boehner,博纳
partitioned,分区
coelho,科埃略
hedonist,享乐主义者
supplant,取代
cumbria,坎布里亚郡
hepworth,赫普沃斯
ex-lovers,前任恋人
lacquered,漆面
dried-out,干涸
squirmy,扭来扭去
anesthesiology,麻醉学
navarra,纳瓦拉
immobilizer,防盗器
unpredictably,不可预测地
commonest,最常见的
hight,高度
vintner,酿酒师
minter,薄荷
schorr,肖尔
entices,诱饵
eom,结尾
freeland,弗里兰
defiler,亵渎者
get-up-and-go,行动起来
aro,罗
woodburning,木材燃烧
romanticizing,浪漫化
ramachandra,拉玛钱德拉
moke,驴
entreaty,恳求
workaholics,工作狂
hockley,霍克利
desperadoes,亡命之徒
bollix,bollix
willowy,柳树
fisted,拳交
cpl,下士
steamboats,汽船
rectus,直肌
leilani,莱拉尼
beaners,豆子
chokey,拘留所
chev,雪佛兰
lovat,洛瓦特
kaa,卡阿
frisby,飞盘
citrate,柠檬酸盐
sleepyheads,瞌睡虫
climaxed,高潮
hormel,荷美尔
actuator,执行器
bequests,遗赠
self-serve,自助服务
nudges,轻推
ambler,漫步者
waterspout,龙卷风
intersected,相交
skyway,天空步道
half-truth,半真半假
minke,貂
afp,法新社
handcrafted,手工制作
mousetraps,捕鼠器
clozapine,氯氮平
rumps,臀部
neos,新
gondar,贡达尔
stepper,步进电机
semi-formal,半正式
clean-living,清洁生活
lafontaine,拉方丹
lanced,刺破
tweeds,粗花呢
hinchcliffe,欣克利夫
glissando,滑音
in-crowd,圈内人
japheth,雅弗
exemplify,举例说明
superdome,超级穹顶
tuckers,塔克
seismologist,地震学家
disadvantageous,不利
bests,最佳
novitiate,见习
labradors,拉布拉多犬
confucianism,儒
shrewdly,精明地
elevens,十一
transworld,环球
fec,粪便
greenroom,休息室
whistleblowers,举报人
anti-personnel,反步兵
khama,卡玛
rabble-rouser,煽动者
outlawing,取缔
younis,尤尼斯
variously,各种各样的
fettes,脚
hellhole,地狱般的洞穴
intercity,城际
rohmer,罗默
ipc,工业电脑
spangles,亮片
isaacson,艾萨克森
reconsideration,重新考虑
ham-fisted,笨手笨脚
backbiting,诽谤
cleghorn,克莱霍恩
gigante,巨人
monetize,变现
lapa,拉帕
uncountable,不可数
orland,奥兰
roll-on,滚珠式
albacore,长鳍金枪鱼
rivaling,竞争对手
low-maintenance,低维护成本
normalizing,正常化
backdated,回溯日期
implodes,内爆
excitation,励磁
bauxite,铝土矿
pepin,佩平
ket,酮
differentials,差值
futterman,福特曼
aps,应用
culminates,达到顶峰
llewelyn,卢埃林
hannover,汉诺威
hankins,汉金斯
strip-search,脱衣搜查
see-saw,跷跷板
northbrook,北布鲁克
zay,扎伊
floatation,浮选
terranova,特拉诺瓦
alexandrov,亚历山德罗夫
troubleshooter,故障排除员
paga,帕加
raed,阅读
ascetics,苦行僧
forward-looking,有远见的
chalon,查隆
redcliffe,雷德克利夫
bergamot,佛手柑
sepoys,士兵
thralls,奴隶
lightnings,闪电
addressee,收件人
hendra,亨德拉
hii,嗨
levies,税费
cleeve,克利夫
repetitious,重复的
clif,悬崖
tib,胫骨
papilloma,乳头状瘤
outperform,表现优异
zaitsev,扎伊采夫
babydoll,婴儿娃娃
dungeness,邓杰内斯
dialectical,辩证法
canta,坎塔
yardage,码数
sorter,分拣机
udaipur,乌代浦尔
lanvin,浪凡
overhears,无意中听到
unclouded,晴朗无云
artless,不矫揉造作
underwriting,承保
jape,玩笑
nanterre,南泰尔
popularized,普及
sut,sut
peptide,肽
inshore,近岸
nervosa,神经病
highballs,高球
amati,阿玛蒂
gusset,角撑板
spray-painting,喷漆
diastolic,舒张压
stupid-looking,看起来很蠢
buoyed,振奋
picketed,纠察队
snappers,鲷鱼
approbation,赞许
yogis,瑜伽士
oum,欧姆
concurred,同意
melodramas,情节剧
e-z,e-z
wagged,摇晃
foxtrot,狐步舞
refile,重新提交
beady-eyed,目光锐利的
free-floating,自由漂浮
sando,桑多
flexor,屈肌
spoon-feed,喂食
propagandist,宣传工作者
life-sustaining,维持生命的
attainment,素养
kaifeng,开封
biologic,生物制剂
dogmas,教条
conferencing,会议
high-wire,高空钢丝
prophetess,女先知
foragers,觅食者
bronwen,布朗温
jaap,雅普
champagnes,香槟
interrogative,疑问
fluster,慌乱
glennon,格伦农
endeavouring,努力
crematoria,火葬场
runing,跑步
straddles,跨式期权
well-received,广受欢迎
househusband,家庭主夫
cooperated,合作
south-southwest,西南偏南
levant,黎凡特
lunn,伦恩
hagfish,盲鳗
clumped,成簇的
arrant,绝对的
overpaying,多付了钱
induct,感应
unclothed,裸体
serif,衬线字体
confortable,舒适的
remarries,再婚者
koval,科瓦尔
daylong,全天
deleon,德莱昂
lumping,聚集
mulvaney,穆尔瓦尼
metalworkers,金属工人
director-general,总干事
outlier,异常值
bare-ass,光屁股
dugouts,球员休息区
storr,斯托尔
readmitted,重新入院
cool-headed,冷静沉着
symon,西蒙
cz,cz
bolos,博洛斯
dehydrating,脱水
byword,代词
elicited,引发的
militancy,好战
saratov,萨拉托夫
ayurveda,阿育吠陀
adamo,阿达莫
bott,底部
cutdown,削减
hilum,脐
preppie,预科生
effigies,人偶
sexologist,性学家
multi-storey,多层
leong,梁
virgen,处女
sittings,会议
mottled,斑驳
blusher,腮红
b-side,B面
saltine,苏打饼干
squashes,南瓜
calles,呼叫
alouette,云雀
mildest,最温和
formatted,格式化
inte,内部
paediatric,儿科
maytag,美泰克
non-aligned,未对齐
gos,去
songstress,女歌手
plowman,农夫
tam-tam,塔姆塔姆
familiarise,熟悉
garrulous,贫嘴
pem,佩姆
crossbreed,杂交品种
biomechanical,生物力学
linesman,边裁
dau,女儿
unelected,未经选举的
aguinaldo,阿吉纳尔多
kero,煤油
serv,服务
ruddock,鲁多克
slithers,滑行者
delighting,令人愉悦
tensei,转生
wingtips,翼尖
algorithmic,算法
baltasar,巴尔塔萨
tastings,品鉴
sower,播种者
afzal,阿夫扎尔
inauthentic,不真实的
cosmically,宇宙层面
accentuates,强调
dds,dds
franjo,弗兰乔
failsafes,故障保护
infinitive,不定式
jure,法尔
smirks,冷笑
nappa,纳帕
overvalued,估值过高
babied,娇惯
fecund,多产的
encamped,营地
himeji,姬路
eman,埃曼
chin-ups,引体向上
filleting,鱼片
twenty-third,第二十三
nonalcoholic,非酒精性
likenesses,肖像
fut,未来
wanky,装腔作势
air-traffic,空中交通
lazier,懒惰
ugg,雪地靴
englund,英格兰
buddie,巴迪
shure,舒尔
ero,ero
unearned,未获得的
g6,g6
strangulated,被勒死
tittie,乳房
jsa,联合安全局
weitz,魏茨
harte,哈特
pasty-faced,面色苍白
goos,鹅
coelacanth,腔棘鱼
corollary,推论
corrodes,腐蚀
worksheets,工作表
vot,投票
rockslide,山体滑坡
pleistocene,更新世
ibanez,伊巴内斯
mullets,鲻鱼
steels,钢材
graphene,石墨烯
stiffens,变硬
well-chosen,精心挑选
livings,生活
blemished,有瑕疵的
bughouse,疯人院
archambault,阿尚博
hegemon,霸主
matriarchal,母系社会
chaudhry,乔杜里
condensate,冷凝水
cooperstown,库珀斯敦
weeknights,工作日晚上
fibromyalgia,纤维肌痛
qed,qed
oscilloscope,示波器
ilie,伊利
beekeepers,养蜂人
felicitate,祝贺
swathe,布林
beautified,美化
egads,天哪
carbonite,碳酸盐
gulden,古尔登
corduroys,灯芯绒
gelignite,胶状炸药
gla,gla
karelia,卡累利阿
nonlinear,非线性
cowhide,牛皮
tricolour,三色
tribals,部落
caprices,一掷千金
ca-ca,ca-ca
godden,戈登
newscasts,新闻播报
tomasi,托马西
barringer,巴林格
crema,乳霜
protoplasm,原生质
tsun,冲
subliminally,潜意识地
irl,现实生活中
programing,编程
teasers,预告片
bather,沐浴者
pomodoro,番茄
lowlifes,下等人
exfoliate,去角质
univ,大学
archuleta,弓形
cit,引用
anatol,解剖学
nickle,镍
inflames,发炎
pinchers,钳子
reformist,改革派
recombinant,重组
zawahiri,扎瓦希里
vice-minister,副部长
rakish,浪荡子
shit-scared,吓得魂飞魄散
kiska,基斯卡
re-live,重温
feder,费德
stagnated,停滞不前
wuzzy,毛茸茸的
shoulder-length,齐肩长度
shanghainese,上海人
hashed,哈希
discernable,可辨别的
time-honoured,历史悠久的
bookmarked,已收藏
dac,DAC
stim,刺激
secondment,借调
eatable,可食用
wain,韦恩
wizarding,魔法
whig,辉格党
havelock,哈夫洛克
astin,阿斯汀
abstracts,摘要
scotsmen,苏格兰人
weare,我们是
belike,大概
demeaned,贬低
miyazawa,宫泽
two-shot,双枪
quartering,四分之一
t-1,t-1
costigan,科斯蒂根
leavers,离职人员
piller,柱子
reorganisation,重组
paderewski,帕德雷夫斯基
prin,打印
dahomey,达荷美
pruett,普鲁特
barrick,巴里克
prerequisites,先决条件
chanteuse,女歌手
apelike,猿猴状
allover,遍
croatians,克罗地亚人
askance,斜视
gamesmanship,博弈技巧
df,df
clothespins,衣夹
curated,精选
restart,重启
self-knowledge,自我认知
ganglion,神经节
ashdown,阿什当
weeper,哭泣者
uncommunicative,不善交际的
zellner,泽尔纳
cowdrey,考德雷
boycotts,抵制
blanketing,覆盖
dooms,末日
sme,中小企业
raitt,雷特
nicholl,尼科尔
minting,铸币
seitz,赛茨
over-under,大小分
sapping,消耗
eyedropper,滴管
shehu,舍胡
goulart,古拉特
typesetting,排版
blamey,责备
iti,iti
encroached,侵占
horan,霍兰
spiritualists,唯灵论者
handymen,杂工
jaffrey,杰弗里
haut,高
walford,沃尔福德
dtf,dtf
boaster,自夸者
flatley,弗拉特利
incase,以防万一
tolerably,勉强可以接受
swaddled,襁褓
clearheaded,清醒
bedecked,装饰
osa,奥萨
celica,塞利卡
house-sit,房屋看护
pasco,帕斯科
journaling,写日记
oersted,奥斯特
delong,德隆
timecode,时间码
hofman,霍夫曼
jovian,木星人
characteristically,典型地
abided,遵守
hls,hls
kolb,科尔布
outmaneuver,智取
enroute,途中
soper,超级
occultist,神秘学家
eloy,埃洛伊
dyers,染工
taormina,陶尔米纳
franchisees,加盟商
corgis,柯基犬
yos,yos
longlegs,长腿
stanger,陌生人
bbb,bbb
charteris,查特里斯
diddled,胡闹
untamable,难以驯服的
cisterns,水箱
dinnerware,餐具
theatrically,戏剧性地
elkin,麋鹿
phong,冯
pannonia,潘诺尼亚
daub,涂抹
puggy,哈巴狗
markel,马克尔
ryanair,瑞安航空
f-18s,F-18
troika,三驾马车
plugger,插头
flambe,火焰
maza,马扎
evaluates,评估
highborn,出身高贵
maltreated,虐待
ground-floor,底层
gopalan,戈帕兰
absenteeism,旷工
horsefly,虻
delph,德尔夫
mcp,中枢神经系统
trounce,痛击
mcadoo,麦卡杜
perdu,佩尔杜
pati,帕蒂
cather,导管
spearing,长矛刺杀
malton,马尔顿
arachnids,蛛形纲动物
mountain-climbing,登山
monteverdi,蒙特威尔第
callousness,冷漠
agronomist,农学家
sloper,斜坡
clementi,克莱门蒂
omniscience,全知全能
exhuming,挖掘
roundtrip,往返
lindholm,林德霍尔姆
ottone,奥顿
moldavian,摩尔多瓦
freest,自由
marjoram,马郁兰
tokai,东海
bungo,文豪
roomier,更宽敞
calabrian,卡拉布里亚
pettit,小
jitney,吉普尼
hotplate,热板
mca,母细胞
magnuson,马格努森
indiscipline,不守纪律
fashion-forward,时尚前卫
heilbronn,海尔布隆
gasbag,气囊
nonspecific,非特异性
bambinos,孩子们
pawtucket,波塔基特
orbed,奥贝德
maudsley,莫兹利
schlemmer,施莱默
cack,卡克
conmen,骗子
midnight,午夜
mangold,芒果
jewry,犹太教
rials,里亚尔
pacifying,安抚
swearing-in,宣誓就职
cyberpunk,赛博朋克
courant,《新闻报》
dissections,解剖
auricular,耳廓
dispatchers,调度员
realigned,重新调整
breakages,破损
kiwanis,基瓦尼斯
waterworld,水世界
consolations,安慰
stressors,压力源
rabi,拉比
kenworthy,肯沃西
codswallop,废话
juba,朱巴
erotically,色情地
lorn,孤独
petes,皮特
weal,福利
gestured,做手势
treed,树木
set-to,设置为
blyth,布莱斯
stratagems,策略
quantified,量化
kjetil,凯蒂尔
fire-eater,吞火者
imparts,赋予
mythos,神话
phon,电话
cisse,西塞
corre,正确
quintessentially,本质上
commiserations,同情
storm-tossed,暴风雨中的
omitting,省略
buttresses,扶壁
courbet,库尔贝
castrato,阉伶
laplace,拉普拉斯
gola,戈拉
bosporus,博斯普鲁斯海峡
recidivist,累犯
singularities,奇点
hoya,球兰
neutrals,中立者
mothers-in-law,婆婆
ugarte,乌加特
lettuces,生菜
preseason,季前赛
borge,博尔赫
lynd,林德
breathtaking,惊险
jourdain,乔丹
coutinho,库蒂尼奥
case-by-case,具体情况具体分析
sparred,切磋
unrehearsed,未经排练的
repackage,重新包装
montreux,蒙特勒
townsville,汤斯维尔
smokeless,无烟
lightyear,光年
adversities,逆境
watercolour,水彩
archbishops,大主教们
godman,神人
halles,哈勒斯
morgenthau,摩根索
shatterproof,防碎
centroid,质心
damiani,达米亚尼
milkmen,送奶工
hydrofoil,水翼船
yorks,约克郡
taxicabs,出租车
lls,lls
kamar,卡玛尔
incomprehension,不理解
philology,语言学
childe,孩子
invulnerability,无敌
blasphemies,亵渎神明
rahn,拉恩
matz,马茨
barnsley,巴恩斯利
sited,位于
slavish,奴隶
cluj,克卢日
metabolized,代谢
arma,武器
liat,利亚特
ayoub,ayoub
teems,团队
tage,标签
meltzer,梅尔策
mutinies,叛变
toadstools,毒菌
doby,多比
marquesas,马尔凯萨斯群岛
luff,脸颊
geographer,地理学家
capel,卡佩尔
fid,菲德
charwoman,女清洁工
bruck,布鲁克
winnetka,温内特卡
reassurances,保证
scrapheap,废料堆
backbones,主干
irradiate,照射
idiotically,愚蠢地
non-stick,不粘
siler,青贮饲料
dogger,狗
neer,近
grinded,研磨
gullibility,轻信
proportionally,按比例
half-sisters,同父异母的姐妹
nanoseconds,纳秒
hellenic,希腊
ojo,ojo
grieg,格里格
dudgeon,怒气
crum,面包屑
batson,巴特森
micronesia,密克罗尼西亚
flippy,翻转
obfuscate,混淆
egrets,白鹭
admonition,警告
correa,科雷亚
medias,媒体
deodorants,除臭剂
fantail,扇尾
cinematheque,电影资料馆
dampeners,阻尼器
molehills,鼹鼠丘
off-the-cuff,即兴发挥
lackadaisical,懒散的
mpm,百万分之一
skullcap,头盖骨
giga,千兆
astrophysicists,天体物理学家
ecm,电子控制模块
ura,乌拉
debasing,贬值
schemers,阴谋家
adalberto,阿达尔贝托
kunlun,昆仑
hofmann,霍夫曼
schiaparelli,夏帕瑞丽
gripper,夹爪
gentlefolk,绅士们
pote,波特
cajoling,哄骗
newsagents,报刊亭
plagiarize,抄袭
dione,狄翁
cumberbatch,康伯巴奇
rovaniemi,罗瓦涅米
harwell,哈维尔
bevel,斜角
reworking,重做
moonraker,太空城
co-opt,合作
encase,包住
ctv,加拿大电视台
sabotages,破坏活动
maccabees,马加比家族
pantsuits,裤装
weensy,温西
guderian,古德里安
purportedly,据称
self-consciousness,自我意识
leggett,莱格特
shellacking,虫胶
scanty,稀少
dirt-poor,赤贫
zillions,亿万
existences,存在
artsy-fartsy,装腔作势的
mudge,泥
steeled,钢铁般的意志
impaling,刺穿
snowdrops,雪花莲
mouthwatering,垂涎三尺
luckless,倒霉的
counterintuitive,违反直觉的
artigas,阿蒂加斯
ajaccio,阿雅克肖
reburied,重新埋葬
publicizing,公开
bedraggled,邋遢的
alighted,下车
rudin,鲁丁
bulli,斗牛犬
eron,埃隆
crash-test,碰撞测试
busker,街头艺人
notched,缺口
yisrael,以色列
ards,ARDS
fils,fils
alc,酒精
onofrio,奥诺弗里奥
bechamel,贝夏梅尔
longue,长
estimable,可估量的
burwell,伯韦尔
datebook,日程本
clow,低语
remagen,雷马根
dioramas,立体模型
blasco,布拉斯科
legato,连奏
morehead,莫尔黑德
lawnmowers,割草机
oglala,奥格拉拉
vectoring,矢量化
seawall,海堤
cartoonish,卡通风格
knitwear,针织品
unexamined,未经检验的
radiations,辐射
belgrave,贝尔格雷夫
jellyroll,果冻卷
rosettes,玫瑰花结
out-of-the-box,开箱即用
fractals,分形
leonore,莱昂诺尔
promptness,迅速
phy,物理
gss,gss
deccan,德干
blonder,金发
bookend,书挡
spe,特殊
paunchy,大肚腩
amyloidosis,淀粉样变性
multi-talented,多才多艺
momi,妈妈
cowman,牧牛人
indexes,索引
excision,切除
tex-mex,德克萨斯-墨西哥菜
winstead,温斯泰德
paid-up,已付清
foret,森林
carls,卡尔斯
erudition,博学
cubbyhole,小隔间
depressingly,令人沮丧地
guri,古里
brunhild,布伦希尔德
grom,格罗姆
scrunchy,发圈
dumbed,愚蠢
multitask,多任务处理
fictionalized,虚构的
nucleic,核酸
serio,严肃
reeder,簧片
millionairess,百万富翁
lethally,致命的
tallying,统计
on-time,准时
laibach,莱巴赫
niblick,niblick
perking,佩金
bian,比安
childbearing,生育
lohman,洛曼
glom,球状体
thematically,主题上
lights-out,熄灯
agi,敏捷
unlatched,已解锁
gourmand,美食家
diffusing,扩散
impersonates,模仿者
eldred,埃尔德雷德
scintilla,闪光
how-do-you-do,你好吗
sadomasochistic,施虐受虐
randomized,随机
worl,世界
jet-black,漆黑
whets,磨刀石
balustrade,栏杆
eoin,伊因
kiting,风筝冲浪
charmless,毫无魅力
rapp,说唱
philatelist,集邮家
surd,无功
trannie,变性人
parisienne,巴黎人
locked-in,锁定
counteracts,抵消
sequestration,隔离
swifts,雨燕
typists,打字员
bibby,比比
mcfarlane,麦克法兰
endocrinology,内分泌学
apostol,使徒
streicher,施泰歇尔
reseal,重新密封
edgewater,滨水区
astros,宇航员
xtc,摇头丸
verbum,动词
recreations,娱乐
elmont,埃尔蒙特
permed,永久
dinghies,小艇
carlsberg,嘉士伯
otherside,对方
kiosks,信息亭
pervaded,弥漫
civilizing,文明化
krewe,克鲁
re-emerge,重新出现
jaywalk,乱穿马路
grabowski,格拉博夫斯基
crt,crt
reexamination,复审
mimeograph,油印机
synchronizing,同步
ceilidh,凯利舞
postmistress,邮政局长
thwaite,斯韦特
untruths,谎言
mendeleev,门捷列夫
loggia,阳台
divots,草皮坑
naugahyde,人造革
keratin,角蛋白
saragossa,萨拉戈萨
pronghorn,叉角羚
streptomycin,链霉素
anthropologically,人类学
deprogram,解除编程
doled,施
flossed,用牙线
tarty,酸涩的
ronde,圆
aerated,充气
technics,技术
somalis,索马里人
recuperated,已康复
lip-syncing,唇语同步
pagodas,宝塔
reuter,路透社
asceticism,禁欲主义
hurry-up,快点
tempering,回火
l-shaped,L形
unbuckled,解开
bilked,诈骗
silicates,硅酸盐
weta,沙螽
catlike,猫科动物
mugwort,艾蒿
inexact,不精确
mannerheim,曼纳姆
pooh-pooh,噗噗
renda,伦达
microorganisms,微生物
forays,突袭
stevedore,码头工人
laxity,松弛
hamamatsu,滨松
permutation,排列
ratchets,棘轮
sequitur,顺理成章
equivalents,等价物
jessen,杰森
gallico,高卢
murrah,穆拉
quenches,淬火
multivariate,多变量
nabi,先知
grappled,缠斗
ferndale,芬代尔
olmec,奥尔梅克
provincetown,普罗温斯敦
isola,隔离区
hazeltine,榛子
spinney,小树林
pralines,果仁糖
ecce,ecce
peddles,踏板
dunstable,邓斯特布尔
mccarron,麦卡伦
mitigated,缓解
quavers,颤音
pugilistic,拳击手
handstands,倒立
ows,ows
mellifluous,悦耳动听
haiphong,海防
gellhorn,盖尔霍恩
cio,首席信息官
ornamentation,装饰
marinos,水手
unselfishly,无私地
stoll,斯托尔
sideshows,杂耍表演
whitehurst,怀特赫斯特
pulverised,粉碎的
lundquist,伦德奎斯特
teufel,特费尔
bator,巴托
kitts,小猫
postulated,假定
fales,法莱斯
modality,模式
owers,所有者
hyksos,喜克索斯人
doric,多立克
fabricator,制造商
forelock,前额
ozymandias,奥兹曼迪亚斯
flashcards,记忆卡片
engin,引擎
floodgate,闸
caissons,沉箱
disowning,否认
dockery,码头
abraxas,阿布拉克萨斯
rocket-propelled,火箭推进的
paralympics,残奥会
stupa,佛塔
wav,波形
gt-r,gt-r
chel,切尔
curating,策展
inmost,最
rerecord,重新录制
supernaturally,超自然地
ps3,PS3
fenix,菲尼克斯
gadding,加丁
crosse,十字架
ecu,ECU
cno,cno
bustard,鸨
push-button,按钮
acquits,无罪释放
borodino,博罗季诺
jeddah,吉达
bionics,仿生学
mercurio,水星
whitefield,怀特菲尔德
burdick,伯迪克
repeaters,中继器
legging,裹腿
gdynia,格丁尼亚
hilfiger,希尔费格
batsmen,击球手
airstrike,空袭
mib,mib
ober,奥伯
knavery,虞
peruvians,秘鲁人
concertos,协奏曲
parroting,鹦鹉学舌
yamauchi,山内
drunk-driving,酒后驾车
godhood,神性
feeler,触角
doggoned,顽固的
falsity,虚假
penfold,彭福尔德
bandicoot,袋狸
jaworski,贾沃斯基
jacquelyn,杰奎琳
toxicologist,毒理学家
meudon,默东
cassady,卡萨迪
coiffure,发型
marini,马里尼
oxygen-rich,富氧
octopussy,章鱼
fetter,束缚
latency,延迟
panasonic,松下
consummating,圆满
birkenstocks,勃肯鞋
bretton,布雷顿
altieri,阿尔蒂埃里
tenderize,嫩化
gutta,古塔
jeonju,全州
whirlwinds,旋风
cust,顾客
hi-lo,高低
acerbic,尖刻的
changchun,长春
aia,艾亚
indebtedness,负债
gilberts,吉尔伯特
laya,拉亚
cinnabar,辰砂
firetrap,火灾陷阱
lupino,羽扇豆
lesseps,小家伙们
fallout,掉出来
moravian,摩拉维亚
unconquered,未被征服的
rothenberg,罗森伯格
salton,萨尔顿
pft,pft
tonopah,托诺帕
furtherance,进一步
wiesel,维塞尔
house-hunting,找房子
flagler,弗拉格勒
schlock,低俗
upa,乌帕
self-sabotage,自我破坏
klang,巴生
proteges,门徒
flamboyance,华丽
ullrich,乌尔里希
girlhood,少女时代
bramwell,布拉姆韦尔
adventist,基督复临安息日会
floodwaters,洪水
barcodes,条形码
mccafferty,麦卡弗蒂
dalian,大连
magadha,摩揭陀
atty,律师
chemise,衬裙
nonsmokers,非吸烟者
cowhands,牛仔们
pressie,礼物
infirmities,弱点
joad,乔德
unscripted,即兴发挥
nawaz,纳瓦兹
dineen,迪宁
ledo,莱多
downpours,倾盆大雨
modernised,现代化
all-fired,全部解雇
noli,诺利
honchos,大佬们
underwriters,承销商
combusted,燃烧
teammate,队友
flibbertigibbet,轻浮的
mukden,奉天
gaoler,看守
vg,vg
inlets,入口
dalley,达利
neuromuscular,神经肌肉
trollops,荡妇
butlins,布特林斯度假村
grimshaw,格里姆肖
sisco,思科
fca,氟化碳
ephesians,以弗所书
sidesaddle,侧鞍
bronn,布朗
treelined,绿树成荫
mottos,座右铭
drs,医生
bad-guy,坏人
smart-mouth,伶牙俐齿
drizzles,毛毛雨
pleb,平民
lerwick,勒威克
supine,仰卧
intermingle,交织
joule,焦耳
stickman,火柴人
glace,冰霜
stieglitz,斯蒂格利茨
bantering,玩笑
warmongering,战争贩子
wrested,夺取
perle,珍珠
pbr,pbr
costliest,最昂贵
herbicides,除草剂
belies,谎言
motherin-laws,婆婆
biggin,比金
shipton,希普顿
cyclotron,回旋加速器
apsara,天女
greenbaum,格林鲍姆
christs,基督
arpeggios,琶音
rowlands,罗兰兹
bowmen,弓箭手
pianola,钢琴
reloads,重新装弹
unbelieving,不信者
decoupage,拼贴画
wassail,痛饮
inequities,不平等
flied,飞翔
mcdougall,麦克杜格尔
zala,扎拉
indelibly,不可磨灭地
snotty-nosed,流鼻涕的
depressors,降压药
selectmen,镇议员
withholds,扣留
bere,贝雷
mobilising,动员
fishbein,鱼骨
anatolian,安纳托利亚
leaching,浸出
tricolor,三色
piggybacked,搭便车
signatories,签署人
gaudi,高迪
americanism,美国主义
bellied,肚子
giddings,吉丁斯
brevet,特许状
baily,贝利
medeiros,梅代罗斯
binomial,二项式
lampreys,七鳃鳗
kasbah,卡斯巴
msn,微软
pomerania,波美拉尼亚
swelter,闷热
spectroscope,光谱仪
vl,维拉
subordinated,从属的
mid-season,赛季中期
footholds,立足点
thumbtack,图钉
soaker,透雨
badmouthed,诋毁
coggins,科金氏
fellahs,伙计们
lamebrain,脑残
braz,巴西
nightclub,夜总会
mcgrew,麦格鲁
gyroscopes,陀螺仪
re-investigate,重新调查
neediness,匮乏
bulle,布勒
straggling,零散的
idealize,理想化
nci,美国国家癌症研究所
rejoins,重新加入
cauliflowers,花椰菜
garrotte,绞杀
ilium,髂骨
goldenrod,金鸡菊
costanzo,科斯坦佐
firebombing,燃烧弹
reverends,牧师们
rigours,严酷
pentonville,彭顿维尔
second-grade,二年级
oster,奥斯特
bretons,布列塔尼人
comport,康波特
bifurcation,分岔
candiru,坎迪鲁
fatalism,宿命论
internalized,内化的
ruminating,反刍
bugaboo,虫子
detoured,绕道
counterproductive,适得其反
excretion,排泄
supplanted,取代
clearings,空地
stabilisation,稳定化
transection,横断面
herby,赫比
holidaying,度假
brindle,斑纹
geophysical,地球物理
adornments,装饰品
kirschner,基尔什纳
shires,郡
waives,放弃
toyoda,丰田
manifestos,宣言
arthropod,节肢动物
millipedes,千足虫
pistorius,皮斯托瑞斯
nuzzling,亲昵
tovarich,托瓦里奇
whitefaced,白脸
insincerity,虚伪
refitted,改装
insolvency,破产
coyness,羞怯
clarksville,克拉克斯维尔
hat-trick,帽子戏法
stempel,茎
spurns,拒绝
weetabix,维他麦
outranked,排名落后
rhombus,菱形
muggle,麻瓜
netanyahu,内塔尼亚胡
tabulated,表格
slammers,重击手
noninvasive,非侵入性
gummies,软糖
heartrending,令人心碎
freetown,弗里敦
pcb,PCB
arnoux,阿诺
encloses,包含
autocrat,独裁者
barricading,设置路障
railwaymen,铁路工人
fringed,流苏
pisco,皮斯科酒
razing,夷平
dreamscape,梦境
hewett,休伊特
designating,指定
decontaminate,去污
tamils,泰米尔语
romberg,罗姆伯格
buttonholes,纽扣孔
incharge,负责人
tasters,品尝者
no-fault,无过错
halfpenny,半便士
mudflats,泥滩
bottom-feeding,底栖生物
notifies,通知
lupine,羽扇豆
ait,艾特
papists,天主教徒
effaced,抹去
luminescence,发光
streamer,主播
rectifying,纠正
showrooms,展厅
framers,框架
resurrects,复活
one-fourth,四分之一
transubstantiation,圣餐变体论
blindsided,猝不及防
decant,倾析
downplayed,淡化
aristotelian,亚里士多德
lindgren,林格伦
wimple,头巾
py,py
inflections,转折
cads,卡德斯
epiphanies,顿悟
teratoma,畸胎瘤
legionary,军团士兵
trailhead,步道起点
adelphi,阿德尔菲
grandee,贵族
revelers,狂欢者
chevrons,人字形
jockstraps,运动护裆
papeete,帕皮提
corsa,科萨
balint,巴林特
sandinista,桑地诺
ayana,阿雅娜
jetliner,喷气式客机
rhododendrons,杜鹃花
kudu,捻角羚
five-finger,五指
frisch,新鲜
identically,同样地
weli,韦利
groom-to-be,准新郎
ronaldinho,罗纳尔迪尼奥
handouts,讲义
fallowfield,休耕地
ventana,窗户
colour-coded,颜色编码
improbability,概率低
aci,酸
koli,科利
skive,逃学
livened,活跃
cargos,货物
teargas,催泪瓦斯
schulman,舒尔曼
shrivels,萎缩
moonlights,月光
daydreaming,白日梦
demps,镇民
botts,机器人
fill-up,加满
bergere,贝热尔
glad-handing,握手寒暄
snowbell,雪铃
kassel,卡塞尔
overstocked,库存过剩
intimating,暗示
bisexuality,双性恋
stf,stf
dopers,吸毒者
pitchblende,沥青混合酒
rehearses,排练
diaphoretic,发汗剂
albatrosses,信天翁
unworldly,超凡脱俗的
ihn,伊恩
ombre,渐变色
mediastinum,纵隔
sheepdogs,牧羊犬
snowdrifts,雪堆
resounded,回荡着
barco,巴可
cutthroats,杀人狂
whisperers,低语者
aiba,相扑
awakenings,觉醒
chromatography,色谱法
endives,菊苣
coxcomb,花花公子
yakutsk,雅库茨克
millinery,女帽
outfox,狐狸
lapham,拉珀姆
catwalks,猫步
vagus,迷走神经
taranto,塔兰托
afterburners,加力燃烧室
turn-ons,兴奋点
prowled,潜行
arundhati,阿伦达蒂
gore-tex,戈尔特斯
linkages,关联
eland,伊兰
h1,h1
cathie,凯茜
crackly,噼啪作响
rollout,推出
hhh,哈哈
architecturally,建筑学上
anti-abortion,反堕胎
arcana,秘术
flowerpots,花盆
paranoids,妄想症患者
manholes,人孔
hydrophobia,恐水症
savouring,品味
four-point,四点
slights,轻蔑
legroom,腿部空间
heifetz,海菲茨
foolproof,绝对可靠
well-thought-out,深思熟虑
thiele,蒂勒
felicitous,幸福的
conifer,针叶树
subjectively,主观上
libertines,放荡不羁的人
ziggurat,金字形神塔
rif,里夫
midnights,午夜
disinclined,不情愿
stinkweed,臭草
amway,安利
badi,巴迪
lifecycle,生命周期
surabaya,泗水
yunis,尤尼斯
transparently,透明
genealogical,家谱
verney,弗尼
warthogs,疣猪
brickyard,砖厂
devolving,退化
upi,统一产品接口
microsecond,微秒
birth-control,避孕
ballrooms,舞厅
allister,阿利斯特
philpott,菲尔波特
lebaron,勒巴龙
boater,划船者
begetting,生育
unselfishness,无私
fibrillating,颤动
literati,文人墨客
blumberg,布伦伯格
calender,日历
diversifying,多元化
one-person,一人
scrutinised,仔细审查
goldeneye,黄金眼
bookmobile,流动图书馆
youngish,年轻气盛的
coonskin,浣熊皮
all-right,好的
hollings,霍林斯
long-tailed,长尾
regurgitation,反流
sahi,萨希
chappies,小伙子们
zang,藏
whereabout,在哪里
transformational,变革
kulaks,富农
gonk,gonk
cromarty,克罗马蒂
stock-market,股票市场
colobus,疣猴
isan,伊桑
certifies,认证
parthenogenesis,孤雌生殖
timm,蒂姆
v-day,情人节
liber,自由
wingless,无翼
bogeymen,妖怪
expats,外籍人士
burgrave,入室盗窃
millay,米莱
uncharitable,不仁慈的
bezoar,牛黄
heraldry,纹章学
vitruvius,维特鲁威
anti-nuclear,反核
shaitan,撒旦
grandmother,祖母
aare,是
quizzed,提问
diamante,钻石
nooses,绞索
wilkens,威尔金斯
synthesise,合成
matchbooks,火柴盒
manacled,戴着镣铐
enjoin,责成
iphigenia,伊菲革涅亚
codependent,共依存
write-ups,撰写
moxley,莫克斯利
melas,梅拉斯
belarusian,白俄罗斯
barehanded,徒手
hotting,加热
searles,塞尔斯
gue,客人
hypertrophic,肥大的
cutouts,切口
unequaled,无与伦比
ephemera,蜉蝣
ketcham,凯彻姆
lachrymose,流泪的
warwickshire,沃里克郡
polarised,偏振
travails,苦难
luminary,杰出人物
illuminations,照明
tbi,创伤性脑损伤
second-string,二线
tochigi,栃木
morrisons,莫里森
peg-leg,木腿
gratias,gratias
sightseers,观光客
veau,小牛肉
macular,黄斑
apologist,辩护者
chuckled,轻笑
wrangel,弗兰格尔
briquettes,煤球
assai,阿萨伊
lipari,利帕里
accomodate,住宿
mandal,曼达尔
cordis,心
unpolluted,未受污染的
unhcr,联合国难民署
ecologists,生态学家
fogel,福格尔
misspell,拼错
coronas,冠状病毒
costantino,科斯坦蒂诺
partido,党
reddened,发红
walloping,殴打
siddons,西顿
gentlewomen,淑女们
expeditiously,迅速地
kilns,窑炉
arbitrage,套利
gunma,群马
gentoo,Gentoo
naiad,水仙女
rhinoceroses,犀牛病
sneakily,偷偷地
klm,荷兰皇家航空
fug,模糊
troilus,特洛伊勒斯
alphanumeric,字母数字
pollinating,授粉
amn,安曼
expropriate,征用
rouble,卢布
transfused,输血
fante,凡特
nonexistence,不存在
championing,倡导
warranties,保修
readjusted,重新调整
bakula,巴库拉
leather-bound,皮面装帧
emmerson,爱默生
shew,展示
certifying,认证
guarda,守卫
moult,换羽
storefronts,店面
dustup,争吵
woodcutters,伐木工
fulford,富尔福德
ghats,河岸
bodkin,锥子
babbit,巴比特
schooldays,学生时代
unimpeded,畅通
harpist,竖琴演奏家
unlivable,不适宜居住
lenape,勒纳佩族
quickies,速战速决
ennobled,贵族
poulson,保尔森
ratliff,拉特利夫
nickel-plated,镀镍
double-digit,两位数
interest-free,免息
patroclus,帕特罗克勒斯
subprime,次级贷款
acrimony,尖刻
caus,原因
irrelevance,无关紧要
cil,cil
amaz,亚马逊
uninspiring,平淡无奇
rosing,玫瑰
decurion,十人组
seda,塞达
refereeing,裁判
amethysts,紫水晶
dumbness,愚蠢
percussionist,打击乐手
low-ranking,低级
mccrea,麦克雷亚
warrantless,无搜查令
hesitancy,犹豫
attar,阿塔尔
phenytoin,苯妥英钠
fdic,联邦存款保险公司
figo,菲戈
rubber-stamp,橡皮图章
wintour,温图尔
somalian,索马里人
mockup,小样
dockyards,船坞
sunbed,日光浴床
big-girl,大女孩
videoed,录像
pge,pge
nikkei,日经指数
hoople,胡普尔
combat-ready,随时可以投入战斗
boozers,酒吧
assa,阿萨
tax-exempt,免税
phin,芬
nutt,坚果
lapin,兔
inducer,诱导剂
netizens,网友
faversham,法弗舍姆
moline,莫林
electrification,电气化
unfailingly,始终如一
swire,太古
wolof,沃洛夫
kluger,克鲁格
staveley,斯塔夫利
nickelback,五分钱
ores,矿石
petrucci,佩特鲁奇
synthesised,合成的
situate,位于
apolo,阿波罗
compostela,康波斯特拉
capitalization,资本化
elbowing,肘击
mouser,鼠牌
centerville,森特维尔
phishing,网络钓鱼
bratz,布拉茨
klay,克莱
mallets,木槌
well-taken,拍得好
almagro,阿尔马格罗
first-generation,第一代
flyovers,立交桥
rampur,拉姆普尔
clenches,紧握
tolled,收费
benelli,贝内利
pythia,皮提亚
intensifier,增强器
shaftesbury,沙夫茨伯里
crowd-pleaser,讨人喜欢
big-eyed,大眼睛
longhand,长笔
evensong,晚祷
repercussion,后果
waterproofing,防水
ripoffs,骗局
apollinaire,阿波利奈尔
sledges,雪橇
vaccinating,接种疫苗
interceded,介入
mgb,毫克
capris,七分裤
bahamian,巴哈马人
bernards,伯纳德
copland,科普兰
rochambeau,罗尚博
rais,举重
bons,邦斯
geld,骟
albemarle,阿尔伯马尔
crocus,番红花
dreamcatcher,追梦人
chasuble,圣衣
misfortunate,不幸的
lunchtime,午餐时间
mostyn,莫斯廷
tendonitis,肌腱炎
ephron,埃夫隆
dovetail,燕尾榫
chalks,粉笔
urich,尤里希
amazonas,亚马逊
risperidone,利培酮
liens,留置权
moodie,穆迪
notarize,公证
ayub,阿尤布
canape,开胃小点
charnel,藏尸房
handjobs,手淫
henke,亨克
post-punk,后朋克
edgemont,埃奇蒙特
two-block,两块
stepchildren,继子女
innocent-looking,看似无辜
moseying,闲逛
inpatient,住院病人
pirandello,皮兰德娄
sno,雪
coster,成本
hardboiled,硬汉
plaice,鲽鱼
obsessional,强迫症
pegging,钉住
heart-stopping,令人心惊胆战
immobilise,固定
lengthening,延长
penfield,彭菲尔德
low-cal,低卡路里
utes,子
underthings,内衣
fakirs,苦行僧
meat-eater,食肉者
phone-call,电话
mothballed,封存
gmt,格林威治标准时间
salubrious,有益健康的
mulla,穆拉
andante,行板
canucks,加人队
goby,虾虎鱼
dippers,蘸料
beachside,海滩边
ribble,肋骨
earthworks,土方工程
zealously,热忱地
fully-fledged,完全成熟的
retracts,缩回
determinism,决定论
behring,百灵
damns,水坝
syncs,同步
metalworker,金属工人
mcclean,麦克林
cuyahoga,库亚霍加
braising,炖
calmest,最平静
walloped,猛击
syrupy,糖浆
cockfights,斗鸡
cerise,樱桃红
tind,廷德
variola,天花
tonite,今晚
long-stemmed,长茎
bokassa,博卡萨
migrates,迁移
ries,里斯
uke,尤克里里
ordo,秩序
star-shaped,星形
pedis,足病
treacherously,阴险地
waggling,摇摆
insomniacs,失眠症患者
chandrasekhar,钱德拉塞卡尔
oviedo,电影
bergson,伯格森
ampoule,安瓿
interment,安葬
cocoanut,椰子
sumatran,苏门答腊
pennie,便士
thunderball,雷霆万钧
tecate,特卡特
mcginn,麦金
lovesickness,相思
hoardings,围挡
espouse,支持
stagnating,停滞不前
harriett,哈里特
siting,选址
bolstering,加强
hele,赫勒
calcification,钙化
lamartine,拉马丁
zoomer,变焦
cobs,玉米
regrowth,再生
deana,迪安娜
preempt,抢占先机
kitbag,工具包
chartwell,查特韦尔
baler,打包机
baaing,咩咩
classifies,分类
dania,达尼亚
industrialisation,工业化
interstitial,间质
catgut,羊肠线
neckerchief,围巾
olivine,黄绿
anal-retentive,肛门保留
garbanzo,鹰嘴豆
pedestals,基座
babysits,临时保姆
curler,卷发器
cosas,科萨斯
anti-immigration,反移民
barbour,巴伯
toffee-nosed,太妃糖鼻子
onix,缟玛瑙
quist,奎斯特
end-of-the-year,年末
freedom-loving,热爱自由的
ebullient,热情洋溢
butt-fuck,肛交
chicken-hearted,胆小鬼
virchow,维尔肖
begorra,贝戈拉
quantifiable,可量化的
stunners,惊艳
penitentiaries,监狱
foward,向前
darkling,黑暗之灵
ribald,粗俗的
diez,迪兹
odes,颂歌
balenciaga,巴黎世家
squirter,喷水器
eschew,避免
kalinga,卡林加
leaver,离职人员
proscribed,禁止
toddies,托迪酒
deathbed,临终
dismissals,解雇
mep,机械工程
inducements,诱导
sachets,小袋
sugarcoat,糖衣炮弹
lessening,减少
moff,莫夫
critiquing,批评
trost,特罗斯特
kinnear,金尼尔
syndromes,综合征
inconsiderable,微不足道的
high-tops,高帮鞋
metatarsal,跖骨
boyfriend,男朋友
belgrano,贝尔格拉诺
gasman,煤气工
chloroformed,氯仿
dry-cleaners,干洗店
syn,同步
phraseology,用语
coachmen,马车夫
fermilab,费米实验室
trammel,束缚
bleeped,哔——
beamers,投影仪
ots,ots
monkshood,乌头
family-style,家庭式
expandable,可扩展
shilly-shallying,犹豫不决
spermatozoa,精子
krim,克里姆
excitements,兴奋
bottom-feeders,底栖鱼类
septal,隔膜
gros,gros
goyim,外邦人
ccp,中共
mechanization,机械化
gaullist,戴高乐主义者
monteverde,蒙特维德
moonie,月亮
bavarians,巴伐利亚人
jilt,被抛弃
dawid,达维德
droit,所有权
dickhead,傻逼
thiopental,硫喷妥钠
unchaperoned,无人陪伴
insufficiently,不足
gunnel,舷缘
symmetrically,对称地
impressionistic,印象派
photoelectric,光电
mezuzah,门柱经文匣
decommissioning,退役
jigsaws,拼图
bipeds,双足动物
choate,乔特
pepsi-cola,百事可乐
repatriate,撤侨
jepson,杰普森
bunching,成束
html,html
chorale,合唱
moffitt,莫菲特
wretchedly,可悲地
makar,马卡尔
maxson,麦克森
submersibles,潜水器
osan,乌山
cimino,西米诺
cuvee,库维
dreadnoughts,无畏舰
exhort,劝勉
remodelled,改建
dhe,dhe
off-hours,非工作时间
knotting,打结
borger,汉堡
pseudoephedrine,伪麻黄碱
footballing,足球
sterilisation,消毒
paquette,包裹
bedsprings,床垫弹簧
wakeman,守夜人
instills,灌输
emad,埃马德
shouty,大声喊叫
seabury,西伯里
wist,维斯特
dagos,达戈斯
squalling,尖叫
luzon,吕宋岛
cut-price,低价
kingsford,金斯福德
pennywise,小丑潘尼怀斯
crated,板条箱
inking,墨水
striven,努力
hollinger,霍林格
erg,尔格
quintals,公担
whoof,缂
wrongdoers,作恶者
tarja,塔雅
marketeer,市场营销人员
bleacher,看台
trios,三人组
teagan,蒂根
sheepfold,羊圈
magnetometer,磁力计
nar,纳尔
repeatable,可重复
preprogrammed,预先编程
prettiness,美丽
radom,随机
neutering,绝育
poofters,同性恋者
fluorescence,荧光
embodying,体现
bleaker,更黯淡
swoons,晕倒
hemline,裙摆
damping,减震
bodrum,博德鲁姆
cannabinoids,大麻素
gamelan,加麦兰
lectern,讲台
backlight,背光
bambini,班比尼
gentrified,高档化
maillot,邮件
leu,刘
wildcard,万能牌
popinjay,popinjay
aport,港口
borsch,罗宋汤
headstart,先发优势
sun-drenched,阳光普照
asch,阿什
marketeers,营销人员
daughtry,道特里
ridicules,嘲笑
imams,伊玛目
masaka,马萨卡
restorations,修复
shit-hot,真他妈火辣
ragman,破烂人
chickasaw,奇克索族
kickapoo,基卡普
counterespionage,反间谍
brandes,布兰德斯
subdivided,细分
clinique,倩碧
gooden,古登
agon,痛苦
enrolment,注册
resistors,电阻器
reorganise,改组
winship,温希普
shoemakers,鞋匠
loincloths,缠腰布
junco,黑眼灯草雀
oops-a-daisy,哎呀呀
trouble-free,无故障
know-all,全知全能
giron,吉隆
authoress,作者
rogier,罗吉尔
batboy,蝙蝠小子
binns,宾斯
bourges,布尔日
brekkie,早餐
cuckolding,戴绿帽
malky,马尔基
proportionately,按比例
preteen,青少年时期
briand,白兰地
streeter,斯特里特
accra,阿克拉
rebreather,循环呼吸器
wingmen,僚机
orfeo,奥菲欧
psu,宾夕法尼亚州立大学
yapper,喋喋不休
glamourous,魅力四射
thumbprints,指纹
jac,杰克
widgeon,野鸭
bluefish,鯥
broadminded,胸襟宽广
tomislav,托米斯拉夫
blanton,布兰顿
vaal,瓦尔
vexes,烦恼
chicanos,奇卡诺人
allerton,艾勒顿
bh,bh
vira,病毒
niacin,烟酸
anti-semites,反犹主义者
annecy,安纳西
bidi,比迪
ush,乌什
ios,iOS
hyping,炒作
kefir,克菲尔
aan,安
revitalization,复兴
peretz,佩雷茨
cabman,出租车司机
armbruster,臂布鲁斯特
wayfarer,旅行者
rusticated,乡村风格
guardroom,警卫室
mayotte,马约特岛
cultivates,耕种
grenville,格伦维尔
thousandfold,千倍
cardiogram,心电图
unhinge,拉开
urania,乌拉尼亚
snowstorms,暴风雪
townley,汤利
baccalaureate,学士学位
breakdance,霹雳舞
bellwether,风向标
cannibalize,同类相食
cashiered,收银员
perforating,穿孔
partook,参与
muffed,闷闷的
intermingled,交织
post-coital,性交后
thir,他们的
crocheting,钩针编织
davor,达沃尔
fairweather,晴天
cambria,寒武纪
characterizes,具有特征
ois,ois
headcount,人手
lunging,突进
participle,分词
assiduously,勤勉地
tiepolo,提埃波罗
ague,疟疾
funning,乐趣
handsomeness,英俊
cost-cutting,削减成本
osteosarcoma,骨肉瘤
kalil,卡利尔
pavone,帕沃内
brickell,布里克尔
bridgework,桥梁工程
recycler,回收商
tako,章鱼
irst,第一
telegraphing,电报
gavotte,加沃特舞曲
durex,杜蕾斯
rerouting,重新路由
disarms,解除武装
biogenic,生物源
e-commerce,电子商务
oversea,海外
unitarian,一神论者
irretrievable,无法挽回的
puzzlement,困惑
tangents,切线
recreates,重现
self-supporting,自给自足
cayo,卡约
barbwire,铁丝网
barbells,杠铃
demonology,恶魔学
dinkins,丁金斯
mapuche,马普切人
kaliningrad,加里宁格勒
sartorius,萨托里乌斯
squealers,告密者
runners-up,亚军
snowblower,吹雪机
mome,妈妈
arguable,有争议的
illusionary,幻觉
appia,阿皮亚
simplification,简化
forza,福扎
jerker,抽水机
ashikaga,足利
verbose,冗长
sande,桑德
goddaughter,教女
preseason,季前赛
tender-hearted,心地善良
scampered,四处逃窜
unk,未知
interrogates,审讯
masseurs,按摩师
hampering,阻碍
outdated,过时的
thinness,薄
overwrite,覆盖
scrunchies,发圈
defibrillate,除颤
cromer,克罗默
sicked,生病了
pensioned,退休人员
lujan,卢扬
demonically,恶魔般地
keach,基奇
red-carpet,红毯
skyhawk,天鹰
chastisement,惩罚
imac,imac
careen,卡林
rectification,整改
arq,arq
ascher,阿舍尔
klotz,克洛茨
cantonment,驻扎
equalized,均衡
scrimped,节俭
phone-in,电话接入
banalities,平庸
malan,马兰
smallwood,小木
languedoc,朗格多克
e2,e2
hog-tie,捆绑
bookkeeper,会计
imaged,成像
direst,最直接
astoundingly,令人震惊地
swashbuckler,冒险家
piaget,伯爵
compounder,配药
sry,抱歉
inchworm,尺蠖
biv,双
dni,dni
shanties,棚屋
warbird,战鸟
diocesan,教区
lynchburg,林奇堡
fukuyama,福山
guntur,贡图尔
nail-biting,令人紧张的
arran,阿兰
globus,球状体
shart,短片
profitably,盈利
leveller,水平仪
takata,高田
treadmills,跑步机
teg,teg
titter,嘻嘻地笑
locky,洛基
whitsun,圣灵降临节
packhorse,驮马
teruel,特鲁埃尔
pigeonholed,归类
vortexes,涡旋
nonspecific,非特异性
invertebrate,无脊椎动物
multicolored,五彩缤纷
palpitation,心悸
ligation,结扎
irritations,刺激
sachsenhausen,萨克森豪森
plies,层
personify,拟人化
bronchi,支气管
accented,重音
daemons,守护进程
familiarized,熟悉的
matzah,无酵饼
temperaments,性情
snorkelling,浮潜
paperbacks,平装本
goatskin,山羊皮
swinish,猪
porkpie,猪肉馅饼
pancaked,煎饼
knebworth,克内布沃思
griffey,格里菲
rotherham,罗瑟勒姆
cronk,克朗克
brenton,布伦顿
de-stress,减压
artilleryman,炮兵
tgif,周五快乐
straightener,直发器
raiment,服饰
cementing,水泥
obnoxiously,令人厌恶地
rohm,罗姆
thwaites,斯韦茨
ecru,米色
jone,琼斯
cometary,彗星
brianne,布莱恩
brawlers,斗殴者
link-up,连接
eyeholes,眼孔
single-parent,单亲家庭
fite,战斗
mackin,麦金
vegetarianism,素食主义
lma,拉玛
dependability,可靠性
strafed,扫射
albano,阿尔巴诺
sealer,密封剂
booboos,伤口
self-starter,自启动者
redcap,红帽
transitive,及物动词
oscillate,摆动
riveter,铆工
marbling,大理石纹理
spangle,亮片
bengals,孟加拉人
racialist,种族主义者
joly,快乐的
legalised,合法化
gestational,妊娠期
odense,奥登斯
lugubrious,忧郁的
straightly,直
suda,苏达
cermak,陶瓷
profuse,丰富的
high-low,高低
shipshape,井然有序
sancta,圣徒
mollusc,软体动物
unreleased,未发布
countersuit,反诉
objectification,物化
brooded,沉思
datin,约会
belling,鸣叫
barkeeper,酒保
respectably,体面地
gome,戈梅
thornburg,索恩伯格
noncommissioned,非委托
ablation,消融术
monta,蒙塔
spattering,飞溅
cryptogram,密码
dera,德拉
sidetrack,支线
stumping,拦网
jinan,济南
plantar,足底
refire,重新开火
pre-christian,基督教之前的
four-wheeler,四轮车
blackish,黑褐色
macbook,MacBook
afl,空气纤维
impulsiveness,冲动
winder,卷线器
jodhpurs,焦特布尔斯
supercomputers,超级计算机
bastide,堡垒
riggers,索具工
stepbrothers,继兄弟
plateful,满满一盘
sandys,桑迪斯
free-form,自由形式
pex,佩克斯
elitism,精英主义
whetstone,磨石
tabla,塔布拉鼓
inaccuracy,不准确
rip-roaring,咆哮的
annunziata,安农齐亚塔
nimbly,敏捷地
striping,条纹
septicaemia,败血症
scratchers,刮刮乐
freeport,自由港
halogen,卤素
ql,ql
cmp,cmp
faroe,法罗群岛
misquote,误引
rabelais,拉贝莱斯
izzard,伊扎德
blinkered,目光短浅
pulseless,无脉搏
twenty-fifth,第二十五
barest,最简陋
staycation,宅度假
terminators,终结者
backstairs,后楼梯
misjudging,误判
deaden,缓和
pestilent,瘟疫
nilo,尼罗河
civil-rights,公民权利
wowing,哇哦
mentee,受指导者
ubuntu,Ubuntu
dugdale,杜格代尔
palimpsest,重写本
eliott,埃利奥特
vertex,顶点
full-out,全力以赴
partiality,偏袒
name-brand,名牌
blue-ribbon,蓝丝带
standins,替身
tatler,闲聊者
thana,塔纳
suffix,后缀
toque,帽子
piedra,石
sampras,桑普拉斯
hibernated,冬眠
badal,巴达尔
radicchio,菊苣
telegraphs,电报
townsman,镇民
entente,协约
peronist,庇隆主义者
tehachapi,特哈查比
minor-league,小联盟
bamako,巴马科
kuna,库纳
hurtled,猛烈撞击
nunavut,努纳武特
marimba,马林巴琴
breadcrumb,面包屑
upstair,楼上
chacon,查孔
enliven,活跃
burnet,烧焦
mccreary,麦克里里
wallen,沃伦
levesque,勒韦斯克
bullfrogs,牛蛙
steadied,稳定
artesian,自流井
epically,史诗般的
interfaced,接口
choses,选择
reflexology,反射疗法
recapitulate,概括
blowy,吹风
marm,马尔姆
cameos,客串
organisational,组织
nighter,夜猫子
offloaded,卸载
porcine,猪的
blau,蓝色
payphones,公用电话
ibbotson,伊博森
posada,波萨达
rodham,罗德汉姆
blue-blooded,贵族血统
undistinguished,平庸的
understudies,替补
buckteeth,龅牙
anti-inflammatories,抗炎药
fireplug,消防栓
health-food,健康食品
hypothesize,假设
returnees,返回者
bejeweled,镶满珠宝的
fishtail,鱼尾
thuggish,流氓
falconry,猎鹰术
ath,神
hough,霍夫
huguenot,胡格诺派
fron,前
svenska,瑞典语
pestis,鼠疫
sashaying,摇曳生姿
blackboards,黑板
basildon,巴斯尔登
indochina,印度支那
beane,豆
investiture,授职
crime-fighter,打击犯罪
toughs,强硬
bucktooth,龅牙
askari,阿斯卡里
inverting,倒置
sert,塞特
breaky,早餐
accordionist,手风琴演奏家
zygote,受精卵
voc,voc
vang,旺
salutary,有益的
drin,饮水
high-yield,高产
co-hosting,共同主持
holey,有洞的
latigo,拉蒂戈
prepositions,介词
barrera,巴雷拉
swimming-pool,游泳池
kneaded,揉捏
waterfowl,水禽
vasari,瓦萨里
ridgewood,里奇伍德
blanchet,布兰奇
benefitting,受益
paddocks,围场
nansen,南森
fica,fica
pompano,鲳鱼
recombine,重组
hobgoblins,妖精
devaney,德瓦尼
sycophantic,谄媚者
norwalk,诺沃克
hasdrubal,哈斯德鲁巴尔
sportive,运动型
bava,巴瓦
shootouts,枪战
mackinaw,麦基诺
incredulity,怀疑
towpath,拖船道
dmx,dmx
nabisco,纳贝斯克
baia,巴亚
subsystem,子系统
exultation,大喜
opals,蛋白石
brutalize,残暴
brannon,布兰农
marcuse,马尔库斯
gilpin,吉尔平
word-for-word,逐字逐句
eyewear,眼镜
fluency,流利度
overpay,多付
medi,医疗
armor-plated,装甲
by-pass,旁路
yare,呀
roseland,罗瑟兰
pectorals,胸肌
arrhythmias,心律失常
unionized,工会成员
saturnalia,农神节
sca,sca
crabgrass,狗牙根
pwd,密码
whosever,无论谁
kase,卡塞
perjurer,伪证者
chaffing,摩擦
ldl,低密度脂蛋白
distilleries,酿酒厂
whelk,青春痘
runic,符文
lynchings,私刑
xviii,十八
unhappiest,最不快乐
sputter,发出嘶嘶声
shakespearian,莎士比亚式
fallacies,谬误
t2,t2
goopy,黏糊糊的
shiites,什叶派
gip,吉普
pistol-whip,手枪鞭
echoey,回声
satchels,书包
ioc,IOC
embellishments,装饰
blooey,布鲁伊
inversely,反之亦然
belisarius,贝利撒留
roughs,粗糙
orangey,橙色
cobbett,科贝特
zellweger,泽尔维格
meditates,冥想
engenders,产生
motioned,示意
scuba-diving,水肺潜水
heliotrope,鸡血石
ranker,排名器
pfeffer,胡椒粉
jacobin,雅各宾派
overheats,过热
styrene,苯乙烯
intoxicants,麻醉剂
crofts,克罗夫特
battenberg,巴滕贝格
hemsworth,海姆斯沃斯
mujahid,圣战者
touch-ups,修饰
stanchion,支柱
obliquely,斜向
mottola,莫托拉
unpaved,未铺设路面
fishhook,钓钩
ligatures,连字
bul,公牛
vernal,春季
sako,佐古
sedating,镇静剂
heartrending,令人心碎
honeymooned,蜜月
swigs,啜饮
wineglass,酒杯
shaanxi,陕西
bloodletting,放血
hybridization,杂交
deadpool,死池
kingsbury,金斯伯里
refusals,拒绝
lunsford,伦斯福德
nail-biter,令人紧张的
cornerback,角卫
country-club,乡村俱乐部
jackknifed,折叠
keizer,凯泽
tosi,托西
nonexistence,不存在
arrowsmith,箭匠
schacht,沙赫特
encapsulate,封装
self-driving,自动驾驶
rockabye,摇篮曲
worryingly,令人担忧地
coagulant,凝血剂
triplett,三重奏
macmurray,麦克默里
frazzle,磨破
panko,面包糠
homogenized,均质化
phylum,门
lilas,紫丁香
tempos,节奏
reggaeton,雷鬼音乐
octogenarian,八旬老人
shutdown,关闭
rostock,罗斯托克
encryptions,加密
beautifying,美化
eiderdown,羽绒被
replays,回放
polluters,污染者
glenlivet,格兰利威
blabbers,喋喋不休
kudzu,葛
rousting,振奋人心
multidimensional,多维
skipjack,鲣鱼
healings,治愈
antipodes,对跖点
rovira,罗维拉
rsd,rsd
rosenblum,罗森布鲁姆
afton,阿夫顿
extrapolation,外推法
leftovers,剩菜
blok,块
nayar,纳亚尔
katzenjammer,卡岑贾默
bioengineering,生物工程
rahu,罗睺
elixirs,灵药
spoony,勺子
wigmore,维格莫尔
strutted,昂首阔步
tight-fitting,紧身
compartmented,分隔式
self-destructed,自毁
postmarks,邮戳
avidly,热情地
outcrops,露头
mistreats,虐待
padraig,帕德里克
misanthropic,厌世的
winwood,温伍德
remixed,混音版
utilised,利用
economise,节约
huta,胡塔
harrah,哈拉
inclines,斜坡
gimbel,金贝尔
stalagmites,石笋
broadhurst,布罗德赫斯特
griner,格里纳
nucleotide,核苷酸
well-cooked,煮熟的
kurth,库尔特
disseminating,传播
sacchi,萨基
cbe,cbe
egremont,埃格雷蒙特
splendors,辉煌
mee-maw,奶奶
kiernan,基尔南
gimli,吉姆利
adipose,脂肪
icebreaker,破冰船
photosensitive,光敏
hyperthermia,体温过高
sumit,苏米特
gratuities,小费
barnier,巴尼埃
headley,黑德利
vicuna,羊驼
begrudgingly,不情愿地
pinson,平森
glossed,光亮
mazatlan,马萨特兰
redistricting,重新划分选区
undersold,低价出售
sarawak,砂拉越
placerville,普莱瑟维尔
longhouse,长屋
decentralized,去中心化
albus,阿尔布斯
psychopathology,精神病理学
fabia,法比亚
kikuyu,基库尤语
overachieving,超额完成
sarno,萨诺
tetrazzini,特拉齐尼
timecard,考勤卡
cypresses,柏树
wre,是
bsa,布萨
principia,原理
khadi,卡迪布
inset,插入
wykeham,威克汉姆
pdas,PDAs
bekker,贝克尔
palefaces,苍白面孔
gehry,盖里
sheedy,希迪
bummers,真扫兴
cns,中枢神经系统
gse,政府服务
baphomet,巴风特
mullahs,毛拉们
queensbury,昆斯伯里
emulated,模拟
splotches,斑点
overrunning,超时
fleshed,有血有肉的
angelico,安杰利科
redeployment,重新部署
cleaving,劈裂
woodburn,木烧
cockalorum,鸡胗
fettered,束缚
half-track,半轨
cross-validation,交叉验证
amable,和蔼可亲
guesstimate,估算
chepstow,切普斯托
wallowed,沉溺
notaries,公证人
stirrer,搅拌器
yeomen,自耕农
politicos,政客
vivacity,活泼
ecchymosis,瘀斑
queenstown,皇后镇
flix,电影
stengel,斯滕格尔
ad-libbing,即兴发挥
put-up,建造
socio,社会
lra,lra
assignations,任务
grandfather,祖父
astrodome,天文穹顶
klutzy,笨拙
toothed,有齿的
okays,好的
mox,莫克斯
manoeuvred,操纵
waitlist,候补名单
walleye,梭鲈
doorjamb,门框
unbowed,不屈不挠
scourged,受鞭笞
parti,派对
co-parent,共同抚养人
deferential,尊重
loughlin,洛夫林
moneyed,有钱人
picklock,开锁
tsk-tsk,啧啧
malus,恶意
fed-up,受够了
realignment,重新调整
bullshitted,胡说八道
proles,无产者
undemocratic,不民主的
coupes,双门轿跑车
vice-consul,副领事
pynchon,品钦
quinta,昆塔
kindles,Kindle
ppd,ppd
wizened,干瘪
destabilization,不稳定
hutter,胡特
codified,编纂
leben,生活
gerlach,格拉赫
fisch,鱼
countesses,伯爵夫人
dishonestly,不诚实地
thrawn,索龙
caterham,卡特勒姆
adenauer,阿登纳
orellana,奥雷利亚纳
finnigan,芬尼根
bjs,bjs
candyfloss,棉花糖
lingard,林加德
pagano,异教徒
gur,gur
oxygenate,氧合
mccurdy,麦柯迪
okeechobee,奥基乔比
leka,莱卡
ceremoniously,庄严地
freighting,货运
amici,朋友
divinities,神祇
sodbuster,拓荒者
burkas,罩袍
top-flight,顶级
bellhops,行李员
extinguishes,熄灭
eye-patch,眼罩
burgling,入室盗窃
haro,哈罗
oer,oer
aspca,aspca
kyrgyzstan,吉尔吉斯斯坦
headsman,刽子手
vallance,瓦伦斯
worksite,工地
catcalls,吹口哨
haggled,讨价还价
brinker,布林克
uplands,高地
norge,挪威
entrant,参赛者
brownell,布朗内尔
panis,面包
silkworms,蚕
interrelated,相关
uae,阿联酋
divvying,分割
rampages,暴乱
internals,内部
larus,劳鲁斯
quaalude,安眠酮
dunker,扣篮者
kopeks,戈比
playgroup,游戏小组
underachieving,表现不佳
unpopulated,无人居住
mesothelioma,间皮瘤
cutaneous,皮肤
qo,qo
cura,库拉
daunt,吓住
balls-up,搞砸了
ziff,齐夫
leaderless,无领导
preproduction,前期制作
subplot,子图
humored,幽默
incise,切开
ganapati,象头神
quadruped,四足动物
hasbro,孩之宝
amylase,淀粉酶
one-sixth,六分之一
test-driving,试驾
haye,海耶
mincer,绞肉机
flyweight,蝇量级
lockout,闭锁
remarry,再婚
jerez,赫雷斯
hmp,嗯
ackley,阿克利
foundered,沉没
smoothes,平滑
haffner,哈夫纳
underlining,下划线
unchartered,未知的
yess,是的
allocating,分配
dalzell,达尔泽尔
sino-japanese,中日
montpelier,蒙彼利埃
guenther,根特
bousquet,花束
whippets,惠比特犬
modifies,修改
giveaways,赠品
klatch,聚会
whirlybird,直升机
gashed,裂口
almada,阿尔马达
sellafield,塞拉菲尔德
rfk,rfk
bannockburn,班诺克本
colloquialism,口语
blindman,盲人
permaculture,永续农业
all-expenses-paid,费用全包
spanish-speaking,西班牙语
bary,巴里
storrs,斯托尔斯
shipload,满载船
backbeat,后拍
clamshell,蛤壳
whirligig,旋转
slaughterer,屠夫
chr,克
aco,艾科
paratroops,伞兵
polyglot,多语者
basti,巴斯蒂
up-to-the-minute,最新
sanda,桑达
hufflepuff,赫奇帕奇
vaginally,阴道
theoretician,理论家
agitates,搅动
handpick,精挑细选
rucksacks,背包
paves,铺路
palpate,触诊
milian,米利安
molnar,莫尔纳
rbi,rbi
sheehy,希伊
eustis,尤斯蒂斯
priggish,伪善
nachi,那智
nagara,那伽罗
mirabilis,奇异鸟
mcevoy,麦克沃伊
outlives,比别人活得更久
sinless,无罪
anak,孩子
nonthreatening,不具威胁性
carouse,旋转木马
maces,权杖
koons,昆斯
wahine,瓦希内
structuring,结构化
non-combatants,非战斗人员
boe,博埃
anca,安卡
amram,阿姆拉姆
disenchantment,幻灭
kawanishi,川西
phantasmagoria,幻象
deeming,认为
varden,瓦尔登
breathalyser,酒精测试仪
bn,班
biofuel,生物燃料
tenaciously,顽强地
endor,恩多尔
subcontract,分包
mady,玛迪
detoxify,排毒
cetus,鲸鱼座
noire,黑色电影
dampener,阻尼器
picton,皮克顿
fui,富伊
bloody-minded,嗜血成性
twelves,十二
bloodcurdling,令人毛骨悚然的
stratum,地层
roofed,有顶棚
commonsense,常识
non-military,非军事
go-karting,卡丁车
merino,美利奴羊毛
incontestable,无可争议的
coren,科伦
webmaster,网站管理员
casters,脚轮
lapdogs,宠物狗
umbra,本影
thankfulness,感恩
alginate,海藻酸盐
iconoclast,反传统者
abbreviate,缩写
ticonderoga,提康德罗加
electrocardiogram,心电图
denys,否认
hellenistic,希腊化时期
pylos,门洛斯
sonatas,奏鸣曲
signy,标志
murayama,村山
ridgely,里奇利
forewoman,女工头
catullus,卡图卢斯
blue-eyes,蓝眼睛
cokie,曲奇
lampe,灯
acetic,乙酸
reenacted,重演
strong-arming,强迫
nimr,尼姆尔
butterman,巴特曼
bawls,嚎啕大哭
wreathed,花环
pounders,磅
bullfinch,红腹灰雀
backroom,后台
top-ranked,排名第一
neustadt,新城
kock,科克
procreating,生育
top-selling,畅销书
nidal,巢状体
sabbat,安息日
holstered,枪套
north-northwest,北偏西北
woofer,低音单元
jangled,叮当作响
kins,亲属
oversimplification,简单化
burgundian,勃艮第酒
saginaw,萨吉诺
rebates,回扣
revellers,狂欢者
scripps,斯克里普斯
florio,弗洛里奥
creatives,创意人士
mendelsohn,门德尔松
system-wide,全系统范围
tromp,跺脚
sidon,西顿
moaner,抱怨者
admissibility,准入
divined,神谕
cobden,科布登
tonality,音调
neurotoxins,神经毒素
airframe,机体
staplers,订书机
rundstedt,伦德斯泰特
ramsden,拉姆斯登
tavernier,酒馆老板
muzz,枪口
troublemaking,惹是生非
snowbound,大雪封路
sealy,西利
secondaries,二级
waw,哇
evaders,逃避者
nhi,nhi
moselle,摩泽尔
metastases,转移
goldin,戈尔丁
amari,阿玛里
self-examination,自我检查
blat,布拉特
kadesh,卡德什
gann,甘恩
sleepwalks,梦游
chickadees,山雀
superintendents,督学
greystone,灰石
keenness,敏锐
workaround,变通方法
qutb,qutb
preservers,防腐剂
hanrahan,汉拉汉
wallflowers,壁花
ex-prisoners,前囚犯
unlearned,未受过教育的
globalized,全球化
salwar,萨尔瓦
eberhardt,埃伯哈特
tippet,披肩
guiness,吉尼斯
spirulina,螺旋藻
nct,国家首都区
basso,低音
dumbing,愚钝
backlogged,积压
antagonized,敌对
hoody,连帽衫
oakville,奥克维尔
presences,存在
efren,埃弗伦
vindictiveness,报复心
mapp,地图
bluejay,蓝鸟
bako,巴科
zoroastrian,琐罗亚斯德教
ealdorman,埃尔德曼
aragonese,阿拉贡语
bulldogging,斗牛犬
upcountry,内陆地区
nose-ring,鼻环
hexham,赫克瑟姆
intrudes,入侵
haltingly,断断续续地
wolfbane,狼毒
dewayne,德韦恩
genoese,热那亚人
batt,击球
tsugaru,津轻
wolter,沃尔特
buchwald,布赫瓦尔德
duping,欺骗
derisively,嘲讽地
muscleman,肌肉男
breyer,布雷尔
eagle-eyed,眼光敏锐
nubbins,残端
allergist,过敏科医生
frats,兄弟会
bombo,炸弹
sultanate,苏丹国
receptacles,容器
french-speaking,法语
travelogue,旅行日志
navratilova,纳芙拉蒂洛娃
ladysmith,莱迪史密斯
returnable,可退货
outfielder,外野手
hse,hse
spiker,扣球手
facilitation,促进
first-floor,一楼
preece,普里斯
ten-inch,十英寸
weezer,威瑟乐队
hands-down,毫无疑问
habit-forming,形成习惯
dead-set,铁了心
bourgogne,勃艮第
geopolitics,地缘政治
lorrain,洛林
skopje,斯科普里
vaporizes,汽化
vocalizations,发声
whalebone,鲸骨
backus,巴克乌斯
silver-plated,镀银
smoke-filled,烟雾弥漫
curwen,柯文
guignol,吉尼奥尔
mcauley,麦考利
postmortems,尸检
scuppered,沉没
swellings,肿胀
skedaddled,溜之大吉
untiring,不懈
by-laws,章程
thoroughfares,干道
kafkaesque,卡夫卡式的
humpy,驼峰
idiosyncrasy,特质
flagrantly,明目张胆
lla,lla
streptococcus,链球菌
dynamited,炸药
wolverton,沃尔弗顿
filched,偷窃
postnatal,产后
sockeye,红鲑
bemis,贝米斯
aprile,四月
doubleheaded,双头
knitter,编织者
braggy,吹牛
dogleg,狗腿
stoneham,斯通汉姆
gide,指南
happed,发生了
nasi,纳西
campout,露营
pusey,普西
gentles,温柔
basileus,君主
t-cells,T细胞
add-ons,附加组件
alprazolam,阿普唑仑
time-bomb,定时炸弹
acrylics,亚克力
outbuilding,附属建筑
kit-kat,奇巧
schramm,施拉姆
pag,页
krane,克莱恩
repton,雷普顿
nebel,雾
whitacre,惠特克
overruns,超支
lichens,地衣
eyeteeth,犬齿
saphenous,隐静脉
meanly,卑鄙地
oxbow,牛轭湖
dalmatia,达尔马提亚
mothball,封存
reexamined,重新审视
erasure,抹除
beyer,拜尔
campania,坎帕尼亚
latin-american,拉丁美洲
salcedo,萨尔塞多
sapsucker,吸汁啄木鸟
contortions,扭曲
necessitate,需要
eradicator,根除者
shirttail,衬衫下摆
kunstler,艺术家
twi,twi
black-and-whites,黑白照片
raptured,被提
bandying,掷球
creat,创建
postoperative,术后
midsummer,盛夏
dairies,乳品厂
hilaire,希莱尔
arica,阿里卡
rcs,rcs
aur,奥
contaminates,污染物
cobbling,铺路
amenity,便利设施
stoped,停止
katowice,卡托维兹
charcuterie,熟食
macedon,马其顿
troposphere,对流层
meda,媒体
pion,π介子
simplex,单形
unfurnished,未配备家具
wineries,酒庄
spumoni,斯普莫尼
waterholes,水坑
ball-peen,球头
steam-powered,蒸汽动力
swinburne,斯威本
ligo,利戈
fitton,菲顿
ugly-looking,丑陋的
tulum,图卢姆
draftsman,绘图员
comprehensively,全面地
landor,兰德尔
teton,提顿
westernized,西化
involvements,参与
finger-painting,手指画
gooses,鹅
deigns,设计
flemings,弗莱明
pflp,pflp
infra,基础设施
boppers,流行乐
unrecorded,未记录的
walk-off,走下坡路
spaceflight,太空飞行
lawbreaker,违法者
hangdog,垂头丧气的
busse,公交车
redistributed,重新分配
beseeching,恳求
extol,赞美
wallpapered,贴壁纸
energised,精力充沛
formers,前任
inflow,流入
perret,佩雷特
supe,超级
spritzing,喷洒
electrochemical,电化学
riddling,谜语
remakes,重制版
stand-alone,独立式
bonelli,博内利
long-running,长期
marinas,码头
eklund,埃克伦德
naxalite,纳萨尔派
persnickety,挑剔的
headhunting,猎头
pyrotechnic,烟火
epp,埃普
dianna,黛安娜
bromberg,布罗姆伯格
downe,唐恩
belittles,贬低
bookmarks,书签
fraternise,联谊
reveled,揭示
hernias,疝气
urticaria,荨麻疹
movie-star,电影明星
shadowless,无影
scalawag,饭桶
deafen,耳聋
nabs,纳布斯
workingman,工人
steffan,斯特凡
amol,原子
pharmacological,药理学
reacquire,重新获得
ondine,奥丁
focaccia,佛卡夏面包
populi,流行
lockstep,步调
reveres,反转
humbler,谦逊
relativistic,相对论
galla,加拉
mccleary,麦克利里
co-owners,共同所有人
sheringham,谢林汉姆
clamming,蛤蜊捕捞
zep,齐柏林飞艇
sickie,生病
dowel,木榫
prudential,审慎
parkas,派克大衣
strachey,斯特雷奇
unpick,拆开
intangibles,无形资产
bootlegs,盗版
frights,惊吓
coining,铸币
booby-traps,诡雷
ill-informed,消息不灵通
propos,提案
subsidised,补贴
trenchcoat,风衣
lower-class,下层阶级
hous,小时
calo,卡洛
winnemucca,温尼穆卡
lanchester,兰彻斯特
repurpose,重新利用
groff,格罗夫
wotcha,什么？
f-stop,光圈
corsages,胸花
stone-age,石器时代
spectrograph,光谱仪
ebbed,退潮
accessorizing,配饰
hayter,干草
beachcomber,海滩拾荒者
mcneill,麦克尼尔
putts,推杆
medicus,医生
errs,错误
educates,教育
toeing,脚尖
ssg,ssg
unwinds,放松
pontificating,夸夸其谈
factoid,趣闻
skirted,裙摆
mutineer,叛变者
kick-started,启动
designates,指定
charleroi,沙勒罗瓦
oakdale,奥克代尔
ramus,支
janissaries,禁卫军
misdemeanours,轻罪
revelled,尽情狂欢
scats,粪便
dissembling,拆弹
prostration,俯伏
bengtsson,本特松
latvians,拉脱维亚人
womanizers,花花公子
browsed,浏览
jiggered,抖动
fraudsters,诈骗犯
hypospray,皮下喷雾
victimization,受害
unbidden,未邀请的
dilution,稀释
one-star,一星
distil,蒸馏
expander,扩展器
hamstrung,腿筋
magne,磁铁
k-pax,k-pax
prostrated,俯卧
framer,框架
primark,Primark
elmwood,榆木
bunko,文库
sympathizes,表示同情
naser,纳赛尔
nebulizer,喷雾器
bradstreet,布拉德街
whigs,辉格党
signer,签名者
selectman,镇议员
abortive,未遂
low-born,出身低微
longshot,远距离拍摄
outdraw,外拉
mandrill,狒狒
eliana,埃莉安娜
unitas,尤尼塔斯
coffman,科夫曼
germanium,锗
sardis,撒丁岛
esq,先生
unalterable,不可更改的
enmeshed,纠缠不清
saddening,令人悲伤
transvaal,德兰士瓦
demigods,半神
socking,袜子
blustering,虚张声势
triumphing,胜利
hellmuth,赫尔穆特
tunisians,突尼斯人
portmanteau,合成词
paraguayans,巴拉圭人
radicalised,激进化
depressant,镇静剂
self-published,自出版
sauerbraten,酸菜炖牛肉
tagus,标签
nz,新西兰
overachievers,优等生
fairburn,费尔伯恩
regulus,雷古勒斯
galvanize,镀锌
ancora,安科拉
townsmen,镇民
fruited,果实
imbibing,饮用
scaffolds,支架
o-ring,O型圈
carapace,甲壳
smoke-free,无烟环境
saxophones,萨克斯管
michaux,米肖
backdrops,背景
whatley,沃特利
foreskins,包皮
dup,副本
mischance,灾难
kallio,卡利奥
cavalrymen,骑兵
sentimentally,感伤地
yorkshireman,约克郡人
collaborations,合作
reining,缰绳
caretaking,照料
teetotaller,滴酒不沾者
goebel,戈贝尔
hoth,霍斯
equalled,等于
heure,时间
uncannily,不可思议地
superscript,上标
nanotubes,纳米管
integrates,整合
sandcastles,沙堡
screener,筛选器
aerate,通气
hirsh,希尔什
heartbeat,心跳
ground-based,地面
dullards,笨蛋
coty,科蒂
wistfully,怅然地
candidature,候选资格
mds,医学博士
impinging,冲击
tajikistan,塔吉克斯坦
nutley,纳特利
thimbles,顶针
bazin,巴赞
sangster,桑斯特
tranter,特兰特
knorr,家乐
celebrant,庆典主持人
refractive,折射
britannic,不列颠尼克
hymnals,赞美诗集
coady,科迪
haeckel,海克尔
enumerate,枚举
gipsies,吉普赛人
palmerston,帕默斯顿
mouldering,模压
xxl,超大号
tines,齿
uncorroborated,未经证实
danker,丹克
chadwell,查德威尔
abid,遵守
a-z,a-z
spooned,用勺子舀着
hidey-hole,藏身之处
novello,诺维洛
hair-trigger,一触即发
louvain,鲁汶
angleton,安格尔顿
slacked,松懈
conks,康克斯
dosimeter,剂量计
sulaiman,苏莱曼
chitchatting,闲聊
dentsu,电通
sublevel,子级别
tiu,tiu
saltpetre,硝
exhaled,呼气
trocar,套管针
splurging,挥霍
diffuser,扩散器
back-to-front,从后往前
garnets,石榴石
kazakhs,哈萨克人
tai-pan,太班
trebled,三倍
irc,IRC
bilking,诈骗
taiyuan,太原
locker-room,更衣室
agnelli,阿涅利
bellatrix,贝拉特里克斯
simmers,慢炖
dro,dro
foresees,预见者
dangler,耳环
carcinogen,致癌物
pilloried,被公开羞辱
counterinsurgency,反叛乱
rss,RSS
exchanger,交换器
tatra,塔特拉
rhinebeck,莱茵贝克
sullying,玷污
permeable,透水
steadying,稳定
gamy,野味
miniseries,迷你剧
lic,许可证
replanting,重新种植
ahchoo,啊嚏
trow,扔
aberystwyth,阿伯里斯特威斯
gritting,磨牙
equipping,装备
langa,兰加
uttermost,极致
hubbs,轮毂
sarasvati,萨拉斯瓦蒂
dunmore,邓莫尔
wildernesses,荒野
adorno,阿多诺
pensione,养老金
denigrating,贬损
patricians,贵族
lamination,层压
jodrell,乔德雷尔
nigra,黑
thornley,索恩利
vaquero,牧童
dianetics,戴尼提
teale,茶色
chromatic,色度
sweepings,清扫
roa,路
meccano,机械卡诺
unties,解开
genomic,基因组学
baraka,巴拉卡
goodhue,古德休
ssp,ssp
mayest,五月
stoicism,斯多葛主义
fertilizes,施肥
fiddle-faddle,胡言乱语
merril,梅里尔
isfahan,伊斯法罕
exorcize,傩
tanglewood,缠木
reframe,重新定义
carrigan,卡里根
tenable,站得住脚的
unceasingly,不停地
carcassonne,卡尔卡松
cheyennes,夏安人
cobo,科博
payloads,有效载荷
fungicide,杀菌剂
calibrations,校准
orientated,定向的
enrages,激怒
depressurize,减压
copyist,抄写员
open-hearted,开朗
aylmer,艾尔默
shootouts,枪战
geminis,双子座
kuomintang,国民党
beshrew,卑鄙
inattention,注意力不集中
navajos,纳瓦霍人
undine,水仙
shanahan,沙纳汉
copybook,副本簿
aeroflot,俄罗斯航空
tangential,切线
nanyang,南洋
takedown,记录下来
self-effacing,谦逊
antagonists,反派
churl,吝啬鬼
mafias,黑手党
disease-free,无病
threepenny,三便士
espana,西班牙
pargo,帕戈
high-res,高分辨率
shutoff,关闭
conceptualize,概念化
tellus,告诉我们
crosser,交叉
coexisted,共存
hand-drawn,手绘
bumper-to-bumper,从车头到车尾
decoction,汤
misdiagnosis,误诊
pulchritude,美感
centralised,集中
alums,校友
extubate,拔管
tongued,舌头
histrionic,戏剧化的
laury,劳里
fitters,装配工
petaling,花瓣
deconstructing,解构
cornetto,羊角面包
awb,awb
molson,莫尔森
effed,搞砸了
hinterlands,内陆地区
trollope,特罗洛普
promis,承诺
swiper,滑动器
ponces,庞塞
infrastructures,基础设施
soros,索罗斯
muckraking,揭露丑闻
gropes,摸索
gaea,盖亚
pantanal,潘塔纳尔
va-va-voom,哇哦
vocations,职业
brickhouse,砖房
faves,最爱
cybersex,网络性爱
letterkenny,莱特肯尼
grosz,格罗斯
dredger,挖泥船
barthes,巴特斯
mateus,马特乌斯
meighan,梅根
tetley,特特利
obligingly,乐意地
gali,加利
papier-mache,纸浆
ghazal,加扎勒
affronted,受辱
aubert,奥伯特
somedays,有些日子
sike,骗人的
crabapple,海棠果
saman,萨曼
missa,弥撒
contrasted,对比
palpitating,心悸
televise,电视
reynosa,雷诺萨
regressions,回归
feature-length,电影长度
americanized,美国化
high-toned,高音
deleterious,有害的
striae,妊娠纹
dentition,牙齿
rainie,雷尼
varices,静脉曲张
imbalances,失衡
norepinephrine,去甲肾上腺素
vadis,瓦迪斯
chok,噼啪
cut-and-dried,切开干燥
batley,巴特利
split-level,错层式
battleaxe,战斧
caracalla,卡拉卡拉
zur,祖尔
seminoles,塞米诺尔人
hennings,亨宁斯
vibrancy,活力
barbeques,烧烤
idolised,偶像化
cantando,坎坦多
coble,科布尔
average-sized,中等大小
isms,主义
filles,女儿们
smelted,冶炼
chippies,炸鱼薯条店
susquehanna,萨斯奎哈纳
u-turns,U型转弯
misplacing,放错地方
rajahmundry,拉贾蒙德里
voo,伏
duxbury,杜克斯伯里
dyed-in-the-wool,根深蒂固的
underpins,基础
shrewdness,城府
tabbouleh,塔布勒沙拉
culbertson,卡尔伯特森
diodes,二极管
stimpson,斯蒂姆森
flowerbeds,花坛
vasopressin,加压素
chambord,香波堡
avaunt,前进
sieges,围攻
heiresses,女继承人
blackguards,恶棍
sadhana,萨达纳
parsing,解析
encyclical,通谕
nullifies,无效
sugarcoating,糖衣炮弹
bargain-basement,廉价区
zook,祖克
dunkley,邓克利
fittingly,恰如其分
predated,早于
protegee,门生
double-barrel,双管
barrettes,发夹
caging,笼子
crossways,十字路口
commonsense,常识
aggregation,聚合
improvisations,即兴发挥
teargas,催泪瓦斯
five-a-side,五人制
cements,水泥
on-scene,现场
quiff,髦
longbottom,长底
goldberger,戈德伯格
hurly-burly,喧闹
teresita,特雷西塔
fabricius,法布里修斯
baleen,鲸须
vol-au-vent,酥皮盒
buxtehude,布克斯特胡德
revote,重新投票
salvos,齐射
suplex,过肩摔
similes,明喻
kap,卡普
catarrh,卡他性炎症
ponty,庞蒂
stuka,斯图卡
relaxants,放松剂
spink,斯宾克
locarno,洛迦诺
everard,埃弗拉德
unverified,未经证实
ferreting,雪貂捕猎
untuck,拆开
upend,颠倒
podgy,胖乎乎的
schwarzkopf,施华蔻
yellowed,泛黄
cardiologists,心脏病专家
ballantyne,巴兰坦
businesspeople,商人
cajon,卡洪鼓
dilettantes,业余爱好者
laserdisc,激光影碟
doux,doux
superficiality,肤浅
twinned,双子座
crinkled,皱巴巴的
modernizing,现代化
commutes,通勤
meltwater,融水
rearrange,重新排列
trac,追踪
gyrate,旋转
verrazano,韦拉扎诺
guida,指南
smuts,污秽
coexisting,共存
jimmies,吉米
chut,chut
statins,他汀类药物
bulking,增肌
skittle,保龄球
astrologist,占星家
perfumery,香水
dictations,听写
sapphic,女同性恋
tatted,纹身
slunk,斯伦克
dawlish,道利什
pipette,移液器
crappier,更糟糕的
wagnerian,瓦格纳式
abstentions,弃权
passers,过路人
depreciate,贬值
manis,美尼斯
seaward,向海
debug,调试
out-of-towner,外地人
outfitting,装备
back-channel,后台通道
hophead,啤酒花爱好者
embolization,栓塞
whole-wheat,全麦
gms,克
rowboats,划艇
atavistic,返祖现象
beltane,贝尔坦
uruk,乌鲁克
vyborg,维堡
outgrowing,长大了
lived-in,有人居住
meddles,干预
udine,乌迪内
shellfire,炮火
injectable,注射剂
fortin,福廷
sculptress,女雕塑家
adjudicated,裁决
baumgarten,鲍姆加滕
belin,贝林
kawaii,可爱
triple-check,三重检查
beanery,豆子店
runty,矮个子
karakorum,喀喇昆仑
glitterati,精英阶层
golconda,戈尔康达
breitling,百年灵
matriculate,录取
stratospheric,平流层
schein,沙因
bria,布里亚
chomped,被咬了一口
transience,短暂性
quilter,拼布工
titillation,刺激
echos,回声
subito,速成
hemlines,裙摆
subaltern,下级军官
gendron,根德龙
swa,swa
protrusion,突出
interlace,交错
chf,华氏
follett,弗莱特
dreiser,德莱塞
criolla,克里奥尔人
esterhazy,酯化
sculptured,雕塑
virology,病毒学
retorts,反驳
newlywed,新人
hoboes,流浪汉
moderators,版主
blick,布利克
headcheese,头肉冻块
crist,基督
gren,绿
damson,李子
redbird,红鸟
gallus,鸡
rawalpindi,拉瓦尔品第
outsized,超大
cosworth,考斯沃斯
disabuse,解除虐待
experiential,体验式
curbed,路边
flashers,闪光灯
paled,苍白
neurologic,神经系统
altai,阿尔泰
debuts,首次亮相
elzevir,埃尔泽维尔
interconnectedness,相互联系
crumples,褶皱
tattled,告密者
witticism,妙语
kristopher,克里斯托弗
scorning,蔑视
hanoverian,汉诺威犬
horn-rimmed,角质边
reenlist,重新入伍
initiations,入会仪式
compartmentalization,分隔
x-mas,圣诞节
sanaa,萨那
nightwish,夜愿
outstrip,超过
mauler,猛击者
stile,风格
galette,法式薄饼
jao,jao
coarseness,粗糙度
federer,费德勒
flamethrower,喷火器
daphnis,水蚤
unaffiliated,无所属
clum,笨蛋
right-thinking,正确的思维方式
thk,thk
representational,代表性的
imdb,imdb
underwritten,承保
reeducated,再教育
adit,矿洞
lso,也
hampden,汉普顿
cdos,cdos
switchback,折返
chay,茶
unprocessed,未加工的
men-at-arms,武装人员
gabble,数落
hastens,加快
prestidigitation,魔术
smelters,冶炼厂
rending,渲染
chatterton,查特顿
misaligned,错位
overhauling,大修
colwyn,科尔温
gulu,古鲁
beanbags,豆袋椅
heartbreaks,心碎
fff,fff
jism,吉斯姆
scornfully,轻蔑地
buzzwords,流行语
rds,rds
spongers,海绵吸食者
pell-mell,乱七八糟
pinch-hit,代打
churchman,牧师
espy,间谍
monofilament,单丝
northwood,北伍德
totter,蹒跚
propylene,丙烯
girling,女孩
skywriter,天空书写者
biliary,胆道
cruelty-free,无残忍
yayo,雅虎
yaris,雅力士
retroperitoneal,腹膜后
top-grade,顶级
bookworms,书虫
carboniferous,石炭纪
travertine,石灰华
boult,布尔特
proscenium,舞台口
eliezer,埃利泽
domaine,领域
mournfully,悲伤地
malingerer,装病者
hightailing,逃跑
valiente,勇敢的
autoerotic,自慰
loke,洛克
pretorius,普雷托里乌斯
blogged,博客
levante,莱万特
briarwood,荆棘木
pericardiocentesis,心包穿刺术
kix,基克斯
masi,玛西
regaling,令人愉悦
becaus,因为
reintroduction,重新引入
plenipotentiary,全权代表
twofold,双重
rub-a-dub,搓搓手
fortissimo,强音
lyles,莱尔斯
unstructured,非结构化
discloses,披露
not-for-profit,非营利组织
invalided,无效
hyperventilation,过度换气
debits,借方
frittered,油炸
goodland,古德兰
cinematograph,电影摄影
bakelite,胶木
geosynchronous,地球同步轨道
splats,溅射
civitavecchia,奇维塔韦基亚
kells,凯尔斯
geoffroy,杰弗罗伊
rearrangement,重新排列
orienteering,定向越野
surfeit,过量
leen,莉恩
draperies,窗帘
atheistic,无神论者
walthamstow,沃尔瑟姆斯托
feedbag,饲料袋
camara,相机
demonizing,妖魔化
overtaxed,税负过重
zinnias,百日草
offsets,偏移量
pigeon-toed,内八字
plasticity,可塑性
millbank,米尔班克
hrd,hrd
expletives,脏话
unloving,冷漠无情
thal,塔尔
bittern,卤水
coin-operated,投币式
right-oh,对哦
longhair,知识分子
abboud,abboud
goulding,古尔丁
dagenham,达格纳姆
obstinately,顽固地
kasem,卡西姆
hallman,霍尔曼
carriageway,车道
amphion,安菲翁
shoulder-to-shoulder,肩并肩
doman,多曼
rechecked,重新检查
seconde,第二
crawlies,爬虫
bandung,万隆
dispelling,驱散
prepay,预付
daves,戴夫
sheva,舍瓦
demain,明天
alveoli,肺泡
moncrieff,蒙克里夫
chancing,机会
pdr,皮德
earing,耳环
thirstier,更渴
bell-bottoms,喇叭裤
two-lane,双车道
scrimshaw,象牙雕刻
ihm,伊姆
crosbie,克罗斯比
hyannis,海恩尼斯
sandbank,沙洲
self-assurance,自信
crs,crs
businesswomen,女商人
nodule,结核
affinities,亲和力
pozo,波佐
montagu,蒙塔古
langan,朗根
thrushes,画眉
norrington,诺灵顿
gies,gies
predilections,偏好
petrel,海燕
protuberance,突起
earnhardt,恩哈特
consignments,货物
adherents,信徒
jujube,枣
airstrips,简易机场
guttering,排水沟
invictus,不败
mushroomed,蘑菇
boccaccio,薄伽丘
cannibalized,被同类相食
vacationed,休假
telomerase,端粒酶
steelworkers,钢铁工人
dividers,分隔线
cuvier,居维叶
fixers,修理工
antioxidant,抗氧化剂
amistad,阿米斯塔德
sicario,杀手
womanising,花花公子
rundle,伦德尔
belched,打嗝
bushmaster,丛林之王
incapacitating,丧失能力
calve,小牛
devilled,魔鬼般的
eying,注视
outpatient,门诊
shuttering,百叶窗
frigidaire,弗里吉戴尔
outshoot,射出
kristallnacht,水晶之夜
napper,午睡者
reaming,扩孔
starker,斯塔克
wittering,喋喋不休
parque,公园
lieve,相信
aed,艾德
environmentalism,环境保护主义
elderflower,接骨木花
upstaging,抢风头
portentous,不祥的
denunciations,谴责
kedar,凯达尔
extravagances,奢侈
four-by-four,四乘四
underpinning,基础
differentiating,区分
ridder,骑手
ridgway,里奇韦
phosphor,磷
wriggles,蠕动
cheesecloth,纱布
recommence,重新开始
npc,非玩家角色
konya,科尼亚
sula,苏拉
goonie,七宝奇谋
middleburg,米德尔堡
cpi,成本
gimmicky,噱头
tight-assed,小气鬼
pdq,PDQ
write-in,填写
cardinale,红衣主教
galois,伽罗瓦
mix-ups,混乱
cyrene,昔兰尼
infallibility,绝对正确
beersheba,贝尔谢巴
orval,奥瓦尔
weirds,怪人
brasses,黄铜
chided,责备
bloxham,布洛克瑟姆
catalysts,催化剂
annotated,带注释的
horsewoman,女骑手
harmer,哈默
pcc,pcc
breadbox,面包盒
xe,氙
boffo,博福
mcdonough,麦克唐纳
dinette,餐桌
concurrence,一致
exemplars,范例
bhaji,巴吉
soloing,独奏
specie,物种
mccarran,麦卡伦
lingua,语言
solus,索鲁斯
lumpectomy,乳房肿块切除术
quartets,四重奏
ultramarine,群青
sayre,赛尔
chastain,查斯坦
alphabetizing,按字母顺序排列
marshaling,集结
christiania,克里斯蒂安尼亚
coldbloodedly,冷血地
fincham,芬查姆
mannie,曼尼
baleful,有害的
ruiner,毁灭者
woburn,沃本
staunton,斯汤顿
wraparound,环绕
reactivation,重新激活
keening,哀歌
deoxyribonucleic,脱氧核糖核酸
honkers,喇叭
pathogenic,致病
lookalikes,相似者
gyrus,脑回
tortoiseshell,玳瑁
pokers,扑克
noninvasive,非侵入性
barkers,叫卖者
laconic,简洁
furstenberg,弗斯滕伯格
videocassette,录像带
lucite,有机玻璃
nautica,诺蒂卡
fare-thee-well,再见
homogeneous,均质
thanes,泰恩斯
stanislaus,斯坦尼斯劳斯
shakedowns,敲诈勒索
employable,可就业
herron,苍鹭
demoting,降职
showbusiness,演艺圈
indi,印度
hubei,湖北
ayer,昨天
timorese,东帝汶人
idem,同上
olney,奥尔尼
envisions,设想
altarpiece,祭坛画
condi,条件
surtees,苏尔蒂斯
honor-bound,恪守荣誉
leff,左翼
crash-landing,迫降
sublimating,升华
cottrell,科特雷尔
zar,扎尔
tryptophan,色氨酸
bywater,乘水
first-string,一线队
kanu,卡努
french-fried,炸薯条
kalan,卡兰
marshlands,沼泽地
safecracking,保险箱破解
puna,普纳
trotskyist,托洛茨基主义者
jojoba,霍霍巴
androcles,安德洛克勒斯
caber,卡伯
stenciled,镂空
moderating,调节
coote,库特
couriered,快递
airedale,艾尔代尔
forelegs,前腿
rehydration,补液
predominately,主要
self-healing,自愈
chardin,夏丹
exacta,精确
ald,奥尔德
blowflies,丽蝇
pando,潘多
debridement,清创术
ramazan,斋月
wahab,瓦哈卜
norberg,诺伯格
surpluses,盈余
preciously,珍贵地
moderated,温和
street-smart,街头智慧
broadbent,宽弯
downpayment,首付
prejudge,预先判断
grea,伟大的
badmouthed,诋毁
spiralled,螺旋状
seddon,塞登
starches,淀粉
augments,增强
cardozo,卡多佐
tass,塔斯社
refracting,折射
royalton,罗亚尔顿
hundredweight,百磅
irgun,伊尔根
appel,上诉
shirtsleeves,衬衫袖子
kanak,卡纳克
eternities,永恒
khat,卡特
grell,格雷尔
aleks,亚历克斯
oiler,油器
revivals,复兴
redoubtable,令人敬畏的
zal,扎尔
pek,佩克
debauch,放荡
interludes,插曲
unrolled,展开
submersion,浸没
massapequa,马萨佩夸
acquiesced,默许
straus,施特劳斯
backlot,后院
straight-line,直线
resins,树脂
ocala,奥卡拉
fatback,肥肉
linford,林福德
saavedra,萨维德拉
non-hodgkin,非霍奇金淋巴瘤
keynesian,凯恩斯主义
beswick,贝斯威克
titu,蒂图
bendel,本德尔
mth,月
planchette,灵板
fumed,怒气冲冲
schweppes,舒味思
mispronouncing,发音错误
ascites,腹水
denoted,表示
hexagons,六边形
unbolt,拧开螺栓
enslaves,奴隶
subordination,从属关系
mattering,重要
spirituals,灵歌
orsay,奥赛
swerves,急转弯
bair,贝尔
deare,亲爱的
exuding,渗出
grinnell,格林内尔
gleneagles,格伦伊格尔斯
pennines,奔宁山脉
agis,吉斯
knighton,奈顿
snapdragon,金鱼草
hydrazine,肼
kresge,克雷斯格
aphorisms,格言
windblown,风吹
paule,保罗
merry-go-rounds,旋转木马
shies,害羞
bretagne,布列塔尼
mawkish,矫情
repairer,修理工
jurists,法学家
unwelcoming,不友好
annuities,年金
wea,韦
nagaoka,长冈
eyeballed,目测
havemeyer,哈维迈耶
surreptitious,偷偷摸摸的
druce,德鲁斯
dougan,道根
fuzzball,毛球
viale,小瓶
plausibility,合理性
lawry,劳里
homebrew,自酿啤酒
wellspent,物有所值
reith,雷斯
ahu,阿胡
snoopers,窥探者
elana,埃拉娜
chirring,啁啾声
roskilde,罗斯基勒
fernwood,蕨木
taber,塔伯
fata,法塔
orals,口试
subcontracted,分包
episodic,剧集式
faria,法里亚
corrals,畜栏
megillah,梅吉拉
sensually,感性的
waziristan,瓦济里斯坦
jewelled,珠宝
dehumanize,非人化
mattison,马蒂森
strictness,严格性
pre-interview,面试前
acquiescence,默认
armistead,阿米斯特德
indices,指数
nme,姓名
alceste,阿尔切斯特
recursive,递归
tilghman,蒂尔曼
immer,浸入
goony,傻瓜
peo,人
phe,菲
quick-change,快速更换
canuck,加拿大人
lukin,卢金
warnock,沃诺克
stemware,高脚杯
planeload,平面载荷
virginians,弗吉尼亚人
hair-do,发型
sprigs,嫩枝
satu,萨图
pinkett,平克特
disneyworld,迪士尼世界
humanists,人文主义者
uncommitted,未承诺
augury,预兆
punctuate,圈点
sadr,萨德尔
epicurean,美食家
pekoe,白毫
subdivisions,细分
cost-of-living,生活成本
encumbrance,累赘
cunard,冠达邮轮
spatulas,抹刀
bilirubin,胆红素
sun-baked,阳光炙烤
morphs,变形
cratered,陨石坑
rangel,兰格尔
moores,摩尔斯
lalita,拉丽塔
interlocked,互锁
repugnance,厌恶
lead-up,前期准备
orangemen,橙衣人
monarchists,君主主义者
fanon,同人作品
playland,游乐场
flavorless,无味
leg-up,助推
castlemaine,卡斯尔梅恩
gand,甘德
rationalism,理性主义
expediter,快递员
photostats,复印件
sipe,侧切
warily,谨慎地
e-book,电子书
sags,下垂
descents,下降
juts,尖刺
choler,霍乱
smalley,斯莫利
imc,imc
bateson,贝特森
toshiba,东芝
hoagland,霍格兰
kilwa,基尔瓦
dayne,戴恩
freehand,徒手
light-sensitive,光敏
tay-sachs,泰-萨克斯病
zamboanga,三宝颜
in-service,在职
mackenzies,麦肯齐
imperium,帝国
waypoint,航点
sawn-off,锯掉
guilts,内疚
libres,自由
neuronal,神经元
conlin,康林
springville,斯普林维尔
critiqued,批评
dsr,dsr
folktale,民间故事
pop-ups,弹出窗口
regen,再生
lowrider,低底盘车
newsletters,新闻简报
rashers,培根
ariza,阿里扎
xix,十九
koren,科伦
newfield,纽菲尔德
abbeville,阿布维尔
innuendoes,影射
nonces,nonce
persuader,说服者
filthiness,肮脏
tedder,泰迪熊
millenniums,千年
high-top,高帮鞋
lamington,拉明顿
commutation,交换
bootless,无靴
deflates,放气
hypochondriacs,疑病症患者
mayra,玛雅
brutalised,残暴
peloponnesian,伯罗奔尼撒半岛
equerry,马夫
habana,哈瓦那
cyprian,塞浦路斯人
even-tempered,性情温和
seaweeds,海藻
half-pound,半磅
leaper,跳跃者
mehr,更多
choya,乔亚
middles,中间
chinwag,谈天
ambiguities,歧义
griz,灰熊
bisons,野牛
haulers,运输车
haran,哈兰
whitewashing,粉刷
ure,确定
hammill,哈米尔
vamping,吸血鬼
innkeepers,旅店老板
beaux-arts,美术学院派
isotopic,同位素
belabor,劳动
anthracite,无烟煤
dyne,达因
herniation,疝
xingu,星古
magnetite,磁铁矿
dolomites,白云石
erv,erv
charterhouse,特许状
satisfactions,满意度
scriptwriters,编剧
left-field,左外野
alehouse,酒馆
student-teacher,实习教师
tubas,大号
draven,德莱文
drizzly,蒙蒙
dilutes,稀释
weeklies,周刊
camouflaging,伪装
decompressing,解压缩
wildling,野人
devonport,德文波特
boulton,博尔顿
outerwear,外套
deducing,推断
flashover,闪络
unsentimental,不感伤的
rainstorms,暴雨
ossetia,奥塞梯
qualitative,定性
suba,苏巴
gallants,豪侠
chaman,萨满
re-edit,重新编辑
soane,索恩
myasthenia,重症肌无力
moraine,碛
nomen,名称
sabir,萨比尔
grubb,格鲁布
hymnal,赞美诗集
pip-pip,pip-pip
lodestone,磁石
restrains,约束
jdc,jdc
suggestively,暗示性地
sign-out,登出
mildness,温和
nijmegen,奈梅亨
liguori,利古里
sulawesi,苏拉威西
sprog,幼苗
mutsu,陆奥
saltier,更咸
refinancing,再融资
saharan,撒哈拉
shivs,匕首
trans-siberian,跨西伯利亚铁路
teatime,下午茶时间
rosanne,罗珊娜
bitchiness,刻薄
anglaise,英式蛋奶冻
wpa,西太平洋铁路
torn-up,撕碎的
carre,卡雷
recapping,总结
inured,受伤
egg-shaped,蛋形
kimani,基马尼
lieutenant-general,中将
polygamists,一夫多妻者
gamelin,加梅林
horniest,最色情的
sauntering,闲逛
deflowering,失贞
open-mindedness,开放的心态
day-by-day,天天
weiler,韦勒
saiki,齐木楠雄
headbutting,头撞
she-goat,母山羊
cavin,卡文
supping,啜饮
knicker,内裤
pivots,枢轴
kolhapur,科尔哈普尔
sence,感觉
banting,班廷
jlo,詹妮弗·洛佩兹
bowdoin,鲍登
overpriced,价格过高
fru,水果
vesalius,维萨里
bedstead,床架
bidets,坐浴盆
firebombs,燃烧弹
arabians,阿拉伯人
bluebottle,蓝瓶
braless,无胸罩
chirrup,叽叽喳喳
reconfirmed,再次确认
handhold,扶手
kron,克朗
kookie,饼干
gorden,戈登
mannerism,举止
debilitated,虚弱的
foodies,美食家
eme,主题
liquefies,液化
cafeterias,自助餐厅
interceptions,拦截
hollie,霍莉
burd,鸟
dixons,迪克森
kariya,卡里亚
hussey,赫西
thorney,棘手
summonses,传票
wallah,真主
thwacks,啪啪声
scherer,舍勒
concisely,简洁地
sherrington,谢灵顿
constanze,康斯坦兹
rol,滚动
leopard-skin,豹纹
cotten,棉
diaphragmatic,膈肌
oinks,猪叫声
whitten,惠顿
tlingit,特林吉特
memoranda,备忘录
bhatti,巴蒂
egg-white,蛋清
pritch,普里奇
two-sided,双面
andromache,安德洛玛刻
perspicacity,洞察力
fourthly,第四
sequestering,隔离
hard-to-reach,难以到达
principe,普林西比
mickle,很多
penetrator,穿透器
eking,eking
fishmongers,鱼贩
hardcase,硬壳
lemoyne,勒莫因
narmada,纳尔默达河
adelman,阿德尔曼
sharjah,沙迦
self-described,自称
dark-colored,深色
despairs,绝望
necessitated,必要
brights,亮色
slumbered,沉睡
vagueness,模糊性
ataxia,共济失调
spd,速度
senors,传感器
silkwood,丝木
consequential,后果
granton,格兰顿
embarrassments,尴尬
headhunted,猎头
cheapens,廉价
think-tank,智库
iras,伊拉斯
malleus,锤骨
beaman,比曼
woodcocks,山鹬
futurity,未来
vosper,沃斯珀
platonically,柏拉图式的
creepy-crawlies,爬虫
leverett,莱弗雷特
toccata,托卡塔
negating,否定
wheelock,惠洛克
soundness,健全性
bohunk,笨蛋
requiescat,安息
postproduction,后期制作
impotency,阳痿
albumin,白蛋白
tractor-trailer,拖拉机挂车
hornpipe,号角舞曲
majdanek,马伊达内克
palmistry,手相学
scuffing,磨损
komo,科莫
zeit,时代
kipp,基普
generalizations,概括
shivery,发抖
telecoms,电信
melia,梅利亚
vra,弗拉
bellicose,好战的
materialists,唯物主义者
ariake,有明
toombs,墓穴
buttes,孤丘
snowdonia,斯诺登尼亚
tootles,工具
al-qaida,基地组织
contributory,贡献者
twe,twe
drooped,下垂
jumpstarted,启动
binny,宾尼
moorpark,摩尔帕克
biathlon,冬季两项
mcwilliams,麦克威廉姆斯
complexions,肤色
dance-hall,舞厅
nihil,虚无
lungfish,肺鱼
babby,婴儿
paramecium,草履虫
lifetime,寿命
pestilential,瘟疫
orientations,方向
appointees,受委任者
hurtado,赫尔塔多
teashop,茶馆
emos,情绪摇滚
dibber,播种器
brigg,布里格
casal,卡萨尔
subscribing,订阅
suribachi,折钵
nembutal,戊巴比妥
intriguingly,耐人寻味的是
barger,巴格尔
welsher,威尔士人
leprous,麻风病
yearlings,一岁马
dykstra,迪克斯特拉
gustavus,古斯塔夫
untrusting,不信任
redact,纂
mid-way,中途
crabmeat,蟹肉
hellraiser,养鬼吃人
rejuvenates,恢复活力
mitsui,三井
javelins,标枪
ignoramuses,无知者
intermix,混合
unifies,统一
beebee,蜜蜂
permanganate,高锰酸钾
evocation,招魂
maloof,马鲁夫
otway,奥特威
time-release,缓释
foreknowledge,预知
snowbird,雪鸟
dovey,鸽子
unblinking,一眨不眨
garrisoned,驻军
bistros,小酒馆
depressives,抑郁症
corven,科尔文
quintuple,五倍
magdala,抹大拉
dickman,迪克曼
discotheques,迪斯科舞厅
takaoka,高冈
plz,请
breakouts,突破
antiperspirant,止汗剂
graphical,图形
noway,决不
downdraft,下沉气流
dns,DNS
abhorrence,厌恶
firefights,枪战
compline,晚祷
picayune,小报
grandfathered,祖父条款
sloppily,草率地
straitjackets,束缚衣
ensor,传感器
grimsley,格里姆斯利
athenaeum,雅典娜神庙
heth,赫斯
lindner,林德纳
spurted,喷涌而出
revelatory,启示性的
mccarthyism,麦卡锡主义
mantell,地幔
twirly,旋转的
usi,我们使用
fairing,整流罩
boyko,博伊科
rabble-rousing,煽动群众
koop,库普
cortot,科尔托
neorealism,新现实主义
tovar,托瓦尔
shroff,什罗夫
wiebe,维贝
kars,卡尔斯
alvar,阿尔瓦
ironwood,铁木
befouled,污秽
unfeasible,不可行
pinscher,宾莎犬
yamanashi,山梨县
schlemiel,笨蛋
gorp,戈普
voisin,邻居
hereabout,附近
reformat,重新格式化
de-escalate,缓和局势
guilting,内疚
standouts,杰出人物
snubs,冷落
freakier,更怪异
inka,印加
mused,沉思
liger,狮虎兽
walkover,步行
tranquillizers,镇静剂
onomatopoeia,拟声词
bettor,投注者
atef,阿特夫
underpinnings,基础
aftercare,后续护理
apple-pie,苹果派
dishpan,洗碗盆
high-tension,高压
guillen,吉伦
botheration,烦扰
powe,权力
weisman,魏斯曼
kelleher,凯莱赫
elaboration,详细说明
omega-3,omega-3
sackful,一袋
kerf,切口
hurdling,跨栏
availing,利用
hobbyists,业余爱好者
foully,肮脏的
drabs,暗淡无光
betroth,聘
scorches,焦土
questioner,提问者
personne,人
elwell,埃尔韦尔
speciale,特别的
parce,包裹
syllogism,三段论
bradlee,布拉德利
brisson,布里松
tows,拖船
pois,鱼
fim,电影
spay,喷洒
cataclysms,灾难
liveable,宜居
multiplayer,多人游戏
gauged,测量
iselin,伊塞林
montoneros,蒙托内罗斯
babylonia,巴比伦尼亚
riis,里斯
abajo,abajo
mayhap,或许
uptempo,快节奏
ftp,FTP
expeditious,迅速的
cuerpo,cuerpo
corroborative,佐证
caudillo,考迪罗
adu,成人
wulff,伍尔夫
sull,嘘
slants,斜面
washer-dryer,洗衣干衣机
hatters,制帽商
agonal,濒死
besmirching,玷污
strad,斯特拉德
forewarning,预警
rida,里达
edta,乙二胺四乙酸
muddying,浑浊
peninsular,半岛
balmain,巴尔曼
folie,疯狂
blewett,blewett
arm-twisting,扭打
burghley,伯利
trimmers,修剪器
preoccupations,忧虑
occultism,神秘学
quaff,畅饮
sindhi,信德语
acetylcholine,乙酰胆碱
ptolemaic,托勒密
secor,部门
psychical,心理
condensers,冷凝器
supplementing,补充
showstopping,惊艳全场
verneuil,韦尔讷伊
acu,针灸
fala,法拉
tannin,单宁
offsite,异地
verisimilitude,逼真性
gigahertz,吉赫兹
stargazers,观星者
chucklehead,傻瓜
hqs,总部
disappointingly,令人失望地
investigatory,调查
lary,拉里
parkside,公园边
big-budget,大预算
placating,安抚
hirschfeld,赫希菲尔德
fatimah,法蒂玛
atr,atr
epidemiology,流行病学
waveform,波形图
shriveling,萎缩
mazar,马扎尔
pana,帕纳
desiccation,干燥
samoans,萨摩亚人
textural,纹理
umbilicus,脐
munches,零食
chickamauga,奇卡莫加
besa,贝萨
jours,日子
paulin,保兰
sires,种公牛
gimbal,云台
afer,之后
heaney,希尼
gyroscopic,陀螺仪
thrashes,猛烈抽打
mors,mors
ridiculousness,荒谬
scleroderma,硬皮病
trainload,满载火车
mendacious,虚伪的
fomo,害怕错过机会
krugman,克鲁格曼
hir,希尔
qaddafi,卡扎菲
fragmenting,碎片化
proprieties,礼仪
gaillard,盖拉德
martingale,鞅
opts,选项
sickeningly,令人作呕
disorganization,混乱
cavell,卡维尔
mahomet,穆罕默德
exfiltration,渗出
repped,代表
slavering,垂涎欲滴
sherbert,雪芭
interdict,禁令
underlies,底层
smelliest,最臭的
splotch,斑点
preppies,预科生
distinguishable,可区分的
leaker,泄密者
elongate,拉长
backchat,反驳
underpin,支撑
spleens,脾脏
tintoretto,丁托列托
ayrshire,艾尔郡
busman,公交车司机
nationhood,民族性
defecates,排泄物
flatterers,奉承者
gea,gea
downlink,下行链路
coalfields,煤田
aerobatics,特技飞行
pre-planned,预先计划
schultze,舒尔茨
enlightens,启迪
freitas,弗雷塔斯
paradigms,范式
journos,记者
broch,布罗赫
visualisation,可视化
gorka,戈尔卡
joslyn,乔斯林
durfee,杜菲
dworkin,德沃金
name-day,命名日
aar,阿尔
faintness,模糊
self-realization,自我实现
battler,斗士
pardners,伙伴们
kreuzberg,克罗伊茨贝格
watling,沃特林
copperheads,铜头蛇
gentil,温和
creaked,嘎吱作响
handley,汉德利
findley,芬德利
musial,音乐
pulsed,脉冲
tisa,蒂萨
crois,十字
peptic,消化性
drink-driving,酒后驾车
bizet,比才
fant,粉丝
clearinghouse,清算所
gladius,剑
self-destructs,自毁
kerplunk,噗通
picardy,皮卡第
ifa,伊法
iaea,国际原子能机构
quatrains,四行诗
sponged,海绵
pushchair,婴儿推车
tyrannosaur,霸王龙
mousa,穆萨
sotomayor,索托马约尔
woodsmen,樵夫
finalising,最终确定
uefa,欧足联
whiteface,白脸
antonello,安东内洛
reitz,赖茨
almanacs,年鉴
goodspeed,好速度
dinsmore,丁斯莫尔
manty,曼蒂
traditionalists,传统主义者
jitter,抖动
up-and-down,上下起伏
gonad,性腺
bankable,可银行贷款
rajputs,拉杰普特人
immunosuppressants,免疫抑制剂
resuscitating,复苏
lamy,拉米
bight,海湾
rameau,拉莫
biannual,每半年一次
newspeak,新语
two-wheeler,两轮车
rimmed,带边
stiffly,僵硬地
outwitting,智胜
categorise,分类
heartlessly,冷酷无情
henrich,亨利希
fha,联邦住房管理局
pir,皮尔
begrudging,勉强地
miron,米隆
cunliffe,康利夫
abcd,abcd
collet,夹头
bromfield,布罗姆菲尔德
persuasions,说服
cardholder,持卡人
mummify,木乃伊化
fermo,费尔莫
dw,dw
francia,法国
jammu,查谟
perrot,鹦鹉
akureyri,阿库雷里
undiminished,未减损
tgv,TGV
laureates,获奖者
forrestal,福雷斯塔尔
single-engine,单引擎
businessperson,商人
deemer,推定
ptomaine,ptomaine
wastewater,废水
alcoa,美国铝业公司
heartened,令人鼓舞
demonstrably,明显地
hals,哈尔斯
maule,莫尔
clothespin,衣夹
reentering,重新进入
madura,马杜拉
cloverdale,克洛弗代尔
phonetics,语音学
abubakar,阿布巴卡尔
revell,雷维尔
zealander,西兰人
toughening,强化
diagonals,对角线
circumventing,规避
wimmer,维默
logarithm,对数
freebase,游离碱
seguin,塞甘
chlorpromazine,氯丙嗪
ampicillin,氨苄青霉素
thronged,熙熙攘攘
coloureds,彩色
smartened,聪明
fallacious,谬误的
assembler,汇编器
viner,藤蔓
kreplach,克雷普拉赫
boardrooms,董事会议室
plas,塑料
right-wingers,右翼分子
breading,面包屑
tinian,提尼安
equal-opportunity,机会均等
hobnobs,霍布诺布斯
nus,努斯
non-white,非白人
oversensitive,多心
clinching,锁定胜局
perryman,佩里曼
tontine,托宁
laneway,巷道
self-defeating,自我挫败
zuniga,祖尼加
mangas,漫画
hardliners,强硬派
squier,斯奎尔
bruder,布鲁德
flycatcher,捕蝇鸟
pennock,佩诺克
dickenson,迪肯森
appreciable,值得赞赏
duck-billed,鸭嘴兽
xd,xd
oil-rich,富油区
reconquer,夺回
motorbike,摩托车
smudgy,模糊的
troutman,鳟鱼人
tamworth,塔姆沃思
obdurate,顽固的
alienist,精神病学家
diffraction,衍射
saur,索尔
deregulated,放松管制
tanga,丁字裤
tripartite,三方
minutia,细节
ape-men,猿人
cleavers,菜刀
prehensile,可抓握的
reata,雷塔
precession,进动
in-out,进出
nationalisation,国有化
moralists,道德家
protrusions,突起
hot-wiring,非法接线
reddest,最红
stylistically,风格上
convulse,抽搐
borgen,博根
airburst,空爆
allspice,多香果
airey,艾里
goers,去者
copiers,复印机
andouille,安杜耶香肠
blue-blood,蓝血贵族
brussel,布鲁塞尔
eagan,伊根
caveats,注意事项
marquises,侯爵夫人
pantywaist,连裤袜
antecedents,来路
fasteners,紧固件
simenon,西默农
gynaecology,妇科
plazas,广场
dongguan,东莞
pythias,毕提亚斯
hrh,hrh
brakeman,制动员
falsies,假体
demeans,贬低
bad-mannered,没礼貌的
damiana,达米阿那
thiamine,硫胺素
shand,尚德
right-winger,右翼
easiness,容易
howes,豪斯
moralize,道德说教
long-eared,长耳
singeing,烧焦
dropouts,辍学
lucina,露西娜
yj,yj
nystrom,尼斯特罗姆
topham,托普汉姆
rills,小溪
friel,弗里尔
one-nighter,一夜情
speirs,斯皮尔斯
lathan,拉坦
federalist,联邦党人
matera,玛特拉
fluttery,颤抖的
ai-ling,爱玲
millstones,磨石
ionescu,伊奥内斯库
exasperate,恶化
marsalis,马萨利斯
otitis,耳炎
farthingale,法辛格尔
adders,加法器
couched,卧倒
damnably,该死的
oarsmen,划桨手
pmi,下午
singaporean,新加坡人
bringers,使者
technocrats,技术官僚
jailing,监禁
salto,萨尔托
meshed,网状
kra,克拉
foxed,狐狸
mangano,曼加诺
unworthiness,不配
bagh,巴格
wanamaker,瓦纳梅克
edp,EDP
ilias,伊利亚斯
roro,滚装船
solvable,可解
blackfish,黑鱼
quonset,半圆形拱顶
hatchbacks,掀背车
experimenters,实验者
flip-flopping,反复无常
handicapping,让分
desirability,理想性
carteret,卡特雷特
worthily,值得地
sagittal,矢状面
ceremonious,隆重
self-possessed,沉着冷静
bahman,巴赫曼
chid,孩子
domesday,末日审判书
non-functional,不具备功能
flunkey,奴才
snowdrop,雪花莲
sickroom,病房
outgoings,支出
ocher,赭石
rationalizations,合理化
sell-off,抛售
silverberg,西尔弗伯格
cushioning,缓冲
gnp,国民生产总值
humanitarians,人道主义者
ogg,ogg
tempter,诱惑者
alberts,阿尔伯特
capsicum,辣椒
stepping-stone,垫脚石
hoban,霍班
made-to-order,定制产品
cpm,每分钟成本
microseconds,微秒
materializes,实现
shamrocks,三叶草
wolford,沃尔福德
jacobus,雅各布斯
fazes,阶段
inu,因
powerhouses,强队
feted,受人尊敬
jewishness,犹太性
justicia,正义
nhk,NHK
mossman,莫斯曼
nominally,名义上
zigzags,之字形
mechelen,梅赫伦
msf,msf
reentered,重新进入
railwayman,铁路工人
beanies,毛线帽
deathwatch,死亡守望
yorke,约克
spg,spg
divvied,分割
stevia,甜菊糖
agadir,阿加迪尔
trai,特莱
corea,韩国
lowrie,洛瑞
moonshiner,私酒贩
rosy-cheeked,脸颊红润
kenworth,肯沃斯
clampdown,严厉打击
languorous,慵懒的
crackled,噼啪作响
phlebitis,静脉炎
osteoarthritis,骨关节炎
muniz,穆尼兹
rubino,鲁比诺
scheduler,调度器
timestamp,时间戳
callosum,胼胝体
bedridden,卧床不起
cfr,法典
hot-button,热点
pharm,药学
sarnia,萨尼亚
bole,树干
exothermic,放热
south-southeast,南东南
mammograms,乳房X光检查
forfend,禁止
maputo,马普托
galena,方铅矿
westie,西高地白梗
myelin,髓鞘
pollsters,民意调查员
changs,变化
manhater,厌男者
beechwood,山毛榉木
osh,奥什
pepperdine,佩珀丁
holidaymakers,度假者
pantoja,潘托哈
penitents,忏悔者
ayden,艾登
ritch,里奇
sharp-eyed,目光敏锐
naphthalene,萘
tinsmith,锡匠
sadi,萨迪
resp,责任
rectifier,整流器
giller,吉勒
plebeians,平民
dressing-gown,睡袍
backstreets,后街
rhythmical,有节奏的
oddness,怪异
fingerless,无指
nitpicking,吹毛求疵
phage,噬菌体
premenstrual,经前
pre-set,预设
legerdemain,戏法
krafft,克拉夫特
ejaculator,射精器
neman,尼曼
devastates,毁灭性的
ebro,埃布罗河
ampule,安瓿
retool,重新调整
chamberlains,张伯伦
unenviable,令人羡慕的
mey,梅
noisiest,最吵闹的
yachtsman,游艇运动员
pan-hellenic,泛希腊
adroit,灵巧
bucktoothed,龅牙
vice-presidential,副总统
zabaglione,萨芭雍
prate,喋喋不休
counteracting,抵消
lengthens,延长
fla,弗拉
auteuil,奥特伊
millikan,米利肯
herbaceous,草本植物
dprk,dprk
embalmers,防腐师
issuance,发行
franchisee,加盟商
equivocation,含糊其辞
auto-rickshaw,自动三轮车
carbonation,碳酸化
widdy,威迪
expansionist,扩张主义者
aif,aif
oun,oun
rocket-powered,火箭动力
colonialists,殖民者
gowdy,高迪
geophysicist,地球物理学家
bombe,炸弹
midmorning,上午十点左右
reaffirms,重申
poh,波
toiletry,盥洗用品
cutoffs,截止
wive,妻子
allemande,阿勒曼德
kuh,库
hyp,催眠
deeps,深水
andong,安东
limbering,舒展
loftier,更高
espadrilles,草编鞋
oxcart,牛车
grandaddy,爷爷
hmos,人类移动
mog,猫
loudness,响度
warangal,瓦朗加尔
hellbent,一心
touts,拉客者
appalachians,阿巴拉契亚山脉
twining,缠绕
undervalue,低估
ansar,安萨尔
farrington,法灵顿
destructiveness,破坏性
knesset,以色列议会
genuflect,跪
grebe,䴙䴘
nema,线虫
indiscrete,轻率
chuck-a-luck,掷骰子游戏
groundlings,地面观众
hore,母马
soldiered,士兵
estee,尊贵
undershirts,内衣
yarmulkes,犹太小圆帽
mula,穆拉
suny,太阳
fanzine,粉丝杂志
stickier,更粘稠
playfair,公平竞争
cash-and-carry,现金自提
phalange,指骨
drubbing,痛击
emptor,买者
punchbowl,潘趣酒碗
etu,埃图
anglos,盎格鲁人
straight-out,直接
thigpen,thigpen
carn,卡恩
stinginess,吝啬
navigates,导航
vukovar,武科瓦尔
hypertrophy,肥大
changsha,长沙
abraded,磨损
ennoble,使高贵
hudgens,哈金斯
gifu,岐阜
re-test,重新测试
cowpokes,牛仔
evisceration,内脏切除
desantis,德桑蒂斯
boac,博阿克
dx,dx
foyt,福伊特
pskov,普斯科夫
malodorous,恶臭的
pushkar,普什卡尔
kims,金姆斯
borderland,边疆
plautus,普劳图斯
brickle,砖块
sete,塞特
yerevan,埃里温
donnybrook,唐尼布鲁克
pattison,帕蒂森
rosier,更红润
parabellum,帕拉贝鲁姆
headdresses,头饰
deflation,通货紧缩
sported,运动
prize-giving,颁奖
ball-busting,虐蛋
entitlements,权利
shonen,少年
dogfighting,斗狗
boilermakers,锅炉制造
fuel-efficient,燃油效率高
sintra,辛特拉
blumenthal,布卢门塔尔
initialized,已初始化
watermarks,水印
peeples,人民
leven,十一
expedience,便利
archiving,归档
telegrapher,电报员
dockworkers,码头工人
vocalization,发声
paducah,帕杜卡
libidinous,好色的
wale,威尔士
anguilla,安圭拉
materializing,物质化
spreaders,撒布器
beatlemania,披头士狂热
remainders,余数
ascertaining,确定
pentagrams,五角星
caucuses,党团会议
sango,桑戈
arpeggio,琶音
scheffer,谢弗
palaeontologists,古生物学家
breanna,布雷安娜
colossally,巨大地
cmb,厘米
exotics,异国风情
lesueur,勒苏尔
lumsden,拉姆斯登
cladding,覆层
bramley,布拉姆利
gastroenterologist,胃肠病学家
serums,血清
earth-shaking,惊天动地
wap,wap
fertilisers,肥料
coste,成本
nabors,纳博尔斯
berton,伯顿
re-use,重复使用
pupillary,瞳孔
csl,csl
mult,多
ten-point,十分
recharges,充电
adjusters,理赔员
impairs,损害
beany,豆
edmondson,埃德蒙森
ribeira,里贝拉
deutscher,德语
meigs,梅格斯
newbold,新粗体
capstan,绞盘
moga,莫加
doral,多拉尔
conveyancing,产权转让
all-expense,全额费用
festooned,装饰
rechargeable,可充电的
destino,命运
hurr,哈尔
imbecility,白痴
lenten,大斋期
reimann,赖曼
herning,赫宁
widmer,威德默
kenilworth,肯尼尔沃思
sonderkommando,特遣队
fusilier,燧发枪兵
inimical,敌对的
jalopies,老爷车
dull-witted,愚钝
callback,打回来
guanajuato,瓜纳华托
grossness,恶心
piedras,石
chiding,责备
double-barreled,双管齐下
profundity,深刻
carrefour,家乐福
limpets,帽贝
pha,pha
trembler,颤抖者
skinniest,最瘦的
partings,离别
plunderers,掠夺者
velodrome,自行车赛车场
reevaluation,重新评估
ill-will,恶意
keelhaul,龙骨拖曳
enea,埃内亚
postnatal,产后
chairlift,缆车
a-fib,房颤
mockingbirds,嘲鸫
bellew,贝卢
logbooks,航海日志
persecutes,迫害
hoag,霍格
camshaft,凸轮轴
slipway,滑道
pocketbooks,钱包
unsporting,不道德的
sella,塞拉
borek,博雷克
redemptive,救赎
morison,莫里森
goodby,再见
licensee,被许可人
ansley,安斯利
pepperidge,佩珀里奇
pugnacious,好斗的
kiss-off,告别
vandalising,故意破坏
kraal,克拉尔
burnished,抛光
reawakening,复苏
lahood,拉胡德
bootblack,擦鞋匠
dratted,拖曳
perspex,有机玻璃
perseid,英仙座
flournoy,弗洛诺伊
morts,死亡
stonecutter,石匠
insulates,绝缘
interviewees,受访者
boyden,博伊登
gianluigi,吉安路易吉
off-the-wall,异想天开
shive,刀
chrono,计时器
avellino,阿韦利诺
heightening,提高
irreverence,不敬
korps,军团
grammer,语法
wakefulness,清醒
transits,过境
air-condition,空调
recusing,再次
unbalance,不平衡
myocarditis,心肌炎
lockets,小盒
free-thinking,自由思考
jackhammers,风镐
dovecote,鸽舍
hopwood,啤酒花木
giang,江
lingonberry,越橘
andresen,安德烈森
free-throw,罚球
karis,卡里斯
almond-shaped,杏仁状
snake-like,蛇形
ahs,啊
mid-june,六月中旬
manstein,曼斯坦因
murs,murs
immunoglobulin,免疫球蛋白
marcellin,马塞林
chickering,叽叽喳喳
aau,aau
patera,帕特拉
leb,勒布
sayles,赛尔斯
hase,有
fissile,可裂变
roundness,圆润
antifungal,抗真菌
denatured,变性
hirsute,多毛的
stringers,纵梁
corpulent,肥胖的
recommit,重新提交
soothsayers,预言家
merchantman,商船
unacknowledged,未被承认
seabass,鲈鱼
dwarfish,矬
brutalizing,残暴
extortionate,敲诈勒索
reichert,赖歇特
exultant,眉飞色舞
abbotts,阿博茨
magistracy,行政
hade,冥王
floodlight,泛光灯
timelessness,永恒
godunov,戈杜诺夫
freedmen,自由人
conditionally,有条件地
nepean,尼皮恩
namibian,纳米比亚
shortwave,短波
tryon,特赖恩
offhand,随意
preternatural,超自然
short-circuiting,短路
svp,高级会员
shirkers,逃避者
fea,功能
guider,向导
furth,更远
speedsters,速度型选手
pleasantville,普莱森特维尔
nebs,雾
cost-benefit,成本效益
parliamentarians,议员们
firestarter,引火物
slickest,最光滑的
marxist-leninist,马克思列宁主义
safford,萨福德
houle,霍尔
addi,加迪
rums,朗姆酒
adda,adda
oratorio,清唱剧
subcontracting,分包
three-wheeled,三轮车
eteocles,埃特奥克勒斯
herat,赫拉特
first-years,一年级
blow-dried,吹干
assessors,评估员
jep,杰普
pauling,保林
patt,帕特
leafing,叶子
high-hat,踩镲
pocatello,波卡特洛
carbon-14,碳-14
eratosthenes,埃拉托色尼
samsun,三星
honorarium,酬金
toadies,谄媚者
bedspreads,床罩
b-i-n-g-o,宾果
large-hearted,心胸宽广
word-of-mouth,口口相传
big-band,大乐队
respondents,受访者
impermeable,不透水的
aurangzeb,奥朗则布
heavers,搬运工
parisien,巴黎人
wun,温
abramovich,阿布拉莫维奇
pleyel,普雷耶尔
plurality,复数
repackaged,重新包装
plame,普莱姆
alfano,阿尔法诺
renewables,可再生能源
michell,米歇尔
coincidently,巧合的是
pinwheels,风车
brampton,布兰普顿
compacts,紧凑型
wherefores,因此
sambas,桑巴舞
pathologies,病理
checkins,签到
forewarn,警告
metamorphoses,变态
comrades-in-arms,战友
lawmaker,议员
zepp,泽普
rebelliousness,叛逆
gana,加纳
joffe,乔夫
shopgirl,店员
proudfoot,骄傲脚
gossett,戈塞特
anodyne,镇痛剂
zydeco,齐德科
ting-a-ling,叮叮当
asd,asd
scaphoid,舟骨
dingdongs,叮咚
rapprochement,和睦
tech-savvy,精通技术的
stockinged,有库存
bulgar,保加利亚小麦
stabled,稳定
pollster,民意调查员
deactivates,停用
tuchman,塔奇曼
double-o,双零
niemann,尼曼
inconveniently,不方便地
menashe,梅纳什
aal,阿尔
delectation,愉悦
bedtimes,就寝时间
leadin,引言
multibillion,数十亿美元
gadgetry,小玩意
boreal,北方
peaty,泥炭
hoopoe,戴胜
weiser,韦瑟
mainlining,干线
gunmetal,青铜
dulcimer,洋琴
fleecy,羊毛
rickert,里克特
forerunners,先驱者
beecroft,比克罗夫特
belatedly,迟来的
geode,晶洞
walz,华尔兹
internationalism,国际主义
subjection,隶属
trainor,教练
nevil,内维尔
ejaculates,射精
agribusiness,农业综合企业
enfin,结束
galadriel,加拉德瑞尔
sportsmanlike,体育精神
spillway,溢洪道
misidentified,误认
jaxon,杰克逊
pixilated,像素化的
drag-out,拖拽
grommet,垫圈
equilateral,等边
rauschenberg,劳申伯格
arango,阿朗戈
fader,淡入淡出
parapsychologist,超心理学家
wegman,韦格曼
overreacts,反应过度
biodiesel,生物柴油
venner,维纳
yardbirds,院子里的鸟
hesperus,西珀勒斯
ahe,啊
mcclanahan,麦克拉纳汉
csa,csa
assesses,评估
guar,瓜尔豆
abstracted,摘要
immolate,牺牲
prenatal,产前
sufis,苏菲派
advisedly,谨慎地
qualm,疑虑
paralyses,瘫痪
disbeliever,不信者
single-cell,单细胞
hogtied,捆绑
litigators,诉讼律师
balanchine,巴兰钦
polson,波尔森
patenting,专利申请
brillant,精彩
jernigan,杰尼根
quetta,奎达
bone-setter,正骨师
groundsman,场地管理员
frittering,油炸
sarmiento,萨米恩托
sasso,萨索
tamm,塔姆
luddites,卢德分子
milliliter,毫升
saleable,可售
rottenest,最烂的
brigantine,双桅帆船
blois,布洛瓦
electioneering,竞选活动
nilson,尼尔森
vfx,视觉特效
towelettes,湿巾
pleura,胸膜
warehousing,仓储
winemakers,酿酒师
impugning,质疑
counterinsurgency,反叛乱
soulmate,灵魂伴侣
peccadilloes,小过错
jahn,扬
perjuring,伪证
merseyside,默西塞德郡
scrim,纱网
malayan,马来亚
forecasters,预测者
lir,里尔
anther,花药
occassion,场合
undercuts,底切
faustian,浮士德
no-frills,朴素的
fashioning,时尚
lightspeed,光速
mra,分子受体
intersex,双性人
tattooist,纹身师
hager,哈格
checklists,清单
haemophilia,血友病
lock-on,锁定
four-dimensional,四维
god-king,神王
nominates,提名
ort,或
sedge,茢
bendigo,本迪戈
yd,码
swayne,斯韦恩
outtake,未收录
forsakes,遗弃
mathurin,马图林
unaffordable,负担不起
tipoff,开球
sooey,苏伊
thuggee,暴徒
beslan,别斯兰
hoists,起重机
semiotics,符号学
countrywide,全国范围
coif,头巾
revamping,改造
scuffles,冲突
veronal,巴比妥
leadoff,开局
bragger,谝
modulating,调制
dutra,杜特拉
resemblances,相似之处
digressing,跑题了
frivolously,轻率地
awm,awm
time-wasting,浪费时间
bishopric,主教区
queerest,最酷儿的
naumann,瑙曼
tape-recorder,录音机
alm,施舍
prideaux,普里多
padrino,教父
mencius,孟子
schiele,席勒
redrawn,重新绘制
dsd,DSD
lindeman,林德曼
interviewers,面试官
reconditioning,再加工
allocations,分配
fancy-schmancy,华而不实
enthusiasms,热情
trapdoors,活板门
reale,真实
logarithms,对数
gesualdo,格苏阿尔多
surinamese,苏里南人
britisher,不列颠人
blintz,薄饼
otherworld,异世界
blass,布拉斯
repealing,废除
underpinned,有支撑
formulaic,公式化的
archmage,大法师
offloaded,卸载
teck,科技
sloughing,脱皮
holton,霍尔顿
unita,团结
iquitos,伊基托斯
balti,巴尔蒂
chug-a-lug,咕噜咕噜
runnings,跑步
quade,夸德
neurofibromatosis,神经纤维瘤病
marginalised,边缘化
rearranges,重新排列
quinones,醌类
netscape,Netscape
clairvoyants,通灵者
carbines,卡宾枪
dyna,动力
dsv,dsv
connived,阴谋
unbelief,不信
besser,贝瑟
half-speed,半速
apennines,亚平宁山脉
magnetize,磁化
apelike,猿猴状
corsini,科西尼
rms,均方根值
troyes,特鲁瓦
frags,碎片
welkin,威尔金
viz,即
fogy,老顽固
pineville,派恩维尔
qui-gon,奎刚
retinitis,视网膜炎
elephantine,大象
juxtaposed,并置
co-opting,合作
carpools,拼车
deuced,过度
taung,陶恩
gaa,GAA
weh,哇
buttoned-up,扣子扣得严严实实
morphia,吗啡
romford,罗姆福德
tsh,tsh
overlaid,叠加
garba,加尔巴舞
rutabagas,芜菁甘蓝
soundings,探测
bethink,思考
hydrocortisone,氢化可的松
peelings,果皮
garnishes,装饰物
shofar,羊角号
analyser,分析器
sandhill,沙丘
gestating,怀孕
chads,查德
soundtracks,电影原声带
montenegrin,黑山
pipkin,皮普金
cash-strapped,资金短缺
abdelkader,阿卜杜勒卡德尔
limburg,林堡
bialy,比亚利
wasser,水
pseudomonas,假单胞菌
escape-proof,逃脱
ragusa,拉古萨
multiple-choice,多项选择题
vaillant,勇敢
untarnished,完美无瑕
unctuous,油润的
flinches,畏缩
leafed,有叶子的
chocked,哽咽
trevithick,特雷维西克
otherworldly,超凡脱俗的
ulbricht,乌布利希
cunha,库尼亚
lambing,羔羊出生
atocha,阿托查
dreamily,梦幻般地
purplish,紫红色
deloused,除虱
magnetised,磁化
superpowered,超能力
lade,装载
funnelled,漏斗状
olay,奥莱
snuffs,鼻烟
kula,库拉
ju-ju,朱朱
catbird,猫鸟
knavish,奸诈之徒
fatales,致命
zagged,锯齿状
carpooled,拼车
stylised,风格化的
discoloured,变色
coverlet,床单
ferber,费伯
bathhouse,澡堂
poseurs,装腔作势者
phoenicia,腓尼基
guffaw,哄笑
esthetic,美学
hasenpfeffer,哈森普费弗
alans,艾伦斯
thuggery,暴徒行为
felt-tip,毡尖笔
avoir,拥有
hexagram,六十四卦
all-pro,全明星
lulz,哈哈
curbing,路缘
trackless,无轨
discontinuing,停止
cadaveric,尸体
benchmarks,基准
doxycycline,多西环素
accordions,手风琴
helpmate,帮手
menno,门诺
roseville,罗斯维尔
scours,冲刷
chortle,咯咯笑
hemolytic,溶血性
revie,评论
azur,蔚蓝
albers,赤杨
evesham,伊夫舍姆
cannabinoid,大麻素
housebound,居家隔离
debunking,揭穿
godmother,教母
primp,打扮
big-picture,大局观
euphemistically,委婉地说
reboots,重启
hawing,哈温
pugliese,普利亚人
whalley,惠利
ratbag,鼠人
perching,栖息
wontons,馄饨
re-set,重置
embolden,加粗
zacatecas,萨卡特卡斯
white-eye,白眼
avenges,复仇
bahn,铁路
bog-standard,普通
rosser,罗瑟
comprehends,理解
fiancees,未婚妻
masterclass,大师班
snowsuit,滑雪服
schmaltzy,矫揉造作
undecideds,未决者
ambassadorship,大使职位
ferd,费尔德
manoeuvrable,可操纵的
googles,谷歌
baume,鲍姆
kiang,江
borgnine,博格宁
guatemalans,危地马拉人
wholemeal,全麦
washcloths,洗脸巾
frisian,弗里西亚人
recalibration,重新校准
ewen,尤恩
evildoers,作恶者
two-party,两党
causalities,伤亡
cut-and-dry,简单明了
mailers,邮件
allover,遍
ostler,马夫
borderlands,边境地带
skinners,剥皮者
battened,板条
haight-ashbury,海特-阿什伯里
psychoanalyzed,精神分析
standley,斯坦利
tobogganing,雪橇
foppish,纨绔子弟
houseplant,室内植物
ladykiller,杀手
acland,阿克兰
trotta,特罗塔
gargan,加根
mesosphere,中间层
great-grandchild,曾孙
jigging,抖动
willys,威利斯
oneliner,一句话
undreamed,未曾梦想过的
sobolev,索博列夫
utsunomiya,宇都宫
salade,沙拉
massif,山脉
north-northeast,北偏东北
saguaro,仙人掌
saxophonist,萨克斯管演奏家
contort,扭曲
dislocations,位错
hadad,哈达德
guildhall,公会大厅
dessau,德绍
barings,轴承
melodically,旋律优美
treeless,无树
landen,兰登
popham,波帕姆
freesia,小苍兰
wien,维也纳
gey,盖伊
bhattacharya,巴塔查里亚
railcar,轨道车
evil-minded,心怀恶意
dropkick,飞踢
nare,鼻孔
flacks,防弹衣
confiscates,没收
malacca,马六甲
orth,正交
yazoo,亚祖
gridlocked,交通堵塞
bunglers,笨蛋
decongestant,减充血剂
talavera,塔拉韦拉
byblos,比布鲁斯
overtax,过度征税
nissen,尼森
vanadium,钒
bessemer,贝塞麦
ditties,小调
cuoco,库科
wadded,揉成团的
retell,复述
bayfield,贝菲尔德
fuel-injected,燃油喷射
lariat,套索
unalienable,不可剥夺的
biondi,比昂迪
taunton,汤顿
ekman,埃克曼
papering,纸张
off-kilter,不平衡
spencers,斯宾塞
refuting,反驳
lubricates,润滑剂
insufferably,令人难以忍受
aventine,阿维汀
abatement,减排
llano,利亚诺
unga,昂加
well-rehearsed,排练充分
pooches,小狗
numa,努玛
hostage-taking,劫持人质
kaunas,考纳斯
injunctive,禁令
schuman,舒曼
lovelock,洛夫洛克
unshackle,解开束缚
jl,贾尔
confections,糖果
tvb,无线电视
gira,吉拉
low-energy,低能量
trippers,旅行者
handbooks,手册
annihilates,湮灭
faff,胡闹
instants,瞬间
wl,wl
electroconvulsive,电休克疗法
eni,埃尼
ennobles,使贵族化
realizations,实现
nir,尼尔
barehanded,徒手
doolan,杜兰
paedophilia,恋童癖
trailblazing,开拓性
recurs,递归
bayshore,海湾岸边
blackheath,黑石楠
cozumel,科苏梅尔
esl,英语作为第二语言
implantable,可植入式
soft-shell,软壳
putters,推杆
moderns,现代人
freefalling,自由落体
re-take,重拍
scalpers,黄牛党
treeline,树线
fricke,弗里克
controversially,有争议地
bravura,精湛技艺
wharves,码头
amboise,昂布瓦兹
loka,洛卡
shortchange,少付
hydrogenated,氢化
filer,归档者
gehenna,地狱
dispossess,剥夺
pie-eyed,醉醺醺的
aquifers,含水层
ipl,印度超级联赛
lanolin,羊毛脂
neurogenic,神经源性
depravation,恶化
aherne,阿赫恩
civ,文明
thain,泰恩
endymion,恩底弥翁
panch,潘奇
gorgeously,美极了
lari,拉里
licata,利卡塔
rinses,冲洗
run-on,流水账
ret,返回
one-note,单音符
ministered,服事
dunderheads,笨蛋
abstains,弃权
pushup,俯卧撑
bicyclist,骑自行车的人
lisieux,利雪
quelling,镇压
nightshift,夜班
dulling,迟钝
sonorous,响亮的
iola,伊奥拉
bolland,博兰德
well-ordered,井然有序
carmo,卡莫
kotter,科特
conceives,构思
afc,亚足联
inched,一点点地
vlc,VLC
youngs,年轻人
chowderhead,杂烩菜
ammonite,菊石
thre,三
ostracised,被排斥
finessing,精妙
asocial,反社会
carbonized,碳化
mazzola,马佐拉
keighley,基斯利
byway,旁路
aarons,亚伦斯
u-shaped,U形
denison,丹尼森
ravers,锐舞者
dedham,德德姆
heteros,异质
doit,做
avulsion,撕脱
blood-sugar,血糖
snookered,斯诺克
hotlines,热线电话
clip-clop,咔哒咔哒
goose-stepping,鹅步
courgettes,西葫芦
toxicological,毒理学
unasked,未经询问
intuit,直觉
cmv,厘米
stakeholders,利益相关者
mts,米特
nna,娜娜
hasler,哈斯勒
tames,驯服
whiffy,臭
waterborne,水运
japonica,粳稻
dysfunctions,功能障碍
bigg,大
kumara,库马拉
hibbard,希巴德
multicoloured,五彩缤纷
frigidity,冷漠
piccalilli,皮卡利利
co-respondent,共同答辩人
slimmed,苗条
seismology,地震学
venda,文达
gamed,游戏
warplanes,战机
autoclave,高压灭菌器
bouzouki,布祖基琴
huggable,可拥抱的
timepieces,钟表
turncoats,叛徒
clodhoppers,笨拙的人
lobectomy,肺叶切除术
purposed,目的
garrotted,绞杀
coniston,康尼斯顿
pohl,波尔
runcorn,朗科恩
kalb,小牛
bureaucracies,官僚机构
murmurings,低语
peake,皮克
symbology,符号学
mcmichael,麦克迈克尔
humourless,缺乏幽默感
outpace,超过
djerba,杰尔巴
shor,短
procter,宝洁
succulents,多肉植物
plumed,羽毛
mandelbrot,曼德布罗特集
animatronics,电子动画
creepily,令人毛骨悚然地
ifc,国际金融公司
rathole,鼠洞
zeiss,蔡司
ackermann,阿克曼
unpainted,未上漆
lully,卢利
gallow,绞刑架
deadheads,死人头
ppp,ppp
marveling,惊叹
telstar,泰尔斯达
classe,班级
cream-colored,乳白色
polley,波利
litterbug,乱扔垃圾的人
retried,重试
viol,暴力
rebukes,责备
relativism,相对主义
isar,伊萨尔
alter-ego,另一个自我
abingdon,阿宾顿
chateaux,城堡
whiling,而
wycombe,威科姆
scoots,滑板车
pollutant,污染物
mcdaniels,麦克丹尼尔斯
freitag,星期五
auctioneers,拍卖师
bci,生物化学
loewen,洛文
clerked,办事员
fairbank,费班克
steadiness,稳定性
guarneri,瓜纳里
anthropoid,类人猿
npo,非营利组织
starkers,赤身裸体
anatomic,解剖学
norbu,诺布
hermon,赫尔蒙
weather-beaten,饱经风霜
abase,底层
stocker,库存
self-hypnosis,自我催眠
paxson,帕克森
causa,原因
hutcheson,哈奇森
brookie,溪溪
hesiod,赫西俄德
holdover,延续
mrd,默德
naseby,纳斯比
jilting,抛弃
ladakh,拉达克
bifurcated,分叉的
thighbone,股骨
coking,焦化
mildewed,发霉的
labyrinthine,迷宫般的
overexposure,过度接触
asphyxiating,窒息
bogarde,博加德
mineo,米尼奥
adverbs,副词
dysphoria,性别焦虑
malaysians,马来西亚人
tafe,TAFE
beggarly,乞丐
militarists,军国主义者
tonsillectomy,扁桃体切除术
eider,绒鸭
yurts,蒙古包
prating,吹嘘
tromping,践踏
orel,奥雷尔
foursquare,四方
baccy,烟草
corot,柯罗
roentgens,伦琴
bigmouthed,大嘴巴
cobbs,科布斯
multifaceted,多面性
ganesan,甘尼桑
minto,明托
missal,弥撒经书
satins,缎子
handier,更方便
homeworks,家庭作业
trouts,鳟鱼
formalized,正式化
blowpipe,吹管
flagellation,鞭毛
bandaid,创可贴
chambered,膛室
phenyl,苯基
jaina,耆那教徒
mechanistic,机械的
reclassifying,重新分类
axminster,阿克斯明斯特
rule-out,排除
weizmann,魏茨曼
unscrambled,解密
woodblock,雕版
beckford,贝克福德
beeches,山毛榉
fishpond,鱼塘
embargoed,禁运
teeter-totter,跷跷板
hauntingly,令人难以忘怀地
kahane,卡哈内
uncoupled,解耦
rendezvoused,会面
omb,阴囊
decommission,退役
rauch,劳赫
refitting,改装
bimonthly,双月刊
overshadows,黯然失色
parlayed,串联
kaftan,卡夫坦长袍
inadequately,不足
boaters,船民
party-pooper,扫兴鬼
interferometer,干涉仪
wending,结束
subsystems,子系统
sartain,萨尔坦
motherwell,马瑟韦尔
replicants,复制人
eer,呃
eery,森森
fulmer,富尔默
hult,霍尔特
tg,tg
akil,阿基尔
portend,预兆
hopped-up,兴奋的
hypothesized,假设
derails,出轨
babington,巴宾顿
metaphysically,形而上学意义上的
beauticians,美容师
collegial,同事
stonemasons,石匠
retype,重新输入
stipple,点描
burgas,布尔加斯
outnumbering,人数占优
skims,撇油
post-dated,事后
symington,赛明顿
parliamentarian,议员
over-the-shoulder,过肩视角
curdles,凝乳
modems,调制解调器
cabinetmaker,橱柜工匠
forgone,放弃
walloon,瓦隆
crosswinds,注意横风
solihull,索利哈尔
flusher,冲洗器
adulteration,掺假
chinchillas,龙猫
imperia,帝国
lechers,好色之徒
cakey,蛋糕状的
scudi,斯库迪
graziani,格拉齐亚尼
osmium,锇
screenshot,截屏
sugarloaf,糖面包
frenemy,亦敌亦友
luchador,摔跤手
hangry,饥饿
abul,阿布尔
checkroom,衣帽间
phthalates,邻苯二甲酸酯
sagacity,睿智
greve,格雷夫
glenwood,格伦伍德
fourths,第四
microsurgery,显微外科手术
naughton,诺顿
grue,格鲁
pupae,蛹
giveaway,送
clubbers,夜店咖
bushwhacker,伏击者
pelops,海螺
ift,如果
passos,帕索斯
slouches,懒散的
renegotiated,重新谈判
kafir,卡菲尔
launderers,洗衣工
whippersnappers,小毛孩们
spaetzle,德式面疙瘩
unexciting,乏味
tancred,坦克雷德
pleasingly,令人欣喜的是
gilling,鳃
ultramodern,超现代
counterrevolution,反革命
tensor,张量
a-line,一条线
promethean,普罗米修斯
earring,耳环
tortious,侵权行为
szczecin,什切青
proctology,直肠科
sayle,赛尔
hardaway,哈达威
rids,摆脱
leached,浸出
noncompliance,不合规
missives,信件
thrombus,血栓
hellas,地狱
cryonic,低温冷冻
folderol,胡闹
maximal,最大值
bottler,装瓶商
survivalists,生存主义者
acquittals,无罪释放
evaluator,评估员
lovebirds,爱情鸟
disentangle,解开
meddlers,爱管闲事的人
fact-check,事实核查
interventionist,干预主义者
cock-ups,失误
charitably,慈善地
merk,默克
tynan,蒂南
khazars,可萨人
northumbrian,诺森布里亚
reproof,责备
mcateer,麦卡蒂尔
zel,泽尔
lachaise,拉雪兹
silhouetted,剪影
lidar,激光雷达
coldblooded,冷血动物
commandoes,突击队员
whoop-de-do,哇哦
randers,兰德斯
disengagement,脱离
swaine,斯温
matamoros,马塔莫罗斯
blitzing,闪电战
base-jumping,定点跳伞
exacerbates,加剧
sidra,西德拉酒
desertions,逃兵
molybdenum,钼
ripoff,撕掉
mandell,曼德尔
haymaker,重拳手
qingdao,青岛
strathmore,斯特拉斯莫尔
disuse,废弃
realigning,重新调整
cooly,冷静
cta,行动号召
