$20 is $20,20 đô la là 20 đô la
'ark at 'ee,nhìn cô ấy
'fess up,thú nhận
'fraid not,chắc không
'fraid so,Có lẽ vậy
'nuff said,đủ rồi
'til next time,Hẹn gặp lại
'til the cows come home,cho đến khi nào
'til we meet again,hẹn gặp lại
'tis the season,Đã đến mùa
10 points to Gryffindor,Mười điểm cho nhà Gryffindor
11 Downing Street,Số 11 Downing Street
110 proof,110 độ
11th commandment,Mười điều răn thứ mười một
12-ounce curls,Lọn xoăn 12 ounce
13th reason why,13 lý do tại sao
15 minutes of fame,15 phút nổi tiếng
20 bucks is 20 bucks,20 đô la là 20 đô la
20 dollars is 20 dollars,Hai mươi đô la là hai mươi đô la
20 whole dollars,20 đô la
20% cooler,mát hơn 20%
23 skidoo,biến mất nhanh chóng
23 Skidoo Street,Số 23 đường Skidoo
51 percent,51 phần trăm
800-pound gorilla,người có ảnh hưởng lớn
a bad penny always comes back,Tiền bạc xấu thì luôn quay lại
a bad penny always turns up,Tiền bạc xấu thì luôn quay trở lại
a balancing act,sự cân bằng
a barking dog never bites,Chó sủa không cắn
a barking dog seldom bites,Chó sủa nhiều không cắn người
a big ask,một yêu cầu lớn
a big mouth,mồm to
a bird in the hand,chim trong tay
a boon and a bane,cả lợi lẫn hại
a breath of fresh air,cú hít thở không khí trong lành
a bridge too far,quá xa
a buck is a buck,một đô la là một đô la
a buck's a buck,một đô la vẫn là một đô la
a bumpy ride,Một chuyến đi xóc nảy
a burnt child dreads the fire,con bỏng sợ nước
a calorie is a calorie,một calo là một calo
a case in point,một ví dụ điển hình
a cash cow,nguồn thu nhập ổn định
a change of heart,thay đổi ý định
a cigar is a cigar,thuốc điếu xì gà là thuốc điếu xì gà
a cigar is just a cigar,thuốc điếu chỉ là thuốc điếu
a closed mouth catches no flies,Im lặng không gây ra lỗi
a closed mouth doesn't get fed,Miệng không nói thân không chịu
a closed mouth gathers no feet,Im lặng không gây ra rắc rối
a cold day in July,Một ngày lạnh vào tháng bảy
a creaking door hangs longest,Cánh cửa kêu cóng cóng thì bền lâu nhất
a cut above,vượt trội hơn
a cut above the rest,xuất sắc hơn hẳn
a danger foreseen is half avoided,Nguy hiểm đã thấy thì đã giảm đi một nửa
a dark horse,người bất ngờ
a dead end,ngõ cụt
a deal is a deal,Lời hứa là lời hứa
a dime a dozen,rẻ như bèo
a fact of life,một sự thật của cuộc sống
a far remove,xa xôi
a fault confessed is half redressed,Sai lầm được thú nhận là đã được sửa chữ…
a fine line,ranh giới mong manh
a fool and his money,người ngốc và tiền của họ
A for effort,Cố gắng rồi
a frame of mind,tâm trạng
a free agent,người tự do
a full-time job,công việc toàn thời gian
a game plan,kế hoạch
a good bet,một lựa chọn tốt
a good deal,một món hời
a gray area,khu vực xám
a great deal,rất nhiều
a grey area,khu vực xám
a gut feeling,cảm giác mách bảo
a head start,đi trước một bước
a hen night,đêm độc thân
a hen party,tiệc độc thân
a high profile,nổi tiếng
a hit dog hollers,một con chó bị trúng đòn đang sủa
a hit dog will holler,Một con chó bị đánh sẽ sủa
a horse apiece,một con ngựa cho mỗi người
a house is not a home,Một ngôi nhà không phải là một tổ ấm
a hundred and ten percent,một trăm mười phần trăm
a into g,từ a thành g
a juggling act,một màn trình diễn tung hứng
a la,theo
a laughing stock,mục cười
a leading light,người tiên phong
a leopard can't change its spots,Vết hoang dã của loài báo không thể thay…
a leopard cannot change its spots,Voi không thể thay da
a level playing field,công bằng
a lie has no legs,Lời nói dối không có chỗ đứng
a little bird told me,có người đã kể cho tôi nghe
a little birdie told me,ai đó đã kể cho tôi biết
a little goes a long way,một chút là đủ
a little pot is soon hot,chậm mà chắc
a long shot,cơ hội mong manh
a lump in one's throat,cảm giác nghẹn ứ ở cổ họng
a magician never reveals his secrets,Một người làm ảo thuật không bao giờ tiế…
a man's home is his castle,Nhà là nơi của người đàn ông
a means to an end,phương tiện để đạt mục đích
a mite,côn
a mixed bag,cả tốt cả xấu
a new broom sweeps clean,Một người mới đến sẽ làm mọi thứ trở nên…
a new lease of life,một cuộc sống mới
a new man,một người mới
a new woman,một người phụ nữ mới
a notch above,vượt trội hơn
a number of,một số
a one-night stand,quan hệ một đêm
a pain in the arse,một rắc rối
a pain in the ass,phiền phức
a pain in the neck,phiền phức
a pat on the back,xoa lưng
a pecking order,thứ bậc ưu tiên
a perfect storm,cơn bão hoàn hảo
a picture paints a thousand words,Một bức tranh có thể diễn tả ngàn lời
a pit stop,đỗ xe nhanh
a plague o' both your houses,Chúc cả hai nhà các người gặp điều không…
a plague on both your houses,nguyền rủa cả hai nhà các ngươi
a pound to a penny,một bảng đổi một xu
a pox on both your houses,nguyền rủa cả hai nhà các ngươi
a promise is a promise,Lời hứa là lời hứa
a question mark over somebody,dấu hỏi về ai đó
a question mark over something,dấu hỏi về điều gì đó
a quick fix,giải pháp nhanh chóng
a race against the clock,cuộc đua với thời gian
a race against time,cuộc đua với thời gian
a red flag,cờ đỏ
a red herring,mồi nhử
a rising tide lifts all boats,Khi thủy triều lên, tất cả các thuyền đề…
a rite of passage,nghi lễ trưởng thành
a Roland for an Oliver,đổi chác
a roll of honour,bảng danh dự
a rolling stone gathers no moss,Ông ăn không ngồi rồi
a rough ride,một chuyến đi xóc nảy
a rule of thumb,quy tắc chung
a safe bet,một lựa chọn an toàn
a safety net,lưới an toàn
a sea change,sự thay đổi lớn
a slippery slope,con đường trơn trượt
a smooth ride,chuyến đi êm ái
a stitch in time saves nine,phòng bệnh hơn chữa bệnh
a stumbling block,rào cản
a sucker is born every minute,Mỗi phút đều có người bị lừa
a tall order,yêu cầu cao
a thin line,một đường mỏng
a thing or two,một vài điều
a thousand,nghìn
a Trojan horse,con ngựa gỗ
a turkey voting for Christmas,gà tây bỏ phiếu cho Giáng sinh
a turn of phrase,cách diễn đạt
a twinkle in someone's eye,ánh mắt lấp lánh
a vicious circle,vòng luẩn quẩn
a vote of confidence,niềm tin
a wake-up call,một lời cảnh tỉnh
a war of words,cuộc chiến bằng lời nói
a watched kettle never boils,Cái nồi đang được canh chừng thì không b…
a watched pot never boils,chờ đợi một cách sốt sắng thì thời gian …
a watched pot never boils over,chờ đợi một cách sốt sắng không làm cho …
a wee bit,một chút xíu
a week from next Tuesday,một tuần kể từ thứ Ba tới
a wild card,lá bài tùy chọn
a wish list,danh sách mong muốn
a woman's work is never done,công việc của phụ nữ không bao giờ kết t…
a year and a day,một năm và một ngày
ab off,tắt
aback of,phía sau
abate of,giảm bớt
Abbot's Priory,Tu viện của tu sĩ trưởng
abide by,tuân thủ
abound in one's own sense,đầy ắp theo ý mình
about one's ears,quanh tai
about one's person,về người đó
about that life,về cuộc sống đó
about time,đến lúc rồi
about turn,quay đầu
above all else,quan trọng nhất
above and beyond,xuất sắc hơn mong đợi
above average,trên mức trung bình
above board,minh bạch
above grass,trên cỏ
above ground,trên mặt đất
above measure,vượt quá mong đợi
above one's bend,khả năng
above one's huckleberry,quá khả năng
above one's pay grade,quá quyền hạn
above one's paygrade,quá quyền hạn
above one's station,quá tầm mình
above par,vượt trội
above proof,bằng chứng
above stairs,trên cầu thang
above the curve,trên đường cong
above the fold,phần trên trang
above the fray,trên đỉnh
above the law,trên luật
above the rim,trên vành
above the salt,trên bàn
above the table,trên bàn
above water,trên mặt nước
absence makes the heart fonder,Xa nhau càng thêm yêu nhau
absence makes the heart go yonder,Xa nhau tình thêm sâu
absence makes the heart grow fonder,Xa nhau càng thêm yêu nhau
absente reo,vắng mặt
absit invidia,xin đừng ghen tị
absolutely convergent,hội tụ tuyệt đối
absolutely summable,hoàn toàn có thể tính tổng
absorb oneself in,đắm mình vào
absque hoc,không có điều này
absque impetitione vasti,không cần nỗ lực lớn
abstract away from,tách ra khỏi
abuse of distress,lợi dụng sự đau khổ
abut on,nằm sát cạnh
ac etiam,cũng vậy
academically disadvantaged,thiếu hụt về mặt học tập
accident of birth,điều may mắn khi sinh ra
accident waiting to happen,tai nạn tiềm ẩn
accidentally on purpose,cố ý
accidents will happen,tai nạn có thể xảy ra
according to,theo
according to Cocker,theo Cocker
according to Gunter,theo Gunter
according to Hoyle,theo đúng quy tắc
according to one's lights,theo lương tâm của mình
according to one's understanding,theo quan điểm của ai đó
according to plan,theo kế hoạch
account for,chiếm
account of,tài khoản
account to,tài khoản
accredit with,công nhận
ace in the hole,lá bài át chủ
ace into,vào
ace out,vượt trội
ace up one's sleeve,bài tủ
ache for,mong muốn
aches and pains,đau nhức
acknowledge the corn,công nhận giá trị của ngô
acquired taste,món ăn khó hợp khẩu vị
across country,khắp cả nước
across lots,khắp nơi
across the board,tổng thể
across the ditch,qua kênh
across the line,qua vạch
across the pond,qua hồ
across the way,ở đối diện
act of Congress,đạo luật của Quốc hội
act on,hành động
act one's age,hành xử đúng tuổi
act out,diễn
act the hypocrite,giả dối
act up,hành động trái ngược
act upon,thực hiện
actions have consequences,hành động có hậu quả
actions speak louder than words,Hành động nói lên nhiều hơn lời nói
activist judge,thẩm phán tích cực
activist justice,công lý cho người hoạt động
ad damnum,thiệt hại
ad idem,đồng ý
ad in,quảng cáo
ad out,quảng cáo
ad quod damnum,thiệt hại
ad vitam aut culpam,cho đến khi chết hoặc chứng minh vô tội
ad vivum,trực tiếp
Adam's ale,nước lọc
add fuel to the fire,thêm dầu vào lửa
add insult to injury,thêm môt lớp muối vào vết thương
add oil,thêm dầu
add on,thêm vào
add one's twopenn'orth,nói thêm một vài lời
add up,cộng lại
add up to,tổng cộng là
added value,giá trị gia tăng
address me,xưng hô với tôi
adequately wet,ẩm đủ
adhere to,tuân thủ
adopt out,cho nhận nuôi
adorn oneself with borrowed plumes,khoe khoang bằng những thứ không phải củ…
adrenaline rush,cảm giác hưng phấn
adversarial collaboration,hợp tác đối kháng
advise against,khuyên không nên
affair partner,người tình
affinely independent,độc lập về mặt hình học
afraid of one's own shadow,sợ cả cái bóng của mình
after a fashion,theo một cách nào đó
after all,dù sao đi nữa
after all is said and done,cuối cùng
after dark,sau khi trời tối
after hours,sau giờ làm việc
after me the deluge,sau tôi thì sẽ là sự tàn lụi
after one's own heart,theo ý mình
after one's own soul,theo ý mình
after Saturday comes Sunday,sau thứ bảy là chủ nhật
after the fact,sau khi xảy ra
after the jump,sau khi nhảy
after the Lord Mayor's show,sau buổi lễ của thị trưởng
after us the deluge,sau chúng ta là sự tàn lụi
again and again,lặp đi lặp lại
against all odds,bất chấp mọi khó khăn
against all the odds,bất chấp mọi khó khăn
against nature,chống lại tự nhiên
against one's better judgment,đi ngược lại lương tâm
against the clock,chạy đua với thời gian
against the collar,chống lại sự áp bức
against the grain,phản đối
against the hair,ngược chiều tóc
against the law,phạm pháp
against the run of play,chống lại diễn biến trận đấu
against the world,chống lại thế giới
against time,chống lại thời gian
age ain't nothing but a number,tuổi chỉ là một con số
age before beauty,tuổi tác hơn vẻ đẹp
age is just a number,tuổi chỉ là một con số
age out,hết tuổi
age up,lớn lên
agree to disagree,thỏa thuận bất đồng
agree with,đồng ý với
aha moment,khoảnh khắc chợt hiểu
ahead of,phía trước
ahead of one's time,đi trước thời đại
ahead of schedule,vượt tiến độ
ahead of the curve,đi trước thời đại
ahead of the game,đi trước một bước
ahead of the pack,đi trước đám đông
ahead of time,sớm hơn
aid and abet,cung cấp sự giúp đỡ và khuyến khích
aim at,nhắm vào
ain't no shame in my game,Tôi không có gì để hổ thẹn
ain't no telling,không thể biết trước
ain't that the truth,Đúng như vậy
ain't what it used to was,không còn như xưa
air off,làm mát
air one's dirty laundry in public,bày tỏ những chuyện riêng tư trước mặt n…
air one's dirty linen in public,giật mình vì điều bất ngờ
air out,làm thông thoáng
air rage,cáu kỉnh trên máy bay
air sandwich,bánh mì không nhân
air up,bơm đầy
alarums and excursions,cảnh báo và chuyến đi
albatross around one's neck,gánh nặng
albatross round one's neck,gánh nặng
alert and oriented,tỉnh táo và nhận thức rõ ràng
algebraically closed,đóng đại số
algebraically independent,độc lập đại số
alive and kicking,sống mạnh khỏe
alive and well,sống khỏe
all aboard,Mọi người lên tàu
all along,từ đầu rồi
all and sundry,mọi người
all at once,cùng một lúc
all bark and no bite,nói nhiều mà không làm
all bedlam breaks loose,mọi thứ trở nên hỗn loạn
all bets are off,mọi thứ đều vô nghĩa
all cats are beautiful,Tất cả mèo đều xinh đẹp
all cats are gray at night,Mèo đen cũng có thể trông giống mèo xám …
all cats are grey at night,Mèo đen cũng có thể trông giống mèo xám …
all cats are grey by night,Mèo đen cũng có thể trông giống mèo xám …
all correct,hoàn toàn đúng
all cows eat grass,Tất cả bò đều ăn cỏ
all cry and no wool,nói nhiều mà không làm gì
all duck or no dinner,hoặc là tất cả hoặc không gì cả
all ears,chú ý lắng nghe
all ends up,cuối cùng rồi cũng sẽ
all eyes,mọi ánh mắt
all eyes and ears,tập trung lắng nghe
all eyes are on,mọi người đều chú ý
all eyes on somebody,mọi người đều chú ý đến ai đó
all eyes on something,mọi người đều chú ý
all fingers and thumbs,cả ngón tay và ngón chân
all foam and no beer,chỉ toàn lời nói suông
all for nought,vô ích
all fur and no knickers,chỉ toàn vẻ ngoài mà không có nội dung
all fur coat and no knickers,chỉ có vẻ ngoài mà không có nội dung
all good,tất cả đều tốt
all good in the hood,mọi thứ đều ổn
all good things,mọi điều tốt đẹp
all hands to the pump,mọi người đến vị trí của mình
all hat and no cattle,nói nhiều nhưng làm ít
all hat and no cowboy,nói nhiều nhưng làm ít
all heart,chân thành
all hell breaks loose,mọi thứ trở nên hỗn loạn
all holiday,tất cả các ngày lễ
all hollow,rỗng tuếch
all in a day's work,việc bình thường
all in all,tóm lại
all in one piece,nguyên vẹn
all in the family,cùng một gia đình
all is not lost,chưa muộn
all it's cracked up to be,không như người ta đồn
all kidding aside,thật ra
all lives matter,mọi sinh mạng đều quan trọng
all manner of,mọi loại
all mouth and no trousers,nói nhiều nhưng làm ít
all mouth and trousers,nói nhiều làm ít
all of a doodah,rất nhiều
all of a heap,một đống
all of a sudden,bất ngờ
all of the sudden,bất ngờ
all on one's own,một mình
all one's born days,Ngày sinh nhật
all one's life's worth,tất cả những gì đáng giá trong cuộc đời
all out,tất cả
all over,khắp nơi
all over bar the shouting,gần xong rồi
all over but the shouting,chuyện đã xong chỉ còn tranh cãi
all over hell's half acre,khắp mọi nơi
all over someone like a rash,ám ảnh ai đó
all over the ballpark,khắp sân bóng
all over the board,rải rác
all over the gaff,đã lộ hết mọi chuyện
all over the lot,rải rác
all over the map,rải rác
all over the place,ở khắp nơi
all over the shop,khắp cửa hàng
all over the show,khắp chương trình
all over the world,khắp thế giới
all points of the compass,bốn hướng
all politics are local,chính trị luôn bắt đầu từ địa phương
all politics is local,chính trị luôn bắt đầu từ địa phương
all publicity is good publicity,Mọi sự chú ý đều là tốt
all quiet on the Western Front,Mọi thứ vẫn yên ắng ở mặt trận phía Tây
all rights reserved,quyền tác giả thuộc về
all roads lead to Mecca,Mọi con đường đều dẫn đến Mecca
all roads lead to Rome,Mọi con đường đều dẫn đến Rome
all roads lead to Sydney,Mọi con đường đều dẫn đến Sydney
all rumors are true,Tất cả những tin đồn đều là sự thật
all set,hoàn thành
all sixes and nines,hoàn hảo
all sixes and sevens,bối rối
all sizzle and no steak,ồn ào nhưng vô ích
all students take calculus,Tất cả học sinh đều học giải tích
all style and no substance,chỉ có vẻ bề ngoài mà không có nội dung
all systems go,mọi thứ đều ổn
all talk and no cider,nói nhiều mà không làm gì cả
all that glisters is not gold,Không phải thứ gì lấp lánh cũng là vàng
all that glitters,chỉ là vẻ ngoài
all that glitters is not gold,Không phải thứ gì lấp lánh cũng là vàng
all that jazz,tất cả những thứ đó
all that said,tóm lại
all the best,Chúc may mắn
all the gear and no idea,có đầy đủ đồ đạc mà không biết làm gì
all the marbles,tất cả các viên bi
all the rage,rất thịnh hành
all the same,giống nhau
all the sudden,bất ngờ
all the tea in China,tất cả trà ở Trung Quốc
all the while,trong suốt thời gian đó
all the world's a stage,Thế giới này là một sân khấu
all there,tất cả đều có ở đây
all things,mọi thứ
all things considered,tóm lại
all things to all people,mọi thứ cho mọi người
all thumbs,cùn
all to smash,phá tan tất cả
all to the better,tốt hơn
all told,tổng cộng
all very well,rất tốt
all wet,ướt sũng
all wool and a yard wide,toàn lông toan cước
all's fair in love and war,Không có gì là không thể trong tình yêu …
all's one,Không có gì khác biệt
all's well that ends well,Mọi chuyện đều tốt đẹp khi kết thúc tốt …
all-weather friend,bạn thân thiết mọi lúc mọi nơi
alles anderes ist Menschenwerk,Mọi thứ còn lại là do con người tạo ra
allot upon,phân bổ
allow for,cho phép
allude to,ám chỉ
Ally Pally,Alexandra Palace
almighty dollar,quyền lực của đồng đô la
almost doesn't count,gần như không tính
alone in a crowd,một mình giữa đám đông
along about,khoảng
along of,cùng với
along the lines of,theo hướng
along the same vein,theo cùng một hướng
along the way,trên đường đi
along with,cùng với
alongside of,cạnh
alpha up,tăng alpha
alright me babber,Được thôi, người yêu của tôi
alright me lover,Được thôi người yêu của tôi
alright my babber,Được thôi, cưng của tôi
alright my lover,được thôi người yêu của em
also known as,còn được gọi là
am I right,Tôi có đúng không
amateur hour,giờ giải trí nghiệp dư
amber gambler,người chơi bạc màu hổ phách
amber light,đèn vàng
amber nectar,mật ong màu hổ phách
American Dream,Giấc mơ Mỹ
Amish bus driver rule,Quy tắc của người lái xe buýt Amish
ammo up,bổ sung đạn
amount to,tổng cộng
amp down,giảm âm lượng
amp up,tăng cường
an angel passes,thiên thần đi qua
an arm and a leg,tốn kém lắm
an army marches on its stomach,Quân đội hành quân bằng lương thực
an easy ride,một chuyến đi dễ dàng
an Englishman's home is his castle,Nhà là nơi của riêng mỗi người
an uphill battle,một cuộc chiến khó khăn
an uphill struggle,một cuộc đấu tranh khó khăn
an uphill task,một nhiệm vụ khó khăn
anaconda mortgage,thế chấp anaconda
anatomically correct,phù hợp về giải phẫu
ancient history,lịch sử cổ đại
and a half,nửa
and all the rest of it,và tất cả những thứ còn lại
and another thing,và một điều nữa
and change,và thay đổi
and company,và công ty
and counting,và vẫn còn tiếp tục
and crap,và rác
and don't play one on TV,và đừng diễn trong phim truyền hình
and don't you forget it,và đừng quên điều đó
and everything,và mọi thứ
and finally,cuối cùng
and his mother,và mẹ anh ấy
and how,và như thế nào
and I claim my five pounds,và tôi xin nhận năm bảng của mình
and I don't mean maybe,và tôi không nói là có thể
and I oop,và tôi ơi
and no flies,và không có ruồi
and no mistake,không sai
and nothing of value was lost,không có gì đáng giá bị mất
and shit,và những thứ tương tự
and so forth,vân vân
and so say all of us,và tất cả chúng tôi đều đồng ý
and stuff,và những thứ tương tự
and such,và những thứ tương tự
and that's flat,và đó là bằng phẳng
and the church says amen,và nhà thờ nói amen
and the like,và những thứ tương tự
and whatnot,và những thứ tương tự
and your little dog too,và cả chú chó nhỏ của bạn nữa
angel's advocate,người bảo vệ
angle for,góc cho
angle for farthings,góc cho đồng xu nhỏ
angle iron,thép góc
angles and dangles,góc và đường chằng chới
another country heard from,Một quốc gia khác đã lên tiếng
another county heard from,Một quận khác đã liên hệ
another day in paradise,Một ngày khác ở thiên đường
another nail in someone's coffin,cái đinh cuối cùng trong quan tài của ai…
another nail in the coffin,cái đinh cuối cùng đóng vào quan tài
another string to one's bow,một kỹ năng bổ sung
answer back,trả lời
answer for,câu trả lời cho
answer on a postcard,trả lời bằng thư
answer someone's prayers,thực hiện điều mà ai đó mong ước
answer the call of nature,đi vệ sinh
answer to,câu trả lời
answer to someone's prayers,cầu nguyện ước mơ thành hiện thực
answer up,trả lời
ante in,trong
ante litteram,trước khi có chữ viết
ante up,đặt cược
ants in one's pants,bồn chồn
any day now,bất cứ lúc nào
any exposure is good exposure,bất kỳ sự quảng bá nào cũng tốt
any fule kno,bất kỳ ai cũng biết
any given Sunday,bất kỳ một buổi Chủ nhật nào
any hole's a goal,Bất kỳ chỗ nào cũng được tính là bàn thắ…
any more for any more,còn nữa cho còn nữa
any nook or cranny,bất cứ chỗ nào
any number of,bất kỳ số lượng nào
any old,bất kỳ cái gì cũ
any old kind of way,bất cứ cách nào
any old nook or cranny,bất kỳ ngóc ngách nào
any old thing,bất cứ thứ gì cũ
any other business,các vấn đề khác
any port in a storm,cứu cực
any press is good press,bất kỳ sự chú ý nào cũng tốt
any the wiser,hiểu rõ hơn
any time now,bất cứ lúc nào
any time soon,trong thời gian tới
any way one cuts it,dù nói thế nào đi nữa
any way one slices it,dù nói thế nào đi nữa
anybody who is anybody,ai cũng biết
anyone's guess,ai cũng đoán
anything goes,bất cứ điều gì cũng được
apart from,ngoài
ape in,trong
ape leader,người lãnh đạo loài khỉ
apothecary's Latin,tiếng Latin của nhà thuốc
appearances are deceptive,Duyên dáng che đậy sự thật
appetite comes with eating,Ăn để kích thích sự thèm ăn
apple of someone's eye,người thân yêu nhất
apple polisher,nịnh bợ
apple up,táo lên
apples and oranges,táo và cam
apples to apples,so sánh
apply oneself,nỗ lực
April showers bring May flowers,Trời mưa tháng Tư mang đến hoa nở vào th…
apron string,dây thắt tạp dề
apron-string hold,dây giữ tạp dề
apropos of,liên quan đến
apropos of nothing,không liên quan
arc up,lên cao
arch doxy,chủ nghĩa bảo thủ
are bears Catholic,gấu có phải là người Công giáo không
are the Kennedys gun-shy,gia đình Kennedy có sợ súng không
are we deadass,chúng ta có đang nói thật không
are we there yet,chúng ta đã đến nơi chưa
are you blind,bạn mù à
are you deaf,Bạn có bị điếc không
are you sure you're sure,bạn có chắc chắn không
are your ears burning,tai bạn có nóng không
argle-bargle morble whoosh,ồ ồ ồ xì xào
argue down,thuyết phục
argue out,thảo luận
ark at ee,công viên
arm candy,phụ kiện trang sức
arm out,tay giang ra
arm to the teeth,trang bị đầy đủ
arm up,nâng cao khả năng phòng thủ
arm's length,cách xa
armchair quarterback,người chỉ trích từ xa
army volunteer,tình nguyện viên quân đội
around one's ears,quanh tai
around Robin Hood's barn,xung quanh chuồng của Robin Hood
around the bend,ngoặc cua
around the clock,cả ngày lẫn đêm
around the corner,gần đây
around the Horn,quanh mũi
around the traps,ở nhiều nơi khác nhau
around the way,gần đây
around the wicket,xung quanh wicket
around the world,khắp thế giới
arrive at,đến
arrow in the quiver,viên tên
arse about,nói xàm
arse around,lêu lỏng
arse end of nowhere,nơi xa xôi hẻo lánh
arse over tip,lật đật
arse over tit,từ trên xuống dưới
arse up,làm rối
arsy varsy,Tôi không biết
arsy versy,thật là phiền
art imitates life,nghệ thuật bắt chước cuộc sống
art up,trang trí
artful dodger,kẻ lừa đảo
article of death,bài viết về cái chết
artificially intelligent,trí tuệ nhân tạo
artificially sweetened,chứa đường nhân tạo
as a duck takes to water,giống như vịt bơi trên mặt nước
as a lamb to the slaughter,như cừu bị đưa ra làm mồi
as a matter of course,bình thường
as a matter of fact,thực tế thì
as a matter of facts,thực tế là
as a result,kết quả là
as a rule,thường thì
as a whole,tổng thể
as all fuck,chết tiệt
as all get-out,quá lớn
as and when,khi nào cần
as anything,như bất cứ thứ gì
as be damned,chết tiệt
as best one can,tốt nhất có thể
as big as life,cực kỳ sống động
as cold as ice,lạnh như đá
as ever trod shoe leather,đi nhiều
as ever trod shoe-leather,đi bộ nhiều
as far as,tới mức
as far as I know,Theo tôi biết
as far as one is concerned,theo quan điểm của ai đó
as far as one knows,theo như mình biết
as far one's concerned,theo quan điểm của ai đó
as fate would have it,do số phận an bài
as fine as Dick's hatband,hoàn hảo
as fit as a fiddle,khỏe mạnh như voi
as for,về phần
as God intended,như Chúa đã định
as God is my witness,Thần nguyện
as good as gold,nghe lời như vàng
as good as it gets,tốt nhất có thể
as good as new,còn như mới
as good as the original,giống như bản gốc
as hard as nails,cứng như đá
as I live and breathe,miễn là tôi còn sống
as I see it,theo tôi
as I was saying,như tôi vừa nói
as if,như thể
as if by magic,như phép thuật
as if I care,chẳng thèm quan tâm
as if I cared,giống như tôi quan tâm
as if someone owns the place,như thể ai đó là chủ nơi này
as if there is no tomorrow,như thể ngày mai không đến
as if there were no tomorrow,như thể không có ngày mai
as if there's no tomorrow,như thể không có ngày mai
as it comes,tùy theo
as it gets,càng về sau
as it goes,tùy theo
as it happens,tình cờ
as it stands,hiện tại
as large as life,sống động như thật
as light as air,nhẹ như không khí
as long as,miễn là
as luck may have it,tùy thuộc vào may mắn
as luck would have it,may mắn thay
as memory serves,nếu trí nhớ tôi không sai
as much,bấy nhiêu
as much as possible,càng nhiều càng tốt
as much sinning as sinned against,cùng lúc phạm tội và bị người khác phạm …
as near as matters,về cơ bản
as of late,gần đây
as of right,hiện tại
as often as not,thường xuyên
as opposed to,ngược lại với
as per,theo
as previously mentioned,như đã đề cập trước đó
as provided for,như đã quy định
as regards,về mặt
as right as rain,khỏe mạnh
as she is spoke,nói như cô ấy
as soon as,ngay khi
as soon as look at someone,chỉ cần nhìn thấy ai đó
as soon as possible,càng sớm càng tốt
as such,như vậy
as the case may be,tùy thuộc vào trường hợp
as the crow flies,đường chim bay
as the day is long,càng ngày càng lâu
as the fella said,như người kia đã nói
as the fella says,như người kia nói
as the gull flies,tính theo đường chim bay
as the man said,như người đàn ông đó nói
as the man says,như người đàn ông đó nói
as the next girl,như cô gái tiếp theo
as the next guy,như người tiếp theo
as the next person,như người tiếp theo
as the saying goes,như người ta vẫn nói
as the wind blows,khi gió thổi
as they come,khi chúng đến
as they say,như người ta nói
as though,như thể
as time goes by,càng ngày càng
as times go,theo thời gian
as to,về
as useful as a chocolate teapot,vô dụng
as we know it,như chúng ta biết
as well,cũng
as well as,cũng như
as white as a sheet,trắng như giấy
as who should say,ai nên nói
as you go,khi bạn đi
as you know,Như bạn đã biết
as you like,tùy bạn
as you please,tùy bạn
asap,càng sớm càng tốt
Asian don't raisin,Người châu Á không nhặt
aside from,ngoài ra
ask a stupid question,hỏi một câu hỏi ngốc nghếch
ask after,hỏi thăm
ask around,hỏi thăm
ask back,hỏi lại
ask for,hỏi
ask for it,yêu cầu
ask for the moon,xin như đòi trăng
ask in,hỏi trong
ask me one about sport,hỏi tôi một câu về thể thao
ask me one on sport,hỏi tôi một câu về thể thao
ask my arse,hỏi cái mông tôi
ask out,rủ đi chơi
ask over,hỏi thăm
ask round,hỏi thăm
asked and answered,đã hỏi và đã trả lời
asking for a friend,hỏi hộ bạn
asleep at the switch,lơ là trong công việc
asphalt jungle,khu đô thị bê tông
asposed to,so với
ass in the grass,mông trên cỏ
ass out,mông
ass over teakettle,té ngã
assault and battery,tấn công và gây thương tích
assume room temperature,giả sử ở nhiệt độ phòng
assume the mantle,nhận trách nhiệm
assume the position,chấp nhận vị trí
astern of,phía sau
astraddle of,ngồi cưỡi ngựa
at a canter,với tốc độ vừa phải
at a clip,với tốc độ
at a discount,giảm giá
at a distance,xa
at a draft,trong bản nháp
at a draught,từ từ
at a fast clip,với tốc độ nhanh
at a glance,nhìn thoáng qua
at a go,một lần
at a guess,có lẽ
at a loose end,rảnh rỗi
at a loss,bối rối
at a loss for words,không biết nói gì
at a low ebb,xuống thấp
at a minimum,ít nhất
at a moment's notice,bất cứ lúc nào
at a pinch,trong trường hợp khẩn cấp
at a premium,đắt đỏ
at a price,với giá
at a profit,có lợi nhuận
at a push,trong trường hợp khó khăn nhất
at a rate of knots,với tốc độ chóng mặt
at a run,chạy nhanh
at a single stroke,một lần duy nhất
at a stand,đứng yên
at a stretch,kéo dài
at a stroke,một lần duy nhất
at a time,một lúc
at a venture,một cách mạo hiểm
at adventure,trong cuộc phiêu lưu
at all,hoàn toàn
at all adventures,trong mọi cuộc phiêu lưu
at all costs,bất cứ giá nào
at all events,dù sao đi nữa
at all hands,tất cả mọi người
at all hours,vào mọi lúc
at all points,ở mọi lúc
at anchor,neo đậu
at antipodes,ở cực đối diện
at any event,trong bất kỳ sự kiện nào
at any given moment,bất cứ lúc nào
at any hand,bất cứ lúc nào
at any rate,dù sao đi nữa
at arm's length,ở xa
at bank,ở ngân hàng
at bar,ở quán bar
at bat,lên đánh
at bay,bị chặn lại
at best,tốt nhất có thể
at bottom,ở dưới
at call,theo yêu cầu
at command,theo lệnh
at cost,giá vốn
at cross-purposes,mâu thuẫn
at daggers drawn,căng thẳng
at dark,trong bóng tối
at death's door,nghịch tử
at each other's throats,cãi nhau chí chóe
at ease,thoải mái
at fault,có lỗi
at first,ban đầu
at first bluff,ban đầu giả vờ
at first blush,ban đầu
at first glance,nhìn thoáng qua
at first sight,cái nhìn ban đầu
at full pelt,với tốc độ tối đa
at full steam,hoạt động hết công suất
at full stretch,căng tối đa
at full throttle,vận tốc tối đa
at full tilt,vận tốc tối đa
at gaze,nhìn chằm chằm
at grips,đang đối mặt
at gunpoint,dưới đe dọa súng
at hand,sẵn sàng
at heart,trong tim
at heck and manger,ở địa ngục và chuồng ngựa
at Her Majesty's pleasure,theo ý muốn của Nữ hoàng
at home,ở nhà
at intervals,theo khoảng thời gian
at issue,vấn đề
at knifepoint,bị dí dao
at large,tự do
at last,cuối cùng
at latter Lammas,vào dịp Lễ Lammas sau
at least,ít nhất
at leisure,rảnh rỗi
at length,cuối cùng
at liberty,tự do
at loggerheads,tranh cãi
at long last,cuối cùng
at loose ends,không biết làm gì
at minimum,ít nhất
at most,tối đa
at night,vào ban đêm
at no time,không bao giờ
at odd times,vào những thời điểm không cố định
at odds,bất đồng
at once,ngay lập tức
at one go,một lần
at one stroke,một lần duy nhất
at one time,vào một thời điểm
at one time or another,vào một thời điểm nào đó
at one's best,tốt nhất
at one's ease,thoải mái
at one's elbow,gần bên cạnh
at one's feet,chân
at one's fingers' ends,nắm trong lòng bàn tay
at one's fingertips,trong tầm tay
at one's leisure,khi rảnh rỗi
at one's own peril,với rủi ro của bản thân
at one's own risk,theo rủi ro của bản thân
at one's peril,với rủi ro
at one's risk,theo rủi ro của người dùng
at pace,với tốc độ
at pains,cố gắng
at peace,bình yên
at peace with,bình yên với
at places,ở những nơi
at play,đang chơi
at pleasure,tùy ý
at present,hiện tại
at rack and manger,tại cửa hàng đồ gia dụng
at random,ngẫu nhiên
at rest,nghỉ ngơi
at right angles to,vuông góc với
at risk,có nguy cơ
at rovers,ở những nơi có xe tự hành
at scale,ở quy mô lớn
at school,ở trường
at sea,trên biển
at second hand,cũ
at short notice,báo trước ngắn
at short sight,thiếu tầm nhìn
at sight,ngay lập tức
at sixes and sevens,bối rối
at some point,vào một thời điểm nào đó
at somebody's elbow,gần cạnh ai đó
at somebody's heels,bám theo
at someone's disposal,thuộc quyền sở hữu của ai đó
at someone's door,ở trước cửa ai đó
at someone's elbow,gần cạnh ai đó
at someone's heels,bám theo
at someone's service,phục vụ quý vị
at someone's throat,ở cổ ai đó
at spearpoint,ở vị trí đầu tiên
at speed,với tốc độ
at stake,ở trong nguy hiểm
at swordpoint,dưới lưỡi kiếm
at swords' points,căng thẳng
at table,ở bàn
at ten and two,mười giờ hai mươi
at that time,vào lúc đó
at the back of one's mind,trong tiềm thức
at the bank,ở ngân hàng
at the best,tốt nhất
at the best of times,trong điều kiện tốt nhất
at the bottom of,ở dưới đáy
at the bottom of the pile,ở dưới cùng của đống
at the coal face,ở tuyến đầu
at the corner,ở góc
at the cost of,với cái giá
at the discretion of,tùy theo ý muốn
at the disposal of,phục vụ cho
at the door,ở cửa
at the door of,ở trước cửa
at the double,nhân đôi
at the drop of a hat,ngay lập tức
at the earliest,càng sớm càng tốt
at the elbow,ở khuỷu tay
at the end of one's tether,kiệt sức
at the end of the day,cuối cùng thì
at the end of the rainbow,cuối cầu vồng
at the expense of,với cái giá của
at the feet of,ở dưới chân
at the hand of,bởi
at the hands of,bởi
at the helm,ở vị trí lãnh đạo
at the high port,ở cảng lớn
at the instance of,theo yêu cầu của
at the last,cuối cùng
at the last minute,vào phút cuối
at the last moment,vào phút cuối
at the latest,muộn nhất
at the least,ít nhất là
at the mercy of,trong tình trạng tùy thuộc
at the minimum,ít nhất
at the minute,tại thời điểm này
at the moment,tại thời điểm này
at the money,với tiền
at the most,tối đa
at the outset,ban đầu
at the outside,ở bên ngoài
at the point of,ở thời điểm
at the prospect of,khi nghĩ đến
at the ready,sẵn sàng
at the receiving end,ở vị trí nhận
at the risk of,với rủi ro
at the same time,cùng lúc
at the sight of,khi thấy
at the soonest,sớm nhất
at the tail,ở cuối
at the thought of,khi nghĩ về
at the time,vào thời điểm đó
at the top of one's bent,khả năng tối đa
at the top of one's game,đang đạt phong độ cao nhất
at the top of one's lungs,hét lớn nhất có thể
at the top of one's voice,cất giọng
at the top of the heap,ở vị trí cao nhất
at the top of the pile,ở trên cùng của đống
at the top of the tree,Trên đỉnh cây
at the very least,ít nhất là
at the very most,tối đa
at the wheel,đang lái xe
at the whim of,theo ý muốn
at the worst,tệ nhất
at third hand,qua nhiều người
at this juncture,tại thời điểm này
at this moment in time,vào lúc này
at this point,tại thời điểm này
at this point in time,tại thời điểm này
at this rate,với tốc độ này
at times,thỉnh thoảng
at times and again,thỉnh thoảng và đôi khi
at turns,luân phiên
at twice,gấp đôi
at unawares,bất ngờ
at variance,khác biệt
at war,ở trong chiến tranh
at will,tùy ý
at work,ở chỗ làm việc
at worst,tệ nhất
at your service,phục vụ bạn
atomic cocktail,cocktail nguyên tử
atta girl,giỏi lắm
attend to,chăm sóc
attention whore,người thích gây sự chú ý
Attic salt,Muối phòng trên gác mái
attitude reflects leadership,Thái độ phản ánh phẩm chất lãnh đạo
attribute to,gán cho
au jus,nước sốt
auction off,đấu giá
audi alteram partem,lắng nghe ý kiến của cả hai bên
Augean stables,Chuồng ngựa của Augeas
auger in,vào
auld lang syne,tạm biệt
aurally challenged,khó nghe
autem cackler,tiếng cười khoác khoải
autem diver,nhưng thợ lặn
autem mort,nhưng đã chết
autumn romance,tình yêu mùa thu
avant la lettre,trước thời
average bear,gấu trung bình
average down,mua vào khi giá giảm
average Joe,người bình thường
average out,trung bình
average up,tăng trung bình
away at the races,ở xa các cuộc đua
away from home,xa nhà
away game,trận đấu trên sân khách
away in a hack,đi bằng xe ngựa
away to the races,đi đua
away with the fairies,mơ màng
awful but lawful,tệ nhưng hợp pháp
ax to grind,mục đích riêng
ay up me duck,Con vịt của tôi
aye aye shepherd's pie,ừ ừ bánh Shepherd's pie
ayo chill,thư giãn đi
ayy lmao,Không biết
babe in arms,trẻ sơ sinh
babe in the woods,người ngốc nghếch
babe magnet,người thu hút tình yêu
babies in the eyes,đôi mắt ngây thơ
baby and bathwater,vứt bỏ cả đứa trẻ và nước tắm
baby elephant in the room,vấn đề tế nhị mà mọi người đều biết nhưn…
baby needs new shoes,bé cần giày mới
baby step,bước nhỏ
baby up,bế con
babysitter test,bài kiểm tra người trông trẻ
back and edge,lưng và cạnh
back and forth,qua lại
back at ya,cũng vậy
back at you,cũng vậy
back atcha,tôi cũng vậy
back away,lùi lại
back down,nhượng bộ
back forty,vùng đất phía sau
back gammon player,người chơi cờ bạc
back in,quay lại
back in the day,Ngày xưa
back in the game,trở lại cuộc chơi
back in the groove,quay lại nhịp điệu
back in the saddle,trở lại làm việc
back into,vào lại
back of one's hand,lòng bàn tay
back off,lùi lại
back office,phòng sau
back on to,lên trên
back one out,lùi lại
back onto,lên lại
back out,rút lui
back that train up,quay đầu tàu lại
back the right horse,ủng hộ người đúng
back the wrong horse,ủng hộ sai người
back then,lúc đó
back to back,liền nhau
back to back jack,ghim liên tiếp
back to square one,quay lại điểm bắt đầu
back to the drawing board,quay lại từ đầu
back to the wall,ngõ cụt
back up,sao lưu
back up the truck,đỗ xe tải phía sau
back-cloth star,phông nền ngôi sao
backhanded compliment,Lời khen kèm theo sự mỉa mai
backwards and forwards,qua lại
bad actor,kẻ xấu
bad apple,quả táo hỏng
bad blood,mâu thuẫn
bad books,sách dở
bad business,kinh doanh không tốt
bad company,bọn bạn xấu
bad egg,quả trứng hỏng
bad facts make bad law,Những tình tiết xấu tạo ra những quy địn…
bad hair day,tóc xơ
bad iron,bàn là hỏng
bad joke,trò đùa dở
bad looker,xinh xắn
bad money drives out good,tiền giả đẩy tiền thật ra khỏi lưu thông
bad news,tin xấu
bad news bears,đội bóng tệ
bad news travels fast,Tin xấu lan nhanh
bad old days,những ngày xưa tồi tệ
bad penny,tiền xui xẻo
bad scran to someone,ăn uống không tốt
bad taste in one's mouth,cảm giác khó chịu trong miệng
bad things come in threes,Thường thì những chuyện không may xảy ra…
bad trip,chuyến đi tệ
bad trot,tiêu chảy
bad up,xấu đi
bad word,chửi
badge bunny,huy hiệu thỏ
badge in,huy hiệu
badge of honor,huy chương danh dự
badge out,xếp đồ
badge up,đeo huy hiệu
bag and tag,dán nhãn và đóng gói
bag down,ngủ quên
bag of bones,xương rêu
bag of tricks,mánh khóe
bag off,cởi túi
bag out,vứt bỏ
bag up,đóng gói
bah humbug,chán ngấy
bail on,bỏ lỡ
bail out,cứu trợ
bail out on,bỏ rơi
bail up,xếp hàng
bait up,câu cá
bake in,nướng trong
bake off,cuộc thi làm bánh
bake out,nung khô
bake something blind,nướng mà không nhìn
bake up,nướng
baker's dozen,mười ba cái
baker's half dozen,một tá lính
baking hot,nóng rụi
balance down,giảm cân
balance out,cân bằng
balance the books,cân đối sổ sách
balance up,cân bằng
bale out,cứu trợ
bale up,cùm lại
ball down,chơi bóng
ball hog,người ích kỷ khi chơi bóng
ball it off,nghỉ việc
ball of fire,quả bóng lửa
ball of malt,bánh mạch nha
ball off,bóng bay
ball out,chi tiêu mạnh tay
ball up,cuộn tròn
ballast up,nâng phao
ballistic podiatry,chăm sóc bàn chân bằng phẫu thuật
balloon goes up,khinh khí cầu bay lên
balloon knot,nút bóng
ballpark estimate,ước tính sơ bộ
ballpark figure,ước tính
balls about,chuyện vặt
balls around,chơi bóng
balls of steel,tinh thần thép
balls on,trên bóng
balls to the wall,cống hiến hết mình
balls to the walls,cống hiến hết mình
balls up,nhăn nhúm
bally about,nói chuyện linh tinh
baloney pony,tào tháo
balum rancum,Tôi không biết
bamboo ceiling,trần nhà tre
banana nose,mũi như quả chuối
banana republic,cộng hòa chuối
band together,hợp tác
band-aid solution,giải pháp tạm thời
bandwagon fan,người hâm mộ theo đám đông
bandwagon jumper,người đi theo đám đông
bandy about,trao đổi
bandy around,tung hô
bane of someone's existence,nỗi khổ lớn nhất trong cuộc đời
bang about,tức giận
bang around,quanh quanh
bang away,xỉ nhục
bang down the door,đập cửa
bang for one's buck,giá trị
bang for the buck,giá trị
bang into,va phải
bang off,tách đàn
bang on,chính xác
bang out,phát ra
bang some heads together,trao đổi ý kiến
bang straw,ống hút
bang to rights,khôi phục danh dự
bang up,tuyệt vời
bank night,đêm ngân hàng
bank on,dựa vào
bank up,tích trữ
banker's dozen,mười ba
bankers' hours,giờ làm việc của ngân hàng
bankrupt cart,xe đẩy bán hàng rong
banner year,năm thành công rực rỡ
banyan day,ngày banyan
bar down,hạ thấp
bar none,không có gì sánh được
bar off,tắt máy
bar out,loại trừ
bar sinister,dấu đen
bar star,thanh sao
bar up,quầy bar
barbecue up,nướng
barber's sign,biển hiệu của tiệm cắt tóc
bare one's soul,thú thật
bare one's teeth,kể chuyện
bare poles,cột trần
barf out,nôn ra
bargain away,bán rẻ
bargain for,mặc cả
bargain on,thương lượng
barge in,xâm phạm
barge into,xâm nhập
bark up the wrong tree,đường cùng lối tắt
barking dogs never bite,Chó sủa nhiều không cắn người
barking dogs seldom bite,Chó sủa nhiều không cắn người
Barkis is willin',Barkis sẵn lòng
Barkis is willing,Barkis sẵn lòng
barn find,xe cũ bị bỏ lâu năm
barrel of laughs,rất buồn cười
barrel of monkeys,một bầy khỉ
base off,dựa trên
base off of,dựa trên
base on,dựa trên
base over apex,cơ sở trên đỉnh
base upon,dựa trên
based on,dựa trên
basement battler,người đấu tranh dưới tầng hầm
bash about,va chạm
bash in,đập
bash into shape,uốn nắn
bash one out,hoàn thành
bash out,đánh mạnh
bash someone's face in,đấm vào mặt ai đó
bash someone's head,đánh vào đầu ai đó
bash the bishop,chỉ trích giám mục
bash together,xây dựng vội vàng
bash up,đánh đập
bask in the sunshine,tận hưởng ánh nắng mặt trời
basket house,nhà tre
bastardly gullion,kẻ khốn nạn
baste up,may vá
bat a thousand,chuyền bóng thành công 100
bat about,đánh bóng
bat an eyelid,nháy mắt
bat around,đánh bóng
bat away,đuổi đánh
bat five hundred,đánh năm trăm
bat for the other team,chơi cho đội đối phương
bat in,chơi bóng chày
bat of an eye,chớp mắt
bat one's eyes,nhắm mắt
bat out,đánh bay
bat round,vòng đánh bóng
bat the breeze,gió nhẹ
batch up,chế biến theo mẻ
bate an ace,đánh bại một đối thủ mạnh
bathroom singer,ca sĩ phòng tắm
batten down,chắc chắn
batten down the hatches,chuẩn bị đối phó
batter up,tới lượt đánh
battle it out,thi đấu
battle out,giành giật
bawl off,hủy bỏ
bawl one's eyes out,khóc nức nở
bawl out,kêu la
be a bit much,quá nhiều
be a hundred years too early,quá sớm một trăm năm
be a lost cause,không có hy vọng
be a man,Hãy là đàn ông
be a tall order,khó khăn
be a thing of the past,qua rồi
be aces with,giỏi về
be alive with something,sống động với điều gì
be all in,tham gia hết mình
be all over somebody,bám theo ai
be all very well,hoàn toàn ổn
be along,sẽ đến
be around,ở gần
be at a loss,bối rối
be at odds,bất đồng
be at pains to do something,cố gắng hết sức
be at the mercy of somebody,phụ thuộc vào ai
be at the mercy of something,phụ thuộc vào
be at the plague,bị dịch bệnh
be beside oneself,mất trí
be called,được gọi là
be careful,cẩn thận
be careful what you wish for,cẩn thận với những gì bạn ước
be cruel to be kind,thương người như thể thương mình
be damned,chết tiệt
be down with,đồng ý với
be fearful when others are greedy,sợ hãi khi người khác tham lam
be for the best,là tốt nhất
be greedy when others are fearful,ham lợi khi người khác sợ hãi
be hard pressed,gặp khó khăn
be in and out,đi rồi lại đến
be in for,sẵn sàng
be in luck,may mắn
be in the balance,cân bằng
be in the front line,ở tuyến đầu
be in the know,biết rõ thông tin
be in the loop,được biết thông tin
be in the market for something,mua
be in the money,giàu có
be in the pipeline,đang trong quá trình thực hiện
be in the public eye,nổi tiếng
be in the right place at the right time,đến đúng chỗ vào đúng thời điểm
be in the same boat,cùng chung hoàn cảnh
be in touch,liên lạc
be into,thích
be larger than life,lộng lẫy hơn thực tế
be left at the post,bị bỏ lại ở bưu điện
be left holding the baby,gánh chịu hậu quả
be left kicking,bị bỏ lại một mình
be like,giống như
be make or break for somebody,có thể thành công hoặc thất bại cho ai đ…
be make or break for something,quyết định thành công hay thất bại cho đ…
be mother,làm mẹ
be my guest,xin cứ tự nhiên
be news to somebody,là tin mới cho ai đó
be no match for,không thể sánh bằng
be no match for somebody,không phải đối thủ của ai đó
be no match for something,không thể sánh bằng
be nothing short of,không gì khác ngoài
be of one's own making,do chính mình gây ra
be of the essence,rất quan trọng
be off the mark,sai
be off the wall,quá kỳ lạ
be on a roll,thành công liên tiếp
be on about,nói về
be on bad terms with somebody,cơm chẳng lành, nước chẳng ngọt với ai đ…
be on edge,bồn chồn
be on good terms with somebody,có quan hệ tốt với ai đó
be on guard,cảnh giác
be on hand,có mặt
be on hold,đang chờ
be on one's best behaviour,cố gắng cư xử tốt
be on one's guard,cẩn thận
be on the level,thành thật
be on the line,ở trên đường dây
be on the loose,tự do
be on the march,tiến quân
be on the mend,ổn hơn rồi
be on the receiving end,nhận
be on the run,bỏ trốn
be on the up,phát triển
be on the wing,ở trong tình trạng sẵn sàng
be on to,hiểu ra
be one of a kind,duy nhất
be one step ahead,đi trước một bước
be one's own man,tự chủ
be one's own person,sống theo ý mình
be one's own woman,tự chủ
be one's own worst enemy,tự mình gây ra bất lợi cho mình
be oneself,là chính mình
be only a matter of time,chỉ là vấn đề thời gian
be onto,hiểu ra
be out for,đi ra ngoài để
be out in force,xuất hiện đông đảo
be out of action,bị ngừng hoạt động
be out of bounds,ngoài giới hạn
be out of line,quá đáng
be out of luck,xui xẻo
be out of order,hỏng
be out of place,không phù hợp
be out of pocket,không liên lạc được
be out of the picture,không liên quan
be out of the way,ra đường
be out of this world,xuất sắc tuyệt vời
be out of touch,mất liên lạc
be over and done with,kết thúc
be right back,Để lát nữa
be right up somebody's arse,bám theo ai đó quá sát
be seeing you,hẹn gặp lại
be set in stone,đã được quyết định chắc chắn
be somebody's strong point,điểm mạnh của ai đó
be somebody's strong suit,điểm mạnh của ai đó
be someone's to lose,cơ hội nằm trong tay
be still my heart,xin hãy giữ cho trái tim tôi bình yên
be taken ill,bị ốm
be thankful for small mercies,biết ơn những điều tốt đẹp nhỏ nhặt
be that as it may,dù sao đi nữa
be the bigger man,biết tôn trọng
be the order of the day,là điều thường thấy
be there and be square,Hãy đến và hãy trung thực
be there or be square,Hãy đến hoặc biến mất
be up somebody's arse,quấy rầy ai
be-all and end-all,mục tiêu cuối cùng
beak off,tách ra
beam up,hấp dẫn lên
bean counter,kế toán viên
bear a hand,giúp đỡ
bear against,chống lại
bear away,rẽ ra
bear away the bell,chiến thắng
bear down,nỗ lực hết mình
bear down on,áp lực
bear fruit,trái ngọt
bear in,chịu đựng
bear in mind,lưu ý
bear in on,chú ý
bear in the air,gấu trên không
bear in with,chịu đựng
bear off,chuyển bóng
bear off from,rời khỏi
bear on,liên quan đến
bear oneself,cư xử
bear out,khẳng định
bear something in mind,lưu ý
bear testimony to something,chứng minh điều gì
bear the brunt,chịu gánh nặng
bear up,vững vàng
bear upon,liên quan đến
bear with,chờ đợi
bear witness to something,chứng kiến
beard the lion in his den,Đối mặt với kẻ thù mạnh nhất trong lãnh …
Beast from the East,Bão tuyết từ phương Đông
beast on,quái vật trên
beast with two backs,sinh vật hai lưng
beat a dead horse,nói chuyện vô ích
beat a retreat,rút lui
beat about,lan man
beat around the bush,nói vòng vo
beat as one,hòa nhịp
beat back,đẩy lùi
beat Banaghan,đánh bại Banaghan
beat down,đánh bại
beat feet,chạy nhanh
beat into,đánh bại
beat it,đi đi
beat like a jungle drum,đập như trống trận
beat off,đánh bại
beat off with a stick,đánh bằng gậy
beat on,đánh
beat one's brain,suy nghĩ rất nhiều
beat one's meat,tự kích thích
beat one's swords into ploughshares,biến vũ khí thành công cụ nông nghiệp
beat one's swords into plowshares,biến vũ khí thành công cụ
beat out,vượt qua
beat someone round the ears,đánh vào tai
beat someone's arse,đánh cho tan tác
beat someone's ass,đánh cho tan tác
beat someone's brains out,đánh cho tan tác
beat the bishop,đánh bại giám mục
beat the bushes,sục tìm
beat the clock,hoàn thành đúng thời hạn
beat the cock,đánh gáy
beat the crowd,vượt đám đông
beat the daylights out of,đánh rất mạnh
beat the drum for,quảng bá
beat the dust,quét bụi
beat the meat,giã thịt
beat the odds,vượt qua khó khăn
beat the pants off,vượt trội hơn hẳn
beat the poop out of,đánh rất mạnh
beat the shit out of,đánh rất mạnh
beat the stuffing out of,đánh rất mạnh
beat to,đánh bại
beat to the punch,đi trước một bước
beat up,bị đánh
beat up on,khinh thường
beat with the ugly stick,đánh bằng gậy xấu xí
beats me,Tôi không biết
beautiful people,những người đẹp
beauty is but skin-deep,Vẻ đẹp chỉ là bề ngoài
beauty is only skin deep,Vẻ đẹp chỉ là bề ngoài
beauty is only skin-deep,Vẻ đẹp chỉ là bề ngoài
beauty never boiled the pot,Vẻ đẹp chưa bao giờ làm sôi nồi
beauty queen,hoa hậu
beauty sleep,giấc ngủ ngon
beauty won't boil the pot,Vẻ đẹp không nấu được nồi cơm
beauty won't make the pot boil,Vẻ đẹp không làm nước sôi
beaver away,làm việc chăm chỉ
because is why,vì
because reasons,vì lý do
because you touch yourself at night,bởi vì bạn tự làm chuyện đó vào ban đêm
become of,trở thành
become one flesh,trở thành một thể
become one with one's inner self,hòa hợp với bản thân
bed and breakfast,nhà nghỉ có ăn sáng
bed blocker,người nằm viện quá lâu
bed down,ngủ nghỉ
bed in,vào giường
bed of roses,cuộc sống hạnh phúc viên mãn
bed out,ngủ ngoài giường
bee in one's bonnet,ám ảnh
bee tee dubs,tóm lại
beef out,thể hiện sự tức giận
beef to the hoof,thịt bò nguyên con
beef up,củng cố
been darkmans,đã là của darkman
been to the rodeo,đã đến xem rodeo
beep out,xóa bỏ tiếng ồn
beer and skittles,bia và trò chơi
beer goggles,kính bia
beer muscles,bắp tay do uống bia gây ra
beer up,nâng ly
before dark,trước khi trời tối
before GTA 6,trước GTA 6
before it was cool,trước khi nó trở nên phổ biến
before long,không lâu sau
before one can blink,chưa kịp chớp mắt
before one knows it,chưa kịp nhận ra
before one knows where one is,chưa biết mình đang ở đâu
before one's eyes,trước mắt
before one's time,sống trước thời đại
before someone's time,quá thời
before the fact,trước khi xảy ra
before the ink was dry,chưa kịp khô mực
before you can say Jack Robertson,chưa kịp nói hết câu
before you can say Jack Robinson,chưa kịp nói một câu
before you can say knife,chưa kịp nói hết câu
beg for one's life,xin tha mạng
beg off,xin từ chối
beg pardon,xin lỗi
beg the question,đặt câu hỏi
beg to differ,xin có ý kiến khác
beg yours,xin lỗi
beggar off,từ chối
beggars can't be choosers,kẻ ăn xin không có quyền đòi hỏi
begger off,từ chối
begging your pardon,xin lỗi
begin upon,bắt đầu
behind bars,trong tù
behind closed doors,trong kín đáo
behind its time,cũ kỹ
behind someone's back,lưng sau lưng
behind the arc,phía sau vạch ba điểm
behind the bit,phía sau bit
behind the counter,phía sau quầy
behind the curtain,sau bức màn
behind the curve,lạc hậu
behind the eight ball,ở vào tình thế khó khăn
behind the eight-ball,trong tình thế khó khăn
behind the scene,sau hậu trường
behind the scenes,phía sau hậu trường
behind the times,lạc hậu
behind the wheel,đằng sau vô lăng
behind the wire,phía sau hàng rào kẽm
behind time,muộn giờ
behind-the-scenes,phía sau hậu trường
bein darkmans,đàn ông da đen
being poor is a mindset,Đói nghèo là một tư duy
belay my last,hủy bỏ mệnh lệnh trước đó
belemnite battlefield,trường chiến đấu của loài belemnite
believe it or not,tin hay không tin
believe me,tin tôi đi
believe one's ears,nghe mà không tin
believe one's eyes,tin vào mắt mình
believe you me,tin tôi đi
believing is seeing,Thấy mới tin
bell out,chuông reo
bell the cat,đánh cắp chuông nhà thờ
bell up,chuông báo
bellow out,hét lớn
bellows to mend,bơm vá
bells and smells,chuông và mùi hương
bells and whistles,tính năng bổ sung
bellwether state,bang tiêu biểu
belly out,bụng phình
belly up,bụng ú
belly up to the bar,đến quầy bar
below decks,dưới boong
below ground,dưới lòng đất
below par,dưới mức trung bình
below stairs,dưới cầu thang
below the belt,hèn hạ
below the breadline,dưới mức sống tối thiểu
below the fold,dưới phần gấp
below the gangway,dưới boong
below the law,dưới luật
below the mahogany,dưới gỗ gụ
below the radar,ẩn mình
below the salt,dưới bàn
below the surface,dưới bề mặt
belt down,thắt dây
belt out,hát lớn
belt up,thắt dây an toàn
bench jockey,người ngồi trên ghế dự bị
bend down,khom người
bend it like Beckham,uốn cong như Beckham
bend one off,tắt đèn
bend one's elbow,gập khuỷu tay
bend over,cúi người
bend over backwards,cố gắng hết sức
bend someone's ear,nói chuyện nhiều với ai đó
bend someone's will,thay đổi ý chí của ai đó
bend the brain,khó khăn
bend the knee,quỳ gối
bend the truth,bóp méo sự thật
bend to one's will,chịu phục tùng ý chí của ai đó
bend to someone's will,khuất phục
bene darkmans,tốt bụng và tốt bụng
bene lightmans,đèn chiếu sáng tốt
beneath contempt,kém cỏi
beneath the hood,dưới nắp máy
beneath the surface,dưới bề mặt
benevolent overlord,người cai trị nhân từ
bent on,quyết tâm
bent on a splice,gập ở chỗ nối
beside oneself,mất trí
beside the mark,sai
beside the point,không liên quan
besides oneself,ngoài bản thân
best before,hạn sử dụng
best bet,lựa chọn tốt nhất
best laid plans,kế hoạch tốt đẹp nhất
best of both worlds,tốt nhất của cả hai thế giới
best of the best,tốt nhất trong số những người tốt nhất
best of the bunch,tốt nhất trong số đó
best pleased,rất hài lòng
best regards,trân trọng
best thing since sliced bread,điều tuyệt vời nhất kể từ khi có bánh mì…
best thing since sliced pan,điều tuyệt vời nhất kể từ khi có bánh mì…
best-kept secret,bí mật lớn nhất
bet on,cược
bet one's boots,cược bằng đôi giày
bet one's bottom dollar,chắc chắn tuyệt đối
bet out,cược hết
bet round,vòng cược
bet the farm,cược tất cả
bet the house,cược hết tài sản
bet the ranch,cược tất cả
bet up,cược
betray with a kiss,phản bội bằng một nụ hôn
better and better,tốt hơn và tốt hơn
better angels,phẩm chất tốt đẹp
better dead than red,thà chết còn hơn sống dưới chế độ cộng s…
better for it,tốt hơn vì điều đó
better is the enemy of good,cái tốt là kẻ thù của cái tuyệt vời
better late than never,muộn còn hơn không
better luck next time,Chúc may mắn lần sau
better nature,bản chất tốt đẹp
better place,nơi tốt hơn
better safe than sorry,thà cẩn thận còn hơn hối hận
better than sex,hay hơn tình dục
better the devil you know,thà sống với cái ác đã biết còn hơn đối …
between jobs,giữa các công việc
between Scylla and Charybdis,giữa hai lựa chọn khó khăn
between the ears,trong đầu
between the hammer and the anvil,giữa búa và đe
between the jigs and the reels,giữa hai việc
between the lines,giữa các dòng
between the pegs,giữa các cọc
between the pipes,giữa các ống
between the sheets,dưới chăn
between two stools,giữa hai lựa chọn
between wind and water,giữa gió và nước
betwixt and between,ở giữa
beware of Greeks bearing gifts,cẩn thận với người Hy Lạp mang quà
beyond a joke,quá đà
beyond a reasonable doubt,ngoài mọi nghi ngờ hợp lý
beyond a shadow of a doubt,chắc chắn tuyệt đối
beyond a shadow of doubt,không còn nghi ngờ gì nữa
beyond belief,ngoài sức tưởng tượng
beyond dispute,không thể chối cãi
beyond one's depth,vượt quá khả năng
beyond one's ken,ngoài tầm hiểu biết
beyond one's pay grade,quá quyền hạn
beyond one's wildest dreams,ngoài sức tưởng tượng
beyond one's years,trưởng thành hơn tuổi
beyond question,không nghi ngờ
beyond reasonable doubt,ngoài mọi nghi ngờ hợp lý
beyond seas,qua biển
beyond someone's grasp,khó nắm bắt
beyond someone's scope,ngoài khả năng của ai đó
beyond the beyonds,ngoài xa hơn nữa
beyond the black stump,xa xôi
beyond the call of duty,vượt quá trách nhiệm
beyond the grave,sau khi chết
beyond the pale,quá giới hạn
beyond the shadow of a doubt,không còn nghi ngờ gì nữa
beyond words,khó diễn tả bằng lời
bicycle chain,xích xe đạp
bid down,hạ giá
bid in,đấu giá
bid off,chào giá
bid up,đấu giá tăng giá
bide one's time,chờ thời cơ
big boy,chàng trai lớn
big boys,những cậu bé lớn
big break,cơ hội lớn
big bucks,tiền lớn
big cheese,người có quyền lực
big deal,rất quan trọng
big dick energy,Sức mạnh của người đàn ông có bản lĩnh
big end of town,khu thượng lưu
big fat,to lớn mập
big fish,cá lớn
big fish eat little fish,cá lớn nuốt cá nhỏ
big fish in a small pond,cá lớn ở ao nhỏ
big girl,bé gái lớn
big gun,súng lớn
big hand,bàn tay to
big head,đầu to
big if true,nếu điều đó đúng thì rất quan trọng
big kahuna,người có tầm ảnh hưởng lớn
big mad,giận dữ
big man ting,chàng trai mạnh mẽ
big money,tiền lớn
big mouth,mồm to
big name,tên tuổi
big ol',to lớn
big old,lớn cũ
big ole,to lớn
big picture,bức tranh toàn cảnh
big rig,xe tải lớn
big screen,màn hình lớn
big shop,cửa hàng lớn
big shot,người có quyền lực
big sleep,ngủ say
big spender,chơi sang
big talk,nói nhiều
big tamale,bánh tamales lớn
big tent,lều lớn
big things come in small packages,Cái lớn thường đến từ những điều nhỏ bé
big up,khen ngợi
big wheel,bánh xe lớn
bigger fish to fry,việc quan trọng hơn
bigger than Ben Hur,lớn hơn Ben Hur
bill of goods,hàng hóa
bill up,tăng hóa đơn
bin off,tắt thùng rác
bind off,cắt chỉ
bind over,bắt giữ
bind up,băng bó
bio queen,nữ hoàng sinh học
bird in the bosom,chim trong tim
bird in the hand,chim trong tay
bird of ill omen,chim báo bão
bird of one's own brain,chim trong đầu
bird off,đuổi chim
bird's-eye view,quan sát từ trên cao
birds and bees,chim và ong
birds of a feather,chim sẻ cùng loài
birds of a feather flock together,Chim sẻ cùng loài thì bay theo đàn
birds of the feather flock together,Chim sẻ cùng loài thì bay theo đàn
birthday suit,quần áo ngủ
bis dat qui cito dat,Ai cho nhanh thì tốt
bit by a barn mouse,bị chuột cắn
bit by bit,dần dần
bitch and moan,than vãn
bitch goddess,nữ thần quyền lực
bitch off,Im lặng đi
bitch out,tỏ ra yếu đuối
bitch up,mặt mày khó ưa
bite back,ngậm miệng
bite down,cắn
bite in,cắn vào
bite me,cắn tôi đi
bite my ass,đấm vào mông
bite my shiny metal ass,Cút đi
bite of the cherry,mở đầu
bite of the reality sandwich,cúm cút trước thực tế
bite off,cắn
bite one's lip,cắn môi
bite one's nails,cắn móng tay
bite one's tongue,ngậm miệng
bite someone's hand off,cắn đứt tay người
bite someone's head off,mắng chửi ai
bite the big one,chết
bite the biscuit,cắn bánh quy
bite the bullet,nuốt đắng cay
bite the curb,chạm vào vỉa hè
bite the dust,chết
bite the hand that feeds one,cắn tay người nuôi mình
bite to eat,món ăn nhẹ
bits and bobs,những thứ linh tinh
bits and pieces,những mảnh vụn
bitten by the same bug,bị nhiễm virus giống nhau
bitter end,cái kết đắng
blab out,nói ra hết
black and blue,xanh tím
black and white,đen trắng
black babies,trẻ em da đen
black day,ngày đen tối
black don't crack,da không bị lão hóa
black gold,dầu đen
black hat,mũ đen
black in,trong bóng tối
black lie,nói dối trắng trợn
black lives matter,cuộc sống người da đen có giá trị
black mark,vết đen
black market,chợ đen
black out,mất điện
black over Bill's mother's,trên đầu mẹ của Bill
black oxide,oxit sắt đen
black rider,người cưỡi ngựa đen
black sheep,cừu đen
black up,tô đen
blame Canada,đổ lỗi cho Canada
blame game,trò đổ lỗi
blanch up,trắng bệch
blank on,trống
blank out,mờ đi
blanket term,thuật ngữ chung
blare out,phát ra ồn ào
blast away,phá hủy
blast from the past,ký ức xưa
blast off,phóng tên lửa
blast out,phá hủy
blast up,phá hủy
blaze a trail,mở đường
blaze away,nổ súng
blaze down,cháy rực
blaze on,bùng cháy
blaze up,bốc cháy
bleed for,chảy máu vì
bleed out,chảy máu đến chết
bleed red ink,chảy máu
bleeding edge,công nghệ tiên tiến nhất
bleep out,xóa bỏ
blend in,hòa nhập
blend into the woodwork,hòa mình vào đám đông
blend up,trộn đều
bless out,ban phước
bless someone with,ban phước cho
bless someone's cotton socks,Chúc phúc cho ai đó
bless someone's heart,cầu chúc cho ai đó
bless someone's little cotton socks,chúc người đó may mắn
bless you,chúc bạn may mắn
blessed event,sự kiện may mắn
blimp out,biến mất
blimp up,phồng lên
blind date,hẹn hò không rõ mặt
blind leading the blind,mù dắt mù
blind with science,mù vì khoa học
blinded by nostalgia,mù quáng vì hoài niệm
bling out,trang điểm lộng lẫy
bling up,làm cho lấp lánh
blink first,nháy mắt trước
blink of an eye,chớp mắt
blip out,tắt
bliss out,thư giãn
blitz out,rút lui nhanh chóng
blob off,tắt
blob out,làm mờ
block off,chặn
block out,chặn
block up,chặn lại
blocking and tackling,chống và cản
blood and guts,máu và nội tạng
blood in,trong máu
blood in the water,máu trong nước
blood is thicker than water,Máu chảy nhanh hơn nước
blood out,chảy máu
bloody oath,thề có lẽ
bloody up,chảy máu
bloom is off the peach,hoa đào đã tàn
bloom is off the rose,hoa đã tàn
blossom forth,nở rộ
blossom out,nở rộ
blot on the escutcheon,vết nhơ
blot one's copy book,làm mất uy tín
blot out,che khuất
blot up,hút sạch
blow a fuse,cháy cầu chì
blow a hole through,đục xuyên qua
blow a kiss,hôn gió
blow apart,phá hủy
blow away,thổi bay
blow chunks,nôn mửa
blow down,bị thổi đổ
blow hot air,nói những lời sáo rỗng
blow hot and cold,thay đổi liên tục
blow in,bay vào
blow into,thổi vào
blow me,thổi tôi
blow me down,thật không thể tin được
blow off,phá hủy
blow off steam,xả hơi
blow on,thổi vào
blow one's chance,bỏ lỡ cơ hội
blow one's load,xả hết
blow one's mind,khiến choáng váng
blow one's own trumpet,tự khoe khoang
blow one's wad,chi tiêu hết
blow out,thổi bay
blow out of proportion,phóng đại
blow out of proportions,phóng đại
blow out of the water,vượt trội hơn hẳn
blow over,hạ nhiệt
blow past,vượt qua
blow someone's back out,làm ai đó tức giận
blow someone's brains out,bắn chết
blow someone's cover,phơi bày thân phận
blow someone's mind,làm cho ai đó ngạc nhiên
blow the cobwebs away,làm tan đi lớp bụi bặm
blow the doors off,thổi bay mọi thứ
blow the lid off,phơi bày
blow the whistle,phanh còi
blow this for a lark,làm điều gì đó vì vui vẻ
blow this pop stand,phá hủy cái quầy bán đồ chơi này
blow this popsicle stand,dẹp đường
blow this taco stand,phá hủy quán ăn này
blow through,thoát qua
blow to kingdom come,tan tác
blow tomahawks,ném rìu
blow town,rời thành phố
blow up,phá hủy
blow up in one's face,bùng nổ phản tác dụng
blow upon,thổi vào
blow wide open,mở toang
blue chamber,phòng màu xanh
blue devils,quỷ xanh
blue lives matter,cuộc sống của cảnh sát cũng quan trọng
blue moon,trăng xanh
blue note,âm thanh buồn
blue ribbon,dây ruy băng xanh
blue state,bang xanh
blue wall of silence,bức tường im lặng màu xanh
blue-eyed boy,chàng trai có đôi mắt xanh
blue-sky thinking,suy nghĩ sáng tạo
bluebird of happiness,chim sẻ xanh của hạnh phúc
blues and twos,còi báo động
bluff out,lừa dối
blur the line,làm mờ ranh giới
blurt out,nói thẳng
blush is off the peach,màu hồng đào đã phai
blush is off the rose,màu hoa hồng đã phai
bo bian,bờ biển
bo pian,đàn piano
bo pien,bồn rửa
board out,cho thuê phòng
board up,đóng ván
Bob is your uncle,Chú Bob là chú của bạn
bob under,người lùn
bob up,xuất hiện
Bob's your father's brother,Chú của bạn là bố của Bob
Bob's your mother's brother,Chú của bạn
Bob's your uncle,Đơn giản là vậy
body blow,cú đấm mạnh vào người
body English,Ngôn ngữ cơ thể
body forth,bày tỏ
bog down,kẹt lại
bog in,bùn lầy
bog into,chìm vào
bog off,Biến đi
bogged down,mắc kẹt
boh bian,bơ
boh pian,không biết
boh pien,bánh bao
boil away,bay hơi
boil down,tóm tắt
boil off,bay hơi
boil over,sôi trào
boil up,sôi lên
boiling frog,ếch luộc
boiling hot,nóng rực
boiling mad,tức giận sôi sục
boiling point,điểm sôi
bollix up,làm rối tung lên
bollocks to it,thôi đi
bollocks up,rối rắm
bolster up,củng cố
bolt bucket,đai ốc xô
bolt down,siết chặt
bolt from the blue,bất ngờ
bolt in,siết chặt bằng bu lông
bolt to the bran,chạy nhanh đến kho
bomb around,đi lang thang
bomb off,nổ
bomb out,phá hủy
bon appétit,chúc ngon miệng
bona nochy,chúc ngủ ngon
bond out,được trả tiền để được tại ngoại
bone apple teeth,xương táo răng
bone down,xương
bone dry,cực kỳ khô
bone hard,cứng như đá
bone in her teeth,cúi người
bone in the throat,nghẹn cổ
bone of contention,điểm tranh chấp
bone out,bóc xương
bone to pick,có chuyện cần nói
bone up,học thuộc
boo up,thích nhau
boob up,phóng to ngực
booby prize,giải khuyến khích
booger off,Biến đi
booger up,tắc nghẹt
boogie down,nhảy nhót
boogie on down,vui vẻ nhảy múa
book away,đặt chỗ
book burning,đốt sách
book dumping,xả hàng sách
book in,đặt phòng
book into,đặt phòng
book off,hủy đặt phòng
book on,về
book up,đặt chỗ
boom goes the dynamite,phụt
boom off,nổ tung
boon and bane,cả lợi lẫn hại
boot camp,trại huấn luyện
boot out,đuổi đi
boot up,khởi động
booty down,mông
booze can,lon bia
booze cruise,du thuyền rượu
booze up,uống say
bop around,nhảy nhót
bop it up,nhảy lên
bop the bishop,chạm vào giám mục
border on,nằm sát
bore in,khoan
bore out,chứng minh
bored out of one's mind,chán ngắt
bored shitless,chán ngắt
born and bred,sinh ra và lớn lên
born and raised,sinh ra và lớn lên
born in a barn,sinh ra trong chuồng ngựa
born in a mill,sinh ra trong nhà máy
born in the vestry,sinh ra trong phòng thay đồ
borrow trouble,lo lắng vô ích
borrowed time,thời gian được vay
boss about,khó tính
boss around,ra lệnh
boss up,nâng tầm bản thân
botch up,làm hỏng
bottle away,cất giữ
bottle down,chặt chẽ
bottle off,mở nút chai
bottle out,ngại ngùng
bottle up,chặn lại
bottom dollar,giá cuối cùng
bottom drops out,sụp đổ
bottom falls out,sụp đổ
bottom fishing,mua vào cuối phiên giao dịch
bottom line,điều quan trọng nhất
bottom of the line,kém chất lượng nhất
bottom of the ninth,hiệp thứ chín cuối
bottom on,dưới
bottom out,đạt đáy
bottom the house,phần dưới của ngôi nhà
bounce around,nhảy nhót
bounce back,phục hồi
bounce in,nhảy vào
bounce into,nhảy vào
bounce off,nảy
bounce off the walls,nhảy lên trần nhà
bounce on it,nhảy lên
bounce to the ounce,chính xác đến từng gram
bound ahead,vượt lên phía trước
bound to,bị ràng buộc
bouquets and brickbats,khen và chê
bow and scrape,cúi chào
bow down,quỳ lạy
bow down before the porcelain god,cúi đầu trước thần tượng sứ
bow in,cúi chào
bow out,rút lui
bow to,cúi chào
bow up,phồng lên
bow-legged wi' brass,chân vòng queo
bowl a googly,ném bóng googly
bowl down,quỳ lạy
bowl of cherries,bát anh đào
bowl out,bốc thăm
bowl over,khiến ngạc nhiên
bowl up,phồng rộp
Box and Cox,Hộp và Cox
box clever,thông minh
box in,trong hộp
box off,ngắt kết nối
box oneself into a corner,đặt mình vào tình thế khó khăn
box out,chặn
box seat,ghế VIP
box someone's ears,đánh tai
box the compass,đo đạc địa hình
box up,đóng gói
boy howdy,chào bạn
boy in the boat,chàng trai trên thuyền
boy off,bạn trai
boy toy,đồ chơi
boys and girls,trai và gái
boys and their toys,thằng con và đồ chơi của chúng
boys will be boys,trai là trai
brace aback,bất ngờ
brace about,chuẩn bị cho
brace by,giá đỡ
brace in,chèn
brace of shakes,hai ly cocktail
brace up,cố gắng
brag on,khoe khoang
bragging rights,quyền khoe khoang
brain blast,sáng tạo
brain bucket,mũ bảo hiểm
brain candy,thức ăn cho não
brain drain,chảy máu chất xám
brain surgeon,bác sĩ phẫu thuật não
brain surgery,phẫu thuật não
branch off,rẽ nhánh
branch out,mở rộng
brass ceiling,trần đồng
brass farthing,đồng xu bằng đồng
brass it out,chịu đựng
brass monkey,con khỉ đồng
brass monkeys,khỉ đồng
brass neck,tự tin thái quá
brass off,cởi đồ đồng
brass out,khoe khoang
brass up,khoe khoang
brassed off,bực mình
brave new world,thế giới mới tươi đẹp
brave out,vượt qua
Bravo Zulu,Tuyệt vời
brazen out,tỏ ra ngông cuồng
bread and butter,bánh mì và bơ
bread and circuses,ánh sáng và trò tiêu khiển
bread of life,bánh mì sự sống
breadcrumb up,lên trên
break a leg,Chúc may mắn
break a sweat,đổ mồ hôi
break apart,tan rã
break away,rời bỏ
break back,gãy lưng
break cover,thoát ra
break down,phá hủy
break even,vừa đủ hòa
break from,nghỉ giải lao
break gates,phá cổng
break in,xâm nhập
break into,xâm nhập
break into a run,chạy nhanh
break it down,chia nhỏ
break it to,thông báo
break new ground,khai phá những điều mới
break off,nghỉ việc
break on,tạm nghỉ
break one off,vỡ ra
break one's back,gánh nặng
break one's chops,khoe giọng
break one's duck,mất mặt
break one's heart,làm tan tim
break one's lance,phá kèn
break one's neck,gãy cổ
break one's promise,phá lời hứa
break out,bùng phát
break ranks,phá hàng ngũ
break reality,phá vỡ thực tại
break someone's back,làm gãy lưng ai đó
break someone's face,đấm vào mặt ai đó
break someone's heart,làm tan tim ai đó
break the back of,vượt qua khó khăn lớn nhất
break the bank,vượt quá khả năng tài chính
break the buck,vượt qua khó khăn
break the cycle,phá vỡ chuỗi
break the deadlock,phá vỡ thế bế tắc
break the fourth wall,phá vỡ bức tường thứ tư
break the ice,phá băng
break the Internet,gây bão mạng
break the mold,phá vỡ khuôn mẫu
break the Sabbath,phá vỡ ngày nghỉ
break the seal,phá niêm phong
break the story,chia sẻ câu chuyện
break the wheel,phá vòng luẩn quẩn
break through,phá vỡ
break up,chia tay
break wind,xì hơi
break with,chia tay với
breast down,úp mặt
breast up,ngực nở
breath and britches,thở và quần
breath of fresh air,cơn gió mới
breathe a sigh of relief,thở phào
breathe a word,nói một lời
breathe down someone's neck,dồn ép ai
breathe easy,thở phào
breathe in,hít vào
breathe life into something,thổi hồn vào
breathe new life into something,thổi hồn vào
breathe one's last,ra đi
breathe out,thở ra
breathe upon,thở vào
breed in the bone,chất lượng tốt bẩm sinh
breed up,nuôi giống
breeze off,thoát khỏi
breeze past,vượt qua nhanh chóng
breeze through,hoàn thành dễ dàng
breeze up,thổi lên
brevity is the soul of wit,Súc tích là linh hồn của sự thông minh
brew up,nấu lên
brick in,gạch
brick in one's hat,đặt gạch lên mũ
brick off,tháo gạch
brick over,che bằng gạch
brick up,trát gạch
bricks and mortar,tường gạch
bridge over troubled waters,cầu nối vượt qua khó khăn
bridge the gap,cầu nối khoảng cách
bridge up,nâng cầu
bridle up,kìm hãm
brief against,phản đối
bright and early,sáng sớm
bright lights,ánh sáng rực rỡ
bright line,ranh giới rõ ràng
bright side,mặt tốt đẹp
bright spark,tài năng
bright young thing,người trẻ tài năng
bright-eyed and bushy-tailed,tinh nghịch và tràn đầy năng lượng
bright-line rule,quy tắc rõ ràng
brighten up,làm tươi sáng
brim over,tràn ra
bring a knife to a gunfight,đến một trận chiến mà chỉ có vũ khí hạng…
bring a lump to someone's throat,nghẹn ngào
bring about,thúc đẩy
bring along,mang theo
bring around,thuyết phục
bring away,mang đi
bring back,mang lại
bring back to life,hồi sinh
bring down,hạ xuống
bring down on,gây ra
bring down the curtain,hạ màn
bring down the hammer,ra tay trừng phạt
bring down the house,gây ấn tượng sâu sắc
bring forth,mang lại
bring forward,đưa lên
bring home,mang về
bring home the bacon,kiếm sống
bring in,mang đến
bring it weak,Hãy thể hiện sự yếu đuối
bring off,thành công
bring on,kích hoạt
bring one's arse to an anchor,đến nơi neo đậu
bring one's own hide to market,tự mình tìm cách giải quyết vấn đề
bring oneself away,tự giải thoát
bring oneself to,tự nhủ
bring out,khai thác
bring out in a rash,gây ra mẩn ngứa
bring out of oneself,khai thác tiềm năng
bring over,mang đến
bring owls to Athens,mang cú đến Athens
bring round,rước đi
bring someone to their knees,đánh gục ai đó
bring through,vượt qua
bring to,mang đến
bring to an end,kết thúc
bring to bear,áp dụng
bring to heel,kiểm soát
bring to justice,xét xử
bring to life,thức tỉnh
bring to light,khai sáng
bring to nought,phá hủy
bring to the hammer,đưa đến búa
bring to the table,đóng góp
bring together,gặp gỡ
bring under,đưa vào
bring up,nuôi dạy
bring up against,khởi tố
bring up the rear,đi cuối hàng
bring up to,nâng cấp
bring upon,gây ra
bring with,mang theo
brisk up,tươi tỉnh
bristle up,cứng đờ
bro down,ngã xuống
bro out,chia tay
broach to,đề cập đến
broad and shallow,rộng và nông
broad brush,tóm tắt
broad in the beam,rộng ngang
broad shoulders,vai rộng
broad strokes,những nét chính
broaden one's horizons,mở rộng tầm nhìn
broaden someone's horizons,mở rộng tầm nhìn
broil up,nướng
broken arrow,mũi tên gãy
broken heart,tan vỡ trái tim
broken hearted,tan vỡ trái tim
broken home,gia đình tan vỡ
broken man,người đàn ông thất vọng
broken record,băng đĩa bị hỏng
broken reed,cây sậy gãy
broken vessel,tàu hỏng
Bronx cheer,Tiếng huýt sáo chế nhạo
bronze up,tanning
brood above,ấp trứng trên
broom up,quét
bros before hoes,Bạn bè trước hết
bros before hos,Bạn bè trước tình yêu
brother from another mother,anh em thân thiết
brown bag,túi giấy màu nâu
brown bread,bánh mì đen
brown noser,nịnh bợ
brown out,mất điện tạm thời
brown power,sức mạnh của người da màu
brown study,suy nghĩ sâu sắc
brown thumb,chết cây
brown up,nâu lên
browned off,buồn chán
Brownian motion,Chuyển động Brown
brownie point,điểm cộng
bruise up,bầm tím
brush aside,gạt bỏ
brush away,làm sạch
brush back,chải ngược
brush by,vuốt nhẹ
brush down,chải
brush off,làm ngơ
brush out,chải
brush over,lướt qua
brush past,chạm nhẹ qua
brush up,củng cố
brush up to,củng cố
bubble in,bong bóng
bubble over,tràn ra
bubble under,dưới bong bóng
bubble up,bốc lên
buck down,ngồi xuống
buck fever,cảm giác hồi hộp khi đối mặt với thử thá…
buck for,đổi lấy
buck in,cài vào
buck off,đuổi
buck out,bỏ việc
buck the trend,đi ngược xu hướng
buck up,Hãy mạnh mẽ lên
buck up one's ideas,ủng hộ ý tưởng
buck up to,chịu đựng
bucket about,về xô
bucket down,xô xuống
bucket list,danh sách những điều muốn làm trước khi …
bucket of bolts,xe cũ kỹ
bucket of rust,xô rỉ sét
bucket of syrup,xô siro
buckle down,chăm chỉ
buckle in,thắt dây an toàn
buckle over,gập người xuống
buckle to,tuân thủ
buckle under,chịu không nổi
buckle up,thắt dây an toàn
Buckley's and none,Buckley's và không có gì
Buckley's chance,Cơ hội rất nhỏ
bud off,nảy chồi
bud out,nảy chồi
bud up,nảy chồi
buddy up,hợp tác
budge up,nhích lại một chút
buff down,giảm sức mạnh
buff nor stye,sưng mắt
buff out,đánh bóng
buff the muffin,chà cái bánh
buff up,tăng cường
buffer up,tăng cường
buffing the muffin,đánh bóng bánh ngọt
bug down,nghỉ ngơi
bug in,lỗi
bug off,Im đi
bug out,bỏ chạy
bug storm,bão côn trùng
bug up,làm phiền
bugger about,làm phiền
bugger around,tinh nghịch
bugger off,Biến đi
bugger up,phá hoại
buggerise about,chọc phá
Buggins's turn,Đến lượt của Buggins
build a better mousetrap,cải tiến bẫy chuột
build a case,xây dựng luận điểm
build bridges,xây cầu
build castles in the air,mộng tưởng
build character,xây dựng tính cách
build down,xây dựng xuống
build in,tích hợp
build into,tích hợp vào
build on,xây dựng trên
build on sand,xây trên cát
build out,mở rộng
build the plane while flying it,xây dựng máy bay khi đang bay
build up,xây dựng
build upon,xây dựng trên
built different,khác biệt
built like a brick outhouse,mập mạp chắc nịch
built like a brick shipyard,khỏe như cường tinh
built like a brick shithouse,khỏe như voi
bulk billing,miễn phí khám chữa bệnh
bulk out,phát triển
bulk up,tăng cân
bull in a china shop,người vụng về
bull session,buổi trò chuyện thân mật
bull up,khỏe mạnh
bully off,đe dọa
bum around,dành thời gian rảnh
bum out,buồn chán
bum rap,vu oan
bum rush,áp sát
bum steer,lừa đảo
bum's rush,đuổi khẩn cấp
bumble along,di chuyển chậm chạp
bump across,gặp phải
bump and grind,chà xát
bump and jump,va chạm và nhảy
bump down,hạ xuống
bump in the road,chướng ngại vật
bump into,gặp
bump off,loại bỏ
bump on,mụn
bump up,nâng cấp
bumper crop,mùa bội thu
bun fight,tranh giành
bunch in,vào trong
bunch together,xếp thành nhóm
bunch up,xúm lại
bundle of energy,năng lượng dồi dào
bundle of joy,niềm vui vô bờ bến
bundle of laughs,buồn cười lắm
bundle of nerves,tổn thương thần kinh
bundle off,gói rời
bundle together,gói lại
bundle up,mặc ấm
bundy off,tắt máy
bundy on,tắt máy
bung it on,thực hiện thành công
bung on,phình to
bung out,phát ra
bung up,làm hỏng
bunk down,ngủ tạm
bunk in,ngủ trên giường tầng
bunk into,va vào
bunk off,trốn học
bunk out,ngủ dậy
bunk together,ngủ chung
bunk up,ngủ chung phòng
bunker out,dọn dẹp
bunker up,chuyển vào hầm trú ẩn
bunny hop,nhảy như thỏ
bunny hug,ôm ếch
buoy up,nâng lên
buried treasure,kho báu chôn giấu
burn a hole in someone's pocket,làm rỗng ví
burn away,cháy sạch
burn bread,cháy bánh mì
burn daylight,lãng phí thời gian
burn down,cháy rụi
burn in,cháy
burn off,đốt cháy
burn one down,đốt cháy
burn one's boats,phá bỏ đường lui
burn one's bridges,phá bỏ mọi liên hệ
burn one's fingers,gây ra hậu quả không mong muốn
burn out,kiệt sức
burn rubber,phanh gấp
burn someone's ears,làm xôn xao
burn the candle at both ends,kiệt sức
burn the midnight oil,đốt đèn dầu đến nửa đêm
burn the roof,đốt mái nhà
burn through,hao hết
burn time,thời gian đốt
burn up,cháy hết
burning question,câu hỏi quan trọng
burr in one's saddle,ngứa ngáy
burst forth,bùng nổ
burst in,bùng nổ
burst into,bùng nổ
burst into tears,khóc nức nở
burst out,bùng nổ
burst out laughing,cười phá lên
burst someone's bubble,phá vỡ ảo tưởng
burst up,phá vỡ
bury one's head in the sand,đóng mắt làm ngơ
bury the hatchet,gác bút
bury the lede,che giấu thông tin quan trọng
bus plunge,xe buýt rơi
bush league,chuyên nghiệp kém
bush out,phát triển
bush telegraph,tin đồn lan truyền
business as usual,bình thường
business before pleasure,công việc trước sở thích
business end,phần quan trọng
business girl,cô gái làm ăn
business is business,công việc là công việc
busman's holiday,nghỉ phép của nhân viên xe buýt
buss down,phá sản
buss it down,quẩy tung nóc nhà
bust a cap,bắn súng
bust a move,nhảy múa
bust a nut,tự nhục
bust a U,rẽ trái
bust around,đi dạo
bust ass,cố gắng hết sức
bust chops,nói nhiều
bust down,phá sản
bust in,xâm nhập
bust into,xâm nhập
bust it down,phá vỡ nó
bust off,nổ tung
bust on,busted
bust one's balls,cố gắng hết sức
bust one's butt,cố gắng hết sức
bust one's chops,cười nhạo
bust out,bùng nổ
bust the dust,dọn dẹp bụi
bust up,phá vỡ
busted flush,ván bài dở
busy around,bận rộn
busy as a bee,bận rộn như ong
busy as a nailer,bận rộn như kiến bò trên tường
busy work,công việc bận rộn
but for,nhưng mà
but for the grace of God,Nhờ ân sủng của Chúa
but good,nhưng tốt
but me no buts,nhưng còn tôi không có gì để nói
but seriously folks,nhưng nói thật
but who's counting,nhưng ai mà quan tâm
butch up,thực dụng
butcher's bill,hóa đơn của lò mổ
butcher's thumb,ngón tay của thợ mổ thịt
butt heads,tranh cãi
butt in,xâm phạm
butt out,im lặng đi
butt up,đụng vào
butter down,bơ
butter face,mặt ngốc
butter one's bread on both sides,nướng bánh mì cả hai mặt
butter out,bơ
butter the cony,bơ
butter up,nịnh bợ
butter won't melt in someone's mouth,ai cũng biết là không thật
butter wouldn't melt in someone's mouth,ai cũng khen ngợi quá mức
butterfly upon a wheel,côn trùng trên bánh xe
button nose,mũi tròn
button one's lip,cắn môi
button pusher,người bấm nút
button through,xuyên qua
button up,cài cúc
buy a dog and bark oneself,mua chó mà tự sủa
buy a ticket to,mua vé đến
buy and hold,mua và giữ
buy back,mua lại
buy down,giảm giá
buy in,mua vào
buy into,mua vào
buy it,mua nó
buy nice or buy twice,mua tốt một lần đừng mua lại nhiều lần
buy off,hối lộ
buy off on,mua chuộc
buy out,mua lại
buy out from under,mua lại một cách bất ngờ
buy over,mua lại
buy straw hats in winter,mua mũ cói vào mùa đông
buy the farm,chết
buy the rights,mua quyền
buy the rumor,mua theo tin đồn
buy the same horse twice,mua lại con ngựa đó
buy time,mua thời gian
buy to let,mua để cho thuê
buy up,mua hết
buy yourself a hat,mua một chiếc mũ cho bạn
buyer beware,cẩn thận khi mua
buzz about,tiếng xôn xao
buzz in,tiếng vo ve
buzz off,biến đi
buzz up,tăng độ phổ biến
buzzin' dozen,một tá ong
by a hair's breadth,chênh lệch rất nhỏ
by a landslide,dễ dàng
by a long chalk,vô cùng
by a long shot,từ xa
by a long way,vô cùng
by a time,vào một thời điểm
by a whisker,tính mạng
by accident,vô tình
by all accounts,theo tất cả các nguồn
by all appearances,dường như
by all means,tất nhiên rồi
by all reports,theo tất cả các báo cáo
by an eyelash,chỉ bằng một sợi lông mi
by and large,nói chung
by any chance,nếu có thể
by any means,bằng mọi cách
by any measure,theo bất kỳ tiêu chuẩn nào
by any stretch,dù thế nào đi nữa
by any stretch of the imagination,dù thế nào đi nữa
by blood,qua dòng máu
by chalks,bằng phấn
by chance,tình cờ
by cock,bằng gà trống
by cock and pie,tôi thề
by committee,bởi ủy ban
by comparison,so với
by contrast,ngược lại
by crumbs,bằng những vụn bánh
by crums,bởi crumbs
by day,ban ngày
by default,mặc định
by definition,theo định nghĩa
by degrees,từng bậc
by design,theo thiết kế
by dint of,bởi vì
by ear,bằng tai
by extension,theo nghĩa mở rộng
by eye,bằng mắt
by fair means or foul,bằng mọi cách
by far,tuyệt đối
by far and away,vượt trội hơn hẳn
by foot,đi bộ
by George,của George
by God,thành thật mà nói
by guess or by gosh,bằng trực giác
by gum,chao ơi
by gummy,bởi gummy
by half,bằng một nửa
by halves,một nửa
by hand,bằng tay
by heart,thuộc lòng
by hell,chết tiệt
by hook and by crook,bằng mọi giá
by hook or by crook,bằng mọi giá
by hook or crook,bằng mọi giá
by inches,từng chút một
by leaps and starts,từng bước từng bước
by little and little,dần dần
by means of,thông qua
by mistake,bất cẩn
by name,tên
by nature,bẩm sinh
by night,ban đêm
by no manner of means,bằng bất kỳ cách nào
by no means,hoàn toàn không
by no stretch,hoàn toàn không
by no stretch of imagination,dù có tưởng tượng đến đâu
by no stretch of the imagination,dù thế nào đi nữa
by numbers,theo số
by one's lights,tốt nhất có thể
by one's lonesome,một mình
by one's own hand,bởi chính tay mình
by owner,của chủ nhà
by rail,bằng đường sắt
by reason of,vì
by return mail,bằng đường bưu điện trả lại
by return of post,bằng đường bưu điện
by right,theo đúng quyền
by right of,theo quyền
by rights,về mặt lý thuyết
by sail,bằng thuyền buồm
by sight,bằng mắt
by some distance,với khoảng cách đáng kể
by starts and leaps,bước đầu và những bước nhảy
by steam,bằng hơi
by the book,theo đúng quy trình
by the bye,nhân tiện
by the day,theo ngày
by the ears,bằng tai
by the eye,bằng mắt
by the Grace of Allah,Nhờ ân sủng của Allah
by the Grace of God,Nhờ ân sủng của Chúa
by the holy poker,bởi sự thánh thiện
by the immortal powers,bởi những sức mạnh vĩnh cửu
by the job,theo công việc
by the lay,bởi người không chuyên
by the minute,từng phút từng giây
by the moment,tại thời điểm đó
by the name of,tên là
by the numbers,theo đúng quy trình
by the piece,theo đơn vị
by the rood,bởi vì
by the same token,với điều tương tự
by the score,theo số lượng
by the skin of one's teeth,may mắn sống sót
by the sound of it,dựa vào những gì nghe được
by the strong hand,bằng sức mạnh
by the ton,theo tấn
by the way,tuy nhiên
by the way of,qua đường
by trade,theo nghề nghiệp
by turns,luân phiên
by vice of,do lỗi
by virtue of,nhờ vào
by way of,thông qua
by way of example,ví dụ
by wire,qua điện báo
by your leave,xin phép
c'est la vie,Đời là thế
cable up,kéo cáp
cack on,bật đèn
cack up,cười phá lên
Cadillac problem,Vấn đề của Cadillac
Caesar's wife must be above suspicion,Vợ của Caesar phải luôn giữ gìn thanh da…
caf up,cập nhật
caffeine up,tăng cường caffeine
cake and gingerbread,bánh ngọt và bánh gừng
cake crumbs,bánh vụn
cake up,trang điểm đậm
cake walk,đi bộ trên bánh xe
cakes and ale,bánh và bia
calculate out,tính toán
Cali or bust,Hoặc đến Cali hoặc thất bại
call a lid,đậy nắp
call a shovel a shovel,nói thật
call a spade a spade,nói thật
call ahead,liên hệ trước
call an ambulance,gọi xe cấp cứu
call an audible,hủy một pha ghi điểm
call around,hỏi thăm
call away,đi vắng
call back,gọi lại
call down,mắng chửi
call for,kêu gọi
call forth,kêu gọi
call in,gọi điện thoại
call it,Gọi nó là
call it a day,nghỉ việc
call it a night,ngủ ngon
call it an early night,đi ngủ sớm
call it as one sees it,nói thật
call it quits,dừng lại
call it stumps,dừng lại
call off,hủy bỏ
call off the dogs,dừng việc truy đuổi
call on,kêu gọi
call out,kêu gọi
call over,mời đến
call roll,điểm danh
call round,ghé thăm
call someone's bluff,thách thức ai đó
call someone's number,gọi số của ai đó
call the ball,bốc bóng
call the fire brigade,gọi lính cứu hỏa
call the fire department,gọi cứu hỏa
call the police,gọi cảnh sát
call the shots,quyết định
call time on something,dừng lại
call to,gọi điện thoại
call to account,yêu cầu giải trình
call to the bar,kêu gọi ngành luật
call together,tập hợp
call up,gọi điện
call upon,kêu gọi
calm before the storm,cơn giông bão ập đến
calm down,hạ hỏa
calm the farm,hạ nhiệt
calm your farm,Hãy bình tĩnh
cam out,xuất hiện
camel's nose,lông lạc đà
cammy up,Cammy lên
camo up,xuất hiện
camp as a row of tents,trại như một dãy lều
camp down,cắm trại
camp it up,diễn kịch
camp out,cắm trại
camp out on,đóng trại tại
can a duck,vịt có thể
can a duck swim,vịt có thể bơi được không
can of corn,hộp ngô
can of worms,rắc rối
can we say,chúng ta có thể nói
can you not,không được
can't be arsed,không muốn
can't complain,không có gì để phàn nàn
can't do right for doing wrong,cố gắng làm điều tốt lại bị hiểu lầm
can't get enough,không thể đủ
can't help,không thể giúp
can't keep one's eyes off somebody,không thể rời mắt khỏi ai đó
can't keep one's eyes off something,không thể rời mắt khỏi
can't lie,không thể nói dối
can't stand,không chịu nổi
can't stand the sight of,không thể chịu nổi khi nhìn thấy
can't take one's eyes off somebody,không thể rời mắt khỏi ai đó
can't take one's eyes off something,không thể rời mắt khỏi
can't wait,không thể chờ đợi
canary fit,vá vừa
canary in a coal mine,chim báo hiệu
cancel out,hủy bỏ
cancel someone's Christmas,hủy giáng sinh của ai đó
candle in the wind,ngọn nến trong gió
cannot away with,không thể bỏ qua
cannot make it,không thể đến được
cap in hand,trong tình trạng khó khăn
cap it all off,kết thúc mọi chuyện
cap it off,hoàn thành
cap off,ngắt kết nối
cap on,nắp
cap over the windmill,nắp trên cối xay gió
cap up,nắp chai
captain's pick,lựa chọn của đội trưởng
carb up,tăng cường carbohydrate
carbon burning,đốt carbon
carbonated water,nước có ga
card of ten,lá số mười
care a button,chăm sóc cúc áo
care a jackstraw,chăm sóc một người bị bệnh nặng
care a whit,quan tâm
care for,quan tâm đến
care killed a cat,Quá cẩn thận có thể gây hại
care killed the cat,Quá cẩn thận có thể gây hại
care of,chăm sóc
care package,gói quà
careful what you wish for,cẩn thận với những gì bạn ước
carpe diem,tận hưởng cuộc sống
carriage forward,chuyển về phía trước
carriage trade,thương mại cao cấp
carried away,mất kiểm soát
carrot and stick,cây gậy và củ cà rốt
carry a torch,cầm đuốc
carry away,mang đi
carry coals to Newcastle,mang than đến Newcastle
carry forward,tiếp tục
carry me out,Đưa tôi ra ngoài
carry off,thực hiện thành công
carry on,tiếp tục
carry one's weight,chịu trách nhiệm
carry oneself,cư xử
carry out,thực hiện
carry over,chuyển tiếp
carry someone's water,che chở cho ai
carry the ball,chở bóng
carry the can,chịu trách nhiệm
carry the mail,chuyển thư
carry the message to Garcia,chuyển đạt thông điệp đến Garcia
carry through,hoàn thành
carry up,mang lên
carry water for,chở nước cho
cart away,vận chuyển đi
cart off,khởi hành
carve out,khắc
carve up,cắt xẻ
carved in stone,khắc trên đá
case closed,vụ việc đã kết thúc
case out,kiểm tra
case the joint,bôi trơn khớp
case up,đóng lại
cash for crash,bồi thường tai nạn
cash in,rút tiền
cash in one's chips,dừng cuộc chơi
cash is king,tiền mặt là trên hết
cash on the barrelhead,trả tiền ngay
cash out,rút tiền
cash up,kiểm kê tiền
cashed up,giàu có
cast a chill,làm lạnh
cast a shadow,tạo bóng
cast about,nhìn xung quanh
cast around,tìm kiếm
cast aside,bỏ đi
cast aspersions,xúc phạm
cast away,ném bỏ
cast back,ném lại
cast down,hạ gục
cast in concrete,đổ bê tông
cast in someone's teeth,đúc răng
cast loose,thả
cast of thousands,dàn diễn viên đông đảo
cast off,vứt bỏ
cast on,bỏng
cast one's bread upon the waters,gieo hạt giống
cast one's mind back,nhớ lại
cast one's net wide,mở rộng phạm vi
cast one's vote,bỏ phiếu
cast out,đuổi ra
cast over,phủ lên
cast pearls before swine,nói những điều quý giá với những người k…
cast round,phân phối đều
cast snowballs,ném bóng tuyết
cast the first stone,ném đá người đầu tiên
cast up,nôn mửa
cast up one's accounts,kiểm kê sổ sách
castle in the air,lâu đài trên không
cat and dog life,cuộc sống của mèo và chó
cat around,lén lút
cat got someone's tongue,ai cướp lời của ai
cat in the meal-tub,mèo trong thùng đựng thức ăn
cat in the sack,mèo trong bao
cat piss,nước tiểu mèo
cat that ate the canary,con mèo ăn chim hoàng yến
cat's cradle,nhảy dây
cat's meow,Tuyệt vời
catbird seat,vị trí thuận lợi
catch a body,bắt giữ xác chết
catch a break,thở phào
catch a case,bị bắt
catch a cold,bị cảm lạnh
catch a date,hẹn hò
catch a fade,bị đánh
catch a falling knife,bắt dao rơi
catch a packet,bắt một gói
catch a stray,bắt một con vật hoang
catch a wave,bắt sóng
catch air,bắt gió
catch as catch can,chộp giật
catch big air,nhảy cao
catch dust,bám bụi
catch feelings,yêu đương
catch fire,bốc cháy
catch flies,bắt ruồi
catch hands,bắt tay
catch heat,gây tranh cãi
catch hell,bị mắng nhiếc
catch it,bắt nó
catch napping,ngủ gật
catch no ball,bắt trượt bóng
catch no balls,bắt không được bóng
catch of the day,món đặc biệt hôm nay
catch on,hiểu
catch one's breath,hít thở sâu
catch one's death,mắc bệnh nặng
catch oneself on,nhận ra
catch out,bắt quả tang
catch red-handed,bắt tại chỗ
catch sight of,nhìn thấy
catch some rays,tắm nắng
catch some z's,ngủ ngon giấc
catch someone napping,bắt gặp ai đó đang ngủ gật
catch someone's drift,hiểu ý của ai đó
catch someone's eye,thu hút sự chú ý
catch the eye,thu hút sự chú ý
catch the sun,tắm nắng
catch up,bắt kịp
catch wind of something,nghe được thông tin gì đó
catch you later,gặp lại sau
catch you on the flip side,hẹn gặp lại
cattle call,tuyển chọn số lượng lớn
cattle up,dẫn gia súc lên
caucus race,đua chạy vòng
caught between two stools,ở giữa hai lựa chọn
caught short,bất ngờ
caught up,bị cuốn vào
caught with one's pants down,bất ngờ bị phát hiện
caulk off,trát vữa
cause a stir,gây xôn xao
cause and effect,nguyên nhân và kết quả
caution - slippery when wet,cẩn thận - trơn khi ướt
cautionary tale,câu chuyện cảnh báo
cave in,sụp đổ
cave out,khoét sâu
caveat emptor,người mua nên tự chịu trách nhiệm
caveat lector,cảnh báo cho người đọc
caviar to the general,gửi trứng cá đến tướng
cede the field,nhường sân
cell up,tăng số lượng tế bào
Celtic curse,Lời nguyền của người Celt
cement together,kết dính
center field,phòng thủ giữa sân
center part,phần trung tâm
Centrelink time,Thời gian của Centrelink
cerebrally challenged,khuyết tật trí tuệ
chacun a son gout,Mỗi người có một sở thích
chain up,xích lại
chair up,ngồi lên
chalk against,chống lại phấn
chalk and cheese,khác nhau hoàn toàn
chalk and talk,giảng bài
chalk down,ghi chú
chalk it down,ghi lại
chalk off,bỏ qua
chalk out,phác thảo
chalk something up to experience,coi như một kinh nghiệm
chalk talk,thảo luận chuyên môn
chalk up,ghi lại
chalk up to,đổ lỗi cho
champ down on,cắn chặt
champ up,khuyến khích
champagne taste on a beer budget,muốn sống như vua nhưng tiền lại ít như …
chance on,cơ hội
chance upon,gặp gỡ
chance would be a fine thing,thật tuyệt vời nếu điều đó xảy ra
chance'd be a fine thing,thật tuyệt nếu điều đó xảy ra
chances are,khả năng là
change around,thay đổi
change collars,thay cổ áo
change down,giảm xuống
change hands,thay chủ
change horses in midstream,thay đổi kế hoạch khi đang thực hiện
change of clothes,quần áo dự phòng
change of heart,thay đổi ý định
change of life,thay đổi cuộc đời
change of pace,sự thay đổi nhịp độ
change of scenery,thay đổi không gian
change of tack,thay đổi hướng đi
change one's battery,thay pin
change one's mind,thay đổi ý định
change one's story,thay đổi câu chuyện
change one's tune,thay đổi ý kiến
change out,thay đổi
change over,thay đổi
change someone's mind,thay đổi suy nghĩ của ai đó
change the channel,Đổi kênh
change the game,thay đổi luật chơi
change up,thay đổi
change with the times,thay đổi theo thời đại
chaotic neutral,trung lập hỗn loạn
Chap laps,Quần đùi
chapter out,chương mới
char up,tăng độ nổi
character assassination,phá hoại danh tiếng
charge down,xâm lược
charge off,xóa nợ
charge up,sạc đầy
charity begins at home,ân cần giúp đỡ bắt đầu từ gia đình
charity mugger,kẻ cướp trá hình làm từ thiện
charley horse,cơn chuột rút
charm offensive,chiến dịch quyến rũ
charm the birds from the trees,thu hút sự chú ý của mọi người
charm up,thêm sự quyến rũ
charmed life,cuộc đời hạnh phúc viên mãn
chase a rainbow,đuổi theo cầu vồng
chase after,đuổi theo
chase away,đuổi đi
chase down,đuổi theo
chase off,đuổi đi
chase one's tail,đuổi theo đuôi mình
chase rainbows,tìm kiếm điều không thể
chase tail,tán tỉnh
chase the ace,đuổi theo át
chase the dragon,rượt đuổi theo ảo ảnh
chase up,bắt kịp
chat away,trò chuyện vui vẻ
chat up,tán tỉnh
chaw up,nhai
che sara sara,chuyện gì sẽ đến sẽ đến
che sera sera,mai sẽ đến
cheap and cheerful,rẻ và vui
cheap at half the price,rẻ hơn rất nhiều so với giá ban đầu
cheap drunk,say rượu
cheap out,keo kiệt
cheap thrill,Niềm vui nhỏ nhặt
cheap-arse Tuesday,Thứ Ba tiết kiệm
cheapen out,tiết kiệm
cheaper by the dozen,rẻ hơn khi mua nhiều
cheat on,gian lận
cheat out,gian lận
cheat out of,lừa gạt
cheat sheet,tài liệu tham khảo nhanh
cheaters never prosper,Kẻ gian dối không bao giờ thành công
cheats never prosper,Gian lận không bao giờ mang lại thành cô…
check and balance,kiểm soát và cân bằng
check in,nhận phòng
check in on,kiểm tra tình hình
check in with oneself,kiểm tra bản thân
check into,nhận phòng
check is in the mail,lệ phiếu đã được gửi qua đường bưu điện
check off,đánh dấu
check on,kiểm tra
check out,khám phá
check over,kiểm tra
check the math,kiểm tra phép tính
check through,kiểm tra
check up,khám sức khỏe
check up on,kiểm tra
check you out,xem bạn
check your privilege,kiểm tra đặc quyền của bạn
check yourself before you wreck yourself,Hãy tự kiểm tra bản thân trước khi gây r…
checks play,kiểm tra và chơi
checkup from the neck up,khám từ cổ trở lên
cheek by jowl,cạnh nhau
cheek for chowl,mặt dày
cheek it out,xem thử
cheek it through,kiểm tra
cheek up,khoe mẽ
cheek up to,tỏ ra dũng cảm
cheeky monkey,con khỉ tinh nghịch
cheer on,khuyến khích
cheer up,vui lên
cheers my dears,kính các bạn
cheese down,hạ phím
cheese it,biến đi
cheese off,tắt tiếng
cheese out,khoe khoang
cheese tax,thuế phô mai
cheese up,làm vui
cheesed off,bực mình
chef up,nấu ăn
chemically imbalanced,mất cân bằng hóa học
chemically impaired,bị ảnh hưởng bởi hóa chất
chemically inconvenienced,khó chịu về mặt hóa học
cherry on top,viên kẹo trên đầu bánh
chess piece,quân cờ
chest down,hạ thấp ngực
chest up,từ ngực trở lên
chesterfield rugby,Đội bóng chải lông Chesterfield
chew off,nhai bỏ
chew on,nhai
chew out,mắng mỏ
chew over,cân nhắc
chew the cud,nhai cỏ
chew the scenery,diễn sâu
chew up,nhai
chick with a dick,gái có bạn trai
chicken feed,thức ăn cho gà
Chicken Licken,Cậu bé gà
chicken out,hèn nhát
chicken scratch,chữ nguệch ngoạc
chicks before dicks,ưu tiên sự phát triển trước khi sinh sản
child's play,việc dễ như ăn kẹo
chill it with,hãy bình tĩnh với
chill out,thư giãn
chill to the bone,lạnh đến tận xương
chillin' like a villain,thư giãn như một kẻ ác
chilly climate,khí hậu lạnh giá
chime in,bình luận
chime up,tiếng chuông reo
chimney's afire,Lò sưởi bị cháy
chimp out,hành động như loài khỉ
chin up,cố lên
China syndrome,Hội chứng Trung Quốc
China's final warning,Cảnh báo cuối cùng của Trung Quốc
Chinaman on one's back,Gánh nặng trên vai
Chinaman's chance,Cơ hội rất nhỏ
Chinese compliment,Lời khen của người Trung Quốc
Chinese green,xanh lục
Chinese overtime,làm thêm giờ của người Trung Quốc
Chinese puzzle,Đồ chơi xếp hình Trung Quốc
Chinese Wall,Tường chắn gió
Chinese water torture,tra tấn bằng nước
chink in the armor,điểm yếu
chink up,lấp đầy
chip and charge,sạc và nạp năng lượng
chip at,cười nhạo
chip away,mài mòn
chip in,đóng góp
chip into,cắt thành miếng nhỏ
chip off the old block,giống bố
chip on one's shoulder,cái hận
chip shot,pha đánh ngắn
chip up,khuyến khích
chipper up,vui lên
chirk up,làm vui vẻ hơn
chisel in,chạm khắc
chisel out,đục khoét
chisel up,khắc
chocolate teapot,ấm trà làm bằng sô cô la
choke back,nuốt nước mắt
choke down,nuốt xuống
choke off,ngăn chặn
choke on,ngạt
choke out,ngạt
choke the chicken,bóp cổ gà
choke up,nghẹn cổ
chomp at the bit,hăm hở
chomp down on,cắn
chonk up,mập lên
choose one's fighter,chọn người bảo vệ
choose out,chọn ra
choose up,chọn
choose violence,chọn bạo lực
chop and change,thay đổi liên tục
chop and drop,cắt và bỏ
chop down,cưa đổ
chop it up,cắt nhỏ
chop off,cắt bỏ
chop out,cắt bỏ
chop up,thái nhỏ
chopped liver,gan gà thái
chow down,ăn ngon lành
Christmas came early,Giáng sinh đến sớm
Christmas come early,Giáng sinh đến sớm
Christmas comes but once a year,Giáng sinh chỉ đến một lần mỗi năm
Christmas comes early,Giáng sinh đến sớm
Christmas graduate,tốt nghiệp dịp Giáng sinh
Christmas is coming,Giáng sinh đến rồi
Christmas tree bill,Hóa đơn cây thông Noel
chrome dome,đầu trọc
chrome horn,kèn crom
chub up,mặt tròn
chuck away,vứt bỏ
chuck down,ném xuống
chuck in,ném
chuck it,bỏ đi
chuck it down,ném bỏ
chuck it in,bỏ đi
chuck it up,ném đi
chuck off,ném đi
chuck out,ném đi
chuck over,ném đi
chuck up,nôn
chug away,uống liên tục
chum in,bạn thân
chum in the water,bơi cùng nhau
chum up,quấn quýt
chump change,tiền lẻ
chump off,cắt bỏ
churn and burn,làm việc hết sức
churn out,sản xuất
churn up,khuấy động
ciao bella,xin chào đẹp gái
circle back,quay lại
circle gets the square,hình tròn bao quanh hình vuông
circle in,vẽ tròn
circle out,khoanh tròn
circle the drain,chảy xuống cống
circle the wagons,vây quanh bảo vệ
circle up,xếp thành vòng
circuit slugger,người chơi giỏi trong giải đua xe
circular file,thư đi vòng
circular firing squad,đội bắn vòng tròn
citation needed,cần dẫn chứng
civil tongue,lịch sự
clabber up,đông lại
claim someone's life,cướp đi mạng sống của ai đó
claim to fame,điều nổi tiếng nhất
clam up,im lặng
clamp down on,siết chặt
clamp off,ngăn chặn
clap back,phản bác
clap eyes on,nhìn thấy
clap in,vỗ tay vào
clap on,vỗ tay
clap one's hands red,vỗ tay đến mức đỏ rát
clap out,vỗ tay
clap together,vỗ tay
clap up,vỗ tay
clash of the ash,tranh chấp tro bụi
class clown,người hài
class up,nâng cấp
claw away,cào đi
claw back,thu hồi
claw off,cào
clay up,nặn đất
clean as a bean,sạch bong
clean as a hound's tooth,sạch sẽ
clean as a whistle,sạch sẽ tinh tươm
clean break,chia tay hẳn
clean down,dọn dẹp
clean hands,tay sạch
clean money,tiền sạch
clean off,làm sạch
clean out,dọn dẹp
clean someone's clock,đánh bại hoàn toàn
clean up,dọn dẹp
clean up after,dọn dẹp sau
clean up one's act,sửa đổi hành vi
cleanliness is next to godliness,Sạch sẽ là điều tốt đẹp
cleanup in aisle,dọn dẹp ở lối đi
cleanup on aisle,dọn dẹp
clear away,dọn dẹp
clear blue water,nước trong xanh
clear cut,rõ ràng
clear off,dọn dẹp
clear one's lines,xóa dấu hiệu
clear out,dọn dẹp
clear somebody's name,khôi phục danh dự
clear the air,làm rõ vấn đề
clear the table,dọn bàn
clear up,làm rõ
clew down,giảm tốc
clew up,làm rõ
click for,nhấn vào
click into gear,chuyển sang số
click of the fingers,nhấp ngón tay
click off,tắt
click through,nhấn vào
clicks and bricks,công nghệ và truyền thống
climb down,xuống
climb into,leo vào
climb the ladder,leo thang
climb the walls,leo tường
climb up,leo lên
cling on,bám víu
cling to,bám víu
clinically dead,mất não
clip in,gắn vào
clip it,cắt nó
clip someone's wings,cắt cánh
clip strip,dải kẹp
clock down,tắt đồng hồ
clock in,chấm công
clock is running,đồng hồ đang chạy
clock is ticking,Đồng hồ đang chạy
clock off,nghỉ làm
clock on,bắt đầu làm việc
clock onto,nhận ra
clock out,xếp đồ
clock the tea,đặt giờ pha trà
clock up,tích lũy
clog up,tắc nghẽn
clogs to clogs in three generations,Từ đời này sang đời khác vẫn nghèo khó
close at hand,gần đây
close but no cigar,gần nhưng không đạt
close by,gần đây
close down,đóng cửa
close enough for government work,đủ tốt cho công việc chính phủ
close in,sát
close in on,tiến lại gần
close in upon,tiến lại gần
close off,đóng lại
close on the heels of,ngay sau
close one eye,nhắm một mắt
close one's eyes,nhắm mắt
close one's mind,đóng tâm trí
close only counts in horseshoes,Chỉ có những người chơi cờ ngựa mới quan…
close out,đóng lại
close round,gần tròn
close season,mùa cấm đánh bắt
close the book on,đóng cuốn sách lại
close the books,đóng sách
close the face,đóng mặt
close to,gần
close to home,gần nhà
close to one's heart,gần gũi trái tim
close up,cận cảnh
close with,đóng lại với
closed book,sách đóng
closely held,bảo mật nghiêm ngặt
closet case,trường hợp rất khó khăn
clothes don't make the man,Quần áo không làm nên người
clothes make the man,Quần áo tạo nên con người
clothes maketh the man,Quần áo tạo nên con người
clothespin vote,kẹp quần áo bỏ phiếu
cloud nine,hạnh phúc vô bờ bến
cloud over,mây che phủ
cloud seven,hạnh phúc ngất ngưởng
cloud up,mây mù
clout list,danh sách có ảnh hưởng
clout on,ảnh hưởng đến
clown about,tấu hài
clown around,tấu hài
clown college,trường đào tạo hề
clown on,cười nhạo
clown school,trường hề
club out,đánh bại
club together,góp chung
clue in,gợi ý
clue stick,que cờ
clue up,khám bệnh
clump up,vón cục
clutch artist,nghệ sĩ tài năng
clutter up,lộn xộn
coach up,huấn luyện
coals to Newcastle,mang than đến Newcastle
coat up,mặc áo khoác
cobber up,che giấu
cobble together,chắp vá
cobble up,chắp vá
cock a snook,nhún vai
cock cheese,phô mai vị gà
cock in a frock,gà mái mặc váy
cock in the henhouse,gà trống trong chuồng gà mái
cock it over,lật ngược
cock of the roost,ông chủ
cock of the walk,người tự cao tự đại
cock off,tắt
cock on,cài đặt
cock one's toes,nhón chân
cock up,làm hỏng
cock-and-bull story,Câu chuyện xàm
cocker up,cương cứng
code up,viết mã
coffee money,tiền cà phê
coffee talk,trò chuyện phiếm
coffee up,uống cà phê
cog fog,sương mù
coil up,cuộn lại
coke dick,đồ chơi tình dục
Colbert bump,Hiệu ứng Colbert
cold as ice,lạnh như đá
cold cash,tiền mặt
cold chills,lạnh run
cold comfort,sự an ủi nhỏ nhoi
cold day in Hell,Một ngày lạnh ở địa ngục
cold fish,cá lạnh
cold hand,bàn tay lạnh
cold hard cash,tiền mặt
cold one,lon bia
cold shoulder,lạnh nhạt
cold snap,đợt lạnh
cold treatment,xử lý lạnh
cold turkey,ngưng đột ngột
collar up,cổ áo dựng lên
collect dust,bám bụi
collect one's thoughts,suy nghĩ
collect up,thu thập
collectively exhaustive,toàn diện
color in,tô màu
color me,tô màu cho tôi
color up,thêm màu
colour in,tô màu
colour up,thay đổi màu sắc
comb down,chải tóc
comb out,chải tóc
comb over,chải tóc ngược
comb through,sàng lọc
come a cropper,thất bại
come a long way,đi xa
come about,xảy ra
come across,gặp phải
come across with,gặp phải
come after,đi sau
come again,hãy nói lại
come alive,sống động
come along,đi cùng
come and go,đi và đến
come apart,bị hỏng
come apart at the seams,bị rách
come around,ghé thăm
come as a surprise,đến bất ngờ
come at,đến
come away,đi đi
come back,quay lại
come back from the dead,hồi sinh
come before,xảy ra trước
come between,nằm giữa
come by,ghé thăm
come clean,thú thật
come down,xuống
come down in stair rods,xuống cầu thang
come down in the last shower,tưới xuống trong cơn mưa cuối cùng
come down on,phê bình
come down to,xuống
come down to earth,hạ cánh xuống đất
come down to us,truyền lại cho chúng ta
come down upon,trừng phạt
come down with,bị bệnh
come first,đến trước
come for,đến đây
come forth,xuất hiện
come forward,tiến lên
come from,xuất phát từ
come from a Cracker Jack box,đến từ hộp bánh Cracker Jack
come from a good place,xuất phát từ một nơi tốt đẹp
come from behind,bám đuổi và vượt lên
come from below,xuất phát từ dưới
come full circle,quay trở lại điểm xuất phát
come hell or high water,dù có chuyện gì xảy ra
come here to me,Đến đây với tôi
come home by weeping cross,về nhà bằng cách khóc lóc
come home to roost,đến lúc phải trả giá
come in,mời vào
come in for,đến để
come in from the cold,mời vào trong
come in handy,hữu ích
come in hot,đi vào nhanh chóng
come into,vào
come into being,xuất hiện
come into effect,có hiệu lực
come into force,có hiệu lực
come into its own,phát huy hết tiềm năng
come into one's own,phát huy hết khả năng
come into play,đến lượt
come into the world,ra đời
come into view,hiện ra
come knocking,gõ cửa
come of,kết quả
come of age,trưởng thành
come off,rụng
come off it,Đừng nói vậy
come on,đi thôi
come on in,mời vào
come on over,qua đây đi
come on strong,tấn công mạnh
come on to,tiến lại
come online,kết nối
come onto,tiến lại gần
come out,xuất hiện
come out in,xuất hiện trong
come out in the wash,bộc lộ ra
come out of one's shell,khép mình
come out of the broom closet,công khai giới tính
come out of the closet,công khai giới tính
come out of the woodwork,xuất hiện ồ ạt
come out swinging,bắt đầu mạnh mẽ
come out with,ra mắt
come over,đến đây
come right,đúng mực
come round,ghé thăm
come the acid,axit đến rồi
come the old soldier,người lính già đến rồi
come thick and fast,xảy ra liên tục
come through,vượt qua
come to,đến
come to a close,kết thúc
come to a halt,dừng lại
come to a head,diễn ra
come to a sticky end,kết thúc không tốt đẹp
come to an end,kết thúc
come to blows,xảy ra ẩu đả
come to find out,hóa ra
come to fruition,trở thành hiện thực
come to grief,gặp tai họa
come to grips with,vượt qua
come to Jesus,thay đổi bản thân
come to life,sống động
come to light,bộc lộ
come to mention it,nói đi thì lại nói
come to mind,nảy ra
come to nothing,không đi đến đâu
come to nought,không thành công
come to one's senses,giác ngộ
come to oneself,bình phục
come to papa,Đến với ba
come to pass,xảy ra
come to power,lên nắm quyền
come to someone's aid,giúp đỡ ai đó
come to someone's rescue,cứu giúp ai đó
come to terms,thừa nhận
come to terms with,thừa nhận
come to the fore,nổi bật
come to think of it,nếu để ý kỹ
come to time,tỉnh lại
come together,gặp gỡ
come true,thành hiện thực
come under,thuộc về
come under fire,bị chỉ trích
come under pressure,bị áp lực
come unhinged,mất trí
come unstuck,bóng
come up,xuất hiện
come up against,chạm trán
come up and bite,cắn
come up from behind,vượt lên từ phía sau
come up roses,mọi chuyện tốt đẹp như hoa hồng
come up to,tiến lại
come up with,nảy ra
come up with snake eyes,ra kết quả hai con số 1
come up with the goods,thực hiện đúng lời hứa
come upon,gặp phải
come upon the parish,đến với giáo xứ
come upon the town,đến thị trấn
come what may,dù thế nào đi nữa
come with,đi cùng
come with it,đi cùng
come with the territory,đi kèm với công việc
comedy equals tragedy plus time,hài kịch bằng sự bi kịch cộng thời gian
comedy gold,vàng hài
comedy of errors,những tình huống dở khóc dở cười
comfort girl,gái mại dâm
comfort woman,phụ nữ bị cưỡng bức
comfort zone,khu vực an toàn
comfortable in one's own skin,tự tin vào bản thân
comfortably off,khá giả
coming and going,đi và về
coming into the world,ra đời
coming right up,Ngay đây ạ
command performance,biểu diễn theo yêu cầu
comme moi,giống tôi
comment out,bình luận
common ground,điểm chung
common or garden variety,thường thường bậc trung
common purse,ví chung
common run,chạy bộ thông thường
common touch,cách tiếp xúc gần gũi
company town,thị trấn công nghiệp
compare and despair,so sánh và thất vọng
compare notes,so sánh ghi chú
comparison is the thief of joy,So sánh là kẻ trộm niềm vui
compass out,xem xét
complete and utter,hoàn toàn tuyệt đối
completely and utterly,hoàn toàn và tuyệt đối
completely metrizable,hoàn toàn khả vi
compliments of the house,tặng của nhà hàng
computationally secure,an toàn về mặt tính toán
computer says no,máy tính không cho
conclusively presumed,giả định chắc chắn
concrete jungle,khu đô thị bê tông
condemn to,kết án
condescend upon,xem thường
cone off,cấm đường
confide in,tâm sự với
conflict out,xung đột chấm dứt
confront one's demons,đối mặt với những nỗi sợ hãi của bản thâ…
conjure up,khiêu khích
conk off,ngủm
conk out,ngất xỉu
connect the dots,nối các điểm
connect up,kết nối
connecting rod,đòn bẩy
conscience money,tiền lương lương tâm
conscious and oriented,tỉnh táo và nhận thức rõ ràng
consenting adult,người trưởng thành đồng ý
conservatively correct,chính xác một cách thận trọng
consider it done,xem như xong
considering cap,cân nhắc về giới hạn
considering that,tính đến việc
consist in,bao gồm
consist of,bao gồm
conspicuous by one's absence,thiếu vắng một cách rõ rệt
cont p.94,tiếp trang 94
cont p94,tiếp tục trang 94
cont. p.94,tiếp tục trang 94
cont. p94,tiếp tục trang 94
contain multitudes,chứa đựng vô vàn điều
contend with,đối phó với
continued on page 94,tiếp tục ở trang 94
continued page 94,tiếp trang 94
contract in,thu hẹp
contract out,thuê ngoài
contract out of,thoát khỏi hợp đồng
contrary to,ngược lại với
contrary to popular belief,ngược lại với niềm tin phổ biến
cook back,nấu lại
cook off,nấu hết
cook out,nướng
cook someone's goose,phá hoại kế hoạch của ai đó
cook the books,gian lận kế toán
cook through,nấu chín
cook up,nấu ăn
cook up a storm,nấu nướng rất nhiều
cooking on gas,nấu bằng bếp ga
cooking with gas,nấu bằng bếp ga
cool cat,mèo ngầu
cool down,làm mát
cool head,bình tĩnh
cool heads must prevail,Hãy giữ bình tĩnh
cool heads prevail,bình tĩnh chiến thắng
cool heads will prevail,Những người giữ được bình tĩnh sẽ chiến …
cool off,làm mát
cool one's heels,chờ đợi
cool one's jets,hạ nhiệt
cool out,bình tĩnh lại
cooler heads must prevail,Lý trí phải lên tiếng
cooler heads prevail,sự tỉnh táo chiến thắng
cooler heads prevailed,sự lý trí đã chiến thắng
cooler heads will prevail,sự tỉnh táo sẽ chiến thắng
coon's age,tuổi của chó mực
coop in,chuồng trại
coop up,giam cầm
cop off,bắt giữ
cop off with,lừa đảo
cop on,bắt giữ
cop one's whack,ăn cắp
cop oneself on,tự nhủ
cop onto,nhận ra
cop out,tránh né
cope and seethe,chấp nhận và tức giận
cope with,vượt qua
copper chopper,dao đồng
copy down,chép lại
copy out,sao chép
corbel out,nhô ra
cordon off,cách ly
cork off,mở nút chai
cork out,tháo nút chai
cork up,nút chai
corner the market,thống trị thị trường
corner up,góc trên
corporate ladder,bậc thang trong công ty
corporate welfare bum,kẻ sống bằng lòng thương hại của doanh n…
corporation pop,công ty giải trí
correct me if I'm wrong,chỉnh lại nếu tôi sai
cost out,ước tính chi phí
cost the earth,tốn kém vô cùng
cost up,tăng chi phí
cosy along,cùng nhau vui vẻ
cosy up,quấn quýt
cosy up to,quấn quýt
cotton on,hiểu rõ
cotton on to,nhanh chóng hiểu ra
cotton onto,hiểu ra
cotton to,bông
couch down,ngồi xổm
couch potato,người nghiện xem TV
couch up,khạc ra
cough down,ho ra
cough out,ho ra
cough over,ho khan
cough up,ho ra máu
could go all day,có thể làm cả ngày
could have fooled me,ai mà ngờ được
could hear a pin drop,nghe thấy tiếng kim rơi
could I get the bill,Tôi có thể xin hóa đơn được không
could not get elected dogcatcher,không trúng cử chức vụ bắt chó
could we get the bill,Cho tôi xin hóa đơn
coulda fooled me,ai mà ngờ được
couldn't be more different,hoàn toàn khác biệt
couldn't care less,không quan tâm
couldn't happen to a nicer,thật không thể tốt hơn
couldn't organise a chook raffle,không thể tổ chức một buổi bốc thăm trún…
couldn't organise a two-ticket raffle,không thể tổ chức một chương trình bốc t…
count 'em,đếm chúng
count against,gây bất lợi
count angels on pinheads,đếm thiên thần trên đầu kim
count down,đếm ngược
count in,đếm vào
count noses,đếm số người
count off,đếm số
count on,tin tưởng
count one's blessings,biết ơn những điều tốt đẹp trong cuộc số…
count one's days,đếm ngày tháng
count out,đếm ra
count sheep,đếm cừu
count to five,đếm đến năm
count to ten,đếm đến mười
count to three,đếm đến ba
count towards,đóng góp vào
count up,đếm
count upon,dựa vào
countably additive,tính cộng được đếm
countably infinite,vô hạn đếm được
country mile,quãng đường dài ở nông thôn
couple up,nên đôi
courage of one's convictions,sự quả cảm theo đuổi niềm tin của mình
court of public opinion,ý kiến của công chúng
covenant of salt,nguyên ước muối
cover one's bases,chuẩn bị kỹ lưỡng
cover one's feet,che chân
cover someone's ass,chịu trách nhiệm thay cho ai đó
cover up,che đậy
cow juice,sữa bò
cowboy killer,kẻ giết người miền Tây
cowboy shower,vòi sen kiểu cao bồi
cowboy up,Hãy mạnh dạn
cowgirl position,tư thế cưỡi ngựa
Cox and Box,Cox và Box
cozy up,ấm áp
cozy up to,quấn quýt
crab mentality,tâm lý cua
crack a crust,nứt vỏ
crack a fat,bẻ đòn
crack a smile,mỉm cười
crack along,nứt dọc
crack down,trấn áp
crack hardy,mạnh mẽ bền bỉ
crack kills,ma túy hủy hoại
crack of dawn,bình minh
crack off,vỡ
crack on,cười cợt
crack one off,bắn một phát
crack onto,tán tỉnh
crack out,bẻ gãy
crack through,vượt qua
crack up,cười ồ
cradle robber,kẻ bắt cóc trẻ em
cradle snatcher,kẻ bắt cóc trẻ em
cram together,xếp sát nhau
cramp someone's style,phá đám
cramp up,cứng cơ
crank off,tắt máy
crank one out,sản xuất
crank one's hog,tăng ga
crank out,sản xuất ồ ạt
crank the handle,xoay tay cầm
crank up,tăng tốc
crap around,vui vẻ
crap on,đóng đống
crap out,hỏng
crap up,làm hỏng
crash course,khóa học cấp tốc
crash dive,lặn sâu
crash in,tai nạn
crash out,ngủ say
crawl before one walks,học đi trước khi chạy
crawl into a hole,chui vào hang
crawl over each other,leo lên nhau
crawl with,bò
crazy enough to work,đủ điên để thành công
crazy up,phát cuồng
cream in one's coffee,cho kem vào cà phê
cream in one's jeans,quần bị chật
cream of the crop,những người giỏi nhất
cream off,lọc ra
cream the crop,chọn lọc những người giỏi nhất
cream up,thoa kem
crease up,cười nghiêng ngả
creature comfort,sự thoải mái
creature feature,đặc điểm sinh vật
creature of habit,người có thói quen
creature of statute,thực thể pháp lý
creature of the night,sinh vật của đêm
credit where credit's due,công nhận đúng chỗ
creep in,len lỏi
creep on,rình rập
creep out,làm người khác sợ hãi
creep up,tiến lại gần
creep up on,tiến lại gần một cách bí mật
creepy weepy,ghê rợn ướt át
crescent spanner,cờ lê chữ L
crew up,tập hợp thành nhóm
crime doesn't pay,pháp luật không dung thứ
Crimea river,Sông ở bán đảo Crưm
Crip out,Rút lui
crip up,làm cho cũ kỹ
criss-cross applesauce,ngồi xổm khoanh chân
crit out,phê bình
critically damped,damped quá mức
crock of gold,kho báu
crock off,làm giả
crock up,làm hỏng
crocodile tear,nước mắt cá sấu
crony capitalism,chủ nghĩa tư bản thân hữu
crop out,cắt bỏ
crop up,xuất hiện
cross lots,nhiều chỗ
cross my heart,tôi thề
cross of gold,chữ thập vàng
cross off,bỏ qua
cross one's fingers,chúc may mắn
cross one's mind,nảy ra trong đầu
cross out,bỏ gạch
cross over,vượt qua
cross paths,gặp nhau
cross someone's palm,đút tiền vào lòng bàn tay ai đó
cross someone's path,gặp gỡ ai đó
cross swords,đấu kiếm
cross the aisle,đi qua lối đi
cross the line,vượt quá giới hạn
cross the Rubicon,vượt qua sông Rubicon
cross the Thames,vượt sông Thames
cross the Tiber,vượt sông Tiber
cross to bear,gánh nặng
cross to take up,vượt qua để bắt đầu
cross up,gây nhầm lẫn
crotch down,xuống dưới
crow over,trên
crow to pick,chọn chim ruồi
crow to pluck,nhổ lông
crow to pull,kéo
crowd in,xúm lại
crowd in on,xúm lại
crowd out,lấn át
crowd sail,đám đông thuyền buồm
crowd together,xúm lại
crowd up,xúm lại
cruel mistress,nữ chủ tàn ác
cruisin' for a bruisin',tạo điều kiện để bị đánh
cruising for a bruising,tìm kiếm rắc rối
crum up,nhăn
crumb down,bở vụn
crumb up,bở
crumble up,vụn ra
crumple up,nhăn lại
crunch numbers,phân tích số liệu
crush it,xay nó nghiền nó
crush on,thích
crush out,dập tắt
cry and seethe,khóc và sôi sục
cry cupboard,tủ đựng đồ
cry down,phê bình
cry for help,cứu cứu
cry foul,phản đối gay gắt
cry harder,khóc to hơn
cry in one's beer,khóc trong quán rượu
cry it out,khóc cho hả
cry off,bỏ cuộc
cry on,khóc cho
cry one's eyes out,khóc thét
cry oneself to sleep,khóc đến mức ngủ thiếp đi
cry out,kêu la
cry out for,kêu cứu
cry over spilt milk,than vãn
cry someone a river,kêu khóc lóc
cry the blues,khóc lóc
cry up,ca ngợi
cry wolf,kêu cứu giả
crying shame,thật đáng tiếc
crystal clear,rõ ràng tuyệt đối
crystal dick,đồ chơi tình dục hình dương vật
crystally clear,rõ ràng như pha lê
crème de la crème,tinh túy nhất
cube out,tính khối lập phương
cuddle up,ngấu nghiến
cue in,bắt đầu
cue off,dừng phát
cue up,chuẩn bị
cuff out,kéo dài ống tay áo
cuff up,còng tay
culinarily challenged,khó khăn trong nấu nướng
culminate in,kết thúc bằng
culturally appropriative,sử dụng văn hóa một cách không phù hợp
culture hero,anh hùng văn hóa
cum grano salis,với một chút muối
cup of joe,cà phê
cup of tea,cốc trà
curate's egg,quả trứng của người quản lý bảo tàng
curb appeal,mức độ hấp dẫn bên ngoài
curb crawler,người đi nhờ xe
cure down,chữa khỏi
cure up,khỏi bệnh
curiosity killed the cat,Tò mò có thể gây ra tai họa
curiouser and curiouser,tò mò hơn và tò mò hơn
curl one off,uốn cong một phần
curl one out,uốn cong
curl someone's hair,uốn tóc
curl up,cuộn tròn
curls for the girls,uốn tóc cho các cô gái
curry favor,nịnh bợ
curse out,chửi rủa
curtain off,kéo màn
cushion for the pushin',đệm cho việc đẩy
cuss out,chửi
cut a dash,gây ấn tượng mạnh
cut a deal,thỏa thuận
cut a figure,tạo ấn tượng
cut a rug,nhảy múa
cut a swath,cắt đường
cut a wide swath,cắt một đường rộng
cut about,cắt xén
cut above,xuất sắc hơn
cut across,cắt ngang
cut along,cắt dọc
cut and carve,cắt và khắc
cut and dried,đã được chuẩn bị sẵn
cut and thrust,đấu kiếm
cut away,cắt bỏ
cut away one's soul,cướp đi linh hồn
cut back,cắt giảm
cut bait,cắn câu
cut below,cắt dưới
cut both ways,có hai mặt
cut corners,tiết kiệm chi phí
cut down,cưa đổ
cut down the tall poppy,chặt cây cao
cut down to size,giảm bớt
cut from the same cloth,cùng một mẫu
cut in,cắt ngang
cut into,cắt thành
cut it,cắt nó
cut it out,im đi
cut it up,cắt nhỏ
cut loose,thả lỏng
cut of one's jib,hành động kỳ lạ
cut off,cắt đứt
cut on,cắt ngang
cut one loose,thả tự do
cut one's teeth,làm quen với
cut out,cắt bỏ
cut red tape,giảm bớt rườm rà
cut round,cắt tròn
cut someone cold,làm ai đó thất vọng
cut someone dead,giết người
cut someone loose,buông bỏ ai đó
cut someone some slack,tha thứ cho ai đó
cut swathes,cắt thành dải
cut the cheese,xì hơi
cut the cord,cắt dây
cut the mustard,đáp ứng yêu cầu
cut the pigeon wing,cắt cánh chim bồ câu
cut the umbilical cord,cắt dây rốn
cut through,cắt xuyên qua
cut to pieces,xé thành từng mảnh
cut to the chase,đi vào vấn đề
cut under,cắt dưới
cut up,cắt nhỏ
cut up nasty,xé xác
cut up rough,khó khăn
cut with a knife and fork,cắt bằng dao và nĩa
cutting edge,công nghệ tiên tiến
cycle off,tắt chu kỳ
d.c. al coda,đến cuối
dab out,thấm
dab up,lau sạch
dag out,đi chơi
daily grind,cuộc sống thường nhật
dam up,đắp đê
damn by association,bị liên lụy
damn right,chắc chắn rồi
damn straight,chính xác
damn the torpedoes,Đánh đổ thủy lôi
damn with faint praise,khen một cách miễn cưỡng
damp down,làm dịu
damp off,nấm mốc
damp squib,mất uy tín
dampen down,làm dịu
dampen off,làm ẩm ướt
dance around,nhảy múa xung quanh
dance attendance,tham gia buổi khiêu vũ
dance of the seven veils,vũ điệu bảy khăn
dance on nothing,nhảy trên không trung
dance on someone's grave,nhạo báng người đã chết
dance out,nhảy ra
dance with the devil,nhảy cùng quỷ
dandy as candy,ngon tuyệt vời
dandy shandy,bia có vị ngọt
dandy up,trang điểm
danger is one's middle name,nguy hiểm là tên đệm của anh ấy/cô ấy
danger past and God forgotten,nguy hiểm quá khứ và Thượng đế bị lãng q…
dangle after,treo lủng
Daniel come to judgement,Daniel đến để phán xét
dap up,trả lời
dark cloud,mây đen
dark horse,ngựa ô
dark up,tối lại
darken a church door,tô màu đen cho cửa nhà thờ
darken down,làm tối
darken someone's door,ghé thăm ai đó
darken up,làm tối
darn tootin',chắc chắn rồi
dart about,lung lay
darwaza band,cửa đóng
darwaza bund,cửa đóng
Darwin out,Darwin ra
das rite,quyền
dash down,chạy nhanh
dash off,viết vội
dash on,chấm vào
dash someone's hopes,phá tan hy vọng của ai đó
date back,xuất phát từ
date out,đi chơi
date up,cập nhật ngày
date with destiny,gặp gỡ định mệnh
daughter of Eve,con gái của Eva
daughter out,con gái đi
Davy Jones's locker,nơi chôn xác tàu đắm
dawn of a new day,bình minh của một ngày mới
dawn of time,bình minh thời gian
dawn on,bình minh
dawn upon,bình minh đến
day after day,ngày qua ngày
day and age,thời đại
day and night,ban ngày và ban đêm
day at the beach,một ngày ở bãi biển
day in the sun,một ngày dưới ánh nắng
day lark,chim nhại ban ngày
day of days,ngày quan trọng nhất
day or night,ban ngày hay ban đêm
day out,chuyến đi chơi
day to day,hàng ngày
daylight robbery,cướp giật ban ngày
days of yore,ngày xưa
de die ad diem,từ ngày này đến ngày mai
de minimis non curat lex,Luật không quan tâm đến những điều nhỏ n…
dead 'n' buried,đã qua đời và được chôn cất
dead against,phản đối kịch liệt
dead air,im lặng
dead and buried,đã chết và chôn cất
dead asleep,ngủ say
dead cat bounce,phục hồi giả
dead center,chính giữa
dead duck,vịt chết
dead end,ngõ cụt
dead fish,cá chết
dead giveaway,dấu hiệu rõ ràng
dead heat,cân bằng
dead inside,mất hết cảm xúc
dead last,cuối cùng
dead loss,hoàn toàn vô ích
dead meat,thịt thối
dead men can tell no tales,Người chết không thể kể chuyện
dead men tell no tales,Người chết không nói gì
dead men's shoes,giày của người đã chết
dead of night,Giữa đêm khuya
dead of winter,giữa mùa đông khắc nghiệt
dead on,chính xác
dead ringer,bản sao hoàn hảo
dead silence,im lặng hoàn toàn
dead soldier,người lính đã hy sinh
dead to rights,bị bắt quả tang
dead to the world,ngủ say sưa
dead tree edition,bản in trên giấy tái chế
deadbeat dad,người đàn ông vô trách nhiệm không chu c…
deadstick landing,hạ cánh bằng dù dây
deafening silence,sự im lặng chói tai
deal a bad hand,gây ra điều tồi tệ
deal a good hand,chia bài tốt
deal a hand,chia bài
deal in,giao dịch
deal it out,chia đều
deal out,chia bài
deal to,giao dịch với
deal with,xử lý
dear diary,nhật ký thân yêu
dear Sir,Kính gửi ngài
dear Sir or Madam,Kính gửi quý ngài hoặc quý bà
dear Sir/Madam,Kính gửi quý ông/bà
dear sirs,Kính gửi quý ngài
Dear Sirs or Madams,Kính gửi quý ông hoặc quý bà
dear to one's heart,gần gũi trái tim
death and taxes,chết và thuế
death by a thousand paper cuts,chết dần chết mòn
death by PowerPoint,chết vì PowerPoint
death is the great leveller,cái chết là sự cân bằng tuyệt đối
death on,chết vì
death rattle,tiếng rên khi chết
death warmed up,chết lại sống lại
deathbed conversion,hối cải trước khi chết
debris field,vùng tàn tích
December bride,Cô dâu tháng mười hai
deceptively misdescriptive,mô tả sai lệch gây hiểu lầm
decide on,quyết định
decide upon,quyết định
decimal dozen,chục thập phân
deck out,trang điểm
deck over,sàn trên
deck up,trang điểm
declare against,phản đối
deep cut,vết cắt sâu
deep dive,phân tích sâu
deep down,thẳm sâu
deep six,vứt bỏ
deep thinker,người suy nghĩ sâu sắc
deep water,nước sâu
deer in the headlights,sững sờ như hươu bị đèn chiếu
degrade gracefully,giảm giá một cách lịch sự
delay no more,Đừng trì hoãn nữa
Delhi belly,Bệnh tiêu chảy do ăn phải thức ăn không …
delight in,thích thú
deliver on,thực hiện
deliver over into,chuyển giao
deliver over to,giao cho
deliver the goods,giao hàng
deliver the message to Garcia,chuyển giao thông điệp đến Garcia
deliver up,bàn giao
deliver up to,chuyển giao tối đa
Delivered Ex Quay,Giao hàng tận nơi
Delivered Ex Ship,Giá đến cảng
democratic wedding,đám cưới theo phong cách dân chủ
denial ain't a river in Egypt,sự phủ nhận không phải là một con sông ở…
denial is a river in Egypt,sự phủ nhận là một dòng sông ở Ai Cập
denial isn't a river in Egypt,phủ nhận không phải là một con sông ở Ai…
deny of,từ chối
depart with,khởi hành với
depends who's asking,tùy thuộc vào người hỏi
Derangement Syndrome,Hội chứng rối loạn tâm thần
descend on,hạ cánh xuống
descend upon,hạ xuống
desk jockey,nhân viên văn phòng
desperate times call for desperate measures,Khi lâm vào tình thế nguy cấp cần phải c…
desperate times require desperate measures,Thời thế cấp bách cần những biện pháp cự…
despite of,mặc dù
despite the fact that,mặc dù
detective work,công việc điều tra
deuces wild,hai lá bài có thể thay thế bất kỳ lá bài…
devil dancing,nhảy quỷ
devil in disguise,ma trá hình
devil in one's eyes,sự tinh nghịch trong mắt
devil is kissing his wife,ác quỷ đang hôn vợ mình
devil lies in the details,Ma quỷ nằm ở những chi tiết nhỏ nhất
devil take the hindmost,cứ ai nhanh thì người đó thắng
devil to pay,giá phải trả
devil's advocate,người biện hộ cho quan điểm đối lập
devil's beating his wife,ma quỷ đang đánh vợ
devil's luck,may mắn đen đủi
devote to,dành cho
dey play,họ chơi
dial back,giảm bớt
dial down,giảm xuống
dial in,nhập số
dial into,kết nối
dial it in,cài đặt
dial out,bấm số
dial towards,quay về
dial up,kết nối
diamonds are a girl's best friend,Đồ trang sức kim cương là người bạn tốt …
diamonds are forever,kim cương vĩnh cửu
diarrhea of the mouth,nói nhiều
dice roll,tung xúc xắc
dice up,cắt nhỏ
dick about,nói chuyện vô nghĩa
dick around,vô tích sự
dick down,hạ thấp
dick milk,sữa của đàn ông
dick munch,ăn đấm
dick off,Biến đi
dick out,rút cặc
dick up,cái đóm
dicks before chicks,Không có bản dịch phù hợp
dicky up,hỏng
dictated but not read,đọc nhưng không đọc thành tiếng
did my back hurt your knife,Lưng tôi có bị đau vì con dao của bạn kh…
did not bat,không đánh bóng
did the journal factory explode,Nhà máy sản xuất nhật ký có bị nổ không
diddle for middle,giỡn với
die a thousand deaths,chết đi sống lại nhiều lần
die away,tan dần
die back,héo úa
die down,làm nguội
die hard,kiên cường
die in harness,chết khi còn làm việc
die liao,đã chết rồi
die off,chết
die on,chết vì
die on one's arse,chết mòn
die on the vine,chết yểu
die out,mất dần
die the way one lived,ra đi như cách sống của mình
different breed of cat,lo mèo khác giống
different drummer,người khác biệt
different strokes,mỗi người một sở thích
different strokes for different folks,Cái gì hợp với người này thì chưa chắc h…
differently able,khuyết tật
differently abled,khuyết tật
dig a hole for oneself,tự chuốc lấy tai họa
dig around,đào bới
dig deep,cố gắng hết sức
dig down,đào sâu
dig in,đào bới
dig in one's heels,cứng đầu
dig into,tìm hiểu sâu
dig on,đào
dig one's heels in,cứng đầu
dig one's own grave,đào hố chôn mình
dig oneself in a hole,đào hố chôn mình
dig out,đào bới
dig out of a hole,khỏi khó khăn
dig over,xới đất
dig round,đào bới
dig up,đào bới
dig up dirt,khai quật
dig yourself,đào hố chôn mình
digital courage,sự dũng cảm trên mạng
dike out,đê ngăn lũ
dike up,đắp đê
dim and distant,mờ và xa
dim out,làm mờ
dime out,tắt đèn
dime's worth,mười xu
diminishing returns,hiệu quả giảm dần
dine and dash,trốn tiền ăn
dine in,ăn tại chỗ
dine on ashes,ăn tro
dine out,ăn ngoài
dine out on,ăn ngoài
ding up,tăng giá
dip a toe into,chạm thử
dip into,nhúng vào
dip one's finger in,nhúng ngón tay vào
dip one's toe in,chạm thử
dip one's wick,tắt bớt đèn
dip out,nhúng
diplomatic flu,cảm cúm ngoại giao
dire straits,khó khăn
directly proportional,tỉ lệ thuận
director of first impressions,người quản lý ấn tượng đầu tiên
dirt file,tệp cấu hình
dirt sticks,bụi bám
dirty down,bẩn
dirty Gertie,Gertie bẩn
dirty laundry,quần áo bẩn
dirty look,ánh nhìn bẩn
dirty money,tiền bẩn
dirty pool,bể bẩn
Dirty Thirties,Ba mươi tuổi đời
dirty up,làm bẩn
dirty word,từ tục
dirty work,việc bẩn
disagree with,không đồng ý
Disgusted of Tunbridge Wells,Thất vọng về Tunbridge Wells
dish off,tắt bếp
dish out,phân phát
dish the dirt,bật mí chuyện xấu
dish up,phục vụ
dishpan hands,tay khô ráp
dismal science,kinh tế học
dispense with,bỏ qua
dispose of,xử lý
ditch out,bỏ đi
dive in,nhảy xuống
diversity is perversity,Sự đa dạng là sự lệch lạc
divide and conquer,chia để trị
divide up,chia đều
divvy up,chia đều
divy up,chia đều
do a bunk,trốn học
do a number on,làm mất tập trung
do a slow burn,chậm rãi phát triển
do away with,loại bỏ
do bears shit in the woods,gấu có ị trong rừng không
do by,làm theo
do by halves,làm hời hợt
do cartwheels,lăn vòng
do down,xuống
do drugs,dùng ma túy
do fish swim,cá bơi
do for,làm cho
do ill,ốm
do in,làm
do it tough,khó khăn
do it up,làm đẹp
do justice,xét xử công bằng
do me a favour,làm ơn giúp tôi
do me a lemon,Hãy làm tôi một ly chanh
do not want,không muốn
do numbers,tính toán
do off,tắt
do one's best,cố gắng hết sức
do one's business,làm việc
do one's damnedest,cố gắng hết sức
do one's darnedest,cố gắng hết sức
do one's homework,làm bài tập về nhà
do one's own thing,tự do làm những gì mình muốn
do one's own time,tự quyết định thời gian
do one's utmost,cố gắng hết sức
do or die,hoặc là thành công hoặc là thất bại
do out,đi ra ngoài
do out of,hết
do over,làm lại
do porridge,nấu cháo
do right by,hành xử đúng mực
do somebody wrong,làm tổn thương ai đó
do somebody's dirty work,làm việc bẩn cho ai đó
do someone like that,thích người như vậy
do someone one better,vượt trội hơn
do someone proud,làm ai tự hào
do someone's head in,làm ai đó bối rối
do tell,hãy nói cho tôi biết
do the dash,thực hiện dấu gạch ngang
do the decent thing,hành động đúng đắn
do the dirty on,lừa dối
do the honors,hãy thực hiện nghi thức
do the mahi,làm việc
do the math,thực hiện phép tính
do the most,cố gắng hết sức
do the needful,xin hãy làm
do the right thing,làm điều đúng đắn
do the talking,nói chuyện
do the trick,thành công
do the work,làm việc
do up,sửa chữa
do want,muốn
do well by doing good,thành công bằng cách làm điều tốt
do well for oneself,thành công trong cuộc sống
do with mirrors,có liên quan đến gương
do without,thiếu
do you know what I'm saying,Bạn có hiểu tôi đang nói không
do you know who I am,Bạn có biết tôi là ai không
do you mind,Bạn có phiền không
do you need an invitation,bạn có cần thư mời không
dob in,tố cáo
dob on,tố cáo
doctor up,cải thiện
doctors make the worst patients,Bác sĩ lại là những bệnh nhân tồi tệ nhấ…
dodge a bullet,tránh được tai họa
dodge up,né tránh
does Macy's tell Gimbel's,Macy's có nói chuyện với Gimbel's không
does not compute,không thể xử lý
does someone look like,có ai giống ai không
dog and cat,chó và mèo
dog and pony show,buổi trình diễn
dog around,lang thang
dog eat dog,cá lớn nuốt cá nhỏ
dog in the hunt,chó săn
dog in the manger,người ích kỷ
dog my cats,chó của tôi mèo của tôi
dog out,dắt chó đi dạo
dog that caught the car,con chó bắt được xe hơi
dog who caught the tire,con chó bắt được cái lốp
dog's breakfast,mớ hỗn độn
dog's chance,cơ hội rất nhỏ
dog's life,cuộc sống nhàn nhã
dogs are barking,chó đang sủa
dogs have masters; cats have staff,chó có chủ; mèo có người hầu
dole out,phân phát
doll up,trang điểm
dollar out,chi tiêu
dollar up,tăng giá đô la
dollar-sign eyes,mắt tham lam
dollars to donuts,đặt cược
Don the Con,Don Con
don't @ me,Đừng tag tôi
don't ask,Đừng hỏi
don't ask me,Đừng hỏi tôi
don't be a stranger,Đừng xa lạ
don't be that guy,Đừng làm như vậy
don't bite the newbie,Đừng bắt nạt người mới
don't buy green bananas,Đừng mua chuối xanh
don't change a winning team,Đừng thay đổi đội hình khi đang thắng
don't count your chickens,Đừng tính trước kết quả
don't count your chicks,Đừng tính trước kết quả
don't cry over spilled milk,đừng khóc vì những chuyện đã xảy ra
don't cut yourself on that edge,Đừng tự làm xước mình vào cạnh đó
don't do anything I wouldn't do,Đừng làm bất cứ điều gì mà tôi không làm
don't drop the soap,Đừng làm rơi xà phòng
don't even think about it,Đừng nghĩ đến chuyện đó
don't feed the troll,Đừng kích động troll
don't feed the trolls,Đừng kích động troll
don't fight the tape,Đừng chống lại sự thật
don't fish off the company dock,Không được câu cá ở bến tàu của công ty
don't get above your raising,Đừng có thái độ kiêu ngạo
don't get me wrong,Đừng hiểu lầm tôi
don't get someone started,Đừng chọc giận ai
don't get your hopes up,Đừng quá hy vọng
don't give me that,Đừng nói thế với tôi
don't give up the day job,Đừng bỏ công việc hiện tại
don't give up your day job,Đừng bỏ công việc hiện tại của bạn
don't go there,Đừng đến đó
don't hold your breath,Đừng nín thở
don't knock yourself out,Đừng tự làm khổ mình
don't know,không biết
don't let the bedbugs bite,chúc ngủ ngon đừng để muỗi đốt
don't look at me,Đừng nhìn tôi
don't look now,Đừng nhìn bây giờ
don't make me laugh,Đừng làm tôi cười
don't mention it,không có gì
don't mess with success,Đừng phá vỡ thành công
don't mind if I do,không sao đâu
don't pass go,Đừng đi qua ô "Bắt đầu
don't quit your day job,Đừng bỏ việc chính của bạn
don't quote me,xin đừng trích dẫn tôi
don't real,không thật
don't say gay,Đừng nói về người đồng tính
don't shit in your own nest,Đừng tự làm bậy trong tổ của mình
don't shit where you eat,Đừng làm bậy nơi bạn ăn
don't shoot the messenger,Đừng trách người đưa tin
don't spare the horses,Đừng tiết kiệm ngựa
don't spend it all at once,Đừng tiêu hết cùng một lúc
don't sweat it,đừng lo lắng
don't sweat the small stuff,đừng bận tâm về những chuyện nhỏ nhặt
don't take any wooden nickels,Đừng nhận bất kỳ đồng xu nào
don't tell me,Đừng nói cho tôi biết
don't touch that dial,Đừng thay kênh
don't tread on me,Đừng chà đạp lên tôi
don't try this at home,Đừng thử điều này ở nhà
don't worry,Đừng lo
don't worry your pretty little head,Đừng lo lắng quá nhiều
don't you know,Bạn có biết không
Donald Ducking it,Donald Vịt đang trốn tránh
donde esta la biblioteca,thư viện ở đâu
done and dusted,hoàn thành
done deal,đã xong
donkey work,công việc chân tay
donkey's ears,tai lừa
donkey's years,rất lâu
dont tread on me,Đừng xâm phạm tôi
donut steel,bánh vòng
doodie up,trang điểm
doom and gloom,buồn rầu ảm đạm
doomy and gloomy,u ám và ảm đạm
dope off,ngủ gục
dope out,nghiền
dope sheet,bảng thông số kỹ thuật
dope up,sử dụng chất cấm
dork out,nghịch ngợm
dormitive principle,nguyên tắc gây ngủ
dormitive virtue,đức hạnh giúp ngủ ngon
doss about,tám chuyện
doss around,lêu lỏng
doss down,ngồi xuống
doss off,đi đi
doss out,nghỉ ngơi
dot down,ghi chú
dot or feather,chấm hoặc lông
dote over,yêu quý
double back,quay lại
double booked,đặt lịch trùng
double bookkeeping,kế toán kép
double bubble,bong bóng kép
double down,tăng cường
double Dutch,tiếng Hà Lan
double in brass,kèn đôi đồng
double off,tắt máy dự phòng
double over,cúi gập người
double taker,người chơi lại
double tap,chạm hai lần
double up,nhân đôi
doubly even,chẵn chẵn
doubly incontinent,mất kiểm soát tiểu tiện và đại tiện
doubly infinite,vô hạn kép
doubly magic,ma thuật gấp đôi
doubting Thomas,ông Thomas hoài nghi
douche down,tắm dưới vòi hoa sen
dowdy up,lịch sự
down and out,bế tắc hoàn toàn
down at heel,bần tiện
down but not out,thua nhưng chưa bỏ cuộc
down cellar,xuống hầm
down cold,mất điện
down for the count,kiệt sức
down home,ở quê nhà
down in the dumps,buồn rầu
down in the mouth,buồn bã
down line,dòng dưới
down on one's knees,quỳ gối
down on one's luck,xui xẻo
down on one's uppers,túng quẫn
down someone's alley,phù hợp với sở thích của ai đó
down the banks,xuống bờ
down the cludgie,xuống hố cống
down the drain,bỏ đi
down the gurgler,chết ngợp
down the hatch,xuống cổ họng
down the khazi,đi vệ sinh
down the line,sau này
down the middle,giữa
down the pan,xuống chảo
down the plughole,xuống cống
down the road,dọc đường
down the shitter,xả xuống cống
down the toilet,xuống bồn cầu
down the track,trong tương lai
down the tube,bế tắc
down the tubes,bế tắc
down the way,xuống đường
down the wind,ngược gió
down to a fine art,đến mức tinh xảo
down to a science,đến mức khoa học
down to earth,thực tế
down to the short strokes,tới những chi tiết nhỏ nhất
down to the wire,ngay đến phút cuối
down tools,ngừng làm việc
down under,Úc
down with the kids,hợp thời trang
doze off,ngủ gật
draft in,bản nháp
draft up,soạn thảo
drag and drop,kéo thả
drag ass,kéo lê
drag down,kéo xuống
drag in,kéo vào
drag into,kéo vào
drag on,kéo dài
drag one's balls across,kéo bóng qua
drag one's feet,kéo dài thời gian
drag out,kéo dài
drag the chain,kéo xích
drag through the mud,vu oan
drag up,kéo lên
dragged through the garden,kéo lê qua vườn
drain away,thoát nước
drain out,tháo nước
drain the dragon,vắt khô rồng
drain the python,xả nước cho con rắn
drain the snake,vắt nọc độc rắn
drama king,kẻ làm quá
drama queen,người thích gây sự chú ý
drape off,rủ xuống
drastic times call for drastic measures,Thời điểm khó khăn đòi hỏi những biện ph…
draw a blank,mắc kẹt
draw a line,vẽ một đường
draw a line under something,kết thúc
draw a long bow,kéo căng cung
draw a straight furrow,kéo rãnh thẳng
draw ahead,vượt lên dẫn trước
draw away,rút lui
draw back,rút lại
draw down,rút ra
draw even,hòa
draw fire,thu hút hỏa lực
draw in,thu hút
draw into,kéo vào
draw off,bơm ra
draw on,vẽ lên
draw one's last breath,thở cuối cùng
draw out,kéo dài
draw stumps,cắt tỉa cành
draw the line,vẽ đường
draw the long bow,kéo căng cung
draw the short straw,bốc phải con vịt đen
draw through,kéo qua
draw together,kéo gần lại
draw up,lập kế hoạch
draw upon,hứng ý
drawing card,thẻ vẽ
dream come true,ước mơ thành hiện thực
dream on,mơ đi
dream up,nảy ra
dredge up,khai thác
dress down,mặc giản dị
dress off,cởi váy
dress out,mặc quần áo
dress to kill,ăn mặc thật đẹp
dress up,ăn mặc đẹp
dressed to kill,ăn mặc rất đẹp
dressed to the nines,ăn mặc rất đẹp
dribs and drabs,ít một
dried-fish woman,bà bán cá khô
drift along,trôi dạt
drift apart,rạn nứt
drift off,thiếp đi
drill and kill,khai thác và tiêu thụ
drill down,đi sâu vào
drill in,tập trung
drill out,khoan
drill through,khoan xuyên qua
drill up,khoan lên
drink and drive,uống rượu rồi lái xe
drink down,uống hết
drink from a firehose,uống nước từ vòi phun
drink in,uống
drink off,uống hết
drink out,uống hết
drink someone's bathwater,uống nước tắm của ai đó
drink to,khen
drink under,dưới đáy
drink up,uống hết đi
drink with the flies,uống với lũ ruồi
drinking hole,vị trí uống nước
drinks o'clock,giờ uống nước
dripping water hollows a stone,nước nhỏ giọt có thể khoét được đá
drive a coach and horses through,phá hoại hoàn toàn
drive a hard bargain,cứng rắn khi mặc cả
drive a stake through its heart,đâm một cây cọc xuyên qua trái tim nó
drive a wedge,gây chia rẽ
drive at,lái với tốc độ
drive away,lái xe đi
drive back,quay lại
drive down,lái xe xuống
drive in,lái xe vào
drive off,khởi hành
drive out,đuổi đi
drive someone crazy,khiến ai phát điên
drive someone to drink,khiến ai đó phải uống rượu
drive someone up the wall,khốn khổ
drive the porcelain bus,lái xe buýt
drive to drink,uống vì buồn
drive up,lái xe đến
drive-by media,phóng viên săn tin nhanh
drone on,nói dai
drool bucket,chậu hứng nước dãi
drop a bollock,làm sai bét
drop a bomb,tung tin sốc
drop a bombshell,tung ra tin chấn động
drop a brick,để rơi một viên gạch
drop a dime,báo cáo
drop a hint,gợi ý
drop a log,hạ gỗ
drop away,rụng
drop back,rút lui
drop behind,bị tụt lại phía sau
drop by,ghé thăm
drop down,xuống
drop in,ghé thăm
drop in the bucket,giọt nước trong đại dương
drop in the ocean,giọt nước trong đại dương
drop in the pond,rơi xuống ao
drop in the sea,giọt nước trong biển
drop into,ghé thăm
drop off,đưa xuống
drop off the hooks,tháo móc
drop off the radar,mất liên lạc
drop out,bỏ học
drop round,ghé thăm
drop someone a line,gửi tin nhắn
drop someone in it,gây rắc rối cho ai đó
drop the ball,bỏ bê
drop the bomb,bật mí
drop the f-bomb,chửi thề
drop the gloves,cởi bỏ găng tay
drop the mic,buông micro
drop the pilot,hạ phi công
drop the topic,bỏ qua chủ đề
drop the writ,hủy bỏ đơn khởi kiện
drop top,mái mở
drop trow,rút quần
drown out,lấn át
drown the miller,đuổi theo người xay bột xuống nước
drug of choice,thuốc ưu tiên
drug on the market,thuốc trên thị trường
drum into,gõ vào
drum out,bổ nhiệm
drum up,khuyến khích
drunk as a skunk,say xỉn
drunk words are sober thoughts,Lời nói khi say là những suy nghĩ khi tỉ…
drunkard's walk,đường đi của người say
drunken words are sober thoughts,Lời nói khi say là những suy nghĩ khi tỉ…
dry behind the ears,khô sau tai
dry eye,khô mắt
Dry January,Tháng không rượu
dry off,lau khô
dry one's eyes,lau nước mắt
dry out,khô
dry run,thử nghiệm
dry up,khan
dry up and blow away,cạn kiệt và bay đi
dub out,lồng tiếng
dub over,lồng tiếng
dub up,lồng tiếng
duces tecum,chứng cứ kèm theo
duck and dive,né tránh
duck down,khom người xuống
duck off,đi đi
duck or no dinner,hoặc là ăn vịt hoặc không có bữa tối
duck out,thoát ra
duck soup,món vịt nấu súp
ducked off,tránh mặt
ducks and drakes,vịt và vịt con
dude up,cố gắng
due course,theo đúng quy trình
due to,do
due to the fact that,vì
duff up,đánh đập
duke in,công tước
duke it out,đấu đá
duke out,khoe khoang
duke up,trang điểm
duly noted,đã ghi nhận
dumb as a box of rocks,ngốc như con cá
dumb as a post,ngốc như con cá
dumb down,giản lược
dumb luck,may mắn ngẫu nhiên
dumb out,làm ngốc đi
dumb shit,đồ ngốc
dummy out,giả vờ ngốc nghếch
dummy run,thử nghiệm
dummy spit,nhả tăm
dummy up,giả vờ
dump on,đổ
dump one's load,xả hàng
dump out,đổ ra
dunk on,chế nhạo
dunk out,ném bóng rổ vào rổ
Dunkirk spirit,Tinh thần Dunkirk
Dunner stunner,Tuyệt vời
durance vile,đọa đày khổ sở
durwaza bund,cửa bị hỏng
dust down,lau bụi
dust mouse,chuột bụi
dust off,làm sạch bụi
dust off a batter,làm quen với việc đánh bóng
dust out,loại bỏ bụi
dust settles,bụi lắng xuống
dust up,xích mích
dusty miller,cúc tần phi
Dutch courage,Can đảm vì uống rượu
Dutch reckoning,Tính toán kiểu Hà Lan
duty calls,nhiệm vụ kêu gọi
dwell upon,cân nhắc
dyed in the wool,cứng cỏi
dying quail,chim cút chết
dyke out,đê ngăn lũ
dyke up,nâng đê
dynamite charge,thuốc nổ
e pluribus unum,Từ nhiều đến một
E ticket,Vé điện tử
each to his own,mỗi người một sở thích
each to their own,mỗi người một sở thích
eager beaver,người chăm chỉ
eagle eye,mắt sắc sảo
eagle out,chim ưng bay đi
eagle up,chim ưng bay lên
ear to the ground,cất tai
ear tunnel,lỗ tai
early bath,tắm sớm
early bird,chim sớm
earn one's crust,kiếm sống
earn one's keep,kiếm sống
earn out,kiếm được
ears are burning,tai nóng bừng
Earth to someone,Xin chào
earth up,đào đất
ease down,hạ xuống
ease off,nới lỏng
ease up,nới lỏng
easier said than done,dễ nói hơn dễ làm
easy as kiss my hand,dễ như ăn kẹo
easy does it,cẩn thận
easy for you to say,dễ nói hơn dễ làm
easy mark,con mồi dễ dụ
easy money,tiền dễ kiếm
easy on the eye,dễ nhìn
easy on the eyes,dễ nhìn
easy peasy Japanesey,rất dễ
easy peasy lemon squeezy,quá dễ
easy pickings,món dễ
easy street,cuộc sống nhàn nhã
eat and leave no crumbs,ăn xong không để lại mẩu vụn
Eat at Joe's,Ăn ở quán của Joe
eat away,phá hủy
eat away at,phá hủy
eat crow,nuốt lời
eat dirt,ăn đất
eat down,ăn hết
eat for two,ăn cho hai người
eat humble pie,nuốt nhục nhã
eat in,ăn tại chỗ
eat into,ăn vào
eat it,ăn đi
eat my shorts,ăn quần của tôi
eat one's feelings,ăn để giải tỏa cảm xúc
eat one's gun,tự bắn vào chân mình
eat one's hat,ăn mũ
eat one's head off,mắng nhiếc
eat one's heart out,ghen tị
eat one's own,tự nuốt
eat one's own dog food,sử dụng sản phẩm của chính công ty mình
eat one's seed corn,phá sản
eat one's Wheaties,ăn sáng
eat one's young,ăn thịt đồng loại
eat out,ăn ngoài
eat out of someone's hand,nịnh bợ
eat shit,ăn phân
eat someone's dust,bị bỏ xa
eat someone's lunch,ăn trộm bữa trưa của ai đó
eat the mic,hát vào micro
eat the onion,ăn hành
eat the rich,ăn thịt giới giàu
eat up,ăn hết
eat up with a spoon,ăn bằng thìa
eaten bread is soon forgotten,Bánh đã ăn thì mau quên
ebb and flow,thăng trầm
ecologically friendly,thân thiện với môi trường
economical with the truth,thực dụng
Eddie would go,Eddie sẽ đi
edge in,lợi thế
edge of the earth,vùng cực
edge of the world,bờ thế giới
edge out,vượt lên
edge up,tiến gần
edit in,chỉnh sửa
edit out,xóa bỏ
eff and jeff,ê và jeff
eff off,đi đi
eff up,làm sai
eff why eye,F vì E
effluxion of time,sự trôi đi của thời gian
egg on,khuyến khích
eggs in moonshine,trứng ngâm rượu
eid mubarak,Chúc mừng lễ Eid
either do or die,hoặc làm hoặc chết
ejaculate and evacuate,xuất tinh và sơ tán
ejusdem generis,cùng loại
eke out,vật lộn kiếm sống
elbow grease,sức lực
elbow mentality,tư duy ích kỷ
elbows up,co khuỷu tay
electronic superhighway,đường cao tốc điện tử
element of surprise,yếu tố bất ngờ
elephant in the room,vấn đề hiển nhiên nhưng không ai dám nói…
eleventh hour,phút cuối
Elvis has left the building,Elvis đã rời khỏi sân khấu
Elysian Fields,Cõi thiên đường
embarrassingly parallel,tương tự một cách đáng xấu hổ
embarrassment of riches,sự giàu có dư thừa
embrace the penguin,ôm chú chim cánh cụt
emotional cripple,người bị tổn thương về mặt tinh thần
emperor's new clothes,quần áo mới của hoàng đế
emphasize everything and nothing is emphasized,nhấn mạnh mọi thứ và không nhấn mạnh bất…
empty barrels make the most noise,Những thùng rỗng tạo ra nhiều tiếng ồn n…
empty cans make the most noise,Lon rỗng tạo ra nhiều tiếng ồn nhất
empty out,làm rỗng
empty suit,người vô dụng
empty the clip,xả đạn
empty the tank,xả bồn
empty vessels make the most noise,Những người không có kiến thức thường nó…
empty vessels make the most sound,Những người không có kiến thức thường nó…
empty words,lời nói vô nghĩa
en croix,theo hình chữ thập
en route,đang trên đường
en route to,trên đường đến
end in,kết thúc
end in smoke,kết thúc trong vô vọng
end in tears,kết thúc trong nước mắt
end of,kết thúc
end of discussion,kết thúc cuộc thảo luận
end of story,kết thúc câu chuyện
end of the line,cuối đường
end of the world,sự kết thúc của thế giới
end off,kết thúc
end out,kết thúc
end up,kết thúc
endorse out,ủng hộ
Energizer bunny,Thỏ Energizer
engage in,tham gia
engage with,tương tác với
English or Spanish,Tiếng Anh hoặc tiếng Tây Ban Nha
enjoy your meal,chúc ngon miệng
enlarge up,lớn hơn
enough is enough,đủ rồi
enough is too much,quá đủ
enough said,đủ rồi
enough to choke a horse,quá nhiều
enough to go around,đủ cho mọi người
enough to make a cat laugh,đủ để khiến một con mèo cười
enough to make the angels weep,đủ để khiến các thiên thần phải khóc
enough to put in one's eye,đủ để chọc tức ai đó
enquire after,hỏi thăm
enter into,tham gia vào
enter on the boards,ra mắt
environmental storytelling,kể chuyện thông qua môi trường
environmentally friendly,thân thiện với môi trường
equal pay for equal work,cùng lương cho cùng công việc
Erin go bragh,Chúc Ireland thịnh vượng
err on the side of,nên nghiêng về
err on the side of caution,cẩn trọng
error out,gây lỗi
escape fire,thoát khỏi lửa
esprit de corps,tinh thần đồng đội
est modus in rebus,có những giới hạn trong mọi việc
esthetically challenged,thiếu thẩm mỹ
et al,và những người khác
et al.,và những người khác
et alia,và các thứ khác
et aliae,và những người khác
et alibi,ở một nơi khác
et alii,và những người khác
et alios,và những người khác
et cetera,vân vân m vân vân
et con,và con
et con.,và con
et conjunx,vợ chồng
et hoc genus omne,và những trường hợp tương tự
et id genus omne,và mọi loại giống loài
et pass.,đi thôi
et passim,và các nơi khác
et seq.,và các tài liệu liên quan
et seqq.,và các phần tiếp theo
et sim.,và tôi cũng vậy
et uxor,và vợ
eternal sleep,ngủ vĩnh hằng
eternal triangle,tam giác vĩnh cửu
ethically challenged,thiếu đạo đức
ethnically challenged,khó khăn về mặt sắc tộc
eureka moment,khoảnh khắc chợt nhận ra
even a worm will turn,Ngay cả sâu cũng sẽ phản kháng
even Homer nods,Ngay cả Homer cũng có lúc sai
even Jove nods,Ngay cả thần Jupiter cũng phải gật đầu
even keel,ổn định
even money,cân bằng
even steven,bình đẳng
even the score,cân bằng tỷ số
evenly divisible,chia hết đều
everlasting staircase,cầu thang vĩnh cửu
every accusation is a confession,Mỗi lời buộc tội là một sự thú nhận
every barrel has a rotten apple,Trong bất kỳ nhóm nào cũng có người xấu
every bit,từng chút một
every cloud,mây
every cloud has a silver lining,mọi đám mây đều có một vệt sáng
every day is a school day,Mỗi ngày đều là một ngày học
every dog has his day,mỗi con chó đều có ngày của nó
every dog has its day,mỗi con chó đều có ngày của nó
every dog must have his day,mỗi con chó đều có ngày của nó
every dog must have its day,mỗi con chó đều có ngày của nó
every good boy deserves favor,mọi chàng trai tốt đều xứng đáng được ưu…
every good boy deserves favour,mọi chàng trai tốt đều xứng đáng được ưu…
every good boy deserves food,mỗi cậu bé ngoan đều xứng đáng được ăn
every good boy deserves fudge,mỗi cậu bé ngoan đều xứng đáng được ăn b…
every good boy deserves fun,mọi cậu bé ngoan đều xứng đáng được vui …
every good boy does fine,mọi chàng trai tốt đều làm tốt
every inch,từng chút một
every Jack has his Jill,Ai cũng có người mình yêu
every king needs a queen,Mỗi vị vua đều cần một hoàng hậu
every last,cái cuối cùng
every law has a loophole,Mọi luật đều có kẽ hở
every law has its loophole,Luật nào cũng có kẽ hở
every little bit helps,Mỗi chút góp phần đều có ích
every little helps,Mỗi sự giúp đỡ dù nhỏ cũng rất quý
every man for himself,mỗi người tự lo thân mình
every man for hisself,mỗi người vì lợi ích của mình
every man has a price,Ai cũng có giá của mình
every man has his price,Ai cũng có giá của mình
every man Jack,mọi người đàn ông
every old nook and cranny,mọi ngóc ngách cũ kỹ
every rose has a thorn,Mỗi bông hoa hồng đều có gai
every rose has its thorn,Mỗi bông hoa hồng đều có gai
every rule has an exception,Luôn có ngoại lệ cho mọi quy tắc
every shut eye isn't asleep,không phải lúc nào ngủ cũng là ngủ thật
every silver lining has a cloud,Nơi có ánh sáng luôn có bóng tối
every single time,mỗi lần
every so often,thỉnh thoảng
every stick has two ends,Mọi que đều có hai đầu
every time,mỗi khi
every time one farts,lần nào đó có người xì hơi
every time one turns around,bất cứ khi nào quay lại
every woman for herself,mỗi người tự lo thân mình
every woman Jill,mỗi phụ nữ Jill
Every. Single. Time.,Mỗi lần
everybody and his brother,ai ai cũng
everybody and his mother,ai ai cũng
everybody and their dog,ai ai cũng
everybody who is anybody,ai ai cũng biết
everybody who's anybody,những người quan trọng
everyone and his mother,ai ai cũng
everything and the kitchen sink,tất cả mọi thứ
everything but the kitchen sink,mọi thứ có thể
everything happens for a reason,Mọi thứ xảy ra đều có lý do
everything in the garden is lovely,Mọi thứ trong vườn đều thật đẹp
everything in the garden is rosy,Mọi thứ trong vườn đều tốt đẹp
everything is everything,mọi thứ đều là mọi thứ
everything is rosy in the garden,Mọi thứ đều tốt đẹp trong vườn
everything old is new again,cái cũ trở nên mới lạ
everything one touches becomes gold,bất cứ thứ gì người đó chạm vào đều trở …
everything one touches becomes shit,bất cứ thứ gì người ta chạm vào đều trở …
everything one touches turns to gold,bất cứ thứ gì người đó chạm vào đều biến…
everything one touches turns to shit,bất cứ thứ gì người ta chạm vào đều trở …
everything under the sun,mọi thứ trên đời
evil to him that evil thinks,ác quỷ đối với kẻ nghĩ điều ác
evil twin,anh em sinh đôi xấu
ex abundante cautela,cẩn thận tuyệt đối
ex cathedra,từ vị trí cao nhất
ex nihilo,từ hư vô
ex nihilo nihil fit,Không có gì từ hư không
ex opere operato,theo nguyên tắc tác động
ex pede Herculem,Từ một bước chân có thể tạo ra một người…
ex tunc,từ lúc đó
ex vi termini,theo quy định
except for,ngoại trừ
except that,ngoại trừ
exceptio non numeratae pecuniae,trừ các khoản tiền không được liệt kê
exceptio quod metus causa,trừ trường hợp vì lý do an toàn
excess baggage,hành lý quá khổ
exchange contracts,ký hợp đồng trao đổi
exchange flesh,trao đổi thân xác
exchange of contracts,trao đổi hợp đồng
excuse me,xin lỗi
excuse you,Xin lỗi
exempli gratia,ví dụ
exeunt omnes,hết vở
exit stage left,ra khỏi sân bên trái
expand one's horizons,mở rộng tầm nhìn
expensive drunk,say rượu
experience is the best teacher,kinh nghiệm là thầy giáo tốt nhất
explain away,giải thích
expose oneself,tiết lộ
express elevator,thang máy tốc độ cao
expressio unius est exclusio alterius,Nguyên tắc loại trừ lẫn nhau
exsqueeze me,Xin lỗi
extend one's hand,giơ tay
extra pair of hands,người giúp việc thêm
extract the urine,lấy nước tiểu
extraordinary claims require extraordinary evidence,Những tuyên bố phi thường đòi hỏi những …
eye for an eye,đáp trả lại bằng sự trả thù
eye in the sky,mắt trên không
eye of the beholder,cái đẹp nằm ở con người
eye of the storm,mắt bão
eye sex,quan hệ tình dục bằng mắt
eye up,nhìn lên
eyes on the ground,người theo dõi tình hình thực tế
eyes on the prize,tập trung vào mục tiêu
F in the chat,F trong khung chat
F off,Biến đi
f/8 and be there,khẩu độ f/8 và có mặt ở đó
face down,mặt xuống
face facts,thực tế
face off,đối đầu
face out,mặt trước
face that would stop a clock,kết thúc thời gian
face the music,chịu hậu quả
face to face with,Đối mặt với
face up,mặt lên
face up to,đối mặt với
face value,giá trị danh nghĩa
faceless bureaucrat,quan chức vô danh
faceless man,người vô danh
fack off,đi cút
fact is,sự thật là
fact is stranger than fiction,Sự thật đôi khi kỳ lạ hơn hư cấu
fact of life,sự thật của cuộc sống
factor in,cân nhắc
factor out,chia ra thừa số
factor space,không gian nhân tử
factor through,phân tích thành nhân tử
facts and figures,thống kê
facts don't care about your feelings,Sự thật không quan tâm đến cảm xúc của b…
facts on the ground,thực tế hiện tại
facts speak louder than words,Hành động nói lên nhiều hơn lời nói
fade away,biến mất
fade in,biến mất từ từ
fade out,mờ dần
faff about,loay hoay
faff around,vụng về
fag out,hết hơi
fail at life,thất bại trong cuộc sống
fail of,thất bại
fail out,trượt
fail over,chuyển đổi dự phòng
fail up,thất bại nhưng vẫn thành công
fail upwards,thăng tiến bất chấp thất bại
failure is the best teacher,Thất bại là người thầy tốt nhất
failure to launch,khó khăn trong việc bắt đầu cuộc sống độ…
faint heart ne'er won fair lady,Người yếu tim không bao giờ chinh phục đ…
faint heart never won fair lady,Người yếu tim không bao giờ chinh phục đ…
faint heart never won fair maiden,Người yếu tim không bao giờ chinh phục đ…
fair and square,công bằng minh bạch
fair coin,đồng xu không bị lệch
fair crack of the whip,trừng phạt nghiêm khắc
fair enough,chấp nhận được
fair exchange is no robbery,Đổi chác công bằng không phải là lừa đảo
fair game,công bằng
fair is fair,công bằng là công bằng
fair off,công bằng
fair play,chơi công bằng
fair sex,phái đẹp
fair shake,công bằng
fair share,phần công bằng
fair to middling,tầm thường
fair up,trời sáng dần
fair's fair,công bằng thôi
fair-haired boy,bé trai tóc vàng
fair-weather fan,người hâm mộ chỉ khi thắng
fair-weather friend,bạn hữu danh
fairly and squarely,công bằng và minh bạch
fairy money,tiền tiên
faites vos jeux,bắt đầu đi
faith can move mountains,Niềm tin có thể di chuyển cả núi
faith will move mountains,Niềm tin có thể di chuyển cả núi
fake it till one makes it,giả vờ cho đến khi thành công
fake out,lừa gạt
fake up,giả vờ
fall about,rơi xuống
fall apart,tan rã
fall around,rơi xung quanh
fall asleep,ngủ thiếp
fall at the last hurdle,thất bại ở phút cuối
fall away,rụng
fall back,lùi lại
fall back into,trở lại
fall back on,dựa vào
fall back upon,dựa vào
fall behind,bị tụt lại
fall below,thấp hơn
fall between the cracks,bị bỏ qua
fall between two stools,mắc kẹt giữa hai lựa chọn
fall by,giảm theo
fall by the wayside,bị bỏ lại phía sau
fall down,rơi
fall down on,rơi xuống
fall for,yêu
fall foul,gây sự
fall from grace,rớt hạng
fall in,rơi vào
fall in line,xếp hàng
fall in with,hòa nhập với
fall into,rơi vào
fall into a trap,bị mắc bẫy
fall into line,đi theo hàng
fall into oneself,đắm chìm trong suy nghĩ của mình
fall into place,sắp xếp đâu vào đó
fall into someone's lap,đến một cách dễ dàng
fall into the wrong hands,rơi vào tay người không xứng đáng
fall off,rơi
fall off a truck,rơi khỏi xe tải
fall off one's chair,sững sờ
fall off one's perch,mất vị thế
fall off the turnip truck,rớt khỏi xe chở củ cải đường
fall off the twig,chết yểu
fall off the wagon,rớt đài
fall on,rơi vào
fall on a grenade,chịu đạn
fall on one's face,trượt ngã mặt
fall on one's sword,tự sát để chịu trách nhiệm
fall on someone's neck,ôm chầm lấy ai đó
fall out,mất quan hệ
fall out upon,rơi xuống
fall over,ngã
fall over oneself,cố gắng hết sức
fall short,thiếu sót
fall through,rơi xuyên qua
fall through the cracks,bị bỏ qua
fall to,rơi xuống
fall to pieces,tan rã
fall together,rơi chung
fall under,thuộc về
fall up,trượt lên
fall upon,xảy ra
fall victim,mắc nạn
falling off the bone,rụng rời khỏi xương
falling out,rạn nứt
false alarm,báo động giả
false light,ánh sáng giả
false note,nốt sai
familiarity breeds contempt,quen thân sinh ghét
family jewels,bảo vật gia truyền
fan dance,múa quạt
fan out,phân phối
fan the flames,khích lửa
fancy one's chances,hy vọng vào khả năng của mình
fancy seeing you here,Gặp lại bạn ở đây thật bất ngờ
fancy up,làm đẹp hơn
fanny about,vui vẻ
fanny around,tán gẫu
fans are slans,người hâm mộ
fap off,tự thủ dâm
far and away,rõ ràng nhất
far and wide,khắp nơi
far be it,không dám
far cry,khác xa
far far away,xa xôi
far from it,hoàn toàn không phải vậy
far post,cột dọc xa
far removed,xa xôi
fare thee well,tạm biệt
farm down,giảm sản lượng nông nghiệp
farm nigger,Tôi không thể dịch cụm từ đó
farm out,thuê ngoài
farmer's tan,màu da do làm việc ngoài trời
fart about,xì hơi
fart around,vô tư
fart fan,người thích xì hơi
fart in a windstorm,muốn làm gì cũng vô ích
fart in an elevator,xì hơi trong thang máy
fart off,đi xa
fart out,xì hơi
fas est et ab hoste doceri,Học hỏi không chỉ từ bạn bè mà còn từ kẻ…
fash one's thumb,uốn ngón tay cái
fashionably late,đến muộn một cách có phong cách
fast and furious,nhanh và điên cuồng
fast asleep,ngủ say
fast sheet,bảng tính nhanh
fast times,thời gian nhanh
fasten down,thắt dây an toàn
fasten up,thắt chặt
fat as a barrel,mập như thùng
fat as a pig,béo như heo
fat cat,mèo béo
fat chance,khả năng rất thấp
fat finger,ngón tay béo
fat is flavor,mỡ là hương vị
fat is flavour,Mỡ là hương vị
fat lip,môi sưng
fat of the land,tinh túy
fat up,béo lên
fatten up,mập lên
fatty boombalatty,mỡ
Faustian bargain,Giao kèo Faustian
Faustian deal,Giao kèo Faustian
Faustian dilemma,Nghịch lý Faust
faux queen,nữ hoàng giả
favorite person,người yêu thích
fawn over,cưng chìu
fear not,Đừng sợ
feast or famine,thừa mứa hoặc thiếu thốn
feather in one's cap,thành tích
feather one's nest,tích lũy tài sản
feathered friend,bạn thân
feathered oof-bird,chim lông
featherless biped,sinh vật hai chân không có lông
fed up,chán
fed up to the back teeth,chán ngấy
fed up to the teeth,chán ngấy
federal case,vụ án liên bang
fee simple absolute in possession,sở hữu toàn quyền
feed back,phản hồi
feed into,cung cấp
feed off,hưởng lợi từ
feed on,ăn
feed the dragon,cho rồng ăn
feed the fire,dưỡng nuôi lửa
feed the meter,nạp tiền
feed the troll,kích động troll
feed through,xuyên qua
feed two birds with one scone,giết hai con chim bằng một viên đá
feed up,chán
feeding frenzy,cơn đói
feel around,sờ soạng
feel for,cảm thông
feel free,cứ tự nhiên
feel like,cảm thấy
feel like death,cảm thấy như sắp chết
feel one's way,cảm nhận
feel oneself,cảm thấy mình
feel out,khám phá
feel someone's collar,cảm thấy sự khó chịu
feel the pinch,cảm thấy khó khăn về tài chính
feel up,cảm thấy phấn chấn
feels before reals,cảm nhận trước khi thực tế
feels over reals,cảm xúc hơn sự thật
feet dry,chân khô
feet first,chân trước
feet of clay,điểm yếu
feet wet,làm quen
fence in,bao quanh
fence off,rào chắn
fence the tables,bao quanh các bàn bằng hàng rào
fencepost problem,vấn đề cọc rào
fend and prove,tự bảo vệ và chứng minh
fend away,đuổi đi
fend for oneself,tự lo liệu
fend off,chống lại
ferret about,nghiên cứu kỹ lưỡng
ferret around,sục tìm
ferret out,khám phá
fertile as a turtle,màu xanh như rùa
fess up,thú thật
fetch a compass,lấy la bàn
fetch about,mang lại
fetch and carry,lấy và mang
fetch away,mang đi
fetch in,lấy vào
fetch off,lấy đi
fetch up,lấy lên
fetch way,lấy đường
fetus deletus,thai nhi bị phá bỏ
fever pitch,cao trào
few and far between,hiếm hoi
few sandwiches short of a picnic,không đủ khôn ngoan
fiat lux,có ánh sáng
fickle mistress,người tình khó đoán
fiddle about,tinh nghịch
fiddle around,tinh nghịch
fiddle away,lãng phí
fiddle while Rome burns,coi như không có chuyện gì xảy ra
fiddle with,chỉnh chọt
fie away,bay đi
field day,ngày hội
field off,tắt máy
field out,bên ngoài
field up,khu vực
fiercen up,tăng tốc
fifth wheel,người thừa
fifty-cent tour,chuyến tham quan giá năm mươi xu
fig out,tìm ra
fight a losing battle,chiến đấu vô ích
fight back,phản kháng
fight down,chống lại
fight fire with fire,đáp trả bằng cách tương tự
fight fires,chữa cháy
fight for one's life,đấu tranh giành sự sống
fight it out,giành giải
fight like hell,chiến đấu đến cùng
fight off,chống lại
fight one's corner,bảo vệ quyền lợi của mình
fight out,giành giật
fight shy,ngại ngùng
fight up,chiến đấu
fighting chance,cơ hội chiến thắng
fighting spirit,tinh thần chiến đấu
figure away,tính toán
figure on,dự kiến
figure out,tìm ra
figure up,tính toán
file away,cất vào tủ
file down,tải xuống
file in,lưu vào
file off,mài nhẵn
file off the serial numbers,xóa số sê-ri
file out,điền vào đơn
file past,quá khứ
file with,liên quan đến
fill and fly,đổ đầy và bay
fill away,lấp đầy
fill in,điền vào
fill in the blank,điền vào chỗ trống
fill one's boots,no đong đầy
fill one's face,ăn no
fill one's hand,làm đầy tay
fill or kill,điền hoặc loại bỏ
fill out,điền vào
fill someone's shoes,thay thế ai đó
fill up,điền đầy
film at 11,phim lúc 11 giờ
film at eleven,tin tức lúc mười một giờ
film out,hết phim
filter down,lọc dần
filter out,lọc bỏ
filter up,lọc lên
filthy lucre,tiền bẩn
filthy rich,giàu có
final cut,phiên bản cuối cùng
final nail in the coffin,cái đinh cuối cùng đóng vào quan tài
final say,quyết định cuối cùng
find another gear,chuyển số
find fault,chỉ trích
find forth,khám phá
find in,tìm thấy
find it in one's heart,cảm thấy trong lòng
find it in oneself,tìm thấy trong chính mình
find no bones in,không tìm thấy xương trong
find one's feet,làm quen
find one's place,tìm vị trí của mình
find one's tongue,nói ra
find one's voice,tìm lại tiếng nói của mình
find oneself,khám phá bản thân
find out,tìm hiểu
find the net,tìm lưới
find your height,xác định chiều cao của bạn
fine and dandy like sour candy,tuyệt vời như kẹo chua
fine feathers make fine birds,Chim khoe lông thì đẹp
fine line,ranh giới mong manh
fine print,chữ nhỏ
fine words butter no parsnips,Lời hay không làm nên cơm sôi củi cháy
fine-feathered friend,bạn tốt
finer things,những điều tốt đẹp hơn
finest hour,thời khắc đẹp nhất
finger in the pie,can thiệp
finger on the pulse,nắm bắt tình hình
finger pointing at the moon,chỉ trỏ vào mặt trăng
finger to the wind,nhìn theo chiều gió
fingers and toes crossed,cầu mong
fingers crossed,cầu mong
fingers were made before forks,Ngón tay được tạo ra trước khi có nĩa
finish off,hoàn thành
finish out,hoàn thành
finish up,hoàn thành
finish with,hoàn thành với
fink out,hèn nhát
fire at will,bắn tự do
fire away,Hãy cứ nói
fire drill,báo động chữa cháy
fire hose,vòi phun nước chữa cháy
fire in the belly,niềm đam mê mãnh liệt
fire off,bắn ra
fire on all cylinders,hoạt động hết công suất
fire out,báo cáo
fire sale,giảm giá sốc
fire the starting gun,bắn pháo hiệu
fire up,khởi động
firing line,đường bắn
firing on all cylinders,hoạt động hiệu quả
firm up,củng cố
first among equals,bình đẳng nhưng có thứ tự
first and foremost,trước hết và quan trọng nhất
first and last,đầu và cuối
first annual,lần đầu tiên hàng năm
first catch your hare,bắt thỏ trước rồi tính
first loser,người thua cuộc đầu tiên
first love,tình đầu
first mile,quãng đường đầu tiên
first of all,trước hết
first of never,lần đầu tiên
first off,trước tiên
first port of call,cảng đầu tiên
first thing's first,Trước tiên và quan trọng nhất
first things first,việc trước quên việc sau
first up,đầu tiên
first-mover disadvantage,nhược điểm của người đi đầu
fish and chips,cá chiên và khoai tây chiên
fish down,cá chết
fish in troubled waters,lợi dụng lúc khó khăn
fish one's wish,thỏa mãn ước mơ
fish or cut bait,hoặc là làm hoặc là thôi
fish out,cất
fish out of water,cá nằm trên cạn
fish to fry,việc cần giải quyết
fish up,cá
fish-eating grin,nụ cười há miệng như cá ăn mồi
fishing expedition,cuộc đi câu cá
fist magnet,nam châm hình nắm đấm
fit as a fiddle,khỏe mạnh
fit for a king,xứng đáng với vua
fit in,hòa nhập
fit into,phù hợp với
fit out,trang bị
fit the bill,phù hợp
fit to be tied,ức chế
fit to wake the dead,đủ mạnh để đánh thức người chết
fit together,khớp với nhau
fit up,lắp ráp
fits and starts,thành công ngắn ngủi
five will get you ten,một sự đầu tư mang lại lợi nhuận cao
fix on,cố định
fix someone's wagon,sửa chữa xe của ai đó
fix to,sửa
fix up,sửa chữa
fix upon,quyết định
fizz out,tàn lụi
fizzle out,tàn lụi
flag away,cờ vẫy
flag down,dừng lại
flag up,đánh dấu
flail about,vung vẩy
flake down,rụng từng mảnh
flake off,bong tróc
flake out,bỏ ngang
flame out,tắt
flame up,bùng cháy
flannelled fool,kẻ ngốc mặc áo flannel
flap off,bong ra
flap one's gums,vỗ miệng
flare out,phình ra
flare up,bùng phát
flash around,khoe khoang
flash back,quay ngược thời gian
flash for cash,kiếm tiền bằng ảnh
flash over,bốc cháy
flash the ash,làm sạch tro
flash the cash,khoe tiền
flash up,nhấp nháy
flat as my hat,bằng phẳng như mũ của tôi
flat as your hat,bằng phẳng như mũ của bạn
flat chat,tốc độ tối đa
flat down,nằm xuống
flat is justice,công bằng
flat on one's back,nằm sấp
flat out,tốc độ tối đa
flat strap,dây đai bản dẹt
flatten down,làm phẳng
flatten out,làm phẳng
flavor of the week,món ăn đặc biệt của tuần
flavor up,tăng hương vị
flea in one's ear,bực mình
fleet up,tăng tốc
flesh and blood,thịt và máu
flesh one's maiden sword,rèn luyện kỹ năng kiếm thuật
flesh out,làm rõ
flex off,tập luyện
flex on,khoe khoang
flex out,kéo dài
flex up,khoe cơ
flick off,tắt nhanh
flick on the afterburners,bật chế độ tăng tốc
flick over,lật nhanh
flick through,lướt nhanh
flight of fancy,tưởng tượng
fling off,ném đi
fling out,ném ra
flip off,gửi nháy mắt
flip one's lid,mất bình tĩnh
flip one's wig,bực mình
flip out,hoảng loạn
flip over,lật
flip shit,tức giận điên cuồng
flip the bird,cười nhạo
flip through,lật nhanh
flirt with,ve vãn
float around,trôi nổi
float at,nổi trên
float someone's boat,làm hài lòng ai đó
flock together,đàn tụ tập
flog a dead horse,nói chuyện vô ích
flog a dead pony,lãng phí công sức
flog the dolphin,đánh chết cá heo
flog the log,đánh vào khúc gỗ
flood out,ngập lụt
flood the zone,bao vây
floor it,đạp ga
floor one could eat off,sàn nhà sạch sẽ đến mức có thể ăn được
flop down,ngã xuống
flop for,thích
floppy infant syndrome,hội chứng yếu cơ ở trẻ sơ sinh
flotsam and jetsam,rác trôi
flout at,cười nhạo
flow from,chảy từ
flow out,chảy ra
flower of the flock,người giỏi nhất trong nhóm
flub up,làm sai
fluff about,tán gẫu
fluff off,loại bỏ bụi
fluff out,phồng lên
fluff up,phồng lên
fluke out,may mắn
fluke up,may mắn
flump down,ngã xuống
flunk out,trượt môn
flush out,xả sạch
flute around,chơi sáo
flutter in the dovecote,chim bồ câu bay loanh quanh
flutter the dovecote,rung chuồng bồ câu
fly apart,tan rã
fly at,bay vào
fly blind,bay mù
fly by,bay qua
fly in,đến bằng máy bay
fly in the face of,phản đối
fly in the ointment,điều không may
fly into,đến bằng máy bay
fly low,bay thấp
fly off,bay đi
fly off at a tangent,lan man
fly off the handle,mất bình tĩnh
fly off the shelves,bán rất chạy
fly on the wall,người quan sát
fly out,bay đi
fly out of the blocks,bắt đầu rất tốt
fly out of the traps,bắt đầu nhanh chóng
fly solo,đi một mình
fly the flag,nâng cờ
fly too close to the sun,bay quá gần mặt trời
fly under the radar,ẩn mình
fly up,bay lên
fly upon,bay lên
flying start,khởi đầu thuận lợi
flying visit,ghé thăm ngắn
fo sheezy,thật tuyệt
fo shizzle,chắc chắn rồi
fo sho,chắc chắn rồi
fo' sheezy,thật tuyệt vời
fo' sho',chắc chắn rồi
foam up,tạo bọt
fob off,đẩy đi
fog a mirror,làm mờ gương
fog out,tan khói
fog up,làm mờ
fogged out,mờ
foist off,đẩy đi
fold away,gập gọn lại
fold down,gập xuống
fold like a cheap suit,chùn bước
fold one's tent,gói lều
fold out,mở ra
fold under zero pressure,gập dưới áp lực bằng không
fold up,gấp lại
folk devil,ác quỷ dân gian
follically challenged,mất tóc
follicly challenged,hói đầu
follicularly challenged,mỏng ở chân tóc
follow along,theo dõi
follow on,theo dõi
follow someone off a cliff,đi theo ai xuống vực
follow suit,bắt chước
follow the crowd,đi theo đám đông
follow the money,theo dõi dòng tiền
follow through,thực hiện đến cùng
follow to the grave,khiến đến nơi chôn cất
follow up,theo dõi
follow up on,theo dõi
following along,theo dõi
food baby,bụng đầy
food chain,chuỗi thức ăn
food for thought,cái để suy nghĩ
food noise,tiếng ăn
fool about,tinh nghịch
fool along,dẫn dụ
fool around,tinh nghịch
fool away,lãng phí
fool me once,lừa tôi một lần
fool up,ngốc nghếch
fool with,trêu chọc
fool's bargain,thỏa thuận ngốc nghếch
fool's errand,việc vô ích
fool's paradise,thế giới ảo
fools rush in,người ngốc thường hành động hấp tấp
foot the bill,chi trả tiền
foot up,đặt chân lên
foot voting,bỏ phiếu bằng chân
foot-in-mouth disease,nói năng vô ý
footle about,vô ích
footle around,vô ích
footle away,lãng phí
for a change,thay đổi một chút
for a fact,thực tế
for a laugh,để cho vui
for a minute,trong một phút
for a song,rẻ như cho không
for Africa,dành cho châu Phi
for all intents and purposes,về cơ bản
for all money,cho tất cả tiền
for all of someone,dành cho tất cả mọi người
for all one is worth,tất cả những gì mình có
for all one knows,có thể là
for all practical purposes,về cơ bản
for all somebody knows,có thể
for all someone cares,ai quan tâm
for all that,dù thế nào đi nữa
for all the world,cho tất cả mọi người
for all the world to see,dành cho tất cả mọi người
for all time,mãi mãi
for another thing,về một điều khác
for any sake,bất cứ vì mục đích gì
for any sakes,dù vì bất cứ lý do gì
for beans,cho đậu
for best,tốt nhất
for better or worse,dù tốt hay xấu
for Britain,cho nước Anh
for cause,vì lý do
for certain,chắc chắn
for chrissake,ôi trời ơi
for crying out loud,thật là phiền phức
for days,trong nhiều ngày
for dear life,vì cứu mạng
for England,cho nước Anh
for example,ví dụ
for fake,giả
for fear of,vì sợ
for fear that,vì sợ rằng
for free,miễn phí
for fuck's sake,chao ơi
for fucking out loud,chết tiệt
for fudge's sake,chao ơi
for good,tốt đẹp
for good and all,mãi mãi
for good measure,để chắc chắn hơn
for good or ill,tốt hay xấu
for goodness' sake,xin đừng
for goodness' sakes,ôi trời ơi
for goodness's sake,xin đừng
for grins,vì vui
for heaven's sake,xin đừng
for hellery,dành cho Hillary
for instance,ví dụ
for Ireland,cho Ireland
for keeps,mãi mãi
for kicks,vì vui
for lack of,thiếu
for lack of trying,vì không cố gắng
for laughs,vì vui
for life,trọn đời
for long,lâu dài
for love nor money,dù vì tình yêu hay tiền bạc
for me and not for thee,cho tôi không phải cho bạn
for mercy's sake,xin hãy thương xót
for my money,theo ý kiến của tôi
for my sins,vì những lỗi lầm của tôi
for name's sake,vì danh dự
for no good reason,vì không có lý do gì cả
for nothing,vô ích
for old sake's sake,vì lòng trung thành
for old time's sake,vì tình nghĩa xưa
for old times' sake,vì những kỷ niệm xưa
for old times' sakes,vì những kỷ niệm xưa
for once,lần này
for once and for all,một lần và mãi mãi
for one thing,một mặt
for one's foams,cho bọt của ai đó
for one's heart,vì tình yêu
for one's life,vì mạng sống
for one's liking,theo sở thích
for one's own hand,bằng chính tay mình
for one's own part,về phần mình
for one's part,về phần mình
for one's particular,riêng cho
for one's trouble,vì sự cố gắng
for Pete's sake,chao ơi
for pity's sake,xin thương xót
for real and for true,thật sự
for real life,trong thực tế
for reasons,vì lý do
for rent,cho thuê
for sake of,vì lẽ
for sale,bán
for Scotland,cho Scotland
for shame's sake,vì danh dự
for sheezy,cho những người thích
for shit,chết tiệt
for shits and giggles,vì vui thôi
for shits and grins,chỉ để vui thôi
for short,viết tắt
for show,cho trưng bày
for some reason,vì một lý do nào đó
for someone,cho ai đó
for sour apples,cho táo chua
for sure,chắc chắn
for that matter,về vấn đề đó
for the ages,tuyệt vời
for the asking,dễ dàng có được
for the best,tốt nhất
for the better,tốt hơn
for the birds,vô ích
for the book,cho cuốn sách
for the cheap seats,cho chỗ rẻ
for the children,dành cho trẻ em
for the chop,cho việc thái
for the craic,vì niềm vui
for the foreseeable,trong tương lai gần
for the fuck of it,vì muốn mà thôi
for the fun of it,vì vui
for the Gipper,vì Gipper
for the gods,dành cho các vị thần
for the heck of it,chỉ vì muốn thế
for the hell of it,chỉ vì muốn thế
for the high jump,cho môn nhảy cao
for the last time,lần cuối cùng
for the life of one,trong suốt cuộc đời của một người
for the lols,vì mục đích giải trí
for the lolz,vì vui thôi
for the lose,để mất
for the loss,vì sự mất mát
for the love of,vì tình yêu
for the love of me,vì tình yêu của tôi
for the love of the game,vì tình yêu với môn thể thao này
for the lulz,vì vui
for the main,chính
for the mean time,trong thời gian này
for the meantime,trong lúc này
for the most part,phần lớn
for the nonce,tạm thời
for the plot,cho cốt truyện
for the present,tạm thời
for the record,để ghi lại
for the rest,còn lại
for the sake of,vì lẽ
for the taking,dễ lấy
for the time being,tạm thời
for the want of,vì thiếu
for the win,để giành chiến thắng
for the world,cho thế giới
for the worse,tệ hơn
for this once,lần này thôi
for toffee,cho kẹo
for two pins,cho hai chiếc ghim
for very shame's sake,vì sự xấu hổ tột độ
for Wales,cho xứ Wales
for want of,vì thiếu
for weal or woe,dù tốt hay xấu
for what it's worth,dù sao đi nữa
for worlds,cho các thế giới
for XYZ reasons,vì những lý do XYZ
for ya,cho bạn
for your eyes only,chỉ dành cho bạn xem
for your information,để bạn biết
forbidden fruit,trái cấm
forbidden fruit is the sweetest,Trái cấm thường ngon nhất
force down someone's throat,ép buộc
force in,trong
force of habit,thói quen
force out,đuổi ra
force someone's hand,buộc người ta phải làm điều gì đó
forever and a day,mãi mãi
forewarned is forearmed,phòng bệnh hơn chữa bệnh
forge ahead,tiến lên phía trước
forge over,vượt qua
forget about,quên đi
forget it,quên đi
forget oneself,quên mình
forget you,quên bạn
forgive and forget,tha thứ và quên đi
forgive but don't forget,tha thứ nhưng đừng quên
fork found in kitchen,nĩa tìm thấy trong bếp
fork off,rẽ nhánh
fork out,chi trả
fork over,trả tiền
forked tongue,lưỡi hai mặt
fort up,củng cố phòng thủ
fortune favors the bold,May mắn ưu ái những người dũng cảm
fortune favors the brave,May mắn ưu ái những người dũng cảm
fortune favors the daring,May mắn ưu ái những người dám thử thách
fortune favours the bold,May mắn ưu ái những người dũng cảm
fortune favours the brave,May mắn ưu ái những người dũng cảm
fortune favours the daring,May mắn ưu ái những người dám thử thách
forty minutes of hell,bốn mươi phút địa ngục
forty winks,chợp mắt
forward and backward,xuôi và ngược
foster up,nuôi dưỡng
foul out,bị loại
foul up,làm rối
fountain of youth,nguồn sống vĩnh cửu
Four Floors of Whores,Bốn tầng của những người mại dâm
Four Horsemen of the Apocalypse,Bốn Kỵ Sĩ Khải Huyền
four more years,bốn năm nữa
four score and seven years ago,bốn mươi bảy năm trước
four sheets to the wind,say đắm
four-leaf clover,cỏ ba lá có bốn lá
four-minute warning,cảnh báo bốn phút
fourth estate,báo chí
fourth gear,số bốn
fourth wall,bức tường thứ tư
fox in the henhouse,cáo trong chuồng gà
fox sleep,cáo ngủ
fox's socks,tất của con cáo
frame in,khung
frame out,khung
frame up,vu oan
freak flag,cờ phượng hoàng
freak off,điên rồ
freak out,hoảng loạn
freaking gosh,chao ơi
freckle up,tàn nhang
free alongside ship,giao hàng tận nơi
free alongside ships,bên cạnh tàu
free hand,tay không
free lunch,ăn trưa miễn phí
free ride,đi nhờ xe
free up,giải phóng
freedom ain't free,Tự do không phải miễn phí
freedom is not free,Tự do không phải là miễn phí
freedom isn't free,Tự do không phải là miễn phí
freedom's not free,Tự do không phải miễn phí
freeze on to,đóng băng
freeze onto,đóng băng vào
freeze out,loại bỏ
freeze over,đông lại
freeze to,đóng băng
freeze up,đông lại
freezing cold,cực lạnh
French fact,Sự thật về nước Pháp
French leave,nghỉ phép không báo trước
frequent flyer,khách hàng thân thiết
fresh legs,chân khỏe
fresh off the boat,vừa mới đến
fresh out of,vừa mới tốt nghiệp
fresh start,bắt đầu lại
fresh up,tươi mới
freshen up,làm mới
fret the gizzard,lo lắng về dạ dày
friend of Bill W.,Bạn của Bill W
friend with benefits,Bạn tình
friends in high places,những người có vị trí cao
friends in low places,bạn bè ở tầng lớp thấp
friendship with benefits,mối quan hệ bạn bè có lợi ích
frig around,tinh nghịch
frig it,chết tiệt
frig off,tắt máy
frig up,làm lạnh
frigg up,phá hoại
frit away,lãng phí
fritter away,lãng phí
fritz out,hỏng
fritz up,làm rối loạn
frizz up,xù lông
frog in one's throat,khô họng
from a distance,từ xa
from a mile away,từ rất xa
from a standing start,từ trạng thái đứng yên
from A to B,từ A đến B
from A to izzard,từ A đến Z
from A to Z,từ A đến Z
from A to Zed,từ A đến Z
from A to Zee,từ A đến Z
from aardvark to zymurgy,từ aardvark đến zymurgy
from all accounts,từ tất cả các nguồn thông tin
from all reports,theo tất cả các báo cáo
from an early age,từ khi còn nhỏ
from away,từ xa
from beginning to end,từ đầu đến cuối
from can see to can't see,từ có thể nhìn thấy đến không thể nhìn t…
from central casting,từ công ty tuyển diễn viên
from cover to cover,từ trang đầu đến trang cuối
from cradle to grave,từ khi sinh ra đến khi chết
from first to last,từ đầu đến cuối
from good hands,từ những người có trách nhiệm
from hand to hand,tay chuyền tay
from hell,từ địa ngục
from here to Sunday,từ đây đến Chủ nhật
from hereon out,từ bây giờ trở đi
from home,từ nhà
from hunger,từ đói
from jump street,từ trường huấn luyện
from Kashmir to Kanyakumari,từ Kashmir đến Kanyakumari
from me born,do tôi sinh ra
from memory,từ trí nhớ
from Missouri,từ Missouri
from Murphy to Manteo,từ Murphy đến Manteo
from now on,từ bây giờ
from nowhere,từ đâu không rõ
from on high,từ trên cao
from one day to the next,từ ngày này sang ngày khác
from pillar to post,từ chỗ này đến chỗ khác
from post to pillar,từ cột đến cột
from power,từ quyền lực
from scratch,từ đầu
from sea to shining sea,từ biển này đến biển kia
from side to side,từ bên này sang bên kia
from soda to hock,từ nước ngọt đến bia
from someone's mouth to God's ears,như lời Phật dạy
from soup to nuts,từ đầu đến cuối
from start to finish,từ đầu đến cuối
from stem to stern,từ mũi đến đuôi
from the bottom of one's heart,từ tận đáy lòng
from the cradle to the grave,từ khi sinh ra đến khi chết
from the dead,từ cõi chết
from the East German judge,từ vị thẩm phán Đông Đức
from the face of the earth,từ trên mặt đất
from the first,từ đầu tiên
from the get,từ đầu
from the get-go,từ đầu
from the git,từ git
from the git-go,từ đầu
from the ground up,từ đầu đến cuối
from the heart,từ tận đáy lòng
from the hip,từ eo
from the jump,từ ngay từ đầu
from the outset,từ đầu
from the river to the sea,từ sông đến biển
from the rooter to the tooter,từ gốc đến đầu
from the start,từ đầu
from the top,từ trên xuống
from the womb to the tomb,từ khi sinh ra đến khi chết
from the word go,từ đầu
from time to time,thỉnh thoảng
from top to bottom,từ trên xuống dưới
from top to toe,từ đầu đến chân
from week to week,từ tuần này qua tuần khác
from where one is sitting,từ vị trí đang ngồi
from where one sits,từ vị trí ngồi
from womb to tomb,từ khi sinh ra đến khi chết
from your lips to God's ears,nghe vào tai như sét đánh
front and center,ở vị trí trung tâm
front of mind,trong tâm trí
front off,mặt trước
front on,mặt trước
front oneself off,tự giới thiệu
front runner,ứng cử viên hàng đầu
front up,đứng ra
frost up,đông lại
froth up,đánh bông
frown at,nhăn mặt
frown on,phản đối
frown upon,phản đối
fruit of one's loins,con đàn cháu đẻ
fruit of the poisonous tree,quả của cây độc
fruit of the union,kết quả của sự kết hợp
fruit up,trái cây
fruity in the booty,trái cây ở mông
fry up,chiên
fuck 12,địt mẹ
fuck about,tinh nghịch
fuck and chuck,đấm đá và ném
fuck around,tinh nghịch
fuck around and find out,tự mình tìm hiểu hậu quả
fuck away,điên rồ
fuck if I know,Tôi không biết
fuck it,chết tiệt
fuck it up,phá hỏng
fuck knows,Ai biết
fuck off,đi đi
fuck over,lừa gạt
fuck round,tinh nghịch
fuck someone upside down,quan hệ tình dục với ai đó ở tư thế úp x…
fuck someone's brains out,quan hệ tình dục với ai đó
fuck that noise,Đéo cần
fuck this,chết tiệt
fuck this for a lark,chán ngấy
fuck up,phá hoại
fuck with,gây rắc rối cho
fuck y'all,đéo cần quan tâm các người
fuck you,Địt mẹ mày
fuck yourself,điếm thân
fuck's sake,chao ơi
fucked off,điên tiết
fucked over,lừa gạt
fucking hell,chết tiệt
fucking oath,thề có
fucking shit,đồ khốn nạn
fudge factor,hệ số dự phòng
fudge the issue,né tránh vấn đề
fudge together,cùng làm bánh flan
fuel up,bơm xăng
fuh sheezy,quá đỉnh
fujo out,ra ngoài
fujoshi out,tạm biệt
fuk u,địt mẹ mày
full blast,hoạt động hết công suất
full butt,mông to
full circle,hoàn thành một vòng
full marks,điểm tối đa
full of,đầy
full of beans,hào hứng
full of hot air,nói nhiều nhưng vô nghĩa
full of it,nói dối
full of oneself,tự cao tự đại
full of piss and vinegar,hăng hái nhiệt tình
full pelt,tốc độ tối đa
full ride,học bổng toàn phần
full speed ahead,tốc độ tối đa
full steam,tốc độ tối đa
full tide,thủy triều lớn
full tilt,tốc độ tối đa
full tilt boogie,nhún nhảy vui vẻ
full to the gills,chậm chạp
full whack,từng đòn
full-time job,công việc toàn thời gian
fully briefed,đã được thông báo đầy đủ
fully fledged,hoàn chỉnh
fully rigged,được trang bị đầy đủ
fun and games,vui chơi
fun in a bun,vui vẻ
fun on a bun,tiệc nướng
fun up,vui vẻ
functionally complete,hoàn thành chức năng
funk out,phát cuồng
funk up,làm hỏng
funny as a barrel of monkeys,hài hước như chim sẻ
funny bone,xương hài
funny man,người hài hước
funny stuff,những điều hài hước
funny that,thật hài hước
fur out,phát triển
fur up,xù lông
furbish up,làm mới
furnish out,trang bị
fuss around,lăn tăn
fuss over,lo lắng quá mức
futt about,quan tâm đến
futz around,tinh nghịch
futz with,chỉnh sửa
fuzz out,làm mờ
fuzzy over,mờ nhòe
G. O. A.,Không rõ nghĩa
gaff off,tạm biệt
gag me with a spoon,Im lặng đi
gagging for it,thèm khát
gain momentum,tiến triển nhanh
gain on,lợi nhuận
gain over,chiếm lĩnh
gain time,kiếm thời gian
gain upon,tiến gần hơn
gall and wormwood,cứng đầu và đắng chát
gallows humor,hài đen
game face,biểu cảm nghiêm túc
game is game,game là game
game on,bắt đầu rồi
game out,thử nghiệm
game over,Trò chơi kết thúc
game plan,kế hoạch
gandy dancer,người gác chắn đường sắt
gang up,xúm lại
gang up on,xúm lại đánh
gape for,ngạc nhiên
gapers' block,khối đá chắn cửa
garden variety,thông thường
garner up,thu thập
gas and air,khí mêtan
gas and go,đổ xăng rồi đi
gas out,xả khí
gas up,đổ xăng
gate off,đóng cổng
gateway drug,ma túy gây nghiện
gather dust,bám bụi
gather oneself together,tự lấy lại bình tĩnh
gather rosebuds,hái hoa hồng
gather up,thu thập
gather way,tập hợp
gavel out,búa gõ
gavel to order,bắt đầu phiên họp
gay for pay,tình một đêm để kiếm tiền
gay for the stay,tình dục đồng giới trong thời gian lưu t…
gay up,khuyến khích
gear down,chuyển số
gear to,bộ bánh răng
gear towards,hướng tới
gear up,chuẩn bị
gee along,tiến lên
gee up,tăng tốc
geek chic,Phong cách trí thức cá tính
geek out,say đắm
geez Louise,Ôi trời ơi
geeze up,tinh thần
geg in,geg
gen up,tạo ra
gen. et sp. nov.,loài mới và chi mới
gender bender,người thay đổi giới tính
genetic lottery,may mắn di truyền
genetically engineered,di truyền biến đổi
genetically modified,biến đổi gen
gentle as a lamb,hiền lành như cừu
gentle giant,người khổng lồ hiền lành
gentle sex,phái nữ
genuine article,hàng thật
geographically challenged,khó khăn về địa lý
German goiter,Bệnh tuyến giáp do thiếu iốt
German virgin,trinh nữ Đức
get a charge out of,vui vẻ
get a clue,hiểu ra
get a fix,sửa chữa
get a grip,giữ bình tĩnh
get a horse,mua một con ngựa
get a kick out of,thích thú
get a leg up,có lợi thế
get a life,sống đi
get a line on,tìm hiểu về
get a move on,mau lên
get a pair,mua một đôi
get a rise out of,khiến ai đó cười
get a room,đi thuê phòng
get a wiggle on,mau lên
get a wriggle on,mau lên
get about,đi lại
get above oneself,tự cao tự đại
get across,truyền đạt
get after,đuổi theo
get ahead,vượt lên
get ahead of,đi trước
get ahead of oneself,tự mãn
get along,thân thiện
get amongst it,tham gia
get around,di chuyển
get around to,dành thời gian làm
get at,ám chỉ
get away,thoát khỏi
get away with,thoát tội
get back,quay lại
get back at,trả thù
get back on the horse,tiếp tục cố gắng
get back to,liên hệ lại
get beans,mua đậu
get behind,bị tụt lại phía sau
get bent,uốn cong
get bent out of shape,bực mình
get better,khỏi bệnh
get between,ở giữa
get big or get out,hoặc là phát triển hoặc là biến mất
get blood out of a stone,vắt chanh để lấy nước
get busy,bận rộn
get by,sống sót
get by with,vận động
get changed,thay đồ
get down,xuống đi
get down on,hạ xuống
get down to,bắt đầu làm
get down to bedrock,đến tận lớp đá gốc
get down to brass tacks,đi vào vấn đề
get down to business,bắt đầu công việc
get down to cases,bắt tay vào công việc
get even,trả thù
get even or get even worse,cân bằng hoặc trở nên tồi tệ hơn
get fresh,tươi mới
get grey hair from,mọc tóc bạc vì
get high,phê thuốc
get hold of,liên hệ với
get in,vào
get in on,tham gia vào
get in the boat and row,Lên thuyền và chèo
get in the way,cản trở
get in touch,liên hệ
get in trouble,gặp rắc rối
get in with,tham gia vào
get ink,lấy mực
get into,tham gia
get into it,tham gia
get into one's stride,vào nhịp điệu
get into someone's pants,quan hệ tình dục với ai đó
get into the act,tham gia
get into the wrong hands,vào tay người không nên
get into trouble,gặp rắc rối
get it,hiểu rồi
get it how one lives,sống như thế nào
get it in,nhận được
get it in ya,hấp thụ nó
get it on,mua nó đi
get it together,ổn định lại
get it up,nâng lên
get late,trễ
get life,sống
get lost,lạc đường
get misty,lạnh
get moving,bắt đầu đi
get off,xuống
get off lightly,thoát tội
get off of someone's cloud,thoát khỏi sự ám ảnh
get off on,thích
get off one's chest,nói ra
get off one's high horse,hạ cái tôi
get off the ground,cất cánh
get off the mark,bắt đầu
get off with,thoát khỏi
get on,lên
get on at,lên
get on it,xử lý
get on somebody's nerves,làm phiền
get on someone's grill,tra tấn ai đó
get on someone's nerves,làm phiền
get on the end of,đến đích
get on the stick,nỗ lực
get on to,tiến hành
get on up,lên giường
get on with,tiếp tục
get one over on,lừa gạt
get one up on,vượt lên trên
get one's act together,sắp xếp mọi thứ
get one's ass in gear,mau ra tay
get one's bowels in an uproar,bị rối loạn tiêu hóa
get one's butt somewhere,đến đâu đó
get one's claws into,cướp lấy
get one's claws out,khoe móng vuốt
get one's clock cleaned,bị đánh bại hoàn toàn
get one's feet wet,làm quen
get one's fill,thỏa mãn
get one's finger out,nỗ lực
get one's fingers burnt,gây ra hậu quả xấu
get one's fingers onto,cầm tay
get one's foot in the door,có cơ hội bước vào
get one's freak on,quẩy tung chảo
get one's fuck on,quan hệ tình dục
get one's hands dirty,làm việc vất vả
get one's hands on something,cầm được
get one's head around something,hiểu rõ về điều gì đó
get one's head straight,làm cho đầu óc tỉnh táo
get one's hopes up,hy vọng
get one's juices flowing,khơi gợi hứng thú
get one's kicks,thú vị
get one's knickers in a knot,lo lắng quá mức
get one's knickers in a twist,lo lắng quá mức
get one's marching orders,nhận lệnh đi
get one's mind around something,hiểu rõ về điều gì đó
get one's monkey up,khuấy động
get one's panties in a bunch,lo lắng quá mức
get one's panties in a pretzel,lo lắng quá mức
get one's panties in a wad,bực mình
get one's priorities right,sắp xếp thứ tự ưu tiên
get one's priorities straight,sắp xếp thứ tự ưu tiên
get one's shine box,hộp đựng đồ trang điểm
get one's shirt out,cởi áo
get one's shit together,sắp xếp mọi thứ
get one's shorts in a knot,bực mình
get one's skates on,vội vã
get one's teeth into something,tham gia vào
get one's tits in a wringer,bị rối tung rối mù
get one's undies in a bundle,lo lắng quá mức
get one's way,thành công
get one's wires crossed,hiểu lầm nhau
get oneself together,tự lấy lại bình tĩnh
get onto,lên
get out,đi ra
get out from under,thoát khỏi
get out of,ra khỏi
get out of Dodge,rời khỏi đây
get out of hand,mất kiểm soát
get out of here,đi đi
get out of jail free card,thẻ miễn trừ khỏi tù
get out of my face,Đừng chắn đường tôi
get out of my sight,Đừng đứng trước mặt tôi
get out of someone's hair,quấy rầy
get out the vote,khuyến khích mọi người đi bầu
get out while the getting's good,tận dụng cơ hội khi còn có thể
get outta here,đi đi
get over,vượt qua
get over on,lừa gạt
get over oneself,vượt qua bản thân
get past,vượt qua
get past oneself,vượt qua bản thân
get rekt,bị đánh bại
get rid of,loại bỏ
get right,đúng
get right into it,bắt đầu ngay
get round,vượt qua
get round to,dành thời gian làm
get some air,hít thở không khí
get somebody the green light,chấp thuận
get someone at it,nhờ ai làm việc đó
get someone's back up,ủng hộ ai
get someone's dander up,kích động ai đó
get someone's goat,khích giận ai đó
get someone's neurons firing,kích thích bộ não của ai đó
get something over with,hoàn thành
get something the green light,được chấp thuận
get started,bắt đầu
get straight,nói thẳng
get stuck in,mắc kẹt trong
get stuck into,tham gia tích cực
get taken in,bị lừa
get the ball rolling,bắt đầu
get the band back together,tái hợp ban nhạc
get the better of,thắng lợi
get the boot,bị đuổi
get the bullet,bắn đạn
get the chop,bị cắt
get the door,mở cửa
get the drawers,lấy ngăn kéo
get the drift,hiểu ý
get the feeling,cảm thấy
get the goods on,nhận hàng
get the green light,được chấp thuận
get the hang of,nắm bắt
get the idea,hiểu ý
get the impression,cảm nhận
get the lead out,mau lên
get the memo,nhận được thông báo
get the message,hiểu ý
get the nod,được chấp thuận
get the noggin joggin',kích thích tư duy
get the point,hiểu ý
get the runaround,bị lừa dối
get the sack,bị sa thải
get the show on the road,bắt đầu chương trình
get the wind up,khuấy động
get the word out,lan truyền thông tin
get thee behind me,Đứng ra đi
get there,đến đó
get this,nhận cái này
get through,hoàn thành
get through one's head,hiểu rõ
get to,đến được
get to first base,đến lượt đánh đầu tiên
get to grips with,làm quen với
get to one's feet,đứng dậy
get to the bottom of,làm rõ
get to the fireworks factory,đến nhà máy pháo hoa
get to the point,nói vào vấn đề
get to work,bắt đầu làm việc
get together,gặp mặt
get under it,đi dưới nó
get under somebody's skin,khó chịu
get under someone's skin,khó chịu
get underneath someone's skin,khơi gợi sự khó chịu
get up,thức dậy
get up in,đến
get up into,lên vào
get up off,đứng dậy khỏi
get up the yard,dọn dẹp sân vườn
get up to,tới mức
get up to speed,nắm bắt thông tin
get up with the chickens,thức dậy sớm
get used,quen
get well,hồi phục sức khỏe
get well soon,cố gắng hồi phục nhanh chóng
get wet,ướt
get what one asked for,nhận được những gì mình mong muốn
get what's coming to one,nhận quả báo
get wind,nghe được tin
get wind in one's jaws,mồm mép
get wind of,nghe được thông tin
get wind of something,nghe được thông tin gì đó
get with,gặp gỡ
get with it,bắt kịp
get with the program,theo kịp
get with the times,bắt kịp thời đại
get you,lấy bạn
GG no re,Thua rồi
ghetto bird,xe cũ kỹ
ghetto lottery,xổ số vùng nghèo
ghost at the feast,linh hồn trong tiệc
ghost from one's past,quá khứ ám ảnh
ghost home,nhà ma
gift from above,món quà từ trên cao
gift from heaven,quà từ thiên đường
gift from the goddesses,quà tặng của các nữ thần
gift from the heavens,món quà từ thiên đường
gift horse,con ngựa được tặng
gift of the gab,khả năng ăn nói
gift that keeps on giving,món quà ý nghĩa
gild the lily,nâng tầm quá mức
gimme a break,để tôi yên
gimme a five,chạm tay
gin up,tạo ra
ginger knob,củ gừng
ginger up,thúc đẩy
gingerbread up,bánh gừng
gird up one's loins,chuẩn bị tinh thần
give a damn,quan tâm
give a fuck,chẳng thèm
give a good account of oneself,hoàn thành tốt nhiệm vụ
give a hang,quan tâm
give a hoot,quan tâm
give a light,cháy đèn
give a man a fish,cho một người một con cá
give a monkey's,không quan tâm
give a nod,gật đầu
give a rat's arse,không quan tâm
give a rip,quan tâm
give a shit,chán ngán
give a sneck posset,tặng một món quà
give about,cho khoảng
give against,chống lại
give and take,công bằng
give as good as one gets,đáp lại bằng sự tương tự
give away,tặng
give away the farm,bán rẻ
give away the store,bán lỗ
give back,trả lại
give birth,sinh con
give by,cho bởi
give chase,bắt kịp
give credit where credit is due,khen ngợi đúng lúc đúng chỗ
give curry,cho cà ri
give dome,cho một ít
give ear,lắng nghe
give face,cho mặt
give forth,phát ra
give head,quan hệ tình dục bằng miệng
give heed,chú ý
give in,nhượng bộ
give into,nhượng bộ
give it a red-hot crack,đánh mạnh
give it a shot,thử xem
give it a whirl,thử xem
give it one's best shot,cố gắng hết sức
give it the big one,cho nó một cú thật mạnh
give it the gun,chúng tôi cho anh ta khẩu súng
give it to someone,cho ai đó
give it up,bỏ cuộc
give life to,sống
give lip,cười nhạo
give me,cho tôi
give me a break,cho tôi nghỉ ngơi
give notice,thông báo
give of oneself,cho đi
give off,phát ra
give one's all,dồn hết sức
give one's head a shake,lắc đầu
give one's life,hy sinh mạng sống
give oneself airs,khoe khoang
give or take,thêm bớt
give out,phát ra
give over,bàn giao
give pause,dừng lại
give rise to,gây ra
give somebody a hard time,khó dễ cho ai đó
give somebody the benefit of the doubt,cho ai đó cơ hội
give somebody the green light,cho phép
give someone a bloody nose,đấm cho chảy máu mũi
give someone a break,tha thứ cho ai đó
give someone a hand,giúp đỡ ai đó
give someone a hard time,khó dễ cho ai đó
give someone a ring,gọi điện thoại cho ai đó
give someone a shout,liên hệ với ai đó
give someone a speaking to,rầy laị
give someone an earful,nói một tràng
give someone beans,đánh đập ai đó
give someone enough rope,cho ai đó đủ không gian
give someone grey hair,làm ai đó tóc bạc
give someone grief,khó chịu
give someone Hail Columbia,Chúc mừng ai đó
give someone hell,khó chịu
give someone line,cho ai đó một đường
give someone something to think about,cho ai đó điều để suy nghĩ
give someone the bag,trao cho ai đó cái túi
give someone the boot,sa thải
give someone the brush-off,loại bỏ
give someone the business,làm phiền
give someone the chair,trao quyền lực
give someone the cold shoulder,lờ đi
give someone the creeps,làm ai đó sợ hãi
give someone the eye,nhìn trộm
give someone the heave-ho,sa thải
give someone the old heave-ho,chia tay
give someone the runaround,dây dưa
give someone the slip,lách qua
give someone their cards,trao bài cho ai đó
give someone their flowers,tôn trọng và đánh giá cao ai đó
give someone their head,tha cho ai đó tự do
give someone time,cho ai thời gian
give someone to understand,làm cho ai đó hiểu
give someone what for,mắng cho một trận
give someone what-for,mắng chửi
give someone wood,gây kích thích tình dục cho ai đó
give something a go,thử xem
give something a miss,bỏ lỡ
give something a try,thử xem
give something a whirl,thử xem
give something the green light,chấp thuận
give the axe,sa thải
give the devil his due,công bằng mà nói
give the elbow,chỉ tay
give the game away,phơi bày bí mật
give the green light,chấp thuận
give the lie,phản bác
give the lie to,phản bác
give the royal treatment,tôn trọng hết mực
give the sack,sa thải
give the time of day,cho biết thời gian
give up,bỏ cuộc
give up the ghost,chết
give way,nhường đường
give weight,cân
give what for,đánh cho có
give your head a wobble,nhún vai
give zero fucks,không quan tâm
given that,tuy nhiên
given time,thời gian cho phép
glad tidings,tin mừng
glam up,trang điểm
glance away,nhìn đi chỗ khác
glance off,va vào
glance over,nhìn lướt qua
glass ceiling,trần kính
glaze over,làm mờ
glaze up,lấp lánh
glitch out,lỗi
glom on,bám theo
glom onto,bám vào
glomb on,dính chặt
glomb onto,bám chặt
glomp on,ôm chặt
glomp onto,ôm chặt
gloom and doom,buồn bã và tuyệt vọng
glory be,Ngước lên nhìn
gloss over,che đậy
glove up,đeo găng tay
gloves are off,mọi thứ đã xong
glow up,lột xác
glutton for punishment,thích chịu đựng sự trừng phạt
gnash one's teeth,gritted teeth
gnash up,cắn răng nghiến lợi
gnaw someone's vitals,gặm nhấm tâm can
go a long way,đi xa
go about,thực hiện
go about to,tiến hành
go after,đuổi theo
go against,phản đối
go against the grain,phản đối quan điểm phổ biến
go ahead,đi thôi
go ahead with,tiếp tục
go all around the Wrekin,đi vòng quanh Wrekin
go all out,dồn hết sức
go all the way,đi hết sức
go along,đi cùng
go along for the ride,đi cùng
go along to get along,cố gắng hòa hợp
go along with,đồng ý
go along with the gag,đồng ý với trò đùa
go and boil your head,điên rồ
go and eat coke,đi ăn coca
go around,xung quanh
go around in circles,quay vòng vòng
go around the houses,đi vòng quanh các ngôi nhà
go around with,đi cùng với
go at,đi
go at a good clip,di nhanh
go at it,bắt đầu
go away,đi đi
go back,quay lại
go back in time,quay ngược thời gian
go back on,rút lại
go back to,quay lại
go back to the drawing board,bắt đầu lại từ đầu
go back to your country,quay về nước của bạn
go bail,đặt tiền bảo lãnh
go ballistic,mất kiểm soát
go bananas,điên
go batshit,điên rồ
go begging,xin ăn
go below,xuống dưới
go berserk,mất trí
go between,làm trung gian
go beyond,vượt quá
go big or go home,hoặc là làm lớn hoặc là về nhà
go by,đi qua
go by the board,bị bỏ rơi
go by the wayside,bỏ rơi
go climb a tree,leo cây
go commando,mặc đồ lót
go commit,thực hiện
go down,xuống
go down in flames,cháy trụi
go down on,xuống
go down that road,đi xuống con đường đó
go down the drain,bị trôi xuống cống
go down the khazi,đi vệ sinh
go down the pan,hỏng
go down the road,đi xuống đường
go down the toilet,rớt xuống bồn cầu
go down the tubes,bế tắc
go down the wrong way,đi sai đường
go down with,mắc bệnh
go downhill,xuống dốc
go downtown,đi trung tâm thành phố
go Dutch,chia tiền
go easy on somebody,tha thứ cho ai đó
go far,đi xa
go fig,đi tìm hiểu
go figure,thật khó hiểu
Go Fish,Đánh bài bắt cá
go fly a kite,đi thả diều
go for,đi
go for a song,rẻ như cho không
go for broke,liều lĩnh
go for it,cứ làm đi
go for the gold,cố gắng giành giải nhất
go for the kill,ra tay giết người
go for the throat,tấn công trực diện
go forth,đi đi
go forth and multiply,Hãy đi và sinh sôi nảy nở
go free,đi tự do
go from strength to strength,ngày càng phát triển mạnh mẽ
go from zero to hero,từ con số không trở thành người hùng
go fuck oneself,đi fuck bản thân đi
go fuck your mother,đi fuck mẹ mày
go fuck yourself sideways,đi đâm sau
go Galt,đi Galt
go get 'em,đi bắt chúng
go great guns,hoạt động tốt
go green,sống xanh
go halfsies,chia đôi
go halves,chia đôi
go hang,đi tắm
go hard or go home,hoặc là làm hết mình hoặc là bỏ cuộc
go hard with someone,hành động mạnh với ai đó
go Hollywood,đến Hollywood
go horribly right,hoàn toàn đúng đắn
go in,vào
go in for,tham gia
go in for the kill,xâm lược
go in off,vào trong nghỉ
go in on,tham gia vào
go in the out door,vào cửa ra ngoài
go in with,tham gia với
go into,vào
go into one's shell,ủ dột
go it alone,tự mình làm
go jump in the lake,đi nhảy xuống hồ đi
go jump off a bridge,đi nhảy xuống cầu
go jump off a building,đi nhảy từ trên cao xuống
go jump off a cliff,đi nhảy xuống vực
go left,rẽ trái
go moggy,mèo hoang
go native,hóa thân vào người bản địa
go nowhere,không đi đâu cả
go nowhere fast,đi không đến đâu
go off,nổ
go off at score,nổ khi đạt điểm
go off half-cocked,nóng vội
go off into the weeds,lan man
go off on one,nói lan man
go off the boil,hạ nhiệt
go on,tiếp tục
go on by,đi tiếp
go on one's merry way,tự do đi
go on sale,bắt đầu giảm giá
go on the mitch,đi trên tàu Mitch
go on the scout,đi trinh sát
go on then,cứ đi thôi
go one's own way,đi theo con đường riêng của mình
go or blow,đi hoặc thổi
go out,đi chơi
go out of business,phá sản
go out of one's way,cố gắng hết sức
go out with a bang,kết thúc một cách ngoạn mục
go out with the ark,đi cùng thuyền Noah
go over,xem lại
go over someone's head,vượt quá thẩm quyền của ai đó
go over to the majority,ủng hộ đa số
go overboard,quá mức
go past,đi qua
go pear-shaped,làm hỏng
go places,đi khắp nơi
go play in the traffic,đi chơi trong đường giao thông
go public,phát hành cổ phiếu ra công chúng
go rogue,phá luật
go round,quay vòng
go round in circles,quay vòng vòng
go round with,đi cùng với
go shit yourself,đi ị đi
go snake,rắn đi
go so far as,đến mức
go soak your head,đi ngâm đầu
go south,đi về phía nam
go straight,đi thẳng
go the distance,vượt qua mọi khó khăn
go the extra mile,nỗ lực hết mình
go the way of,đi theo con đường
go the way of the dinosaurs,tuyệt chủng
go the way of the dodo,biến mất
go the whole hog,chọn lựa tốt nhất
go their separate ways,chia tay nhau
go through,xuyên qua
go through hell,sống trong địa ngục
go through the gears,chuyển số
go through the mill,trải qua nhiều khó khăn
go through the motions,thực hiện một cách máy móc
go through with,thực hiện
go to,đi đến
go to bat,ra sân
go to Canossa,đi Canossa
go to great lengths,cố gắng hết sức
go to great lengths to do something,cố gắng hết sức
go to ground,chui xuống đất
go to one's head,làm cho ai đó mất bình tĩnh
go to pieces,tan rã
go to Prestwich,đi Prestwich
go to sea,đi biển
go to seed,tàn
go to sleep,Đi ngủ
go to someone's head,làm ai đó tự cao tự đại
go to the bow-wows,đi đến chỗ chó
go to the dogs,suy tàn
go to the mat,chịu thua
go to the mattresses,chuẩn bị chiến đấu
go to the polls,đi bầu cử
go to the scaffold,ra pháp trường
go to the wall,đến bức tường
go to the well,đi lấy nước
go to town,đi thị trấn
go to town on,dành nhiều tiền cho
go to war,đi đánh trận
go to work,đi làm
go together,đi cùng nhau
go too far,quá đáng
go towards,hướng về
go tutti-frutti,hỗn hợp trái cây
go under,chìm xuống
go up,lên
go up against,đối đầu
go up for,lên
go up in flames,bốc cháy
go up in smoke,tan biến
go walking,đi bộ
go wild,phá phách
go with,đi cùng
go with one's gut,lắng nghe trực giác
go with the flow,cứ thuận theo tự nhiên
go with the flow of traffic,đi theo dòng chảy giao thông
go with the wind,theo gió
go without,thiếu
go without saying,hiển nhiên
go wrong,lỗi
gob off,đi đi
gob up,nuốt chửng
gobble down,ăn ực
gobble off,ăn ực
gobble up,nuốt chửng
God bless someone's cotton socks,Chúc người đó may mắn
God does not play dice,Thượng đế không chơi xí ngầu
God doesn't give with both hands,Thượng đế không bao giờ ban cho mà lại l…
God forbid,Xin đừng để
God forfend,Xin đừng nói vậy
God hates a coward,Chúa ghét kẻ hèn nhát
God helps them that help themselves,Phúc cho những ai tự giúp mình
God helps them who help themselves,Thiên Chúa giúp những người tự giúp mình
God helps those who help themselves,Thiên Chúa giúp những người tự giúp mình
God is in the detail,Thiên thần nằm trong những chi tiết nhỏ …
God knew,Chúa biết
God knows,Chúa biết
God love someone,Chúa thương người
God loves a trier,Chúa yêu những người cố gắng
God only knows,Chỉ có trời mới biết
God rest her soul,Nguyện xin Chúa phù hộ hồn người
God rest his soul,Nguyện xin Chúa phù hộ linh hồn người
God rest their soul,Nguyện xin Chúa phù hộ linh hồn họ
God rest their souls,Nguyện xin Chúa phù hộ linh hồn họ
God Shave the Queen,Xin Chúa phù hộ Nữ hoàng
god that failed,thần bị thất bại
God works in mysterious ways,Chúa làm việc theo những cách kỳ diệu
God's eye,Mắt của Chúa
God's gift,Món quà của Chúa
God's gift to men,Món quà của Chúa ban cho đàn ông
God's gift to women,Món quà của Chúa cho phụ nữ
God's green earth,Trái đất xanh tươi của Chúa
God's honest truth,Sự thật lòng thành
God's work,Công việc của Chúa
Goddess knows,Thần biết
Goddess only knows,Thượng đế biết
gods bless you,chúc bạn may mắn
going away,đi
going on,đang diễn ra
going rate,giá thị trường
going to,đi đến
gold in them thar hills,vàng ở những ngọn đồi đó
gold is where you find it,Vàng ở đâu thì tìm thấy
gold mine,mỏ vàng
gold over,vàng phủ
golden age,thời kỳ vàng son
golden duck,vịt vàng
golden goose,gà vàng
golden handcuffs,còng tay vàng
golden handshake,thương lượng đàm phán
golden hello,phần thưởng khi bắt đầu công việc
golden mean,trung dung
golden opportunity,cơ hội vàng
golden parachute,thỏa thuận rời công ty với điều kiện ưu …
golden rule,quy tắc vàng
golden thread,dây vàng
golden ticket,vé vàng
golden touch,chạm vào là thành vàng
golden years,những năm tháng tươi đẹp nhất
golf widow,góa phụ vì golf
gone by lunchtime,sẽ hết trước giờ ăn trưa
gone case,không còn hy vọng
gone fishing,đi câu cá
gone north about,đi về phía bắc khoảng
gone with the wind,tan biến theo gió
Gong Xi Fa Cai,Chúc mừng năm mới
gonk out,hỏng
good afternoon,chào buổi chiều
good and,tốt và
good as gold,nghe lời
good as new,còn như mới
good black don't crack,đen tốt không bị nứt
good books,những cuốn sách hay
good boy,chàng trai tốt
good boys deserve fudge always,Những cậu bé ngoan đáng được ăn bánh sô …
good coin,tiền tốt
good day,chào buổi sáng
good deal,thỏa thuận tốt
good doctor,bác sĩ tốt
good drunk,say đắm
good egg,người tốt
good enough for government work,đủ tiêu chuẩn cho công việc của chính ph…
good enough for jazz,đủ tốt cho nhạc jazz
good enough to eat,ngon đến mức muốn ăn luôn
good eve,chào buổi tối
good fences make good neighbors,Hàng rào tốt tạo nên tình hàng xóm tốt
good fences make good neighbours,Hàng rào tốt tạo nên tình hàng xóm tốt
good game,trò chơi hay
good girl,con gái ngoan
good God,ôi trời ơi
good graces,sự thiện cảm
good gracious,ôi trời ơi
good head on one's shoulders,có đầu óc
good job,giỏi lắm
good life,cuộc sống tốt đẹp
good looker,người đẹp trai
good luck,Chúc may mắn
good morn,chào buổi sáng
good morning,chào buổi sáng
good night,chúc ngủ ngon
good night nurse,chúc ngủ ngon y tá
good noon,chào buổi trưa
good old days,những ngày xưa tốt đẹp
good on someone,tốt lắm
good riddance,may mắn thoát khỏi
good run,chạy tốt
Good Samaritan,Người tốt bụng
good sense,lý trí
Good Thing,Điều tốt
good things come in small packages,Những điều tốt đẹp thường đến trong nhữn…
good things come in threes,Thường thì mọi thứ tốt đẹp đến theo nhóm…
good time coming,Thời gian tốt đẹp đang đến
good times,những thời gian tốt đẹp
good turn,cái tốt
good value,giá tốt
good voice to beg bacon,giọng hay để van xin thịt xông khói
good wine needs no bush,Rượu ngon không cần quảng cáo
good-time Charlie,người thích vui chơi
goodness gracious,ôi trời ơi
goodness gracious me,ôi trời ơi
goodness knows,ai biết
goodness me,ô hay
goodnight Irene,chúc ngủ ngon Irene
goodnight nurse,chúc ngủ ngon y tá
goodnight Vienna,chúc ngủ ngon Vienna
goof around,tinh nghịch
goof off,lêu lỏng
goof on,ngốc nghếch
goof up,làm sai
Google is your friend,Google là bạn của bạn
google up,tìm kiếm trên Google
gook up,tra cứu
goon out,ra ngoài
goon squad,băng đảng
goose up,kích thích
gooseberry eye,mụi trâu
gooseberry season,mùa dâu tây
gorilla in the room,vấn đề lớn ai cũng biết nhưng không ai d…
gosh knows,ai biết
got it,hiểu rồi
got it going on,hoàn thành
got to,phải đến
goth out,đi chơi
goth up,lên trên
gottle o' geer,Ôi trời ơi
gouge out,khoét sâu
grab and go,mua nhanh rồi đi
grab at,bắt lấy
grab by the lapels,tóm lấy áo
grab off,giật lấy
grab the bull by the horns,chấp nhận đối mặt với khó khăn
grab the popcorn,bắt bỏng
graceful degradation,sự suy giảm duyên dáng
gradually typed,gõ từ từ
graff up,vẽ bậy
grain of truth,hạt giống sự thật
grain up,tăng trưởng
grammar Nazi,người quá khắt khe về ngữ pháp
grammar police,cảnh sát ngôn ngữ
grand passion,tình yêu lớn
grand poobah,người có quyền lực cao nhất
grand scheme,kế hoạch lớn
Grand Strand,Bờ biển lớn
grand total,tổng cộng
grandfather in,ông nội
grandstand play,phô diễn
granny dumping,người già bị bỏ rơi
granny's fanny,túi đựng đồ của bà
granted that,giả sử rằng
grapes of wrath,cơn giận dữ
grapple with,đấu tranh với
grasp at straws,bấu víu
grass on,trên cỏ
grass tops,ngọn cỏ
grass up,tố cáo
grate on somebody's nerves,khó chịu
gravitationally challenged,khó khăn trong việc giữ thăng bằng
gravity's pull,lực hấp dẫn
gravy train,cơ hội kiếm chác dễ dàng
gray hat,mũ màu xám
gray out,xám đi
grease it on,thoa lên
grease monkey,thợ sửa xe
grease payment,lại tiền
grease someone's palm,hối lộ
grease the skids,làm cho mọi việc dễ dàng hơn
grease the wheels,bôi trơn
grease up,bôi trơn
greasy spoon,quán ăn bình dân
great balls of fire,quả cầu lửa
great beyond,tuyệt vời hơn
great deal,rất nhiều
great haste makes great waste,Cố gắng quá mức thường dẫn đến lãng phí
great job,công việc tốt
great minds,những bộ óc vĩ đại
great minds think alike,Những bộ óc vĩ đại thường có cùng suy ng…
great oaks from little acorns grow,Cây sồi lớn từ những hạt dẻ nhỏ
great unwashed,người dân thường
greater of two evils,điều ác lớn hơn
greatest thing since sliced bread,điều tuyệt vời nhất kể từ khi có bánh mì…
Greek calends,Ngày đầu tháng theo lịch Hy Lạp
green about the gills,mặt xanh lét
green as grass,xanh như cỏ
green fingers,khéo tay trồng cây
green handshake,bắt tay thân thiện
green in earth,xanh trên đất
green indigo,xanh lam
green light,xanh đèn
green lights to Malibu,Đèn xanh đi Malibu
green old age,tuổi già an nhàn
green out,mất kết nối
green queen,nữ hoàng xanh
green state,tiểu bang xanh
green thumb,giỏi làm vườn
green up,xanh hơn
green with envy,ghen tị
greener pastures,cỏ xanh hơn
grey area,khu vực xám
grey cells,bộ não
grey matter,vỏ não
grey out,xám đi
grey power,sức mạnh của người cao tuổi
grill up,nướng
grin and bear it,chịu đựng
grind down,xay nghiền
grind one's gears,làm tức giận
grind out,cố gắng hết sức
grind the corn,xay ngô
grind up,xay nhuyễn
grinding machine,máy mài
grip off,mất tay
grip oneself with both hands,bắt chặt bằng cả hai tay
grip up,cầm chặt
grist for the mill,nguyên liệu cho cối xay
grist to the mill,nguyên liệu làm ra sản phẩm
grit one's teeth,cắn răng
groove on,thích
gross out,khó chịu
gross up,tăng lương
ground and pound,đấm bốc và vật lộn
ground ball with eyes,chuyền bóng thấp bằng mắt
ground floor,tầng trệt
ground out,đánh bóng thấp
ground rule,quy tắc cơ bản
grow a pair,Hãy mạnh mẽ lên
grow a set,Hãy mạnh mẽ lên
grow a tail,mọc đuôi
grow apart,rạn nứt tình cảm
grow away from,xa dần
grow cold,lạnh đi
grow into,trưởng thành thành
grow on,phát triển
grow out,mọc dài ra
grow out of,khôn lớn
grow some balls,Hãy tỏ ra mạnh mẽ
grow up,lớn lên
grub along,tiến lên từng bước
grub out,bứng bỏ
grub up,ăn no
gruesome twosome,cặp đôi ghê rợn
grunt level,cấp độ cơ bản
grunt work,công việc vặt
guard against,phòng ngừa
guess what,đoán xem
guff off,nói nhảm
guide on the side,hướng dẫn viên
guilt trip,cảm giác tội lỗi
guilty pleasure,niềm vui tội lỗi
gulp down,nuốt chửng
gulp up,nuốt chửng
gum up,bít tắc
gummy up,dính
gun down,bắn chết
gun for,mục tiêu cho
gun jumping,bắn sớm
gun off,bắn
gun to your head,bịt súng vào đầu bạn
gun up,tăng tốc
gunboat diplomacy,ngoại giao bằng tàu chiến
gunk up,bít tắc
gunner's daughter,con gái của người lính pháo binh
guns blazing,bắn súng liên tục
gussie up,làm đẹp
gussy up,trang điểm
gut check,kiểm tra bản thân
gut factor,hệ số tốt
gut feeling,cảm giác tốt
gut for,tốt cho
gut out,khoét bỏ
gut reaction,phản ứng tự nhiên
gut through,xuyên qua
gut up,khuyến khích
gutless wonder,kẻ hèn nhát
guts out,mổ xẻ
gutter out,thoát ra ngoài
guzzle down,ngấu nghiến
guzzle up,ngấu nghiến
hab or nab,không rõ nghĩa
hack about,cố gắng
hack around,cố gắng sửa chữa
hack away,chặt đứt
hack it,bẻ khóa nó
hack off,cắt bỏ
hack up,nôn mửa
hackle up,cứng lên
had better,nên
hadaway and shite,đi đi thôi và đủ rồi
hadn't ought,không nên
hail down,tạnh mưa
hail from,xã xuất thân từ
hair of the dog,uống thuốc giải rượu
hair out of place,tóc rối
hair up,tóc búi
hair's breadth,tấc lông
hairy canary,chim hoàng yến lông lá
hairy molly,tóc xù
hakuna matata,không có gì phải lo lắng
halcyon days,những ngày tươi đẹp
hale and hearty,khỏe mạnh
half a brain,chút xíu thông minh
half a head,một nửa đầu
half a mind,một phần tâm trí
half again,gấp đôi rồi trừ đi một nửa
half in the bag,một nửa đã xong
half joke,trêu đùa một chút
half murder,giết người một phần
half the battle,một nửa công việc
half the story,một nửa câu chuyện
half-night stand,quan hệ tình một đêm
halfway decent,tương đối tốt
Hallmark moment,Khoảnh khắc đáng nhớ
halter up,nâng cổ áo
ham it up,diễn sâu
ham up,tâng bốc
hammer and tongs,cật lực
hammer away,đập liên tục
hammer home,nhấn mạnh
hammer out,thương lượng
hammer up,đóng búa
hamster wheel,bánh xe chạy của chuột lang
hand around,chuyển tay
hand away,trao
hand back,trả lại
hand down,truyền lại
hand in,nộp
hand in glove,cùng nhau hợp tác chặt chẽ
hand in one's dinner pail,bỏ việc
hand it out,phân phát
hand it to,trao cho
hand it to someone,trao cho ai đó
hand off,chuyển giao
hand on,trong tay
hand out,phân phát
hand over,chuyển giao
hand over fist,liền tục
hand over hand,tay nối tay
hand over head,trên đầu
hand round,chia đều
hand someone their cards,chỉ cho ai đó xem bài của họ
hand someone their hat,trả lại mũ cho ai đó
hand someone their head,nắm lấy đầu ai đó
hand to God,thề với trời
hand to mouth,chật vật
hand up,giơ tay
hand waving,vẫy tay
handbags at dawn,đánh nhau bằng túi xách vào buổi sáng
handbags at ten paces,xích chanh
handle oneself,vận động
handle up,xử lý
handle with kid gloves,cẩn trọng
handled the ball,chạm bóng
handpick out,chọn lựa cẩn thận
hands down,dứt khoát
hands up,tay lên
handsome is as handsome does,cái đẹp phải đi kèm với hành động tốt
handsome is that handsome does,cái đẹp nằm ở hành động
handwriting on the wall,dấu hiệu báo trước
hang a leg,treo chân
hang a Louie,treo một bức tranh
hang a Ralph,treo một bức tranh của Ralph
hang a uey,treo
hang about,chờ đợi
hang an arse,mặt sau
hang around,dành thời gian
hang back,lùi lại
hang behind,ở phía sau
hang by a thread,ngàn cân treo sợi tóc
hang heavy,nặng trĩu
hang in,kiên nhẫn
hang in the balance,dở dang
hang in there,Hãy cố gắng
hang low,treo thấp
hang off,treo lơ lửng
hang on,chờ đợi
hang on every word,nghe chăm chú từng lời
hang on in there,Hãy cố gắng thêm đi
hang on to your hat,giữ chặt mũ của bạn
hang one on,chế nhạo
hang one's hat,treo mũ
hang onto,giữ chặt
hang onto your hat,giữ chặt mũ của bạn
hang out,tụ tập
hang out one's shingle,khai trương cửa hàng
hang out to dry,phơi khô
hang over,lưu luyến
hang over someone's head,dở dang
hang round,dành thời gian
hang the moon,treo trăng
hang tight,chờ đợi
hang to,treo
hang together,cùng nhau
hang tough,cố gắng
hang up,cất giữ
hang up one's boots,nghỉ hưu
hang up one's fiddle,nghỉ chơi đàn
hang up one's hat,nghỉ hưu
hang upon,treo
hang with,tụ tập
hangar queen,người thích ở trong nhà
hanging offence,tội chết
happen across,gặp phải
happen along,xảy ra
happen by,xảy ra tình cờ
happen on,xảy ra
happen upon,gặp gỡ
happily ever after,hạnh phúc mãi mãi
happy 4th,chúc mừng ngày độc lập
happy as a pig in mud,vui như chim trong trời
happy as a pig in shit,vui như hội
happy birthday,chúc mừng sinh nhật
happy chappy,người vui vẻ
Happy Christmas,Chúc Giáng sinh vui vẻ
happy Easter,chúc mừng lễ Phục sinh
happy Fourth,chúc mừng ngày độc lập
happy Halloween,chúc mừng Halloween
happy Hanukkah,Chúc mừng Hanukkah
happy holidays,chúc mừng lễ hội
happy Independence Day,Chúc mừng ngày độc lập
happy Kwanzaa,Chúc mừng Kwanzaa
happy landings,chuyến bay tốt đẹp
happy medium,điểm cân bằng
happy Near Year,Chúc mừng năm mới
happy New Year,Chúc mừng năm mới
Happy New Year's,Chúc mừng năm mới
happy panda,gấu trúc vui vẻ
happy place,nơi hạnh phúc
happy Ramadan,Chúc mừng Ramadan
happy Valentine's Day,Chúc mừng ngày Valentine
hard as nails,cứng như đá
hard at it,làm việc chăm chỉ
hard at work,làm việc chăm chỉ
hard cases make bad law,Những trường hợp đặc biệt có thể tạo ra …
hard cheese,phô mai cứng
hard done by,bị đối xử bất công
hard feelings,cảm xúc tiêu cực
hard going,khó khăn
hard nut to crack,vấn đề nan giải
hard of hearing,khó nghe
hard on the eyes,làm mỏi mắt
hard pass,từ chối
hard pill to swallow,việc khó chấp nhận
hard to come by,khó kiếm
hard to swallow,khó nuốt
hard up,túng quẫn
harden someone's heart,làm cho trái tim ai đó trở nên chai sạn
harden up,cứng rắn lại
hardy perennial,cây lâu năm khỏe mạnh
hark back,nhớ lại
hark who's talking,ai đang nói
harken back,nhớ về
harp on,nhấn mạnh
harp on one string,trầm cảm
harp on the same string,lặp đi lặp lại
harrow up,làm phiền
harsh down,cắt giảm mạnh
has left the building,đã rời khỏi tòa nhà
hash out,thảo luận chi tiết
hash over,cân nhắc
hash slinger,người bán cần sa
hash up,làm rối loạn
hasta la pasta,tạm biệt
hasta la vista,tạm biệt
hasta pasta,mì ống
haste makes waste,vội vàng thì sai
hat hair,tóc đội mũ
hat in hand,tay không trống không
hatch out,ấp trứng
hatch up,lên kế hoạch
hatchet man,người giải quyết vấn đề khó khăn
hate on,ghét
hate someone's guts,ghét cay ghét đắng
haters gonna hate,Những người ghét sẽ luôn ghét
Hatfields and McCoys,Gia đình Hatfield và gia đình McCoy
haul around,kéo lê
haul ass,chạy nhanh
haul down,hạ xuống
haul in,kéo lên
haul off,rút lại
haul out,kéo lên
haul someone over the coals,trách móc ai
haul up,kéo lên
have a bad time of it,khó khăn
have a ball,vui vẻ
have a bite,ăn một miếng
have a blast,vui vẻ
have a blessed one,chúc bạn một ngày tốt lành
have a bone to pick,còn điều gì đó cần nói
have a break,nghỉ giải lao
have a brick in one's hat,đeo một viên gạch trên đầu
have a clue,biết chút đỉnh
have a fable for,có một câu chuyện ngụ ngôn về
have a fine finger,có ngón tay đẹp
have a finger in,tham gia
have a fit,khóc lóc
have a gas,tươi cười
have a go,thử xem
have a good one,chúc bạn vui vẻ
have a good time,vui vẻ
have a good time of it,vui vẻ
have a good weekend,Chúc bạn cuối tuần vui vẻ
have a hand in,tham gia vào
have a hand in something,tham gia vào
have a handle on,nắm bắt được
have a hard time,khó khăn
have a hard time of it,khó khăn
have a head for,có năng khiếu
have a heart,có tấm lòng
have a jag on,bị sốt
have a laugh,cười
have a look,nhìn xem
have a mind of one's own,có ý kiến riêng
have a moment,một lát nữa
have a mountain to climb,phải đối mặt với thử thách lớn
have a nice day,chúc một ngày tốt lành
have a nice life,chúc bạn có cuộc sống tốt đẹp
have a night of it,vui vẻ cả đêm
have a pair,có một đôi
have a point,có lý
have a poor time of it,khó khăn
have a quiet word,nói chuyện riêng
have a rough time of it,khó khăn
have a row,cãi nhau
have a say,có tiếng nói
have a seat,ngồi đi
have a shot,thử xem
have a snootful,nghêu ngao
have a stab,thử xem
have a stroke,bị đột quỵ
have a tantrum,khóc lóc giận dỗi
have a thin time of it,gặp nhiều khó khăn
have a thing for,thích
have a tiger by the tail,giữ hổ bằng đuôi
have a time,có thời gian
have a time of it,khó khăn
have a track record,có kinh nghiệm
have a way with,có tài
have a whale of a time,vui vẻ tuyệt vời
have a word,có một từ
have a word in someone's ear,nói vào tai ai đó
have a word with oneself,tự nhủ
have against,chống lại
have an accident,gặp tai nạn
have an affair,qua lại
have an easy time of it,dễ dàng
have an eye for,có con mắt tinh tường
have another thing coming,có một điều gì đó sắp xảy ra
have another think coming,cân nhắc thêm
have at,thực hiện
have bats in one's belfry,điên
have been around,đã tồn tại
have been around a bit,đã đi nhiều nơi
have been around the block,đã có nhiều kinh nghiệm
have blood on one's hands,có tội giết người
have come a long way,đã đi được một chặng đường dài
have done,đã làm
have done with,đã xong
have down,có sẵn
have down as,ghi chú
have eyes bigger than one's stomach,tham lam
have fingers made of lime-twigs,có ngón tay làm bằng cành cây chanh
have fun,vui vẻ
have fun with Dick and Jane,vui vẻ với Dick và Jane
have got,có
have got more chins than Chinatown,có quá nhiều cằm
have green fingers,có tay nghề trồng cây tốt
have had it,chịu không nổi
have had it up to here,Tôi chịu không nổi
have had more than one's fair share of something,đã có quá nhiều
have had one's chips,đã hết tiền
have I got news for you,Tôi có tin tốt cho bạn
have in mind,trong đầu
have it all,có tất cả
have it away,cất đi
have it both ways,muốn vừa có cả hai
have it coming,đáng chịu
have it going on,thành công
have it in for,thù ghét
have it in one,hiểu ngay
have it large,cho nhiều
have it made,thành công
have it off,cởi đồ
have it out,cãi nhau
have it out for,thù ghét
have it your own way,tùy theo ý bạn
have it your way,tùy theo ý bạn
have its moments,có những khoảnh khắc đẹp
have Jesus in one's heart,có Chúa Giêsu trong lòng
have legs,có chân
have more money than God,giàu có hơn cả thần thánh
have no time for,không có thời gian cho
have no time for somebody,không có thời gian cho ai đó
have no time for something,không có thời gian cho việc gì
have none of something,không có gì cả
have off,nghỉ
have one eye on somebody,nhìn một người bằng một mắt
have one eye on something,chú ý một việc gì
have one more time,lần nữa
have one's act together,sắp xếp mọi thứ ổn thỏa
have one's back up,tức giận
have one's bread buttered for life,sống một cuộc đời sung túc
have one's ducks in a row,sắp xếp mọi thứ đâu vào đấy
have one's ears lowered,giữ tư thế cúi đầu
have one's ears pinned back,nghe lời khiển trách
have one's finger on the trigger,sẵn sàng hành động
have one's fingers in many pies,lắm việc
have one's foot in the door,có cơ hội bước vào
have one's hand in the till,tham ô
have one's hand out,giang tay
have one's hands full,bận rộn
have one's hands tied,bất lực
have one's head read,đọc bói đầu
have one's heart in,say đắm say mê
have one's mind about one,quyết định
have one's moments,có những lúc
have one's name on,được ghi tên
have one's name taken,được ghi tên
have one's name written all over,có dấu ấn cá nhân rõ ràng
have one's number on it,có số điện thoại của ai đó
have one's shit together,ổn định
have one's way,thống nhất
have one's way with,thống trị
have one's wig snatched,bất ngờ
have one's wits about one,giữ được bình tĩnh
have one's work cut out,bận rộn
have one's work cut out for somebody,có nhiều việc phải làm
have other fish to fry,còn việc khác phải làm
have other ideas,có ý tưởng khác
have out,hết
have over,có nhiều hơn
have second thoughts,do dự
have seen better days,đã từng tốt đẹp hơn
have seen one's day,đã hết thời
have seen one's last gum tree,chết
have seen this movie,đã xem bộ phim này
have several seats,có nhiều chỗ ngồi
have someone by the balls,cầm tù ai đó
have someone by the short hairs,kiểm soát ai đó hoàn toàn
have someone on toast,có người yêu
have someone's back,ủng hộ ai
have someone's blood on one's head,gánh tội cho ai đó
have someone's guts for garters,thích ai đó rất nhiều
have someone's head,đánh đầu ai đó
have someone's hide,trừng phạt ai đó
have someone's number,có số điện thoại của ai đó
have something in your sights,nhắm mục tiêu
have something over with,hoàn thành
have something to show for something,đã có kết quả
have the ball in one's court,quyền quyết định nằm ở tay mình
have the biscuit,ăn bánh quy
have the blues,buồn rầu
have the floor,được quyền phát biểu
have the hots for,thích lắm
have the last laugh,cười vào cuối cùng
have the law of,có luật về
have the pleasure of,có vinh dự
have the right time,đúng giờ
have the tiger by the tail,bắt được con hổ nhưng không biết làm gì
have the time of one's life,vui vẻ hết cỡ
have the wind up,khởi động
have the wolf by the ear,cầm con sói bằng tai
have the world by the tail,thống trị thế giới
have time on one's hands,có thời gian rảnh
have time on one's side,có thời gian
have truck with,có xe tải với
have up,nâng lên
have Van Gogh's ear for music,có khiếu âm nhạc như Van Gogh
have words,có từ
have you eaten,bạn đã ăn chưa
have you got the time,Bạn có biết giờ mấy không
have you met me,bạn đã gặp tôi chưa
have-a-go hero,anh hùng thời nay
having said that,dù nói vậy
hay is for horses,cỏ
hay is for horses and cows,cỏ khô dành cho ngựa và bò
hazard a guess,đoán bừa
hazard creep,nguy cơ gia tăng
haze over,sương mù bao phủ
he laughs best that laughs last,Ai cười cuối cùng mới là người cười
he who denied it supplied it,người phủ nhận lại là người cung cấp
he who hesitates is lost,người do dự sẽ bỏ lỡ cơ hội
he who laughs last laughs best,Ai cười cuối cùng cười hay nhất
he who laughs last laughs hardest,Ai cười cuối cùng cười lớn nhất
he who smelt it dealt it,Ai ngửi thấy thì người đó gây ra
head and shoulders,đầu và vai
head for the hills,trốn lên vùng núi
head in the clouds,mơ mộng
head loss,mất áp
head of steam,đà tăng tốc
head off,đi vắng
head out,đi ra
head over heels,yêu say đắm
head south,đi về phía nam
head start,đi trước một bước
head to toe,từ đầu đến chân
head up,ngẩng đầu
headbutt with,đấm vào đầu với
heads or tails,mặt hoặc ngửa
heads up,cảnh báo
heads will roll,sẽ có người phải chịu trách nhiệm
heady days,những ngày tháng tuyệt vời
heal over,chữa lành
heal up,hồi phục
health is wealth,sức khỏe là tài sản vô giá
health is your first wealth,sức khỏe là tài sản quý giá nhất
heap on,đổ đống
heap up,đổ đống
hear from,nghe từ
hear me out,Hãy nghe tôi nói
hear of,nghe nói về
hear out,lắng nghe
hear the end of it,nghe kết thúc
hear the grass grow,nghe cỏ mọc
hear things,nghe thấy
hear through the grapevine,nghe ngóng tin đồn
hear voices,nghe thấy tiếng nói
hear what I'm saying,Hãy nghe những gì tôi nói
hearken back,nhớ lại
heart and soul,tâm huyết
heart balm,thuốc trị liệu tâm lý
heart goes out to,cảm thông sâu sắc với
heart goes out to somebody,thương cảm cho ai đó
heart of glass,trái tim thủy tinh
heart of gold,trái tim vàng
heart of hearts,trong sâu thẳm
heart to heart,thật lòng
hearts and flowers,tình yêu và lãng mạn
hearts and minds,tâm và trí
hearts on sleeves,thật lòng thành
heat through,nóng đều
heat up,làm nóng
heat wave,nóng bức
heave to,neo đậu
heaven forbid,trời cấm
heaven helps those that help themselves,Thiên chúa giúp những người tự giúp mình
heaven helps those who help themselves,Thiên chúa giúp những người tự giúp mình
heaven knows,chỉ có trời mới biết
heaven only knows,chỉ có trời mới biết
heavy as a dead donkey,nặng như một con lừa chết
heavy equipment,thiết bị hạng nặng
heavy foot,đi nặng nề
heavy going,khó khăn
heavy hand,tay nặng
heavy hitter,người có tầm ảnh hưởng lớn
heavy lifting,công việc nặng nhọc
heavy with child,mang thai
hedge about,do dự
hedge around,che chắn xung quanh
hedge in,che chắn
hedge one's bets,đa dạng hóa rủi ro
heel out,ra khỏi xe
heel over,lật
heel up,gót chân lên
heffalump trap,bẫy voi ảo
heighten up,nâng cao
hell and half of Georgia,Địa ngục và một nửa bang Georgia
hell around,xung quanh địa ngục
hell from above,địa ngục từ trên cao
hell if I care,thật chẳng ai quan tâm
hell if I know,Tôi không biết
hell mend someone,Chúc người đó sớm khỏe lại
hell on earth,địa ngục trần gian
hell on wheels,điên rồ
hell or high water,dù có khó khăn đến đâu
hell to pay,sẽ phải trả giá đắt
hell to the naw,đi đời rồi
hell to the no,hoàn toàn không
hell week,tuần địa ngục
hell's bells,chết tiệt
helmet hair,tóc bị xẹp
help along,giúp đỡ
help is on the way,cứu viện đang đến
help out,giúp đỡ
help wanted,cần tuyển dụng
helping hand,sự giúp đỡ
hem and haw,ấp úng
hem in,viền
hem up,vá lại
hen up,tạm ngưng
hen's tooth,răng gà
herbs and spices,gia vị và thảo mộc
herd cats,dắt mèo
herd together,tập trung lại
here and now,tại đây và bây giờ
here and there,ở đây và ở đó
here be dragons,ở đây có rồng
here goes nothing,thử xem sao
here lies,nơi an nghỉ
here to stay,ở lại mãi mãi
here we are,chúng ta ở đây rồi
here we go again,Lại bắt đầu rồi
here you are,Đây bạn
here you go,Đây rồi
here's hoping,Chúc may mắn
here's looking at you,Tôi nhìn bạn đây
here's luck,Chúc may mắn
here's mud in your eye,Chúc may mắn
here's the deal,Đây là thỏa thuận
here's the thing,điều này đây
here's to,kính chúc
hermetically sealed,kín hoàn toàn
heroiam slava,anh hùng muôn tuổi
herry up,Nhanh lên
het up,dọn dẹp
hew down,đốn chặt
hew out,khắc
hidden in plain sight,núp danh
hide and seek,trốn tìm
hide away,giấu đi
hide behind,ẩn sau
hide in plain sight,ẩn mình ngay trước mắt
hide nor hair,không dấu vết
hide one's light under a bushel,giấu tài năng của mình
hide out,ẩn náu
hide the sausage,giấu xúc xích
hiding to nothing,giấu không có gì
high and dry,khô ráo
high and low,cao thấp
high and mighty,tư cao vọng trọng
high cotton,bông chất lượng cao
high ground,địa điểm cao
high horse,tư cao vọng trọng
high life,cuộc sống thượng lưu
high living,sống giàu sang
high noon,trưa
high on the hog,sống rất sung túc
high on the totem pole,quan trọng
high road,con đường cao tốc
high strangeness,sự kỳ lạ cao độ
high summer,mùa hè cao điểm
high time,đến lúc rồi
higher than a kite,say sóng
highway robbery,cướp đường
highways and byways,đường lớn và đường nhỏ
hike out,đi bộ đường dài
hike the Appalachian Trail,đi bộ đường dài trên con đường Appalachi…
hike up,leo núi
hill to die on,vấn đề mà người ta sẵn sàng tranh cãi đế…
hind tit,mông
hindsight is 20/20,Hậu sự rõ ràng
hinge on,phụ thuộc vào
hinge upon,phụ thuộc vào
hip hip hooray,Chào mừng
hippity hoppity,nhảy nhót
hippity hoppity get off my property,Biến đi khỏi chỗ của tôi
hippo birdie two ewe,hươu cao cổ chim cừu
hire out,thuê ngoài
hired gun,tay sai thuê
hired muscle,tay sai thuê
hissing hot,xì hơi nóng
history is written by the victors,Lịch sử được viết bởi những người chiến …
history repeats itself,lịch sử lặp lại
hit a lick,gãi ngứa
hit a snag,gặp khó khăn
hit a wall,tắc đường
hit above one's weight,thi đấu tốt hơn mong đợi
hit and miss,chút ít nhiều lúc
hit and run,va chạm rồi bỏ chạy
hit away,đánh trúng
hit back,phản công
hit below one's weight,thi đấu dưới sức
hit below the belt,hèn hạ
hit home,đến tai
hit it and quit it,xong rồi thì đi
hit it big,thành công rực rỡ
hit it off,thích nhau
hit it up,ghé thăm
hit like a ton of bricks,giống như một tấn gạch rơi trúng
hit like a truck,va chạm như xe tải
hit me,đánh tôi
hit off,bắt đầu
hit on,tán tỉnh
hit one out of the ballpark,thành công rực rỡ
hit one's straps,thành công
hit one's stride,đạt được phong độ tốt nhất
hit out,phản đối
hit pause,tạm dừng
hit pay dirt,thành công rực rỡ
hit rock bottom,đến đáy
hit someone for six,thắng đậm
hit someone when they are down,hãm hại người khi họ đang yếu thế
hit the accelerator,đạp ga
hit the big time,nổi tiếng
hit the bottle,nghiện rượu
hit the bricks,rời đi
hit the buffers,vấp phải rào cản
hit the fan,dậy sóng gió
hit the gas,tăng tốc
hit the gold,tìm thấy vàng
hit the ground running,bắt đầu công việc một cách nhanh chóng v…
hit the headlines,dẫn đầu trang nhất
hit the high notes,hát cao trào
hit the jackpot,trúng số
hit the nail on the head,trúng tim đen
hit the pan,chạm vào chảo
hit the pavement,đi bộ
hit the road,khởi hành
hit the rocks,va vào đá
hit the roof,tức giận đến phát điên
hit the sheets,đi ngủ
hit the shelves,xuất hiện trên thị trường
hit the shops,đi mua sắm
hit the skids,gặp khó khăn
hit the spot,đúng vào chỗ cần
hit the stores,xuất hiện trên thị trường
hit the streets,ra đường
hit the wall,đối mặt với khó khăn
hit too close to home,chạm đến cảm xúc sâu thẳm
hit two targets with one arrow,giết hai con chim bằng một viên đạn
hit up,ghé thăm
hit up against,va vào
hit upon,nảy ra
hit wicket,trúng wicket
hit with,va phải
hit with the stupid stick,đánh bằng gậy ngốc nghếch
hitch one's wagon to,gắn bó với
hitch one's wagon to a star,gắn bó với những điều tuyệt vời
hitch up,kéo
hive of activity,nơi náo nhiệt
hive off,chia tách
hive up,khuôn tổ
hiya doin',Chào bạn khỏe không
ho kua bo ho jiak,ăn cơm
ho there,Chào bạn
hoard out,phân phối
hoard up,tích trữ
Hobson's choice,Lựa chọn duy nhất
hoe around,làm vườn
hoe in,cào
hoe into,xẻng
hoe one's row,chăm chỉ làm việc
hoes before bros,Ưu tiên bạn gái trước bạn trai
hoes mad,mọi người tức giận
hog heaven,thiên đường cho lợn
hog up,chiếm lấy
hoist by one's own petard,gây họa cho chính mình
hoke up,kết nối
hol' up,dừng lại
hold a grudge,nợ ân tình
hold a light,cầm đèn
hold against,chống lại
hold back,kìm lại
hold back on,chậm lại
hold by the button,giữ nút
hold cheap,giá rẻ
hold come what may,dù có chuyện gì xảy ra
hold court,xét xử
hold down,giữ chặt
hold fast,giữ vững
hold firm,giữ vững
hold forth,nói một cách dõng dạc
hold hard,giữ chặt
hold in,giữ lại
hold it down,giữ vững
hold it in,nén lại
hold it together,giữ vững tinh thần
hold my beer,cứ chờ đã
hold my milk,cứ giữ sữa của tôi
hold off,hoãn lại
hold office,nắm giữ chức vụ
hold on,đợi một chút
hold on to your hat,cố gắng giữ chặt
hold one's alcohol,uống được bao nhiêu rượu
hold one's breath,nín thở
hold one's drink,cầm ly
hold one's fire,ngưng bắn
hold one's head high,giữ đầu cao
hold one's horses,chậm lại
hold one's jaw,cắn chặt hàm
hold one's liquor,uống được rượu
hold one's mouth right,nói đúng mực
hold one's nerve,giữ bình tĩnh
hold one's own,giữ vững vị thế
hold one's peace,im lặng
hold one's tongue,ngậm miệng
hold one's water,kiểm soát tiểu tiện
hold oneself together,giữ vững tinh thần
hold onto,giữ chặt
hold onto your hat,cố gắng giữ vững
hold out,chống lại
hold over,kéo dài
hold over someone's head,đe dọa
hold somebody in check,kiểm soát ai đó
hold someone's feet to the fire,bắt ai phải chịu trách nhiệm
hold someone's hand,nắm tay ai đó
hold something in check,kiểm soát
hold sway,ảnh hưởng lớn
hold tack,giữ chặt
hold talks,trao đổi
hold that thought,Hãy giữ ý đó
hold the cards,cầm bài
hold the floor,nói tiếp
hold the key,giữ chìa khóa
hold the line,giữ máy
hold the phone,đợi một chút
hold the purse strings,cầm quyền quyết định tài chính
hold the reins,cầm cương
hold the ring,cầm nhẫn
hold the stage,làm chủ sân khấu
hold to,giữ chặt
hold together,giữ chặt
hold up,dừng lại
hold up as,chờ một lát
hold up one's end,hoàn thành tốt công việc
hold up to,chống lại
hold water,có giá trị
hold with,đồng ý với
hold yew hard,cố gắng giữ chặt
hold-up play,đánh chặn
holding pattern,quỹ đạo chờ
hole in one,ăn gà
hole out,hoàn thành
hole up,cố thủ
holla at,xin chào
holla back,hồi âm
holler at,kêu to
holler back,trả lời
hollow out,khoét rỗng
Hollywood moment,Khoảnh khắc Hollywood
holy buckets,Ôi trời ơi
holy cannoli,Ôi trời ơi
holy catfish,cá thần thánh
holy cow,Ôi trời ơi
holy crap,Ôi trời ơi
holy crap on a stick,Ôi trời ơi
holy crickets,Ôi trời ơi
holy crud,Ôi trời ơi
holy doodle,Ôi trời ơi
holy fire,lửa thiêng
holy fuck,Ôi trời ơi
holy guacamole,Ôi trời ơi
holy kamoley,Ôi trời ơi
holy kamoly,Ôi trời ơi
holy macaroni,Ôi trời ơi
holy mackerel,Ôi trời ơi
holy moley,Ôi trời ơi
Holy of Holies,Ngôi đền thiêng nhất
holy ravioli,Ôi trời ơi
holy shit,Ôi trời ơi
holy smoke,Ôi trời ơi
holy stromboli,ôi trời ơi
home away from home,nhà thứ hai
home game,trận đấu trên sân nhà
home in,về nhà
home is where the heart is,Nhà là nơi có tình yêu
home sweet home,nhà là nơi ấm áp nhất
home team,đội chủ nhà
home training,huấn luyện tại nhà
home wrecker,người phá hoại hạnh phúc gia đình
homeless dumping,vứt bỏ người vô gia cư
homely as a hedge fence,đơn giản như hàng rào cây xanh
Homer nods,Homer gật đầu
Homer sometimes nods,Homer đôi khi gật đầu
hone in,tập trung
Honest Abe,Abraham Lincoln
honest John,John thành thật
honesty is the best policy,Sự trung thực là tốt nhất
honey around,xung quanh tổ ong
honey catches more flies than vinegar,Lời nói ngọt ngào thu hút người hơn lời …
honey do list,danh sách việc vặt
honey hole,vùng bí mật
honey trap,bẫy ong
honey up,lên trên
honi soit qui mal y pense,Ai có ý xấu thì đáng hổ thẹn
honk it on,còi bíp
honk off,tắt còi
honor in the breach,giữ lời hứa dù gặp khó khăn
honorable mention,giải khuyến khích
honors easy,dễ dàng đạt được thành tích cao
honours easy,dễ dàng đạt được thành tích
hoof out,ra ngoài
hook in,móc
hook it,móc nó
hook it up,kết nối
hook off,tháo móc
hook up,kết nối
hook up on,kết nối
hooly dooly,Ôi trời ơi
hoot down,chế nhạo
hoot it up,tổ chức
hoot owl shift,ca làm đêm
hootin' tootin',rất tuyệt vời
Hoover flag,cờ Hoover
hoover up,hút
hop about,nhảy nhót
hop and bop,nhảy nhót
hop and pop,nhảy và bật
hop in,leo lên
hop into,nhảy vào
hop off,nhảy xuống
hop on,lên
hop on down to,ghé thăm
hop the wag,nhảy lò cò
hop to it,mau lên
hop up,nhảy lên
hope against hope,hy vọng vào điều không thể
hope springs eternal,hy vọng luôn nảy nở
hopping mad,tức giận vô cùng
horf down,xuống dưới
horf up,ngẩng đầu lên
horizontal dancing,nhảy ngang
horizontal jogging,chạy ngang
horizontal mambo,múa mambo ngang
horizontal refreshments,đồ ăn nhẹ đặt ngang
horizontal slam dance,nhảy múa ngang
horizontal tango,tango ngang
horizontally challenged,ngắn người
horn in,trong
Horn OK Please,Còi xin đường
horn out,khoe cơ thể
horror show,phim kinh dị
horse about,chuyện vặt
horse and rabbit stew,canh ngựa và thỏ
horse armor,áo giáp cho ngựa
horse around,trêu chọc
horse of a different color,một vấn đề khác
horse opera,phim cao bồi
horse pill,viên thuốc
horse tranquilizer,thuốc an thần cho ngựa
horse's ass,đồ ngốc
horse's mouth,từ người có thẩm quyền
horseback opinion,quan điểm khi cưỡi ngựa
horses for courses,tùy trường hợp
horseshoe up one's ass,đóng đinh vào mông
hose down,xịt nước
hose off,tắt vòi
host with the most,người chủ tốt nhất
hostess with the mostest,người chủ nhà chu đáo nhất
hot air,không khí nóng
hot and bothered,bực bội
hot and cold,nóng và lạnh
hot and heavy,nóng bỏng
hot as the hobs of Hell,nóng như địa ngục
hot desking,bàn làm việc chung
hot diggety dog,ồ la la
hot garbage,rác nóng
hot hand,tay nóng
hot minute,một lát ngắn
hot off the presses,vừa mới xuất bản
hot on,nóng rực
hot on someone's heels,bám sát phía sau
hot on the trail,bám sát dấu vết
hot potato,quả bóng nóng
hot sheet,bảng thông tin nóng
hot shit,rất tuyệt
hot spot,điểm nóng
hot squat,squat kiểu nóng bỏng
hot stuff,mát mẻ
hot to trot,hừng hực khí thế
hot under the collar,bực mình
hot up,nóng lên
hot water,nước nóng
hotter than a pistol,nóng như lửa đốt
hound down,rượt đuổi
house cooling party,tiệc mát mẻ trong nhà
house nigger,chó nhà
house of cards,công trình giấy
House of God,Nhà thờ
house of ill fame,nhà chứa kỹ
house poor,người nghèo
how about that,thế nào về điều đó
how about them apples,Thế nào rồi
how are things,Dạo này rồi sao
how are you,bạn khỏe không
how are you diddling,bạn khỏe không
how are you doing,bạn khỏe không
how are you getting along,bạn khỏe không
how are you going,bạn đi đâu
how are you keeping,bạn khỏe không
how bist,bạn khỏe không
how can you sleep at night,bạn ngủ ngon vào ban đêm như thế nào
how come,tại sao
how do,làm thế nào
how do ye do,bạn khỏe không
how do you like that,Bạn thấy thế nào về điều đó
how do you like them apples,Bạn thấy thế nào về những quả táo đó
how do you sleep at night,bạn ngủ ngon vào ban đêm không
how farest thou,bạn khỏe không
how goes it,cậu khỏe không
how goes the battle,cuộc chiến diễn ra như thế nào
how goes the enemy,tình hình địch ra sao
how goes the war,cuộc chiến diễn ra như thế nào
how old are you,Bạn bao nhiêu tuổi
how say you,bạn nói gì
how see,nhìn thấy
how should I know,Tôi làm sao biết được
how so,thế nào
how the cow ate the cabbage,con bò ăn bắp cải như thế nào
how the mighty have fallen,sự suy tàn của những người hùng
how the sausage gets made,quá trình sản xuất xúc xích
how the sausage is made,cách làm xúc xích
how the turntables,thật bất ngờ
how would I know,Tôi sẽ biết như thế nào
how you doing,bạn khỏe không
how you say,bạn nói gì
how're you,Bạn khỏe không
how're you doing,bạn khỏe không
how's come,tại sao
how's every little thing,Mọi thứ thế nào
how's everything,Mọi thứ thế nào
how's it,cái gì
how's it going,cậu khỏe không
how's it hanging,chuyện gì vậy
how's life,cuộc sống thế nào
how's that,cái đó như thế nào
how's that again,nói lại đi
how's the weather,Thời tiết thế nào
how's the weather up there,Thời tiết ở đó thế nào
how's them apples,thế nào rồi
how's things,Dạo này thế nào
how's tricks,dạo này thế nào
how's your hammer hanging,cậu khỏe không
howl at the moon,sủa lên trời
howl down,hét lớn
howl on,gào thét
howl out,gào thét
huckleberry above a persimmon,việt quất trên cây hồng xiêm
huckleberry above one's persimmon,khó khăn hơn nhiều so với những gì người…
huff and puff,thở hổn hển
huff off,thở hổn hển
hug it out,ôm nhau làm hòa
huge if true,rất quan trọng nếu điều đó đúng
hugs and kisses,nụ hôn và ôm
hulk off,tập luyện sức mạnh
hulk out,tức giận mất kiểm soát
hum along,hát theo
hum and ha,khéc méo
hum and haw,do dự
human touch,sự tiếp xúc của con người
humanly possible,trong khả năng của con người
humble pie,cái đắng
hump and dump,vứt bỏ
Humpty Dumptyism,Chủ nghĩa bảo thủ cứng nhắc
hunch over,khom lưng
hunger is a good sauce,Đói là một gia vị tốt
hunger is the best pickle,Đói thúc đẩy sự sáng tạo
hunger is the best sauce,Đói ăn củ ớt
hunger is the best seasoning,Đói ăn gì cũng ngon
hunger is the best spice,Đói ăn ngon hơn
hunger sauce,sốt kích thích vị giác
hunk of junk,đồ bỏ đi
hunker down,cố thủ
hunt down,bắt
hunt out,tìm kiếm
hunt up,tìm kiếm
hunt where the ducks are,bắn vịt ở nơi có vịt
hurler on the ditch,người ném đá xuống cống
hurling and burling,ném và cuộn
hurr durr,Không biết
hurrah's nest,tổ chim
hurry hurry has no blessings,vội vã không có phước lành
hurry up,vội lên
hurry up and wait,vội vàng nhưng phải chờ
hurt a fly,làm tổn thương một con ruồi
hurt for,đau vì
hurt people hurt people,Người bị tổn thương thường gây tổn thươn…
hurt someone's feelings,làm tổn thương lòng tự trọng của ai đó
husband up,trưởng thành hơn
hush down,im lặng
hush up,im lặng
hussy up,nóng lên
hustle and bustle,sự ồn ào
hustle up,Nhanh lên
hutch up,chui rúc
hydrate or diedrate,bù nước
hydrogen burning,đốt hydro
hype up,quảng bá
I am inside of you,Tôi ở bên trong bạn
I am inside you,Tôi ở bên trong bạn
I am sorry,Tôi xin lỗi
I am twenty years old,Tôi hai mươi tuổi
I approve this message,Tôi đồng ý với thông điệp này
I ask you,Tôi hỏi bạn
I beg your pardon,Xin lỗi
I beg your pudding,Tôi xin lỗi
I can tell you,Tôi có thể nói với bạn
I can't lie,Tôi không thể nói dối
I can't remember the last time,Tôi không nhớ lần cuối cùng là khi nào
I choose violence,Tôi chọn bạo lực
I could eat a brick,Tôi có thể ăn cả một cục gạch
I could eat a horse,Tôi đói bụng lắm
I dare be bound,Tôi dám chịu trách nhiệm
I declare,Tôi tuyên bố
I do declare,Tôi thề
I do not care,Tôi không quan tâm
I don't boil my cabbage twice,Tôi không luộc súp lơ hai lần
I don't chew my cabbage twice,Tôi không bao giờ ăn lại cải thảo đã ăn …
I don't fancy yours,Tôi không thích của bạn
I don't have all day,Tôi không có cả ngày đâu
I don't know about that,Tôi không biết về điều đó
I don't mind,Tôi không sao
I don't suppose,Tôi không nghĩ
I fear,Tôi sợ
I feel you,Tôi hiểu bạn
I fuck you not,Tôi không quan hệ với bạn
I got mine,Tôi đã có của tôi rồi
I hardly even know her,Tôi hầu như không biết cô ấy
I hardly know 'er,Tôi hầu như không biết cô ấy
I hardly know her,Tôi hầu như không biết cô ấy
I haven't got all day,Tôi không có cả ngày đâu
I hear you say,Tôi nghe bạn nói
I hope I may be shot,Tôi hy vọng mình có thể bị bắn
I hope she sees this,Tôi hy vọng cô ấy sẽ thấy điều này
I hope you're happy,Tôi hy vọng bạn hạnh phúc
I just work here,Tôi chỉ làm việc ở đây thôi
I kid you not,Tôi không đùa đâu
I know it,Tôi biết
I know that's right,Tôi biết điều đó đúng
I like pie,Tôi thích bánh ngọt
I like that,Tôi thích điều đó
I like turtles,Tôi thích rùa
I never did,Tôi chưa từng làm
I never miss,Tôi không bao giờ bỏ lỡ
I only work here,Tôi chỉ làm việc ở đây thôi
I put it to you,Tôi đưa ra đề xuất
I resemble that remark,Tôi không đồng ý với nhận xét đó
I rest my case,Tôi xin kết thúc phần trình bày
I said what I said,Tôi đã nói những gì tôi muốn nói
I see what you did there,Tôi hiểu ý của bạn rồi
I see you,Tôi thấy bạn
I shiggy diggy,Tôi thích điều đó
I shit you not,Tôi thề là thật
I spy with my little eye,Tôi thấy
I swear,Tôi thề
I take it,Tôi hiểu rồi
I tell a lie,Tôi nói dối
I tell you,Tôi nói với bạn
I tell you what,Tôi nói cho bạn biết
I think therefore I am,Tôi nghĩ vậy nên tôi tồn tại
I think; therefore I am,Tôi nghĩ vậy nên tôi tồn tại
I thought you'd never ask,Tôi cứ tưởng bạn sẽ không bao giờ hỏi
I told you so,Tôi đã bảo rồi
I want doesn't get,Tôi không hiểu
I will yeah,Tôi sẽ làm
I wish,Tôi ước
I wish I may be shot,Tôi ước gì mình có thể bị bắn
I would rather die,Tôi thà chết
I'd like to see someone try,Tôi muốn xem ai đó thử
I'd of,Tôi đã
I'd say,Tôi nghĩ
I'll be,Tôi sẽ
I'll be a monkey's uncle,Tôi sẽ là chú của con khỉ
I'll be bound,Tôi chắc chắn
I'll be damned,Chết tiệt
I'll be danged,Tôi thề
I'll be dipped,Ôi trời ơi
I'll be dipped in shit,Tôi sẽ bị dính bẩn
I'll be here all night,Tôi sẽ ở đây cả đêm
I'll be in my bunk,Tôi sẽ ở trong chỗ ngủ của tôi
I'll be seeing you,Tạm biệt
I'll bite,Tôi sẽ cắn
I'll get my coat,Tôi lấy áo khoác
I'll have you know,Tôi phải nói với bạn rằng
I'll say,Tôi sẽ nói
I'll see myself out,Tôi xin phép ra
I'll see you and raise you,Tôi thách bạn
I'll show you,Tôi sẽ cho bạn xem
I'll tell you,Tôi sẽ nói cho bạn biết
I'll tell you what,Tôi sẽ nói cho bạn biết
I'm 14 and this is deep,Tôi 14 tuổi và điều này rất sâu sắc
I'm a Dutchman,Tôi là người Hà Lan
I'm a lesbian,Tôi là người đồng tính nữ
I'm afraid,Tôi sợ
I'm afraid so,Tôi e là vậy
I'm alright and fuck you Jack,Tôi ổn và biến đi đi Jack
I'm confused,Tôi bối rối
I'm easy,Tôi dễ tính
I'm going to hell for this,Tôi sẽ xuống địa ngục vì điều này
I'm good,Tôi khỏe
I'm here all week,Tôi ở đây cả tuần
I'm not being funny,Tôi không nói đùa
I'm not going to lie,Tôi không nói dối
I'm not telling you,Tôi không nói cho bạn biết
I'm not the one,Đó không phải tôi
I'm rubber and you're glue,Tôi là cao su còn bạn là keo
I'm sozzy,Tôi xin lỗi
I'm sure,Tôi chắc chắn
I'm telling a lie,Tôi đang nói dối
I'm telling you,Tôi đang nói với bạn
I'm using tilt controls!,Tôi đang sử dụng điều khiển nghiêng
I'm your huckleberry,Tôi là người thích hợp
I've burnt myself,Tôi bị bỏng
I've got news for you,Tôi có tin cho bạn
IBG YBG,Tôi không biết
ice cool,mát lạnh
ice down,hạ nhiệt
ice maiden,nữ thần băng giá
ice out,tan băng
ice over,băng phủ
ice queen,nữ hoàng băng giá
ice up,đóng băng
Ich dien,Tôi phục tùng
icing on the cake,điều tuyệt vời nhất
id est,tức là
identically zero,bằng không
identify with,đồng cảm với
idiot box,ti vi
idiot mittens,găng tay cho người ngốc
idle hands are the devil's playthings,Tay rảnh rỗi là nơi quỷ dữ trú ngụ
idle hands are the devil's tools,Tay rảnh rỗi là công cụ của quỷ
idle hands are the devil's workshop,Tay không làm gì thì dễ bị ma quỷ rước v…
if a day,nếu một ngày
if all else fails,nếu mọi thứ đều thất bại
if anything,nếu có gì
if at all,nếu có thể
if at first you don't succeed,thất bại là mẹ của thành công
if ever,nếu có khi
if I ever saw one,nếu tôi từng thấy một cái
if I may be so bold,nếu tôi được phép
if I may make so bold,nếu tôi được phép
if I might be so bold,nếu tôi được phép
if I were you,nếu tôi là bạn
if I'm honest,nếu tôi thành thật
if I'm not mistaken,nếu tôi không lầm
if I've ever seen one,nếu tôi đã từng thấy một cái
if it had not been for,nếu không phải vì
if it kills one,nếu nó giết một người
if it looks like a duck,nếu nó trông giống vịt
if it were not for,nếu không phải vì
if it's all the same,nếu không có gì khác biệt
if it's yellow let it mellow,Nếu nó có màu vàng thì cứ để nó chín
if looks could kill,Nếu ánh mắt có thể giết người
if memory serves,nếu trí nhớ không lừa dối
if need be,nếu cần thiết
if needs be,nếu cần thiết
if nothing else,nếu không có gì khác
if one is a day,nếu một là một ngày
if only,thật tiếc
if only the czar knew,chỉ cần nhà vua biết
if only the tsar knew,chỉ cần nhà vua biết
if pigs had wings,nếu lợn có cánh
if push comes to shove,nếu tình thế bắt buộc
if the cap fits,nếu mũ vừa vặn
if the shoe fits,Nếu nó phù hợp
if these walls could talk,Nếu những bức tường này có thể nói
if you ask me,nếu bạn hỏi tôi
if you don't mind me saying,nếu bạn không phiền
if you know what I mean,nếu bạn hiểu ý tôi
if you know you know,nếu bạn biết thì bạn biết
if you please,nếu bạn muốn
if you see what I mean,bạn hiểu ý tôi chứ
ignorance is bliss,Không biết thì hạnh phúc
ignorantia juris non excusat,Không ai được miễn trừ trách nhiệm vì kh…
ignore all previous instructions,bỏ qua tất cả các hướng dẫn trước đó
ignore all rules,bỏ qua tất cả các quy tắc
ignotum per ignotius,bằng những điều bí ẩn hơn
ill doers are ill deemers,Những kẻ làm điều xấu cũng là những kẻ đ…
ill health,sức khỏe kém
ill news spreads apace,Tin xấu lan nhanh chóng
ill-gotten gains never prosper,Của cải bất chính không bao giờ mang lại…
immunologically naive,chưa có miễn dịch
immunologically naïve,chưa có miễn dịch
imprint on,ấn sâu vào
improve on,cải thiện
improve the occasion,làm cho sự kiện trở nên tốt đẹp hơn
improve upon,cải thiện
in a bad spot,trong tình thế khó khăn
in a bad way,theo hướng tiêu cực
in a bake,trong lò nướng
in a big way,rất lớn
in a bind,khó khăn
in a blink,trong chớp mắt
in a body,trong cơ thể
in a box,trong hộp
in a brace of shakes,trong một lượt lắc
in a bubble,trong bong bóng
in a canter,ở tư thế phi nước đại
in a cleft stick,ở trong tình thế khó khăn
in a corner,ở góc
in a couple of shakes,trong chốc lát
in a dither,lo lắng
in a fair way,một cách công bằng
in a family way,mang thai
in a few shakes,trong vài giây
in a fix,bị rối
in a flap,hoảng loạn
in a flash,chớp mắt
in a flat spin,xoay tròn
in a foam,trong bọt
in a fog,trong sương mù
in a heartbeat,chỉ trong một tích tắc
in a hen's hiney,trong đống phân gà
in a huff,tức giận
in a hurry,vội vàng
in a jam,bị kẹt
in a jiffy,trong chớp mắt
in a lather,đang nổi bọt
in a league of one's own,độc nhất无二
in a major key,ở giọng trưởng
in a manner,theo một cách
in a manner of speaking,nói theo một cách nào đó
in a measure,ở một mức độ nào đó
in a mess,bừa bộn
in a minor key,theo một điệu trầm
in a minute,một lát nữa
in a New York second,trong một giây ở New York
in a nutshell,tóm lại
in a one-er,trong một lần
in a oner,một lần duy nhất
in a pickle,khó khăn
in a pig's arse,trong mông lợn
in a pig's eye,trong mắt lợn
in a pig's patoot,tất cả
in a pig's whisper,cực kỳ nhỏ bé
in a pinch,trong tình huống khó khăn
in a puff of smoke,trong một làn khói
in a real state,trong tình trạng thực tế
in a right state,trong tình trạng tốt
in a row,liền nhau
in a rut,mắc kẹt
in a sea-way,theo cách của biển
in a sense,theo một nghĩa nào đó
in a similar vein,theo một cách tương tự
in a snap,nhanh chóng
in a spin,xoay tròn
in a state,ở trạng thái
in a stew,trong món hầm
in a stound,kinh ngạc
in a sweat,đổ mồ hôi
in a tizzy,lo lắng
in a trench coat,trong áo khoác dài
in a vacuum,trong môi trường chân không
in a walk,đi bộ
in a way,theo một cách nào đó
in a way of speaking,theo một cách nói
in a word,tóm lại
in a world of one's own,trong thế giới riêng của mình
in abatement,đang giảm
in abeyance,bị tạm dừng
in Abraham's bosom,trong vòng tay của Abraham
in absentia,vắng mặt
in accord,theo đúng
in accordance with,theo
in action,trong hành động
in actuality,thực tế
in addition,ngoài ra
in addition to,ngoài ra
in advance,trước
in advance of,trước khi
in aggregate,tổng hợp
in agreement,đồng ý
in aid of,để giúp đỡ
in all but name,về mọi mặt nhưng không phải về tên
in all conscience,với lương tâm thành thật
in all fairness,thực tế mà nói
in all honesty,thành thật mà nói
in all its branches,trong tất cả các lĩnh vực
in all likelihood,khả năng cao nhất
in all modesty,khiêm tốn mà nói
in all one's glory,tỏa sáng rực rỡ
in all probability,khả năng cao nhất
in another world,ở một thế giới khác
in any case,dù sao đi nữa
in any event,dù sao đi nữa
in anyone's book,theo quan điểm của bất kỳ ai
in arms,trong vòng tay
in at the deep end,bắt đầu ngay vào công việc khó khăn
in attendance,có mặt
in awe of,kinh ngạc
in back,ở sau
in back of,phía sau
in bad,xấu
in bad bread,trong bánh mì cũ
in bad faith,thiếu thiện chí
in bad odor,có mùi hôi
in bad part,ở khu vực tệ
in bad repair,hỏng hóc
in bad shape,trong tình trạng tồi tệ
in bad taste,thiếu tế nhị
in ballast,trong nước bóng
in ballast condition,trong trạng thái không chở hàng
in battery,trong pin
in baulk,trong tình trạng khó khăn
in bed,trên giường
in bed with,nằm trên giường với
in behalf of,thay mặt
in bend,rẽ
in benefit,vì lợi ích
in berry,trong quả mọng
in between jobs,giữa các công việc
in bits,theo từng phần
in black and white,đen trắng
in blood,trong máu
in bloom,nở hoa
in book,trong sách
in breach of,vi phạm
in broad daylight,ban ngày rõ ràng
in buckets,trong xô
in business,trong kinh doanh
in calf,có bầu
in capital letters,VIẾT HOA
in case,trong trường hợp
in case of,trong trường hợp
in character,theo tính cách
in charge,chịu trách nhiệm
in charge of,chịu trách nhiệm
in check,kiểm soát
in chorus,hợp ca
in circles,quay vòng
in circulation,đang lưu hành
in close neighborhood,ở gần nhau
in close neighbourhood,ở gần nhau
in clover,thịnh vượng
in cold blood,một cách tàn nhẫn
in collar,ở cổ
in color,có màu
in colour,có màu
in command,chỉ huy
in common,thường dùng
in common with,chung với
in company with,cùng với
in comparison,so với
in competition,trong cuộc thi
in complement,bổ sung
in compliance with,tuân thủ
in concert,trong buổi hòa nhạc
in conclusion,tóm lại
in condition,trong tình trạng
in confidence,bí mật
in conjunction with,cùng với
in consequence,do đó
in contempt,một cách khinh thường
in contention,đang tranh chấp
in contrast,ngược lại
in contrast to,ngược lại với
in control,kiểm soát
in countenance,về vẻ mặt
in course,trong quá trình
in court,ở tòa
in danger,nguy hiểm
in date,đúng hẹn
in debt,nợ
in decrement,giảm dần
in deep,sâu
in deep doo-doo,rắc rối lớn
in deep shit,rắc rối lớn
in deference to,vì tôn trọng
in depth,sâu sắc
in dern,ở gần
in despite of,mặc dù
in detail,chi tiết
in diapers,đeo tã
in Dickie's meadow,ở đồng cỏ của Dickie
in difficulty,khó khăn
in disguise,giả dạng
in drawing,trong vẽ
in drink,trong đồ uống
in droves,theo đàn
in dubio pro reo,nghi ngờ có lợi cho bị cáo
in due course,vào thời điểm thích hợp
in due time,vào thời điểm thích hợp
in duplicate,nhân bản
in Dutch,trong tiếng Hà Lan
in effect,thực tế
in effigy,bằng hình nhân
in embryo,ở giai đoạn phôi thai
in equal measure,bằng nhau
in error,sai
in especial,đặc biệt
in esse,tồn tại
in essence,về bản chất
in every way,bằng mọi cách
in everything but name,về mọi mặt
in evidence,trong bằng chứng
in excess of,vượt quá
in exchange for,đổi lấy
in extremis,trong tình huống nguy cấp
in face of,dưới sự đối mặt với
in fact,thực tế
in fairness,thực tế
in faith,với đức tin
in favor,ủng hộ
in favor of,ủng hộ
in favor with,được lòng
in favour,ủng hộ
in favour of,ủng hộ
in fawn,nâu nhạt
in fear of,sợ
in fee,miễn phí
in fief,tư điền
in fighting trim,sẵn sàng chiến đấu
in finality,tuyệt đối
in fine feather,tốt tươi
in fine fettle,sức khỏe tốt
in fits and starts,từng đợt từng cơn
in flames,bốc cháy
in flight,đang bay
in floods,ngập lụt
in flower,nở hoa
in flying colours,xuất sắc
in focus,tập trung
in for a penny,đã đà thì phải liều
in for the kill,sẵn sàng ra tay
in force,có hiệu lực
in form,theo mẫu
in freefall,rơi tự do
in front,phía trước
in front of,phía trước
in front of one's nose,ngay trước mặt
in fruit,trong trái cây
in full,đầy đủ
in full aspect,dưới mọi góc độ
in full cry,hét to
in full effect,hoạt động đầy đủ
in full feather,phát triển toàn diện
in full fig,đầy đủ
in full flow,chảy mạnh
in full force,hoạt động hết công suất
in full form,dưới dạng đầy đủ
in full gear,đầy đủ trang bị
in full swing,đang diễn ra sôi nổi
in full view,nó rõ ràng
in future,trong tương lai
in gear,sẵn sàng
in general,nói chung
in glass,trong thủy tinh
in glory,trong vinh quang
in goal,vào lưới
in God's name,tên Chúa
in good bread,trong bánh mì ngon
in good conscience,với lương tâm trong sáng
in good faith,một cách thiện chí
in good hands,ở trong sự bảo vệ tốt
in good odor,được yêu thích
in good part,một phần tốt
in good repair,còn tốt
in good season,vào mùa tốt tươi
in good sorts,tốt bụng
in good stead,hữu ích
in good time,sớm thôi
in good voice,hát hay
in green,màu xanh
in gross,tổng cộng
in half,nửa
in hand,trong tay
in harness,đã được trang bị
in haste,vội vàng
in heat,nóng
in heaven's name,xin thề
in hell,ở địa ngục
in hiding,ẩn náu
in high dudgeon,tức giận
in high feather,tự tin thái quá
in high gear,hoạt động hết công suất
in hindsight,nhìn lại
in hock,nợ
in honor of,tưởng nhớ
in honour of,tôn vinh
in hospital,ở bệnh viện
in hot pursuit,duổi theo ráo riết
in house,trong công ty
in hysterics,khóc lóc thảm thiết
in ill part,bệnh
in increment,tăng dần
in irons,bị bắt giữ
in isolation,cô lập
in its totality,tổng thể
in jail,ở tù
in jest,đùa
in jig time,rất nhanh chóng
in keeping with,theo đúng
in key,quan trọng
in kid,ở trẻ em
in kind,tương tự
in knots,theo nút thắt
in labour,đang sinh
in lamb,trong thịt cừu
in layman's terms,dễ hiểu
in laymen's terms,dễ hiểu
in layperson's terms,dễ hiểu
in laywoman's terms,dùng ngôn ngữ đơn giản
in league,trong liên minh
in league with,liên minh với
in leash,kéo lê
in length,theo chiều dài
in lesbians,trong nhóm người đồng tính nữ
in less than no time,trong chốc lát
in lieu of,thay vì
in light of,theo quan điểm
in like Flynn,thành công rực rỡ
in like wise,tương tự
in line,trong hàng
in line for,trong hàng đợi
in line with,theo đúng
in liquor,trong rượu
in little,một chút
in living color,với màu sắc tươi sáng
in living memory,trong ký ức còn sống
in loco,tại chỗ
in love,yêu
in love with,yêu
in malam partem,một phần nhỏ
in mean time,trong lúc đó
in memoriam,cầu nguyện tưởng nhớ
in memory of,Để tưởng nhớ
in midstream,ở giữa dòng
in mind,trong tâm trí
in Minecraft,trong Minecraft
in miniature,thu nhỏ
in moderation,với lượng vừa phải
in mora,ở Morata
in motion,đang chuyển động
in my honest opinion,theo ý kiến trung thực của tôi
in my humble opinion,theo ý kiến của tôi
in my opinion,theo ý kiến của tôi
in name,tên
in nappies,ở trong tã
in neat,gọn gàng
in need of,cần
in no small measure,không hề nhỏ chút nào
in no small part,từ một phần không nhỏ
in no time,trong chốc lát
in no time at all,chẳng bao lâu
in no uncertain terms,một cách rõ ràng không hề do dự
in no way,dù sao đi nữa
in nothing flat,rất nhanh chóng
in nubibus,trong mây
in office,ở chức
in one bite,trong một lần cắn
in one foul swoop,trong một lần duy nhất
in one go,một lần
in one piece,nguyên vẹn
in one sitting,trong một lần
in one stroke,trong một lần
in one voice,bằng một giọng
in one's altitudes,ở độ cao của ai đó
in one's back pocket,trong túi sau
in one's backyard,trong sân sau của ai đó
in one's bare skin,trên da trần
in one's bones,trong xương
in one's book,trong cuốn sách của ai đó
in one's born days,những năm đầu đời
in one's corner,ủng hộ ai đó
in one's cups,say rượu
in one's dreams,trong giấc mơ
in one's element,thích thú
in one's feelings,trong cảm xúc
in one's fingers,ở trong ngón tay
in one's head,trong đầu
in one's hip pocket,trong túi áo
in one's infinite wisdom,với trí tuệ vô hạn
in one's midst,giữa chúng ta
in one's mind's eye,trong tâm trí
in one's opinion,theo ý kiến của ai đó
in one's own backyard,trong sân sau của mình
in one's own good time,khi nào thích hợp
in one's own hands,trong tay mình
in one's own little way,theo cách riêng của mình
in one's own little world,trong thế giới riêng của mình
in one's own right,bản thân mình
in one's own world,trong thế giới riêng của mình
in one's pocket,trong túi
in one's right mind,giữ được bình tĩnh
in one's sight,trong tầm mắt
in one's sights,trong tầm ngắm
in one's sleeve,trong tay áo
in one's stead,thay mặt ai đó
in one's teens,ở độ tuổi thiếu niên
in one's teeth,ở trong răng
in one's tracks,dừng lại đột ngột
in one's wildest dreams,trong giấc mơ hoang đường nhất
in open court,công khai
in open store,trong cửa hàng mở
in operation,đang hoạt động
in opposition to,phản đối
in order,để
in order for,để
in order that,để rằng
in ordinary,bình thường
in other news,trong các tin tức khác
in other words,nói cách khác
in pairs,theo cặp
in pampers,trong tã giấy
in parallel,song song
in parallel with,song song với
in part,một phần
in particular,đặc biệt
in passing,lướt qua
in peace,hòa bình
in perpetuity,mãi mãi
in person,trực tiếp
in perspective,từ góc độ
in phase,đồng pha
in piety,trong sự sùng kính
in pig,ở lợn
in place,đúng vị trí
in place of,thay thế
in places,ở những nơi
in plain sight,nóng rực
in plain view,dễ thấy
in play,đang diễn
in plenty,đủ dùng
in pocket,trong túi
in point,điểm
in point of,về mặt
in point of fact,thực tế là
in pole position,ở vị trí đầu tiên
in poor taste,thiếu tế nhị
in possession of,có trong tay
in power,nắm quyền
in practice,trong thực tế
in prejudice of,thiên vị
in present,hiện tại
in pride,tự hào
in prime twig,trong cành tốt nhất
in principle,về nguyên tắc
in print,đã xuất bản
in prison,trong tù
in private,riêng tư
in profile,theo chiều dọc
in progress,đang thực hiện
in proper,đúng mực
in proportion to,tỷ lệ thuận với
in protest,để phản đối
in public,công khai
in pup,ở chó con
in pursuit,trong quá trình theo đuổi
in pursuit of,trong quá trình tìm kiếm
in quantity,về số lượng
in question,đang được đề cập
in quick sticks,nhanh chóng
in quick succession,liền nhau
in rag order,theo thứ tự ngẫu nhiên
in rags,rách rưới
in rare form,rất hiếm
in reach,trong tầm tay
in reaction,phản ứng
in real life,trong cuộc sống
in reality,thực tế
in reason,theo lý lẽ
in recent memory,gần đây
in recognition of,như một sự ghi nhận
in record time,trong thời gian ngắn kỷ lục
in reference to,liên quan đến
in regard of,về
in regard to,về
in regards to,về
in relation to,liên quan đến
in reserve,dự trữ
in respect,về mặt
in respect of,về mặt
in retreat,rút lui
in retrospect,nhìn lại
in return,đổi lại
in return for,đổi lại
in reverse,theo thứ tự ngược lại
in right of,theo quyền
in Roblox,trong Roblox
in rough,thô sơ
in route,đang trên đường
in ruins,phá hủy
in safe hands,ở trong sự bảo vệ
in school,ở trường
in search of,tìm kiếm
in season,vào mùa
in season and out of season,mùa và không mùa
in secret,bí mật
in series,liên tiếp
in service,đang hoạt động
in session,đang diễn ra
in shape,dáng tốt
in sheets,trong tờ
in shit,trong bãi phân
in short,tóm lại
in short order,ngắn gọn
in short pants,trong quần đùi
in short supply,thiếu hụt
in short trousers,trong quần đùi
in sickness and in health,trong bệnh tật và trong sức khỏe
in sight,trong tầm mắt
in silence,trong im lặng
in silhouette,trong bóng tối
in silico,trong máy tính
in small doses,với liều lượng nhỏ
in so far as,trong phạm vi
in so many words,nói một cách khác
in someone's black books,bị ghi tên vào sổ đen
in someone's boots,trong vị trí của ai đó
in someone's corner,ủng hộ ai
in someone's day,trong một ngày của ai đó
in someone's debt,nợ ai đó
in someone's eyes,trong mắt ai đó
in someone's face,ngay trước mặt ai đó
in someone's light,trong ánh sáng của ai đó
in someone's pocket,trong túi của ai đó
in someone's shoes,ở vị trí của ai đó
in someone's time,trong thời gian của ai đó
in someone's view,theo quan điểm của ai đó
in someone's vocabulary,trong vốn từ của ai đó
in someone's way,cản trở ai
in something's way,cản trở cái gì đó
in sooth,thực sự
in sort,tóm lại
in spades,vô cùng
in special,đặc biệt
in spirit,theo tinh thần
in spite of,mặc dù
in spite of someone's teeth,dù ai phản đối
in splendor,một cách lộng lẫy
in splendour,một cách lộng lẫy
in splits,chia nhỏ
in state,ở trạng thái
in steam,trong hơi
in step,theo từng bước
in stitches,khóc đến mức không thể nói nên lời
in stock,còn hàng
in store,trong cửa hàng
in stride,bình tĩnh
in style,thời trang
in succession,liên tiếp
in sum,tóm lại
in summary,tóm lại
in sunder,chia cắt
in suspense,trong hồi hộp
in sync,đồng bộ
in tandem,cùng nhau
in tandem with,cùng với
in tatters,bươm chán
in terms of,về mặt
in that,trong đó
in that regard,về vấn đề đó
in the absence of,thiếu
in the abstract,một cách trừu tượng
in the act,trong lúc đang làm
in the aggregate,tổng thể
in the air,trong không khí
in the altogether,trần trụi
in the arms of Morpheus,trong vòng tay của Morpheus
in the arms of Murphy,trong vòng tay của Murphy
in the article of death,trong bài viết về cái chết
in the ascendant,đang lên
in the back seat,ở hàng ghế sau
in the bag,đã xong
in the ballpark,khoảng
in the bargain,với một khoản giá bổ sung
in the barrel,trong thùng
in the bed,trên giường
in the bedroom,trong phòng ngủ
in the biblical sense,theo nghĩa trong Kinh Thánh
in the black,có lãi
in the blink of an eye,trong chớp mắt
in the books,trong sách
in the bottom of the bag,ở dưới đáy túi
in the bucket,trong xô
in the buff,trần trụi
in the business of,trong lĩnh vực kinh doanh
in the can,đã xong
in the cards,trong dự định
in the clear,trong sáng
in the closet,trong tủ
in the clouds,trên mây
in the club,ở câu lạc bộ
in the cold light of day,trong ánh sáng ban ngày
in the course of time,theo thời gian
in the crosshairs,trong tầm ngắm
in the dark,trong bóng tối
in the dead of night,giữa đêm khuya
in the dead of winter,giữa mùa đông khắc nghiệt
in the depths of,ở sâu trong
in the dock,bị đưa ra xét xử
in the dogbox,bị khiển trách
in the doghouse,bị khiển trách
in the doldrums,trong tình trạng trì trệ
in the drink,trong nước
in the driver's seat,ở vị trí người lái
in the driving seat,ở vị trí người lái
in the dumps,buồn rầu
in the end,cuối cùng
in the event,trong trường hợp
in the event of,trong trường hợp
in the event that,trong trường hợp
in the extreme,ở mức độ cực đoan
in the eye of the wind,giữa cơn gió
in the eyes of,trong mắt
in the eyes of the law,theo pháp luật
in the face of,dù có
in the family way,mang thai
in the fast lane,ở làn đường nhanh
in the field,trong lĩnh vực
in the final analysis,cuối cùng thì
in the first instance,ban đầu
in the first place,thứ nhất
in the flesh,thật
in the flower of one's youth,trong độ tuổi đẹp nhất
in the foothills,ở vùng chân đồi
in the footsteps of,theo sau dấu vết của
in the frame,trong khung
in the front row,ở hàng đầu
in the furtherance of justice,để thúc đẩy công lý
in the future,trong tương lai
in the game,trong trò chơi
in the grand scheme of things,trong bức tranh lớn hơn
in the great scheme of things,trong bức tranh lớn hơn
in the green,trong màu xanh
in the green tree,trong cây xanh
in the grip of,trong tầm tay
in the gristle,trong sụn
in the groove,thỏa thích
in the gross,tổng cộng
in the ground,trong lòng đất
in the hand,trong tay
in the hands of,trong tay
in the heat of,trong lúc căng thẳng
in the heat of the moment,trong lúc bốc đồng
in the hole,trong hố
in the hope of,với hy vọng
in the hope that,với hy vọng rằng
in the hopper,trong kho
in the hospital,ở bệnh viện
in the hot seat,ở vị trí khó khăn
in the house,trong nhà
in the hunt,trong quá trình tìm kiếm
in the interest of,vì lợi ích của
in the interest of justice,vì sự công bằng
in the interest of time,vì lợi ích của thời gian
in the interests of,vì lợi ích của
in the interim,trong thời gian này
in the know,biết rõ
in the lap of the gods,trong tay số phận
in the last analysis,cuối cùng
in the lead,dẫn đầu
in the least,ít nhất
in the light of,theo quan điểm
in the limelight,dưới ánh đèn sân khấu
in the limit,trong giới hạn
in the line of duty,trong khi làm nhiệm vụ
in the long run,về lâu dài
in the long term,về lâu dài
in the loop,được thông báo
in the lump,tất cả cùng nhau
in the main,chủ yếu
in the making,đang được tạo ra
in the mean time,trong khi đó
in the meantime,trong khi đó
in the meanwhile,trong khi đó
in the middle of,ở giữa
in the midst of,giữa
in the mix,trong hỗn hợp
in the moment,trong khoảnh khắc
in the money,có tiền
in the mood,thích
in the name of,danh nghĩa
in the name of heaven,danh danh nghĩa trời
in the name of something,danh nghĩa của
in the name of the law,Theo luật
in the nature of,theo bản chất
in the nature of things,tính chất tự nhiên
in the near future,trong tương lai gần
in the neighborhood of,gần đó
in the neighbourhood of,gần đó
in the nick,vừa kịp
in the nick of time,ngay đúng lúc
in the nip,ở gần đó
in the nuddie,trần trụi
in the nuddy,trần trụi
in the nude,trần truồng
in the offing,đang diễn ra
in the old times,ngày xưa
in the open,ở ngoài trời
in the original German,bằng tiếng Đức gốc
in the oven,trong lò
in the palm of one's hand,trong lòng bàn tay
in the pay of,trong sự trả công của
in the person of,thông qua người
in the picture,trong ảnh
in the pink,khỏe mạnh
in the pink of health,khỏe mạnh
in the pipeline,đang trong quá trình thực hiện
in the pocket,trong túi
in the post,trong bài đăng
in the process of,trong quá trình
in the pudding club,trong câu lạc bộ bánh flan
in the racket,trong vụ việc
in the rattle,trong tiếng động
in the raw,ở dạng thô
in the rear with the gear,ở phía sau với hộp số
in the red,cháy tiền
in the refrigerator,trong tủ lạnh
in the region of,trong khu vực
in the reign of Queen Dick,trong triều đại của Nữ hoàng Dick
in the right,bên phải
in the room,trong phòng
in the rough,chưa hoàn thiện
in the round,theo hình tròn
in the running,đang tham gia
in the sack,trong túi
in the saddle,trên yên
in the sales,trong bộ phận bán hàng
in the same boat,cùng hoàn cảnh
in the same breath,cùng lúc
in the same shoes,ở trong hoàn cảnh giống nhau
in the same vein,theo cùng một hướng
in the seven hells,ở địa ngục
in the shadow of,trong bóng của
in the shit,trong bãi cứt
in the shitter,trong tình trạng tồi tệ
in the shoes of,trong hoàn cảnh của
in the short run,trong ngắn hạn
in the short term,trong thời gian ngắn
in the snap of one's fingers,trong chớp mắt
in the soup,trong súp
in the space of,trong khoảng thời gian
in the spotlight,ở trung tâm sự chú ý
in the stars,trong các vì sao
in the stead of,thay thế
in the stratosphere,ở tầng bình lưu
in the straw,trong rơm
in the streets,trên đường
in the swim,thạo bơi
in the swim of things,nắm bắt tình hình
in the tank,trong bể
in the teeth of,dưới sự chống đối của
in the thick of,giữa tâm bão
in the thick of it,ở giữa tâm điểm
in the throes of,trong cơn giận dữ
in the throes of something,đang trong giai đoạn
in the toilet,trong nhà vệ sinh
in the trenches,ở chiến hào
in the twinkling of a bedpost,trong nháy mắt
in the twinkling of a bedstaff,trong chớp mắt
in the twinkling of an eye,trong chớp mắt
in the vein of,theo phong cách
in the vicinity of,gần đây
in the wake of,sau khi
in the way,cản trở
in the way of,cản trở
in the weeds,mắc kẹt
in the wild,ở ngoài tự nhiên
in the wind,trong gió
in the wind's eye,trong tâm bão
in the wink of an eye,trong chớp mắt
in the works,đang thực hiện
in the world,trên thế giới
in the worst way,tệ nhất
in the wrong,sai
in the zone,tập trung cao độ
in theory,về mặt lý thuyết
in there like swimwear,như đồ bơi
in this connection,trong mối liên hệ này
in this day and age,ngày nay
in this essay I will,trong bài luận này tôi sẽ
in this regard,về vấn đề này
in this respect,về mặt này
in thunder,giữa tiếng sấm
in thunderation,trong tiếng sấm
in time,đúng giờ
in times,trong thời gian
in token of,là biểu tượng của
in too deep,đắm chìm quá sâu
in total,tổng cộng
in totality,tổng thể
in touch,liên lạc
in tow,kèm theo
in town,ở thành phố
in train,trong tàu
in transit,đang vận chuyển
in trian aspect,trong một khía cạnh
in triplicate,ba bản
in trouble,bị rắc rối
in true,thực sự
in truth,thực tế
in tune,hòa hợp
in tune with,đồng điệu
in turn,lần lượt
in twain,chia đôi
in two,trong hai
in two jumps,trong hai lần nhảy
in two minds,do dự
in two shakes,chẳng mấy chốc
in twos,theo đôi
in unison,cùng một lúc
in use,đang sử dụng
in vain,vô ích
in very deed,thực tế
in view,trong tầm nhìn
in view of,theo quan điểm
in vigilance,trong sự cảnh giác
in vino veritas,Trong rượu có sự thật
in virtue of,vì
in virtue of which,theo đó
in voice,bằng giọng nói
in waiting,đang chờ
in waves,theo từng đợt
in ways,theo nhiều cách
in weal and woe,trong mọi hoàn cảnh
in what universe,trong vũ trụ nào
in what world,trong thế giới nào
in wine,trong rượu
in with a chance,có cơ hội
in witness whereof,theo sự chứng kiến
in words of one syllable,bằng một âm tiết
in writing,bằng văn bản
in your dreams,trong giấc mơ của bạn
in your face,trước mặt bạn
in your wildest dreams,trong giấc mơ hoang đường nhất
inch along,di từng chút một
inch away,cách nhau từng chút một
inch back,lùi lại
inch by inch,dần từng chút một
inch forward,di chuyển một inch về phía trước
inch up,tiến lên từng chút
independently wealthy,giàu có độc lập
Indian sign,Dấu hiệu của Ấn Độ
indict a ham sandwich,tố cáo bánh mì kẹp thịt
inform on,báo cáo
ink in,mực
ink isn't dry on,chưa khô mực
ink up,bôi mực
inner circle,vòng trong
inner ear,tai trong
inner strength,sức mạnh nội tại
innocently divorced,ly hôn vô tội
inquire after,hỏi thăm
inquire of,hỏi
ins and outs,cái hay cái dở
insane in the membrane,điên rồ
inside baseball,tin nội bộ
inside job,công việc nội bộ
inside joke,chuyện cười riêng
inside of,bên trong
inside out,lộn ngược
inside scoop,tin mật
inside the box,bên trong hộp
insofar as,trong phạm vi mà
inspite of,mặc dù
installed base,cơ sở khách hàng hiện tại
instance in,ví dụ về
instead of,thay vì
insult one's intelligence,xúc phạm trí thông minh
intellectually challenged,khuyết tật trí tuệ
intents and purposes,mục đích và ý nghĩa
inter al.,giữa các
inter alios,trong số những người khác
inter pocula,giữa các ly
interact with,tương tác với
interpret away,giải thích bỏ qua
into detail,chi tiết
into power,lên nắm quyền
into shape,vào form
into space,vào không gian
into the bargain,thêm vào đó
into the stratosphere,vào tầng bình lưu
into thin air,biến mất
into time,vào thời gian
intra legem,theo luật
invalid out,không hợp lệ
inversely proportional,nghịch tỉ lệ
invited to the cookout,được mời đến tiệc nướng
ipsissima verba,lời nói chính xác
iris in,vào trong mốngตา
iris out,mờ dần
Irish hint,Gợi ý kiểu Ireland
Irish up,Lên Ireland
iron eagle,đại bàng sắt
iron out,giải quyết
ironing board,bàn ủi
irons in the fire,việc dang làm
irrespective of,bất kể
is a bear Catholic,Có phải gấu là người Công giáo không
is my middle name,tên đệm của tôi
is someone cutting onions,Có ai đang thái hành tây không
is that the time,Đó có phải là giờ không
is the bear Catholic,con gấu có phải là người Công giáo không
is the Pope a Catholic,Ngài là Giáo hoàng có phải là người Công…
is the Pope a Muslim,Ngài Giáo Hoàng có phải là người Hồi giá…
is the Pope Catholic,Ngài là Giáo hoàng thì tất nhiên là Công…
is the Pope Jewish,Ngài Giáo Hoàng có phải là người Do Thái…
is the Pope Muslim,Ngài Giáo Hoàng có phải là người Hồi giá…
is the sky blue,bầu trời có màu xanh không
is this a safe space,Đây có phải là một không gian an toàn kh…
is your head cold,bạn bị cảm đầu không
ish ka bibble,Tôi không hiểu
isms and schisms,chủ nghĩa và sự chia rẽ
isn't it,phải không
isn't it so,phải không
it ain't over till it's over,Chưa xong đâu
it can't be helped,không thể làm gì được
it does not matter,không quan trọng
it figures,thật ra thì cũng không có gì lạ
it happens,nó xảy ra
it is and it isn't,cả có và không có
it is darkest before the dawn,Đêm tối nhất thường là trước bình minh
it is how it is,nó cứ như vậy
it is important to note that,cần lưu ý rằng
it is no accident,Đó không phải là tai nạn
it is not even funny,chuyện này không hề buồn cười
it is not every day,không phải lúc nào cũng vậy
it is not funny,nó không buồn cười
it is said,người ta nói
it is to laugh,nó là để cười
it is what it is,chuyện là vậy
it is worth noting that,cần lưu ý rằng
it isn't even funny,chuyện này không hề buồn cười
it isn't funny,nó không buồn cười
it never rains but it pours,cái gì đến cũng đến
it pays to advertise,quảng cáo mang lại lợi ích
it takes a village,cần sự chung tay của cả cộng đồng
it takes all kinds,Thế giới này có đủ mọi loại người
it takes all sorts,Thế giới này có đủ mọi loại người
it takes one to know one,Cùng giống nhau thì mới hiểu nhau được
it takes two to quarrel,cãi nhau phải có hai người
it takes two to tangle,cần có hai người để gây ra rắc rối
it takes two to tango,cần hai người để nhảy tango
it was like this,nó là như thế này
it was this way,nó là như vậy
it wasn't only only,Không chỉ có vậy
it's a date,chúng ta hẹn nhau
it's a deal,chúng ta đã có thỏa thuận
it's a free country,Đây là một quốc gia tự do
it's a jungle out there,ở ngoài kia rất khó khăn
it's a long story,Đó là một câu chuyện dài
it's a man's world,Thế giới của đàn ông
it's a matter of time,chỉ là vấn đề thời gian
it's a question of time,chỉ là vấn đề thời gian
it's a small world,Thật nhỏ bé
it's about time,đến lúc rồi
it's all Chinese to me,Tôi không hiểu gì cả
it's all g,mọi thứ ổn cả
it's all go,mọi thứ đều ổn
it's all good,mọi thứ đều ổn
it's all Greek to me,Tôi không hiểu gì cả
it's an ill wind,đây là một điềm xấu
it's been 84 years,đã 84 năm rồi
it's been a slice,tạm biệt
it's been real,Rất vui được gặp bạn
it's early days,mới bắt đầu
it's everywhere,nó ở khắp mọi nơi
it's five o'clock somewhere,Đã 5 giờ ở đâu đó
it's going,nó đang diễn ra
it's Greek to me,Tôi không hiểu gì cả
it's grim up north,Ở phía bắc cuộc sống rất khó khăn
It's high time,Đã đến lúc
it's lonely at the top,Ở trên kia rất cô đơn
it's never too late to mend,không bao giờ là quá muộn để sửa chữa
it's no use,thật vô ích
it's none of your business,Không phải việc của bạn
it's not even funny,chuyện này không hề buồn cười
it's not every day,không phải lúc nào cũng vậy
it's not funny,Không buồn cười
it's nothing,không sao đâu
it's on,nó đang bật
it's only a matter of time,chỉ là vấn đề thời gian
it's only a question of time,Chỉ là vấn đề thời gian
it's someone's funeral,đó là chuyện của người khác
it's the hit dog that howls,con chó bị đánh mới sủa
it's the story of one's life,câu chuyện cuộc đời
it's the thought that counts,Ý nghĩa quan trọng hơn hình thức
it's too late for sorry,đã quá muộn để xin lỗi
it's what's inside that counts,Điều quan trọng là những gì bên trong
itch the ditch,ngứa
itchy feet,muốn đi đây đi đó
itchy trigger finger,khát khao muốn bắn
iura novit curia,Tòa án biết luật
ivory tickler,cây gẩy đàn bầu
ivory tower,tháp ngà
jack around,trêu chọc
jack in,chèn
jack into,cắm vào
jack of all trades,người làm nhiều việc
jack off,tự kích thích
Jack Tar,Thủy thủ
jack up,nâng lên
jacket up,mặc áo khoác
jag off,tắt máy
jake brake,phanh động
jam out,thỏa thích
jam today,mứt hôm nay
jam tomorrow,mứt ngày mai
jam up,kẹt xe
Jane Average,Jane trung bình
JAQ off,Tắt JAQ
jaw away,trách móc
jaw down,im lặng
jazz around,nghêu ngao
jazz up,làm cho thêm sinh động
Jedi mind trick,Mánh khóe tâm trí Jedi
jeepers creepers,Ôi trời ơi
jeepers peepers,Ôi trời ơi
jell out,tan chảy
jerk around,trêu chọc
jerk off,tự kích dục
jerk one off,tự kích thích
jerk one out,rút
jerk over,kéo lên
jerk up,kéo lên
jerkin the gherkin,củ dưa chuột
jerky up,nhảy lên
jerry to,chuyển cho
jet off,khởi hành
jet set,giàu có và thích đi du lịch
Jew crew,Phi hành đoàn Do Thái
Jew down,Hạ giá
jew out,loại bỏ
jew up,trang điểm
jewel in the crown,viên ngọc quý nhất
jiak kentang,khoai tây chiên
jib out,khó khăn
jig up,lắp ráp
jill of all trades,người làm nhiều việc
jill off,tắt
jim up,nhảy lên
jimmy up,nâng lên
jive around,nói chuyện vu vơ
jive turkey,nói dối
jizz up,tinh nghịch
job's a good 'un,công việc tốt
job's a good'un,công việc tốt
job's a goodun,công việc tốt
jock off,tự kích thích
Joe Average,Người bình thường
Joe Citizen,Công dân bình thường
joe job,công việc của Joe
Joe Public,người bình thường
Joe Random,Người bình thường
Joe Schmo,Kẻ vô danh
Joe Schmoe,Kẻ vô danh
Joe Shmo,Một người bình thường
Joe Shmoe,Người bình thường
jog on,chạy bộ
jog someone's memory,kích thích trí nhớ
John Citizen,Công dân John
John Mastodon,John voi răng cửa
John Q. Public,Người dân bình thường
Johnny Appleseed,John Chapman
join forces,hợp tác
join hands,nắm tay nhau
join in,tham gia
join issue,tham gia vấn đề
join out,tham gia
join the club,gia nhập câu lạc bộ
join up,tham gia
joined at the hip,quấn quýt nhau
joke around,trêu chọc
joke it up,hài hước
joke up,trêu chọc
jolly along,vui vẻ
jot and tittle,chấm và gạch
jot down,ghi chú nhanh
Jove nods,Jove gật đầu
judge a book by its cover,dàn ý theo vẻ bề ngoài
jug ears,tai to
juggling act,trò tung hứng
juice up,sạc đầy
jumble together,xáo trộn
jumble up,xáo trộn
jump about,nhảy xung quanh
jump and dump,nhảy và vứt bỏ
jump around,nhảy xung quanh
jump at,nhảy
jump at the chance,nắm bắt cơ hội
jump at the opportunity,nắm bắt cơ hội
jump before one is pushed,chủ động hành động trước khi bị thúc đẩy
jump down,nhảy xuống
jump down someone's throat,cãi vã gay gắt
jump for joy,nhảy cẫng lên vì vui sướng
jump in,nhảy vào
jump in one's skin,khó chịu
jump off,nhảy xuống
jump on,nhảy lên
jump on the bandwagon,đi theo đám đông
jump onto,nhảy lên
jump out,nhảy ra
jump salty,nhảy mặn
jump someone's bones,tán tỉnh ai đó
jump street,đường dành cho người đi bộ
jump the gun,vội vàng
jump the queue,chen hàng
jump the shark,mất đi sự sáng tạo
jump through hoops,vượt qua khó khăn
jump to,nhảy đến
jump to conclusions,vội vàng kết luận
jump to it,Hãy bắt tay vào việc
jump up,nhảy lên
jump up behind,nhảy lên phía sau
jump upon,nhảy lên
jumpers for goalposts,sử dụng những thứ khác làm cột đánh dấu
jungle telegraph,tin đồn
junk in the trunk,mỡ ở đùi
junkyard dog,chó rác
jure divino,quyền thiêng liêng
jury is out,chưa có kết luận
just a minute,Một lát nữa
just a second,chỉ một lát nữa
just another pretty face,chỉ là một vẻ đẹp bề ngoài
just as well,may mắn thay
just deserts,báo ứng
just folks,người bình thường
just friends,chỉ là bạn
just in case,đề phòng
just in the nick of time,ngay đúng lúc
just in time,đúng lúc
just like that,giống như vậy
just my luck,may mắn của tôi
just say no,không
just shy of,gần như
just the job,hoàn toàn phù hợp
just the same,giống nhau
just you wait,chờ xem
justice delayed is justice denied,công lý chậm trễ là công lý bị từ chối
justice is blind,công lý không phân biệt đối xử
jut out,nhô ra
kak on,cậu ấy
kangaroo court,tòa án giả
kao peh kao bu,Tôi không biết
karma is a bitch,Nghiệp trả quả rất tàn nhẫn
karma's a bitch,Nghiệp trả quả rất đau
Katy bar the door,Cẩn thận
keel over,lật úp
keen as a bean,sắc sảo
keep a close watch,theo dõi sát sao
keep a cool head,giữ bình tĩnh
keep a lid on,giữ kín
keep a lid on something,giữ kín
keep a low profile,giữ kín tiếng
keep a straight face,giữ vẻ mặt nghiêm túc
keep a weather eye open,cảnh giác
keep across,theo dõi
keep ahead,đi trước
keep an eye on,giám sát
keep an eye on something,theo dõi
keep an eye open,cảnh giác
keep an eye out,cảnh giác
keep an eye out for somebody,cảnh giác để ý cho ai đó
keep an eye out for something,cảnh giác
keep an eye peeled,cảnh giác
keep around,giữ lại
keep at,kiên trì
keep away,tránh xa
keep away from,tránh xa
keep back,giữ lại
keep company,đồng hành
keep count,đếm số
keep down,kìm hãm
keep from,ngăn chặn
keep good time,đi đúng giờ
keep hope alive,giữ vững niềm hy vọng
keep house,giữ nhà
keep in,giữ lại
keep in touch,giữ liên lạc
keep in with,giữ quan hệ tốt với
keep it between the ditches,giữ trong phạm vi cho phép
keep it in the family,giữ trong gia đình
keep it moving,Tiếp tục đi
keep it one hundred,thành thật
keep it real,Hãy là chính mình
keep it together,giữ vững tinh thần
keep it up,cố gắng đi
keep off,xin đừng vào
keep off the streets,Tránh ra đường
keep on,tiếp tục
keep on about,nói mãi về
keep on truckin',tiếp tục đi
keep one eye on somebody,cảnh giác với ai đó
keep one eye on something,cảnh giác với điều gì đó
keep one's chin up,giữ vững tinh thần
keep one's cool,giữ bình tĩnh
keep one's ears open,lắng nghe
keep one's eye on the ball,tập trung
keep one's eyes peeled,cảnh giác
keep one's fingers crossed,cầu mong
keep one's hair on,giữ tóc
keep one's head,giữ bình tĩnh
keep one's head above water,vượt qua khó khăn
keep one's head down,im lặng
keep one's head on a swivel,luôn cảnh giác
keep one's head up,giữ vững tinh thần
keep one's knickers on,giữ bình tĩnh
keep one's lips sealed,im lặng
keep one's mouth shut,im lặng
keep one's nose clean,giữ mình trong sạch
keep one's options open,giữ mọi lựa chọn
keep one's pants on,giữ quần áo
keep one's pecker up,giữ tinh thần lạc quan
keep one's powder dry,giữ vững tinh thần sẵn sàng
keep one's stick on the ice,giữ vững vị trí
keep one's temper,giữ bình tĩnh
keep one's tits on,giữ bình tĩnh
keep one's voice down,giữ giọng nói nhỏ
keep one's word,giữ lời
keep oneself to oneself,ít nói chuyện với người khác
keep out,Cấm vào
keep out of,tránh xa
keep pace,bám theo
keep quiet,im lặng
keep shtum,im lặng
keep somebody in check,kiểm soát ai đó
keep somebody on their toes,giữ cho ai đó luôn cảnh giác
keep somebody posted,cập nhật thông tin cho ai đó
keep somebody's eyes peeled,cảnh giác
keep somebody's eyes skinned,cảnh giác
keep someone amused,giữ cho ai đó vui
keep someone busy,giữ cho ai đó bận rộn
keep someone company,kèm theo
keep someone in the loop,cập nhật thông tin cho ai đó
keep someone on ice,giữ ai đó trong trạng thái chờ
keep someone on their toes,làm ai đó luôn căng thẳng
keep someone posted,cập nhật thông tin cho ai đó
keep someone sweet,làm hài lòng ai đó
keep something at bay,giữ cho cái gì đó ở xa
keep something in check,kiểm soát
keep something in mind,Hãy nhớ
keep straight,đi thẳng
keep tabs on,theo dõi
keep tabs on somebody,theo dõi ai đó
keep tabs on something,theo dõi
keep telling yourself that,Hãy cứ tự nhủ điều đó
keep the ball rolling,tiếp tục tiến trình
keep the bones green,giữ cho xương xanh
keep the change,xin giữ lại tiền thừa
keep the home fires burning,giữ lửa ấm trong nhà
keep the peace,giữ hòa bình
keep the pot boiling,giữ cho vấn đề tiếp diễn
keep the rent down,giữ giá thuê thấp
keep the rent low,giữ giá thuê thấp
keep the show on the road,tiếp tục chương trình
keep the wolf from the door,lo sợ nghèo đói
keep to,tuân thủ
keep to oneself,giữ kín
keep together,giữ lại
keep track of,theo dõi
keep under,giữ dưới
keep up,bám theo
keep up appearances,giữ hình thức
keep up with,bám theo
keep up with the Joneses,bắt kịp xu hướng
keep up with the times,bám bắt kịp xu hướng
keep watch,cảnh giới
keep yourself safe,Hãy tự bảo vệ mình
ken oath,Lời thề của người Nhật
kernel of truth,mầm mống sự thật
kettle of fish,rắc rối
key down,nhấn nút
key in,nhập
key in on,tập trung vào
key into,nhập vào
key off,tắt khóa
key on,bật nguồn
key out,loại bỏ
key up,khởi động
keys to the kingdom,chìa khóa vạn năng
kick a dog when it's down,hãm hại người yếu thế
kick about,chơi đùa
kick against,phản đối
kick against the pricks,phản đối
kick around,đá bóng
kick ass,xuất sắc
kick ass and take names,xuất sắc và luôn luôn là số một
kick at an open door,đá vào cửa mở
kick at the can,đá vào hộp
kick back,thư giãn
kick bollocks scramble,khó khăn tột độ
kick butt,chiến thắng ngoạn mục
kick down,đá đổ
kick in,tham gia
kick in the teeth,đòn giã chân
kick into the long grass,đẩy lùi vấn đề
kick into touch,đá biên
kick it,nhảy
kick loose,tháo lỏng
kick off,bắt đầu
kick on,bật
kick one's heels,chờ đợi
kick out,đuổi đi
kick out the jams,quẩy hết mình
kick over,lật đổ
kick rocks,đá đá
kick some tail,chiến thắng
kick some tires,kiểm tra lốp xe
kick someone when they are down,hãm hại người đang gặp khó khăn
kick someone's ass,đánh bại ai đó
kick the beam,chạm vào vạch
kick the bucket,ra đi
kick the can down the road,đẩy trách nhiệm sang người khác
kick the habit,bỏ thói quen
kick the tires,kiểm tra lốp xe
kick the tyres,kiểm tra lốp xe
kick to,đá vào
kick to the curb,bỏ rơi
kick up,khuấy động
kick up a fuss,tạo ầm ĩ
kick up one's heels,vui vẻ
kick upstairs,thăng chức
kick with,đá với
kick with the other foot,đá bằng chân còn lại
kicking and screaming,khóc lóc và phản đối
kicking boots,đá giày
kicks and giggles,cú đá và tiếng cười khúc khích
kid around,trêu chọc
kid on,trêu chọc
kiddie table,bàn cho trẻ em
kids will be kids,Trẻ con cứ phải nghịch
kill me,giết tôi
kill off,loại bỏ
kill one's darlings,cắt bỏ những phần mình yêu thích
kill the fatted calf,giết con bê béo
kill trees,cắt cây
kill two birds with one stone,giết hai con chim bằng một viên đá
kill your heroes,giết chết những người hùng của bạn
kill your idols,phá bỏ những thần tượng của bạn
killer diller,tuyệt vời
killer instinct,bản năng sát thủ
Kilroy was here,Kilroy đã ở đây
kind of,loại
kind regards,trân trọng
kindest regards,trân trọng
kindred soul,linh hồn đồng điệu
kindred spirit,linh hồn đồng điệu
king of all one surveys,vua của tất cả những gì có thể nhìn thấy
king of beasts,vua của các loài thú
king of birds,ông vua của các loài chim
king of the castle,ông chủ
king of the hill,người đứng đầu
King of the Jungle,Vua của rừng
King Shit of Turd Island,Vua phân của đảo phân
king's cushion,gối của nhà vua
king's ransom,gia tài của nhà vua
kink on,gây khó chịu
kink out,mắc kẹt
Kiong Hee Huat Chai,Chúc mừng năm mới
kip down,hạ xuống
kip in,cất giữ
kip out,biến mất
kip up,cố gắng
kirk out,ra khỏi
kiss and cry,vui và buồn
kiss and make up,hòa giải
kiss and tell,kể chuyện tình cảm
kiss arse,nịnh bợ
kiss ass,nịnh bợ
kiss goodbye to something,chia tay
kiss me,hôn tôi
kiss my ass,Đấm vào mồm
kiss my balls,Đấm vào mông
kiss of death,nụ hôn tử thần
kiss of life,hồi sức nhân tạo
kiss off,tạm biệt
kiss out,hôn
kiss someone's ass,nịnh bợ
kiss someone's ring,chạm vào nhẫn của ai đó
kiss the gunner's daughter,hôn con gái của người pháo thủ
kiss up,nịnh bợ
kiss up to,nịnh bợ
kissing goes by favor,tình cảm trao đi tùy vào cảm xúc
kit out,trang bị
kit up,chuẩn bị đồ dùng
kitchen table software,phần mềm dễ sử dụng
kite around,bay diệu
kitty's titties,tít của mèo con
Klaatu barada nikto,Tôi không biết
kludge out,sửa tạm bợ
klunk out,tắt tiếng
knee-deep in the Big Muddy,chìm đến đầu gối trong dòng sông Mississ…
knee-high by the Fourth of July,cao bằng đầu gối vào ngày 4 tháng 7
knee-high to a grasshopper,còn nhỏ
knee-jerk reaction,phản ứng bột phát
kneel before,quỳ trước
kneel down,quỳ xuống
knick off,cắt bỏ
knife up,cầm dao lên
knight of the post,kỵ sĩ bưu điện
knit one's brows,nhăn trán
knit one's eyebrows,nhăn trán
knit together,dệt lại
knit up,đan lại
knive up,cắt
knob job,công việc tốt
knock about,va chạm
knock around,va chạm
knock back,từ chối
knock down,đánh đổ
knock down a peg,hạ thấp một bậc
knock for a loop,choáng váng
knock in,gõ cửa
knock into,va vào
knock it off,dừng lại
knock it out of the park,thành công rực rỡ
knock off,bỏ việc
knock on,gõ cửa
knock on heaven's door,gõ cửa thiên đường
knock on wood,gõ cửa gỗ
knock one out,đánh ngất
knock oneself out,cố gắng hết sức
knock out,đánh ngất
knock out of the box,đột phá
knock over,làm đổ
knock round,gõ nhẹ
knock some sense into,thức tỉnh
knock someone down with a feather,dễ dàng đánh bại ai đó
knock someone flat,hạ gục ai đó
knock someone off their perch,lật đổ ai đó
knock someone over with a feather,dễ dàng đánh ngã ai đó chỉ bằng một chiế…
knock someone's block off,đánh cho sỉ nhục
knock someone's socks off,thật ấn tượng
knock someone's wind out,hất tung
knock the living daylights out of,đánh cho tàn
knock the stuffing out of,hủy hoại
knock together,gõ vào nhau
knock under,đánh bại
knock up,làm cho có thai
knocking on heaven's door,gõ cửa thiên đường
knot off,thắt nút
know a thing or two,biết một chút về cái gì đó
know about,biết về
know beans about,không biết gì cả
know every trick in the book,biết hết mọi mánh khóe
know from a bar of soap,biết từ một thanh xà phòng
know how many beans make five,biết bao nhiêu hạt đậu mới thành một đốn…
know inside and out,nắm rõ từng chi tiết
know no bounds,không có giới hạn
know of,biết về
know one's own mind,biết mình muốn gì
know one's shit,hiểu biết sâu sắc
know one's stuff,rành nghề
know one's way around,quen đường
know someone,biết ai đó
know someone from Adam,biết ai đó rất rõ
know someone from Eve,biết ai đó từ lâu
know someone in the biblical sense,biết ai đó theo nghĩa trong Kinh Thánh
know the drill,hiểu quy trình
know the score,hiểu rõ tình hình
know thyself,hiểu bản thân mình
know what,biết
know what I'm saying,Bạn hiểu ý tôi nói không
know what is what,biết cái gì là cái gì
know where the bodies are buried,biết nơi chôn xác
know where you stand,biết rõ vị trí của mình
know which end is up,biết đâu là trên
knowledge is power,Kiến thức là sức mạnh
knuckle down,chăm chỉ
knuckle dragger,kẻ thô lỗ
knuckle sandwich,đấm vào mặt
knuckle to,cú đấm vào
knuckle under,nhượng bộ
knuckle up,cúi người
Kojak with a Kodak,Kojak cầm máy ảnh Kodak
konk out,kiệt sức
Kool-Aid smile,Nụ cười giả tạo
Kung Hei Fat Choi,Chúc mừng năm mới
kung pow penis,Tôi không thể dịch cụm từ đó
L in the chat,L trong tin nhắn
l'istesso tempo,cùng lúc
lab rat,chuột thí nghiệm
labor of love,công việc làm vì tình yêu
labour of love,công việc làm vì tình yêu
labour the point,khẳng định quá mức
lace into,thêu ren vào
lace up,thắt dây
laced mutton,thịt cừu xào
ladies and gentlemen,thưa quý vị
ladies first,phụ nữ trước
ladies' man,tay chơi gái
lady garden,vườn hoa
lady or tiger,hoặc hổ
lady's man,kẻ đa tình
lag behind,bị tụt lại
lag off,tắt máy
lair it up,tận hưởng cuộc sống
lair up,nằm xuống
lam into,làm thành
lam off,nghỉ việc
lam out,làm việc
lamb down,giảm bớt
lamp along,đèn đường
land down,xuống đất
land in someone's lap,rơi vào tay ai đó
land legs,chân trên đất liền
land of opportunity,đất nước cơ hội
land on,hạ cánh
land on one's feet,vững vàng
land poor,thiếu đất
land the plane,hạ cánh máy bay
land up,đến bờ
land upon,đến
land with,đến với
landing strip,sân hạ cánh
lands preserved,các vùng đất được bảo tồn
lang may yer lum reek,Tôi không hiểu
lang may your lum reek,Tôi không hiểu
lap of luxury,sự xa hoa
lap up,liếm láp
lard down,chất béo
lard up,làm bẩn
large and in charge,quyền lực và có ảnh hưởng
large it up,làm to hơn
lark about,trêu chọc
lark around,trêu chọc
laser in on,tập trung vào
lash back,phản công
lash down,trói chặt
lash off,cắt bỏ
lash out,nổi giận
lash together,ghép lại
lash up,trói chặt
lasso up,trói lại
last burst of fire,tiếng nổ cuối cùng
last cast,lần cuối
last full measure,hy sinh tuyệt đối
last hurrah,lần cuối cùng
last I checked,lần cuối tôi kiểm tra
last I heard,lần cuối tôi nghe
last known good,lần cuối hoạt động tốt
last mile,công đoạn cuối
last minute,phút cuối
last nail in the coffin,cái đinh cuối cùng đóng vào quan tài
last of the big spenders,người cuối cùng trong số những người chi…
last out,ra cuối cùng
last refuge,chỗ ẩn náu cuối cùng
last resort,phương án cuối cùng
last roundup,cuộc thu thập cuối cùng
last straw,giọt nước tràn ly
Last Supper,Bữa tiệc cuối cùng
last thing,điều cuối cùng
last thing one needs,điều cuối cùng cần
last time I checked,lần cuối tôi kiểm tra
last trump,lá bài át cuối
last word,từ cuối
latch on,cố gắng nắm bắt
latch onto,bám víu
late in the game,gần cuối trận
late model,mẫu mới nhất
late to the party,đến muộn
latest and greatest,mới nhất và tốt nhất
lather up,đánh bọt
lathered up,đánh bọt
lato sensu,theo nghĩa rộng
laugh a minute,cười mỗi phút
laugh and grow fat,cười và béo lên
laugh at,cười vào
laugh away,cười cho qua
laugh down,cười nhạo
laugh in one's sleeve,cười thầm
laugh off,cười cho qua
laugh one's head off,cười lăn lộn
laugh out of court,bị bác bỏ
laugh up one's sleeve,cười thầm
laugh with,cười cùng
laughing stock,mục cười
laughing tackle,cười khúc khích
laughter is the best medicine,Tiếng cười là liều thuốc tốt nhất
launch forth,phát động
launch into,bắt đầu nói về
laundry list,danh sách dài
law and order,trật tự và kỷ luật
lawful but awful,hợp pháp nhưng tồi tệ
lawyer up,thuê luật sư
lax up,nới lỏng
lay a finger on,chạm vào
lay about,nằm ườn ườn
lay an anchor to the windward,neo đậu ở phía ngược chiều gió
lay an egg,đẻ trứng
lay aside,cất
lay at someone's door,đổ lỗi cho ai đó
lay away,trả góp
lay back,ngả lưng
lay bare something,phơi bày
lay behind,ở phía sau
lay by,bên cạnh
lay by the heels,nằm úp mặt
lay claim,khẳng định quyền sở hữu
lay down,nằm xuống
lay down on,nằm xuống
lay down the law,thiết lập quy tắc
lay down the marker,đánh dấu
lay eggs,đẻ trứng
lay eyes on,nhìn thấy
lay eyes on somebody,nhìn thấy ai đó
lay eyes on something,nhìn thấy
lay for,nằm
lay hands on,tiếp xúc với
lay in,nằm
lay in lavender,ngủ trên hoa oải hương
lay into,mắng mỏ
lay it on,bôi lên
lay it on thick,làm quá lên
lay odds,cược kèo
lay of the land,tình hình chung
lay off,sa thải
lay on,nằm
lay on the line,chịu trách nhiệm
lay one down,cho nằm
lay one's hands on something,cầm tay
lay one's head,ngủ trưa
lay one's tongue to,nói một cách hoa mỹ
lay out,sắp xếp
lay over,trung chuyển
lay something at the feet of,đặt dưới chân
lay something on the line,đặt cược
lay store by,co giá trị
lay the groundwork,chuẩn bị nền tảng
lay the wood,xếp gỗ
lay to,nằm
lay to rest,an táng
lay up,nằm viện
lay up with,nằm viện
layer up,mặc nhiều lớp
laze about,nằm ườn ườn
laze around,nằm ườn ườn
lead by the nose,dẫn dụ
lead foot,chân nặng
lead in,dẫn đầu
lead nowhere,dẫn đến ngõ cụt
lead off,khởi đầu
lead on,dẫn đường
lead out,dẫn ra
lead someone to the altar,dẫn ai đó đến bệ thờ
lead someone up the garden path,dẫn ai đó đi lạc
lead the line,dẫn đầu hàng
lead the way,dẫn đường
lead through,dẫn dắt qua
lead time,thời gian giao hàng
lead to,dẫn đến
lead up to,dẫn đến
lead with one's chin,dấn thân quá vội vàng
leading light,người tiên phong
leaf out,nảy chồi
leaf through,lật giở
leak out,chảy ra
lean and mean,thon gọn và mạnh mẽ
lean in,chúi người vào
lean into,chú trọng vào
lean on,dựa vào
lean towards,nghiêng về
leap ahead,vượt lên dẫn trước
leap at,nhảy
leap out,nhảy ra
leap to mind,nảy ra
leap up,nhảy lên
leaps and bounds,nhảy vọt
learn one's lesson,rút kinh nghiệm
learn one's place,biết thân phận
learned profession,nghề chuyên nghiệp
lease out,cho thuê
least of all,đặc biệt là không
leave aside,bỏ qua
leave at the door,để ở cửa
leave behind,bỏ lại
leave for dust,bỏ lại cho bụi
leave home,rời nhà
leave it all on the field,cống hiến hết mình
leave it alone,để yên
leave it at that,để vậy đi
leave it be,để yên
leave it out,bỏ đi
leave me alone,để tôi yên
leave no crumbs,không để lại dấu vết
leave no stone unturned,kiểm tra mọi thứ
leave off,dừng lại
leave on,bật lại
leave out,bỏ qua
leave over,dư
leave someone at the altar,bỏ người yêu vào phút cuối
leave someone high and dry,bỏ rơi
leave someone holding the baby,để người khác phải gánh chịu hậu quả
leave someone in the dust,bỏ lại phía sau
leave someone in the lurch,bỏ rơi
leave someone no choice,không cho ai lựa chọn
leave someone out in the cold,bỏ mặc ai đó trong hoàn cảnh khó khăn
leave someone to their fate,bỏ mặc số phận của ai đó
leave someone to their own devices,Để ai đó tự quyết định
leave something to be desired,còn thiếu sót
leave the ball in someone's court,để tùy người khác quyết định
leave the door open,mở cửa
leave the nest,ra khỏi tổ
leave things alone,để yên mọi thứ
leave things be,để yên mọi thứ
leave to the imagination,còn tùy thuộc vào trí tưởng tượng
lede to kum,dẫn đến kum
left hook,đấm móc trái
left turn,rẽ trái
left-handed compliment,Lời khen có ẩn ý
leg around,quấn chân
leg out,chân ra
leg over,qua chân
leg up,giúp đỡ
legal beagle,chuyên gia luật
legal duty,nghĩa vụ pháp lý
legal eagle,chuyên gia luật
legally binding,có giá trị pháp lý
legend in one's own lifetime,biểu tượng sống
legend in one's own lunchtime,anh hùng thời đại
lemon law,luật bảo vệ người tiêu dùng
lend a hand,giúp đỡ
lend an ear,lắng nghe
lend itself to,phù hợp với
lend somebody a hand,giúp đỡ ai đó
length and breadth,chiều dài và chiều rộng
lengthen down,kéo dài xuống
lengthen out,kéo dài
lengthen up,kéo dài
les jeux sont faits,cuộc chơi đã bắt đầu
less is a bore,ít quá thì chán
less is more,Ít hơn là nhiều hơn
less than nothing,kém hơn không
lesser of two evils,điều tồi tệ nhất trong hai điều tồi tệ
lessons learned,bài học kinh nghiệm
let a sleeping dog lie,để yên những chuyện đã qua
let a thousand flowers bloom,Hãy để ngàn đóa hoa nở
let alone,đừng nói đến
let bygones be bygones,quên đi chuyện đã xảy ra
let down,thất vọng
let drive,lái xe
let fly,buông chim
let George do it,Hãy để George làm việc đó
let go and let God,buông bỏ và tin vào Chúa
let in,cho vào
let in on,tham gia vào
let into,cho vào
let it all hang out,thả lỏng
let it alone,để yên
let it be,để yên
let it snow,Hãy để tuyết rơi
let loose,thả lỏng
let me count the ways,Hãy để tôi kể cho bạn nghe
let me see,Để tôi xem
let me tell you,Hãy để tôi kể cho bạn nghe
let nature take its course,thời gian sẽ trả lời
let off,tha
let on,bật
let one go,buông bỏ
let one off,tha ra
let one's fingers do the walking,dùng ngón tay tìm kiếm
let one's hair down,thả tóc
let oneself go,thả lỏng
let out,thả ra
let past,quá khứ
let sleeping dogs lie,để mọi thứ yên như cũ
let slide,bỏ qua
let slip,lỡ lời
let slip something,lỡ lời
let someone down gently,thương người một cách nhẹ nhàng
let someone go,tha người
let someone have it,cho ai đó có
let something slip,bỏ lỡ
let that sink in,hãy suy ngẫm về điều đó
let the buyer beware,cẩn thận khi mua
let the dog see the rabbit,cho chó nhìn thỏ
let the matter drop,buông bỏ chuyện đó
let them eat cake,Hãy để họ ăn bánh
let there be light,Hãy có ánh sáng
let things alone,để yên mọi thứ
let things be,để mọi thứ như vậy
let this cup pass from me,xin hãy để chén này qua tôi
let through,cho đi qua
let up,thả
let us count the ways,Hãy cùng đếm số cách
let us go,đi thôi
let us see,Hãy xem
let well alone,đừng động đến
let's be having you,chúng ta hãy đón bạn
let's face it,thành thật mà nói
let's get the party started,bắt đầu bữa tiệc thôi
let's get this party started,Hãy bắt đầu bữa tiệc này
let's go,đi thôi
let's go Brandon,Brandon ơi
let's have it,Hãy nói đi
let's hear it for someone,Hãy dành cho người đó một tràng pháo tay
let's know,hãy cho chúng tôi biết
let's not and say we did,Chúng ta đừng nói và cứ nói là chúng ta …
let's roll,Đi thôi
let's say,ví dụ
let's see,Hãy xem
letters after one's name,chữ viết sau tên
level best,cố gắng hết sức
level down,giảm cấp độ
level off,ổn định
level out,làm phẳng
level to the ground,phẳng lìa
level up,lên cấp
level with,cùng trình độ
lex dubia non obligat,Luật mơ hồ không có hiệu lực
lexically scoped,phạm vi từ vựng
lez out,ra ngoài
lez up,nâng cao
liar liar pants on fire,dối trá dối trá quần cháy
lib out,thư viện
libel chill,cảm giác thư thái
licence to print money,quyền in tiền
lick and a promise,hứa hẹn
lick into shape,tạo hình
lick log,liếm gỗ
lick my balls,hôn bi của tôi
lick one's chops,liếm môi
lick one's lips,liếm môi
lick one's wounds,hồi phục vết thương
lick out,liếm sạch
lick someone's ass,nịnh bợ
lick someone's balls,vuốt mông cho ai đó
lick the pants off,vượt trội hơn hẳn
lick up,liếm
lie above,nằm trên
lie ahead,phía trước
lie along,nằm dọc
lie around,nằm ườn ườn
lie at someone's door,đến gõ cửa nhà ai đó
lie back,nằm ngửa
lie back and think of England,nằm ngửa và nghĩ về nước Anh
lie before,nằm trước
lie behind,nằm sau
lie by,nằm cạnh
lie down,nằm xuống
lie ill in one's mouth,nói dối
lie in,nằm trong
lie in one's throat,nghẹn
lie in wait,chờ đợi phục kích
lie low,ở ẩn
lie off,nghỉ ngơi
lie over,nằm trên
lie through one's teeth,nói dối không chớp mắt
lie to,nói dối
lie upon,nằm trên
lie with,nằm với
lies beget more lies,Lời nói dối sinh ra những lời nói dối kh…
life and limb,tính mạng và thân thể
life and soul of the party,linh hồn của bữa tiệc
life goes on,cuộc sống vẫn tiếp diễn
life happens,cuộc sống luôn diễn ra
life imitates art,cuộc sống bắt chước nghệ thuật
life is short,cuộc sống ngắn ngủi
life is too short,Cuộc sống quá ngắn ngủi
life is what you make it,Cuộc sống là do bạn tạo ra
life of its own,sống động riêng
life of Riley,cuộc sống nhàn nhã
life of the party,người trung tâm
life off,tắt
life's a bitch,Cuộc sống thật khó khăn
life's too short,cuộc sống quá ngắn ngủi
lift a finger against,cố gắng làm gì để chống lại
lift all boats,nâng cao đời sống của mọi người
lift and shift,di chuyển và tái sử dụng
lift down,hạ xuống
lift off,cất cánh
lift one's game,nâng cao trình độ
lift one's hand against,nâng tay lên chống lại
lift someone's spirits,làm người ta vui vẻ hơn
lift the lid on something,phơi bày
lift up,nâng lên
light a fire under,khích lệ
light along,dọc theo ánh sáng
light as air,nhẹ như không khí
light at the end of the tunnel,ánh sáng ở cuối đường hầm
light bucket,xô đựng nước
light down,giảm sáng
light in the loafers,đèn trong giày lười
light into,vào trong
light of one's life,ánh sáng của đời người
light off,tắt đèn
light on,bật đèn
light out,tắt đèn
light skirt,váy ngắn
light someone's ass up,đánh cho ai đó một trận
light the blue touchpaper,đốt pháo sáng màu xanh
light up,thắp sáng
light up a room,thắp sáng phòng
light upon,ánh sáng chiếu vào
light-bulb moment,khoảnh khắc chợt nhận ra
lighten someone's purse,làm cạn ví
lighten up,thư giãn
lightning fast,nhanh như chớp
lightning in a bottle,sức mạnh phi thường
lightning never strikes twice,sét đánh không bao giờ đánh hai lần
lightning strike,sét đánh
lights out,tắt đèn
like a bag of ferrets,giống như một túi đầy chuột cống
like a bat out of hell,nhanh như chớp
like a big dog,giống chó lớn
like a bitch,giống như một con chó cái
like a bitch on heat,giống như chó cái đang động tình
like a boss,thành công rực rỡ
like a bug to a zapper,giống như côn trùng bị thu hút bởi đèn đ…
like a bull at a gate,hung hăng như trâu xông vào cổng
like a champ,giống như một nhà vô địch
like a charm,dễ dàng như ăn kẹo
like a chicken with no head,giống như gà không đầu
like a chicken with the pip,giống như gà con vỡ vỏ
like a demon,giống như quỷ
like a dog on heat,trong thời kỳ động đực
like a dog with two dicks,giống như chó có hai cái vòi
like a dog with two tails,giống như chó có hai đuôi
like a dose of salts,giống như một liều muối
like a dream,giống như giấc mơ
like a drowned rat,như chuột bị ướt sũng
like a duck takes to water,như cá gặp nước
like a duck to water,như cá gặp nước
like a fart in church,như xì hơi trong nhà thờ
like a hawk,như chim ưng
like a headless chicken,giống như gà không đầu
like a headless chook,giống như gà không đầu
like a hole in one's head,điên
like a hole in the head,vô ích
like a hot knife through butter,như dao nóng cắt bơ
like a kid at Christmas,như trẻ con vào dịp Giáng sinh
like a kid on Christmas morning,như trẻ con vào sáng Giáng sinh
like a knife through butter,như dao cắt bơ
like a lamb to the slaughter,như cừu tiến vào lò sát sinh
like a man,giống như đàn ông
like a man possessed,như một người bị ám
like a martin to his gourd,giống như chim én với cái bình tre
like a martin to its gourd,giống như chim én với quả bầu
like a million bucks,xuất sắc tuyệt vời
like a million dollars,giống như một triệu đô la
like a million pounds,khoảng một triệu bảng
like a monkey on a stick,như khỉ trên cành cây
like a moth to a flame,giống như côn trùng bay đến ánh sáng
like a moth to flame,giống như côn trùng bay đến ánh đèn
like a moth to the flame,giống như côn trùng bay đến ánh sáng
like a mother hawk,như chim ưng mẹ
like a pakapoo ticket,giống như vé Pakapoo
like a phoenix from the ashes,tái sinh từ đống tro tàn
like a raped ape,khủng khiếp
like a rat up a drain,giống như chuột trong cống
like a rat up a drainpipe,như chuột chạy lên ống cống
like a ripe plum,giống như quả mận chín
like a scalded cat,giật mình như mèo bị bỏng
like a scalded dog,giống như chó bị bỏng
like a shot,nhanh như bắn
like a stuck pig,bất động như lợn bị kẹt
like a ton of bricks,nặng như đá
like a train,như tàu
like a wet weekend,giống như một cuối tuần mưa ướt
like a wolf on the fold,giống như sói trong chuồng
like all possessed,giống như tất cả đều bị ám
like anything,bất cứ thứ gì
like atomic clockwork,giống như một cỗ máy đồng hồ nguyên tử
like Blackpool Illuminations,giống như ánh sáng Blackpool
like breaking sticks,giống như gãy cành cây
like buggery,giống như cưỡng bức
like butter on a bald monkey,khó như chơi với khỉ trọc
like candy,giống kẹo
like cats and dogs,cơm chẳng lành, nước chẳng ngọt
like cheese at fourpence,giống như phô mai với giá bốn xu
like clockwork,như đồng hồ
like crack,giống như ma túy
like crazy,điên cuồng
like father like son,cha truyền con nối
like ferrets in a bag,như chuột trong túi
like flies on a rib roast,giống như ruồi bu trên miếng thịt nướng
like flies on pie,như ruồi bu trên bánh
like fuck,chết tiệt
like fudge,giống như kẹo fudge
like fun,vui
like fury,giận dữ
like gangbusters,rất thành công
like grease through a goose,như dầu trơn qua vịt
like grim death,giống như cái chết
like heck,chết tiệt
like hell,chết tiệt
like hey-go-mad,điên tiết
like hot cakes,chóng bán hết
like I care,Tôi không quan tâm
like I cared,Tôi không quan tâm
like it or leave it,thích thì dùng không thì thôi
like it or lump it,thích thì thôi không thì thôi
like it's going out of fashion,như thể không còn ngày mai
like it's going out of style,như thể là sắp hết thời
like lightning,như chớp
like mad,giận dữ
like magic,giống như phép thuật
like merry hell,vui vẻ hết cỡ
like molasses,như mật ong
like molasses in January,như mật ong vào tháng Giêng
like mushrooms,giống nấm
like new,còn như mới
like no other,không giống bất cứ thứ gì khác
like of,thích
like old boots,cũ kỹ
like one means it,giống như
like one o'clock,một giờ
like one o'clock half struck,giống như một giờ rưỡi
like one owns the place,như chủ nhà
like one's life depended on it,cống hiến hết mình
like painting the Forth Bridge,công việc rất vất vả
like peas and carrots,giống như đậu và cà rốt
like peas in a pod,cùng một kiểu
like rats from a sinking ship,bỏ chạy như chuột chạy khỏi tàu chìm
like rats in a sack,như chuột trong bao
like riding a bike,giống như đi xe đạp
like robbing a baby,cướp của trẻ con
like shelling peas,giống như tách đậu Hà Lan
like shit through a goose,khó khăn vô cùng
like shooting fish in a barrel,dễ như ăn kẹo
like sin,tương tự như tội lỗi
like smack,đánh
like someone owns the place,như thể là chủ nhà
like speaking to a brick wall,giống như nói chuyện với bức tường
like speaking to a wall,giống như nói chuyện với bức tường
like stink,khắm khủng khiếp
like stink on shit,khó chịu như cứt
like strange bulldogs,giống như những con chó bulldog kỳ lạ
like taking candy from a baby,dễ như ăn kẹo của trẻ con
like talking to a brick wall,giống như nói chuyện với bức tường
like talking to a wall,giống như nói chuyện với bức tường
like that,như vậy
like the bottom of a birdcage,giống như đáy lồng chim
like the clappers,rất nhanh
like the devil,giống quỷ
like the man said,như người đàn ông đó nói
like the man says,như người đàn ông đó nói
like the new time,giờ mới
like the wind,như gió
like the wrath of God,giống như sự giận dữ của Chúa
like there is no tomorrow,như không còn ngày mai
like turkeys voting for Christmas,tự mình đào hố chôn mình
like two peas in a pod,giống hệt nhau
like water,như nước
like water off a duck's back,như nước đổ vào vịt
like white on rice,như nước với cơm
like winkin,giống như nháy mắt
like winking,giống như nháy mắt
likker up,uống rượu
limber up,khởi động
limit out,hạn chế
limp in,khập khiễng
line in,vào
line in the sand,ranh giới cuối cùng
line of attack,chiến thuật
line of country,vùng nông thôn
line of fire,vùng nguy hiểm
line of questioning,hướng thẩm vấn
line off,tắt hàng
line one's pockets,bỏ tiền vào túi riêng
line out,phân công
line someone's pockets,làm giàu cho ai đó
line up,xếp hàng
line up behind,xếp hàng sau
line up one's ducks,sắp xếp mọi thứ
linearly dependent,phụ thuộc tuyến tính
linearly independent,độc lập tuyến tính
linger on,kéo dài
linger out,kéo dài
link in,tham gia
link out,đường dẫn hỏng
link up,kết nối
lion's den,hang sư tử
lion's share,phần lớn
lip off,im lặng
lip out,môi trềnh trệch
lip service,Lời nói suông
liquid courage,can đảm vì rượu
liquor up,uống rượu
listen after,nghe sau
listen in,nghe lén
listen out,lắng nghe
listen to you,lắng nghe bạn
listen up,nghe đây
little emperor,hoàng tử nhỏ
little girl,bé gái
little hand,bàn tay nhỏ
little head,đầu nhỏ
Little Joe from Kokomo,Little Joe đến từ Kokomo
little mad,tức giận một chút
little old,cái nhỏ cũ
little pitcher,bình nhỏ
little pitchers have big ears,Trẻ em nghe thấy mọi thứ
little pitchers have long ears,Con nhà ai cũng nghe lời
little shit,đồ khốn
little strokes fell great oaks,những hành động nhỏ có thể tạo nên những…
live a lie,sống dối trá
live and die by,sống và chết vì
live and learn,học hỏi không ngừng
live and let live,sống và để người khác sống
live beyond one's means,sống quá khả năng
live down,sống sót qua
live down to,thất vọng
live for,sống để
live in,sống ở
live in sin,sống trong tội lỗi
live in the past,sống trong quá khứ
live in the shadow of,sống dưới cái bóng của
live it up,sống hết mình
live large,sống thoải mái
live long and prosper,sống lâu và thịnh vượng
live off,sống nhờ
live on,sống ở
live on the edge,sống hết mình
live one,sống
live out,sống hết cuộc đời
live over the brush,sống trên bụi cây
live paycheck to paycheck,sống bằng đồng lương
live rent-free in someone's head,ám ảnh ai đó
live rent-free in someone's mind,luôn luôn ám ảnh trong tâm trí ai đó
live rough,sống khổ
live the dream,sống cuộc đời như mơ
live through,sống sót qua
live to tell the tale,sống sót để kể lại câu chuyện
live together,sống chung
live up,thực hiện
live with,sống với
live with oneself,sống với bản thân
liven up,làm sôi động
living death,chết dần
living end,cái chết
living proof,bằng chứng sống
load down,tải xuống
load of shit,rác rưởi
load out,chuẩn bị đồ
load up,nạp đầy
load up on,chúng tôi nên mua nhiều hơn
loaded for bear,sẵn sàng chiến đấu
loaded language,ngôn ngữ mang tính chất kích động
loaded word,từ mang ý nghĩa
loaf about,lười biếng
loaf around,lười biếng
lobby out,loại bỏ
lobby up,tiếp cận
locally compact,thuộc tính compact cục bộ
locally finite,hữu hạn cục bộ
locally indicable,có thể xác định tại chỗ
lock and key,khóa và chìa
lock and load,nạp đạn sẵn sàng
lock away,khóa lại
lock down,phong tỏa
lock horns,tranh chấp
lock in,khóa lại
lock into,khóa vào
lock off,khóa lại
lock on,khóa
lock out,khóa cửa
lock through,khóa bằng cách luồn
lock under,dưới ổ khóa
lock up,khóa lại
locked up,khóa lại
locker room humor,chuyện cười trong phòng thay đồ
locks only keep honest people honest,Chỉ những người lương thiện mới cần sự t…
log in,đăng nhập
log into,đăng nhập
log off,đăng xuất
log on,đăng nhập
log onto,đăng nhập
log out,đăng xuất
loll about,tận hưởng cuộc sống
loll around,tận hưởng cuộc sống
lolly up,tâng lên
lone gunman,kẻ bắn tỉa đơn độc
lone it,cô đơn
Lone Ranger,Người Cưỡi Ngựa Một Mình
long arm,tay dài
long arm of the law,sức mạnh của pháp luật
long betwixt the fingers,dài giữa các ngón tay
long drink,đồ uống có cồn
long finger,ngón tay dài
long for,mong muốn
long fuse,dây cháy dài
long green,xanh dài
long hair don't care,Tóc dài không quan trọng
long hour,giờ dài
long in coming,chậm trễ
long in the tooth,già
long long ago,cách đây rất lâu
long odds,khả năng rất thấp
long off,tắt lâu rồi
long pork,thịt người
long row to hoe,công việc nhiều
long run,thời gian dài
long screwdriver,tuốc nơ vít dài
long shot,cơ hội mong manh
long since,từ lâu rồi
long story,câu chuyện dài
long story short,tóm lại
long time,lâu rồi
long time no hear,lâu rồi không gặp
long time no see,lâu rồi không gặp
look after,chăm sóc
look ahead,nhìn xa
look ahead to,mong chờ
look ahere,nhìn đây
look around,xem xung quanh
look askance,nhìn nghi ngờ
look at,nhìn
look at it this way,Hãy nhìn vấn đề này theo cách này
look away,nhìn đi chỗ khác
look back,nhìn lại
look before one leaps,cân nhắc kỹ trước khi hành động
look beyond,nhìn xa hơn
look both ways,nhìn cả hai hướng
look down,nhìn xuống
look down on,coi thường
look down one's nose,xem thường
look down upon,coi thường
look for,tìm
look for a dog to kick,tìm một con chó để đá
look for number one,tìm kiếm người số một
look forward to,mong chờ
look here,nhìn đây
look in,nhìn vào
look in on,ghé thăm
look into,xem xét
look off,nhìn ra
look on,nhìn vào
look on as,xem
look on the bright side,Hãy nhìn nhận mặt tích cực
look on the dark side,nhìn mặt xấu của vấn đề
look out,cẩn thận
look out for number one,ưu tiên bản thân
look out for someone,chăm sóc ai đó
look over,xem qua
look over one's shoulder,nhìn ra sau
look past,bỏ qua
look right through,nhìn xuyên qua
look round,xem xung quanh
look the other way,bỏ qua
look the part,diện hình
look through,xem qua
look through one's fingers,nhìn xuyên qua ngón tay
look to,nhìn đến
look up,tra cứu
look up and down,nhìn lên nhìn xuống
look up to,kính trọng
look upon,nhìn nhận
look what the cat dragged in,Ôi trời ơi
look what the cat drug in,nhìn xem con mèo mang gì vào đây
look what the cat's dragged in,Ôi chao cái gì đây
look what the wind blew in,nhìn xem gió mang đến cái gì
look who the cat dragged in,Ai mà kéo cậu đến đây
look who's talking,thật nực cười
lookers-on see most of the game,Những người xem thường thấy phần lớn của…
looks can be deceiving,Có những vẻ bề ngoài có thể đánh lừa
loom ahead,trước mắt
loom large,lớn dần
loop in,vòng lặp
loop off,tắt vòng lặp
loop up,tra cứu
loose cannon,người mất kiểm soát
loose end,cái bỏ sót
loose ends,những việc còn dang dở
loose lip,nói linh tinh
loose lips sink ships,Lời nói vô tình gây họa
loose off,nới lỏng
loose tongue,nói nhiều
loosen someone's lips,khai thác thông tin
loosen someone's tongue,khơi gợi sự cởi mở
loosen the apron strings,thả lỏng kiểm soát
loosen the purse strings,nới lỏng dây rút ví
loosen up,thư giãn
lop down,ngã xuống
lop off,cắt bỏ
lord it over,thống trị
Lord knows,Chúa biết
Lord love you,Xin Chúa thương bạn
lord of gingerbread,ông chủ bánh gừng
lord of the flies,Chúa ruồi
Lord only knows,Chỉ có Chúa mới biết
lord over,thống trị
Lord rest his soul,Nguyện Chúa phù hộ linh hồn người quá cố
Lord's Supper,Bữa tiệc thánh
lose count,mất số
lose face,mất mặt
lose ground,mất lợi thế
lose it,mất
lose one's battle,thua cuộc
lose one's bottle,mất bình tĩnh
lose one's cool,mất bình tĩnh
lose one's head,mất trí
lose one's heart,mất trái tim
lose one's mind,mất trí
lose one's shirt,mất hết tiền
lose one's shit,mất bình tĩnh
lose one's temper,mất bình tĩnh
lose one's tongue,mắc tiếng
lose one's touch,mất đi sự tinh tế
lose one's virginity,mất đi sự trong trắng
lose one's wits,mất trí
lose out,mất cơ hội
lose patience,mất kiên nhẫn
lose sight of something,mất dấu
lose the bell,mất chuông
lose the bubble,vỡ bong bóng
lose the number of one's mess,mất số điện thoại
lose the plot,mất trí
lose touch,mất liên lạc
lose track,mất dấu
loss and gain are brothers twain,thắng thua là anh em
loss of face,mất mặt
lost cause,mất cả chì lẫn chài
lost errand,việc vặt bị quên
lost for words,không nói nên lời
lost in the shuffle,bị bỏ lại phía sau
lost in translation,mất đi ý nghĩa trong quá trình dịch
lost on,mắc kẹt trên
lost to the world,mất tích
lost to time,bị lãng quên theo thời gian
lotion up,thoa kem dưỡng
loud and clear,rõ ràng
louse around,lười biếng
louse up,phá hoại
love at first sight,yêu từ cái nhìn đầu tiên
love away,yêu xa
love buzz,cảm giác yêu đương
love cannot be forced,Tình yêu không thể ép buộc
love conquers all,tình yêu chiến thắng mọi thứ
love goggles,kính râm tình yêu
love is blind,tình yêu mù quáng
love is love,tình yêu là tình yêu
love it or lump it,thích thì dùng không thì thôi
love muscle,cơ tim
love nest,tổ ấm tình yêu
love of one's life,người mình yêu nhất đời
love on,yêu đương
love up,yêu thương
love ya,yêu bạn
love you,yêu bạn
low and slow,chậm rãi và đều đặn
low blow,hèn hạ
low on the totem pole,ở vị trí thấp
low road,con đường khó khăn
low-hanging fruit,những thứ dễ đạt được
lower one's sights,hạ thấp mục tiêu
lower the bar,hạ thấp tiêu chuẩn
lower the boom,ra đòn
lube up,bôi trơn
lubrication payment,tiền bôi trơn
luck in,may mắn trong
luck into,may mắn
luck of the draw,may mắn ngẫu nhiên
luck out,may mắn
luck through,qua
lucky break,may mắn
lucky dip,bốc thăm may mắn
lucky dog,mấy con chó may mắn
lucky duckie,vận may
lucky duckling,chim ngỗng may mắn
lucky ducky,may mắn
lucky star,sao may mắn
lucky you,may mắn cho bạn
lucus a non lucendo,không sáng
luff up,nâng buồm
lug in,cắm vào
lug out,kéo ra
lumber with,cùng với
lump in one's throat,cảm giác nghẹn
lump it,chấp nhận
lump to one's throat,cảm xúc nghẹn ứ
lump together,gộp lại
lump up,vón cục
lunatics have taken over the asylum,Những người điên đã chiếm lấy bệnh viện …
lunch in,ăn trưa ở
lunch out,ăn trưa ngoài
luncheon truncheon,bữa trưa gậy gỗ
lush around,xanh tươi tốt
lush it up,làm cho đẹp hơn
lush up,làm đẹp
lust after,khao khát
ma non troppo,không quá nhiều
macho up,thể hiện sự nam tính
mack down,giảm giá
mack on,dính chặt
mack out,tắt máy
mad money,tiền để tiêu xài
made for each other,sinh ra để dành cho nhau
made for life,được tạo ra cho cuộc sống
made in China,sản xuất tại Trung Quốc
made in Japan,sản xuất tại Nhật Bản
made in the shade,trong bóng râm
made of sterner stuff,cứng rắn hơn
made to fade,làm mờ
magic asterisk,dấu sao phép thuật
magic box,hộp ma thuật
magic bullet,thuốc thần
magic touch,bàn tay thần kỳ
magic up,biến mất
mail it in,gửi đi
main character,nhân vật chính
main event,sự kiện chính
main man,người quan trọng nhất
Main Street,Phố chính
major in,chuyên ngành
make a big thing out of,làm ầm ĩ
make a break for it,bỏ trốn
make a career of,sự nghiệp
make a case,khởi kiện
make a case for,đưa ra lý lẽ
make a clean breast,thú thật
make a comeback,trở lại
make a day of it,tận hưởng một ngày trọn vẹn
make a difference,tạo sự khác biệt
make a face,nhăn mặt
make a fist of,nắm chặt tay
make a fool of,làm trò hề
make a fuss,tạo ồn ào
make a go of,thực hiện
make a grab,giành lấy
make a killing,kiếm được rất nhiều tiền
make a leg,làm chân
make a light,làm đèn
make a living,kiếm sống
make a meal of,nấu một bữa ăn
make a mess of something,làm rối tung mọi thứ
make a mockery of,coi thường
make a monkey out of,đùa
make a move,di chuyển
make a name for oneself,tạo dựng tên tuổi
make a night of it,quẩy ban đêm
make a noise in the world,gây tiếng vang
make a pig of oneself,ăn uống thả phanh
make a pig's ear of,làm hỏng
make a point,nêu ra một điểm
make a poor fist of,làm không tốt
make a rabbit bite a bulldog,buộc thỏ cắn chó bulldog
make a return,hoàn trả
make a run for it,bỏ chạy
make a scene,gây ồn ào
make a show of oneself,khoe khoang
make a spectacle of oneself,tự làm trò
make a splash,gây tiếng vang
make a start,bắt đầu
make a statement,phát biểu
make a Virginia fence,làm hàng rào kiểu Virginia
make a virtue of necessity,biến khó khăn thành cơ hội
make after,bắt chước
make against,phản đối
make all the difference,thay đổi hoàn toàn
make amends,bồi thường
make an appearance,xuất hiện
make an ass of,làm trò hề
make an example of,làm gương
make an exhibition of oneself,khoe khoang
make an honest woman,làm người phụ nữ lương thiện
make away,trốn thoát
make away with,giấu đi
make baby Jesus cry,làm Chúa Giê-su nhí khóc
make beautiful music together,tạo ra những giai điệu tuyệt đẹp cùng nh…
make believe,giả vờ
make biscuits,làm bánh quy
make bones about,khó chịu
make book,làm sách
make both ends meet,cân đối thu chi
make bricks without straw,làm gạch mà không có rơm
make do,sống tạm bợ
make do and mend,sửa chữa và tiết kiệm
make down,giảm xuống
make ends meet,vừa đủ sống
make every effort,cố gắng hết sức
make eye contact,nhìn vào mắt
make faces,kè mặt
make for,dành cho
make friends,làm quen
make from scratch,làm từ đầu
make fun of,cười nhạo
make game of,biến thành trò chơi
make garden,làm vườn
make good,bồi thường
make good on,thực hiện đúng
make good on something,thực hiện lời hứa
make ground,chuẩn bị mặt bằng
make happen,thực hiện
make hard work of,cố gắng rất nhiều
make haste slowly,chậm mà chắc
make hay while the sun shines,tận dụng thời cơ
make head or tail of,hiểu được
make headway,tiến bộ
make heavy going of,khó khăn
make heavy weather,gây khó khăn
make history,làm nên lịch sử
make interesting,làm cho thú vị
make into,biến thành
make it do or do without,hoặc làm hoặc bỏ
make it interesting,làm cho nó thú vị
make it make sense,làm cho nó có ý nghĩa
make it rain,gây mưa
make it snappy,nóng bỏng
make it so,Hãy làm như vậy
make it up to,bù đắp
make light of,coi thường
make light work of,hoàn thành dễ dàng
make like a banana and split,chia ra
make like a tree and leave,cút đi
make love to the camera,khiêu gợi trước máy ảnh
make matters worse,làm mọi thứ tồi tệ hơn
make me,làm cho tôi
make mention of,đề cập đến
make mincemeat out of,xay xát
make money,kiếm tiền
make muffins,làm bánh muffin
make news,gây tiếng vang
make no bones about,thẳng thắn
make no mistake,đừng nhầm lẫn
make noise,gây ồn
make of,làm từ
make off,bỏ trốn
make off with,đánh cắp
make one's bow,cúi chào
make one's hand,giúp đỡ
make one's mark,để lại dấu ấn
make one's presence felt,khả năng gây ấn tượng
make one's way,đi đường
make oneself at home,cảm thấy thoải mái
make oneself clear,làm rõ ý
make or break,thành công hay thất bại
make out,hiểu rõ
make out like a bandit,kiếm chác bất chính
make out of,làm từ
make out with,tán tỉnh
make over,cải tạo
make peace,làm hòa
make pigs and whistles of,làm ồn ào
make quick work of,hoàn thành nhanh chóng
make room,nhường chỗ
make sense,hợp lý
make shit of,phá hoại
make short work of,hoàn thành nhanh chóng
make somebody's day,làm ai đó vui
make someone's blood boil,khơi cơn giận
make someone's day,làm ai đó vui
make someone's ears sad,làm ai đó buồn
make someone's head spin,làm ai đó hoa mắt
make someone's jaw drop,khiến ai đó ngạc nhiên đến mức há hốc mồ…
make someone's skin crawl,làm da gà của ai đó nổi lên
make someone's teeth itch,gây ngứa răng cho ai đó
make something of oneself,tự khẳng định mình
make sport of,trêu chọc
make strange,làm lạ
make strides,tiến bộ vượt bậc
make the bald man cry,làm người đàn ông hói đầu khóc
make the best of,tận dụng tối đa
make the best of one's way,tận dụng tối đa
make the best of something,tận dụng tối đa
make the call,gọi điện thoại
make the case for,đưa ra lý lẽ
make the cut,vượt qua
make the difference,tạo sự khác biệt
make the grade,đạt tiêu chuẩn
make the headlines,trang đầu báo
make the most of,tận dụng tối đa
make the move,di chuyển
make the point,khẳng định
make the running,chạy bộ
make the weather,thay đổi thời tiết
make the welkin ring,làm vang trời
make the world go around,làm cho thế giới vận hành
make time,dành thời gian
make time with,dành thời gian với
make to order,làm theo yêu cầu
make to stock,bổ sung vào kho
make tracks,khởi hành
make tracks for,chạy đi
make trial of,thử nghiệm
make up,trang điểm
make up for lost time,bù thời gian đã mất
make up one's mind,quyết định
make up the numbers,giảm cân
make up to,bồi thường
make waves,gây sóng gió
make way,nhường đường
make with,làm với
make yourself at home,cứ thoải mái như ở nhà
makes you think,khiến bạn suy nghĩ
mama's boy,con trai ngoan ngoãn
mama's girl,con gái của mẹ
man about town,người có địa vị
man among men,người nổi bật trong đám đông
man bites dog,chó cắn người
man down,ngã xuống
man in the street,người dân thường
man is a wolf to man,Con người đối với con người như sói với …
man it out,khoe ra
man of few words,người kiệm lời
man of parts,người đa tài
man of the people,người của nhân dân
man on the street,người dân bình thường
man overboard,người rơi xuống nước
man plans and God laughs,Con người có thể lên kế hoạch nhưng Thượ…
man the fort,củng cố phòng thủ
man up,Hãy mạnh mẽ
manage down,giảm thiểu
manage out,kiểm soát
manage up,làm hài lòng cấp trên
manage with,xử lý với
manners maketh man,Cách cư xử tạo nên con người
manoeuvre the apostles,điều khiển các tông đồ
many a mickle makes a muckle,những điều nhỏ nhặt cộng lại thành một đ…
many a time and oft,nhiều lần
many hands make light work,Cùng nhau làm thì việc gì cũng nhẹ nhàng
many happy returns,chúc mừng nhiều lần
many moons ago,cách đây rất lâu
many moons from now,sau nhiều năm nữa
many such cases,nhiều trường hợp tương tự
many thanks,cảm ơn nhiều
map onto,ánh xạ
map out,lập kế hoạch
march on,tiến quân
march past,diễu hành
mare's fart,xì hơi ngựa cái
marginalize out,gạt ra ngoài lề
marinate on,nghiền ngẫm
mark as,đánh dấu
mark down,giảm giá
mark down as,đánh dấu
mark my word,Hãy nhớ lời tôi
mark my words,Hãy nhớ những lời tôi nói
mark off,đánh dấu
mark one's own homework,chấm bài của chính mình
mark out,đánh dấu
mark someone's card,đánh dấu vào thẻ của ai đó
mark up,đánh dấu
Marks and Sparks,M&S
marriage bed,giường cưới
marriage penalty,phụ phí kết hôn
marry in,kết hôn ở
marry into,kết hôn với
marry me,Hãy kết hôn với tôi
marry off,gả đi
marry out,kết hôn ra ngoài
marry the ketchup,kết hôn với tương cà
marry up,kết hôn
marshal together,tập hợp
mash it up,xay nhuyễn
mash up,hỗn hợp
mask off,tháo khẩu trang
mask up,Đeo khẩu trang
mass destruction,phá hủy hàng loạt
massively parallel,xử lý song song hàng loạt
Master John Goodfellow,Giáo viên John Goodfellow
Master of the Universe,Chúa tể vũ trụ
master out,hoàn thành
master plan,kế hoạch tổng thể
match made in heaven,cặp đôi hoàn hảo
match made in hell,cặp đôi địa ngục
match up,khớp
matter at hand,vấn đề đang được bàn bạc
matter of course,điều hiển nhiên
matter of fact,thực tế
matter of life and death,sống còn
matter of time,chỉ là vấn đề thời gian
max out,vận hành tối đa
may as well,cũng nên
may God be my witness,Xin Chúa chứng giám
may I help you,Tôi có thể giúp gì cho bạn không
may I pass through,Tôi có thể đi qua không
May the 4th Be With You,Chúc mừng ngày 4 tháng 5
may the Force be with you,Chúc may mắn
may the Force be without you,Chúc bạn may mắn
May the Fourth Be With You,Chúc mừng ngày 4 tháng 5
may you live in interesting times,chúc bạn sống trong những thời đại thú v…
me gusta,Tôi thích
me thinketh,Tôi nghĩ
me three,ba
meal deal,combo bữa ăn
meal ticket,nguồn thu nhập
meals on wheels,phân phát bữa ăn đến tận nhà
mean business,nghiêm túc
mean machine,máy móc mạnh mẽ
mean people suck,Những người xấu tính thật đáng ghét
mean streak,tính hay cằn cằn
mean the world to,có ý nghĩa rất lớn
mean to,có ý nghĩa là
meant to,đã định
measure for measure,đo lường
measure off,đo đạc
measure out,đo lường
measure swords with,so tài với
measure the drapes,đo rèm cửa
measure twice and cut once,Đo đạc kỹ lưỡng rồi mới cắt
measure up,đáp ứng
meat market,chợ thịt
meat off,bỏ thịt
meat on one's bones,có da có thịt
meat on the bones,thịt trên xương
meat rack,giá treo thịt
meat sweats,hưng phấn sau khi ăn thịt
media darling,người nổi tiếng trong giới truyền thông
medical out,khám bệnh
medicine up,thuốc
meet a sticky end,kết thúc không tốt đẹp
meet halfway,gặp nhau ở giữa
meet one's maker,ra mắt người tạo ra mình
meet up,gặp mặt
meet with,gặp gỡ
meeting of the mindless,cuộc họp của những người thiếu suy nghĩ
meeting of the minds,sự đồng thuận
mellow out,thư giãn
mellow yellow,vàng tươi
melon head,đầu dưa
melt away,tan chảy
melt down,tan chảy
melt in the mouth,tan chảy trong miệng
melt into,tan chảy vào
melt out,tan chảy
melt up,tan chảy
member for Barkshire,Đại diện của hạt Barkshire
meme on,meme
memory lane,con đường ký ức
mend fences,sửa hàng rào
mend one's ways,sửa đổi hành vi
mene mene tekel upharsin,Tôi thấy, tôi thấy, tôi thấy, tôi không …
mental gymnast,người luyện tập thể dục dụng cụ trong tr…
mentally challenged,khuyết tật trí tuệ
mentally ill,bệnh tâm thần
mentally retarded,trì trí
merc up,tăng giá
merchant of death,tay buôn vũ khí
mercy bucket,xô nước ân nghĩa
mercy buckets,xô cứu trợ
mercy fuck,địt như chó
mercy sake's alive,xin hãy thương xót, sự sống vẫn còn
mere mortal,người phàm trần
Merry Andrew,Diễn viên xiếc
merry Christmas,Giáng sinh vui vẻ
merry dance,nhảy vui
merry men,những người bạn thân thiết
merry Xmas,Chúc Giáng sinh vui vẻ
mess about,vui đùa
mess around,tinh nghịch
mess of pottage,cháo
mess over,làm rối tung lên
mess up,làm hỏng
mess with,gây rắc rối cho
metabolically challenged,khó khăn về chuyển hóa
mete out,phân phát
methinks thou dost protest too much,Tôi nghĩ anh/em đang phản đối quá mức
method to one's madness,có phương pháp trong điên rồ
mew up,mèo con
Mexican breakfast,Bữa sáng kiểu Mexico
mic drop,buông mic
mic up,cầm micro
micky off,micky nghỉ
microwave up,hâm nóng bằng lò vi sóng
Midas touch,Midas
middle for diddle,giữa
middle of nowhere,nơi xa xôi hẻo lánh
middle of the road,ôn hòa
might as well,có lẽ như vậy
might is right,có thể đúng
might makes right,thế lực tạo ra công lý
mighty oaks from little acorns grow,Cây sồi lớn từ những hạt dẻ nhỏ
mike off,tắt mic
mike up,bật mic
mile a minute,dặm một phút
milieu control,kiểm soát môi trường
milk before meat,uống sữa trước ăn thịt
milk can,thùng sữa
milk drinker,người thích uống sữa
milk of human kindness,lòng tốt của con người
milk the clock,kéo dài thời gian
mill about,xoay vòng
mill around,lang thang
Miller of Dee,Miller ở Dee
milling machine,máy phay
million and one,vô số
mime out,diễn tả bằng hành động
mince up,băm nhỏ
mince words,nói vòng vo
mind how you go,cẩn thận khi đi
mind one's language,cẩn thận lời nói
mind one's own business,quan tâm đến việc của mình
mind one's P's and Q's,cẩn thận
mind one's ps and qs,cẩn thận
mind out,cẩn thận
mind the gap,cẩn thận khe hở
mind the store,giữ cửa hàng
mind you,xin lưu ý
mind your own beeswax,xin tự trọng
mind's ear,thính giác trong tâm trí
mind's eye,trí tưởng tượng
miners' canary,chim canh cho thợ mỏ
mines and minerals,khoáng sản
minor in,chuyên ngành phụ
minor miracle,phép lạ nhỏ
mint condition,còn mới nguyên
misery enjoys company,Đau khổ thích có người bầu bạn
misery loves company,Thương người như thể thương mình
misfortunes never come alone,Tai họa đến đâu cũng không đến một mình
misfortunes never come singly,Tai họa thường đến không đơn độc
miss off,bỏ sót
miss out,bỏ lỡ
Miss Priss,Cô nàng đỏng đảnh
Miss Right,Người mình yêu
miss the forest for the trees,bỏ lỡ bức tranh toàn cảnh vì chỉ nhìn và…
miss the mark,bỏ lỡ
miss the memo,không biết thông tin
miss the point,không hiểu vấn đề
miss the wood for the trees,bỏ lỡ vấn đề chính vì tập trung vào chi …
miss the woods for the trees,bỏ lỡ bức tranh toàn cảnh vì chỉ nhìn và…
Miss Wrong,Cô Miss Wrong
misses and kisses,nụ hôn và nụ vuốt má
missing stair,bậc thang bị thiếu
mission accomplished,hoàn thành nhiệm vụ
mission creep,mở rộng phạm vi nhiệm vụ
mist over,sương mù bao phủ
mist up,làm mờ
mistake windmills for giants,nhầm cối xay gió thành người khổng lồ
Mister Right,Người bạn đời lý tưởng
Mister Wrong,Người đàn ông không phù hợp
misters before sisters,các quý ông trước các quý bà
mists of time,sương mù thời gian
mitten onto,đặt lên
mix and match,kết hợp
mix apples and oranges,trộn táo và cam
mix down,pha trộn
mix it up,pha trộn
mix up,trộn lẫn
mixed bag,hỗn hợp
mixed blessing,cái được cái mất
mixed herbs,hỗn hợp gia vị
mixed message,Thông điệp mâu thuẫn
mixed picture,bức tranh hỗn hợp
mob up,tụ tập
mobilia sequuntur personam,Đồ đạc theo sau người
mock out,giễu cợt
mock up,bản mẫu
mocking is catching,nhại theo
modern as next week,mới nhất
modern up,cập nhật hiện đại
modest proposal,đề xuất khiêm tốn
molehill mountaineer,người leo núi nhỏ
molon labe,Hãy đến và xem
moment in the sun,khoảnh khắc dưới ánh nắng
moment of truth,khoảnh khắc quyết định
mommy brain,trí nhớ của mẹ
Monday-morning quarterback,Chỉ trích sau khi đã xảy ra
money can't buy happiness,Tiền bạc không thể mua được hạnh phúc
money cannot buy happiness,Tiền bạc không thể mua được hạnh phúc
money does not smell,tiền không có mùi
money does not stink,Tiền không có mùi
money doesn't grow on trees,Tiền không mọc trên cây
money for jam,tiền để mua mứt
money for old rope,tiền cho rơm rạ
money has no smell,Tiền không có mùi
money is no object,tiền không phải vấn đề
money makes the world go around,Tiền là động lực của thế giới
money makes the world go round,Tiền là động lực của thế giới
money pit,cái hố đen
money talks,Tiền nói lên tất cả
money talks and bullshit walks,Tiền nói, lừa dối đi
money's worth,đáng đồng tiền
mong out,mong muốn
monkey about,tinh nghịch
monkey around,tinh nghịch
monkey business,mánh khóe
monkey paw,bàn tay khỉ
monkey up,lém lỏi
monkey wrench,cờ lê mỏ lết
monkey's paw,móng vuốt khỉ
monkeys humping a football,khỉ đang ôm quả bóng
Monopoly money,Tiền Monopoly
month of Sundays,tháng rảnh rỗi
Moo U,Âm thanh của con bò
mooch off,tận dụng
moonlight and roses,ánh trăng và hoa hồng
moonlight flit,ánh trăng lấp lánh
moor up,cố định tàu thuyền
mop down,lau sàn
mop up,lau sạch
mope about,than vãn
mope around,lêu lỏng
moral bankruptcy,suy đồi đạo đức
moral high ground,địa vị đạo đức cao hơn
moral low ground,đạo đức thấp kém
moral of the story,Bài học rút ra
morally bankrupt,thiếu đạo đức
morbidly obese,béo phì cực độ
more at eleven,Xem thêm lúc mười một giờ
more betoken,thể hiện nhiều hơn
more by token,tính theo đơn vị
more confusing than a Rubik's cube,khó hiểu hơn cả một khối Rubik
more cry than wool,nhiều lông cừu hơn
more cushion for the pushin',êm hơn khi ấn
more dollars than sense,tham lam
more equal,công bằng hơn
more honored in the breach,việc không thực hiện còn đáng giá hơn vi…
more is more,càng nhiều càng tốt
more like,giống như
more like it,giống như vậy hơn
more money than brains,Đ giàu hơn thông minh
more money than sense,Đầu óc không đủ để quản lý tiền bạc
more often than not,thường thì
more or less,thường thì
more power to someone,Chúc bạn thành công hơn
more than meets the eye,khó đoán
more than one bargained for,nhiều hơn những gì mong đợi
more than one cares to mention,nhiều hơn những gì người ta muốn nói
more to the point,quan trọng hơn
more's the pity,thật đáng tiếc
morning person,người thích buổi sáng
morris off,tắt máy
moss out,rêu
most an end,hầu như kết thúc
mother hen,mẹ gà
Mother Hubbard,Bà Hubbard
mother lode,mỏ lớn
mother of all,tuyệt vời nhất
mother up,mẹ ơi
motion of someone's ocean,cử động của đại dương
mount up,leo lên
mouse around,sử dụng chuột
mouse over,di chuột qua
mouth breather,người thở bằng miệng
mouth of a sailor,miệng của thủy thủ
mouth off,nói bậy
mouth the words,nhai
mouthful of marbles,miệng đầy hòn bi
move about,di chuyển
move ahead,tiến lên
move along,đi đi
move around,di chuyển
move away,dọn đi
move back,quay lại
move down,xuống
move furniture,di chuyển đồ đạc
move heaven and earth,dốc hết tâm sức
move house,chuyển nhà
move in,dọn vào
move in on,tiến vào
move into,dọn vào
move it or lose it,hoặc là làm hoặc là mất
move off,di chuyển đi
move on,tiến lên
move one's body,di chuyển cơ thể
move out,dọn đi
move over,nhường đường
move someone to tears,khiến ai đó xúc động đến mức khóc
move the goalposts,di chuyển vạch đích
move the needle,thay đổi cục diện
move the yardsticks,di chuyển thước đo
move through the gears,chuyển số
move to,chuyển đến
move together,di chuyển cùng nhau
move up,lên
move up in the world,thăng tiến
move with,di chuyển cùng với
move with the times,bám bắt xu hướng
movie jail,nhà tù trong phim
mow down,cắt cỏ
much ado about nothing,tốn công vô ích
much good may it do someone,mong nó mang lại điều tốt đẹp cho ai đó
much less,ít hơn nhiều
much of a muchness,không có gì đặc biệt
much the same as,gần như giống nhau
much to be said,còn nhiều điều cần nói
muck about,vui đùa
muck around,vui đùa
muck in,tham gia
muck out,dọn dẹp chuồng trại
muck up,làm rối
mud and stud,bùn và đinh
mud fence,hàng rào đất
mud monkey,khỉ bùn
mud out,lấy bùn ra
mud sticks,bùn dính
muddle along,tiến triển chậm chạp
muddle on,tiếp tục loay hoay
muddle through,vật lộn
muddle up,làm rối
muddy the waters,làm rối mọi chuyện
muddy up,làm bùn
muff up,làm hỏng
muffle up,che chắn cẩn thận
mug off,tắt máy
mug up,học thuộc lòng
mug's game,trò chơi vô nghĩa
mugged by reality,đối mặt với thực tế tàn khốc
mukluk telegraph,điện báo mukluk
mull over,suy nghĩ
mull up,cân nhắc
multum in parvo,nhiều trong một
mum's the word,im lặng
munch on,nhai
murder will out,sự thật cuối cùng sẽ phơi bày
murderers' row,hàng những kẻ giết người
murk out,làm mờ
muscle in,sức mạnh
muscle in on,xâm phạm
muscle up,kéo xà
mush it up,trộn lẫn
mush up,xáo trộn
music to one's ears,như thiên đường
music to someone's ears,như giai điệu du dương
muss up,làm rối loạn
must get in front,phải đứng trước
must have been the wind,chắc là do gió
must have killed a Chinaman,chắc hẳn đã giết một người Trung Quốc
must've been the wind,Chắc là do gió
muster in,tập hợp
muster out,xuất ngũ
muster up,tập hợp
mustn't grumble,không được phàn nàn
mutual admiration society,câu lạc bộ ngưỡng mộ lẫn nhau
mutually exclusive,tương thích
mutually intelligible,hiểu được lẫn nhau
my arse,mông tôi
my back teeth are floating,răng hàm của tôi bị lung lay
my bad,xin lỗi
my bloody oath,thề có lẽ
my body is ready,cơ thể tôi đã sẵn sàng
my culture is not your costume,Văn hóa của tôi không phải là trang phục…
my dog ate my homework,chú chó của tôi đã ăn bài tập của tôi
my enemy's enemy is my friend,Kẻ thù của kẻ thù là bạn của tôi
my eye,mắt tôi
my eyes are up here,Mắt tôi ở đây
my foot,chân tôi
my head's a shed,Đầu tôi bốc hơi
my kingdom for a horse,Tôi sẵn sàng trả bất cứ giá nào để có đư…
my sides,bụng
my skull's afly,đầu tôi đau nhức
my spider sense is tingling,Cảm giác nguy hiểm đang đến
my teeth are floating,răng của tôi đang nổi
my watch has ended,thời gian của tôi đã hết
my way or the highway,hoặc là theo ý tôi hoặc là đi đường khác
my word,từ của tôi
n'est-ce pas,phải không
na-na na-na boo-boo,na na na na boo boo
na-na na-na na-na,na na na na
Nader's raider,Những người ủng hộ Nader
naff off,đi đi
nail down,chốt lại
nail in one's coffin,đóng đinh vào quan tài
naked ape,con người trần trụi
name after,đặt tên theo
name and shame,bêu danh
name for,tên cho
name names,tên
name of the game,tên trò chơi
name one's poison,chọn lựa
nanny nanny boo boo,búp bê
Nantucket sleigh ride,Đi xe ngựa trên tuyết ở Nantucket
narrow down,thu hẹp
narrow up,thu hẹp
native soil,đất mẹ
nature abhors a vacuum,Thiên nhiên không thích sự trống rỗng
nature beckons,thiên nhiên đang gọi mời
nature calls,tôi muốn đi vệ sinh
nature of the beast,bản chất của loài
nature versus nurture,di truyền hay môi trường
nature vs nurture,di truyền hay môi trường
nature vs. nurture,di truyền hay môi trường
nause up,ốm
ne bis in idem,Không xét xử cùng một hành vi hai lần
near and dear,gần gũi và thân thiết
near at hand,gần đây
near beer,bia không cồn
near post,cận cột
near the knuckle,gần khớp ngón tay
near the mark,gần đúng
nearest and dearest,người thân yêu nhất
nearly man,gần đàn ông
nearly never bulled a cow,hầu như không bao giờ cưỡi bò
nearly never won the race,hầu như không bao giờ thắng cuộc đua
neat and tidy,sạch sẽ ngăn nắp
neato burrito,rất tuyệt vời
neato mosquito,muỗi đáng yêu
neato torpedo,đạn ngư lôi tuyệt vời
necessary evil,điều tồi tệ cần thiết
necessity is the mother of innovation,Sự cần thiết là nguồn gốc của sự sáng tạ…
necessity is the mother of invention,Đau đớn sinh ra sáng tạo
necessity knows no law,Thiên tai không theo luật
neck and neck,cạnh tranh gay gắt
neck down,từ cổ xuống
neck of the woods,vùng lân cận
neck up,từ cổ lên
necker's knob,chúm
necktie party,tiệc cà vạt
need I say more,Tôi có cần nói thêm không
need one's eyes checked,cần kiểm tra mắt
needle drop,tiếng kim rơi
needle in a haystack,kim trong đống cỏ khô
needle mover,người điều khiển kim
needless to say,hiển nhiên là
needs must,bắt buộc
needs must when the devil drives,đôi khi phải làm những điều không muốn
negative Nancy,người bi quan
neither employed nor retired,không đi làm mà cũng không nghỉ hưu
neither fish nor flesh,không phải cá cũng không phải thịt
neither fish nor fowl,không phải cá cũng không phải chim
neither here nor there,không liên quan
nerd out,say mê nghiên cứu
nerve out,làm căng thẳng
nerve up,khuyến khích
nerves of steel,tinh thần thép
nervous hit,khẩn cấp
nervous Purvis,Purvis căng thẳng
nest together,quấn quýt nhau
net out,thu nhập ròng
neti neti,không phải cái này không phải cái này
never a dull moment,luôn luôn thú vị
never change a running system,Đừng thay đổi một hệ thống đang hoạt độn…
never eat shredded wheat,không bao giờ ăn bánh mì sợi
never eat soggy waffles,Đừng bao giờ ăn bánh waffle bị ướt
never eat soggy Weet-Bix,Đừng bao giờ ăn Weet-Bix bị ướt
never eat soggy wheat,Đừng bao giờ ăn bánh mì bị ướt
never fear,Đừng sợ
never in a million years,Trong một triệu năm nữa
never in a month of Sundays,chưa bao giờ
never meet your heroes,Đừng bao giờ gặp thần tượng của bạn
never mind,không sao đâu
never say never,Đừng bao giờ nói không bao giờ
never sick at sea,không bị say sóng
never the twain shall meet,hai người không bao giờ gặp nhau
never trust me,Đừng bao giờ tin tôi
never waste a crisis,Đừng lãng phí bất kỳ cuộc khủng hoảng nà…
never you mind,Đừng lo
new brooms sweep clean,Những người mới đến thường làm mọi việc …
new dawn,bình minh mới
new hotness,mới nổi
new kid in town,người mới đến
new kid on the block,người mới đến
new normal,bình thường mới
new school,trường mới
new territory,vùng đất mới
new up,mới nhất
new wine in an old bottle,cái mới trong cái cũ
new wine in an old wineskin,cái mới trong cái cũ
News of the Screws,Tin tức về ốc vít
newspaperman's newspaper,báo của nhà báo
next door,cạnh nhà
next thing one knows,chẳng bao lâu sau
next to,bên cạnh
next to no time,rất ít thời gian
next to nothing,gần như không có
nice guy,người tốt bụng
nice guys finish last,Những người tốt bụng thường gặp bất lợi
nice knowing you,Rất vui được làm quen với bạn
nice to meet you,Rất vui được gặp bạn
nicen up,cải thiện
nick off,đi đi
nick up,đăng ký
nickel and dime,tiền xu
nickel nurser,bình sữa bằng niken
nickel tour,chuyến đi giá rẻ
nigger nose,Tôi không thể dịch từ này
nigger rich,giàu có
nigh on,gần như
night and day,ban ngày và ban đêm
night out,đêm vui
night owl,người thức khuya
night person,người thích hoạt động vào ban đêm
nighty night,ngủ ngon nhé
Nikon choir,Hợp xướng Nikon
nil by mouth,không được ăn uống
nil per os,không uống được
Nina from Pasadena,Nina ở Pasadena
nine times out of ten,chín mươi chín lần trên mười lần
nine-day wonder,cái chuyện chóng vánh
ninjas cutting onions,những ninja đang thái hành tây
nip and tuck,nâng cấp
nip at,cắn
nip in the bud,chấm dứt ngay từ đầu
nishtaneh hateva,thay đổi tự nhiên
nix off,từ chối
Nixon goes to China,Nixon đến Trung Quốc
Nixon in China,Nixon ở Trung Quốc
Nixon to China,Nixon đến Trung Quốc
no and low,không và thấp
no big deal,không có gì to tát
no biggie,không sao đâu
no bigs,không sao đâu
no bones about it,thẳng thắn
no brown in town,không có ai da màu ở đây
no buts,không cần cãi
no chance,không có khả năng
no cigar,không được
no comment,không bình luận
no contest,không có đối thủ
no deal,không thỏa thuận
no dice,không nói gì
no diggity,không được
no entry,Cấm vào
no eye see,không thấy
no fear,không sợ
no fixed abode,không có nơi ở cố định
no flies on,không ngây thơ
no free lunch,Không có gì là miễn phí
no fun at parties,không vui khi đi dự tiệc
no further action,không cần hành động thêm
no gain without pain,Không có thành công nào mà không có sự c…
no glove no love,Không có găng tay thì không có tình yêu
no go,không được
no good deed ever goes unpunished,Không có việc thiện lành nào là không gặ…
no good deed goes unpunished,Không có việc thiện lành nào không gặp p…
no great scratch,không có vết xước lớn
no great shakes,không có gì đặc biệt
no hard feelings,không có oán giận
no harm done,không có gì đáng lo
no horse in this race,không có ai tham gia
no human involved,không có sự tham gia của con người
no johns,không mại dâm
no joke,không đùa
no joy,không vui
no love lost,không còn tình cảm
no man is an island,Không ai là một hòn đảo
no matter,dù gì đi nữa
no matter how,dù thế nào đi nữa
no matter what,dù thế nào đi nữa
no me gusta,Tôi không thích
no means no,không có nghĩa là không
no more,không còn nữa
no more Mister Nice Guy,Không còn là người tốt bụng nữa
no more Mr Nice Guy,Không còn là người tốt bụng nữa
no more Mr. Nice Guy,Không còn là người tốt bụng nữa
no news is good news,tin tốt không phải lúc nào cũng là tin t…
no notes,không ghi chú
no offence,không ý xúc phạm
no offense,không ý kiến
no one is born a master,Không ai sinh ra đã là bậc thầy
no parking,Cấm đỗ xe
no peace for the weary,không có yên bình cho những người mệt mỏ…
no picnic,không dễ
no pressure,không áp lực
no prize for guessing,không có giải thưởng cho việc đoán
no problem,không sao đâu
no probs,không sao đâu
no promo homo,Không quảng cáo nội dung đồng tính
no pun intended,không có ý gì cả
no question,không câu hỏi
no rest for the weary,không có thời gian nghỉ ngơi cho người m…
no rest for the wicked,Không có chỗ nghỉ ngơi cho những kẻ xấu
no rights reserved,không có quyền tác giả
no rose without a thorn,Không có hoa hồng nào mà không có gai
no score,không điểm
no screaming hell,không la hét địa ngục
no sense no feeling,không cảm xúc không cảm giác
no shame in my game,Tôi không có gì để hối tiếc
no shot,không có khả năng
no show without Punch,Không có buổi biểu diễn nào mà không có …
no skin off one's back,không ảnh hưởng gì
no skin off one's nose,không ảnh hưởng gì
no skin off one's teeth,không ảnh hưởng gì
no sleep for the wicked,Không có giấc ngủ cho kẻ gian ác
no smoke without fire,phép vua thua mạng quan thua
no smoking,Cấm hút thuốc
no soap,không xà phòng
no sooner said than done,nói rồi là làm
no sooner than,vừa mới
no soup for you,Không có canh cho bạn
no spring chicken,không còn trẻ
no string attached,không ràng buộc
no strings attached,không điều kiện
no such thing,không có gì như vậy
no thanks to,không phải nhờ
no time,không có thời gian
no time like the present,Không có thời điểm nào tốt hơn lúc này
no time to lose,không có thời gian để mất
no trespassing,Cấm vào
no two ways about it,không có gì phải nghi ngờ
no way,không thể
no way Jose,Không đời nào
no ways,hoàn toàn không
no word of a lie,không nói dối một chữ nào
no word of lie,không nói dối
no wrong answers,không có câu trả lời sai
no wuckas,không sao
no wuckaz,không vấn đề gì
no wuckers,không có vấn đề gì
no wuckies,không sao đâu
no wuckin' furries,không có lông thú
no wucking furries,Không có những người thích thú với động …
no wucks,không sao
no wukkas,không có việc gì
no wukkaz,không làm gì cả
no-good ass,đồ dở hơi
no-hit wonder,ca sĩ một đêm nổi tiếng
noah fence,hàng rào của Noah
nobody's perfect,Không ai hoàn hảo
nod in,gật đầu đồng ý
nod off,ngủ gật
nod out,ngủ gật
nod through,chấp thuận
nodding acquaintance,mối quan hệ quen biết hời hợt
noise up,ồn ào
noli illegitimi carborundum,Đừng để những kẻ bất lương làm bạn nản l…
nome sane,tên đẹp
non constat,không chắc chắn
non est factum,không có hiệu lực
non est inventus,không tìm thấy
non possumus,chúng ta không thể
non prosequitur,không truy tố
non-denial denial,phủ nhận gián tiếp
none of someone's business,không liên quan đến ai
none of your bee's wax,không liên quan đến bạn
none of your bees' wax,không liên quan đến bạn
none of your beeswax,Không liên quan đến bạn
none other than,không ai khác ngoài
none taken,không sao đâu
none the wiser,vẫn không hiểu
none the worse,không hề tệ hơn
noodle up,mì sợi
nook and cranny,ngóc ngách
nook or cranny,ngóc ngách
nope out,không
normally black,thường là màu đen
normally white,thường là màu trắng
north forty,bốn mươi mét về phía bắc
north of,bắc của
nose about,ngửi thấy
nose around,tò mò
nose count,đếm số người
nose out,vượt lên trên
nose out of joint,tức tối
nose over,qua mũi
nose to the grindstone,cố gắng hết sức
nosh off,ăn vặt
nostra sponte,tự mình
not a bother on someone,không phiền đâu
not a chance,không có khả năng
not a minute too soon,không đến một phút quá muộn
not a patch on,không sánh được
not a pretty sight,cảnh tượng không đẹp
not a word,không phải một từ
not a word of a lie,không hề nói dối
not all heroes wear capes,Không phải anh hùng nào cũng mặc áo choà…
not at all,hoàn toàn không
not be caught dead,chết trước khi chịu
not before time,không quá sớm
not break the bank,không tốn quá nhiều tiền
not by a jugful,không phải là một thùng lớn
not by any manner of means,bằng bất kỳ cách nào
not by any means,hoàn toàn không
not care beans,không quan tâm
not cricket,không công bằng
not do someone any favors,không giúp ai điều gì
not do someone any favours,không giúp ai điều gì
not feeling it,không thích
not for attribution,không được ghi tên
not for nothing,không phải vô ích
not for the world,chỉ dành cho riêng mình
not grow on trees,không phải thứ dễ kiếm
not half bad,không tệ lắm
not have a prayer,không có cơ hội
not here to fuck spiders,Tôi không ở đây để làm tình với nhện
not if I see you first,Nếu tôi gặp bạn trước thì khác
not in a million,không bao giờ
not in a million years,chắc chắn không bao giờ
not in Kansas anymore,Không còn ở Kansas nữa
not in the least,hoàn toàn không
not in the slightest,hoàn toàn không
not invented here,không phải do mình nghĩ ra
not just a pretty face,không chỉ có vẻ ngoài đẹp
not know one is born,không biết ai sinh ra
not know what hit one,không biết mình bị trúng đòn
not know what one is missing,không biết mình đang bỏ lỡ điều gì
not know which way to turn,không biết phải làm gì
not least,đặc biệt quan trọng
not leave one's thoughts,không ngừng suy nghĩ
not likely,khả năng thấp
not long for this world,sắp chết
not look a day over,trông không già hơn
not miss a trick,không bỏ lỡ điều gì
not much of anything,không có gì nhiều
not my Nigel,Không phải Nigel của tôi
not necessarily,không nhất thiết
not on any account,dù bất cứ điều gì
not on your life,chắc chắn không
not on your nellie,không đời nào
not on your nelly,không phải vậy
not one's first rodeo,không phải là lần đầu tiên
not only,không chỉ
not quite,không hẳn
not saying much,ít nói
not see someone for dust,chưa gặp ai bao giờ
not so fast,chậm thôi
not so much,không nhiều lắm
not the end of the world,không phải là tận thế
not to be outdone,không chịu thua kém
not to brag,không khoe khoang
not to mention,chưa kể
not to say,thậm chí còn
not to worry,Đừng lo lắng
not touch with a barge pole,không muốn dính dáng
not touch with a ten-foot pole,không muốn dính dáng đến
not want to do that,không muốn làm điều đó
not wanted on voyage,không được phép lên tàu
not win for losing,thua cuộc
not worth a brass farthing,vô dụng
not worth a Continental,không đáng một đồng
not worth a dime,không đáng đồng xu
not worth a plug nickel,không đáng đồng xu
not worth a whistle,không đáng đồng xu
not worth beans,vô dụng
not worth hell room,không đáng một xu
not worth salt,không đáng đồng xu
not worth the powder,không đáng một đồng
not worth the powder and shot,không đáng một đồng
not worth writing home about,không có gì đặc biệt
not wrapped too tight,không quá chặt
not your father's,không phải của bố bạn
nota bene,lưu ý
notch on one's bedpost,vết khắc trên chân giường
notch up,tích lũy
note down,ghi chú
nothing about us without us,Không có gì về chúng ta mà không có sự t…
nothing doing,không sao đâu
nothing for it,chẳng còn cách nào khác
nothing gold can stay,Không có gì đẹp mãi được
nothing if not,nếu không phải thì không
nothing less than,không ít hơn
nothing more than,không hơn gì
nothing new under the sun,Không có gì mới dưới ánh mặt trời
nothing short of,không gì khác ngoài
nothing succeeds like success,Thành công là con đường tốt nhất
nothing to choose between,không có gì khác biệt
nothing to it,không có gì
nothing to see here,Không có gì đáng thấy ở đây
nothing to write home about,không có gì đặc biệt
nourish a viper in one's bosom,nuôi dưỡng rắn độc trong lòng
now and again,thỉnh thoảng
now and then,thỉnh thoảng
now hear this,Hãy nghe đây
now I've heard everything,Giờ tôi mới nghe những điều này
now I've seen everything,Giờ tôi đã thấy mọi thứ rồi
now or never,bây giờ hoặc không bao giờ
now that's what I call,đây mới là cái tôi gọi là
now there's a thought,thật ra là một ý hay
now we're talking,bây giờ chúng ta đang nói chuyện rồi
now you mention it,bây giờ bạn nhắc đến
now you're cooking,bây giờ mới bắt đầu hay
now you're talking,bây giờ anh nói mới đúng
nowhere to be found,không tìm thấy
Nubian queen,Nữ hoàng Nubia
nuclear option,biện pháp cuối cùng
nudge ahead,tiến lên phía trước
nudge nudge wink wink,nháy mắt ám chỉ
nudge out,đẩy nhẹ
nudie rudie,trần trụi
nudy rudy,mặc đồ hở
nugget of truth,một phần sự thật
nuke it out,xóa bỏ
nuke the fridge,phá hủy tủ lạnh
null and void,không có giá trị
nulla bona,không có gì tốt
nulla poena sine lege,Không có hình phạt nào nếu không có luật
numb out,cảm thấy tê
number games,trò chơi số
number one,số một
number one with a bullet,xếp hạng nhất
nunc pro tunc,hiệu lực hồi tố
Nuremberg defense,Quá trình bào chữa tại phiên tòa Nurembe…
nut out,khám phá
nut up,cứng lên
nut-cutting time,thời gian cắt đai ốc
nuts and bolts,bu lông và ốc vít
nuts to,đến đâu
nuts to butts,từ đầu đến chân
nuttier than squirrel poop,điên hơn phân sóc
nuttier than squirrel shit,điên hơn cả chó
o algo,một điều gì đó
O me of little faith,Người có ít đức tin
O ye of little faith,Hỡi những người có ít đức tin
O'Malley's Alley,Ngõ O'Malley
o. b. o.,tổ chức phi chính phủ
oat opera,yến opera
object to,phản đối
obscurum per obscurius,tối tăm hơn
obtusely umbonate,lồi lõm
occur to,nảy ra
occurs to one,nảy ra trong đầu
odd and curious,kỳ lạ và tò mò
odd bod,người kỳ lạ
odd duck,kỳ lạ
odd fish,cá kỳ lạ
odds and bods,thượng đế
odds and ends,vật lặt vặt
odds and sods,vớ vẩn
of a blood,của máu
of a certain,của một loại nào đó
of a certain age,ở một độ tuổi nhất định
of a feather,cùng một lông
of a kind,loại
of a lifetime,cả đời
of a piece,cùng một kiểu
of a piece with,tương đồng
of a sudden,bất ngờ
of a surety,chắc chắn
of a truth,thực tế
of age,đủ tuổi
of all loves,tất cả những tình yêu
of all people,trong tất cả mọi người
of all places,ở nơi nào đó
of all things,thật không ngờ
of all time,tất cả mọi thời đại
of any use,hữu ích
of blessed memory,của người đã khuất
of choice,được chọn
of consequence,quan trọng
of counsel,cố vấn
of course,tất nhiên
of course my horse,chắc chắn là con ngựa của tôi
of coz,tất nhiên
of even date,cùng ngày
of hers,của cô ấy
of interest,thu hút
of its hand,của nó
of its kind,loại của nó
of its own head,tự mình
of its own study,của chính nghiên cứu đó
of its part,phần của nó
of its proper movement,của chuyển động đúng
of Koranic proportions,theo tỷ lệ của kinh Koran
of late,gần đây
of means,có điều kiện
of mine,của tôi
of modest means,khiêm tốn về tài chính
of note,đáng chú ý
of old,của xưa
of one mind,cùng một ý
of one's choice,theo ý mình
of one's choosing,theo ý mình
of one's making,do mình gây ra
of one's own,của riêng mình
of one's own accord,tự nguyện
of one's own making,do chính mình gây ra
of one's word,giữ lời
of ours,của chúng tôi
of record,đã ghi lại
of service,dịch vụ
of some use,có ích
of someone's dreams,của giấc mơ ai đó
of someone's life,của cuộc đời ai đó
of sorts,kiểu gì đó
of that ilk,cùng loại
of the best water,nước tốt nhất
of the century,của thế kỷ
of the colors,của các màu sắc
of the colours,của các màu sắc
of the deepest dye,âm u nhất
of the essence,cốt lõi
of the finest water,của loại nước tinh khiết nhất
of the first water,loại tốt nhất
of the like,tương tự
of the moment,hiện tại
of the order of,khoảng
of the same leaven,cùng một nguồn gốc
of the same stripe,cùng loại
of the world,của thế giới
of theirs,của họ
of two minds,do dự
of use,của việc sử dụng
of value,có giá trị
of yore,ngày xưa
of yours,của bạn
off air,tắt sóng
off and running,bắt đầu nhanh chóng
off at the races,xuất phát
off balance,mất thăng bằng
off base,sai
off board,ngoài hệ thống
off book,không cần sách
off camera,ngoài ống kính
off chance,khả năng nhỏ
off course,sai đường
off duty,nghỉ làm
off guard,bất ngờ
off keel,lật úp
off kilter,lệch lạc
off label,sử dụng không theo chỉ định
off like a bride's nightie,trắng như áo ngủ của cô dâu
off one's block,bình tĩnh lại
off one's box,khởi động
off one's chump,lừa đảo
off one's dot,điên
off one's face,say hết mình
off one's feed,bỏ bữa
off one's game,mất tập trung
off one's guard,lơ là
off one's head,mất trí
off one's hinge,lỏng lẻo
off one's hinges,mất trí
off one's meds,dừng thuốc
off one's nut,điên
off one's nuts,mất trí
off one's onion,khóc
off one's own bat,tự mình
off one's rocker,điên
off one's rocket,bốc đồng
off one's tits,say đắm
off one's tree,điên
off one's trolley,mất trí
off pat,lạc nhịp
off record,không chính thức
off rip,ngay lập tức
off service,ngưng hoạt động
off someone's hands,gánh nặng
off sync,không đồng bộ
off tap,tắt vòi
off target,sai mục tiêu
off the air,ngừng phát sóng
off the back foot,ở thế bị động
off the bat,ngay lập tức
off the beam,sai
off the beaten path,khuất xa
off the beaten track,khuất xa
off the boil,hạ nhiệt
off the books,không chính thức
off the chain,Tuyệt vời
off the chart,vượt quá giới hạn
off the charts,vượt quá giới hạn
off the clock,nghỉ làm việc
off the cuff,tự nhiên
off the deep end,mất kiểm soát
off the derech,ngoài đường
off the dome,tự do
off the face of the earth,biến mất khỏi trái đất
off the grid,xa xôi hẻo lánh
off the ground,lên khỏi mặt đất
off the hinges,lỏng lẻo
off the hizzy,tắt máy
off the hook,thoát khỏi trách nhiệm
off the hooks,thoát khỏi trách nhiệm
off the horn,tắt còi
off the lay,nghỉ việc
off the mark,sai
off the nut,điên
off the plan,mua trước khi xây dựng
off the radar,mất liên lạc
off the radio,qua radio
off the rails,lệch khỏi quỹ đạo
off the record,không chính thức
off the reservation,khỏi khu vực bảo tồn
off the rip,ngay lập tức
off the scale,quá mức
off the shelf,sẵn có
off the shits,tỉnh táo
off the table,bị loại bỏ
off the tools,nghỉ việc
off the top of one's dome,từ trên đầu
off the top of one's head,tự nhiên
off the track,trên đường ray
off the wagon,nghỉ ngưng cai nghiện
off the water cart,tắt xe tưới nước
off to the races,bắt đầu cuộc đua
off with someone's head,chặt đầu ai đó
off with their head,chặt đầu họ
offer affordances,cung cấp khả năng
offer one can't refuse,lời đề nghị không thể từ chối
offer one's condolences,cầu nguyện cho linh hồn người đã khuất
offer up,đề nghị
office up,lên văn phòng
officer down,cán bộ bị thương
Officer Friendly,Cảnh sát thân thiện
oh dark hundred,ôi trăm năm đen tối
oh dark thirty,ba giờ sáng
oh me of little faith,ôi tôi thật là người ít đức tin
oh my,Ôi trời ơi
oh my God,ôi trời ơi
oh my goodness,Ôi trời ơi
oh my goodness gracious,ôi trời ơi
oh my gosh,Ôi trời ơi
oh my life,ôi cuộc đời tôi
oh well,thôi vậy
oh ye of little faith,ôi người có ít đức tin
oi oi saveloy,ôi ôi xúc xích
oil and water,nước và dầu
oil and water don't mix,nước và dầu không hòa tan
oil burner,bình đốt dầu
oil trash,rác dầu
oil up,bôi dầu
oink out,kêu oink
OK yah,Được thôi
okey dokey smokey,chắc chắn rồi
okey-dokey artichokey,chào bạn
okey-dokey Smokey,tốt rồi Smokey
old as the hills,cổ xưa như núi
old boy network,mối quan hệ dựa trên thâm niên
old chestnut,câu chuyện cũ
old enough to vote,đủ tuổi để bầu cử
old fart,ông già khó tính
old flame,người yêu cũ
old fogey,người già cỗi
old habits die hard,Thói quen khó bỏ
old hand,tay nghề cao
old hat,cũ kỹ
old head on young shoulders,trưởng thành hơn tuổi
old man yells at cloud,ông lão cằn cằn với mây
old man yells at clouds,ông lão cằn cằn chửi mây
old money,gia tài
old salt,người già có kinh nghiệm
old saw,cưa cũ
old school,cổ điển
old sins cast long shadows,Những tội lỗi trong quá khứ vẫn còn ám ả…
old sins have long shadows,Những lỗi lầm trong quá khứ vẫn còn ám ả…
old song,bài hát cũ
old stager,người có kinh nghiệm
old stick,cây gậy cũ
old wine in a new bottle,cổ điển nhưng được trình bày lại
old-fashioned look,kiểu dáng cổ điển
olive juice,nước ô liu
oll korrect,chính tả đúng
olly olly oxen free,ô la la bò tự do
on a bell,trên chuông
on a collision course,trên con đường đụng độ
on a daily basis,hàng ngày
on a day-to-day basis,hàng ngày
on a different note,về một chủ đề khác
on a dime,rất nhanh chóng
on a first-name basis,gọi tên nhau
on a full stomach,no bụng đầy
on a go-slow,làm việc chậm lại
on a good wicket,ở trong tình thế tốt
on a kick,đang rất phấn khích
on a lark,bâng quơ
on a losing wicket,trên một mặt sân khó khăn
on a mission,trong một nhiệm vụ
on a need-to-know basis,chỉ cung cấp thông tin cho những người c…
on a pair,một đôi
on a par,bình đẳng
on a par with,cùng trình độ
on a plate,trên đĩa
on a platter,trên đĩa
on a promise,dựa trên một lời hứa
on a regular basis,thường xuyên
on a roll,đang đạt phong độ cao
on a shoestring,với ngân sách hạn hẹp
on a silver platter,bằng một chiếc đĩa bạc
on a sixpence,rẻ như cho không
on a stick,trên que
on a string,trên dây
on a sudden,bất ngờ
on a tear,khóc nức nở
on a tight leash,bị kiểm soát chặt chẽ
on a time,vào một thời điểm
on a whim,bản năng
on a wing and a prayer,bằng một sợi tóc
on a wonder,trên một điều kỳ diệu
on accident,vô tình
on account,vì lý do
on account of,vì
on acid,dùng chất kích thích
on air,phát sóng
on alert,cảnh giác
on all counts,dưới mọi góc độ
on all fours,bốn chân
on all hands,từ mọi phía
on all-fours,bốn chân
on an empty stomach,bụng đói
on an equal footing,bình đẳng
on an impulse,bản năng
on an irregular basis,không đều đặn
on and off,bật và tắt
on and on,liền mạch
on another note,về một vấn đề khác
on any view,theo bất kỳ quan điểm nào
on average,trung bình
on background,trong nền
on bad terms,rạn nứt tình cảm
on bail,đang được tại ngoại
on balance,tổng quan
on base,ở vị trí xuất phát
on behalf of,thay mặt
on bended knee,quỳ một chân
on blast,phá hủy
on board,lên tàu
on butt,trên mông
on call,ở chế độ trực
on camera,trước máy quay
on cloud nine,vui như được lên thiên đường
on cloud seven,vui như được lên thiên đường
on command,theo lệnh
on condition,với điều kiện
on contact,khi tiếp xúc
on course,đúng hướng
on course for,đang đi đúng hướng
on course to do something,đang trên đà thực hiện điều gì đó
on credit,mua chịu
on cue,theo đúng thời điểm
on death's doorstep,nguy cơ tử vong
on deck,trên boong
on demand,theo yêu cầu
on display,trưng bày
on duty,trực
on earth,trên trái đất
on edge,bồn chồn
on end,liên tục
on equal footing,bình đẳng
on equal terms,bình đẳng
on eternal patrol,tuần tra vĩnh cửu
on everybody's lips,nói chuyện khắp nơi
on everyone's lips,nóiởmọi nơi
on familiar ground,ở nơi quen thuộc
on file,đã lưu trữ
on fire,bốc cháy
on firecall,đang cháy
on first-name terms,thân thiện
on fleek,hoàn hảo
on foenem grave,trên mộ
on foot,đi bộ
on form,trên biểu mẫu
on fours,bốn chân
on God's green earth,trên trái đất này
on good terms,tốt đẹp
on hand,có sẵn
on heat,nóng
on high,cao
on hire,có sẵn để thuê
On HMS,Trên tàu HMS
on hold,đang chờ
on horseback,trên lưng ngựa
on ice,tạm dừng
on impulse,bản năng
on in years,qua nhiều năm
on instruments,trên nhạc cụ
on it like a car bonnet,ngồi lên như trên nắp capo xe
on its merits,dựa trên giá trị của nó
on its way out,đang trên đường biến mất
on Jah,trên Jah
on keel,trên trục
on level terms,bình đẳng
on like Donkey Kong,giống như Donkey Kong
on line,trực tuyến
on lobby terms,theo quy tắc của sảnh
on location,tại địa điểm quay phim
on long-term sick,ốm dài ngày
on loop,lặp lại
on main,ở trung tâm
on memo,trong bản ghi nhớ
on net,trên mạng
on no account,bất cứ khi nào
on nodding terms,quen biết
on notice,đã được thông báo
on oath,dưới sự tuyên thệ
on occasion,thỉnh thoảng
on offer,có sẵn
on one hand,về một mặt
on one's back,trên lưng
on one's beam ends,lật nhào
on one's behaviour,hành vi
on one's bill,trong hóa đơn của ai đó
on one's conscience,trên lương tâm
on one's deathbed,giường bệnh
on one's feet,đứng vững
on one's game,tập trung
on one's guard,cảnh giác
on one's hands and knees,chồm hổm
on one's head,trên đầu
on one's high horse,tư cao vọng trọng
on one's honor,tôi thề
on one's Jack Jones,ở trên giày Jack Jones
on one's L's,trên đường
on one's last legs,sắp chết
on one's lee-lane,ở phía dưới gió
on one's legs,trên chân
on one's lonesome,một mình
on one's Ls,đang làm việc
on one's mark,sẵn sàng
on one's mettle,bằng tài năng
on one's mind,trong tâm trí
on one's ones,một mình
on one's own,một mình
on one's own account,tự mình
on one's own bat,tự mình
on one's own ground,trên chính mảnh đất của mình
on one's own hook,tự mình giải quyết
on one's own time,tùy theo thời gian của mình
on one's P's,ngủ ngon giấc
on one's part,phần của ai đó
on one's pat,trên đùi
on one's Pat Malone,tự làm
on one's period,kinh nguyệt
on one's person,ở trên người
on one's plate,trong kế hoạch của ai đó
on one's Ps,cẩn thận
on one's side,bên cạnh
on one's tod,một mình
on one's todd,một mình
on one's toes,cảnh giác
on one's uppers,túng quẫn
on one's watch,trong thời gian làm việc của ai đó
on one's way,đang trên đường
on ones,trên
on opposite sides of the barricades,ở hai phía đối lập của hàng rào chắn
on order,đang đặt hàng
on pain of,với hình phạt là
on paper,trên giấy
on parade,diễu hành
on pins and needles,lo lắng bồn chồn
on point,chuẩn
on principle,trên nguyên tắc
on pump,bơm
on purpose,cố ý
on rails,trên đường ray
on rare form,rất xuất sắc
on read,đọc
on record,đã ghi lại
on reflection,sau khi suy nghĩ
on remand,được trả lại để xét xử lại
on report,trong báo cáo
on sale,bán giảm giá
on schedule,đúng giờ
on second thought,nghĩ lại
on second thoughts,nghĩ lại
on seen,đã thấy
on serve,phục vụ
on shaky ground,bấp bênh
on shipboard,trên tàu
on short notice,báo trước ngắn
on show,trưng bày
on sight,khi nhìn thấy
on site,tại chỗ
on skibidi,trên skibidi
on sleep,đang ngủ
on solid ground,trên đất vững chắc
on somebody's account,tại vì ai đó
on somebody's agenda,trong kế hoạch của ai đó
on somebody's mind,trong tâm trí ai đó
on someone's account,tên của ai đó
on someone's ass,bám theo ai
on someone's back,trên lưng ai đó
on someone's books,trong danh sách của ai đó
on someone's dime,doanh nghiệp của ai đó
on someone's doorstep,trước cửa nhà ai đó
on someone's good side,ở trong lòng của ai đó
on someone's hands,trên tay ai đó
on someone's mind,trong tâm trí ai đó
on someone's own dime,bằng tiền của mình
on someone's radar,trong tầm quan tâm của ai đó
on someone's radar screen,trong tầm quan tâm của ai đó
on someone's side,bên cạnh ai đó
on someone's tail,bám theo
on song,hát hay
on speaking terms,có quan hệ
on spec,theo yêu cầu
on special,khuyến mãi
on steroids,sử dụng steroid
on strike,đình công
on stun,đã bị vô hiệu hóa
on sufferance,theo sự ân cần
on suspicion of,bị nghi ngờ về
on sync,đồng bộ
on tag,trên nhãn
on talking terms,bình thường
on tap,tại vòi
on tape,trên băng
on target,đúng mục tiêu
on task,tập trung
on television,trên truyền hình
on tender hooks,treo lơ lửng
on tenterhooks,lo lắng bồn chồn
on tenters,trên giá phơi
on terms with,thỏa thuận
on that basis,dựa trên điều đó
on that note,với điều đó
on that score,về vấn đề đó
on the agenda,trong chương trình
on the air,trên sóng
on the alert,cảnh giác
on the anvil,trên đe
on the assumption that,giả sử rằng
on the back burner,bị bỏ qua
on the back foot,ở thế bị động
on the back of,ở phía sau
on the ball,nắm bắt tình hình
on the bash,trên bãi biển
on the basis of,dựa trên
on the batter,trên mặt bánh
on the beach,trên bãi biển
on the beat,theo nhịp điệu
on the bench,trên ghế dự bị
on the bias,chéo
on the blanket,trên chăn
on the blink,hỏng
on the blob,trên khối chất nhờn
on the block,trên thị trường
on the boil,đang sôi
on the boob,trên ngực
on the book,trên sách
on the books,đã ghi lại
on the bounce,nhảy nảy
on the bow,ở mũi tàu
on the brain,trong đầu
on the breadline,khó khăn về tài chính
on the brew,đang pha
on the brink,ngay trước
on the brink of,ngay trước khi
on the bubble,ngay ngưỡng
on the bum,không có nhà
on the bung,ở trên bụng
on the burst,bùng nổ
on the button,ngay trên nút
on the cadge,trên xe ngựa
on the canvas,trên vải
on the cards,có khả năng xảy ra
on the carpet,trên thảm
on the case,đang điều tra
on the cheap,rẻ tiền
on the clock,trong thời gian quy định
on the contrary,ngược lại
on the couch,trên ghế sofa
on the count of,theo đếm
on the critical list,trong tình trạng nguy kịch
on the crook,ở trên móc
on the cross,trên thánh giá
on the cuff,ở cổ tay
on the cusp,ở ngưỡng
on the cutting room floor,bị cắt bỏ
on the debit side,mặt tiêu cực
on the deck,trên boong
on the defensive,ở tư thế phòng thủ
on the district,ở quận
on the DL,bí mật
on the docket,đã được lên lịch
on the door,trên cửa
on the dot,đúng giờ
on the double,nhanh chóng
on the down-low,bí mật
on the downlow,bí mật
on the drum,trên trống
on the dry,trên cạn
on the earie,ở gần tai
on the edge,ở rìa
on the edge of,ở rìa
on the edge of one's seat,ngồi trên ghế và căng thẳng
on the eve of,vào đêm trước
on the face of,trên bề mặt
on the face of it,về mặt nào đó
on the face of the earth,trên mặt đất
on the fence,chưa quyết định
on the fiddle,đang chơi đàn violin
on the flat,trên mặt phẳng
on the flip side,mặt khác
on the flipside,mặt khác
on the floor,trên sàn
on the fly,tức thì
on the fritz,hỏng
on the front burner,ưu tiên hàng đầu
on the front foot,chủ động
on the full,đầy đủ
on the game,trong trò chơi
on the go,trong khi di chuyển
on the grid,trên lưới
on the gridiron,trên sân bóng
on the gripping hand,ở trên tay phải
on the grog,say rượu
on the ground,trên mặt đất
on the grounds of,dựa trên cơ sở
on the grounds that,với lý do rằng
on the half hour,cứ mỗi nửa giờ
on the heels of,ngay sau
on the high rope,trên dây thừng cao
on the high ropes,trên dây cao
on the hog,trên lợn
on the hog train,trên tàu chở lợn
on the hoof,còn sống
on the hook,ở trong tình trạng khó khăn
on the hop,bận rộn
on the horizon,ở phía chân trời
on the horn,ở trên còi
on the horns of a dilemma,giữa hai lựa chọn khó khăn
on the hour,đúng giờ
on the house,miễn phí
on the huh,ở trên
on the hunt,trong quá trình tìm kiếm
on the hurry up,vội vã
on the hush,bí mật
on the hush-hush,bí mật
on the hustle,bận rộn
on the improve,ngày càng tốt hơn
on the inside,bên trong
on the instant,ngay lập tức
on the internet,trên internet
on the jar,trên lọ
on the job,trong khi làm việc
on the jump,trong khi nhảy
on the knocker,trên cái gõ cửa
on the ladder,trên thang
on the lam,trốn
on the lash,trang điểm
on the latch,ở trên chốt
on the level,ở mức
on the line,ở trên đường dây
on the lines of,theo hướng
on the lookout,cảnh giác
on the loose,tự do
on the low,tôi thỏn
on the make,có ý đồ
on the mark,đúng điểm
on the market,trên thị trường
on the mat,trên thảm
on the mend,đang hồi phục
on the mending hand,ở tay đang sửa
on the money,chính xác
on the mop,trên cây lau nhà
on the move,di chuyển
on the muscle,trên cơ
on the nail,chính xác
on the needle,trên kim
on the nick,gần đây
on the nod,gật đầu đồng ý
on the nose,chính xác
on the nut,trên quả óc chó
on the off-chance,trong trường hợp có thể
on the one hand,về một mặt
on the order of,khoảng
on the other bus,Trên xe buýt khác
on the other hand,mặt khác
on the other paw,mặt khác
on the other side of,ở phía bên kia
on the outlook,trong tầm nhìn
on the outs,bị cắt đứt quan hệ
on the outside,bên ngoài
on the outside looking in,ở bên ngoài nhìn vào
on the outskirts of,ở vùng ngoại ô
on the pad,trên miếng đệm
on the panel,trên bảng
on the part of,về phần
on the Pat and Mick,trên Pat và Mick
on the pdq,trên máy PDQ
on the phone,qua điện thoại
on the pill,uống thuốc tránh thai
on the piss,say đùa
on the plus side,điều tích cực
on the point of,đang trên đà
on the premises,trong khuôn viên
on the prod,đang làm việc
on the prowl,rình rập
on the pull,kéo
on the Q.T.,bí mật
on the qt,bí mật
on the quarter,trên một phần tư
on the rack,bị áp lực
on the radar,trong tầm quan sát
on the rag,đang có kinh nguyệt
on the rail,trên đường ray
on the rails,trên đường ray
on the rampage,phá hoại
on the ran tan,trên đồng cỏ
on the razz,đi chơi
on the razzle,sôi động
on the razzle-dazzle,rất hào nhoáng
on the ready,sẵn sàng
on the real,thật ra
on the receiving end,ở vị trí nhận
on the record,trên hồ sơ
on the reg,thường xuyên
on the reggo,thường xuyên
on the regs,thường xuyên
on the regular,thường xuyên
on the right foot,bắt đầu tốt đẹp
on the right side of history,ở phía bên phải của lịch sử
on the right track,đi đúng hướng
on the rise,đang tăng
on the rivet,căng như dây đàn
on the road,trên đường
on the rob,lén lút
on the rocks,trên đá
on the ropes,ngàn cân treo sợi tóc
on the run,bỏ trốn
on the safe side,để phòng ngừa
on the same page,cùng một ý
on the same wavelength,cùng tần số
on the sauce,thành công
on the scene,đến hiện trường
on the scoot,trên xe tay ga
on the scrounge,keo kiệt
on the shady side of,bên cạnh nơi có bóng râm
on the shelf,trên kệ
on the sick,bị ốm
on the side,bên cạnh
on the side of the angels,ở bên phía các thiên thần
on the skids,trượt dốc
on the slide,trên slide
on the sly,lén lút
on the sniff,qua kiểm tra nhanh
on the spectrum,nằm trong phổ
on the spin,xoay tròn
on the spot,ngay lập tức
on the square,trên quảng trường
on the stand,trên bục
on the stock,trên thị trường chứng khoán
on the stocks,trong danh sách
on the street,trên đường
on the streets,trên đường
on the strength of,dựa trên
on the stroke of,vào đúng lúc
on the stump,trong chiến dịch vận động bầu cử
on the surface,bề mặt
on the table,trên bàn
on the take,nhận hối lộ
on the tap,ở vòi
on the tapis,đang được thảo luận
on the telephone,qua điện thoại
on the tenterhooks,lo lắng
on the tenters,trên giá phơi
on the tiles,trên gạch
on the tip of one's tongue,trên đầu lưỡi
on the tools,đang làm việc
on the toss of a coin,tùy thuộc vào may mắn
on the town,ở thành phố
on the trot,liền liên tục
on the turf,trên cỏ
on the turn,đến lượt
on the turps,trên cồn
on the up-and-up,ổn định
on the uptake,nhanh nhạy
on the verge,ngay trước khi
on the verge of,ngay trước khi
on the viretot,trên mạng
on the wagon,trên xe kéo
on the wallaby,đi lạc
on the wallaby track,trên đường mòn của loài kangaroo
on the wane,giảm dần
on the warpath,tức giận và sẵn sàng gây chiến
on the watch,trong tình trạng sẵn sàng
on the way,đang trên đường
on the way out,Trên đường ra
on the whole,nói chung
on the wind,trên gió
on the wing,đang bay
on the wings of the wind,cùng gió
on the wrong foot,bước đi sai
on the wrong side of history,ở phía sai của lịch sử
on the wrong track,đi sai đường
on thin ice,nguy cơ mất an toàn
on this score,về vấn đề này
on threes,theo nhóm ba
on tick,từng chút một
on tilt,bực bội
on time,đúng giờ
on tiptoe,đi trên đầu ngón chân
on top,trên
on top of,trên
on top of one's game,đang đạt phong độ cao
on top of that,ngoài ra
on top of the world,hạnh phúc vô cùng
on tour,đi lưu diễn
on track,đúng hướng
on trial,đang bị xét xử
on trial for one's life,ra tòa xét xử về tội giết người
on TV,trên TV
on twos,trên hai
on velvet,trên nhung
on view,đang trưng bày
on watch,trực
on what planet,trên hành tinh nào
on what score,dựa trên tiêu chí nào
on wheels,có bánh xe
on wing,trên cánh
on yer bike,Đi đi
on your head be it,thôi đi
once again,một lần nữa
once and for all,một lần và mãi mãi
once in a blue moon,rất hiếm khi
once in a lifetime,một lần trong đời
once in a purple moon,rất hiếm khi
once in a while,thỉnh thoảng
once more into the breach,vào trận chiến một lần nữa
once or twice,một hoặc hai lần
once upon a time,Ngày xửa ngày xưa
once you go black,khi bạn đã thử một lần
once-in-a-lifetime,duy nhất một lần
one after another,một đằng sau một
one age with,ở cùng độ tuổi với
one and all,ai cũng
one and only,duy nhất
one and the same,giống nhau
one at a time,một lúc một
one bad turn deserves another,một sai lầm cần một sự sửa sai
one big happy family,một gia đình lớn hạnh phúc
one could hear a pin drop,người ta có thể nghe thấy tiếng kim rơi
one day,một ngày
one engine in steam,một động cơ hơi nước
one fell swoop,một lần duy nhất
one flesh,một thể
one for the road,một ly cho mọi người
one good turn deserves another,Ăn quả ngọt nhớ tay người trồng
one hand can't hold two watermelons,Một tay không thể giữ hai quả dưa hấu
one hundred and one,một trăm linh một
one in the eye for,đánh vào mắt
one man and his dog,một người đàn ông và chú chó của anh ấy
one moment,Một lát nữa
one more again,một lần nữa
one must give to get,cần cho đi để nhận lại
one nail drives out another,một đinh đẩy ra một đinh khác
one of a kind,duy nhất
one of His Majesty's bad bargains,một trong những giao dịch tồi tệ của nhà…
one of those things,một trong những thứ đó
one should be so lucky,Thật may mắn
one should live so long,người ta nên sống lâu như vậy
one should never meet one's heroes,Không nên gặp gỡ những người mà mình ngư…
one side,một bên
one step ahead,đi trước một bước
one step at a time,từng bước một
one strike and you're out,một lần phạm lỗi là bị loại
one swallow doesn't a spring make,chim én không tạo nên mùa xuân
one swallow doesn't a summer make,Một con chim én không thể tạo nên một mù…
one swallow doesn't make a spring,Một con chim én không thể tạo ra mùa xuâ…
one swallow doesn't make a summer,chim én không tạo nên mùa hè
one thing leads to another,một sự việc dẫn đến một sự việc khác
one thing led to another,một sự việc dẫn đến một sự việc khác
one thing or another,một điều gì đó
one too many,quá nhiều
one up,vượt trội hơn
one way or another,dù bằng cách nào đi nữa
one way or the other,dù sao đi nữa
one who hesitates is lost,người do dự sẽ thất bại
one will know the reason why,ai đó sẽ biết lý do tại sao
one word leads to another,Một từ dẫn đến một từ khác
one's ass is dragging,chậm chạp
one's ass is grass,ai đời cũng có lúc thất bại
one's back is up,lưng bị đau
one's blood is up,nóng giận
one's blood runs cold,tim người ta như đóng băng
one's cake is dough,bánh của ai đó còn là bột
one's cotton socks off,thật tuyệt vời
one's days are numbered,thời gian của ai đó sắp hết
one's door is open,cửa nhà ai đó mở
one's egg breaks,trứng vỡ
one's egg cracks,trứng vỡ
one's father was born before one,cha sinh ra trước con
one's fingers are all thumbs,cả ngón tay cái của anh ấy/cô ấy đều là …
one's fingers itch,ngón tay ngứa
one's flabber is gasted,sốc đến mức không nói nên lời
one's heart bleeds,thương xót
one's heart in one's mouth,tim đập nhanh như trống
one's heart out,hết lòng
one's heart sinks,tim nặng trĩu
one's hour,giờ của ai đó
one's house in order,dọn dẹp nhà cửa
one's jig is up,mưu đồ bị lộ
one's last,lần cuối cùng
one's lips are sealed,im lặng tuyệt đối
one's name is mud,tên người đó bị bêu xấu
one's own boss,sếp của chính mình
one's own master,chủ của chính mình
one's race is run,cuộc đời đã kết thúc
one's ship comes in,may mắn đến
one's socks off,choáng váng
one's teeth water,nước dãi chảy
one's time is one's own,Thời gian là của mỗi người
one's way,con đường của mình
one's word is law,Lời nói của người là luật
one-hit wonder,ca khúc một đêm thành hit
one-horse race,cuộc đua một con ngựa
one-horse town,thị trấn nhỏ hẻo lánh
one-man band,ban nhạc một người
one-night stand,quan hệ một đêm
one-track mind,mải mê một điều
one-trick pony,chim một tiếng
one-way ticket to Palookaville,vé một chiều đến Palookaville
only a mother could love,Chỉ có mẹ mới có thể yêu
only fools and horses work,Chỉ những kẻ ngốc và những người lười bi…
only game in town,duy nhất
only Nixon can go to China,Chỉ có Nixon mới có thể đến Trung Quốc
only Nixon could go to China,Chỉ có Nixon mới có thể đi đến Trung Quố…
only the good die young,chỉ những người tốt mới chết trẻ
only time will tell,chỉ thời gian mới trả lời
ontogeny recapitulates phylogeny,sự phát triển của một loài tóm tắt lịch …
onward and upward,tiến lên phía trước và vươn xa hơn
onwards and upwards,tiến lên phía trước
ooga booga,ồ ồ
ookie cookie,bánh quy
open a can of whoop ass,đánh cho tan tác
open book,sách mở
open doors,mở cửa
open field,cánh đồng trống
open fire,bắn trả đũa
open invitation,mời mở
open it up,mở ra
open one's legs,mở chân
open one's mind,mở lòng
open one's mouth,mở miệng
open out,mở ra
open Pandora's box,mở hòm Pandora
open season,mùa săn bắn
open sesame,mở cửa kì diệu
open someone's eyes,mở mắt cho ai
open the batting,mở hộp
open the door,mở cửa
open the floodgates,mở cửa ải
open the kimono,tiết lộ bí mật
open the schools,mở lại trường học
open up,mở ra
open wide,mở to
open-door policy,chính sách cửa mở
opening of an envelope,mở phong bì
opinio juris sive necessitatis,ý kiến về tính hợp pháp hoặc sự cần thiế…
opinions are like assholes,Mỗi người một ý
opportunity comes knocking,cơ hội đến
opportunity knocks,cơ hội đến
opportunity knocks at every man's door,cơ hội đến với mỗi người
opportunity makes a thief,cơ hội sinh ra kẻ trộm
opportunity makes the thief,cơ hội sinh ra kẻ trộm
opportunity seldom knocks twice,cơ hội không đến hai lần
opposite number,số đối ứng
opposites attract,người khác biệt lại hút nhau
opt in,đăng ký
opt out,từ chối tham gia
optically active,hoạt động quang học
optimize out,tối ưu hóa
or anything,hoặc
or bust,hoặc thành công hoặc thất bại
or else,hoặc không
or it didn't happen,hoặc nó không xảy ra
or should I say,hay tôi nên nói gì
or something,hoặc cái gì đó
or words to that effect,hoặc tương tự
Orange Man bad,Người đàn ông da cam rất tệ
orange wine,rượu vang cam
oranges with oranges,cam với cam
order about,sắp xếp về
order around,sắp xếp
order in,sắp xếp
order out,đặt đồ ăn
order to cash,từ đơn hàng đến tiền mặt
order up,Đến giờ rồi
orders are orders,lệnh là lệnh
Oreo cookie,Bánh oreo
orphan off,mồ côi
ostrich policy,chính sách ốc quế
other end of the ball,đầu kia của quả bóng
other fish in the sea,còn nhiều lựa chọn khác
other half,một nửa còn lại
other head,đầu khác
other man,người đàn ông khác
other side,bên kia
other than,ngoài
other than that,ngoài ra
other woman,người phụ nữ khác
otherly abled,khuyết tật
otherwise engaged,bận việc khác
our era,thời đại của chúng ta
out and about,đi chơi
out cold,mất tỉnh
out for a duck,bị loại
out for blood,tìm cách trả thù
out loud,to lớn
out of a job,mất việc
out of a nightmare,khỏi một cơn ác mộng
out of action,hoạt động không hiệu quả
out of all proportion,quá mức
out of book,trong sách
out of bounds,ngoài giới hạn
out of breath,hụt hơi
out of central casting,như được chọn từ một công ty tuyển diễn …
out of character,không đúng tính cách
out of collar,bên ngoài cổ áo
out of commission,hỏng
out of conceit with,không hài lòng với
out of condition,không khỏe
out of control,mất kiểm soát
out of countenance,mất mặt
out of course,ngoài tầm kiểm soát
out of date,lỗi thời
out of drawing,bị loại
out of fashion,lỗi thời
out of favor,không được ưa chuộng
out of favour,không được ưa chuộng
out of fix,khó khăn
out of focus,không rõ nét
out of form,mất phong độ
out of frame,ngoài khung
out of gas,hết xăng
out of gauge,quá tải
out of gear,Không hoạt động
out of hand,mất kiểm soát
out of harness,thoát khỏi xiềng xích
out of heart,không còn tình cảm
out of heat,hết hơi
out of house and home,tan cửa nát nhà
out of humour,không vui
out of joint,lỏng lẻo
out of keeping with,không phù hợp với
out of kelter,không ổn định
out of key,không đúng âm
out of kilter,không ổn định
out of line,quá giới hạn
out of luck,xui xẻo
out of nowhere,bỗng nhiên
out of one's box,sáng tạo
out of one's cotton-picking mind,mất trí
out of one's depth,không đủ khả năng
out of one's element,không hợp với hoàn cảnh
out of one's face,say đắng
out of one's fingers,như ngón tay
out of one's gourd,điên rồ
out of one's hands,ngoài tầm kiểm soát
out of one's head,mất trí
out of one's league,không cùng đẳng cấp
out of one's mind,mất trí
out of one's own pocket,từ túi riêng
out of one's senses,mất trí
out of one's sight,khỏi tầm mắt
out of one's skin,khó chịu
out of one's system,đã giải tỏa
out of one's time,dành thời gian
out of one's tree,điên
out of order,hỏng
out of place,không phù hợp
out of play,ngoài cuộc chơi
out of plumb,không thẳng đứng
out of pocket,không có mặt
out of power,mất điện
out of practice,mất tay nghề
out of preparation,chưa chuẩn bị
out of print,cháy hàng
out of process,bên ngoài quy trình
out of proportion,không cân xứng
out of question,không thể
out of rack,ra khỏi giá
out of reach,khó với tới
out of season,không phải mùa
out of service,hỏng
out of shape,mất dáng
out of sight,không thấy
out of someone's hands,do tay người khác
out of someone's way,không cản đường
out of sorts,không khỏe
out of spirits,chán nản
out of spoons,không còn thìa
out of station,tạm ngưng hoạt động
out of step,không đồng bộ
out of stock,hết hàng
out of suits,không còn bộ vest
out of suits with,không còn hợp với
out of sync,không đồng bộ
out of temper,tức giận
out of the ark,ra khỏi thuyền
out of the blue,bất ngờ
out of the box,sáng tạo
out of the chute,ngay từ đầu
out of the common,khác thường
out of the gate,từ đầu
out of the loop,không nắm bắt thông tin
out of the money,không đủ tiền
out of the mouths of babes,Lời nói của trẻ thơ
out of the ordinary,bình thường
out of the picture,không liên quan
out of the question,không thể
out of the running,bị loại
out of the starting gate,khởi hành
out of the way,ra khỏi đường
out of the window,ra ngoài cửa sổ
out of the woods,thoát khỏi nguy hiểm
out of thin air,từ hư không
out of this world,xuất sắc
out of time,hết thời gian
out of touch,mất kết nối
out of town,ở ngoài thành phố
out of true,không chính xác
out of tune,không đúng âm
out of turn,không đúng thứ tự
out of use,không sử dụng
out of view,khỏi tầm mắt
out of wedlock,ngoài hôn nhân
out of whack,không ổn
out of wind,không còn gió
out of work,thất nghiệp
out on a limb,mạo hiểm
out on one's feet,kiệt sức
out on the tiles,ra ngoài
out over one's skis,quá khả năng
out sick,ốm
out the ass,từ đít
out the blue,bất ngờ
out the wazoo,quá nhiều
out the window,ra ngoài cửa sổ
out to lunch,đi ăn trưa
out-paramour the Turk,người tình bí mật của người Thổ Nhĩ Kỳ
outpope the Pope,vượt qua quyền lực của Giáo hoàng
outrun the constable,vượt chạy cảnh sát
outside chance,khả năng rất nhỏ
outside job,công việc ngoài trời
outside of,bên ngoài
outside the box,sáng tạo
outside world,thế giới bên ngoài
outta town,ở ngoài thành phố
over a barrel,bị ép buộc
over and out,xong rồi
over and over,lặp đi lặp lại
over and over again,lặp đi lặp lại
over easy,trứng ốp la
over hard,rán chín kỹ
over light,ánh sáng yếu
over medium,vừa phải
over my dead body,chết tôi rồi
over nine thousand,hơn chín nghìn
over one's head,quá sức
over one's skis,khó quá
over open sights,bằng mắt thường
over the counter,không kê đơn
over the edge,quá giới hạn
over the fence,qua hàng rào
over the head,trên đầu
over the hill,qua đỉnh đồi
over the hills and far away,qua đồi và rất xa
over the hump,vượt qua khó khăn
over the left,bên trái
over the left shoulder,qua vai trái
over the line,vượt quá giới hạn
over the moon,vui mừng khôn xiết
over the odds,khả năng cao
over the rainbow,qua cầu vồng
over the top,quá mức
over the transom,qua cửa sổ
over the way,ở phía bên kia
over the wire,qua đường dây
over time,theo thời gian
over well,trên giếng
over-the-counter,không kê đơn
overstep the mark,vượt quá giới hạn
owe it to oneself,nên làm cho bản thân
owe out,nợ
owing to,do
own up,thừa nhận
ox is in the ditch,bò bị rơi xuống cống
oxygen burning,đốt oxy
p'd off,bực mình
pace off,đo đạc
pace out,đo đạc
pack away,cất đi
pack fudge,bánh sô cô la
pack heat,mang súng
pack in,đóng gói
pack it in,dừng lại
pack of lies,bịa đặt
pack off,rút lui
pack on,tăng cân
pack out,đóng gói
pack shit,đóng gói đồ
pack up,đóng gói
packaged goods,hàng đóng gói
packed to the gills,chật kín
packed to the rafters,chật như nêm cối
packing for Perth,đóng gói đồ đi Perth
pact of silence,thỏa thuận im lặng
pacta sunt servanda,Các thỏa thuận phải được tuân thủ
pad down,đệm
pad out,làm đầy
pad up,lót đệm
padded cell,phòng cách ly
paddle one's own canoe,tự mình làm mọi việc
page down,xuống trang
page in,vào trang
page out,bị loại bỏ khỏi bộ nhớ
page up,cuộn lên
pagoda tree,cây chùa
pain in the ass,khó chịu
pain in the neck,đau cổ
painful on the eyes,cộm mắt
paint a rosy picture,vẽ nên một bức tranh tươi sáng
paint down,sơn xuống
paint oneself into a corner,tự đẩy mình vào đường cùng
paint out,sơn phủ
paint over,sơn lại
paint the town red,quẩy banh nóc nhà
paint the wagon,sơn xe ngựa
paint up,sơn
paint with a broad brush,vẽ phác thảo
painting rocks,vẽ lên đá
pair and share,chia sẻ và thảo luận
pair of shoes,đôi giày
pair off,chia nhóm đôi
pair up,chia nhóm
paisa vasool,đáng đồng tiền bát gạo
pal around,tâm sự
pal up,làm quen
palace intrigue,Âm mưu trong cung đình
palace politics,chính trị hậu trường
pale in comparison,nhạt nhòa so với
pale rider,kỵ sĩ áo trắng
pall on,gánh nặng
palm off,đẩy cho
palm out,bàn tay mở
palmately compound,chia thuỳ dạng bàn tay
pam off,tắt máy
pan and scan,quét và tìm
pan out,thành công
Pandora's box,Hộp Pandora
pansy up,ngại ngùng
pants on fire,nói dối
paper bag,túi giấy
paper over,che đậy
paper tiger,hùm hổ giấy
paper trail,dấu vết bằng văn bản
par avion,bằng máy bay
par delictum,do lỗi
par for the course,điều bình thường
par off,tắt máy
parade of horribles,chuỗi những điều kinh khủng
parade passed someone by,diễu hành đi qua ai đó
paradise on earth,thiên đường trên mặt đất
paralysis by analysis,suy nghĩ quá nhiều
parcel out,phân chia
parcel up,đóng gói
pardon me,xin lỗi
pardon my French,xin lỗi
pare down,cắt giảm
parentally challenged,khó khăn trong việc nuôi dạy con
park and bark,chó và tiếng chó
park in,ở trong công viên
park that thought,công viên mà tôi nghĩ
park the bus,đỗ xe buýt
park up,đỗ xe
part and parcel,một phần không thể thiếu
part off,cắt bỏ
part out,tháo rời
part with,chia tay
partial out,bỏ một phần
partially ordered,được sắp xếp một phần
parting of the ways,chia ly
parting shot,cái nháy cuối cùng
partner up,hợp tác
party animal,người thích tiệc tùng
party cry,tiếng động khi vui
party down,quẩy tung chảo
party hardy,quẩy nhiệt tình
party hearty,vui vẻ
party in one's mouth,vui vẻ
party like it's 1999,quẩy hết mình như năm 1999
party on,tiếp tục vui vẻ
party to,tham gia
party up,gộp nhóm
pas devant les enfants,Đừng làm trước mặt trẻ em
pass along,truyền lại
pass around,truyền tay
pass as,vượt qua
pass away,qua đời
pass by,đi qua
pass down,truyền lại
pass for,qua được
pass muster,đạt tiêu chuẩn
pass off,qua mặt
pass off as,qua mặt
pass on,truyền lại
pass oneself off as,giả vờ
pass out,ngất đi
pass over,bỏ qua
pass round,chuyển đi
pass the bottle of smoke,chuyển chai khói
pass the buck,đổ trách nhiệm cho người khác
pass the hat,xin góp ý
pass the river,qua sông
pass the torch,chuyển giao vai trò
pass through,đi qua
pass under the yoke,chịu sự áp bức
pass up,bỏ lỡ
past it,quá rồi
past one's prime,đã qua thời đỉnh cao
past the point of,vượt quá giới hạn
paste away at,dán liên tục
paste up,dán
pasture out,đồng cỏ
pat down,sờ soạng
pat on the back,xoa lưng
pat somebody on the back,vỗ vai ai đó
pat. pend.,đang chờ cấp bằng sáng chế
patch over,vá
patch together,chắp vá
patch up,sửa chữa
patience is a virtue,kiên nhẫn là một đức tính tốt
patience of a saint,sự kiên nhẫn của một vị thánh
patience of an angel,sự kiên nhẫn của một thiên thần
patience of Job,sự nhẫn nại của ông Job
patience of Mother Teresa,sự kiên nhẫn của Mẹ Teresa
patriotically correct,yêu nước đúng đắn
pattern up,thiết kế mẫu
pave the road to hell,paving the road to hell
pave the way,mở đường
pave the way for something,mở đường cho
paw at,vuốt
paw off,đẩy ra
paw up,cúi đầu
pawn off,bán rẻ
pawn off as,đẩy đi
pawn upon,cược
pay a visit,ghé thăm
pay and display,đỗ xe trả tiền
pay attention,chú ý
pay back,trả nợ
pay dividends,chia cổ tức
pay down,trả nợ
pay heed,chú ý
pay homage to,tôn vinh
pay its way,tự trang trải
pay off,trả hết
pay off old scores,trả nợ ân tình
pay one's debt to society,trả nghĩa cho xã hội
pay one's dues,đóng nghĩa vụ
pay or okay,được rồi
pay out,trả tiền
pay packet,lương
pay the bills,trả hóa đơn
pay the fiddler,trả tiền cho người chơi đàn violin
pay the freight,chi phí vận chuyển
pay the penalty,trả giá
pay the piper,trả giá
pay the price,trả giá
pay the rent,trả tiền thuê
pay through the nose,trả giá đắt
pay to play,trả phí để được tham gia
pay towards,đóng góp vào
pay tribute to,tưởng nhớ
pay up,trả tiền
pea patch,vườn đậu
pea-time is past,Thời gian đậu đã hết
peace of mind,sự an tâm
peace out,tạm biệt
peace through strength,hòa bình bằng sức mạnh
peaches and cream,đào và kem
peal out,kêu to
peanut butter,bơ đậu phộng
peanut gallery,khán giả
pearl of wisdom,chân lý sâu sắc
pearls before swine,viên ngọc quý trao cho lợn
pearly whites,răng trắng bóng
pebble in one's shoe,hòn đá trong giày
peck at,mổ
pecker checker,kiểm tra độ dài dương vật
pedal to the metal,đạp ga hết cỡ
pedals to the metal,đạp ga hết cỡ
peddle out,bán rong
pee in someone's cornflakes,phá đám
pee off,khó chịu
pee on someone's cornflakes,dẫm lên ngô của ai đó
pee one's pants,ướt quần
peed off,đi đi
peel away,bóc ra
peel me a grape,Bóc vỏ cho tôi một quả nho
peel off,bóc
peel out,rẽ nhanh
peel the onion,bóc hành
peep of day,ánh bình minh
peep out,nhìn trộm
peeve off,khó chịu
peg away,cố gắng
peg back,cố định
peg down,cố định
peg out,cắm cờ
peg the needle,cố định kim
pellet moulding,đúc viên
pelt down,trải nghiệm
pelt of the dog,lông chó
pen in,trong
pen picture,bức tranh chân dung
pen up,mở cửa chuồng
penalty box,khu phạt đền
pencil in,chấm vào
pencil out,phác thảo
pencil whip,lăn cán
pendente lite,trong quá trình tranh chấp
penny for them,Tôi sẵn lòng trả tiền
penny for your thoughts,muốn biết bạn đang nghĩ gì
penny in the fusebox,đồng xu trong hộp cầu chì
penny pincher,keo kiệt
penny wedding,đám cưới tiết kiệm
penny wise and pound foolish,keo kiệt trước cái nhỏ nhưng lại tiêu xả…
pension off,nghỉ hưu
people person,người hòa đồng
people sit on chairs,mọi người ngồi trên ghế
pep in one's step,tinh thần phấn chấn
pep up,khích lệ
pepper up,thêm ớt
Pepperidge Farm remembers,Pepperidge Farm luôn ghi nhớ
per annum,hàng năm
per cent,phần trăm
per curiam,do thẩm phán trưởng
per nocte,qua đêm
per stirpes,theo dòng họ
perfect is the enemy of good,Hoàn hảo là kẻ thù của tốt đẹp
perfect storm,cơn bão hoàn hảo
perfection is the enemy of good,Hoàn hảo là kẻ thù của sự tốt đẹp
perish the thought,thật kinh khủng
perk up,tươi tỉnh
permanent shave,cạo lông vĩnh viễn
perp walk,dẫn giải nghi phạm
persist down,kiên trì
persist it down,kiên trì thực hiện
person from Porlock,người từ Porlock
person up,tỉnh dậy
personal capital,vốn cá nhân
pertaining to,liên quan đến
pet peeve,điều khó chịu
peter out,tàn lụi
Peter Pan syndrome,Hội chứng Peter Pan
Pfizer riser,Cổ phiếu Pfizer tăng giá
phase down,giảm dần
phase in,giai đoạn
phase out,loại bỏ dần
philatelically inspired,lấy cảm hứng từ sưu tập tem
phone ahead,liên hệ trước
phone in,điện thoại
phone tag,liên lạc qua điện thoại
phone up,gọi điện thoại
phoney up,gọi điện thoại
phony up,giả vờ
physical break,nghỉ ngơi thể chất
physically challenged,khuyết tật về thể chất
pick a fight,cãi nhau
pick and pack,đóng gói
pick apart,mổ xẻ
pick at,nhặt
pick away at,nhặt nhạnh từng chút một
pick corners,chọn góc
pick holes,chỉ ra sai sót
pick it up,nhặt lên
pick of the crop,tinh túy nhất
pick of the litter,con tốt nhất trong đàn
pick off,bắn tỉa
pick on,trêu chọc
pick on someone your own size,Tìm người ngang ngửa mà đấu
pick one's battles,chọn trận đánh
pick one's nose,đào mũi
pick out,chọn ra
pick out of a hat,bốc thăm
pick over,sàng qua
pick someone's brain,xin ý kiến
pick through,sàng qua
pick up,nhặt
pick up on,nhận ra
pick up stitches,bắt chỉ
pick up the pace,tăng tốc
pick up the pieces,gom lại những mảnh vỡ
pick up the tab,trả tiền
pick up the threads,tiếp tục công việc
pick your poison,chọn đi
pickin' and grinnin',cười tươi vui vẻ
pickle up,nhặt
pics or it didn't happen,phải có ảnh thì mới tin
pictures or it didn't happen,phải có ảnh thì mới được tính
piddle away,lãng phí thời gian
pie in the sky,việc không thể thực hiện
pie off,bỏ đi
piece by piece,từng mảnh từng phần
piece of ass,Đồ đàn bà
piece of cake,việc dễ
piece of crap,đồ bỏ đi
piece of shit,đồ khốn nạn
piece of someone,một phần của ai đó
piece of tail,đuôi
piece of the action,phần của công việc
piece of the pie,phần của bánh
piece of the puzzle,mảnh ghép
piece of work,công việc
piece out,chia nhỏ
piece together,ghép lại
piece up,ghép lại
Pierian spring,Nguồn suối Pieria
piffy on a rock bun,Tôi không biết
pig in a poke,mua lợn trong bao
pig off,ăn vụng
pig out,thả rông
pigs can fly,lợn có thể bay
pigs may fly,chuyện đó không bao giờ xảy ra
pigs might fly,khó xảy ra như là lợn bay
pile in,xếp chồng
pile on,dồn lên
pile out,xếp ra
pile Pelion on Ossa,xếp chồng núi Pelion lên núi Ossa
pile up,đổ đống
pill in the pocket,viên thuốc trong túi
pill mill,cơ sở sản xuất thuốc
pill up,uống thuốc
pillow talk,trò chuyện riêng tư
pilly willy,cậu nhỏ
pimp out,làm cho thêm đẹp
pimp up,nâng cấp
pin a rose on your nose,cắm một bông hoa hồng lên mũi
pin back,ghim lại
pin down,xác định
pin money,tiền tiêu vặt
pin on,ghim vào
pin up,hình ảnh gợi cảm
pinch at,bóp nhẹ
pinch off,cắt bỏ
pinch one off,bóp đứt
pinch out,bóp tắt
pine away,chết dần
pink slip,bản thông báo sa thải
pink up,làm cho hồng lên
pins and needles,châm chích
pip to the post,về đích trước
pipe down,im lặng
pipe dream,ước mơ viển vông
pipe in,ống dẫn
pipe off,tắt máy
pipe the eye,kéo dài mắt
pipe up,nói ra
piping hot,nóng hổi
piping times,thời gian bơm
piping times of peace,thời gian hòa bình qua tiếng sáo
piss about,lêu lỏng
piss and moan,cằn cằn
piss around,vô tích sự
piss away,lãng phí
piss down,tràn ra
piss in someone's cereal,đái vào bát cháo của ai đó
piss in someone's cornflakes,phá đám
piss it down,tràn mưa
piss like a racehorse,tiểu như ngựa đua
piss money up the wall,lãng phí tiền bạc
piss more than one drinks,Đi tiểu nhiều hơn lượng nước uống
piss off,Biến đi
piss on,đái vào
piss on someone's cornflakes,làm phiền ai đó
piss on someone's parade,phá đám
piss up,tiểu tiện
piss up a wall,lãng phí
pissed off,tức giận
pissing war,chiến tranh nhỏ nhặt
pit against,đặt đối đầu
pit out,đổ ra
pitch and pay,đề xuất và thanh toán
pitch around,ném bóng
pitch in,góp sức
pitch into,đóng góp
pitch on,báo cáo về
pitch out,ném ra ngoài
pitch up,xuất hiện
pitch upon,đặt lên
pitch woo,tán tỉnh
pitchers have ears,Những người nặn gốm có tai
pity fuck,tội nghiệp
pixel peeper,người soi xét ảnh
pizza table,bàn pizza
place of business,nơi làm việc
place to be,nơi đáng đến
plain dealing,thành thật
plan ahead,lên kế hoạch trước
plan on,dự định
plan out,lên kế hoạch
plank down,trả tiền
plank up,chống đỡ
plant a seed,gieo hạt
plant one's feet,đứng vững
plant out,trồng cây
plastic fantastic,tuyệt vời
plate away,dọn dẹp
plate out,phân phối
plate up,bày ra đĩa
play a double game,chơi trò chơi hai mặt
play a part,tham gia
play a role,đóng vai trò
play about,chơi đùa
play all one's cards,chơi hết bài
play along,cùng chơi
play around,chơi đùa
play at,chơi ở
play away,thi đấu trên sân khách
play back,phát lại
play ball,chơi bóng
play booty,chơi trò chơi
play both sides against the middle,lợi dụng cả hai bên để đạt mục đích riên…
play by ear,tùy hứng
play chicken,đấu xe
play Cupid,mai mối
play down,giảm nhẹ
play dumb,giả vờ ngốc
play fast and loose,làm tùy tiện
play first fiddle,đóng vai chính
play for love,chơi vì tình yêu
play for time,kéo dài thời gian
play games,chơi trò chơi
play hard to get,khó tính
play hardball,chơi xấu
play hob with,gây khó dễ
play hooky,trốn học
play in,tham gia
play in Peoria,diễn tập ở Peoria
play into,tận dụng
play it cheap,hành động tiểu nhân
play it cool,giữ bình tĩnh
play it for all it's worth,tận dụng tối đa
play it safe,cẩn thận
play it straight,diễn xuất chân thật
play merry havoc with,gây náo loạn vui vẻ
play merry hell with,gây rắc rối
play off,trận play-off
play Old Gooseberry,chơi Old Gooseberry
play Old Harry,chơi Old Harry
play Old Harry with,chơi trò Old Harry với
play on,chơi trò
play on someone's heartstrings,khiến ai đó cảm động sâu sắc
play on words,chơi chữ
play one against another,đối đầu
play one's cards right,chơi bài khéo
play one's part,thực hiện vai trò
play or pay,chơi hoặc trả
play out,diễn ra
play politics,chơi chính trị
play possum,giả chết
play safe,cẩn thận
play second fiddle,nhường vai trò
play silly buggers,chơi nghịch
play someone like a fiddle,lừa ai đó
play someone like a violin,lừa ai đó như chơi đàn violon
play the angles,tận dụng lợi thế
play the cat and banjo with,chơi mèo và đàn banjo với
play the deuce with,chơi đôi với
play the devil with,cố tình gây rắc rối
play the dickens with,gây rắc rối
play the field,tán tỉnh nhiều người
play the fool,diễn vai ngốc
play the gender card,khai thác vấn đề giới tính
play the hand one is dealt,chấp nhận và đối mặt với tình huống hiện…
play the mischief with,gây rắc rối
play the Nazi card,khai thác vấn đề liên quan đến Đức Quốc …
play the ponies,chơi cờ ngựa
play the race card,khai thác vấn đề sắc tộc
play the same tape,phát lại băng đó
play the something card,chơi trò chơi nào đó
play the victim card,giả vờ là nạn nhân
play the wag,cười
play through,chơi hết
play to,phát huy
play to the gallery,thích gây ấn tượng
play to win,chơi để thắng
play up,làm quá
play up to,nịnh bợ
play upon,khai thác
play well with others,hòa đồng với mọi người
play with,chơi với
play with a full deck,chơi với bộ bài đầy đủ
play with fire,chơi với lửa
play with house money,chơi thoải mái
play with oneself,tự chơi
plead down,khẩn cầu giảm án
plead out,khai báo tội
plead over,khẩn cầu
plead up,khẩn cầu
please excuse my dear Aunt Sally,xin hãy bỏ qua sự thiếu tế nhị của tôi
please find attached,xin vui lòng xem đính kèm
please help me,xin giúp tôi
please repeat after me,xin hãy lặp lại theo tôi
please say that again,xin vui lòng nói lại
please sit down,xin mời ngồi
please speak more slowly,xin nói chậm hơn
please turn left,xin rẽ trái
please turn right,rẽ phải
please yourself,hài lòng bản thân
pleased to meet you,Rất vui được gặp bạn
pleased with oneself,tự mãn
pleasure oneself,tự mãn
plop down,ngồi xuống
plot out,lên kế hoạch
plough a lonely furrow,cày một rãnh độc lập
plough ahead,tiếp tục tiến lên
plough back,đầu tư lại
plough down,cày xới
plough in,cày
plough into,cày xới
plough money,đầu tư
plough on,tiếp tục
plough one's own furrow,đi theo con đường riêng của mình
plough one's way,cố gắng vượt qua
plough over,cày xới
plough the back forty,cày cấy vùng đất phía sau
plough through,cố gắng hoàn thành
plough under,cày xới
plough up,cày xới
plow ahead,tiến lên
plow back,đầu tư lại
plow down,cày xới
plow in,cày
plow into,cày xới
plow on,cày sâu
plow one's way,mở đường
plow over,cày xới
plow the sands,cày cát
plow through,hoàn thành
plow under,cày xới
plow up,cày xới
plow with one's heifer,cày ruộng bằng bò cái
pluck out,nhổ
pluck up,khuyến khích
plug and chug,học thuộc lòng
plug and play,cắm và chạy
plug away,cố gắng
plug in,cắm vào
plug into,cắm vào
plug out,rút phích cắm
plug up,nút
plumb in,thẳng đứng
plumber up,thợ sửa ống nước
plumber's helper,người phụ việc thợ sửa ống nước
plump down,phình to
plump for,chọn
plump up,phồng lên
plunge in,nhảy xuống
plunge into,đắm mình vào
poach up,nấu nhừ
poacher turned gamekeeper,kẻ săn trộm trở thành người bảo vệ
pobody's nerfect,Không ai hoàn hảo
pocket dial,bấm nhầm số
pocket up,cất vào túi
poetry in motion,sự uyển chuyển như vũ điệu
pogi point,điểm pogi
point blank,thẳng thắn
point fingers,chỉ trỏ đổ lỗi
point man,người tiên phong
point out,chỉ ra
point Percy at the porcelain,chỉ Percy vào đồ sứ
point the finger at,đổ lỗi cho
point the finger at somebody,đổ lỗi cho ai đó
point up,chỉ ra
poison pen,bút độc
poison-pen letter,thư vu oan
poisoned chalice,cốc độc
poke about,chọc tức
poke along,di chuyển chậm
poke around,mò
poke holes in,đục lỗ
poke one's nose into,xía mũi vào
poke out,nhô ra
poke someone's eye out,đâm mù mắt ai đó
poke the bear,kích động sư tử
poker up,tập trung
poles apart,hoàn toàn khác biệt
police lives matter,Cuộc sống của cảnh sát cũng quan trọng
police up,cảnh sát đến
polish a turd,làm cho một thứ dở thành tốt
polish off,hoàn thành
Polish parliament,Quốc hội Ba Lan
polish up,đánh bóng
polish up on,củng cố
polite fiction,tiểu thuyết lịch sự
political football,đồ vật chính trị
politically correct,nhạy cảm về chính trị
politically incorrect,không phù hợp về mặt chính trị
Polly want a cracker,Con vẹt muốn ăn bánh quy
poney up,đóng góp
pony in the barn,con ngựa nhỏ trong chuồng
pony up,đóng góp
pooch out,kéo dài
poon up,kích hoạt
poop factory,nhà máy sản xuất phân bón
poop in one's pants,ị vào quần
poop machine,máy tạo phân
poop oneself,ị d ị
poop out,kiệt sức
poophole loophole,lỗ hổng
poor as a church mouse,nghèo rớt mồng tơi
poor as a rat,nghèo khổ
poor door,cửa cũ kỹ
poor is a mindset,nghèo là một tư duy
poor is a state of mind,Đói nghèo là trạng thái tinh thần
poor little rich boy,cậu bé giàu có nhưng bất hạnh
poor little rich girl,Cô gái giàu có nhưng bất hạnh
poor man's shilling,tiền xu của người nghèo
poor power,công suất yếu
poorness is a state of mind,Đói nghèo là trạng thái tinh thần
pootle along,di chuyển chậm rãi
pop down,xuống nhanh
pop for,nổi tiếng
pop in,ghé thăm
pop off,nổ tung
pop on,xuất hiện
pop one's cork,nóng giận
pop one's wad,nhả kẹo cao su
pop out,nhô lên
pop someone's cherry,làm cho ai đó mất trinh tiết
pop the cherry,mở cúc áo
pop the question,tỏ tình
pop up,xuất hiện
popcorn movie,phim bom tấn
pope's nose,cái mũi của giáo hoàng
popper up,xuất hiện
porcelain god,thần sứ
porcelain goddess,nữ thần sứ
porcelain skin,làn da sứ
pore over,nghiên cứu kỹ
pork out,chi tiêu hoang phí
pork up,thịt lợn
porn and prawn,tạp chí khiêu dâm và tôm sú
portion off,chia nhỏ
portion out,chia đều
posh nosh,đồ ăn ngon sang trọng
posh up,nâng cấp
positive Polly,Polly lạc quan
possession is nine-tenths of the law,Ai có thì có tất cả
post mortem auctoris,phỏng đoán sau khi tác giả qua đời
post off,gửi đi
post up,đăng lên
postally used,đã sử dụng qua đường bưu điện
poster boy,người đại diện
poster child,hình mẫu
poster girl,người đại diện
pot calling the kettle black,ném đá giấu tay
pot kettle black,nước đổ bơ lên
pot of gold,chậu vàng
pot on,chảo
pot out,bỏ đi
pot up,trồng cây trong chậu
potato chaser,người săn khoai tây
Potemkin village,làng giả
potter about,lung tung
potter around,vọc vạch
potter's clay,đất sét
potter's field,nơi chôn người vô danh
potty mouth,chửi thề
pound a beat,đánh nhịp
pound for pound,tỷ lệ
pound of flesh,trả giá đắt
pound one's flounder,khó khăn
pound out,đấm bóp
pound sand,điên rồ
pound the pavement,đi bộ nhiều
pour cold water on,phản đối
pour cold water over,rót nước lạnh lên
pour down,tràn ra
pour down the drain,xả xuống cống
pour encourager les autres,để khuyến khích người khác
pour forth,tràn ra
pour fuel on the fire,thêm dầu vào lửa
pour gasoline on the fire,thêm dầu vào lửa
pour honey in one's ear,rót mật vào tai
pour honey into one's ear,rót mật vào tai
pour honey on,rót mật lên
pour in,rót vào
pour into,rót vào
pour oil on troubled waters,xoa dịu tình hình
pour one out,rót một ly rượu ra
pour one's heart out,trút hết tâm sự
pour out,rót ra
poverty is a mindset,Đói nghèo là một tư duy
poverty is a state of mind,Đói nghèo là trạng thái tinh thần
powder keg,thùng thuốc súng
power ahead,tiến lên phía trước
power behind the throne,người đứng sau ngai vàng
power coffee,cà phê tăng lực
power down,tắt nguồn
power grab,cướp quyền lực
power lunch,bữa trưa làm việc
power luncher,bữa trưa làm việc
power lunching,ăn trưa công việc
power of the pencil,sức mạnh của bút chì
power of the purse,quyền chi tiêu
power off,tắt nguồn
power on,bật nguồn
power up,bật nguồn
powers that be,những người có quyền lực
poz up,đẩy lên
practice makes perfect,luyện tập thì mới thành công
practice makes progress,Thực hành tạo nên sự tiến bộ
prairie dog,chuột đồng
praise to the skies,khen ngợi trời cao
praise with faint damns,khen nhưng kèm theo những lời chỉ trích …
prang out,khoe khoang
prat about,nói chuyện linh tinh
prat around,tinh nghịch
prawn cocktail offensive,gỏi tôm gây tranh cãi
pray away the gay,cầu nguyện để chữa khỏi đồng tính
pray tell,xin hãy nói cho tôi biết
pray the gay away,cầu nguyện để chữa khỏi đồng tính
pray to the porcelain god,cầu nguyện với thần sứ
pray to the porcelain goddess,cầu nguyện với nữ thần sứ
preach down,giảng đạo
preach in the desert,rao giảng ở sa mạc
preach to deaf ears,nói vào tai người điếc
preach to the choir,nói chuyện với người đã biết
preach up,rao giảng
preach water and drink wine,giảng đạo về sự tiết kiệm nhưng bản thân…
precious little,rất ít
prep out,chuẩn bị rời đi
prep up,chuẩn bị
prepare ahead,chuẩn bị trước
prepare the ground,chuẩn bị mặt bằng
prepare up,chuẩn bị
present company excepted,ngoại trừ những người đang có mặt
present company excluded,không tính những người đang ở đây
preserved in aspic,ngâm trong thạch
press ahead,tiếp tục tiến lên
press down,ấn xuống
press F to pay respects,ấn F để bày tỏ lòng thành kính
press into service,sử dụng
press on,tiếp tục
press out,ép ra
press the flesh,bắt tay
press the panic button,nhấn nút báo động
pressed for time,bận rộn
pressure makes diamonds,Áp lực tạo ra kim cương
pretty penny,giá cao
pretty pictures,những bức ảnh đẹp
pretty please with sugar on top,làm ơn, làm ơn, làm ơn
pretty Polly,Polly xinh đẹp
pretty up,làm đẹp
pretzel up,xoắn lại
prevail upon,thuyết phục
prevention is better than a cure,phòng bệnh hơn chữa bệnh
prevention is better than cure,phòng bệnh hơn chữa bệnh
previously disadvantaged,những người bị thiệt thòi trong quá khứ
prey on,cập bẫy
prey upon,tấn công
price in,giá cả
price is right,giá phải chăng
price of eggs,giá trứng
price of tea in China,giá trà ở Trung Quốc
price on someone's head,phải trả giá để có được
price out,ước tính giá
price up,tăng giá
prick out,đâm thủng
prick up,nhướng tai
pride comes before a fall,kiêu ngạo dẫn đến thất bại
pride comes before the fall,kiêu ngạo dẫn đến sa sút
pride cometh before a fall,Kiêu ngạo dẫn đến sa sút
pride goes before a fall,Kiêu ngạo dẫn đến sa sút
pride goeth before a fall,kiêu ngạo dẫn đến sa sút
pride wenteth before a fall,Kiêu ngạo đi trước thất bại
prim and proper,liêm chính và chỉnh tề
prime of life,thời kỳ đẹp nhất của cuộc đời
prime the pump,khởi động máy bơm
prime up,khởi động
primitive type,kiểu dữ liệu nguyên thủy
primp up,chăm chút
primrose path,con đường hoa anh thảo
prink up,trang điểm
print off,in
print out,in ra
print up,in ấn
prior to,trước khi
prior to that,trước đó
prior to this,trước đó
priss around,kín đáo
private credit,tín dụng tư nhân
private eye,thám tử tư
privately held,thuộc sở hữu tư nhân
prize pig,heo cưng
pro bono,miễn phí
pro parte,phần của
pro re nata,khi cần thiết
pro tip,mẹo hay
problem child,đứa trẻ hư
procrastination is the thief of time,Sự trì hoãn là kẻ trộm thời gian
procure to pay,thanh toán
professional suicide,tự sát chuyên nghiệp
professional victim,người luôn tự biến mình thành nạn nhân
proffer up,đề xuất
progressive love,tình yêu tiến bộ
Promised Land,Đất hứa
prone out,nằm sấp
prop forward,tiền đạo
prop up,chống đỡ
prop up the bar,chống đỡ thanh chắn
prophet of doom,nhà tiên tri về tai họa
pros and cons,ưu điểm và nhược điểm
pros ton kairon,vì lợi ích của thời đại
protest too much,quá phản đối
Protestant work ethic,Đạo đức làm việc của người Tin Lành
proud as a peacock,tự hào như công
prove out,chứng minh
proverbs come in pairs,thường thì các câu tục ngữ đi đôi với nh…
proverbs go in pairs,thường đi đôi với
proverbs hunt in pairs,thành ngữ đi đôi với việc tìm kiếm
proverbs often come in pairs,thường thì các câu tục ngữ hay đi đôi vớ…
proverbs run in pairs,thường đi đôi với nhau
proverbs should be sold in pairs,Các câu tục ngữ nên được bán theo cặp
proverbs should be writ in pairs,các câu tục ngữ nên được viết thành cặp
proverbs should come in pairs,thành ngữ nên đi đôi với nhau
proverbs should go in pairs,thành ngữ nên đi đôi với nhau
provided that,nếu như
psych out,do dự
psych up,khuyến khích
psyched up,hào hứng
psychological warfare,chiến tranh tâm lý
pub grub,đồ ăn quán bar
public intellectual,nhà trí thức công khai
public purse,ngân sách công
publicity hound,người thích gây sự chú ý
publicly held,công khai
publish or perish,công bố hoặc thất bại
pucker up,mút chặt
pudding and tame,bánh flan và thuần hóa
puddle jumper,đồ bơi phao
puddle up,tụ tập lại
puff out,phồng lên
puff up,phồng lên
puke up,nôn mửa
pull a face,nhăn mặt
pull a fast one,lừa
pull a lever,kéo cần
pull about,kéo đi kéo lại
pull ahead,vượt lên dẫn trước
pull an all-nighter,học đêm xuyên đêm
pull apart,tháo rời
pull aside,kéo sang một bên
pull away,rút lui
pull back,rút lại
pull back the curtain,kéo màn che
pull down,hạ xuống
pull faces,kè mặt
pull for,kéo
pull in,kéo vào
pull in one's horns,kéo lại cái sừng
pull into,vào
pull it out,kéo ra
pull my finger,kéo ngón tay tôi
pull off,hoàn thành
pull on,kéo
pull one over,lừa gạt
pull one's finger out,nỗ lực hơn
pull one's pud,cười vào mặt ai đó
pull one's punches,nhún nhường
pull one's socks up,nỗ lực hơn
pull one's weight,đóng góp phần của mình
pull oneself together,vật lộn để vượt qua
pull oneself up by one's bootstraps,tự lực cánh sinh
pull out,rút ra
pull out all the stops,dồn hết sức
pull out of one's arse,kéo ra từ mông
pull out of one's ass,kéo ra khỏi mông
pull out of the fire,cứu thoát khỏi nguy hiểm
pull out of the hat,kéo ra từ trong mũ
pull over,tấp xe
pull punches,nương tay
pull rank,lạm quyền
pull round,kéo tròn
pull someone's leg,trêu chọc
pull someone's plumes,khiêu khích ai đó
pull strings,kéo dây
pull teeth,khó khăn
pull the ladder up after oneself,kéo thang lên sau khi trèo xuống
pull the ladder up behind oneself,kéo thang lên sau lưng
pull the long bow,kéo căng cung
pull the other leg,khiêu khích
pull the other one,kéo cái khác
pull the plug,cắt điện
pull the rug out from under,cướp đi cơ hội
pull the shutters down,kéo rèm cửa xuống
pull the strings,kiểm soát mọi thứ
pull the trigger,bóp cò
pull the wool over someone's eyes,lừa dối ai đó
pull through,vượt qua
pull together,hợp tác
pull up,kéo lên
pull up on,kéo lên
pull up stakes,dọn đi
pull up your pants,kéo quần lên
pulling power,sức kéo
pulling the plug,cắt nguồn
pump and dump,lừa đảo đầu cơ
pump and jump,bơm và nhảy
pump out,bơm ra
pump someone's tires,bơm lốp
pump up,phồng lên
pumpkin head,đầu bí
punch above,vượt trội
punch above one's weight,vượt trội hơn khả năng
punch below one's weight,hoạt động tốt hơn mong đợi
punch down,đấm xuống
punch in,nhập
punch it,đấm nó
punch out,xé
punch someone's lights out,đấm cho bất tỉnh
punch someone's ticket,bắt giữ
punch up,nâng cấp
punch-up session,buổi tập luyện cường độ cao
punk out,tắt nhạc
purchase to pay,mua hàng đến thanh toán
purely imaginary,hoàn toàn tưởng tượng
purple monkey dishwasher,máy rửa chén màu tím của con khỉ
push about,đẩy đi
push against an open door,đẩy cửa mở
push along,đẩy đi
push around,xúc phạm
push aside,đẩy sang một bên
push away,đẩy ra
push back,đẩy lùi
push down,ấn xuống
push for,khuyến khích
push in,ấn vào
push it,đẩy nó
push off,khởi hành
push on,tiếp tục
push one's luck,thử vận may
push one's way,chèn ép
push out,đẩy ra
push over,đẩy đổ
push past,vượt qua
push the boat out,chi tiêu mạnh tay
push the envelope,vượt qua giới hạn
push through,vượt qua
push together,đẩy vào nhau
push under,đẩy dưới
push up,chống đẩy
push up against,đẩy lên
push up daisies,chết
push up on,đẩy lên
push water uphill,đẩy nước lên đồi
puss out,bỏ cuộc
pussy out,bỏ cuộc
put 'em up,đứng lên
put a blanket over,trải chăn lên
put a bug in someone's ear,nhỏ vào tai ai đó
put a damper on,làm giảm nhiệt tình
put a finger to the wind,nghe ngóng tình hình
put a foot wrong,làm sai
put a gun to someone's head,đặt súng lên đầu ai đó
put a hat on a hat,đặt mũ lên mũ
put a lid on,đậy nắp
put a lid on it,im lặng
put a shift in,làm ca
put a slight upon,xúc phạm
put a sock in it,Im lặng đi
put a stop to,dừng lại
put about,tung tin
put across,truyền đạt
put ahead,vượt lên trước
put an end to,chấm dứt
put around,lan truyền
put aside,cất đi
put at risk,đặt vào tình trạng nguy hiểm
put away,cất đi
put back,đặt lại
put batteries in someone's back,đâm sau lưng
put before,đặt trước
put behind one,bỏ lại phía sau
put butter on one's bread,phết bơ lên bánh mì
put by,cất giữ
put case,vỏ ốp
put daylight between oneself and someone,giữ khoảng cách với ai đó
put down,hạ xuống
put down as,ghi lại
put down for,đặt xuống
put down roots,bám rễ
put down to,gọi là
put facts on the ground,củng cố vị thế
put food on the table,lo cho cuộc sống gia đình
put foot to ass,đạp mông
put forth,đề xuất
put forward,đề xuất
put hair on someone's chest,mọc lông ngực
put her there,Đặt cô ấy ở đó
put in,đặt vào
put in a position,đặt vào vị trí
put in mind,ghi nhớ
put in place,đặt vào vị trí
put in pledge,đặt cược
put in the ground,đặt vào đất
put in with,tham gia cùng
put into one's own head,nghĩ ra
put into practice,áp dụng vào thực tế
put it about,tung tin
put it down,đặt xuống
put it off on,đẩy trách nhiệm cho
put it past,khó tin
put it there,Đặt nó ở đó
put it to,áp dụng vào
put lipstick on a pig,son phấn cho con lợn
put new wine in old bottles,Đổ rượu mới vào chai cũ
put off,hoãn lại
put on,mặc
put on a clinic,tổ chức buổi tập huấn
put on a pedestal,đặt lên bệ cao
put on airs,khoe khoang
put on frills,thêm bèo nhún
put on hold,để chờ
put on one's dancing shoes,mang giày khiêu vũ
put on the dog,khoe mẽ
put on the long finger,để lâu
put on the map,nổi tiếng
put on the red light,bật đèn đỏ
put on the ritz,ăn chơi trác trải
put one across,lừa gạt
put one over,lừa gạt
put one past,qua mặt
put one's affairs in order,sắp xếp mọi việc
put one's ass on the line,mạo hiểm
put one's back into,nỗ lực hết mình
put one's best foot forward,cố gắng hết sức
put one's cards on the table,bộc lộ hết mọi thứ
put one's feet up,nghỉ ngơi chân
put one's finger in the dyke,cố gắng ngăn chặn một vấn đề
put one's finger in the fire,sờ vào lửa
put one's finger on,chỉ ra
put one's finger on something,chỉ ra
put one's foot down on,kiên quyết
put one's foot down upon,kiên quyết
put one's foot in it,đá vào chân mình
put one's foot in one's mouth,nói bậy
put one's foot in someone's ass,đạp vào mông ai đó
put one's foot up someone's ass,đút chân vào mông ai đó
put one's hand in one's pocket,đút tay vào túi
put one's hand to the plough,bắt tay vào việc
put one's head in the sand,đóng mắt làm ngơ
put one's heart in,dồn tâm huyết
put one's house in order,dọn dẹp nhà cửa
put one's legs under someone's mahogany,quan hệ tình dục
put one's mind to it,quyết tâm
put one's name in the hat,đăng ký tham gia
put one's neck out,mạo hiểm
put one's shoulder into,nỗ lực
put one's stamp,đánh dấu ấn
put oneself about,tự chủ động
put oneself across,diễn đạt bản thân
put oneself out,nỗ lực
put onto,đặt lên
put out,dập tắt
put out a fire,dập lửa
put out feelers,khảo sát thăm dò
put over,qua mặt
put paid to,kết thúc
put paid to something,kết thúc
put past,đặt quá khứ
put pen to paper,viết ra
put round,làm tròn
put simply,nói một cách đơn giản
put some timber on,đặt cược
put somebody out of their misery,giải thoát ai khỏi nỗi khổ
put someone hip,làm cho ai đó trở nên nổi tiếng
put someone in a box,nhốt ai đó vào một cái hộp
put someone in mind of,khiến ai đó nghĩ đến
put someone in their place,đặt ai vào đúng vị trí
put someone on blast,bóc phốt
put someone on ice,đóng băng ai đó
put someone on to,giới thiệu cho
put someone out of their misery,giải thoát ai khỏi nỗi khổ
put someone to their trumps,khiến ai đó phải đối mặt với thử thách l…
put someone's back up,khiến ai đó nổi giận
put someone's lights out,đánh ngất
put something behind one,để cái gì đó ở phía sau
put something into perspective,đặt vào đúng vị trí
put something on the line,đặt cược
put something out of their misery,giải thoát cho họ khỏi nỗi đau
put store by,cất giữ
put store in,cất giữ
put that in your hat,cất cái đó vào mũ của bạn
put the bad mouth on,nói xấu
put the bee on,đặt con ong lên
put the beggar on the gentleman,đặt người ăn xin lên người quý ông
put the boot in,đá
put the bottom rail on top,đặt thanh dưới lên trên
put the brakes on,chậm lại
put the cart before the horse,đặt xe trước con ngựa
put the cat among the pigeons,gây ồn ào
put the clock back,hoãn giờ
put the clock forward,bật đồng hồ lên
put the fear of God into,gây kinh hãi
put the finger on,chỉ ra
put the hammer down,dừng búa
put the moves on,tán tỉnh
put the pedal to the metal,đạp ga hết cỡ
put the plug in the jug,cắm phích vào bình
put the record straight,làm rõ sự thật
put the screws,vặn ốc
put the wood in the hole,cho gỗ vào lỗ
put through,kết nối
put through hoops,khó khăn
put through the mangle,xay xát
put through the wringer,khổ sở
put to,áp dụng
put to bed,cho đi ngủ
put to good use,sử dụng hiệu quả
put to the sword,bị chém giết
put to the test,bị thử thách
put to use,sử dụng
put to work,bắt đầu làm việc
put together,ghép lại
put two and two together,kết hợp các manh mối
put under,đặt dưới
put under pressure,bị gây áp lực
put up,lắp đặt
put up a brick,chèn gạch
put up on,lừa gạt
put up one's dukes,đứng lên chống cự
put up or shut up,im lặng hoặc hành động
put up to,khuyến khích
put up with,chịu đựng
put words in someone's mouth,đặt lời vào miệng người khác
put-up job,công việc tạm thời
putter about,loan quanh
putter around,vọc vạch
putty in someone's hands,giao quyền
putz around,lêu lỏng
putz round,đi dạo
puzzle out,giải quyết
puzzle over,băn khoăn
puzzle through,giải câu đố
pyramid down,giảm dần
pyramid up,xây kim tự tháp
Q. E. D.,Đã chứng minh
quad out,bốn người
quake in one's boots,sợ hãi run rẩy
Quaker gun,Súng Quaker
qualify out,loại
quality over quantity,chất lượng hơn số lượng
quantum tunnel,hiệu ứng đường hầm lượng tử
quarrel out,hòa giải
quarrel with,cãi nhau với
que sera sera,chuyện gì thì cứ đến
Queen Anne is dead,Nữ hoàng Anne đã qua đời
Queen Anne's dead,Nữ hoàng Anne đã qua đời
queen bee,mẫu hậu
queen of beasts,nữ hoàng thú rừng
queen out,người phụ nữ quyền lực rời đi
queen up,lên ngôi
queer bashing,bạo lực chống lại người đồng tính
queer fish,cá kỳ lạ
queer someone's pitch,làm méo tiếng
Queer Street,Phố kỳ lạ
queer up,tinh nghịch
quelle surprise,thật bất ngờ
queue up,xếp hàng
quick as a flash,nhanh như chớp
quick as lightning,nhanh như chớp
quick buck,kiếm tiền nhanh
quick off the mark,nóng bỏng
quick on one's feet,nhanh nhẹn
quick on the draw,nhanh nhẹn
quick on the uptake,nhanh nhạy
quick read,đọc nhanh
quick study,học nhanh
quicken up,tăng tốc
quidquid Latine dictum sit altum videtur,Bất cứ điều gì được nói bằng tiếng Latin…
quiet as a church mouse,câm như hến
quiet as a mouse,câm như chuột
quiet down,im lặng
quiet quit,từ chức lặng lẽ
quieten down,im lặng
quit scores,điểm cuối cùng
quit while one is ahead,dừng lại khi đang thuận lợi
quite a bit,khá nhiều
quite so,không hẳn vậy
quite some,khá nhiều
quite the opposite,hoàn toàn ngược lại
quoad sacra,về các nghi lễ tôn giáo
quod erat demonstrandum,điều đã được chứng minh
quod google,cái gì của Google
quoin up,xây đá góc
quote unquote,dấu ngoặc kép
qwerty syndrome,hội chứng do bố trí bàn phím
R. S. V. P.,Vui lòng phản hồi
rabbit on,thỏ trên
rabble rouser,kích động đám đông
rabz kebabz,thịt nướng
raccoon eyes,mắt gấu trúc
race against the clock,chạy đua với thời gian
race against time,chạy đua với thời gian
race of truth,cuộc đua chân lý
race off,chạy đua
race out of the traps,bắt đầu cuộc đua một cách nhanh chóng
race queen,nữ hoàng tốc độ
race riot,bạo loạn sắc tộc
racially challenged,thiên vị chủng tộc
rack and ruin,sụp đổ
rack off,dừng lại
rack one's brain,suy nghĩ mệt mỏi
rack one's brains,suy nghĩ mệt mỏi
rack out,sắp xếp
rack up,tích lũy
radio ahead,báo cáo qua đài
rafter snapper,cái kẹp xà gồ
rag bagger,người nhặt rác
rag off,trêu chọc
rag on,chê bai
rag out,lôi thôi
rag the puck,kéo puck
rail out,trượt ray
rain buckets,mưa như trút nước
rain cats and dogs,mưa như trút nước
rain death,mưa chết
rain dogs and cats,mưa như trút nước
rain down,rơi xuống
rain fire and brimstone,mưa lửa và lưu huỳnh
rain follows the plough,gieo trồng rồi mới có thu hoạch
rain follows the plow,gây dựng sự thịnh vượng
rain off,mưa tan
rain on someone's parade,phá đám
rain or shine,dù mưa hay nắng
rain out,hủy bỏ vì mưa
rain pitchforks,nước mưa cào
rain stopped play,mưa làm gián đoạn trận đấu
rainbow baby,em bé cầu vồng
rainbows and unicorns,cầu vồng và kỳ lân
rainy day,ngày mưa
raise awareness,nâng cao nhận thức
raise Cain,gây rắc rối
raise concerns,gây lo ngại
raise eyebrows,nhướng mày
raise funds,gây quỹ
raise hell,gây rối
raise its head,nâng đầu
raise its ugly head,xuất hiện trở lại
raise money,gây quỹ
raise one's eyebrows,nhướng mày
raise one's game,nâng cao trình độ
raise one's voice,nói lớn tiếng
raise questions,nảy ra câu hỏi
raise someone's hackles,khiến ai đó nổi giận
raise someone's shag,kích thích tình dục
raise someone's spirits,khích lệ tinh thần
raise the ante,nâng mức cược
raise the bar,nâng cao tiêu chuẩn
raise the line,nâng đường dây
raise the possibility,khả năng
raise the roof,vui mừng tột độ
raise the spectre,khơi dậy nỗi sợ
raise the stakes,nâng cao mức độ
raise to the purple,nâng lên màu tím
raise up,nâng lên
raised by wolves,nuôi bởi sói
raised in a barn,nuôi trong chuồng
rake in,kiếm tiền
rake it in,kiếm tiền
rake off,gạt bỏ
rake out,dọn dẹp
rake over,xới đất
rake over the coals,đổ thêm dầu vào lửa
rake together,gom lại
rake up,khơi gợi
rally around,ủng hộ
rally behind,ủng hộ
rally round,ủng hộ
rally round the flag,ủng hộ khẩu hiệu
Ram Ram,Chào bạn
ram something down someone's throat,ép buộc
Ramadan mubarak,Chúc mừng Ramadan
rame over,khung cửa sổ
ramp along,dốc
ramp up,tăng tốc
range out,phạm vi
rank and file,cán bộ công nhân viên
rank and yank,xếp hạng và giật
rant and rave,nói một cách giận dữ
rap and rend,hấp và nướng
rap at,hát rap
rap back,phản hồi nhanh
rap down,hạ xuống
rap someone's knuckles,đánh vào ngón tay
rare animal,động vật quý hiếm
raring to go,sẵn sàng đi
rark up,không biết
rash up,nổi mẩn
rat on,tố cáo
rat out,tố cáo
rat run,đường chuột
rat through,xuyên qua
rat's nest,tổ chuột
Ratatouille moment,Khoảnh khắc nấu ăn tuyệt vời
ratchet up,tăng cường
rather than,thay vì
ratione temporis,tỷ lệ thời gian
rattle about,rung rinh
rattle around,rung rinh
rattle off,nói liên tục
rattle on,nói liên tục
rattle through,lăn lóc
raunch out,tán gẫu
ravel out,giải rối
ravin down,xuống dốc nhanh
raw deal,mất oan
ray of light,tia sáng
razz someone's berries,cười nhạo
reach down,giữ chặt
reach for,vươn tới
reach for the sky,vươn tới bầu trời
reach for the stars,vươn tới ước mơ
reach out,liên hệ
reach past,vượt qua
read across,đọc lướt qua
read along,đọc theo
read between the lines,đọc hiểu ý ngầm
read for,đọc cho
read in,đọc thành tiếng
read into,đọc kỹ
read lips,đọc môi
read minds,đọc suy nghĩ
read my lips,Hãy nhìn vào môi tôi
read off,đọc to
read oneself in,tham gia
read out,đọc to
read over,đọc lại
read somebody's mind,đọc được suy nghĩ của ai đó
read someone to filth,chỉ trích ai đó rất gay gắt
read someone's lips,đọc môi
read someone's mind,đọc được suy nghĩ của ai đó
read the car,đọc biển số xe
read the green,đọc màu xanh
read the room,Đọc tình huống
read through,đọc kỹ
read up,đọc kỹ
reading is tech,đọc là công nghệ
ready and waiting,sẵn sàng và chờ đợi
ready as Freddy,sẵn sàng
ready or not,sẵn sàng hay chưa
ready to roll,sẵn sàng bắt đầu
ready up,sẵn sàng
real deal,chính xác
real live,sống thật
real McCoy,hàng thật
real men don't eat quiche,Đàn ông thực thụ không ăn bánh quiche
real quick,rất nhanh
reality check,kiểm tra thực tế
reality distortion field,trường nhiễu loạn thực tế
ream out,mắng chửi
reap the harvest,thu hoạch
reap the whirlwind,gặt phải quả đắng
rear back,ngả ra sau
rear its head,xuất hiện
rear its ugly head,xuất hiện một cách đáng ghê tởm
rear one's head,lộ diện
rear up,nhảy lên
reason out,suy luận
reason with,thuyết phục
rebound relationship,mối quan hệ nối lại
recipe for disaster,công thức thất bại
reckon for,tính đến
reckon on,dự đoán
reckon out,tính toán
reckon up,tính toán
reckon upon,dựa vào
reckon with,đối phó với
reckon without,không tính đến
reckon without one's host,đánh giá sai tình hình
reclaim one's time,lấy lại thời gian
record book,sổ ghi chép
recursively enumerable,liệt kê được một cách đệ quy
Red Baron,Quân tử đỏ
red face test,kiểm tra đỏ mặt
red flag,cờ đỏ
red ink,mực đỏ
red letter day,ngày đáng nhớ
red light,đèn đỏ
red lives matter,Cuộc sống của người da màu cũng quan trọ…
red meat,thịt đỏ
red rider,người cưỡi ngựa đỏ
red tape,thủ tục rườm rà
red up,đọc kỹ
redd up,dọn dẹp
redeem oneself,chuộc lỗi
rediscover fire,khám phá lại lửa
reduce someone to tears,khiến ai đó khóc nức nở
reduce to,giảm xuống
reef and beef,rạn san hô và thịt bò
reel in,kéo lên
reel off,kể liên hồi
reel out,kéo dài
reel up,cuộn lại
reet pleat,nếp gấp
refer to,tham khảo
refiddle with,chỉnh sửa lại
reflect on,suy nghĩ về
reflect upon,suy nghĩ về
refresh someone's memory,nhắc lại cho ai đó
refrigerator mom,mẹ lạnh lùng
refrigerator mother,máy lạnh mẹ
regardless of,bất kể
reheat someone's nachos,hâm nóng món nachos
reign supreme,thống trị
rein in,kiểm soát
rein up,kéo lên
reinvent the wheel,tái phát minh ra bánh xe
relate to,liên quan đến
relative to,so với
relatively prime,nguyên tố cùng nhau
release the kraken,thả quái vật
rely on,dựa vào
rely upon,dựa vào
rem out,tạm biệt
remain to be seen,còn phải xem
remark on,nhận xét về
remark upon,bình luận về
remote in,xa xôi
rend one's garments,xé quần áo
render down,chưng cất
render off,tắt hiển thị
render unto Caesar,Hãy trả lại cho hoàng đế những gì thuộc …
rent out,cho thuê
rent-lowering gunshot,giảm giá thuê bắn súng
reopen old wounds,khơi lại vết thương cũ
repeat on,lặp lại
report back,báo cáo lại
report out,báo cáo
report to,báo cáo với
requiescant in pace,an nghỉ trong bình yên
requiescat in pace,nghỉ ngơi trong bình yên
res ipsa loquitur,Sự việc nói lên tất cả
reset the dial,thiết lập lại núm điều chỉnh
resonate with,cộng hưởng với
respice finem,Hãy nghĩ đến mục tiêu cuối cùng
rest and vest,nghỉ ngơi và áo khoác
rest assured,đừng lo lắng
rest easy,ngủ ngon giấc
rest his soul,an nghỉ hồn người
rest in peace,nghỉ ngơi yên bình
rest in pieces,nghỉ ngơi trong những mảnh vỡ
rest in piss,nghỉ ngơi trong nước tiểu
rest in power,nghỉ ngơi trong bình yên
rest on,nghỉ ngơi trên
rest on one's laurels,tự mãn
rest one's soul,nghỉ ngơi tâm hồn
rest up,nghỉ ngơi
rest upon,nằm trên
result in,dẫn đến
retain and explain,giữ lại và giải thích
retrace one's steps,quay lại đường đi cũ
return the favor,đáp lại ân tình
return to form,phục hồi phong độ
return to one's muttons,quay lại với những điều cơ bản
returns to scale,tỷ lệ hoàn vốn
rev up,tăng tốc
revenge is sweet,trả hận là một niềm vui
reverse charge,thuế ngược
reverse course,quay đầu lại
reverse Midas touch,nỗi ám ảnh về sự thất bại
reverse out,lui ra
revert back,quay lại
revolutions are not made with rosewater,Cách mạng không thể thực hiện bằng nước …
revolve around,xoay quanh
revolving door syndrome,hiện tượng luân chuyển nhân sự liên tục
rhyme off,vần điệu
rhyme or reason,lý lẽ
rhyme out,vần điệu
rhyme up,ghép vần
rice chaser,người chạy theo cơm
rice out,gạo ra
rich bitch,Con gái giàu có kiêu ngạo
rickle o' banes,lăn tít
rid of,loại bỏ
rid out,vượt qua
rid up,leo lên
ridden hard and put away wet,sử dụng quá mức và bỏ lại trong tình trạ…
riddle me this,Đố em một câu
riddle wrapped in an enigma,Câu đố được gói trong một bí ẩn
ride along,đi cùng
ride by,đi ngang qua
ride down,xuống dốc
ride down on,xuống dốc
ride fence,lưỡng lự
ride for,cưỡi ngựa cho
ride hard and put away wet,sử dụng hết công suất và bảo quản đúng c…
ride herd on,giám sát
ride high,tự cao
ride off,đi đi
ride off into the sunset,cưỡi ngựa về phía hoàng hôn
ride on,cưỡi
ride on a rail,đi trên đường ray
ride on the back of,ngồi trên lưng
ride one's bumper,bám đuôi
ride one's luck,liều lĩnh
ride out,vượt qua
ride over,đi qua
ride roughshod over,xúc phạm
ride shotgun,ngồi cạnh tài xế
ride tall in the saddle,ngồi thẳng trên lưng ngựa
ride the coattails,tận dụng thành công của người khác
ride the crest of the wave,tận hưởng thành công
ride the pine,ngồi dự bị
ride the rails,đi tàu
ride the short bus,đi xe đưa đón trẻ em khuyết tật
ride the tiger,cưỡi hổ
ride the wave,cưỡi sóng
ride up,nhô lên
ride up on,tiến đến
ride with,đi cùng
rien ne va plus,không còn gì để nói
rifle is fine,súng trường ổn
rig out,trang bị
rig up,chế tạo
right as rain,hoàn toàn ổn
right away,ngay lập tức
right back,ngay lập tức
right back at you,cũng vậy
right now,bây giờ
right of Genghis Khan,quyền của Thành Cát Tư Hãn
right off the bat,ngay lập tức
right on,chính xác
right out of the gate,ngay từ đầu
right up someone's alley,phù hợp với sở thích của ai đó
right you are,Bạn nói đúng rồi
rightly or wrongly,đúng hay sai
rile up,kích động
rim out,loại bỏ viền
ring a bell,quen thuộc
ring around,vòng quanh
ring back,gọi lại
ring down the curtain,kết thúc
ring false,giả
ring hollow,trống rỗng
ring in,chuông báo
ring of truth,sự thật
ring off,tắt máy
ring off the hook,bỏ điện thoại
ring one's bell,làm rung chuông
ring out,vang vọng
ring round,vòng quanh
ring someone's bell,gây ấn tượng với ai đó
ring sting,cắn
ring through,kết nối
ring true,thực tế
ring up,gọi điện thoại
ringside seat,ghế khán giả sát sàn đấu
rinse and repeat,xả lại và lặp lại
rinse down,xả sạch
rinse off,xả sạch
rinse out,xả sạch
rip along,chạy nhanh
rip apart,xé toạc
rip down,dỡ bỏ
rip into,chỉ trích gay gắt
rip it up,xé bỏ
rip off,lừa đảo
rip off the band-aid,bóc băng dính
rip off the bandage,bóc băng dính
rip on,cười nhạo
rip out,bóc
rip someone's head off,chặt đầu ai đó
rip to shreds,xé xác
rip up,xé
rip-snorting mad,giận dữ tột độ
ripe for the picking,dễ hái
ripe for the plucking,dễ hái
ripe old age,tuổi già an nhàn
ripen up,chín muồi
rise above,vượt lên trên
rise and fall,thăng trầm
rise and shine,thức dậy và bắt đầu ngày mới
rise from the ashes,phục hồi từ đống tro tàn
rise over run,độ dốc
rise to the challenge,vượt qua thử thách
rise to the occasion,vượt qua thử thách
rise to the purple,nổi tiếng
rise up,dâng lên
rise with the lark,thức dậy sớm như chim họa mi
risk creep,rủi ro tiềm ẩn
risk it for the biscuit,cược tất cả để đạt được mục tiêu
risk it to get the biscuit,cố gắng để đạt được mục tiêu
rivet counter,bộ đếm đinh tán
rizz up,tán tỉnh
roach coach,xe bán đồ ăn đường phố
roach out,cào
road hog,người lái xe cẩu thả
road less traveled,con đường ít người đi
road to Damascus,con đường đến Damas
roar ahead,vượt lên dẫn trước
roar away,xóa đi
roar back,phản công mạnh mẽ
roar off,bốc cháy
roar on,tiếp tục cổ vũ
roar out,gầm gừ
roast up,nướng
rob out,cướp
rob Peter to pay Paul,bán nhà trả nợ
rob the cradle,cướp côi
robber baron,ông trùm tham nhũng
Robert is your father's brother,Robert là anh trai của bố bạn
Robert is your mother's brother,Robert là anh trai của mẹ bạn
Robert is your uncle,Robert là chú của bạn
Robert's your father's brother,Robert là anh trai của bố bạn
Robert's your mother's brother,Bác Robert là anh của mẹ bạn
Robert's your uncle,Robert là chú của bạn
rock along,tiến về phía trước
rock and roll,nhạc rock and roll
rock bottom,đáy vực
rock hound,người sưu tầm đá
rock on,cứ làm đi
rock out,quẩy
rock out with one's cock out,quẩy hết mình không mặc quần
rock someone's socks,làm ai đó ngạc nhiên
rock the boat,gây rối
rock up,đến
rocket science,khoa học tên lửa
rocket scientist,nhà khoa học tên lửa
rocket surgery,phẫu thuật tên lửa
rocket up,phóng tên lửa
rocking horse shit,ngựa gỗ
rocking-horse shit,đồ chơi trẻ em
rocks for jocks,quần áo thể thao
rod for one's back,gậy cho lưng
rod in pickle,que trong dưa muối
roger that,nhận rõ
rogues' gallery,bộ sưu tập những kẻ xấu
rola bola,bóng tròn
roll about,cuộn tròn
roll around,cuộn tròn
roll away,cuộn lại
roll back,hoàn tác
roll back the years,quay ngược thời gian
roll down,hạ xuống
roll in,cuộn tròn
roll in the aisles,cười lăn lộn
roll in wealth,giàu có
roll of the dice,sự may rủi
roll off,trôi đi
roll off the tongue,dễ phát âm
roll on,tiến lên
roll one's eyes,làm bộ
roll one's own,tự cuốn
roll out,triển khai
roll out the red carpet,trải thảm đỏ
roll over,lật lại
roll tape,quấn băng
roll the pitch,cuộn đất
roll tide,Cứu lấy dòng nước
roll up,cuộn tròn
roll up on,đến
roll up one's sleeves,cuộn tay áo
roll up the sidewalks,cuộn lại vỉa hè
roll with,chấp nhận
roll with it,chấp nhận
rolled into one,kết hợp lại
rolling in it,giàu có
rolling stone,hòn đá lăn
Rome wasn't built in a day,Không có gì thành công được trong một ng…
Rome wasn't burned in a day,Không có gì thành công được trong một ng…
romp home,về đích một cách dễ dàng
roof over,mái che
roof over one's head,mái nhà che đầu
room for doubt,cơ hội nghi ngờ
room in,ở trong phòng
room of doom,phòng tử thần
root about,tìm hiểu về
root around,bới tung
root cause,nguyên nhân gốc rễ
root for,cổ vũ cho
root out,loại bỏ
root up,bứng rễ
rootin' tootin',hào hứng phấn khích
rooting interest,sự quan tâm ủng hộ
rope in,rút ra
rope into,kéo vào
rope of sand,cát trôi
rope off,cấm đường
rope out,kéo bằng dây
rope up,buộc dây
rose garden,vườn hoa hồng
rose-colored glasses,kính hồng
roster on,lên danh sách
rot away,hỏng
rot in hell,chết tiệt
rot off,thối rữa
rot through,phân hủy
rotten apple,quả táo thối
rotten egg,trứng thối
rough and ready,thô sơ và tiện dụng
rough around the edges,cẩu thả
rough justice,công lý thô thiển
rough out,phác thảo
rough patch,thời điểm khó khăn
rough sledding,khó khăn
rough sleeper,người vô gia cư
rough trot,chạy êm
rough up,làm xước
roughen up,làm cho thô ráp
round about,xung quanh
round and round,quay vòng
round down,làm tròn xuống
round in,vòng
round of applause,tiếng vỗ tay
round off,làm tròn
round on,chĩa mũi súng vào
round out,hoàn thiện
round the bend,rẽ cua
round the clock,cả ngày lẫn đêm
round the Horn,đi vòng qua mũi Horn
round the twist,kỳ quặc
round the wicket,ngoài tầm vọt
round to,làm tròn
round up,thu thập
round upon,quay lại
roving eye,mắt quan sát
row back,rút lại
row in the same boat,cùng chung số phận
row of pins,hàng chốt
row up,kéo lên
royal bumps,mụn nhọt hoàng gia
rub along,sống hòa thuận
rub away,chà đi
rub down,xoa bóp
rub elbows,giao lưu
rub in,xoa đều
rub it in,khoe khoang
rub off,làm mờ đi
rub off on,làm ảnh hưởng đến
rub one off,tự làm
rub one out,tự thủ dâm
rub one's hands together,xoa tay
rub oneself off,chà xát
rub out,xóa đi
rub salt in someone's wounds,thêm mặn vào vết thương
rub salt in the wound,thêm mặn vào vết thương
rub shoulders,giao lưu
rub shoulders with,giao lưu thân thiết
rub someone the wrong way,gây khó chịu cho ai đó
rub the fear of God into,gây sợ hãi
rub up,xoa bóp
rub up against,ma sát
rub up on,chà xát
rub up the wrong way,xoa ngược chiều
rubber hose,ống cao su
rubber johnny,búp bê cao su
rubber room,phòng cao su
rubber up,bôi trơn
ruby slippers,giày búp bê ruby
ruck up,xếp hàng
rue the day,hối hận
ruffle someone's feathers,khuấy động cảm xúc
ruffle up,xù lông
rug up,mặc ấm
rule in,áp dụng
rule of cool,quy tắc thú vị
rule of thumb,kinh nghiệm thực tế
rule off,hủy bỏ quy tắc
rule OK,quy tắc ổn
rule on,quy định về
rule out,loại trừ
rule the day,thống trị cả ngày
rule the roost,thống trị
rule the school,cầm quyền trong trường
rules are made to be broken,Luật lệ là để phá vỡ
rules are meant to be broken,Luật lệ là để phá vỡ
rules are rules,Luật là luật
rules are there to be broken,Luật lệ là để phá vỡ
rules is rules,quy tắc là quy tắc
rumble on,tiếp tục diễn ra
rumor campaign,chiến dịch tung tin đồn
rumor has it,người đồn rằng
rumor mill,tin đồn
rumour has it,người ta đồn rằng
rump and stump,đuôi và gốc
rumple up,nhăn nhúm
run a mile,chạy một dặm
run a risk,chịu rủi ro
run a temperature,sốt
run about,chạy xung quanh
run about with,chạy xung quanh với
run across,gặp
run afoul of,vi phạm
run after,chạy theo
run against,ứng cử viên đối lập
run ahead,chạy trước
run along,chạy đi
run amok,phá hoảng
run and gun,chiến thuật đánh nhanh gọn
run around,chạy xung quanh
run around after,chạy theo
run around in circles,chạy vòng vòng
run around with,chạy xung quanh với
run at,chạy với
run at the mouth,nói nhiều
run away,bỏ trốn
run away from,bỏ chạy
run away together,bỏ trốn cùng nhau
run away with,bỏ trốn
run back,chạy về sau
run before,chạy trước
run behind,chậm hơn
run by,do bởi
run down,hết pin
run down the clock,kéo dài thời gian
run for it,chạy đi
run for one's life,chạy trốn vì cứu mạng
run for one's money,cạnh tranh hết mình
run for the hills,chạy trốn
run for the roses,cố gắng giành chiến thắng
run high,cao
run hot and cold,thay đổi thất thường
run in,chạy vào
run in the family,di truyền
run in with,gây ấn tượng tốt với
run into,gặp
run into a brick wall,đối mặt với một bức tường gạch
run into one,gặp
run into the ground,kiệt sức
run it up,tăng tốc
run its course,kết thúc
run late,trễ giờ
run like hell,chạy thật nhanh
run of play,diễn biến
run off,bỏ trốn
run off at the mouth,nói nhiều
run off on,bỏ trốn
run off with,bỏ trốn cùng
run on,hoạt động
run on empty,chạy hết xăng
run one on,chạy một cái
run one's name,đăng ký tham gia
run out,hết
run out of steam,mệt mỏi
run out of town,bỏ trốn khỏi thành phố
run out on,bỏ rơi
run out the clock,cố gắng kéo dài thời gian
run over,chạy qua
run past,chạy qua
run rampant,phát triển mạnh mẽ
run rings around,vượt trội hơn
run riot,phá hoại
run round in circles,chạy vòng vòng
run scared,chạy trốn sợ hãi
run someone off their feet,kiệt sức
run someone ragged,kiệt sức
run someone's file,xử lý hồ sơ của ai đó
run something up the flagpole,đề xuất một ý tưởng
run the clock down,kéo dài thời gian
run the gamut,bao trùm mọi phạm vi
run the gauntlet,vượt qua thử thách
run the rule over,xét duyệt
run the show,điều khiển mọi thứ
run through,xuyên qua
run through the garden,chạy qua vườn
run to,chạy đến
run to earth,kiệt sức
run up,chạy lên
run up against,gặp phải
run up in,xâm nhập
run up in it,xâm phạm
run up on,xâm lược
run wild,chạy tự do
run with,chạy cùng với
run with scissors,chạy với kéo
runners and riders,người tham gia và người được đề cử
running and racing,chạy bộ và thi chạy
running start,khởi động nhanh
running target,mục tiêu chạy
runt of the litter,con nhỏ nhất trong đàn
rush hour,giờ cao điểm
rush in,xông vào
rush off,vội vã đi
rush one's fences,xây hàng rào nhanh chóng
rush out,chạy ra
rush to judgement,vội vàng kết luận
Russian roulette,Trò chơi tử thần
rust off,bỏ rỉ
rust out,bị rỉ sét
rust through,bị rỉ sét
rustle up,chuẩn bị nhanh chóng
sac up,cất giữ
sack drill,tập luyện với bóng
sack of crap,đồ rác
sack off,sa thải
sack out,ngủ
sack up,can đảm
sacked out,ngủ say
sacred cow,bò thần thánh
sad drunk,buồn say
sad panda,gấu trúc buồn
sadden up,làm buồn
saddle tramp,người đi bộ đường dài
saddle up,cưỡi ngựa
saddle with,gánh nặng
safe and sound,an toàn và khỏe mạnh
safe in the knowledge,an tâm vì biết rằng
safety in numbers,an toàn khi có nhiều người
sag bag,túi xách
sag off,thất bại
sage on a stage,người thông thái trên sân khấu
sage on the stage,người thầy thông thái
said and done,đã nói và đã làm
said no one ever,chưa ai từng nói
said the actress to the bishop,nữ diễn viên nói với giám mục
said the bishop to the actress,Giáo phận nói với nữ diễn viên
said the thing,nói điều đó
sail the high seas,khám phá đại dương
sail the Red Sea,đi thuyền trên Biển Đỏ
sail through,vượt qua dễ dàng
sail under false colors,giả vờ
salaam alaikum,Chào bạn
salad days,những ngày tươi đẹp
salad year,năm rau
salami slicing,cắt xúc xích
sally forth,tấn công
salt away,cất giữ muối
salt down,xông muối
salt in the wound,thêm muối vào vết thương
salt of the earth,những người tốt bụng lương thiện
salt out,kết tủa
salt the earth,phá hủy hoàn toàn
salt up,thêm muối vào
salty tooth,thèm mặn
same boat,cùng hoàn cảnh
same difference,cũng không khác biệt
same here,tương tự
same old,cũ như thường
same old story,câu chuyện cũ rĩ
same same but different,giống giống nhưng khác khác
same to you,cũng như bạn
sand down,chà nhám
sand off,chà nhám
saner heads prevail,sự tỉnh táo chiến thắng
saner heads prevailed,Lý trí đã chiến thắng
saner heads will prevail,sẽ có những người lý trí hơn đưa ra quyế…
sans nombre,không số
Santa's workshop,Xưởng của ông già Noel
satanic panic,sự hoảng loạn vì quỷ dữ
Satyameva Jayate,Sự thật luôn chiến thắng
sauce for the goose,cái cần thiết cho vịt cũng cần cho ngỗng
sauce up,nêm gia vị
saute up,xào
sauté up,xào
save as,lưu thành
save back,lưu lại
save by the bell,cứu nguy phút cuối
save down,lưu lại
save face,giữ thể diện
save for,tiết kiệm cho
save for a rainy day,tiết kiệm cho những lúc khó khăn
save it,lưu lại
save one's breath,tiết kiệm sức lực
save over,ghi đè
save someone's face,giữ thể diện cho ai đó
save someone's life,cứu sống ai đó
save something for a rainy day,giữ lại để dùng lúc cần
save that,lưu lại
save the best for last,giữ lại những điều tốt đẹp nhất cho cuối…
save the day,cứu nguy
save the drama for your mama,Hãy để những chuyện rắc rối đó cho mẹ bạ…
save the drama for your momma,Hãy để những chuyện rắc rối đó cho mẹ bạ…
save the furniture,bảo vệ đồ đạc
save up,tiết kiệm
saved by the bell,cứu chuông
savor of,hương vị
savour of,hương vị
saw logs,cưa gỗ
saw off,cắt xẻ
saw wood,cưa gỗ
sawdust trail,đường gỗ bào
say again,nói lại
say cheese,cười đi
say goodbye,tạm biệt
say goodbye to something,tạm biệt
say grace,cầu nguyện
say hello to my little friend,Chào bạn nhỏ của tôi
say it ain't so,Đừng nói như vậy
say it all,nói hết mọi thứ
say la vee,nói dối
say less,im lặng
say no more,Đừng nói thêm gì nữa
say none,nói không gì cả
say nothing,im lặng
say on pay,trả tiền khi nói
say one's prayers,cầu nguyện
say someone's prayers,cầu nguyện
say that again,nói lại đi
say the quiet part loud,nói ra những điều thầm kín
say the word,nói từ đó
say to oneself,tự nói với mình
say uncle,chú
say what,nói gì
say what you like,nói những gì bạn muốn
say what you want,nói những gì bạn muốn
say what you will,nói đi
say when,nói khi nào
says me,nói tôi
says who,ai nói vậy
says you,nói bạn
scalding hot,nóng bỏng
scale back,thu hẹp
scale down,thu nhỏ
scale in,tỉ lệ
scale off,bóc lớp vảy
scale out,mở rộng
scale up,mở rộng
scales fall from someone's eyes,mở mắt
scantily clad,mặc hở
scare away,đuổi đi
scare into,đe dọa thành
scare off,đe dọa
scare someone to death,hù dọa đến mức chết khiếp
scare story,câu chuyện ma
scare straight,giáo dục lại
scare the life out of,sợ đến mức không còn thiết sống
scare the living daylights out of,hoảng sợ đến mức không còn thiết gì nữa
scare the pants off,hoảng sợ
scare up,kích thích
scared green,sợ xanh
scared shitless,hoảng sợ tột độ
scared to death,sợ chết
scarf and barf,khăn quàng cổ và nôn mửa
scarf down,ăn nhanh
scarf up,quấn khăn
scent out,ngửi ra
schizz out,rút lui
schmaltz up,làm quá lên
scholar and gentleman,học giả và quý ông
school of hard knocks,trường đời
schoolboy error,lỗi ngốc nghếch
Schrödinger's douchebag,Kẻ ngốc Schrödinger
science up,khoa học
scientia potentia est,tri thức là sức mạnh
scoff down,nhạo báng
scoff up,nhạo báng
scooch over,nhích sang
scoop in,múc vào
scoop up,vớt lên
scoot over,nhích sang một chút
scoot up,nhanh lên
scope in,phạm vi
scope out,khảo sát
scorch up,cháy xém
score off,ghi điểm
score on oneself,tự đánh giá
score out,bỏ trống
score through,xuyên qua
score up,tăng điểm
scot and lot,cô gái và lô hàng
Scotch mist,Sương mù Scotland
scour down,cọ sạch
scour out,cạo sạch
scour up,lau sạch
scout out,khảo sát
scramble up,leo trèo
scrape along,cố gắng kiếm sống
scrape by,vật lộn kiếm sống
scrape down,cạo sạch
scrape off,cạo bỏ
scrape someone off the ceiling,cào người khỏi trần nhà
scrape the bottom of the barrel,vắt kiệt
scrape through,vượt qua khó khăn
scrape together,gom góp
scrape up,thu gom
scratch an itch,gãi ngứa
scratch beneath the surface,khám phá sâu hơn
scratch by,bằng cách cào
scratch one's head,gãi đầu
scratch one's own itch,tự giải quyết vấn đề
scratch out,xóa
scratch that,bỏ đi
scratch the itch,ngứa ngáy
scratch the surface,chạm vào bề mặt
scratch together,gom góp
scratch up,cào xước
scrawl down,viết vội
scrawl off,viết nguệch ngoạc
scrawl out,viết nguệch ngoạc
scrawl up,viết nguệch ngoạc
scream bloody murder,hét lớn như điên
scream for,kêu la cho
scream loudest,hét lớn nhất
scream one's head off,hét lớn
screaming trots,chạy nước rút
screech out,kêu the thé
screen door on a submarine,cửa chắn
screen in,màn hình
screen off,tắt màn hình
screen out,loại bỏ
screw about,lo lắng
screw around,tinh nghịch
screw back,vặn lại
screw it,thôi bỏ đi
screw off,đi đi
screw over,lừa gạt
screw the pooch,đấm chết con chó
screw this,chán quá
screw this for a lark,bỏ đi cho vui
screw up,phá hoại
screw with,gây rắc rối cho
screw you,Đồ bỏ đi
screwed up,làm hỏng
scribble down,ghi nhanh
Scrimblo Bimblo,Không rõ nghĩa
scrimp and save,tiết kiệm
scrimp together,tiết kiệm từng chút
script out,viết kịch bản
scrounge down,cúi xuống
scrounge out,cố gắng tìm kiếm
scrounge up,vắt óc nghĩ ra
scrub down,lau chùi
scrub in,rửa tay
scrub out,cọ sạch
scrub up,rửa tay
scrum up,tập hợp lại
scrump up,nhăn nhúm
scrunch up,nhăn lại
scuff up,trầy xước
scum of the earth,rác rưởi
scummy mummy,mẹ bẩn
scurry away,chạy trốn nhanh chóng
scuzz up,làm bẩn
scythe down,cắt bằng liềm
sea change,sự thay đổi lớn
sea legs,sự quen với sóng biển
sea load,hàng hóa đường biển
seagull approach,tiếp cận của chim nhạn
seagull manager,quản lý chim nhàn
seal in,niêm phong
seal off,đóng kín
seal the deal,chốt thỏa thuận
seal up,niêm phong
search for,tìm kiếm
search me,hỏi tôi
search out,tìm kiếm
search up,tìm kiếm
season's greetings,chúc mừng năm mới
seat down,ngồi xuống
seat out,ngồi ra
second banana,người thứ hai
second childhood,thời niên thiếu lần thứ hai
second fiddle,vai phụ
second gear,số hai
second nature,tự nhiên
second string,dây thứ hai
second to none,tuyệt vời nhất
second Tuesday of the week,thứ Ba thứ hai của tuần
secretary spread,thư ký lan truyền
security by obscurity,bảo mật bằng sự che giấu
security through obscurity,bảo mật bằng sự che giấu
see a man,nhìn thấy một người đàn ông
see a man about a dog,gặp một người về việc liên quan đến chó
see a man about a horse,gặp một người về việc ngựa
see about,xem xét
see after,xem sau
see also,xem thêm
see an argument,thấy cãi nhau
see beyond,nhìn xa hơn
see daylight,thấy ánh sáng
see eye to eye,thống nhất quan điểm
see for oneself,tự mình xem
see how,xem như thế nào
see if I care,Tôi không quan tâm
see in,trong
see into,nhìn thấu
see into a millstone,nhìn vào đá mài
see Naples and die,thấy Naples rồi chết đi
see off,tiễn đưa
see one's way clear to,thấy rõ con đường phía trước
see oneself out,tự ra về
see out,xem ra
see over,nhìn thấy
see past,quá khứ
see red,giận dữ
see someone's etchings,xem tranh khắc của ai đó
see something green in one's eye,nhìn thấy màu xanh trong mắt
see stars,nhìn thấy sao
see the forest for the trees,nhìn thấy bức tranh toàn cảnh
see the light,nhìn thấy ánh sáng
see the light of day,xuất hiện
see the trees through the forest,nhìn thấy vấn đề cốt lõi
see the wood for the trees,nhìn không thấy toàn cảnh
see things,nhìn thấy
see through,thấy xuyên qua
see to,chăm sóc
see to it,chăm sóc
see what sticks,thử xem cái gì hiệu quả
see which way the cat jumps,xem mèo nhảy theo hướng nào
see with half an eye,nhìn lơ đãng
see yellow,thấy màu vàng
see you,tạm biệt
see you around,gặp lại sau
see you in hell,gặp lại ở địa ngục
see you later,tạm biệt
see you next Tuesday,Hẹn gặp lại vào thứ Ba tới
see you round,hẹn gặp lại
see you tomorrow,hẹn gặp lại ngày mai
see you when I see you,Gặp lại sau
seed down,gieo hạt
seeing as,vì
seeing is believing,Thấy mới tin
seeing that,thấy rằng
seek and ye shall find,ai tìm được
seek for,tìm kiếm
seek out,tìm kiếm
seismic shift,thay đổi lớn
seize on,tận dụng
seize out,cầm giữ
seize the day,tận hưởng cuộc sống
seize the opportunity,chớp cơ hội
seize up,đơ
seize upon,chớp lấy
select out,chọn ra
selectively mute,tắt tiếng có chọn lọc
self-check out,tự thanh toán
self-praise is no recommendation,Lời tự khen không phải là lời giới thiệu
sell away,bán đi
sell bargains,bán hàng giảm giá
sell dearly,bán đắt
sell down,bán dần
sell down the river,bán rẻ
sell ice to Eskimos,bán băng cho người Eskimo
sell in May,bán vào tháng 5
sell in May and go away,bán tháng 5 rồi đi nghỉ
sell in May and stay away,bán tháng 5 và tránh xa
sell in May then go away,bán tháng 5 rồi đi nghỉ
sell like hot cakes,bán rất chạy
sell off,bán hết
sell on,bán trên
sell one's body,bán thân
sell one's life dearly,sống chết không chịu khuất phục
sell one's own grandmother,bán cả mẹ ruột
sell one's soul,bán linh hồn
sell oneself short,đánh giá thấp bản thân
sell out,bán hết
sell out from under,lừa gạt
sell someone a bill of goods,lừa gạt ai đó
sell the family silver,bán bạc gia truyền
sell the pass,bán vé
sell up,bán hết
sell-by date,Ngày hết hạn sử dụng
seller's market,thị trường người bán có lợi
selling point,điểm nổi bật
semper fi,Luôn trung thành
Semper Gumby,Luôn luôn Gumby
semper idem,luôn luôn như vậy
semper ubi sub ubi,luôn luôn ở đâu dưới đâu
send a message,gửi tin nhắn
send around,gửi đi
send away,gửi đi
send away for,gửi đi
send back,gửi lại
send below,gửi bên dưới
send down,gửi xuống
send down for,gửi xuống
send for,gửi đi
send for a toss,gửi đi tung đồng xu
send forth,gửi đi
send in,gửi đi
send off,gửi đi
send on,gửi đi
send out,gửi đi
send out for,gửi đi
send shivers down someone's spine,gây ớn lạnh
send someone packing,đuổi người đi
send someone to the showers,đưa ai đó vào phòng tắm
send to Coventry,gửi đến Coventry
send to dorse,gửi cho dorse
send to the glue factory,gửi đến nhà máy sản xuất keo
send up,gửi lên
send word,gửi tin
sense of craft,cảm nhận về nghề thủ công
sensu lato,theo nghĩa rộng
sensu stricto,theo nghĩa hẹp
separate out,phân loại
separate the wheat from the chaff,tách riêng cái tốt với cái xấu
sequential analysis,phân tích theo trình tự
sequential reaction,phản ứng liên tiếp
servabo fidem,Tôi sẽ giữ lời
serve notice,thông báo
serve out,phục vụ
serve somebody right,đúng là công lý
serve someone right,đúng là công lý
serve the turn,đến lượt
serve time,chịu án
serve two masters,phục vụ hai chủ nhân
serve up,phục vụ
set a spell,đặt một thời gian
set aback,bất ngờ
set about,bắt đầu làm
set after,sau khi
set against,đặt đối lập với
set ahead,chỉnh nhanh
set apart,phân biệt
set aside,dành riêng
set back,trì hoãn
set by,được đặt bởi
set by the ears,nghe thấy rõ
set down,đặt xuống
set eyes on,nhìn thấy
set eyes on somebody,nhìn thấy ai đó
set eyes on something,nhìn thấy
set foot,đặt chân
set for life,ổn định cuộc sống
set forth,bày tỏ
set in,diễn ra
set in motion,khởi động
set in one's ways,khó thay đổi
set in stone,cố định
set of pipes,bộ ống
set of wheels,bộ bánh
set off,khởi hành
set on,đặt vào
set one's cap at,đặt mục tiêu
set one's hair on fire,cháy tóc
set one's heart on,mong muốn sâu sắc
set one's shoulder to the wheel,cố gắng hết sức
set one's sights on,nhắm đến
set one's watch back,quay đồng hồ lùi lại
set one's watch by someone,so sánh đồng hồ với của ai đó
set onto,đặt lên
set out,khởi hành
set out one's stall,bày bán
set over,đặt trên
set pulses racing,kích thích tim đập nhanh
set store by,coi trọng
set straight,sửa sai
set the bar,đặt tiêu chuẩn
set the pace,đi trước
set the record straight,làm rõ sự thật
set the scene,thiết lập bối cảnh
set the scene for something,chuẩn bị cho điều gì đó
set the stage,chuẩn bị sẵn sàng
set the Thames on fire,gây ra một sự kiện lớn
set the wheels in motion,khởi động
set the world on fire,gây chấn động thế giới
set to,đặt thành
set to work,bắt đầu làm việc
set up,thiết lập
set up one's staff,thiết lập đội ngũ nhân viên
set up shop,mở cửa hàng
set up to oneself,chuẩn bị cho bản thân
set upon,tấn công
set with,đi kèm với
settle a score,thanh toán nợ
settle down,an toàn
settle for,chấp nhận
settle in,ổn định
settle into,ổn định
settle on,chọn
settle one's account,xử lý xong mọi việc
settle someone's hash,giải quyết vấn đề cho ai đó
settle up,thanh toán
settle upon,quyết định
settle with,thỏa thuận với
seven come eleven,bảy đến mười một
seven out,bảy điểm
sew buttons,may cúc
sew up,khâu lại
sex in,trong quan hệ tình dục
sex machine,máy tình dục
sex on legs,tình dục
sex pact,thỏa thuận tình dục
sex sells,tình dục bán hàng
sex talk,chuyện tình dục
sex up,nóng bỏng
sexual congress,quan hệ tình dục
sexual relation,quan hệ tình dục
sexual relations,quan hệ tình dục
sexual tension,sự căng thẳng tình dục
sexually anorexic,ăn kiêng vì lý do tình dục
sexually mature,chín chắn về sinh lý
sexy up,kích thích tình dục
Shabbat shalom,Chúc mừng ngày nghỉ lễ Sabbath
shack up,chung sống
shacked up,ở chung
shade up,tô bóng
shadow of one's former self,bóng dáng của một người đã từng như vậy
shagging wagon,xe chở lông
shake a leg,mau lên
shake a stick at,cằn nhằn
shake and bake,nướng giòn
shake down,khuấy động
shake it up,thay đổi
shake like a leaf,run rẩy
shake off,lắc đi
shake on it,chắc chắn rồi
shake out,lắc ra
shake over,lắc qua
shake the pagoda tree,lắc cây chùa
shake the plum tree,lắc cây mận
shake together,trộn đều
shake up,thay đổi đột ngột
shallow brooks are noisy,Các con suối nhỏ chảy êm ồn ào
sham Abraham,Giả mạo Abraham
shame on me,Tôi thật là đáng xấu hổ
shame on you,thật đáng xấu hổ
shame upon me,Tôi thật là hổ thẹn
shanks' mare,con ngựa của Shanks
shanks' nag,con ngựa của Shanks
shanks' pony,con ngựa của Shanks
shape for,dạng
shape or form,hình dạng
shape up,cải thiện
shape up or ship out,cải thiện hoặc ra đi
share and share alike,chia sẻ và giúp đỡ lẫn nhau
share in,chia sẻ trong
share out,chia sẻ
share up,chia sẻ lên
shared joy is double joy,Niềm vui được chia sẻ là niềm vui nhân đ…
shared sorrow is half sorrow,Nỗi buồn chung bớt đi một nửa
sharing is caring,chia sẻ là thể hiện sự quan tâm
shark bait,mồi nhử cá mập
shark up,tăng tốc
sharp cookie,bánh quy giòn
sharp elbows,khuỷu tay nhọn
sharp tongue,mồm miệng cay độc
sharpen up,làm sắc bén
shatter the ice,phá vỡ băng
shave down,cạo trọc
shave off,cạo bỏ
shave up,cạo râu
shavua tov,chúc may mắn
she'll be apples,Cô ấy sẽ rất vui
she'll be right,mọi chuyện sẽ ổn thôi
she's apples,cô ấy là người tốt
she's the cat's mother,bà chủ của con mèo
sheathe the sword,đeo vỏ kiếm
shed a tear,khóc
shed blood,chảy máu
shed find,chỗ chứa đồ
shed light on something,làm rõ điều gì đó
shed light upon,làm sáng tỏ
shed out,rụng
shell out,chi trả
shew forth,khai thác
shift about,di chuyển
shift and drift,chuyển động và trôi dạt
shift gears,chuyển số
shift in,sự thay đổi
shift off,nghỉ ca
shift out,thay ca
shift the dial,xê chuyển núm vặn
shilly and shally,do dự
shimmy on down,nhún nhảy xuống
shin out,lấp lánh
shine down on,chiếu xuống
shine down upon,chiếu rọi xuống
shine off,lấp lánh
shine on,tỏa sáng
shine through,lấp lánh
shine up,làm sáng bóng
shingle up,lợp ngói
ship and let ship,gửi và để gửi
ship out,gửi đi
ship over,vận chuyển qua
shirtsleeves to shirtsleeves in three generations,từ đời này sang đời khác vẫn nghèo
shit a brick,khủng khiếp
shit happens,đôi khi chuyện không như ý xảy ra
shit in someone's cereal,đút phân vào bát cháo của ai đó
shit in someone's Cheerios,phá đám
shit in someone's cornflakes,phá hoại kế hoạch của ai đó
shit it in,chúi vào
shit just got real,Mọi thứ trở nên căng thẳng
shit off,tắt
shit on,đá đểu
shit on toast,phấn bẩn trên bánh mì nướng
shit one's pants,ướt quần
shit or get off the can,cút đi
shit or get off the pot,Hãy quyết định đi
shit out,đại tiện
shit out of luck,xui xẻo
shit rolls downhill,Mọi thứ tồi tệ đều đổ xuống người dưới
shit sandwich,bánh mì phân
shit stain,vết bẩn phân
shit sticks,que tăm
shit the bed,ngạc nhiên
shit up,dọn dẹp
shit upon,đểu
shit with,cùng với
shit-eating grin,cười gian
shitting match,cuộc thi đấu tranh giành vị trí
Shitty Kitty,Mèo dở hơi
shiver me timbers,ôi trời ơi
shock to the system,sốc đến hệ thống
shoe up,đi giày
shome mishtake shurely,chắc chắn có nhầm lẫn
shoo away,đuổi đi
shoo off,đuổi đi
shoot 'em up,game bắn súng
shoot around,nói chuyện
shoot back,bắn trả đũa
shoot down,phá hủy
shoot first and ask questions later,bắn trước rồi mới hỏi
shoot from the lip,nói bừa
shoot holes,xé lỗ
shoot it out,xả súng
shoot off,bắn
shoot off at the mouth,nói nhiều
shoot one's bolt,cạn kiệt
shoot one's load,xả hết
shoot oneself in the foot,tự làm hại mình
shoot out,bắn ra
shoot the boots,chụp ảnh giày
shoot the breeze,tám chuyện
shoot the bull,nói chuyện phiếm
shoot the gold,bắn vàng
shoot the messenger,trách móc người đưa tin
shoot through,xuyên qua
shoot up,phun thuốc
shop around,so sánh giá
shore up,củng cố
short accounts make long friends,Những cuộc gặp gỡ ngắn ngủi có thể tạo n…
short down,rút ngắn
short end of the stick,phần thiệt thòi
short for,viết tắt
short fuse,dễ nổi nóng
short hairs,tóc ngắn
short leash,dây ngắn
short of,thiếu
short of a length,ngắn hơn
short on looks,không đẹp
short out,chập điện
short reckonings make long friends,Những hiểu lầm nhỏ tạo nên tình bạn lâu …
short strokes,những nét ngắn
short temper,Tính nóng nảy
shorten down,rút gọn
shorten up,rút gọn
shot across the bow,bắn qua mũi tàu
shot heard 'round the world,tiếng súng vang vọng khắp thế giới
shot heard round the world,tiếng súng vang vọng khắp thế giới
shot in the dark,bắn đại
shotgun approach,phương pháp thử nhiều
shotgun wedding,đám cưới vì bầu bí
shots fired,bắn súng
should see the other guy,nên xem người kia
should've would've could've,nên đã thì đã có thể đã
shoulder to cry on,vai vỗ về
shoulder to shoulder,vai kề vai
shout down,ngừng hoạt động
shout fire in a crowded theater,kêu hoảng loạn trong một nơi đông người
shout out,khen ngợi
shove about,xô đẩy
shove around,xô đẩy
shove down,đẩy xuống
shove it up your ass,Đút vào mông của bạn
shove off,đi đi
shove on,tiếp tục đi
shove over,xích sát
shove something down someone's throat,nhét thứ gì đó vào miệng ai đó
shove up,đẩy lên
shovel out,đào
shovel up,đào
show a clean pair of heels,chạy trốn
show a leg,khoe chân
show ankle,khoe mắt cá chân
show around,dẫn đi tham quan
show away,ra mắt
show colour,hiện màu
show don't tell,hãy cho thấy đừng kể
show down,đấu tay đôi
show forth,thể hiện
show in,hiện
show off,khoe khoang
show one's ass,khoe mông
show one's butt,khoe mông
show one's cards,bộc lộ kế hoạch
show one's teeth,khoe răng
show one's true colors,bộc lộ bản chất thật
show one's true stripes,bộc lộ bản chất thật
show out,khoe khoang
show pony,ngựa biểu diễn
show round,tham quan
show someone a good time,cho ai một khoảng thời gian vui vẻ
show someone a thing or two,dạy ai đó một vài điều
show someone one's etchings,cho ai đó xem tranh khắc của bạn
show someone the door,tiễn khách ra cửa
show the flag,cho xem cờ
show up,xuất hiện
show who's boss,cho mọi người thấy ai mới là chủ
shower down,mưa rào
shower of shit,mưa phân
shower of shite,mưa rác
shower thought,suy nghĩ chợt lóe
shower up,tắm rửa
shower with,tắm với
shrimp up,tôm sú
shrink away,rụt rè
shrink back,rụt rè
shrink down,thu nhỏ lại
shrink up,co rút
shrinking violet,người nhút nhát
shrivel up,teong lại
shrub out,cắt tỉa cây bụi
shrub up,làm cho tươi tốt
shrug off,lờ đi
shuck down,cởi quần áo
shuck off,gỡ bỏ
shucky ducky,ồ ồ
shuffle off,ra đi
shuffle off this mortal coil,ra đi
shurely shome mishtake,chắc chắn có sự nhầm lẫn
shut away,giam giữ
shut down,tắt
shut in,khóa cửa
shut it,im lặng đi
shut my mouth,im lặng
shut of,tắt
shut off,tắt
shut one's eyes,nhắm mắt
shut one's face,im lặng
shut one's gob,im lặng
shut one's mouth,im lặng
shut one's trap,im lặng đi
shut out,loại trừ
shut the fridge,đóng tủ lạnh
shut the front door,Ôi trời ơi
shut up,Im đi
shut up and take my money,Im lặng và lấy tiền của tôi
shy away,e ngại
shy away from,tránh né
shy bairns get noot,Trẻ con nhút nhát không được gì
shy bairns get nowt,Những đứa trẻ nhút nhát sẽ chẳng nhận đư…
shy bladder,bàng quang co rút vô thức
sic passim,xuyên suốt
sic pro,vì lẽ đó
sic semper tyrannis,Luôn luôn như vậy đối với những kẻ độc t…
sick and tired,chán ngấy
sick as a parrot,ốm rất nặng
sick at heart,buồn bã trong lòng
sick list,danh sách bệnh nhân
sick man,người bệnh
sick person,người bệnh
sick puppy,chú chó bị ốm
sick to the back teeth,ngán ngẩm
sick up,nôn
sickly sweet,ngọt quá mức
side against,chống lại
side issue,vấn đề phụ
side out,bên ngoài
side part,chân tóc
side with,ủng hộ
sides reversed is,đảo ngược hai bên
sieve out,lọc ra
sift out,lọc ra
sift through,sàng lọc
sig. fig.,chữ số có nghĩa
sigh of relief,thở phào
sight for sore eyes,cứu tinh
sight in,trong tầm nhìn
sight to behold,cảnh đẹp đáng chiêm ngưỡng
sight unseen,chưa thấy
sign away,ký kết
sign in,đăng nhập
sign into,đăng nhập
sign of the times,dấu hiệu của thời đại
sign off,kết thúc
sign on,ký tên
sign on the dotted line,ký vào chỗ có dấu chấm
sign onto,ký vào
sign out,đăng xuất
sign over,chuyển nhượng
sign up,đăng ký
silence is consent,Sự im lặng đồng nghĩa với sự đồng ý
silence is golden,im lặng là vàng
silence is oppression,Sự im lặng là áp bức
silence is violence,Sự im lặng là bạo lực
silent as the grave,câm như thóc
silent killer,kẻ giết người thầm lặng
silky smooth,mượt mà như lụa
silly me,ngốc nghếch quá
silly money,tiền ngu
silly season,mùa hè sôi động
silt up,bồi lắng
silver handshake,bắt tay thân thiện
silver plate,bạc mạ
silver screen,màn bạc
silver sheet,bạc tấm
silver spoon,thìa bạc
silver tongue,lời nói ngọt ngào
simmer down,hạ nhiệt
simmer up,nấu nhỏ lửa
Simon says,Simon bảo
simper out,cười mỉ
simple as a pimple,đơn giản như ăn kẹo
simple as kiss your hand,dễ như vuốt tay
simplicity itself,đơn giản vô cùng
simply connected,liên thông đơn giản
sin tax,thuế đánh vào các sản phẩm gây hại
since Adam was a boy,từ khi Adam còn là một cậu bé
since Adam was an oakum boy,từ khi Adam còn là một người dọn dẹp
since God was a boy,từ khi Chúa còn là một cậu bé
since Hector was a pup,từ khi Hector còn là một chú chó con
since Skippy was a pup,từ khi Skippy còn là một chú chó con
sing a different tune,hát một bài khác
sing along,hát theo
sing for one's supper,hát để kiếm ăn
sing from the same hymnbook,hát cùng một bài thánh ca
sing like a bird,hát như chim
sing off the same hymn sheet,cùng một ý tưởng
sing out,hát lớn
sing small,hát nhỏ
sing soprano,hát giọng soprano
sing the praises of,ca ngợi
sing the same tune,hát cùng một giai điệu
sing up,đăng ký
singe one's wings,làm cháy lông cánh
singing soprano,Giọng soprano
single and ready to mingle,Độc thân và sẵn sàng tìm kiếm bạn đời
single as a Pringle,ế
single out,chọn ra
single up,độc thân
singly even,riêng lẻ thậm chí
singuli in solidum,riêng lẻ
sink in,ngấm vào
sink into,chìm vào
sink of iniquity,ổ rác
sink one's teeth into something,đắm mình vào
sink or swim,thành công hoặc thất bại
sinking ship,con tàu chìm
siphon the python,hút xi phông con rắn hổ mang
siren song,tiếng gọi của nàng tiên cá
sister from another mister,chị em thân thiết không phải ruột thịt
sisters before misters,chị em gái trước đàn ông
sit about,ngồi xung quanh
sit around,ngồi xung quanh
sit back,ngồi thư giãn
sit by,ngồi cạnh
sit down,ngồi xuống
sit for,ngồi cho
sit in,ngồi vào
sit in for,thay thế
sit in on,tham gia buổi họp
sit in with,tham gia cùng
sit off,ngồi xuống
sit on,ngồi lên
sit on a tack,ngồi lên đinh
sit on it,ngồi lên nó
sit on one's ass,ngồi ỳ
sit on one's hands,ngồi khoanh tay
sit on the fence,do dự
sit one's ass down,ngồi xuống đi
sit out,ngồi ngoài
sit over,ngồi trên
sit right,ngồi đúng cách
sit still,ngồi yên
sit through,chịu đựng
sit tight,chờ đợi
sit under,ngồi dưới
sit up,ngồi dậy
sit up with,ngồi dậy
sit upon,ngồi lên
sit well,ngồi thoải mái
sit with,ngồi cùng
sitting duck,con vịt ngồi yên
sitting pretty,thư thái
six and two threes,sáu và hai lần ba
six feet deep,sáu thước sâu
six feet under,chôn sâu dưới đất
six of the best,tốt nhất trong số sáu
six ways to Sunday,rất lâu
six-pack of rolls,sáu cái bánh cuộn
size down,nhỏ hơn một cỡ
size matters,kích thước quan trọng
size queen,cỡ lớn
size up,đánh giá
skank up,đi đứng không đúng tư thế
skate around,trượt
skate by,vượt qua
skate on,trượt
skate on thin ice,đi trên băng mỏng
skate one's lane,tự do làm theo ý mình
skate over,trượt
skeeve out,làm cho ghê tởm
skeeze out,thoát ra
skeleton at the feast,xương ở bữa tiệc
skeleton crew,nhân viên tối thiểu
skeleton in the closet,bí mật đen tối
skeleton in the cupboard,bí mật đen tối
sketch out,phác thảo
ski-jump nose,cầu trượt tuyết
skibidi Ohio rizz,Tôi không biết
skill up,nâng cao kỹ năng
skim off,hớt váng
skim through,lướt qua
skimp and save,tiết kiệm
skin and bones,gầy trơ xương
skin and grin,cười tươi
skin back,lưng áo
skin in the game,chịu trách nhiệm
skin trade,buôn bán nội tạng
skin up,lên da
skinny down,giảm cân
skinny Liz,Liz gầy
skinny Minnie,mảnh mai
skinny out,gầy đi
skinny up,gầy đi
skip a beat,bỏ lỡ một nhịp
skip out,bỏ trốn
skip rope,nhảy dây
skirt around,né tránh
skirt chaser,người thích tán tỉnh phụ nữ
skittle out,làm phân tâm
skittles party,tiệc kẹo Skittles
skive off,trốn học
skunk at a garden party,con chồn ở bữa tiệc ngoài vườn
skunk up,phun mùi
skurry away,chạy trốn nhanh chóng
slack off,lười biếng
slack up,nới lỏng
slacken off,lười biếng
slag off,chê bai
slam back,đóng sập mạnh
slam down,đóng sập
slam dunk,ném bóng rổ vào rổ
slam out,hét lớn
slap and tickle,đánh và gãi
slap around,đánh
slap down,đánh mạnh
slap leather,đánh vào da
slap someone around,đánh ai đó
slap the salami,đánh vào xúc xích
slap together,chắp vá
slattern away,lười biếng
slava Ukraini,Vinh quang cho Ukraina
slave away,làm việc cật lực
slave to fashion,chịu ảnh hưởng bởi thời trang
sleep a wink,chợp mắt
sleep around,qua lại
sleep camel,bướu đê
sleep funny,ngủ khò khò
sleep in,ngủ nướng
sleep in heavenly peace,ngủ yên trong thanh bình
sleep in with,ngủ nướng với
sleep it out,ngủ cho hết bệnh
sleep off,ngủ say
sleep on,ngủ trên
sleep one off,ngủ bù
sleep out,ngủ ngoài trời
sleep over,ngủ lại
sleep rough,ngủ lang thang
sleep tight,ngủ ngon giấc
sleep together,ngủ chung
sleep with,ngủ với
sleep with the fishes,chìm xuống đáy biển
sleeping at the switch,ngủ gác
sleeping giant,người khổng lồ đang ngủ yên
sleeping policeman,cảnh sát giao thông ngủ gác
sleeveless errand,việc vặt không cần mặc áo có tay
sleeves from one's vest,tay áo của áo vest
slender reed,cỏ lúa
slice and dice,cắt thái
slice up,cắt lát
slick back,vuốt ngược
slick down,vuốt mượt
slick Rick,Rick Ross
slick up,làm bóng
slide into the DMs,nhắn tin riêng
slide off,trượt
slim down,giảm cân
slim jim,thịt viên
slime out,chảy ra
sling about,ném đi
sling along,kéo theo
sling for,dây địu
sling in,treo
sling it in,ném vào
sling off,ném đi
sling one up,nhấc lên
sling one's hook,nghỉ việc
sling out,ném đi
sling over,vắt qua
sling to,treo
sling up,treo lên
slings and arrows,thử thách và khó khăn
slip away,trượt đi
slip back,trượt về sau
slip by,thoát khỏi
slip down,trượt xuống
slip in,nhét vào
slip into,lọt vào
slip it to,gửi cho
slip of the keyboard,lỗi gõ
slip of the pen,lỗi chính tả
slip of the tongue,lỡ lời
slip off,trượt
slip one past,qua mặt
slip out,thoát ra
slip past,lách qua
slip someone's mind,quên
slip the cable,kéo dây
slip through,lọt qua
slip through the cracks,bỏ sót
slip under,lọt dưới
slip up,làm sai
slippery as an eel,trơn như cá trích
slit someone's throat,cắt tiết ai đó
slob about,nói linh tinh
slob around,lười biếng
slob out,lười biếng
slog away,cố gắng
slop bowl,bát ăn cháo
slop out,vệ sinh chuồng trại
slope off,dốc xuống
sloppy toppy,lộn xộn
slot in,ô trống
slough off,bóc
slow and steady wins the race,chậm mà chắc mới thành công
slow burn,âm ỉ
slow but sure wins the race,Chậm mà chắc mới thành công
slow down,chậm lại
slow in,chậm lại
slow march,diễu hành chậm
slow off,chậm lại
slow off the mark,chậm chạp
slow on the uptake,chậm hiểu
slow out,chậm ra
slow study,học chậm
slow up,chậm lại
slowed and throwed,chậm lại và ném
slower than molasses,chậm chạp hơn mật
sludge out,bùn cặn
slug away,đi đi
slug it out,giành chiến thắng bằng nỗ lực
slug out,thực hiện một cách chậm chạp
sluice out,xả nước
slump down,ngã xuống
slur over,làm nhòe
slurp up,hút ộc
slush up,tan chảy
slut it up,kết thúc
slut's wool,tóc rối
smack around,đánh
smack down,đánh mạnh
smack out,đánh mạnh
smack up,tát
small change,tiền lẻ
small dick energy,sức mạnh của người đàn ông yếu đuối
small fry,người tầm thường
small potatoes,không quan trọng
small print,chữ nhỏ
small rain lays great dust,Mưa nhỏ làm tan bụi lớn
small talk,chuyện trò thông thường
small wonder,không có gì đáng ngạc nhiên
small world,thế giới nhỏ bé
smart arse,kẻ láu cá
smart as a whip,thông minh như cáo
smart chance,cơ hội tốt
smart off,tắt thông minh
smarten up,học hành chăm chỉ
smash and dash,xâm lược và rút lui
smash down,phá hủy
smash hit,phát hành thành công
smash someone's face in,đấm vào mặt ai đó
smash someone's head,đập đầu ai đó
smash up,phá hủy
smear campaign,chiến dịch bôi nhọ
smell a fox,ngửi thấy cáo
smell a rat,ngửi thấy mùi chuột
smell blood,ngửi thấy mùi máu
smell fishy,có mùi tanh
smell like a rose,có mùi hoa hồng
smell like a tart's handbag,Mùi như túi xách của một gái mại dâm
smell of an oily rag,mùi của miếng vải dầu
smell of the lamp,mùi của đèn
smell of the shop,mùi của cửa hàng
smell one's own farts,ngửi chính phân của mình
smell out,ngửi ra
smell the barn,ngửi mùi chuồng
smell up,bốc mùi
smell what someone is stepping in,ngửi thấy mùi gì đó mà ai đó vừa dẫm vào
smells and bells,mùi hương và tiếng chuông
smile a thousand smiles,cười tươi rạng rỡ
smile from ear to ear,cười tươi rói
smite hip and thigh,đánh vào hông và đùi
smoke around,khói xung quanh
smoke like a chimney,bốc khói nghi ngút
smoke my pole,hút cần sa
smoke one's own dope,hút cần của mình
smoke out,bắt khẩn cấp
smoke signal,tín hiệu bằng khói
smoke the whole pack,hút hết cả gói thuốc
smoke up,hút thuốc
smoke-filled room,phòng đầy khói
smoking gun,bằng chứng không thể chối cãi
smoking ponies,những chú ngựa con đang hút thuốc
smooth away,làm mượt
smooth down,làm phẳng
smooth operator,người thao lược tài tình
smooth out,làm phẳng
smooth over,xoa dịu
smooth sailing,thuận lợi
smooth up,làm phẳng
smuggle past,lẩn trốn qua
snack down on,ăn vặt
snaffle up,săn lùng
snail's pace,tốc độ rùa bò
snake eyes,mắt ếch
snake oil,thuốc dỏm
snake out,rắn ra ngoài
snake up,leo lên như rắn
snap at,cằn cằn
snap at someone's heels,bám theo sau
snap back,quay lại
snap in,nhấp vào
snap it up,mua ngay
snap judgment,đánh giá vội vàng
snap of the fingers,nháy tay
snap out of,giác ngộ
snap someone's head off,mắng chửi ai đó
snap to,nhấp vào
snap to attention,ngẩng đầu dậy
snap trap,bẫy kẹp
snap up,săn lùng
snarl up,gây tắc nghẽn
snatch the pebble,giật lấy viên đá
snazz up,làm đẹp hơn
sneak around,lén lút
sneak in,lén vào
sneak out,lén ra ngoài
sneak past,lén lút vượt qua
sneak up,tiếp cận lén
sneaking suspicion,Nghi ngờ mơ hồ
sneaky beaky,xảo quyệt
sneaky Pete,kẻ lén lút
sneck posset,Tôi không biết
sneck up,lén lút đến gần
sneeze on the truth,hắt hơi lên sự thật
snick or snee,cắn nhẹ
sniff around,ngửi ngó
sniff out,ngửi ra
sniff up,hít ngửi
snipe hunt,bẫy chim cút
snitch up,tố cáo
snitches get stitches,Kẻ tố giác sẽ bị trả thù
snod up,cài đặt
snoop around,tò mò
snootle around,tò mò
snooze off,ngủ gật
snork down,lặn biển
snort up,hít lên
snot up,nghẹt mũi
snow down,tuyết rơi
snow in,ở trong tuyết
snow job,chiêu trò
snow on the mountaintop,tuyết trên đỉnh núi
snow on the rooftop,tuyết trên mái nhà
snow out,tuyết rơi
snow over,tuyết phủ
snow under,dưới tuyết
snow up,tuyết rơi dày
snowball effect,hiệu ứng quả bóng tuyết
snowball in hell,bóng tuyết ở địa ngục
snowball's chance in hell,cơ hội gần như không
snowed under,quá tải
snuff out,dập tắt
snug as a bug,ấm áp như ấm áp như một con côn trùng
snug down,ngủ ngon giấc
snuggle bunny,thỏ con dễ thương
snuggle up,ngấu nghiến
so and so,ai đó
so as to,để
so be it,thôi được
so crazy it just might work,điên rồ nhưng có thể hiệu quả
so crazy it might just work,điên rồ nhưng có thể hiệu quả
so far,cho đến nay
so far so bad,tệ hơn là tốt
so far so good,tới nay vẫn tốt
so help me,xin hãy giúp tôi
so help me Bob,xin hãy giúp tôi
so help me cat,xin thề
so help me God,Xin Chúa phù hộ
so help me tater,xin hãy giúp tôi
so help me tatur,xin hãy giúp tôi
so help my tater,giúp tôi với
so help you God,Xin Chúa phù hộ
so is life,cuộc sống là vậy
so it goes,thế là xong
so it seems,có vẻ như vậy
so long,tạm biệt
so long as,miễn là
so mote it be,Vậy là xong
so much for,thật là vô nghĩa
so much the better,càng tốt
so much the worse,càng tệ hơn
so much the worse for,thật tệ cho
so much win,chiến thắng quá nhiều
so there,ở đó
so they say,thường thì người ta nói vậy
soak away,hấp thụ
soak in,ngâm trong
soak up,hấp thụ
soaked to the skin,ướt sũng
soaking wet,ướt sũng
soap down,rửa bằng xà phòng
soap off,rửa xà phòng
soap up,làm ướt xà phòng
sob story,câu chuyện ủy ôi
sober down,bình tĩnh lại
sober up,lãnh cảm
social death,cái chết xã hội
social ladder,bậc thang xã hội
social lubricant,chất bôi trơn xã hội
sock away,cất giữ
sock in,vớ
sock into,nhét vào tất
sock it to,đánh bại
sod off,Biến đi
sod this for a lark,thử xem sao
soda jerk,người bán nước ngọt
soft kill,vô hiệu hóa
soft Mick,Mick hiền lành
soft sawder,nịnh bợ
soft shoe,giày mềm
soft spot,điểm yếu
soft touch,chạm nhẹ nhàng
soft underbelly,điểm yếu
soften someone's cough,làm dịu cơn ho
soften the blow,làm dịu đi nỗi đau
soften the ground,làm mềm đất
soften up,làm mềm
sold again and got the money,bán lại và nhận được tiền
soldier on,tiếp tục cố gắng
some mothers do have them,Một số người mẹ có những điều như vậy
some old,một vài thứ cũ
some people,một số người
some people have all the luck,Có những người may mắn quá
some pumpkins,một vài quả bí
some rights reserved,một số quyền được bảo lưu
somebody's in here,Có người ở đây
somebody's right-hand man,người cánh tay phải
somebody's right-hand woman,người phụ nữ thân cận nhất
someone's arse off,cố gắng hết sức
someone's ass off,cật lực
someone's butt off,cật lực
someone's cup of tea,món khoái khẩu
someone's face doesn't fit,không hợp với khuôn mặt
someone's goose is cooked,mọi thứ đã kết thúc
someone's headlights are on,Đèn pha của ai đó đang bật
someone's heart goes out,thương cảm
someone's heart is in,trong lòng ai đó có
someone's jaw dropped,ai đó há hốc mồm
someone's luck is in,may mắn đến với ai đó
someone's number is up,đến lúc của ai đó
someone's star falls,sự nghiệp sụp đổ
something awful,điều kinh khủng
something is better than nothing,Một chút vẫn hơn không
something is rotten in Denmark,Có điều gì đó không ổn ở Đan Mạch
something is up,có chuyện gì đó
something like,giống như
something tells one,có cảm giác
something to,cái gì đó cho
something's up,có chuyện gì đó
sometimes a cigar is a cigar,đôi khi một điếu xì gà chỉ là một điếu x…
somewhere along the line,ở đâu đó trên con đường
somewhere over the rainbow,ở đâu đó trên cầu vồng
son of Adam,con trai của Adam
son of the morning,con của buổi sáng
song and dance,hát và nhảy
sooner or later,sớm muộn gì cũng
sop up,hút
sore boob means more boob,ngực to
sore point,điểm nhạy cảm
sorry I'm late,xin lỗi vì đến muộn
sorry not sorry,xin lỗi nhưng không hối lỗi
sort oneself out,sắp xếp mọi thứ
sort out,sắp xếp
sort through,sắp xếp
sound as a pound,nghe như một cân
sound asleep,ngủ say
sound mind,tâm trí minh mẫn
sound off,báo cáo
sound out,phát âm
sounds about white,nghe như màu trắng
sounds good,nghe hay
sounds like a plan,Nghe có vẻ ổn
soup sandwich,bánh mì súp
soup to nuts,từ đầu đến cuối
soup up,nâng cấp
soup's on,Canh đã sẵn sàng
sour grapes,quả nho chua
sour note,nốt nhạc đắng
sour on,cay
sour stomach,đau bụng
sour tooth,đau răng
sow dragon's teeth,gieo răng rồng
sow one's wild oats,thỏa mãn ham muốn tuổi trẻ
sow the seeds of,gieo trồng hạt giống
soy out,tôi đi
sp. nov.,loài mới
space case,dấu cách
space out,phân bổ
spaghetti up,mắc kẹt
spank out,đánh mông
spank the monkey,đánh vào mông
spank you,đánh bạn
spank you very much,cảm ơn bạn rất nhiều
spanner in the works,rào cản
spare no effort,dốc hết tâm sức
spare someone the details,tiết kiệm cho ai đó những chi tiết
spare someone's blushes,giúp ai đó tránh cảm giác ngượng ngùng
spark off,khơi mào
spark out,tắt
spark spread,lan tỏa
spark up,bật lửa
sparkle up,làm cho lấp lánh
sparks fly,tia lửa bắn ra
spaz out,hoảng loạn
spazz out,khùng lên
speak down to,nói xuống giọng
speak for,nói thay
speak for oneself,nói lên tiếng nói của chính mình
speak in circles,nói lan man
speak of,nói về
speak of the devil,đã nói đến quỷ thì quỷ nó hiện
speak one's mind,nói thẳng nói thật
speak out,nói ra
speak someone's language,nói tiếng của ai đó
speak to,nói chuyện với
speak up,nói rõ hơn
speak with a forked tongue,nói dối trá
spear carrier,người khiêng giáo
spec out,xác định thông số
spec up,cụ thể hóa yêu cầu
special delivery,giao hàng đặc biệt
special military operation,hoạt động quân sự đặc biệt
special needs,trẻ khuyết tật
special relationship,mối quan hệ đặc biệt
special treatment,chăm sóc đặc biệt
specialty crop,cây trồng đặc sản
spectator sport,môn thể thao có khán giả
speed merchant,tay lái lụa
speed up,tăng tốc
Speedy Gonzales,Gonzales siêu tốc
spell it out,viết ra
spell off,bỏ
spell out,chính tả
sperg out,khùng điên
sperm donor,người hiến tinh trùng
spew up,nôn ra
spice up,làm cho thêm phần hấp dẫn
spicy tooth,thích ăn cay
spiff up,làm đẹp
spike up,tăng đột ngột
spill ink,làm đổ mực
spill juice,làm đổ nước hoa quả
spill one's guts,nói hết ra
spill one's seed,làm bố
spill out,tràn ra
spill over,tràn ra
spill the beans,bật mí
spilt milk,sữa đổ
spin a yarn,kể chuyện
spin doctor,chuyên gia xử lý khủng hoảng
spin down,giảm tốc độ
spin off,phân nhánh
spin one's wheels,lãng phí thời gian
spin out,kéo dài
spin round,xoay tròn
spin someone's wheels,lãng phí thời gian
spin up,khởi động
spiral out,tràn lan
spirit away,mang đi
spirit off,tinh thần
spit feathers,giận dữ
spit fire,thở ra lửa
spit in the ocean,ném nước bọt vào đại dương
spit in the wind,ném nước bọt vào gió
spit into the wind,ném nước bọt vào gió
spit it out,Hãy nói ra
spit nails,nhả đinh
spit on,bắn nước bọt vào
spit out,trôm
spit the dummy,nổi giận
spit up,trớ
spitters are quitters,Những người hay cãi thường bỏ cuộc
spitting distance,cách nhau rất gần
spitting image,bản sao y
splash about,vẫy vùng
splash around,vui đùa nghịch ngợm
splash down,hạ cánh xuống nước
splash out,chi tiêu mạnh tay
splice the mainbrace,mở rượu mừng
splinter up,vỡ vụn
split hairs,cãi nhau vì những điều nhỏ nhặt
split off,phân tách
split on a rock,vấp phải đá
split one's sides,cười lăn lộn
split the baby,cắt đứa bé làm đôi
split the breeze,chia gió
split the difference,thỏa hiệp
split up,chia tách
Spock ears,Tai Vulcan
spoil market,làm rối loạn thị trường
spoil somebody rotten,nuông chiều quá mức
spoil someone rotten,nuông chiều quá mức
spoil the market,làm rối loạn thị trường
spoiling for a fight,muốn gây gổ
spoilt for choice,khó chọn
sponge down,lau bằng miếng bọt biển
sponge out,vắt khô
sponge up,hút
spook out,khiến hoảng sợ
spool down,cuộn xuống
spool out,cuộn ra
spool up,cuộn lại
spoon bowl,vá
spoon out,múc
sport away,thi đấu trên sân khách
spot check,kiểm tra nhanh
spot of bother,rắc rối nhỏ
spout off,nói lan man
spout out,trào ra
spray and pray,bắn đại
spread one's legs,dang chân
spread one's wings,khai phá tiềm năng
spread oneself thin,chia sẻ quá nhiều
spread out,phân bố
spread the word,lan truyền thông tin
spring back,phục hồi
spring fever,say nắng
spring for,chi trả
spring has sprung,Mùa xuân đến rồi
spring in one's step,tinh thần phấn chấn
spring out,nhảy ra
spring to life,tươi bừng sức sống
spring to mind,nảy ra
spring up,xuất hiện
sprout up,nảy mầm
spruce up,làm mới
sprucen up,làm mới
sprunt up,mọc lên
spunk off,tinh thần đồng đội
spur of the moment,bất ngờ
spur on,khuyến khích
sputter out,tắt ngấm
spy on,do thám
spy out,do thám
squad up,tập hợp
square around,quanh
square away,sắp xếp
square meal,bữa ăn đầy đủ
square off,đứng đối diện
square on,vuông trên
square one,bắt đầu lại từ đầu
square peg in a round hole,người không hợp với công việc
square shooter,người bắn tỉa
square up,xếp hàng
squash the beef,hòa giải
squeak out,kè tiếng
squeak through,vượt qua khó khăn
squeaky wheels get oiled,Những bánh xe kêu thì cần được tra dầu
squeal on,tố cáo
squeeze in,chèn vào
squeeze into,chèn vào
squeeze off,cắt bỏ
squeeze one out,vắt ra
squeeze out,vắt hết
squeeze under,luồn dưới
squeeze up,ép lên
squig out,thoát ra
squint like a bag of nails,nhăn mặt như bị đau
squirrel around,lăn tít
squirrel away,giấu kín
squirrels in the attic,chuột sóc trong gác mái
stab in the back,đâm sau lưng
stab in the dark,đoán bừa
stab yourself and pass the dagger,đâm mình rồi đưa dao cho người khác
stack off,xếp chồng
stack the cards,gian lận
stack up,xếp chồng
staff of life,cơm áo gạo tiền
staff out,nhân viên nghỉ việc
staff up,tuyển dụng nhân viên
stage business,sân khấu
stage of the game,giai đoạn của trò chơi
stage right,phải sân khấu
stage-door Johnny,kẻ săn gái gần sân khấu
Staggers and Naggers,Lảo đảo và cằn nhằn
staircase wit,cầu thang gỗ
stake a claim,khẳng định quyền sở hữu
stake out,xâm chiếm
stalking horse,công cụ thử nghiệm
stall for time,kéo dài thời gian
stall out,tắt máy
stamp out,tiêu diệt
stance up,đứng lên
stand a chance,có cơ hội
stand and deliver,đứng và giao hàng
stand around,xem náo loạn
stand aside,nhường đường
stand back,lùi lại
stand behind,ủng hộ
stand between,nằm giữa
stand by,sẵn sàng
stand corrected,chấp nhận sửa sai
stand down,ngừng lại
stand fast,bám trụ
stand fire,chịu đạn
stand firm,kiên định
stand for,đại diện cho
stand from under,đứng dậy từ dưới
stand in,đứng ở
stand in for,thay thế
stand in one's own light,tự làm mờ đi tương lai của mình
stand in someone's shoes,đứng ở vị trí của ai đó
stand in the gap,lấp khoảng trống
stand in the gate,đứng ở cổng
stand off,im lặng
stand on,đứng trên
stand on ceremony,làm theo nghi thức
stand on its own,tự đứng vững
stand on one's head,đứng ngược chân
stand on one's own two feet,tự chủ
stand on someone's shoulders,đứng trên vai của ai đó
stand on the shoulders of,đứng trên vai của
stand on the shoulders of giants,đứng trên vai những người khổng lồ
stand one's ground,giữ vững quan điểm
stand out,nổi bật
stand over,đứng trên
stand pat,giữ nguyên
stand shilly-shally,do dự
stand tall,đứng thẳng
stand the test of time,vượt qua thử thách thời gian
stand to,đứng
stand to reason,là điều dễ hiểu
stand together,đứng chung
stand treat,chiêu đãi
stand trial,ra xét xử
stand under,đứng dưới
stand up,đứng dậy
stand up against,phản đối
stand up and be counted,đứng lên và thể hiện tiếng nói
stand up for,bảo vệ
stand up on one's hind legs,đứng thẳng bằng hai chân sau
stand up to,đứng lên chống lại
stand up to one's lick log,đứng lên chống lại những lời nói dối
stand up with,đứng lên cùng với
stand upon,đứng trên
stand with,đứng cùng
standard fare,món ăn thông thường
standing room only,cháy vé
stands to reason,rõ ràng là
star in the east,sao trên phương đông
star turn,vai chính
star up,khởi nghiệp
star vehicle,vai chính
stare down,nhìn thẳng
stare out,nhìn ra
stars align,sao mai
Stars and Bars,Đồ dùng cho quán bar
stars are aligned,các vì sao xếp hàng
stars in one's eyes,ánh mắt sáng
start a family,lập gia đình
start a fresh hare,bắt đầu lại từ đầu
start and park,bắt đầu và đỗ
start back,bắt đầu lại
start back in,bắt đầu lại từ
start back on,bắt đầu lại từ
start from scratch,bắt đầu lại từ đầu
start from where you are,bắt đầu từ nơi bạn đang ở
start in,bắt đầu từ
start in on,bắt đầu làm
start into,bắt đầu vào
start off,bắt đầu
start on,bắt đầu
start on at,bắt đầu từ
start out,bắt đầu
start over,bắt đầu lại
start up,khởi nghiệp
start up on,bắt đầu với
start with a clean sheet,bắt đầu lại từ đầu
start with a clean slate,bắt đầu lại từ đầu
startle up,giật mình
starvin' Marvin,Marvin đói
starving artist,nghệ sĩ nghèo
stash away,cất giấu
stat out,thống kê
state of affairs,tình hình
statically scoped,phạm vi tĩnh
statistical tie,hòa về mặt thống kê
stave in,đập
stave off,chống lại
stay and play,ở lại và chơi
stay away,tránh xa
stay back,lùi lại
stay behind,ở lại
stay hungry,luôn khao khát
stay in,ở lại
stay in one's lane,đi đúng đường của mình
stay in touch,giữ liên lạc
stay on,ở lại
stay out,đi ra ngoài
stay over,ở lại
stay put,đứng yên
stay the course,kiên trì
stay together,ở bên nhau
stay tuned,hãy theo dõi
stay up,thức đêm
steady as she goes,giữ vững tốc độ
steady Eddie,người đáng tin cậy
steady hand on the tiller,tay lái vững vàng
steady the ship,ổn định con tàu
steal a glance,nhìn lén
steal a march,đi trước một bước
steal away,lén lút đi
steal in,lén lút vào
steal someone's heart,cưa đổ lòng người
steal someone's identity,đánh cắp danh tính
steal someone's thunder,cướp đi cơ hội của người khác
steal the show,làm lu mờ tất cả
steal up,tiếp cận một cách bí mật
steam ahead,tiến lên
steam off,hấp hơi
steam up,hơi nước
steaming hot,nóng hổi
steel up,chuẩn bị
steer clear of,tránh
stem from,xuất phát từ
stem the rose,cành hoa hồng
stem the tide,ngăn chặn dòng chảy
step aside,nhường đường
step back,lùi lại
step between,bước giữa
step down,từ chức
step forward,tiến lên
step in,bước vào
step in it,đi vào
step into,bước vào
step into someone's shoes,đứng ở vị trí của ai đó
step lively,đi nhanh hơn
step off,xuống
step on,đặt chân lên
step on a rake,vấp phải cào
step on it,đạp ga
step on someone's toes,xúc phạm
step out,ra ngoài
step out on someone,làm tổn thương ai đó
step over,vượt qua
step to,bước vào
step up,tiến lên
step up on,leo lên
step up one's game,nâng cao trình độ
step up to the plate,ra sân
stepping razor,đi trên lưỡi dao
stepping stone,bậc thang
stew in one's juices,ngâm ngùi suy tư
stew up,nấu súp
stick 'em up,cướp
stick a fork in something,cắm đũa vào
stick around,ở lại
stick at,bám trụ
stick by,ủng hộ
stick down,dán chặt
stick in someone's craw,gây khó chịu
stick in the mud,cứng nhắc
stick it out,kiên trì
stick it to,khinh thường
stick it to the man,phản kháng lại cường quyền
stick on,dính vào
stick one on,dán một cái
stick one's dick in crazy,đâm vào cái gì đó điên rồ
stick one's foot in it,đá vào chân ai đó
stick one's foot in one's mouth,nói bậy
stick one's head in the sand,đóng mắt làm ngơ
stick one's neck out,mạo hiểm
stick one's nose into,xía mũi vào
stick one's oar in,can thiệp
stick out,nhô ra
stick out a mile,nổi bật
stick the knife in,đâm
stick the landing,hạ cánh thành công
stick to,tuân thủ
stick to one's knitting,tập trung vào công việc của mình
stick to one's last,làm đúng chuyên môn của mình
stick to one's text,tuân thủ đúng nội dung
stick to someone's ribs,giữ lâu trong bụng
stick together,bám sát nhau
stick up,cướp
stick up for,bảo vệ
stick with,kiên trì
sticker shock,sốc giá
sticking plaster,băng dính
sticking point,điểm bế tắc
sticks and stones,gậy đá
sticks in a bundle are unbreakable,cành cây buộc thành bó thì khó gãy
sticky fingers,lén lút lấy đồ
stiff up,cứng lại
stiff upper lip,sự kiên cường
stiffen up,cứng lại
still got one's communion money,vẫn còn tiền lễ
still water runs deep,Nước lặng thường sâu
still waters run deep,Nước lặng thường sâu
stinge out,tiết kiệm
stink eye,ánh mắt khó chịu
stink on ice,mùi hôi trên băng
stink out,bốc mùi
stink the joint out,làm hỏng không khí
stink up,làm hôi
stir shit,gây rắc rối
stir someone's blood,khơi gợi cảm xúc
stir the embers,khuấy tro
stir up,khuấy động
stitch and bitch,may vá và tám chuyện
stitch incoming,kim đang đến
stitch together,khâu lại
stitch up,khâu lại
stock down,giá cổ phiếu giảm
stock out,hết hàng
stock phrase,cụm từ thông dụng
stock up,chúng trữ
stoke up,kích động
stomp for,chống lại
stomp off,đi đi
stomp on,dẫm đạp
stomp out,dập tắt
stomping ground,nơi hoạt động
stone cold,lạnh như đá
stone dead,chết lặng
stone deaf,điếc như đá
stone's throw,cách không xa
stoop and roop,khom lưng và cúi người
stop a bullet,chặn đạn
stop and chop,dừng lại và thái
stop and smell the flowers,Hãy dừng lại và ngắm hoa
stop and smell the roses,Hãy dừng lại và ngắm hoa hồng
stop at nothing,không ngại làm bất cứ điều gì
stop by,ghé thăm
stop cold,dừng lại đột ngột
stop dead,dừng lại đột ngột
stop down,giảm tốc
stop in,dừng lại
stop into,ghé thăm
stop off,dừng lại
stop out,bị thanh lý tài khoản
stop over,ghé thăm
stop press,tin nóng
stop someone in their tracks,dừng bước đột ngột
stop the bleeding,cầm máu
stop the car,dừng xe
stop the lights,tắt đèn
stop the presses,dừng in
stop up,lấp đầy
store away,cất giữ
store up,cất trữ
storm in,trong
storm off,tức giận bỏ đi
storm out,bỏ đi giận dữ
storm out of the blocks,bắt đầu rất mạnh
stormy weather,Thời tiết xấu
story of my life,câu chuyện cuộc đời tôi
stove up,làm hỏng
stovepipe hat,mũ nồi
stow away,lén trốn
straight and narrow,đi thẳng đường lớn
straight away,ngay lập tức
straight face,bĩnh tĩnh
straight from the horse's mouth,trực tiếp từ người trong cuộc
straight from the shoulder,thẳng thắn
straight goods,hàng chính hãng
straight man,người đàn ông thẳng
straight out of the chute,ngay từ đầu
straight out of the gate,ngay từ đầu
straight shooter,người thẳng tính
straight-face test,bài kiểm tra sự nghiêm túc
straighten out,sắp xếp lại
straighten up,cải thiện
straighten up and fly right,chỉnh sửa bản thân và sống đúng đắn
strain a point,khó khăn
strain at a gnat,cố chấp
strain at the leash,kéo dây
strain every nerve,dồn hết tâm sức
strange bedfellows,những người bạn đồng hành kỳ lạ
strange bird,chim lạ
strangely warmed,ấm một cách kỳ lạ
stranger things have happened,Những điều kỳ lạ đã xảy ra
strangle the parrot,bóp cổ con vẹt
strap in,thắt dây an toàn
strap on,đeo vào
strap on a pair,đeo một đôi
strap on the boots,đi tất
strap up,thắt đai
straw poll,thăm dò ý kiến
straw that stirs the drink,ngòi khuấy
street appeal,sức hấp dẫn bên ngoài
streets ahead,vượt trội hơn hẳn
streets behind,phố sau
strengthen up,củng cố
stress out,căng thẳng
stretch forth,kéo dài
stretch it out,kéo dài
stretch one's legs,duỗi chân
stretch out,kéo dài
stretch the truth,thêu dệt sự thật
strickly dickly,hoàn toàn chính xác
strictly better,tốt hơn hẳn
strictly dickly,hoàn toàn
strictly proper,hoàn toàn chính xác
strictly roots,rễ sâu
strictly speaking,nói đúng hơn
stricto sensu,theo nghĩa hẹp
strike a blow,đánh một đòn
strike a chord,chạm đến trái tim
strike a false note,phá vỡ nhịp điệu
strike a light,đánh lửa
strike back,phản công
strike down,bãi bỏ
strike in,đánh vào
strike it lucky,may mắn
strike it rich,trúng số
strike me pink,làm tôi ngạc nhiên
strike off,xóa
strike oil,khám phá dầu mỏ
strike one's flag,buông súng
strike out,bỏ
strike someone when they are down,hãm hại người khi họ đang yếu thế
strike tallies,tính số liệu
strike the tent,gỡ lều
strike through,gạch chân
strike up,bắt đầu
strike while the iron is hot,tận dụng thời cơ
string along,dây
string attached,dây buộc
string on,đeo trên
string out,kéo dài
string to one's bow,điều mà ai đó giỏi
string together,nối liền
string up,treo
string with,với sợi
strip away,bóc bỏ
strip down,tháo gỡ
strip off,cởi bỏ
strip out,loại bỏ
stroke of business,thành công trong kinh doanh
stroke of luck,may mắn
stroke of work,cố gắng
stroke out,bỏ qua
strong suit,điểm mạnh
strongly connected,mạnh mẽ kết nối
strung out,mệt mỏi căng thẳng
strut one's stuff,khoe tài
stub out,dập tắt
stubborn up,cứng đầu
stuck in a rut,mắc kẹt trong lối mòn
stuck in the mud,mắc kẹt trong bùn
stuck in the Stone Age,đang sống như thời đồ đá
stuck in time,mắc kẹt trong thời gian
stuck like Chuck,mắc kẹt như Chuck
stuck on,mắc kẹt
stuck up,kiêu ngạo
stud muffin,người học giỏi
student union politics,chính trị của hội sinh viên
studs up,đóng đinh
study up on,học kỹ
stuff it,để đó đi
stuff one's face,ăn ngấu nghiến
stuff out,nhồi nhét
stuff the ballot box,gian lận phiếu bầu
stuff up,làm hỏng
stuff you,đồ vật
stuffed like a turkey,nhồi như gà tây
stuffed shirt,kẻ đạo đức giả
stuffed to the gills,chật cứng
stumble across,gặp phải
stumble against,vấp phải
stumble into,vấp ngã vào
stumble on,vấp ngã
stumble onto,vô tình tìm thấy
stumble upon,gặp phải
stumbling block,rào cản
stump and rump,cây gỗ tròn và mông
stump it,đố em xem
stump out,chặt cây
stump up,đóng góp
stupid is as stupid does,hành động ngu ngốc thể hiện sự ngu ngốc
style it out,biểu lộ bản thân
style up,nâng cấp kiểu dáng
sua sponte,tự giác
sub in,thay thế
sub out,thay thế
sub specie aeterni,dưới ánh sáng vĩnh cửu
subject to,tuân theo
subsequent to,sau
success is a great deodorant,Success là một loại nước hoa khử mùi tuy…
success story,câu chuyện thành công
such as,ví dụ
such is life,Đời là thế
such that,sao cho
suck a big one,hút cái to
suck a lemon,hút chanh
suck and blow,hút và thổi
suck donkey balls,đấm vào mồm
suck down,hút mạnh
suck dry,hút cạn
suck face,hôn mặt
suck hind tit,hút ti
suck in,hút vào
suck into,hút vào
suck it,hút đi
suck it up,cố gắng chịu đựng
suck my balls,Đấm vào mồm
suck my cock,Hút dương vật của tôi
suck my dick,Hút dick tôi
suck my penis,Hút dương vật của tôi
suck my Richard,Hút dick của tôi
suck off,liếm mông
suck on that,hút nó đi
suck out,hút ra
suck the kumara,hút củ khoai lang
suck the mop,vắt cây lau nhà
suck tits,ngậm ti
suck under,bị thua cuộc
suck up,nịnh bợ
suck your mum,đấm má mẹ mày
sucks to be you,Thật đáng thương cho bạn
sucks to suck,khó chịu
suds up,tạo bọt
sue out,khởi kiện
suffer fools gladly,chịu đựng những kẻ ngốc nghếch
suffer from,mắc phải
suffer in silence,chịu đựng trong im lặng
suffice it to say,tóm lại
suffice to say,tóm lại
sugar and spice,đường và gia vị
sugar and spice and everything nice,ngọt ngào dịu dàng và mọi thứ đều tốt đẹ…
sugar coated,bọc đường
sugar down,giảm đường
sugar off,hủy bỏ
sugar out,hết đường
sugar up,tăng đường
sugarcoat a bitter pill,làm dịu đi sự khó chịu
sugarcoat the pill,làm dịu đi sự thật
suit down to the ground,hạ cánh xuống đất
suit one's book,phù hợp với sở thích
suit the action to the word,hành động phải đi đôi với lời nói
suit up,mặc đồ
suited and booted,ăn mặc chỉnh tề
sull up,lên trên
sum up,tóm tắt
summer and winter,mùa hè và mùa đông
summon up,tưởng tượng ra
sun up,bình minh
sun worshipper,người thích tắm nắng
Sunday best,Quần áo đẹp nhất
Sunday driver,Người lái xe chậm rãi vào Chủ nhật
Sunday-go-to-meeting clothes,Quần áo đi lễ chủ nhật
sunder out,chia tách
sunlight is the best disinfectant,Ánh nắng mặt trời là chất khử trùng tốt …
sunshine and rainbows,ánh nắng và cầu vồng
suo motu,tự do
super trouper,đèn chiếu sáng sân khấu
supply and demand,cung và cầu
supply up,cung cấp
suppose that,giả sử rằng
sure as shit,chắc chắn tuyệt đối
sure enough,chắc chắn
surf and turf,món thịt và hải sản
surf's up,sóng lớn rồi
suspend one's disbelief,tạm gác sự hoài nghi
suspended congress,hoãn nghị viện
suss out,khám phá
Sussex Drive,Đường Sussex
swab down,lau sạch
swack up,tát
swaddling clothes,áo ủ ấm
swag it out,khoe khoang
swag it up,trang bị
swag out,khoe mẽ
swag up,xuất hiện
swallow a bitter pill,nuốt trôi đắng
swallow down,nuốt xuống
swallow one's pride,nuốt Pride
swallow the dictionary,nuốt từ điển
swallow the leek,nuốt hành tây
swallow up,nuốt chửng
swallow whole,nuốt chửng
swamp out,thấm nước ra
swan song,bài ca cuối
swap horses in midstream,thay ngựa khi đang giữa dòng
swap in,trao đổi
swap out,thay thế
swap over,trao đổi
swear at,chửi
swear by,tin tưởng tuyệt đối
swear down,thề
swear in,thề
swear off,bỏ
swear on,thề trên
swear out,khai báo
swear upon,thề
sweat bricks,đổ mồ hôi như tắm
sweat bullets,đổ mồ hôi như tắm
sweat equity,cổ phần nhân công
sweat it out,vật lộn
sweat of one's brow,mồ hôi trên trán
sweat off,hồ hớt
sweat out,hứng chịu
sweat the small stuff,lo lắng về những điều nhỏ nhặt
sweater up,kéo lên
sweep along,cuốn theo
sweep aside,loại bỏ
sweep away,quét sạch
sweep in,quét
sweep out,quét dọn
sweep someone off their feet,làm ai đó say mê
sweep something under the rug,che giấu
sweep the board,thống trị
sweep the deck,lau sàn
sweep up,quét dọn
sweet dreams,ngủ ngon
sweet fuck all,chết tiệt
sweet hereafter,tương lai tươi đẹp
sweet home Alabama,ngôi nhà ngọt ngào ở Alabama
sweet Jesus,ôi chúa ơi
sweet Mary,Mẹ Maria
sweet Mary mother of God,Mẹ Maria xin thương xót
sweet nothings,những lời mật ngọt
sweet smell of success,mùi hương thành công
sweet stuff,đồ ngọt
sweet summer child,đứa trẻ mùa hè ngây thơ
sweet tooth,thích ngọt
sweet young thing,người con gái trẻ xinh xắn
sweeten the pill,làm dịu đi nỗi buồn
sweeten the pot,làm cho hấp dẫn hơn
sweeten up,làm ngọt hơn
sweetheart deal,thỏa thuận tốt đẹp
sweetness and light,sự ngọt ngào và ánh sáng
swell out,phình to
swell up,phồng lên
swill down,nuốt chửng
swill up,vẩn bẩn
swim upstream,bơi ngược dòng
swim with sharks,bơi cùng cá mập
swing and a miss,trượt
swing away,vung mạnh
swing back,quay lại
swing both ways,lung linh
swing by,ghé thăm
swing for,vung
swing for the fences,cố gắng hết sức
swing of things,nhịp điệu
swing off,đu đưa
swing out,vươn ra
swing over,đu đưa
swing round the circle,quay tròn
swing through,đu đưa qua
switch off,tắt
switch on,bật
switch out,thay thế
switch up,thay đổi
sword and sorcery,truyện kiếm hiệp kỳ ảo
swords to ploughshares,biến kiếm thành lưỡi cày
swords to plowshares,biến kiếm thành lưỡi cày
swot up on,học thuộc
sympathy is between shit and syphilis,Sự đồng cảm nằm giữa phân và bệnh lậu
sync up,đồng bộ
syphon the python,hút python
tab out,thoát tab
table scrap,thức ăn thừa
table talk,cuộc trò chuyện
tach up,chia tách
tack about,nói về
tack down,cố định
tack together,ghép lại
tack up,dán lên
tackle on,xử lý
TACO out,Tạm biệt
tag along,đi theo
tag off,tắt thẻ
tag on,gắn nhãn
tag out,thay người
tag up,gắn thẻ
tail away,biến mất
tail between one's legs,cúi mặt xuống đất
tail down,đuôi cụp xuống
tail in,đuôi
tail off,giảm dần
tail wagging the dog,đuôi vẫy làm chó chạy
take a back seat,lùi lại phía sau
take a bath,tắm
take a bead on,nhắm bắn
take a Bex,uống thuốc Bex
take a bite,cắn một miếng
take a bite out of,cắn một miếng
take a bow,chào khán
take a breath,hít thở sâu
take a breather,thở sâu
take a bullet,chịu đạn
take a chance,thử vận may
take a cotton to,nhúng vào bông
take a crack at,thử làm
take a deep breath,hít thở sâu
take a dim view of,không đồng tình
take a dive,nhảy xuống
take a dookie,đi ị
take a fancy to,thích
take a flyer,nhận tờ rơi
take a gamble,cược
take a gander,nhìn thử
take a hand in something,tham gia vào
take a hike,đi bộ đường dài
take a hit,chịu thiệt thòi
take a joke,cười được
take a leaf out of somebody's book,học theo ai
take a liking to,thích
take a load off,giải tỏa gánh nặng
take a look,nhìn xem
take a nap,ngủ trưa
take a pew,ngồi xuống
take a picture,chụp ảnh
take a piss,đi tiểu
take a powder,đi đi
take a ride to Tyburn,đi đến Tyburn
take a risk,mạo hiểm
take a run at,thử làm
take a shine to,thích
take a shit,đi ị
take a shot in the dark,đoán bừa
take a stab at,thử làm
take a stand,lên tiếng bảo vệ
take a tumble,trượt chân
take a turn,xét đến
take a turn for the better,tốt hơn
take a turn for the worse,trở nên tồi tệ hơn
take a walk,đi dạo
take a walkout powder,bột đi bộ
take a whack at,thử làm
take a while,mất một thời gian
take a wife,cưới vợ
take a wrong turn at Albuquerque,rẽ sai đường ở Albuquerque
take aback,bất ngờ
take account of,cân nhắc
take across,qua sông
take advantage of,tận dụng
take after,di truyền
take against,ghét
take ages,mất rất nhiều thời gian
take aim,ngắm
take air,hít thở không khí
take an axe to,chặt bằng rìu
take an interest in,quan tâm đến
take apart,tháo rời
take away,lấy đi
take away from,lấy đi
take back,rút lại
take bread and salt,chào đón bằng bánh mì và muối
take by storm,gây bão táp
take by surprise,bất ngờ
take care of business,xử lý công việc
take care of yourself,Hãy chăm sóc bản thân
take centre stage,đóng vai chính
take charge,chịu trách nhiệm
take check,kiểm tra
take cover,trú ẩn
take credit,nhận công
take delight in,thích thú
take down,hạ gục
take down a notch,giảm bớt một chút
take down a peg,hạ thấp xuống
take drugs,dùng ma túy
take easy,thư giãn
take effect,có hiệu lực
take fire,bốc cháy
take flight,cất cánh
take for,cầm
take for a ride,lừa gạt
take for a spin,thử lái
take for granted,coi thường
take form,hình thành
take French leave,đi không nói lời nào
take from behind,cướp từ phía sau
take great pains,cố gắng rất nhiều
take guard,cảnh giới
take heed,cẩn thận
take hold,cầm lấy
take huff,hít sâu
take ill,bệnh
take in,nhận vào
take into account,cân nhắc
take into consideration,cân nhắc
take it away,cất đi
take it easy,cứ từ từ
take it on the lam,chịu trách nhiệm
take it or leave it,hoặc là chấp nhận hoặc là bỏ
take it or leave it alone,hoặc là chấp nhận hoặc là bỏ qua
take it out in,thực hiện trên
take it out of,lấy ra khỏi
take it out on,trút giận lên
take it outside,ra ngoài đi
take it up the ass,đâm hậu môn
take it upon oneself,tự nhận
take its rise,phát triển
take its toll,gây ảnh hưởng
take kindly,cân nhắc
take leave of one's senses,mất trí
take liberties,lạm quyền
take lightly,coi thường
take matters into one's own hands,tự giải quyết
take measures,thực hiện các biện pháp
take no for an answer,chấp nhận câu trả lời từ chối
take no notice of,không để ý
take no prisoners,không nương tay
take note of,lưu ý
take notice,chú ý
take occasion,tận dụng cơ hội
take off,cất cánh
take offence,cười nhạo
take on,nhận
take on faith,tin theo đức tin
take on the chin,chịu đựng
take on water,chảy nước vào
take one day at a time,Hãy sống từng ngày một
take one for the team,chịu trận thay cả đội
take one up,nhận một cái
take one's ball and go home,dỗi hờn rồi về
take one's chance,tận dụng cơ hội
take one's courage in both hands,liều mình
take one's eye off the ball,mất tập trung
take one's eyes off,nhìn không nữa
take one's hat off to,khen ngợi
take one's hook,cất vó
take one's leave,tạm biệt
take one's medicine,uống thuốc
take one's pick,chọn tùy thích
take one's sweet little time,dành thời gian
take one's time,dành thời gian
take out,lấy ra
take out an onion,lấy ra một củ hành
take out in trade,trao đổi
take out of context,lấy ra khỏi ngữ cảnh
take out the trash,đổ rác
take over,chấm dứt
take part,tham gia
take place,xảy ra
take precedence,ưu tiên
take pride,tự hào
take refuge,tìm nơi ẩn náu
take responsibility,chịu trách nhiệm
take risks,chấp nhận rủi ro
take roll,kiểm tra danh sách
take several seats,ngồi đi nhiều ghế
take shape,hình thành
take sides,lựa chọn phe
take silk,may tơ
take soil,lấy đất
take somebody under one's wing,chăm sóc ai đó như con
take somebody's breath away,khiến ai đó ngạc nhiên
take somebody's mind off somebody,làm xao nhãng tâm trí ai đó
take somebody's mind off something,làm xao nhãng tâm trí
take someone for all they've got,lừa đảo ai đó để chiếm đoạt hết tài sản …
take someone out back,đưa ai đó ra sau
take someone to brown town,gửi ai đó đến chỗ chết
take someone to the grave,kéo theo đến mồ chôn
take someone's arm,nắm tay ai đó
take someone's breath away,khiến ai đó ngạc nhiên
take someone's head off,cắt đầu ai đó
take someone's life,cướp đi mạng sống của ai đó
take someone's part,bênh vực ai
take someone's word for it,tin lời ai đó
take something as it comes,chấp nhận mọi thứ
take something as read,coi như là đúng
take something in one's stride,vững vàng
take something in stride,vững vàng
take something with a pinch of salt,cân nhắc một cách thận trọng
take steps,thực hiện các bước
take stock,kiểm kê
take the biscuit,chiếm ưu thế
take the bitter with the sweet,cân bằng giữa đắng và ngọt
take the cake,giành giải nhất
take the count,đếm số
take the cure,uống thuốc
take the fall,chịu trách nhiệm
take the fifth,từ chối trả lời
take the flak,chịu trách nhiệm
take the front seat,ngồi ở ghế trước
take the game to,mang trò chơi đến
take the gilt off the gingerbread,lột bỏ lớp đường trang trí trên bánh gừn…
take the hint,hiểu ý
take the initiative,chủ động
take the lead,dẫn đầu
take the liberty,xin phép
take the mask off,tháo khẩu trang
take the meaning,hiểu ý nghĩa
take the Michael,cướp Michael
take the mick,trêu chọc
take the mickey,trêu chọc
take the offensive,tấn công
take the pee,cười nhạo
take the piss,chế nhạo
take the plunge,lao mình xuống
take the point,chấp nhận ý kiến
take the rap,chịu trách nhiệm
take the red pill,chấp nhận sự thật
take the reins,nhận trách nhiệm
take the ride,đi xe
take the shadow for the substance,coi hình thức là bản chất
take the stand,ra khai
take the veil,cưới
take the wheel,lái xe
take time,dành thời gian
take time by the forelock,chủ động nắm bắt thời cơ
take time off,nghỉ phép
take time out,dành thời gian
take to,thích
take to court,khởi kiện
take to heart,nghiêm túc
take to one's heels,bỏ chạy
take to task,chỉ trích
take to the bank,gửi ngân hàng
take to the cleaners,đến tiệm giặt là
take to the grave,mang theo đến mộ
take to the hills,trốn lên vùng núi
take to the stage,lên sân khấu
take turns,luân phiên
take under,dưới
take up,bắt đầu
take up a collection,gọi mọi người quyên góp
take up for,bênh vực
take up the cudgel for,bênh vực
take up the cudgels,bênh vực
take up the gauntlet,nhận lời thách đấu
take up the hatchet,cầm rìu
take up the running,bắt đầu chạy bộ
take up with,thích
take upon oneself,nhận trách nhiệm
take with,cùng với
take with a grain of salt,cân nhắc một cách thận trọng
take with a pinch of salt,cân nhắc một cách thận trọng
take your change out of that,lấy tiền thừa ra khỏi đó
take your oil,lấy dầu của bạn
takes one to know one,Cùng giống thì hiểu nhau
talent management,quản lý tài năng
talk a blue streak,nói liên tục không ngừng
talk a good game,nói hay nhưng làm không được
talk a mile a minute,nói rất nhanh
talk about,nói về
talk about the weather,nói về thời tiết
talk around,nói chuyện quanh co
talk at,nói về
talk back,cãi lại
talk dirty,nói những điều thô tục
talk down,khinh thường
talk down to,xỉ vả
talk in circles,nói lan man
talk into,thuyết phục
talk is cheap,Lời nói dễ như lấy được
talk jockey,người dẫn chương trình
talk like an apothecary,nói như một người làm thuốc
talk of the devil,nói chuyện về quỷ
talk out,thảo luận
talk out of,thuyết phục
talk out of one's ass,nói xàm
talk out of one's ear,nói suốt cả ngày
talk out of turn,nói lạc đề
talk over,nói chuyện
talk over someone's head,nói quá tầm hiểu của ai đó
talk past,nói vòng vo
talk round,thuyết phục
talk someone under the table,làm người khác thất vọng
talk someone's ear off,nói dai
talk the legs off a pot,nói quá nhiều
talk the talk,nói là làm
talk through,thảo luận
talk through one's hat,nói xạo
talk to,nói chuyện với
talk to a brick wall,nói chuyện với bức tường
talk to God,nói chuyện với Chúa
talk to oneself,tự nói chuyện với mình
talk to the hand,im lặng đi
talk trash,nói xấu
talk turkey,nói thẳng
talk up,nói về
talking head,người phát biểu
tall in the saddle,ngồi ngựa cao
tall oaks from little acorns grow,Cây sồi lớn từ những hạt dẻ nhỏ
tall order,yêu cầu cao
tall story,câu chuyện phóng đại
tall tale,truyện cổ tích
tall trees catch much wind,Cây cao dễ bị gió thổi
tally on,tính tổng
tally up,tính tổng
tamp down,dập tắt
tan out,hết nắng
tan someone's hide,trừng phạt ai đó
tan up,cháy nắng
tank up,bơm xăng
tant pis,chuyện rồi sẽ ổn
tap dance,nhảy tap
tap in,chạm vào
tap into,khai thác
tap off,tắt vòi
tap on,chạm vào
tap or nap,gõ hoặc ngủ
tap out,kiệt sức
tap up,chạm nhẹ
tape off,dán băng keo
tape out,hết băng
tape over,dán băng keo
tape up,dán băng
taper off,giảm dần
tar out,bốc mùi hăng
tart up,trang điểm
task failed successfully,hoàn thành nhiệm vụ thành công
taste of one's own medicine,trả nghiệp
taste of one's own poison,nếm mật rót đường
tat up,tắt máy
tattle on,tố cáo
teach away,dạy từ xa
teach grandma how to suck eggs,dạy bà cách hút trứng
teach out,dạy hết
teach somebody a lesson,dạy cho ai đó một bài học
teach someone a lesson,dạy cho ai đó một bài học
teacher's pet,học sinh ngoan
team up,hợp tác
team up with,hợp tác với
teamwork makes the dream work,Hợp tác giúp đạt được mục tiêu
tear a cat,xé một con mèo
tear along,rách dọc
tear and wear,sử dụng và hao mòn
tear apart,xé
tear at,xé
tear away,xé ra
tear down,phá bỏ
tear into,xé
tear it up,xé ra
tear off,xé
tear one's hair out,bứt tóc
tear out,xé ra
tear to shreds,xé thành từng mảnh
tear up,xé
tear up the dance floor,quẩy tung sàn nhảy
tear up the pea patch,xới đất trồng đậu Hà Lan
tears before bedtime,khóc trước khi đi ngủ
tease apart,mổ xẻ
tease out,khám phá
tech up,nâng cao trình độ công nghệ
tee off,khởi động
tee up,chuẩn bị
teed off,tức giận
teem down,giảm xuống
teem with,chứa đầy
teensy weensy,cực kỳ nhỏ
teeny weeny,rất nhỏ
teething issues,các vấn đề ban đầu
teething problem,vấn đề ban đầu
teething trouble,khó khăn ban đầu
teething troubles,những khó khăn ban đầu
telephone tag,trò chơi điện thoại
tell against,chống lại
tell all,kể hết
tell apart,phân biệt
tell fortunes,bói toán
tell it like it is,nói thật
tell it to Sweeney,Hãy nói với Sweeney
tell it to the hand,Hãy nói với tay tôi
tell it to the judge,nói với thẩm phán
tell it to the marines,thật không thể tin được
tell its own story,kể câu chuyện của chính nó
tell its own tale,kể câu chuyện của chính nó
tell me about it,Hãy kể cho tôi nghe
tell me another one,hãy nói thêm một câu
tell me something I don't know,Hãy kể cho tôi một điều tôi chưa biết
tell of,kể về
tell off,mắng scolding
tell on,tố cáo
tell someone where to shove it,Im cút đi
tell tales,kể chuyện
tell tales out of school,kể chuyện động trời
tell the truth,nói thật
tell us another,Hãy kể cho chúng tôi nghe thêm đi
tell us another one,kể cho chúng tôi nghe một câu chuyện khá…
tell you the truth,nói sự thật
tell you what,tôi nói cho bạn biết
temper temper,giữ bình tĩnh
tempest in a teapot,bão trong tách trà
temple of immensity,đền thờ vô hạn
tempt fate,thách thức số phận
tempus fugit,thời gian trôi nhanh
ten a penny,mười xu
ten points for Gryffindor,mười điểm cho nhà Gryffindor
ten points from Gryffindor,mười điểm bị trừ khỏi nhà Gryffindor
ten points to Gryffindor,mười điểm cho nhà Gryffindor
ten to one,tỉ lệ một ăn mười
ten will get you twenty,một được hai
ten-cent word,từ khó
ten-dollar word,từ khó
tend to,thường xuyên
tenpence to the shilling,mười pence cho một shilling
tens across the board,điểm cao trên diện rộng
tense up,căng thẳng
tentpole movie,phim chủ lực
term of years,thời hạn
term of years absolute,thời hạn vô thời hạn
term of years determinable,thời hạn xác định được
term out,kết thúc nhiệm kỳ
terminally ill,bệnh nặng giai đoạn cuối
terms and conditions,điều khoản và điều kiện
terra firma,đất liền
territorial pissing,đánh dấu lãnh thổ
tertium non datur,không có lựa chọn thứ ba
test bed,môi trường thử nghiệm
test out,thử nghiệm
test someone's patience,thử thách sự kiên nhẫn của ai đó
test the waters,thăm dò ý kiến
textbook case,trường hợp điển hình
than a bygod,hơn một vị thần
thank one's lucky stars,cảm ơn trời đã ban cho mình may mắn
thank you all,cảm ơn tất cả mọi người
thank you very much,cảm ơn rất nhiều
thanks a bunch,cảm ơn rất nhiều
thanks a heap,cảm ơn rất nhiều
thanks a ton,cảm ơn rất nhiều
thanks be,cảm ơn
thanks for coming,cảm ơn vì đã đến
thanks for nothing,cảm ơn vì không giúp gì
thanks for your help,cảm ơn sự giúp đỡ của bạn
thanks to,cảm ơn vì
thar she blows,Có rồi kìa
that ain't hay,đó không phải cỏ khô
that ain't it,Không phải vậy
that cock won't fight,con gà đó sẽ không đánh nhau
that does it,thế là xong
that dog don't run,con chó đó không chạy
that dog won't hunt,cái đó không khả thi
that ever walked on two legs,kẻ nào từng đi bằng hai chân
that figures,ra là vậy
that is to say,tức là
that old dog won't hunt,con chó già đó không còn hiệu quả
that said,tuy nhiên
that ship has already sailed,đã hết thời rồi
that ship has sailed,đã hết thời rồi
that train has left the station,Tàu đó đã rời ga rồi
that was then; this is now,Ngày xưa khác, bây giờ khác
that way,như vậy
that way madness lies,Đó là con đường dẫn đến điên rồ
that'll be the day,chuyện đó khó xảy ra
that'll be the frosty Friday,Đó sẽ là ngày thứ Sáu lạnh giá
that'll do,được rồi
that'll do it to you,điều đó sẽ ảnh hưởng đến bạn
that'll learn someone,ai đó sẽ phải học điều đó
that'll teach someone,đó là một bài học cho ai đó
that's a bar,đó là một quán bar
that's a pity,thật đáng tiếc
that's a shame,thật đáng tiếc
that's a wrap,xong rồi
that's about the size of it,Đó là khoảng như vậy
that's all Greek to me,Tôi không hiểu gì cả
that's all she wrote,đó là tất cả
that's all there is to it,Đó là tất cả
that's as may be,có thể là vậy
that's done it,xong rồi
that's flat,bằng phẳng
that's Greek to me,Tôi không hiểu gì cả
that's how the cookie crumbles,Đó là cuộc sống
that's just me,Đó chỉ là tôi thôi
that's life,Đó là cuộc sống
that's me told,Đó là tôi nói
that's my,cái của tôi
that's news to me,Tôi mới biết chuyện này
that's on period,đang diễn ra
that's on periodt,chắc chắn rồi
that's right,đúng rồi
that's saying something,điều đó có ý nghĩa rất lớn
that's someone's funeral,đó là việc của họ
that's that,đó là vậy
that's that on that,đây là kết thúc
that's the bunny,Đó là thỏ
that's the spirit,tinh thần như vậy
that's the story of one's life,Đó là câu chuyện của cuộc đời
that's the thing,Đó chính là vấn đề
that's the ticket,Đúng rồi
that's the tip,Đó là phần mẹo
that's the way it goes,thế là số phận
that's the way life is,Đó là cuộc sống
that's the way the ball bounces,Đó là quy luật của cuộc sống
that's the way the cookie crumbles,Đó là quy luật của cuộc đời
that's the way the mop flops,Đó là cách cây lau nhà di chuyển
that's too bad,thật đáng tiếc
that's wassup,chuyện gì vậy
that's what he said,Đó là những gì anh ấy nói
that's what I call,Tôi gọi là
that's what I'm talking about,Đó chính là điều tôi đang nói đến
that's what she said,Đó là những gì cô ấy nói
that's what's up,chuyện đó thật tuyệt
that's why,vì đó
that's why they play the game,đó là lý do tại sao họ chơi trò chơi
that's your lot,Đó là số phận của bạn
that's your sort,Đó là loại của bạn
thaw out,tan chảy
the arse is out of 'er,cái mông của nó đã lộ ra
the ayes have it,đa số đồng ý
the bad penny always comes back,Đồng xu xui xẻo luôn quay trở lại
the bad penny always turns up,Đồ bỏ đi thì luôn tìm đường trở lại
the ball is in someone's court,quyền quyết định nằm ở người khác
the bee's knees,tuyệt vời
the beginning of the end,sự khởi đầu của sự kết thúc
the best defence is attack,phòng thủ tốt nhất là tấn công
the big picture,bức tranh toàn cảnh
the breath of life,nếu sống
the bride at every wedding,cô dâu ở mỗi đám cưới
the British are coming,Người Anh sắp đến
the buck stops here,trách nhiệm thuộc về tôi
the burnt child dreads the fire,con nít bị bỏng sợ lửa
the burnt child fears the fire,con bỏng sợ lửa
the cake is a lie,bánh ngọt là một lời nói dối
the camera never lies,máy ảnh không bao giờ nói dối
the carpet matches the drapes,thảm và rèm cửa có cùng màu
the case rests,vụ việc đã kết thúc
the cat's out of the bag,bí mật đã bị lộ
the cat's pajamas,quá tuyệt vời
the cat's pyjamas,quá tuyệt vời
the chickens come home to roost,những việc mình làm rồi sẽ phải trả giá
the chuff,tiếng xì hơi
the closet is glass,tủ quần áo bằng kính
the closet is made of glass,Tủ quần áo làm bằng kính
the coast is clear,mọi thứ đều ổn
the cobbler's children go barefoot,Con cái thợ sửa giày cũng đi chân trần
the computer says no,máy tính không cho
the corpse at every funeral,xác người tại mỗi đám tang
the cupboard is bare,tủ trống trơn
the curtain falls,màn hạ
the curtains match the drapes,rèm cửa và màn cửa có cùng màu
the customer is always right,khách hàng luôn đúng
the cutting edge,công nghệ tiên tiến
the damage is done,sự việc đã xảy ra
the dear knows,người thân biết
the deuce you say,Cái gì cơ
the devil,ác quỷ
the devil a one,một con quỷ
the devil is a liar,quỷ là kẻ nói dối
the devil is in the detail,ma quỷ nằm ở chi tiết
the devil is in the details,ma quỷ nằm ở những chi tiết nhỏ
the devil looks after his own,ma quỷ luôn bảo vệ những kẻ thuộc về nó
the Devil take the hindmost,cứ việc làm cứ việc chịu
the devil you know,quỷ mà mình biết
the devil you say,cái quỷ gì thế
the dickens you say,Cái quái gì vậy
the die is cast,ván đã đóng
the dog ate my homework,con chó đã ăn bài tập của tôi
the dose makes the poison,Liều lượng quyết định độc tính
the drinks are on me,Tôi mời đồ uống
the early bird catches the worm,Ai chịu khó sẽ thành công
the early bird gets the worm,Ai chịu khó sẽ được đền đáp
the Earth kept spinning,Trái đất vẫn tiếp tục quay
the end,kết thúc
the end justifies the means,mục đích biện minh cho phương tiện
the end of one's rope,đến đường cùng
the ends justify the means,mục đích biện minh cho phương tiện
the fact that,sự thật là
the fat hit the fire,mỡ bắn vào lửa
the fat is in the fire,mọi chuyện đã vượt tầm kiểm soát
the feathers fly,lông vũ bay
the feezy,cái lạnh
the fewer the better fare,càng ít càng tốt giá cả phải chăng
the final straw,giọt nước tràn ly
the finest,tuyệt vời nhất
the finger,ngón tay
the fish rots from the head,cá mục từ đầu
the fix is in,mọi chuyện đã được sắp đặt
the forbidden fruit tastes the sweetest,Trái cấm có vị ngọt nhất
the freaks come out at night,Những kẻ lập dị xuất hiện vào ban đêm
the frosting on the cake,lớp kem trang trí trên bánh
the fuck,chút
the fuckola,chú mày
the fur flies,mọi chuyện trở nên căng thẳng
the future is now,Tương lai đã đến
the game is up,trò chơi kết thúc
the genie's out of the bottle,đã mở ra những điều không thể kiểm soát
the ghost walks,bóng ma đi lại
the girls are fighting,các bạn gái đang đánh nhau
the gods smile on someone,thần linh phù hộ
the good die young,người tốt thường chết trẻ
the good doctor,bác sĩ tốt
the good old days,những ngày xưa tốt đẹp
the grapes are sour anyway,dù sao thì quả nho cũng chua
the grass is always greener,cỏ nhà ai cũng xanh hơn
the half of it,một nửa của nó
the handbags come out,túi xách được bày ra
the handwriting is on the wall,báo hiệu nguy hiểm
the hard way,bằng cách khó khăn
the Hatfields and the McCoys,gia đình Hatfield và gia đình McCoy
the heart wants what it wants,trái tim muốn gì thì muốn
the heat is on,nóng lên rồi
the heat of the moment,cái nóng giận
the heavens open,bầu trời mở ra
the hell you say,Cái gì cơ
the hit dog hollers,con chó bị đánh sủa
the house always wins,sòng bạc luôn thắng
the icing on the cake,cái đẹp thêm vào
the ink was not even dry,mực chưa khô hẳn
the Internet never forgets,Internet không bao giờ quên
the jig is up,mọi chuyện đã rõ ràng
the job is oxo,công việc này rất tốt
the job's a good 'un,công việc này rất tốt
the joke is on someone,chuyện cười là để cho ai đó
the joke's on someone,Ai đó bị lừa
the jokes write themselves,Những câu chuyện hài tự viết ra
the juice is worth the squeeze,cái lợi lớn hơn cái giá phải trả
the jury is still out,chưa có kết luận
the knives are out,mâu thuẫn đã bắt đầu
the lady doth protest too much,người phụ nữ ấy quá lời
the last gasp of something,lần cuối cùng
the last I heard,lần cuối tôi nghe
the last of pea-time,cuối mùa đậu Hà Lan
the last straw,giọt nước tràn ly
the latchstring is out,cửa mở
the law is a ass,Luật lệ là một kẻ ngốc
the law is an arse,Luật pháp thật khó chịu
the law is an ass,Luật pháp thật ngốc nghếch
the length of the Flemington straight,độ dài đường thẳng ở Flemington
the line is busy,máy bận
the lion's share,phần lớn nhất
the long way around the barn,con đường vòng quanh chuồng ngựa
the longest pole knocks the persimmon,cây cột dài nhất đập vào quả hồng
the longest purse knocks the persimmon,túi dài nhất đập vào quả hồng
the Lord works in mysterious ways,Chúa làm việc theo những cách kỳ diệu
the man of one's dreams,người trong mộng
the map is not the territory,Bản đồ không phải là lãnh thổ
the math ain't mathing,phép tính không đúng
the math is mathing,phép tính đúng
the measles,sởi
the middle ground,cái trung gian
the middle of nowhere,nơi xa xôi hẻo lánh
the mind boggles,thật khó tin
the mixture as before,hỗn hợp như trước
the moment that,khoảnh khắc đó
the moon on a stick,ánh trăng trên que
the moral high ground,địa vị đạo đức cao hơn
the more the merrier,càng đông càng vui
the more you know,càng biết càng tốt
the natives are getting restless,Người dân bản địa đang trở nên bất mãn
the natives are restless,người dân địa phương đang bất ổn
the nerve of,sự láo
the night is young,đêm còn trẻ
the nose knows,mũi biết
the old guard,cán bộ cũ
the oldest trick in the book,mánh khóe cũ kỹ nhất
the one that got away,người đã bỏ lỡ
the other day,vài ngày trước
the other white meat,thịt lợn
the pantaloons off,cởi quần
the pants off,quần áo
the party is over,Tiệc đã kết thúc
the penny drops,mọi thứ trở nên rõ ràng
the pick of something,những cái tốt nhất
the pleasure is all mine,Rất hân hạnh
the plot thickens,cốt truyện trở nên phức tạp hơn
the powers that be,những người có quyền lực
the promised land,miền đất hứa
the proof is in the eating,chất lượng nằm ở trải nghiệm
the proof is in the pudding,chứng cứ nằm ở kết quả
the quality,chất lượng
the rabbit died,con thỏ chết rồi
the race that stops a nation,cuộc đua làm rung chuyển cả quốc gia
the rest is gravy,phần còn lại là chuyện nhỏ
the rest is history,phần còn lại là lịch sử
the revolution will not be televised,cuộc cách mạng sẽ không được phát sóng t…
the rich get richer,Người giàu ngày càng giàu hơn
the rubber hits the road,thực tế bắt đầu
the rubber meets the road,thực tế
the same mixture as before,cùng hỗn hợp như trước
the schoolmaster is abroad,hiệu trưởng đang ở nước ngoài
the second mouse gets the cheese,con chuột thứ hai mới được ăn phô mai
the seven bells,bảy tiếng chuông
the shape of things to come,hình dáng của tương lai
the sharp end,mũi nhọn
the shirt off one's back,cái áo trên lưng
the shoemaker's children go barefoot,Con của người thợ làm giày lại đi chân t…
the shoemaker's son always goes barefoot,con của người thợ làm giày luôn đi chân …
the show must go on,chương trình vẫn tiếp tục
the sky fell in,bầu trời sụp đổ
the sky is the limit,bầu trời là giới hạn
the sky's the limit,bầu trời là giới hạn
the something of one's dreams,ước mơ của ai đó
the spirit moves someone,linh hồn thúc đẩy ai đó
the spoils belong to the victor,chiến thắng thuộc về kẻ mạnh
the squeaky wheel gets the grease,Ai kêu nhiều thì được ưu tiên
the squeaky wheel gets the oil,Ai kêu nhiều thì được ưu tiên
the story goes,câu chuyện kể rằng
the streets are paved with gold,đường phố trải vàng
the struggle is real,khó khăn thật
the sun is over the yardarm,đã đến giờ uống rượu
the sun sets on something,mặt trời lặn trên một thứ gì đó
the tackies hit the tar,giày dép dính vào nhựa đường
the tail wags the dog,con đuôi vẫy con chó
the terrorists will have won,Những kẻ khủng bố sẽ chiến thắng
the thick plottens,cốt truyện dày đặc
the thing is,sự thật là
the thing of it,điều đó
the thumbs down,biểu tượng không thích
the thumbs up,cử chỉ tay cái
the time has come,Đã đến lúc rồi
the tip of the iceberg,chỉ là phần nổi của tảng băng
the toilet is clogged,bồn cầu bị tắc
the trash takes itself out,rác tự đổ đi
the truth is in the wine,sự thật nằm trong rượu
the truth that,sự thật rằng
the turns have tabled,các vấn đề đã được đưa ra thảo luận
the upper hand,thế chủ động
the very thing,chính điều đó
the victor gets the spoils,người chiến thắng được hưởng thành quả
the vultures are circling,chim ruồi đang bay vòng vo
the way things are going,tình hình hiện tại
the wheel has come full circle,mọi thứ đã trở lại điểm xuất phát
the wheel turns,bánh xe quay
the wheels came off,mọi thứ trở nên tồi tệ
the wheels came off the bus,bánh xe của xe buýt bị rơi
the wheels came off the wagon,bánh xe của xe bị tuột
the wheels fall off,bánh xe bị rơi
the wheels fell off,bánh xe bị rơi
the wheels fell off the bus,bánh xe của xe buýt bị rơi
the wheels fell off the wagon,bánh xe của xe đã rơi ra
the whistle doesn't pull the train,còi không kéo tàu
the whole world and his dog,tất cả mọi người
the winner takes it all,người chiến thắng sẽ có tất cả
the wolf is at the door,sói đang ở ngoài cửa
the woman of one's dreams,người phụ nữ trong mơ
the word is go,đi
the world is one's lobster,thế giới là của bạn
the world is someone's oyster,thế giới là của bạn
the world kept spinning,thế giới vẫn tiếp tục quay
the world over,trên toàn thế giới
the world owes one a living,thế giới nợ mình một cuộc sống viên mãn
the worse for wear,hỏng hóc
the writing is on the wall,báo hiệu nguy hiểm
the wrong side of,phía ngược
them that has gets,những người có được
them what has gets,họ cái gì có
them's the breaks,Đó là số phận
them's the facts,Đó là sự thật
then again,nhưng mà
then and in that event,lúc đó và trong trường hợp đó
then and there,ngay tại đó
there and back,đi và về
there are no atheists in foxholes,Không có người vô thần nào trong hầm phá…
there are no stupid questions,Không có câu hỏi ngốc nghếch
there for everyone to see,ai cũng có thể thấy
there goes the neighborhood,khu phố này rồi
there goes the neighbourhood,khu phố này rồi
there is no doubt that,chắc chắn rằng
there is no free lunch,Không có gì là miễn phí
there is no honor among thieves,Không có danh dự giữa những kẻ trộm
there is no honour among thieves,Không có danh dự giữa những kẻ trộm
there is no Planet B,Không có hành tinh B
there is no replacement for displacement,Không có gì có thể thay thế được sự di d…
there is no spoon,không có thìa
there is no telling,khó nói
there is safety in numbers,Đoàn kết là sức mạnh
there is something in the water,có gì đó trong nước
there is strength in numbers,Đoàn kết là sức mạnh
there is the rub,đó là vấn đề
there lies the rub,đó là vấn đề
there one has it,người đó có nó
there ought to be a law,nên có một luật
there oughta be a law,Cần có một luật
there oughtta be a law,Cần có một luật
there she blows,Đó nó phun ra rồi
there we go,khởi hành rồi
there you are,Đó bạn rồi
there you go,Đó rồi
there you have it,đây rồi
there's a first time for everything,Mọi thứ đều có lần đầu tiên
there's a good time coming,sẽ có những thời điểm tốt đẹp đến
there's a lid for every pot,có bạn cho mọi người
there's a sucker born every minute,Có kẻ ngốc xuất hiện mỗi phút
there's a thought,có lẽ vậy
there's always a bigger fish,luôn có người mạnh hơn
there's been an accident,Đã xảy ra tai nạn
there's more where that came from,còn nhiều hơn nữa
there's no "there" there,không có gì ở đó
there's no accounting for taste,Không ai có thể phán xét gu thẩm mỹ của …
there's no business like show business,Không có ngành nghề nào giống như ngành …
there's no I in team,Không có chữ "i" nào trong từ "team
there's no place like home,Không đâu bằng nhà
there's no shame in my game,Tôi không có gì để hổ thẹn
there's no smoke without fire,Không có lửa thì không có khói
there's no there there,không có gì cả
there's no time like the present,Không có thời điểm nào tốt hơn lúc này
there's no use,thật vô ích
there's nothing to it,chuyện nhỏ
there's nowt so queer as folk,Con người thật kỳ lạ
there's one born every minute,có người cả tin
there's the rub,đó là vấn đề
thereby hangs a tale,từ đó mà ra câu chuyện
therein lies the rub,ở đó có vấn đề
these things happen,những điều như vậy xảy ra
they say,họ nói
they should have sent a poet,Họ nên cử một nhà thơ
they'll do it every time,họ sẽ làm điều đó mỗi lần
they're only after one thing,Họ chỉ quan tâm đến một điều
thick and thin,dày và mỏng
thick and threefold,dày và gấp ba
thick as a brick,dày như gạch
thick as thieves,quán thân như hình với bóng
thick end,đầu to
thick of things,giữa tâm điểm
thick skin,da dày
thicken up,làm đặc
thicker than a Snickers,dày hơn một thanh Snickers
thief in the night,kẻ trộm đêm
thieve out,lấy trộm
thin air,không khí loãng
thin down,loãng ra
thin end of the wedge,mồi nhử
thin out,làm loãng
thin the herd,loại bỏ bớt
thin up,gầy đi
thing is,điều là
thing of the past,quá khứ
think about,suy nghĩ về
think again,cân nhắc lại
think aloud,nói to
think back,nhớ lại
think better of something,nghĩ lại về điều gì đó
think for oneself,suy nghĩ độc lập
think highly of,co ý kiến tốt về
think nothing of doing something,không ngại làm gì
think nothing of it,không sao đâu
think of,nghĩ về
think of England,Hãy nghĩ đến nước Anh
think on,suy nghĩ về
think on one's feet,ứng biến nhanh
think one hung the moon,người ta nghĩ rằng anh ấy là người tuyệt…
think one is God's own cousin,coi như là anh em họ của Chúa
think one's shit doesn't stink,tự cao tự đại
think out,suy nghĩ
think out loud,nói ra suy nghĩ
think outside the box,sáng tạo
think over,suy nghĩ
think tank,nhóm nghiên cứu
think the world of,co ý kiến cao về
think through,suy nghĩ kỹ
think twice,cân nhắc kỹ
think up,sáng tạo
think with one's little head,suy nghĩ đơn giản
thinking cap,mũ tư duy
thinking man's,người thông minh
third hand,tay thứ ba
third string,dây thứ ba
third time is the charm,cố gắng lần thứ ba rồi thành công
third time lucky,may mắn lần thứ ba
third time pays for all,lần thứ ba trả cho tất cả
third time's a charm,cái ba lần mới thành công
third time's the charm,cố gắng lần thứ ba rồi thành công
third wheel,người thừa
thirteenth reason why,mười ba lý do
this day six months,hôm nay sáu tháng
this is not a drill,Đây không phải là trò đùa
this is someone,Đây là ai
this is the life,Đời thật tuyệt vời
this is war,đây là chiến tranh
this is where I came in,Đây là nơi tôi đã đến
this is where we came in,Đây là nơi chúng ta bắt đầu
this mean time,giờ này
this means war,điều này có nghĩa là chiến tranh
this minute,ngay bây giờ
this much,nhiều như vậy
this too shall pass,cái này rồi cũng sẽ qua
this too shall pass away,cái này rồi cũng sẽ qua đi
thorn in someone's side,rắc rối
thorn in the flesh,nỗi khổ khó chịu
those that have get,những người có
those that have get more,người có được sẽ được nhiều hơn
those were the days,Đó là những ngày tươi đẹp
those who have get,những người đã có
those who have get more,người có được sẽ có thêm
those who know,những người biết
thought bubble,bong bóng suy nghĩ
thoughts and prayers,Lời cầu nguyện và sự đồng cảm
thrash about,giãy giụa
thrash out,thảo luận sôi nổi
thread of thought,dòng suy nghĩ
thread the needle,luồn kim
three green,ba màu xanh
three guys in a garage,ba người đàn ông trong một nhà để xe
three hots and a cot,chỗ ở tạm và ba bữa ăn
Three Musketeers,Ba Musketeer
three score and ten,muốn mươi
three sheets to the wind,say đắm
three skips of a louse,ba lần nhảy của một con rận
three squares,ba ô vuông
Three Stooges,Ba người ngốc
three strikes and you're out,ba lần phạm lỗi thì bị loại
three times a charm,ba lần là may mắn
three's a crowd,ba người chen chúc
three-dog night,đêm có ba buổi biểu diễn
three-martini lunch,bữa trưa uống ba ly rượu martini
three-ring circus,rạp xiếc ba vòng
thresh out,giải quyết
thrill kill,hưng phấn chết chóc
thrill killer,kẻ giết người hàng loạt
thrill of the hunt,cảm giác hồi hộp khi săn bắt
thrills and spills,cảm giác hồi hộp và bất ngờ
throttle down,giảm tốc
through and through,từ trên xuống dưới
through the ceiling,qua trần nhà
through the eyes of,thông qua góc nhìn của
through the floor,qua sàn nhà
through the gate,qua cổng
through the hawsehole,qua lỗ xả nước
through the lens of,thông qua góc nhìn của
through the looking glass,qua tấm gương
through the looking-glass,qua tấm gương
through the mill,qua nhiều khó khăn
through the roof,vượt quá mức
through the wazoo,quá nhiều
through thick and thin,qua mọi khó khăn
throw a bone to,ném xương cho
throw a fit,khóc lóc giận dỗi
throw a kiss,ném nụ hôn
throw a spanner in the works,phá đám
throw a tantrum,khóc lóc giận dỗi
throw a wet blanket on,làm hỏng không khí vui
throw a wobbly,khùng điên
throw a wrench in,gây khó khăn
throw a wrench in the gears,phá đám
throw a wrench in the works,phá đám
throw about,ném điên cuồng
throw an ant into a sty,ném kiến vào chuồng lợn
throw an eye,nhìn lướt qua
throw aside,bỏ đi
throw away,vứt bỏ
throw away the key,vứt bỏ chìa khóa
throw back,ném lại
throw by,ném bởi
throw caution to the wind,liều lĩnh
throw cold water on,phản đối
throw down,ném xuống
throw down the gauntlet,thách thức
throw dust in someone's eyes,làm mờ mắt ai đó
throw good money after bad,ném tiền vào chỗ chết
throw in,bỏ vào
throw in at the deep end,ném vào nước sâu
throw in the towel,bỏ cuộc
throw in with,tham gia
throw it back,nhảy nhót
throw light on something,làm rõ điều gì đó
throw money away,ném tiền đi
throw of the dice,đánh xúc xắc
throw off,làm mất tập trung
throw off balance,làm mất thăng bằng
throw off on,ném đi
throw off the trail,làm lạc hướng
throw on,mặc tạm
throw one's cap over the windmill,lao đầu vào
throw one's hat in the ring,tham gia tranh cử
throw one's hat over the fence,đặt cược
throw one's hat over the wall,ném mũ qua tường
throw one's hat over the windmill,lao vào một tình huống khó khăn
throw one's hotdog down someone's hallway,ném xúc xích vào hành lang của ai đó
throw one's voice,giả giọng
throw one's weight around,lạm quyền
throw one's weight behind,ủng hộ
throw oneself at,chăm sóc âu yếm
throw oneself behind,ủng hộ
throw oneself into,dồn hết sức lực vào
throw out,vứt bỏ
throw over,ném qua
throw overboard,ném xuống biển
throw shapes,uốn mình
throw someone a rope,giúp đỡ ai đó
throw spaghetti at the wall,thử nhiều cách khác nhau
throw stones,ném đá
throw stones in a glass house,ném đá vào nhà bằng thủy tinh
throw the book at,trừng phạt nghiêm khắc
throw the bull,ném trâu
throw the bull around,nói xàm
throw them bows,ném chúng đi
throw to the dogs,ném cho chó
throw to the wind,ném đi
throw to the wolves,ném cho bầy sói
throw together,tổ chức vội vàng
throw up,nôn
throw up one's hands,vẫy tay bỏ cuộc
throw up the sponge,thừa nhận thất bại
throw up to,ném lên
throw wobblies,gây rối
thrust out,đẩy ra
thrutch up,cố gắng hết sức
thud and blunder,va chạm và sai lầm
thug it out,cố gắng
thumb a ride,gãi tay đi nhờ xe
thumb down,bắt tay xuống
thumb on the scale,can thiệp
thumb one's nose,nhếch mép
thumb through,lật nhanh
thus and so,do đó và vì vậy
thus and such,do đó và những điều tương tự
thus far,cho đến nay
tib out,ra ngoài
tick a lot of boxes,phù hợp với nhiều tiêu chí
tick all the boxes,đánh dấu tất cả các ô
tick and flick,nhấp và lướt
tick and tie,cravat
tick and toy,ve sài đồ chơi
tick away,trôi qua
tick by,từng chút một
tick down,giảm dần
tick off,bỏ phiếu
tick on,chọn
tick over,hoạt động liên tục
tick past,hẹn giờ
tick-tock biological clock,đồng hồ sinh học
ticket to ride,vé tàu
tickle pink,thích thú vô cùng
tickle someone's funny bone,thấy buồn cười
tickle someone's pickle,gây cười
tickle the dragon's tail,kích động rồng
tickle the ear,nghe rất hay
tickle the sausage,chọc tức xúc xích
tickle the wire,chạm vào dây
tickled pink,vui mừng khôn xiết
tidally locked,khóa thủy triều
tide nor time tarrieth no man,thời gian không chờ đợi ai
tide over,vượt qua khó khăn
tidy up,dọn dẹp
tie back,buộc lại
tie down,trói buộc
tie in,kết nối
tie in knots,bối rối
tie in with,liên quan đến
tie into,kết nối với
tie off,thắt nút
tie one on,uống say
tie oneself in knots,bối rối
tie out,trói lại
tie over,buộc lại
tie someone's hands,trói tay ai đó
tie the knot,kết hôn
tie to,kết nối với
tie up,trói
tie up loose ends,hoàn thành các công việc còn dang dở
tied in knots,bối rối
tiger of a different stripe,hoang tử
tight as Dick's hatband,siết chặt
tight lips,mím môi chặt
tight ship,mọi thứ đều ngăn nắp gọn gàng
tight spot,hoàn cảnh khó khăn
tight squeeze,khó khăn
tighten down,siết chặt
tighten the purse strings,thắt chặt chi tiêu
tighten up,siết chặt
tighter than Dick's hatband,chặt chẽ hơn bất cứ điều gì
tighty whities,quần lót trắng
till all hours,cho đến tận khuya
till death do us part,cho đến khi chúng ta lìa đời
till next time,hẹn gặp lại
till the cow come home,cho đến khi bò về chuồng
till the cows come home,cho đến khi nào
till time,cho đến khi
till we meet again,hẹn gặp lại
tilt at windmills,đánh nhau với cối xay gió
time after time,lần lượt
time alone will tell,thời gian sẽ trả lời
time and again,lần lượt
time and material,vật tư và nhân công
time and tide,thời gian và thủy triều
time and time again,lần này sau lần khác
time back,quay lại thời gian
time bandit,kẻ cướp thời gian
time burglar,kẻ trộm thời gian
time crime,tội phạm liên quan đến thời gian
time flies,thời gian trôi nhanh
time flies when you're having fun,Thời gian trôi nhanh khi bạn đang vui vẻ
time forgot,thời gian trôi qua
time hangs heavily,thời gian trôi chậm chạp
time hangs heavy,thời gian trôi chậm
time heals,thời gian chữa lành
time heals all hurts,Thời gian chữa lành mọi vết thương
time heals all sorrows,Thời gian chữa lành mọi nỗi đau
time heals all things,Thời gian chữa lành mọi điều
time heals all wounds,Thời gian chữa lành mọi vết thương
time heals every wound,Thời gian chữa lành mọi vết thương
time in,trong khoảng thời gian
time is a flat circle,Thời gian là một vòng tròn phẳng
time is a great healer,Thời gian là liều thuốc tốt nhất
time is money,thời gian là tiền bạc
time is of the essence,thời gian rất quan trọng
time is on one's side,thời gian có lợi cho mình
time is ripe,Đã đến lúc
time is short,thời gian ngắn
time is the great healer,Thời gian là liều thuốc tốt nhất
time is ticking,thời gian trôi nhanh
time is up,hết giờ
time it out,hẹn giờ
time of old,thời xưa
time of one's life,thời gian tuyệt vời nhất
time off,thời gian nghỉ
time out,tạm dừng
time out of mind,từ xưa đến nay
time over,hết giờ
time past,quá khứ
time stands still,thời gian ngừng trôi
time thief,kẻ trộm thời gian
time to make the donuts,đến giờ làm bánh rán rồi
time will tell,thời gian sẽ trả lời
time window out,hết thời gian chờ
time you got a watch,lúc bạn mua đồng hồ
time's a-wasting,thời gian trôi nhanh
time's up,hết giờ
times past,quá khứ
timing is everything,Thời gian là tất cả
tin god,tin đồn
tin-pot dictatorship,chế độ độc tài nhỏ mọn
Tinker to Evers to Chance,Tinker chuyền bóng cho Evers, Evers chuy…
tinker up,sửa chữa tạm thời
tip back,ngả lưng
tip down,hạ xuống
tip it down,rót xuống
tip of the hat,chào
tip of the ice cube,đỉnh của viên đá
tip of the iceberg,phần nổi của tảng băng
tip off,báo tin
tip one's hat,chào bằng mũ
tip out,bỏ ra
tip over,lật đổ
tip the scale,làm thay đổi cán cân
tip the scales,làm thay đổi cán cân
tip the wink,nháy mắt báo hiệu
tip up,nghiêng lên
tiptoe around,lén lút
tiptoe through a minefield,cẩn trọng từng bước
tire fire,cháy lốp
tire out,mệt mỏi
tired and emotional,mệt mỏi và xúc động
tit about,tiêu đề về
tit for tat,đáp trả lại
tit up,kích thích tình dục
tits or GTFO,hoặc biến đi
tits up,ngực trần
tl dr,tóm tắt
to a degree,ở một mức độ nào đó
to a desire,theo mong muốn
to a fare thee well,tạm biệt
to a fare you well,tạm biệt
to a fare-thee-well,tận tình
to a fare-you-well,tận tình
to a fault,quá mức
to a fine fare-thee-well,tạm biệt
to a first approximation,xấp xỉ
to a great extent,ở một mức độ lớn
to a greater extent,ở mức độ lớn hơn
to a hair,tóc
to a large extent,ở một mức độ lớn
to a lesser extent,ở mức độ nhỏ hơn
to a man,cho một người đàn ông
to a nicety,hoàn hảo
to a T,hoàn hảo
to a tee,hoàn hảo
to a tick,đến một dấu
to a tittle,từng chút một
to a turn,theo chiều
to all appearance,dường như
to all appearances,dường như
to all intents and purposes,về mọi mặt
to an extent,ở một mức độ nào đó
to and fro,qua lại
to arms,báo động
to be continued,sẽ tiếp tục
to be early days,còn quá sớm
to be fair,thực ra
to be honest,thực ra
to be named later,sẽ được công bố sau
to be on the safe side,để phòng ngừa
to be precise,cụ thể hơn
to be reckoned with,đáng được coi trọng
to be sure,chắc chắn
to be truthful,thành thật
to beat the band,vượt trội hơn
to begin with,đầu tiên
to bits,từng mảnh
to boot,thêm vào đó
to cap it all,tóm lại
to crown it all,để kết thúc mọi chuyện
to date,đến nay
to death,tử vong
to die for,sẵn sàng hy sinh vì
to distraction,phân tâm
to do with,liên quan đến
to each his own,mỗi người một sở thích
to each their own,mỗi người một sở thích
to err is human,sai lầm là điều con người thường mắc phả…
to go,đi
to God,cho Chúa
to hand,trao tay
to have and to hold,yêu và trân trọng
to heel,gót chân
to hell,đi đời nhục
to hell and back,qua địa ngục và trở lại
to hell in a handbasket,đi đời rồi
to hell with,chết tiệt
to high heaven,cao ngất ngưởng
to let,cho phép
to little avail,không mấy hiệu quả
to make matters worse,thêm vào đó
to meward,đến với
to my mind,theo tôi
to name a few,chỉ là một vài ví dụ
to no avail,vô ích
to no purpose,vô ích
to one's advantage,có lợi cho
to one's bone,đến tận xương tủy
to one's bones,đến tận xương tủy
to one's credit,điều đáng tự hào
to one's dying day,cho đến lúc chết
to one's face,trực tiếp
to one's feet,đứng lên
to one's heart's content,thỏa thích
to one's knowledge,theo như mình biết
to one's mind,theo ý kiến của ai đó
to one's name,tên của ai đó
to one's own cheek,vào má mình
to one's rescue,cứu giúp
to one's way of thinking,theo cách suy nghĩ của ai đó
to order,đặt hàng
to overflowing,tràn ngập
to perfection,hoàn hảo
to pieces,tan vỡ
to reckon with,đối mặt với
to rights,quyền
to save one's life,cứu sống
to say nothing of,chưa kể
to say the least,ít nhất là
to scale,thu nhỏ
to some degree,ở một mức độ nào đó
to some extent,ở một mức độ nào đó
to someone's credit,điều đáng ghi nhận về ai đó
to someone's face,trực tiếp
to someone's liking,theo ý thích của ai đó
to someone's taste,theo sở thích của ai đó
to spare,tiết kiệm
to speak of,nói về
to sum up,tóm lại
to taste,thưởng thức
to tell the truth,thực ra
to tell you the truth,thực ra thì
to that effect,theo đó
to that end,với mục đích đó
to the backbone,tới cột sống
to the best of one's knowledge,theo hiểu biết của mình
to the bone,đến tận xương tủy
to the bones,đến tận xương tủy
to the brim,đầy ắp
to the contrary,ngược lại
to the core,đến tận cùng
to the day,đến tận ngày
to the death,đến cùng
to the effect,theo nghĩa
to the end of the chapter,đến cuối chương
to the end of time,cho đến hết thưở này
to the exclusion of,loại trừ
to the extent that,ở mức độ nào
to the fore,ở vị trí hàng đầu
to the full,đủ
to the fullest,tận tình
to the gills,đầy ắp
to the gods,cho các vị thần
to the good,tốt đẹp
to the gunnels,đến mép boong
to the gunwales,đến mép boong
to the hilt,tận tình
to the last,đến cuối cùng
to the last man,đến người cuối cùng
to the left,bên trái
to the letter,chính xác
to the life,sống
to the limit,tới giới hạn
to the marrow,đến tận xương tủy
to the max,tối đa
to the moon,lên mặt trăng
to the moon and back,từ đây đến mặt trăng và trở lại
to the nines,hoàn hảo
to the nth degree,đến mức độ thứ n
to the point,đi thẳng vào vấn đề
to the power of,lũy thừa
to the prejudice of,tới mức gây bất lợi cho
to the purpose,vào mục đích
to the quick,nhanh chóng
to the rafters,đến tận nóc nhà
to the rescue,đến cứu giúp
to the tee,hoàn hảo
to the tonsils,vào amidan
to the top of one's bent,tới giới hạn
to the touch,khi sờ
to the tune of,theo giai điệu
to the turn of a hair,tới mức cực nhòe
to the victor belong the spoils,chiến thắng thuộc về kẻ mạnh
to the victor go the spoils,chiến thắng thuộc về kẻ mạnh
to the victor the spoils,chiến thắng thuộc về kẻ mạnh
to the wide,ra biển
to thine own self be true,Hãy trung thực với chính mình
to this day,cho đến tận bây giờ
to this effect,theo đó
to this end,để đạt được mục đích đó
to those it may concern,tới những người có liên quan
to time,đúng giờ
to top it all,để thêm vào đó
to top it off,để thêm vào đó
to what extent,ở mức độ nào
to whom it may concern,Kính gửi
to whom this may concern,Kính gửi người có liên quan
to wit,tức là
to your health,vì sức khỏe của bạn
toast of the town,người nổi tiếng
toast up,nướng
today we are all,hôm nay chúng ta đều
toddle off,đi lạch thạch
toe in,chạm chân vào
toe out,bước chân ra ngoài
toe the line,tuân thủ quy định
toes up,chết
together with,cùng với
toil and moil,còng lưng cực nhọc
toke up,sử dụng ma túy
tokens get spent,tiền được tiêu
told you,tôi đã nói với bạn rồi
told you so,ta đã bảo rồi
tomayto tomahto,cà chua cà chua
tomorrow is another day,Ngày mai là một ngày khác
tomorrow never comes,ngày mai không bao giờ đến
tone down,giảm bớt
tone in,điều chỉnh
tone up,cải thiện
tone with,cùng điệu
tonsil hockey,viêm amidan
tonsil tennis,viêm amidan cấp tính
too bad,thật tiếc
too big for one's boots,tự cao tự đại
too big for one's britches,tự cao tự đại
too clever by half,quá thông minh
too cool for school,quá ngầu
too good for this world,quá tốt cho thế giới này
too good to be true,quá tốt để có thể tin được
too hot to hold,quá nóng để cầm
too late,quá muộn
too little too late,quá muộn
too long; didn't read,quá dài chưa đọc
too many balls in the air,quá nhiều việc phải làm cùng lúc
too many chefs spoil the broth,quá nhiều đầu bếp làm hỏng món ăn
too many cooks spoil the broth,nhiều người nấu thì canh bị hỏng
too many cooks spoil the soup,nhiều người nấu thì canh bị hỏng
too many cooks spoil the stew,quá nhiều người cùng làm thì việc không …
too many cooks spoils the broth,nhiều người nấu thì canh bị hỏng
too much,quá nhiều
too much of a good thing,quá nhiều điều tốt đẹp
too much water drowned the miller,Nước dâng quá cao cuốn trôi người xay bộ…
too rich for one's blood,quá đắt
too right,hoàn toàn đúng
tool around,đi dạo
tool up,chuẩn bị dụng cụ
tools of trade,dụng cụ làm nghề
toora loora,tò ti tò
toot one's own horn,tự khoe khoang
toothpaste is out of the tube,kem đánh răng hết trong tuýp
top and tail,đầu và cuối
top banana,người đứng đầu
top cat,mèo đầu đàn
top dog,người đứng đầu
top dollar,giá cao nhất
top drawer,hộc trên
top end of town,khu trung tâm thành phố
top it off,thêm vào
top notch,hàng đầu
top of mind,quan trọng hàng đầu
top of the hour,đúng giờ
top of the line,cao cấp nhất
top of the morning,chúc buổi sáng tốt lành
top of the shop,mặt trước cửa hàng
top off,thêm vào
top oneself,tự tử
top out,đến đỉnh
top shelf,kệ trên cùng
top the charts,xếp hạng đầu
top to bottom,từ trên xuống dưới
top up,nạp thêm
top-heavy with drink,say đắm trong rượu
topple over,lật đổ
torch down,băng bitum
torch up,đốt cháy
torque off,tắt lực xiết
torque up,siết chặt
torqued off,tức giận
tosh up,làm đẹp
toss and turn,xoay vặn
toss around,ném qua lại
toss away,vứt bỏ
toss down,ném xuống
toss in,thêm vào
toss in with,thêm vào
toss it in,cho vào
toss off,ném đi
toss out,vứt bỏ
toss together,trộn lẫn
toss up,quyết định ngẫu nhiên
tot lot,khu vui chơi trẻ em
tot up,cộng lại
total package,gói tổng hợp
total up,tổng cộng
totally disconnected,hoàn toàn không kết nối
totally ordered,hoàn toàn có thứ tự
tote up,cộng lại
totus porcus,heo
touch a nerve,chạm đến cảm xúc
touch and go,ngàn cân treo sợi tóc
touch base,liên hệ
touch down,hạ cánh
touch in,chạm vào
touch off,kích hoạt
touch on,đề cập đến
touch oneself,chạm vào bản thân
touch out,chạm vào
touch the hem of someone's garment,sờ vào mép áo của ai đó
touch up,sửa lại
touch upon,đề cập đến
touch wood,gõ cửa gỗ
tough as nails,chất như đá
tough bananas,chuối xanh
tough beans,khó khăn
tough break,thật đáng tiếc
tough call,quyết định khó khăn
tough case,trường hợp khó
tough cookies,những người khó khăn
tough going,khó khăn
tough it out,vượt qua khó khăn
tough love,tình yêu khắc nghiệt
tough luck,thật đáng tiếc
tough out,vượt qua
tough sledding,khó khăn
tough tacos,bánh taco giòn
tough tarts,bánh ngọt cứng
tough titty,thật đáng tiếc
tough titty said the kitty,Ôi trời ơi
tough toodles,khó khăn
tough tooshie,khó khăn
tough tuchus,mông to
tough tushie,mông
toughen up,chững chãi hơn
toujours perdrix,luôn luôn gà lôi
towel down,giảm số lượng khăn
towel off,lau khô
towel up,lau khô
tower over,vượt trội hơn
town and gown,cư dân và sinh viên
toy with,chơi đồ chơi
toys in the attic,đồ chơi trong gác mái
trace down,xác định vị trí
trace out,vạch ra
track down,tìm kiếm
track record,thành tích
track with,theo dõi cùng với
tractor out,máy kéo ra ngoài
trade away,trao đổi
trade down,hạ cấp
trade hands,trao đổi tay
trade in,trao đổi
trade off,đánh đổi
trade up,nâng cấp
trail away,mờ dần
trail behind,bị bỏ lại phía sau
trail off,dần dần kết thúc
trailer park trash,rác thải từ khu nhà di động
trailer trash,người sống trong xe kéo
train up,đào tạo
train wreck,thảm họa
trample out,dẫm tắt
trance out,mơ màng
transform and roll out,biến đổi và triển khai
trap and trace,bẫy và theo dõi
trap in,bẫy
trap out,bẫy
trash out,vứt bỏ
tread carefully,cẩn thận
tread down,dẫm đạp
tread lightly,cẩn trọng
tread on,đặt chân lên
tread on someone's toes,xâm phạm quyền lợi của ai đó
tread out,đi bộ
tread the boards,đóng vai
tread upon,đặt chân lên
treat of,xử lý
tremble and obey,run sợ và tuân lệnh
trench mouth,viêm lợi nhiệt miệng
trenything is possible,Mọi thứ đều có thể
trial and error,thử và sai
trial balloon,thử nghiệm
trial by fire,thử thách khắc nghiệt
trial by media,xét xử trên báo chí
trials and tribulations,thử thách và khó khăn
trice up,nâng lên
trick of the trade,mẹo nghề
trick off,tắt
trick out,nâng cấp
trick question,câu hỏi đánh lừa
trick up,mánh khóe
trick up one's sleeve,bài tủ
tricked out,đã được độ lại
trickle down,truyền xuống
tried and tested,đã được kiểm chứng
tried and trusted,đã được kiểm chứng và tin cậy
trifle with,làm qua quýt
trim down,cắt tỉa
trim up,cắt tỉa
trip out,tự do đi chơi
trip over,vấp ngã
trip over oneself,vấp ngã
trip to the woodshed,đi đến nhà kho gỗ
trip up,vấp ngã
triple down,tăng cường
trog off,tắt máy
trolley off,tắt xe đẩy
troon out,ra ngoài
trophy wife,vợ đại gia
trot off,chạy nhanh
trot out,khoe khoang
trotter case,vụ án liên quan đến ngựa kéo
trouble at mill,rắc rối ở nhà máy
trouble in paradise,rắc rối ở thiên đường
truck in,xe tải
truck out,vận chuyển bằng xe tải
true blue,chân thành trung thực
true colours,màu thật
true stripes,sọc ngang
true to form,đúng như tính cách
true up,kiểm tra lại
truly yours,chân thành của bạn
Trump bump,Hiệu ứng Trump
Trump slump,Sự suy giảm dưới thời Trump
trump up,bịa ra
trundle along,chầm chậm di chuyển
truss up,trói chặt
trust me bro,tin anh đi
trust someone to,tin tưởng ai đó để
trust the process,tin tưởng vào quá trình
truth be told,thực tế mà nói
truth is stranger than fiction,Sự thật đôi khi kỳ lạ hơn hư cấu
truth will out,sự thật cuối cùng sẽ phơi bày
try as one may,cố gắng đến đâu đi nữa
try as one might,dù cố gắng đến đâu
try it on,thử xem
try on,thử
try on for size,thử xem sao
try one's hand,thử sức
try one's hand at something,thử sức với điều gì đó
try one's luck,thử vận may
try out,thử
try the veal,thử thịt bê
tua culpa,Tôi xin lỗi
tube steak,xúc xích viên
tuck away,cất giấu
tuck in,cúi vào
tuck into,cuộn lại
tuck out,nhét vào
tuck up,cuộn lại
tucker out,mệt mỏi
tug at,kéo
tug of war,kéo co
tug one's forelock,kéo tai
tulip mania,cơn sốt hoa tulip
tumble down,ngã xuống
tumble in,trượt xuống
tumble on,vấp ngã
tumble to,ngã
tumble together,vụng về
tumble up,trượt ngã
tune down,giảm âm lượng
tune in,xem
tune out,tắt tiếng
tune up,chỉnh sửa
tuned in,theo dõi
tuppence worth,ý kiến nhỏ
turd in the punchbowl,điều tồi tệ làm hỏng mọi thứ
turf out,đuổi ra
turf war,cuộc chiến giành lãnh thổ
turkey shoot,bắn vịt
turn a blind eye,bỏ qua
turn a blind eye to something,bỏ qua
turn a corner,rẽ góc
turn a deaf ear,bỏ tai
turn a hair,nhíu mày
turn a phrase,diễn đạt một cách khéo léo
turn a profit,lợi nhuận
turn a setback into a comeback,biến thất bại thành cơ hội thành công
turn a trick,làm trò
turn about,quay lại
turn about is fair play,đổi chác là lẽ thường
turn against,chống lại
turn around,quay lại
turn aside,rẽ sang
turn away,quay đi
turn back,quay lại
turn back the clock,quay ngược thời gian
turn down,giảm xuống
turn forth,xuất hiện
turn heads,thu hút sự chú ý
turn in,nộp
turn in on oneself,tự cô lập
turn in one's grave,quay cuồng trong mồ
turn into,biến thành
turn into a pumpkin,biến thành bí
turn loose,thả
turn of events,diễn biến
turn of speed,tốc độ
turn of the screw,cái tua vít
turn off,tắt
turn on,bật
turn on its head,lật ngược lại
turn on one's heel,quay lưng bỏ đi
turn one's coat,lật áo
turn one's color,đổi màu
turn one's nose up,nhăn mặt
turn or burn,hoặc đốt
turn out,xảy ra
turn over,lật
turn over a new leaf,bắt đầu lại cuộc đời
turn round,quay lại
turn someone's head,làm xiêu lòng ai đó
turn tail,bỏ chạy
turn the air blue,gây tức giận
turn the boat,quay thuyền
turn the corner,rẽ cua
turn the other cheek,khiến cho đối phương thêm tức giận
turn the page,lật trang
turn the scale,làm thay đổi cán cân
turn the screw,xoáy ốc
turn the tables,lật ngược tình thế
turn the tide,thay đổi cục diện
turn to,quay sang
turn to dust,biến thành tro bụi
turn to good account,sử dụng hiệu quả
turn together,quay cùng nhau
turn turtle,lật úp
turn two,quay hai lần
turn under,lật mặt
turn up,tăng lên
turn up for the book,xuất hiện trong sách
turn up one's nose,nhăn mặt
turn up the heat,tăng nhiệt độ
turn up the volume on,tăng âm lượng
turn up trumps,thành công bất ngờ
turn upon,xoay quanh
turn upside down,lật ngược
turnabout is fair play,đây là trò chơi công bằng
turned of,tắt
turning point,điểm ngoặt
turtle down,rùa xuống
turtle head,đầu rùa
turtle up,rùa lên
twat about,nói về
twat around,lêu lỏng
tweak on,điều chỉnh
tweak out,điều chỉnh
twelve-ounce curls,lọn tóc xoăn 340 gram
twenty bucks is twenty bucks,hai mươi đô la là hai mươi đô la
twenty dollars is twenty dollars,hai mươi đô la là hai mươi đô la
twenty to the dozen,hai mươi quả một chục
twenty whole dollars,hai mươi đô la
twenty winks,chợp mắt
twenty-twenty hindsight,sự sáng suốt sau khi đã xảy ra
twiddle one's thumbs,ngồi không buồn chán
twilight industry,công nghiệp đang suy thoái
twilight years,những năm tháng cuối đời
twilight zone,vùng xám
twinkle in one's daddy's eye,ánh mắt lấp lánh của bố
twinkle in one's father's eye,ánh mắt lấp lánh của cha
twinkle out,tắt lấp lánh
twist and turn,xoắn ốc
twist in the wind,xoay trong gió
twist of fate,sự thay đổi đột ngột của số phận
twist up,xoắn lên
twists and turns,uốn lượn
two a penny,rẻ như bèo
two birds with one stone,giết hai con chim bằng một viên đá
two birds/one stone,một con chim hai đích
two birds—one stone,giết hai con chim bằng một viên đá
two bob,hai đồng
two can play at that game,người chơi nào cũng có thể chơi trò đó
two can play at this game,người chơi nào cũng có thể chơi trò này
two can play that game,chúng ta cũng có thể chơi trò đó
two can play this game,người chơi nào cũng có thể chơi trò này
two cents,hai xu
two for two,hai cho hai
two ha'pennies for a penny,hai xu đổi một đồng
two heads are better than one,Một đầu không bằng hai đầu
two left feet,chậm chạp vụng về
two left hands,không hợp nhau
two penn'orth,hai xu
two pennies to rub together,ít tiền
two pennies' worth,ý kiến của tôi
two plus two equals five,hai cộng hai bằng năm
two sides of the same coin,hai mặt của một đồng xu
two slips of latinum,hai miếng latum
two steps ahead,đi trước một bước
two tears in a bucket,hai giọt nước trong xô
two thumbs up,hoan nghênh
two up,hai người
two upon ten,hai trên mười
two wrongs don't make a right,sai lầm không thể sửa bằng một sai lầm k…
two wrongs make a right,Sai lầm không thể sửa bằng một sai lầm k…
two's company and three is none,hai người vui hơn một người còn ba người…
two-fisted drinker,người uống rượu mạnh
two-forty on a plank road,hai bốn trên đường gỗ
two-hit wonder,ca sĩ chỉ nổi tiếng với một bài hát
two-second rule,quy tắc hai giây
two-way street,đường hai chiều
type out,viết ra
type up,soạn
tyre kicker,người xem hàng không mua
ugly American,người Mỹ thô lỗ
ugly customer,khách khó tính
ugly duckling,con vịt xấu xí
ugly up,làm xấu đi
ultra vires,vượt quá thẩm quyền
unable to can,không thể đóng hộp
under a cloud,dưới một đám mây
under a lucky star,dưới một vì sao may mắn
under a spell,bị mê hoặc
under arrest,bị bắt giữ
under canvas,dưới lều
under center,ở trung tâm
under construction,Đang xây dựng
under control,dưới sự kiểm soát
under correction,đang được chỉnh sửa
under cover,dưới sự che đậy
under cover of darkness,trong bóng tối
under cover of night,trong bóng đêm
under erasure,bị gạch bỏ
under fire,dưới hỏa lực
under glass,dưới lớp kính
under hack,bị tấn công
under hatches,ở dưới đậy
under lock and key,được khóa cẩn thận
under no circumstance,dù bất cứ hoàn cảnh nào
under no circumstances,dù bất cứ hoàn cảnh nào
under oath,dưới sự tuyên thệ
under one roof,cùng một mái nhà
under one's arm,dưới cánh tay
under one's belt,đã có kinh nghiệm
under one's breath,lẩm bẩm
under one's feet,dưới chân
under one's hand,dưới chữ ký
under one's hat,trong đầu
under one's own steam,tự lực cánh sinh
under one's thumb,bị kiểm soát
under one's very eyes,ngay trước mắt
under one's very nose,ngay trước mặt
under one's wing,dưới sự bảo trợ của
under pain of,dưới sự đe dọa
under par,dưới chuẩn
under protest,dưới sự phản đối
under sail,cầm buồm
under seal,đã đóng dấu
under someone's nose,ngay trước mặt ai đó
under someone's roof,dưới sự bảo vệ của ai đó
under the auspices of,dưới sự bảo trợ của
under the bootheel of,dưới sự áp bức của
under the breath,lẩm bẩm
under the carpet,dưới thảm
under the cosh,bị áp lực
under the counter,dưới quầy
under the covers,dưới chăn
under the fist of,dưới sự cai trị của
under the gun,bị áp lực
under the hammer,đấu giá
under the hood,bên trong
under the illusion,dưới ảo ảnh
under the impression,nghĩ rằng
under the influence,dưới ảnh hưởng
under the influence of,dưới ảnh hưởng của
under the jail,dưới nhà tù
under the knife,phải phẫu thuật
under the lee,ở dưới gió le
under the mahogany,dưới gỗ gụ
under the microscope,dưới kính hiển vi
under the pump,bị áp lực
under the radar,ẩn mình
under the rose,chôn vùi
under the rug,dưới thảm
under the rule,dưới sự cai trị
under the saya,dưới váy
under the sheets,dưới tấm trải
under the stars,dưới bầu trời đầy sao
under the sun,dưới ánh mặt trời
under the surface,dưới bề mặt
under the table,dưới bàn
under the terms of,theo các điều khoản
under the weather,không khỏe
under the weight of,dưới sức nặng của
under the wire,vượt qua hạn chót
under the yoke,dưới sự áp bức
under water,dưới nước
under way,đang tiến hành
under wraps,bí mật
underneath one's breath,lẩm bẩm
underneath the hood,bên trong
underpromise and overdeliver,Hứa ít làm nhiều
understand the assignment,hiểu rõ yêu cầu
undress with one's eyes,mặc quần áo cho búp bê
unga bunga,Không biết
unicorn barf,nôn của kỳ lân
unicorn puke,nôn của kỳ lân
unicorn vomit,nôn của kỳ lân
uniformly continuous,liên tục đều
union is strength,Đoàn kết là sức mạnh
union makes strength,Đoàn kết là sức mạnh
unity is strength,Đoàn kết là sức mạnh
unity makes strength,Đoàn kết là sức mạnh
university of life,trường đời
university of the streets,trường học đường phố
unknown quantity,ẩn số
unmask one's batteries,lộ rõ điểm yếu
uno ab alto,từ trên cao
unring a bell,làm cho mọi người quên đi
unsung hero,anh hùng thầm lặng
until all hours,cho đến tận khuya
until further notice,cho đến khi có thông báo mới
until hell freezes over,cho đến khi sông băng tan chảy
until Kingdom come,cho đến khi kết thúc thế gian
until next time,hẹn gặp lại
until one's dying day,cho đến tận ngày cuối đời
until proven otherwise,cho đến khi có bằng chứng ngược lại
until the cows come,cho đến khi nào
until the cows come home,cho đến khi nào
until the cows freeze over,cho đến khi nào con bò đóng băng
until the last dog is hung,cho đến khi con chó cuối cùng bị treo cổ
until the pips squeak,cho đến khi hết sạch
until the wheels fall off,cho đến khi mọi thứ sụp đổ
until we meet again,hẹn gặp lại
unto itself,về chính nó
unto the ages of ages,đến muôn đời muôn năm
unto time,theo thời gian
unused to,không quen
up a close,gần
up a creek,bị mắc kẹt
up a creek without a paddle,bị mắc kẹt
up a gum tree,leo lên cây cao su
up a height,lên cao
up a storm,rất nhiều
up a stump,lên đồi
up a tree,lên cây
up against,đối đầu với
up against the ropes,bị đẩy vào thế khó
up and at 'em,tấn công
up and away,xa rồi
up and coming,nổi lên
up and down,lên xuống
up and running,hoạt động tốt
up close and personal,cận cảnh và thân thiết
up for,sẵn sàng
up for grabs,có thể giành được
up front,trước
up goes the donkey,con lừa bay lên
up hill and down dale,lên đồi xuống thung
up in one's grill,xâm phạm không gian cá nhân
up in the air,lơ lửng
up line,dòng trên
up on one's ear,nghe lời ai đó
up one's own ass,tự cao tự đại
up one's sleeve,trong tay
up one's sleeves,trong tay
up poo creek,bị dở hơi
up shit creek,rắc rối
up shit creek without a paddle,rước họa vào thân
up shit's creek,rắc rối
up shit's creek without a paddle,tình trạng khó khăn
up someone's alley,phù hợp với sở thích của ai đó
up someone's ass,đút vào mông
up someone's strasse,gây rắc rối cho ai đó
up someone's street,ở trên đường của ai đó
up the aisle,xuống lối đi
up the ante,tăng mức độ
up the booai,lên tiếng
up the boohai,leo lên
up the creek,ở trên sông
up the creek without a paddle,bị mắc kẹt
up the duff,mang thai
up the flume,lên trên máng
up the Oxo Tower,lên tháp Oxo
up the pole,lên cột
up the proverbial,làm nổi tiếng
up the river,lên thượng nguồn
up the spout,bốc hơi
up the stick,cầm gậy
up the stump,lên đồi
up the wall,lên tường
up the walls,lên tường
up the wazoo,quá nhiều
up the yin-yang,tăng cường sự cân bằng âm dương
up the ying yang,tức giận quá mức
up the ying-yang,tức giận quá mức
up to anything,có thể làm bất cứ điều gì
up to eleven,tới mười một
up to no good,làm điều không tốt
up to one's ass in alligators,bận rộn hết cỡ
up to one's chin,ngập đến cằm
up to one's ears,ngập tai
up to one's elbows,ướt đến khuỷu tay
up to one's eyeballs,ngập đầu
up to one's eyebrows,đến tận chân mày
up to one's eyes,ngập đầu
up to one's neck,ngập đầu
up to one's neck in alligators,bận rộn hết mức
up to one's old tricks,quay lại với những thói quen cũ
up to par,đạt tiêu chuẩn
up to scratch,đủ tiêu chuẩn
up to snuff,đủ tiêu chuẩn
up to something,làm gì đó
up to speed,nắm bắt thông tin
up to the chin,tới cằm
up to the elbows,ướt đến khuỷu tay
up to the hammer,tùy thuộc vào búa
up to the hub,đến trung tâm
up to the knocker,đến tận cửa ra vào
up to the mark,đạt yêu cầu
up to the nines,ăn mặc chỉnh tề
up to the tonsils,đến tận amidan
up to time,đúng giờ
up until,cho đến khi
up what spring,lên trên mùa xuân
up with the chickens,thức dậy sớm
up with the lark,thức dậy rất sớm
up with the larks,thức dậy sớm
uphill battle,khó khăn
upon a sixpence,rẻ như bèo
upon a stound,trên một tiếng động lớn
upon a sudden,bất ngờ
upon a time,Ngày xửa ngày xưa
upon my sivvy,theo ý kiến của tôi
upon my soul,tôi thề
upon one's legs,trên chân
upon one's speed,tốc độ của ai đó
upon pain of,dưới sự đe dọa
upon reflection,sau khi suy nghĩ
upon the back of,trên lưng
upon the books,trong sổ sách
upon the carpet,trên thảm
upon the heels of,ngay sau
upon the instant,ngay lập tức
upon the matter,về vấn đề này
upon the pad,trên miếng đệm
upon the point of,trên điểm
upon the square,trên quảng trường
upon the strength of,dựa trên sức mạnh của
upon the tapis,trên thảm
upon the wing,trên đôi cánh
upper crust,tầng lớp thượng lưu
upper hand,thế chủ động
upper storey,tầng trên
ups and downs,thăng trầm
upset the applecart,phá vỡ kế hoạch
upward of,hơn
upwardly mobile,có triển vọng phát triển
ur mum,mẹ của bạn
urban fabric,cấu trúc đô thị
urge on,khuyến khích
urge to merge,khát vọng hợp nhất
use in anger,sử dụng khi tức giận
use it or lose it,sử dụng hoặc mất đi
use one's coconut,sử dụng bộ não
use one's head,sử dụng đầu óc
use one's noggin,sử dụng bộ não
use to,thường dùng để
use up,sử dụng hết
use your words,hãy diễn đạt bằng lời
used to,thường dùng
useful as a chocolate teapot,vô dụng như một ấm trà làm bằng sô cô la
useful as tits on a bull,vô dụng
useless as tits on a bull,vô dụng như không có gì
usher in,mở ra
uterine cancer,ung thư tử cung
vacuum up,hút bụi
valar dohaeris,Tôi không biết
valar morghulis,Tất cả chúng ta sẽ chết
vale of tears,thung lũng nước mắt
valley of death,thung lũng tử thần
valley of the shadow of death,thung lũng bóng tối của sự chết
vamp up,tăng cường
vanish to the four winds,tan biến vào hư không
vanishing act,mất tích
variety is the spice of life,Sự đa dạng làm cho cuộc sống thêm thú vị
vast majority,đa số tuyệt đối
veg out,nghỉ ngơi thư giãn
vehicularly challenged,khó khăn trong việc sử dụng phương tiện …
vehicularly housed,được chứa trong xe
vel non,hoặc không
vel sim.,hoặc là
velvet handcuffs,còng tay nhung
verb. sap.,động từ. nhựa
verbum sap,Lời nói khôn ngoan
verbum sapienti,Lời khôn ngoan
verbum sat,Lời nói là vàng
verge on,nguy cơ
vertically challenged,người thấp bé
very good,rất tốt
very well,rất tốt
vestra culpa,do lỗi của bạn
vibe out,thư giãn
vibe with,cảm nhận được
victim of one's own success,nạn nhân của chính thành công của mình
victory at sea,chiến thắng trên biển
vide infra,xem bên dưới
vide supra,xem ở trên
view from the top,quan điểm từ trên cao
vim and vigor,sức sống
Virtue is her own reward,Đức hạnh là phần thưởng của chính nó
virtue is its own reward,Đức hạnh là phần thưởng của chính nó
virtuous circle,vòng luẩn quẩn tích cực
vision out,tầm nhìn
visually impaired,mù lòa
vive la difference,sự khác biệt
voice in the wilderness,tiếng nói cô độc
voices off,tắt tiếng
vomit up,nôn mửa
vostra culpa,do lỗi của bạn
vote blue no matter who,bỏ phiếu cho đảng Dân chủ bất kể ứng viê…
vote down,bỏ phiếu phản đối
vote in,bỏ phiếu
vote off the island,bỏ phiếu loại bỏ khỏi đảo
vote out,bỏ phiếu bầu ra
vote up,bình chọn tích cực
vote with one's feet,biểu quyết bằng hành động
vote with one's wallet,ủng hộ bằng tiền
vouch for,chứng thực
VR legs,chân thực tế ảo
vulture culture,văn hóa săn mồi
W-shaped recession,Suy thoái hình chữ W
wack out,làm điên
wade in,đi lội
wade through,lội qua
waft off,lan tỏa
waft over,lan tỏa
wag a finger,lắc ngón tay
wag the dog,đánh lạc hướng
wail on,than vãn
wait and see,chờ và xem
wait around,chờ đợi
wait for,chờ
wait for Godot,chờ đợi Godot
wait for it,chờ xem
wait for the ball to drop,chờ bóng rơi
wait for the dust to settle,chờ mọi chuyện lắng xuống
wait in the wings,chờ đợi ở cánh gà
wait on,chờ đợi
wait on someone hand and foot,phục vụ ai tận tình
wait out,chờ đợi
wait till the clouds roll by,chờ đến khi mây tan
wait up,chờ một lát
wait upon,phục vụ
wait upon hand and foot,phục vụ tận tình
waiting game,chờ đợi
waiting in the wings,chờ đợi ở cánh gà
waiting to happen,có thể xảy ra
wake and bake,thức dậy và sử dụng ma túy
wake the dead,thức tỉnh người chết
wake up,thức dậy
wake up and die right,thức dậy và chết ngay
wake up and smell the coffee,thức dậy và đối mặt với thực tế
wake up one day,thức dậy một ngày nào đó
wale on,cá voi
walk a mile in someone's shoes,đặt mình vào vị trí của người khác
walk all over,lạm dụng
walk around,đi dạo
walk away,rời đi
walk away from,rút lui
walk away with,rút lui
walk back,rút lại
walk behind,đi sau
walk down,đi xuống
walk free,tự do
walk in,đi vào
walk in on,tình cờ gặp
walk in the park,đi dạo trong công viên
walk in the snow,đi trong tuyết
walk into,đi vào
walk of life,cấp bậc xã hội
walk off,đi bộ
walk off with,ẵm đi
walk on,đi bộ
walk on broken glass,đi trên mảnh vỡ
walk on by,đi ngang qua
walk on eggshells,cẩn trọng như đi trên trứng
walk on sunshine,đi trên ánh nắng
walk on the wild side,sống hết mình
walk on water,đi trên mặt nước
walk one's chalks,đi bộ
walk out,đi bộ
walk out on,rời bỏ
walk out with,đi cùng với
walk over,đi qua
walk the beat,tuần tra
walk the chalk,đi trên vôi
walk the dog,dắt chó đi dạo
walk the floor,đi lại trong phòng
walk the line,đi đúng đường
walk the plank,đi trên ván
walk the streets,đi trên đường
walk the talk,hành động theo lời nói
walk the walk,hành động nói
walk through,đi qua
walk with,đi cùng
wall in,vào tường
wall of silence,bức tường im lặng
wall off,xây tường bao quanh
wall up,xây tường
walls have ears,Tường có tai
Wally World,Vùng đất của Wally
wander off,lạc đường
wank off,tự kích thích
wanker's cramp,cứng dương
wanna bet,muốn cá cược
want for,cần
want for nothing,không thiếu gì
want in,muốn tham gia
want must be one's master,muốn phải là chủ của mình
want out,muốn rời đi
want someone's nachos,muốn ăn đồ ăn của ai đó
want to,muốn
want to bet,muốn cá cược
want to know,muốn biết
wanton kittens make sober cats,mèo con nghịch ngợm khiến mèo trưởng thà…
war bride,cô dâu chiến tranh
war is hell,chiến tranh là địa ngục
war of nerves,chiến tranh tâm lý
war of words,cuộc chiến bằng lời nói
ward off,chống lại
warm body,cơ thể ấm áp
warm down,hạ nhiệt
warm over,hâm nóng
warm regards,trân trọng
warm the cockles of someone's heart,làm ấm trái tim ai đó
warm up,khởi động
warmest regards,trân trọng
warn off,cảnh báo
warts and all,cùng mọi điều
wash a blackamoor white,làm cho da đen trắng đi
wash and squash,rửa và nghiền
wash away,rửa trôi
wash down,rửa trôi
wash off,rửa sạch
wash one's dirty laundry in public,giặt đồ dơ trước mặt người khác
wash one's dirty linen in public,giặt đồ bẩn trước mặt người khác
wash one's elbows,rửa khuỷu tay
wash oneself of,rửa sạch
wash out,xóa sạch
wash over,tràn qua
wash up,rửa sạch
wash with,rửa bằng
washed out,nhạt màu
wasp around,xúm lại xung quanh
waste away,tiêu hao
waste breath,lãng phí hơi
waste of breath,lãng phí hơi
waste of space,phí chỗ
watch back,xem lại
watch it,xem đi
watch one's language,cẩn thận lời nói
watch one's mouth,cẩn thận lời nói
watch one's step,cẩn thận
watch out,cẩn thận
watch over,chăm sóc
watch the world burn,thấy thế giới sụp đổ
watch the world go by,ngắm nhìn thế giới trôi qua
watch this space,hãy theo dõi
watched toast never burns,bánh mì nướng không bao giờ bị cháy
water down,pha loãng
water finds its level,thủy bất kiến vực
water finds its own level,nước tìm đường chảy
water is wet,nước thì ướt
water over the dam,đã rồi
water seeks its level,nước chảy về nơi thấp nhất
water seeks its own level,nước chảy tìm nơi thấp
water to one's mill,có lợi cho mình
water under the bridge,đã qua rồi
waterfowl alignment,hàng chim nước
watering hole,nơi uống nước
watery grave,lăng mộ dưới nước
wave aside,lắc đầu phủ nhận
wave away,vẫy tay chào
wave down,vẫy tay gọi
wave goodbye,vẫy tay chào
wave goodbye to something,tạm biệt
wave in,sóng trong
wave of the hand,vẫy tay
wave off,đuổi theo
wave the white flag,nâng cờ trắng
wave through,xuyên qua
wax and wane,thăng trầm
wax down,làm bóng
wax on,bôi sáp
wax the dolphin,cá heo
way back when,ngày xưa
way of thinking,cách suy nghĩ
way out of a paper bag,dễ như ăn kẹo
we all bleed red,chúng ta đều có chung một dòng máu
we all make mistakes,chúng ta ai cũng mắc lỗi
we been knew,chúng tôi đã biết rồi
we hardly knew ye,chúng tôi hầu như không biết anh
we haven't got all day,Chúng ta không có cả ngày đâu
we live in a society,chúng ta sống trong một xã hội
we wuz kangz,Chúng ta từng là những người vĩ đại
we wuz kangz n sheeit,chúng ta từng là những người vĩ đại
we wuz kangz n shiet,chúng tôi từng là những người vĩ đại
weak sister,em gái yếu ớt
weak tea,trà loãng
weaken up,thức dậy
weaker vessel,tàu nhỏ hơn
weakly cardinal,màu đỏ nhạt
weakly contractible,co bóp yếu
wean off,từ từ bỏ
weaponized incompetence,sự vô năng được lợi dụng
weapons free,tự do sử dụng vũ khí
weapons hold,giữ vũ khí
weapons tight,vũ khí được bảo quản cẩn thận
wear and tear,sử dụng và hao mòn
wear away,mòn
wear down,mòn
wear in,mòn
wear many hats,làm nhiều việc
wear off,biến mất
wear on,mòn
wear one's heart on one's sleeve,thật thà
wear out,sử dụng hết
wear out one's welcome,làm phiền
wear rose-colored glasses,nhìn mọi thứ qua lăng kính màu hồng
wear sackcloth and ashes,mặc quần áo rách và tro bụi
wear the trousers,cầm quyền
wear thin,mòn
wear through,mòn
wear too many hats,làm quá nhiều việc
wear two hats,kiêm nhiệm
wear up,mặc lên
wear yellow stockings,mặc tất màu vàng
weary out,mệt mỏi
weasel into,len lỏi vào
weasel out,thoát thân
weather out,vượt qua khó khăn
weather the storm,vượt qua khó khăn
wedge up,đẩy lên
weed out,loại bỏ
Weekend at Bernie's,Cuối tuần ở nhà Bernie
weep Irish,khóc người Ireland
weigh against,cân nhắc
weigh down,làm nặng
weigh in,nói ý kiến
weigh off,cân đo
weigh on,đè nặng lên
weigh out,cân đo
weigh up,cân nhắc
weight down,chịu nặng
weight of the world,gánh nặng thế giới
weird and wonderful,kỳ lạ và tuyệt vời
weird flex but OK,khó hiểu nhưng được thôi
weird out,làm lạ
welcome back,Chào mừng trở lại
welcome home,Chào mừng bạn về nhà
welcome to my life,Chào mừng đến với cuộc sống của tôi
welcome to my world,Chào mừng đến với thế giới của tôi
welcome to the club,Chào mừng bạn đến với câu lạc bộ
weld together,hàn lại
welfare Cadillac,chăm sóc xã hội Cadillac
well and good,tốt lắm
well and truly,thực sự và hoàn toàn
well begun is half done,Việc bắt đầu tốt là đã hoàn thành được m…
well done,giỏi lắm
well played,chơi tốt
well said,hay lắm
well up,trào dâng
well-oiled machine,cỗ máy hoạt động trơn tru
Welsh comb,lược Wales
were it not for,nếu không phải
were you born in a tent,bạn có sinh ra trong lều không
wet behind the ears,chưa có kinh nghiệm
wet blanket,người phá đám
wet boy,chàng trai ướt
wet down,làm ướt
wet firecracker,pháo hoa ướt
wet one's beak,tẩm nước
wet one's pants,ướt quần
wet one's whistle,ướt tiếng còi
wet out,ướt sũng
wet the bed,ướt giường
wet the shamrock,làm ướt cây cỏ ba lá
wet through,ướt sũng
whack off,cắt bỏ
whack on,đánh
whack one out,rút ra
whack out,đánh
whack up,đánh
whale away,tiếng lóng không rõ nghĩa
whale on,bơi trên
wham bam thank you ma'am,xong rồi
what a shame,thật đáng tiếc
what a small world,thật nhỏ bé
what about the children,Còn về các em bé
what am I bid,Tôi được trả giá bao nhiêu
what am I looking at,Tôi đang nhìn thấy gì
what are the odds,tỷ lệ
what are you like,bạn như thế nào
what are you looking at,Bạn đang nhìn gì
what are you smoking,Bạn đang hút gì
what are you waiting for,Bạn đang chờ gì
what can I say,Tôi nên nói gì
what can I tell you,Tôi có thể nói gì với bạn
what cheer,cổ vũ
what color is your Bugatti,Xe Bugatti của bạn màu gì
what colour is your Bugatti,Xe Bugatti của bạn màu gì
what comes around goes around,Gieo gió gặp bão
what did I tell you,Tôi đã nói gì với bạn
what do I know,Tôi biết gì
what do you know,bạn biết gì
what do you make the time,Bạn nghĩ thời gian là bao lâu
what do you say,bạn nói gì
what do you want: blood?,bạn muốn gì máu ư
what else is new,còn gì mới nữa
what foot the shoe is on,Giày ở trên bàn chân nào
what gives,chuyện gì xảy ra
what go round come round,cái gì đến rồi sẽ đi
what goes around comes around,Gieo gió gặp bão
what goes round comes round,Gieo gió gặp bão
what goes up must come down,Thứ gì lên cao rồi cũng sẽ rơi xuống
what good is,có ích gì
what happens twice happens thrice,Điều gì xảy ra hai lần thì xảy ra ba lần
what has someone done,ai đã làm gì
what in tarnation,chuyện gì xảy ra
what in time,trong khoảng thời gian
what is more,cái gì khác
what is one to do,phải làm gì
what is the matter,chuyện gì xảy ra
what is the time,Mấy giờ rồi
what is your job,công việc của bạn là gì
what is your problem,Vấn đề của bạn là gì
what it is,nó là gì
what it takes,cần gì
what next,tiếp theo là gì
what o'clock is it,Mấy giờ rồi
what price,giá bao nhiêu
what say you,bạn nói gì
what seems to be the problem,Có vẻ như vấn đề là gì
what someone is about,tính cách của ai đó
what someone said,cái người đó nói
what someone says goes,Lời nói của người đó là quyết định
what that mouth do,miệng đó làm gì
what the crap,chuyện quái gì vậy
what the deuce,chuyện gì vậy
what the Devil,chuyện quỷ quái
what the doctor ordered,chính xác như ý của bác sĩ
what the ef,chuyện gì vậy
what the eff,chuyện gì vậy
what the fish,cái gì vậy
what the flip,chuyện gì vậy
what the flying fuck,Cái quái gì vậy
what the fuck,Cái quái gì
what the fudge,chuyện gì vậy
what the goodyear,Goodyear là gì
what the hay,chuyện gì vậy
what the heck,chuyện gì vậy
what the hell,chuyện quái gì
what the helly,chuyện gì vậy
what the hey,thật sao
what the shit,Cái quái gì
what time do you make it,Bạn nghĩ là mấy giờ
what time have you got,Bạn mấy giờ rồi
what was someone smoking,ai đã hút gì
what was someone thinking,người đó đang nghĩ gì
what was your first clue,manh mối đầu tiên của bạn là gì
what would Jesus do,Nếu là Chúa Giêsu, con sẽ làm gì
what's cooking,đang làm gì
what's doing,cái gì đang xảy ra
what's done cannot be undone,Việc đã rồi không thể quay đầu
what's done is done,việc đã rồi
what's eating,cái gì đang ăn
what's eating you,Điều gì đang làm bạn buồn/lo lắng
what's going on,chuyện gì đang xảy ra
what's in a name,Ý nghĩa của tên là gì
what's in it for me,Tôi được gì
what's in the bag,trong túi có gì
what's it to you,chuyện đó có liên quan gì đến bạn
what's more,còn hơn nữa
what's new,Có gì mới
what's next,tiếp theo là gì
what's not to like,điều gì mà không thích
what's not to love,điều gì mà không thích
what's occurring,đang xảy ra gì
what's old is new again,cái cũ trở nên mới lạ
what's one's angle,góc nhìn của ai đó
what's someone's damage,Thiệt hại của ai
what's the beef,chuyện gì xảy ra
what's the betting,cược bao nhiêu
what's the big idea,Ý của bạn là gì
what's the crack,chuyện gì vậy
what's the craic,chuyện gì đang xảy ra
what's the damage,thiệt bao nhiêu
what's the deal,chuyện gì vậy
what's the difference,sự khác biệt là gì
what's the good of,có ích gì
what's the haps,chuyện gì vậy
what's the matter,chuyện gì vậy
what's the scam,lừa đảo gì
what's the story,câu chuyện là gì
what's the time,Mấy giờ rồi
what's the use,có ích gì
what's up,chuyện gì
what's up Doc,Chào bạn
what's up with,chuyện gì xảy ra
what's what,cái gì là cái gì
what's with,chuyện gì vậy
what's yer poison,Bạn thích gì
what's your game,Bạn chơi trò gì
what's your pleasure,Bạn thích gì
what's your poison,Bạn thích gì
what's your problem,Vấn đề của bạn là gì
whatcha know good,Bạn biết gì hay
whatever butters your biscuit,tùy bạn thôi
whatever butters your biscuits,tùy bạn thôi
whatever butters your bread,tùy bạn thích
whatever butters your muffin,tùy bạn thích
whatever butters your toast,tùy bạn thích
whatever creams your twinkie,chuyện đó không quan trọng
whatever floats your boat,tùy bạn thôi
whatever helps you sleep at night,bất cứ điều gì giúp bạn ngủ ngon
whatever humps your camel,chuyện đó không quan trọng
whatever it takes,bất cứ giá nào
whatever melts your butter,cái gì làm bạn vui vẻ
whatever next,điều gì tiếp theo
whatever sizzles your bacon,cứ làm những gì bạn thích
whatever the case may be,dù thế nào đi nữa
whatever tickles your pickle,tùy bạn thích
whatever winds your clock,cứ làm theo ý bạn
whatever you do,bất cứ điều gì bạn làm
what’s wrong with this picture?,Có gì sai ở bức ảnh này
wheat bread,bánh mì lúa mạch
wheel about,quay vòng
wheel and deal,thương lượng mua bán
wheel around,quay vòng
wheel away,lái xe đi
wheel out,kéo ra
wheel round,quay tròn
wheel within a wheel,bánh trong bánh
wheeler and dealer,tay buôn bán
wheeling and dealing,làm ăn thương mại
wheels are turning,bánh xe đang quay
wheels of steel,bánh xe kim loại
when Adam was an oakum boy,Khi Adam còn là một cậu bé làm nghề nhồi…
when all is said,khi mọi thứ đã nói xong
when all is said and done,khi mọi chuyện đã kết thúc
when everything is said and done,khi mọi chuyện đã kết thúc
when Hell freezes over,khi địa ngục đóng băng
when in Rome,ở Rome thì nên làm như người Rome
when it comes to,khi nói đến
when it's at home,khi ở nhà
when opportunity knocks,khi cơ hội đến
when pigs fly,khi lợn bay
when push comes to shove,khi đến lúc khó khăn
when the balloon goes up,khi bóng bay bay lên
when the cat's away,Khi vắng chủ
when the chips are down,khi gặp khó khăn
when the music stops,khi nhạc dừng lại
when the time comes,khi thời điểm đến
when two Fridays come together,khi hai thứ Sáu trùng nhau
when two Sundays come together,khi hai ngày Chủ nhật đến gần nhau
when two Sundays meet,khi hai ngày Chủ nhật trùng nhau
whenever one turns around,bất cứ khi nào quay lại
where are the snows of yester-year,Những tuyết trắng của những năm xưa ở đâ…
where are the snows of yesteryear,Những tuyết trắng của những năm xưa ở đâ…
where are the toilets,Nhà vệ sinh ở đâu
where away,đi đâu
where do I sign up,Tôi đăng ký ở đâu
where do you live at,Bạn sống ở đâu
where got,ở đâu
where I come from,quê tôi
where is the lie,nói dối ở đâu
where someone is coming from,xuất phát từ đâu
where the puck is going,nơi mà quả bóng sẽ đến
where the puck is heading,hướng đi của quả bóng
where the shoe pinches,nơi khó khăn nhất
where the sun doesn't shine,nơi không có ánh nắng mặt trời
where the sun don't shine,nơi không có ánh nắng mặt trời
where there is a will,có ý chí thì có thể
where there's muck there's brass,cái gì đến từ bùn đất sẽ trở thành đồng
where's the beef,thịt đâu
where's the fire,cháy ở đâu
where's the lie,nói dối ở đâu
where's the lie tho,dối trá ở đâu
whet one's appetite,kích thích sự thèm ăn
whether or not,dù có hay không
which foot the shoe is on,Giày ở trên bàn chân nào
which way the wind is blowing,gió thổi theo hướng nào
whichever way one slices it,dù nói thế nào đi nữa
while away,trôi qua
while we're young,khi chúng ta còn trẻ
while you're down there,trong khi bạn ở dưới đó
whip down,quét sạch
whip hand,tay lái
whip in,tham gia
whip into shape,tập luyện để có dáng đẹp
whip it on,thực hiện nhanh chóng
whip off,cởi bỏ
whip out,lấy ra
whip the cat,đánh mèo
whip through,chạy nhanh qua
whip together,pha trộn nhanh
whip up,nấu nhanh
whip up a storm,gây ra bão tố
whips and jingles,roi và tiếng chuông
whisk away,mang đi
whisk off,biến mất nhanh chóng
whiskey dick,không biết
whisper campaign,chiến dịch truyền miệng
whistle Dixie,hát nhạc Dixie
whistle for,còi cho
whistle in the dark,thổi còi trong bóng tối
whistle in the wind,tiếng gió rít
whistle past,thổi còi
whistle past the graveyard,thổi còi qua nghĩa địa
whistle up,khoeo
whistle walk,đi bộ whist
white as a sheet,trắng như giấy
white bread,bánh mì trắng
white coat hypertension,căng thẳng khi đo huyết áp
white flight,di cư của người da trắng
white hat,mũ trắng
white knight,người hùng cứu mỹ nhân
white lie,nói dối trắng
white lives matter,Cuộc sống của người da trắng cũng quan t…
white magic,ma thuật trắng
white marriage,hôn nhân không đăng ký
white night,đêm trắng
white on rice,nước mắm pha
white out,mờ
white pee,nước tiểu trắng
white rabbit,thỏ trắng
white rider,người cưỡi ngựa màu trắng
white satin,lụa trắng
white sheep,cừu trắng
white trash,rác rưởi
white trashery,rác thải trắng
white up,làm trắng da
whither away,đi đâu rồi
Whitman's sampler,Bộ sản phẩm thử của Whitman
whittle away,mài mòn
whittle down,cắt giảm
who am I kidding,Tôi đang tự lừa mình
who are you telling,Bạn đang nói với ai
who ate all the pies,Ai đã ăn hết tất cả bánh
who died and made you boss,Ai cho anh/chị làm sếp
who died and made you king,Ai đã chết và phong bạn làm vua
who died and made you president,Ai chết rồi mà biến anh/chị/bạn thành tổ…
who died and made you queen,Ai chết rồi mà biến bạn thành hoàng hậu
who do you think you are,Bạn nghĩ mình là ai
who goes there,Ai đó
who hurt you,Ai đã làm tổn thương bạn
who knew,ai biết
who knows,ai biết
who put a quarter in you,Ai bỏ đồng xu vào bạn
who shot John,Ai đã bắn John
who wants to know,ai muốn biết
who was your servant last year,ai là người làm việc cho bạn năm ngoái
who watches the watchers,ai giám sát những người giám sát
who would have guessed,ai mà ngờ được
who would have known,ai mà ngờ được
who would have thought it,ai mà ngờ được
who would have thunk it,Ai mà ngờ được
who would've thunk it,Ai mà ngờ được
who woulda thunk it,Ai mà ngờ được
who writes this stuff,Ai viết những điều này
who'd a thunk it,Ai mà ngờ được
who'd have thunk it,Ai mà ngờ được
who'd've thunk it,Ai mà ngờ được
who'da thunk it,Ai ngờ được
who's asking,ai hỏi
who's robbing this coach,Ai đang cướp xe buýt này
who's to say?,Ai nói gì
who's who,ai là ai
who's who in the zoo,ai là ai trong vườn thú
who's your daddy,Ba của bạn là ai
whoever smelt it dealt it,Ai ngửi thấy thì người đó gây ra
whole ball of wax,tất cả
whole box of tricks,cả bộ dụng cụ
whole cloth,toàn bộ
whole enchilada,toàn bộ
whole package,toàn bộ gói
whole shebang,toàn bộ
whole shooting match,tất cả
whom am I kidding,Tôi đang tự lừa mình
whomp on,đập vào
whomp up,tăng tốc
whoop ass,đánh cho tơi tả
whoop it up,hò reo vui sướng
whore after,khao khát
whore around,ăn chơi trác táng
whore out,gái mại dâm
whore up,điếm
whose foot the shoe is on,ai đi đôi giày đó
whose ox is gored,ai bị tổn thương
why am I not surprised,Tôi không ngạc nhiên
why God invented,tại sao Thượng đế tạo ra
why in God's name,tại sao lại là như vậy
why in the world,tại sao trên đời
why in time,đúng lúc
why not Zoidberg,tại sao không phải Zoidberg
why oh why,tại sao lại như vậy
why on Earth,tại sao trên thế giới này
why so serious,Tại sao lại nghiêm trọng vậy
wicked tongue,lưỡi độc
wide awake,thức giấc
wide berth,khoảng cách an toàn
wide of the mark,sai
wide open,mở to
widen one's horizons,mở rộng tầm nhìn
widen up,mở rộng
widow's mite,của người góa bụa
wife up,kết hôn
wig on to,gắn vào
wig onto,đeo tóc giả
wig out,hoảng loạn
wiggle out of,thoát khỏi
wild blue yonder,bầu trời bao la
wild child,trẻ hư
wild horses,ngựa hoang
wild out,phá phách
wild-goose chase,đuổi hình bắt bóng
wile out,kiệt sức
wilful ignorance,sự cố tình bỏ qua
willing and able,sẵn sàng và có khả năng
willing horse,ngựa ngoan
willow in the wind,cây liễu trong gió
wily beguily,xảo quyệt lừa lọc
wimp out,bỏ cuộc
win around,thắng một vài lần
win back,chiếm lại
win by a nose,thắng cách rất ít
win one for the Gipper,chơi hết mình vì người khác
win or lose,thắng hoặc thua
win out,thắng lợi
win over,thuyết phục
win round,thắng vòng
win the day,chiến thắng
win the lottery,trúng số
win through,vượt qua
win up,hoàn thành
wind at one's back,gió thuận lưng
wind back,cuộn lại
wind back the clock,quay ngược thời gian
wind down,thư giãn
wind off,gió tắt
wind tunnel testing,thử nghiệm trong hầm gió
wind up,cuộn
wind up one's bottoms,kéo quần lên
window down,hạ cửa sổ
window on the world,cửa sổ nhìn ra thế giới
window out,ra ngoài cửa sổ
window over,trên cửa sổ
window up,mở cửa sổ
windward of the law,phía ngược chiều gió của luật
wine and dine,ăn uống
wine tosser,người ném rượu
wine up,uống rượu
winged word,lời nói bay xa
wink at,nháy mắt
wink out,tắt
winkle out,khám phá
winning is a great deodorant,Winning là một loại lăn khử mùi rất tốt
winning ways,cách làm nên thành công
winnow down,loại bỏ
winnow up,chọn lọc
winter rat,chuột mùa đông
winter wonderland,cảnh đẹp mùa đông
wipe away,lau sạch
wipe down,lau sạch
wipe off,lau sạch
wipe out,xóa sổ
wipe someone's eye,lau mắt cho ai đó
wipe someone's nose,lau mũi cho ai đó
wipe the floor with someone,đánh bại hoàn toàn
wipe the slate clean,xóa bỏ mọi thứ
wipe up,lau sạch
wire away,cắt bỏ dây
wire in,cắm điện
wire off,ngắt kết nối
wise apple,quả táo thông thái
wise beyond one's years,thông thái hơn tuổi
wise head on young shoulders,Đầu óc thông minh trên vai người trẻ
wise off,nói móc
wise up,thông minh hơn
wish away,mong muốn biến mất
wish one joy of it,chúc bạn vui vẻ
wishful thinking,mong muốn viển vông
with a bang,một cách ồn ào
with a bullet,bằng đạn
with a bump,có vết gồ
with a grain of salt,cẩn trọng
with a high arm,với cánh tay giơ cao
with a high hand,một cách kiêu ngạo
with a hint of,với một chút hương vị
with a hook,có móc
with a quickness,một cách nhanh chóng
with a vengeance,một cách quyết liệt
with a view to,với mục đích
with a wet finger,vuốt bằng ngón tay ướt
with a will,với ý chí
with ages,với các độ tuổi
with all due respect,kính mong quý vị lượng thứ
with all of one's heart,từ tận đáy lòng
with all one's ears,chú ý lắng nghe
with all one's eyes,với tất cả đôi mắt
with all one's heart,từ tận đáy lòng
with all one's might,tất cả sức lực
with an eye to,với mục đích
with an eye towards,với mục đích
with any luck,hy vọng
with apologies to,xin lỗi
with arms wide open,với vòng tay dang rộng
with bad grace,một cách khó chịu
with bated breath,nghẹt thở
with bells on,kèm theo chuông
with blackjack and hookers,cùng bài blackjack và gái mại dâm
with both hands,bằng cả hai tay
with brass knobs on,có núm kim loại đồng
with cause,có nguyên nhân
with child,mang thai
with childe,cùng trẻ em
with closed doors,với cửa đóng
with dispatch,nhanh chóng
with due respect,kính trọng
with effect from,từ ngày
with every bone in one's body,bằng tất cả sức lực
with every breath,với mỗi hơi thở
with every fiber of one's being,bằng tất cả tâm huyết
with every fibre of one's being,bằng tất cả tâm huyết
with every ounce of one's being,bằng tất cả tâm huyết
with extra steps,với các bước bổ sung
with flying colors,xuất sắc
with flying colours,xuất sắc
with foal,có con ngựa con
with God,cùng với Chúa
with God as my witness,thề trước mặt Chúa
with good grace,một cách lịch sự
with good reason,có lý do chính đáng
with ill grace,một cách khó xử
with knobs on,có thêm phụ kiện
with leaden wings,với đôi cánh nặng trịch
with no further ado,không vòng vo
with one consent,với sự đồng ý của tất cả
with one shoulder,một vai
with one voice,với một tiếng
with one's bare hands,bằng tay không
with one's chest,trên ngực
with one's dick in one's hand,cưỡng bức
with one's dying breath,với hơi thở cuối cùng
with one's finger in one's mouth,ngậm ngón tay
with one's finger up one's ass,đút ngón tay vào hậu môn
with one's head held high,với đầu ngẩng cao
with one's jaw in one's lap,ngồi khoanh chân
with one's last breath,với hơi thở cuối cùng
with one's own eyes,bằng mắt mình
with one's pants down,trong tình trạng khó xử
with one's tail up,hào hứng
with one's tongue in one's cheek,cười mỉm
with open arms,tay đón mở
with pleasure,rất vui
with prejudice,thiên vị
with reason,có lý do
with reference to,liên quan đến
with regard to,về
with regards to,về
with respect,tôn trọng
with respect to,về mặt
with that in mind,với điều đó trong đầu
with the best,tốt nhất
with the best of them,cùng đẳng cấp
with the exception of,ngoại trừ
with the Lord,cùng Chúa
with the manner,theo cách
with the passage of time,theo thời gian
with the passing of time,cùng với thời gian
with the skin of one's teeth,may mắn sống sót
with the spin,với sự xoay
with this in mind,với điều này trong đầu
with time,với thời gian
with tongue in cheek,trêu chọc
with whole skin,với làn da khỏe mạnh
with young,cùng với trẻ em
wither away,héo hon
wither on the vine,chết yểu
within a bull's roar,trong phạm vi tiếng gầm của trâu
within a whisker of,cách rất gần
within ames ace,bên trong
within an ace of,cách một chút
within an inch of one's life,suýt chết
within an inch of one's skin,cận kề nguy hiểm
within arm's reach,trong tầm tay
within call,trong phạm vi liên lạc
within cry,trong phạm vi tiếng kêu
within living memory,trong vòng ký ức của những người còn sốn…
within one sigma,trong một độ lệch chuẩn
within one's fingers,trong tầm tay
within one's means,trong khả năng tài chính
within one's rights,hoàn toàn có quyền
within reach,trong tầm tay
within reason,trong khả năng
within the agreed time,trong thời gian đã thỏa thuận
within the four seas,trong vòng bốn biển
within the pale,trong phạm vi cho phép
within touching distance,trong tầm tay
without a by your leave,mà không được sự cho phép
without a by-your-leave,mà không xin phép
without a doubt,chắc chắn
without a hitch,suôn sẻ
without a murmur,im lặng
without a shadow of a doubt,chắc chắn tuyệt đối
without a trace,không dấu vết
without a word of a lie,thật lòng
without accident,không tai nạn
without batting an eye,không hề do dự
without biscuits,không có bánh quy
without book,không có sách
without cause,không có lý do
without cease,không ngừng
without coffee,không có cà phê
without day,không ngày
without doubt,chắc chắn
without end,không có hồi kết
without exception,không có ngoại lệ
without fail,chắc chắn
without fear or favor,không sợ hãi không thiên vị
without fear or favour,không thiên vị không sợ hãi
without further ado,không vòng vo
without hesitation,không do dự
without incident,không có sự cố
without loss of generality,mà không mất tính tổng quát
without number,không số
without prejudice,không thiên vị
without price,miễn phí
without question,không nghi ngờ
without recourse,không có biện pháp khắc phục
without so much as a by-your-leave,mà không hề báo trước
without tea and biscuits,không có trà và bánh quy
without tears,không có nước mắt
without trace,không dấu vết
without troubling the scorers,không ghi bàn
without welt or guard,không sưng tấy không có bảo vệ
woe betide,thật thảm hại
woe to,thảm họa
wolf back,quay lại
wolf down,ăn nhanh
wolf guarding the sheep,sói canh giữ cừu
wolf in one's stomach,đói bụng
wolf in sheep's clothing,kẻ đội lốt cừu
wolf of Wall Street,Người sói phố Wall
wolf up,tiến lên
wolve down,ăn hết
woman among women,người phụ nữ giữa những người phụ nữ
woman of few words,người ít nói
woman of the hour,người phụ nữ của thời đại
woman of the people,người của nhân dân
woman on the street,người phụ nữ trên đường
woman up,Hãy mạnh mẽ
women and children first,phụ nữ và trẻ em trước tiên
won't someone think of the children,Ai sẽ nghĩ đến lũ trẻ
wonders never cease,Điều gì đến rồi sẽ đến
wonk out,mệt mỏi
wooden ear,tai gỗ
wooden spoon,thìa gỗ
wooden spoonist,người cầm thìa gỗ
word gets around,tin đồn lan truyền
word has it,nghe nói
word is,từ
word is bond,tín
word it,diễn đạt
word of finger,ngón tay
word of mouth,truyền miệng
word on the street,tin đồn
word on the wire,tin tức lan truyền
word to the wise,lời khuyên hữu ích
word up,Tuyệt vời
words cut deep,lời nói làm tổn thương sâu sắc
words fail someone,không biết nói gì
words of one syllable,từ một âm tiết
work around,khắc phục
work at,làm việc tại
work away,làm việc xa nhà
work back,làm ngược lại
work in,làm việc ở
work into the ground,kiệt sức
work it,cố gắng
work it out on the remix,biến tấu nó trong bản remix
work its magic,thể hiện hiệu quả
work like a dog,làm việc cật lực
work like a dream,hoạt động rất tốt
work like a horse,làm việc cật lực
work like hell,cố gắng hết sức
work of art,tác phẩm nghệ thuật
work off,tiêu thụ
work on,làm việc trên
work one's fingers to the bone,làm việc quần quật
work one's magic,thể hiện tài năng
work out,tập luyện
work over,làm việc thêm
work round,làm việc luân phiên
work someone's arse off,làm việc cật lực
work someone's ass off,làm việc cật lực
work spouse,đồng nghiệp thân thiết
work the crowd,gây ấn tượng với đám đông
work the room,tương tác với mọi người
work through,hoàn thành
work to rule,làm việc theo đúng quy định
work together,hợp tác
work up,tập luyện
work up to,tập luyện để đạt được
work with one's hands,làm việc bằng tay
work wonders,làm nên điều kỳ diệu
worked up,khó chịu
working girl,cô gái làm việc
working hard or hardly working,làm việc chăm chỉ hoặc làm việc rất ít
world of difference,sự khác biệt lớn
world record,kỷ lục thế giới
worlds apart,hoàn toàn khác biệt
worlds away,xa xôi
worm food,thức ăn cho giun
worm has turned,tình thế đã thay đổi
worm out,khai thác
worm turns,xoay tròn
worm's-eye view,góc nhìn từ dưới lên
worry along,lo lắng
worry back,lo lắng
worry down,lo lắng giảm đi
worse and worse,càng ngày càng tệ
worse for liquor,nguy hiểm hơn khi uống rượu
worse for wear,hỏng hóc
worse things happen at sea,có những điều tồi tệ hơn xảy ra trên biể…
worship the ground someone walks on,tôn thờ
worship the porcelain god,thờ thần sứ
worship the porcelain goddess,tôn thờ nữ thần sứ
worst comes to worst,trong trường hợp xấu nhất
worst of both worlds,tệ nhất của cả hai
worst-kept secret,bí mật ai cũng biết
worth a Jew's eye,rất quý giá
worth every penny,Đáng đồng tiền bát gạo
worth one's salt,đáng giá
worth one's weight in gold,vô cùng quý giá
worth one's while,đáng để
would give a Jew's eye,nhìn bằng con mắt của người Do Thái
would it hurt,nó có đau không
would it kill someone,nó có thể giết người không
would you believe,bạn có tin không
would you believe it,Bạn có tin không
wouldn't be seen dead,chết cũng không chịu
wouldn't you know,thật không ngờ
wouldn't you know it,thật không ngờ
wouldn't you say,anh/chị/bạn có nghĩ rằng
wowie kazowie,ồ la la
wowie zowie,ồ la la
wrack and ruin,tan tác
wrap around,quấn quanh
wrap around one's little finger,chinh phục
wrap in cotton wool,bọc bằng bông
wrap in the flag,quấn cờ
wrap it before you tap it,bọc nó trước khi ấn nó
wrap up,hoàn thành
wreathed in smiles,rạng rỡ nụ cười
wrestle with,đấu vật với
wrestle with a pig,đấu vật với một con lợn
wriggle out of,thoát khỏi
wring one's hands,vò tay
wring out,vắt
write checks one can't cash,viết séc không có giá trị
write down,viết ra
write for the drawer,viết cho ngăn kéo
write in,viết
write off,bỏ qua
write one's own ticket,quyết định mọi thứ
write oneself into a corner,tự đẩy mình vào tình thế khó khăn
write out,viết ra
write over,viết đè
write the book,viết sách
write up,bản tường thuật
writer's cramp,chuột rút tay
writing on the wall,dấu hiệu báo trước
written all over someone's face,rõ ràng trên khuôn mặt
written in blood,viết bằng máu
written in someone's face,thể hiện rõ trên khuôn mặt
written in the stars,viết sẵn trong số phận
wrong crowd,nhóm người không phù hợp
wrong number,số điện thoại sai
wrong side of the tracks,khu nghèo
wuss out,hèn nhác
X factor,Yếu tố X
X marks the spot,Đánh dấu chỗ đó
X out,bỏ
X's and O's,X và O
y'all means all,tất cả
yabba dabba doo,Không có nghĩa
yack on,nói nhiều
yada yada yada,bla bla bla
yadi yadi yada,bla bla bla
yak on,gà
yammer on,nói lan man
yank around,kéo mạnh
yank off,tháo ra mạnh
yank someone's chain,khiêu khích ai đó
Yankee dime,Bốn xu
yard out,kéo dài
yard up,cố lên
yardarm it,cột buồm
yardarm to,cột buồm
yardarm to yardarm,từ đầu đến cuối
yarn on,bắt đầu
yaya papaya,cà chua
ye gods,ôi thần linh
ye of little faith,ít tin tưởng
ye olde,cổ xưa
year dot,từ xưa đến nay
yeastie beastie,sinh vật nhỏ bé
yeasty beasty,ngọt ngào quyến rũ
yell out,hét lớn
yell silently,kêu thầm
yellow brick road,con đường gạch vàng
yellow grease,mỡ vàng
yellow journalism,báo lá cải
yellow journalist,kẻ báo chí giật gân
yellow light,đèn vàng
yellow off,vàng nhạt
yellow out,xanh xao
yellow press,báo lá cải
yellow state,tình trạng vàng
yellow up,vàng lên
yeoman's service,sự tận tụy
yes and amen,ạ và amen
yes and no,có và không
yes man,người đồng tình
yes to death,chào tạm biệt cuộc sống
yesterday is gone,Hôm qua đã qua rồi
yesterday's gone,Ngày hôm qua đã qua rồi
yield the ghost,thể hiện linh hồn
yield up,bước ra
yield up the ghost,ra đi
yikes on bikes,Ôi trời ơi
yippee skippy,Tuyệt vời
you ain't seen nothing yet,bạn chưa thấy gì đâu
you alright,bạn có ổn không
you and what army,anh và đội quân nào
you and which army,bạn và quân đội nào
you and whose army,bạn và quân đội của ai
you are the doctor,bác sĩ là bạn
you are what you eat,Bạn là những gì bạn ăn
you beauty,anh đẹp trai
you bet,chắc chắn rồi
you bet one's boots,chắc chắn
you bet one's life,cược mạng sống
you better believe it,chắc chắn rồi
you call this,cái này gọi là gì
you can say that again,Bạn nói đúng rồi
you can't be half pregnant,Không thể mang thai một nửa
you can't fight City Hall,Bạn không thể chống lại chính quyền
you can't fix stupid,Bạn không thể sửa được sự ngu ngốc
you can't get something for nothing,Không có gì là miễn phí
you can't go home again,Không thể quay trở lại nhà cũ
you can't make this stuff up,Không thể nào nghĩ ra được
you can't outrun your fork,Bạn không thể trốn tránh số phận của mìn…
you can't polish a turd,Không thể biến phân thành vàng
you can't polish shit,Bạn không thể biến phân thành kim cương
you can't say fairer than that,Không thể công bằng hơn thế
you can't take it with you,Bạn không thể mang theo được
you can't unring a bell,Không thể làm cho tiếng chuông không van…
you can't win them all,Không thể thắng tất cả
you cannot please everyone,Không thể làm hài lòng tất cả mọi người
you could have fooled me,Bạn đã đánh lừa tôi rồi
you couldn't make it up,không thể nào nghĩ ra được
you don't get owt for nowt,Không có gì là miễn phí
you don't get something for nothing,Không có gì là miễn phí
you don't know where it's been,bạn không biết nó đã ở đâu
you don't want to know,bạn không muốn biết
you gals,các bạn gái
you get that,bạn hiểu không
you get what you pay for,Bạn được những gì bạn trả tiền
you got it,Bạn hiểu rồi
you got this,Bạn làm được
you had one job,bạn chỉ có một nhiệm vụ
you had to be there,phải có mặt ở đó
you happy jiu OK,Bạn vui không Jiu
you haven't lived,bạn chưa từng sống
you hear what I'm saying,Bạn có nghe thấy những gì tôi đang nói k…
you know it,bạn biết rồi
you know something,bạn biết gì đó
you know what,bạn biết đấy
you know what I mean,Bạn hiểu ý tôi chứ
you know what I'm saying,Bạn hiểu ý tôi nói không
you know what they say,bạn biết người ta nói gì
you knows it,bạn biết
you learn something new every day,Bạn học được điều gì đó mới mỗi ngày
you lot,các bạn
you man,anh bạn
you must be fun at parties,Chắc hẳn bạn rất vui vẻ khi đi dự tiệc
you must be new here,Chắc hẳn bạn mới đến đây
you must spoil before you spin,phải làm hỏng trước khi xoay
you name it,bất cứ cái gì bạn muốn
you never know,Bạn không bao giờ biết
you only get what you give,Bạn chỉ nhận được những gì bạn cho đi
you only go around once,chỉ có một lần duy nhất
you only live once,chỉ sống một lần
you said a mouthful,Bạn vừa nói rất nhiều
you said it,bạn nói đúng rồi
you shouldn't have,Bạn không nên
you snooze you lose,ai không chịu khó thì mất cơ hội
you the birthday,chúc mừng sinh nhật
you think,bạn nghĩ
you think what,Bạn nghĩ gì
you want a cookie,Bạn muốn một cái bánh quy không
you welcome,Bạn được chào đón
you were saying,bạn đang nói
you win,bạn thắng
you wish,bạn ước gì
you'd better believe it,Hãy tin tôi đi
you'll get yours,chắc chắn rồi
you'll live,bạn sẽ sống
you'll never guess,bạn sẽ không bao giờ đoán được
you're a long time dead,Bạn sẽ chết vì quá lâu
you're all right,bạn nói đúng
you're alright,bạn ổn chứ
you're good,bạn giỏi
you're kidding,Bạn đang đùa sao
you're never too old to learn,Không bao giờ là quá muộn để học
you're on,bạn đúng rồi
you're telling me,Bạn đang nói với tôi
you're the boss,anh/chị là sếp
you're the doctor,bác sĩ là bạn
you're welcome a million,Không có gì đâu, một triệu lần
you've got to be kidding me,Anh đang đùa đúng không
you've got to laugh,phải cười thôi
you've gotta be kidding me,Bạn đang đùa đúng không
you've said a mouthful,Bạn vừa nói rất nhiều
young at heart,trẻ trung trong tâm hồn
young blood,máu trẻ
young fogey,người già bảo thủ trẻ tuổi
young Turk,người trẻ tuổi có tư tưởng tiến bộ
your arse,mông của bạn
your ass,mông của bạn
your barn door is open,cửa chuồng của bạn đang mở
your blood's worth bottling,máu của bạn rất quý giá
your boy,chàng trai của bạn
your chariot awaits,xe ngựa của bạn đang chờ
your girl,người yêu của bạn
your good name,tên tốt của bạn
your head,đầu của bạn
your mileage may differ,kết quả có thể khác nhau
your mileage may vary,kết quả có thể khác nhau
your money is no good here,Tiền của bạn không được chấp nhận ở đây
your net worth is your network,Giá trị của bạn nằm ở mạng lưới quan hệ …
your network is your net worth,Mạng lưới quan hệ của bạn là tài sản của…
your place or mine,Nhà bạn hay nhà tôi
your reputation precedes you,Danh tiếng của bạn đã đi trước bạn
your vibe attracts your tribe,Năng lượng của bạn thu hút những người c…
your wish is my command,ý của bạn là mệnh lệnh của tôi
yours ever,mãi mãi của bạn
yours faithfully,trân trọng
yours sincerely,trân trọng
yours trulies,chân thành của tôi
yours truly,người viết thư
youth is wasted on the young,Tuổi trẻ thường bị lãng phí ở những ngườ…
yuck fou,ghê tởm
yuck it up,ghê tởm
yuck out,khạc ra
yuck someone's yum,làm mất hứng thú của ai đó
yuck up,khạc nhổ
yuk it up,cười ồ
zap over,chuyển nhanh
zap up,sạc đầy
zero fucks given,Không quan tâm chút nào
zero in,tập trung vào
zero out,đặt về không
zig when one should zag,Khi nào nên đi đường vòng
zip down,kéo xuống
zip one's lip,im lặng
zip up,kéo khóa
zipper down,móc kéo bị bung
zipper up,kéo khóa
zoink out,rút lui
zombie out,bất động
zone in,tập trung
zone off,khu vực cấm
zone out,mơ màng
zonk out,ngủ quên
zoom by,vượt qua nhanh chóng
zoom in,khuếch đại
zoom in on,khuếch đại
zoom out,thu nhỏ
zoot suit,váy vest
zoot up,trang điểm
