$20 is $20,Vinte dólares são vinte dólares
'ark at 'ee,olhe para ele
'fess up,confessar
'fraid not,Não, obrigado
'fraid so,Temo que sim
'nuff said,Não preciso dizer mais nada
'til next time,Até a próxima vez
'til the cows come home,enquanto as vacas não voltarem para casa
'til we meet again,Até a próxima vez
'tis the season,É a época
10 points to Gryffindor,10 pontos para Grifinória
11 Downing Street,Número 11 da Downing Street
110 proof,110 graus
11th commandment,décimo primeiro mandamento
12-ounce curls,cachos de 12 onças
13th reason why,13 razões
15 minutes of fame,Quinze minutos de fama
20 bucks is 20 bucks,Vinte dólares são vinte dólares
20 dollars is 20 dollars,vinte dólares é vinte dólares
20 whole dollars,Vinte dólares inteiros
20% cooler,20% mais fresco
23 skidoo,sai daí
23 Skidoo Street,Rua 23 Skidoo
51 percent,cinquenta e um por cento
800-pound gorilla,O elefante na sala
a bad penny always comes back,Uma moeda ruim sempre volta a aparecer
a bad penny always turns up,Uma pessoa ruim sempre volta para te inc…
a balancing act,um ato de equilíbrio
a barking dog never bites,Um cão que late não morde
a barking dog seldom bites,Um cão que late raramente morde
a big ask,um grande pedido
a big mouth,boca grande
a bird in the hand,um pássaro na mão
a boon and a bane,uma bênção e uma maldição
a breath of fresh air,uma lufada de ar fresco
a bridge too far,uma ponte muito distante
a buck is a buck,um dólar é um dólar
a buck's a buck,Um dólar é um dólar
a bumpy ride,um passeio irregular
a burnt child dreads the fire,Uma criança que se queimou tem medo do f…
a calorie is a calorie,uma caloria é uma caloria
a case in point,um exemplo claro
a cash cow,uma vaca leiteira
a change of heart,uma mudança de opinião
a cigar is a cigar,um charuto é um charuto
a cigar is just a cigar,um charuto é apenas um charuto
a closed mouth catches no flies,quem não fala não se enrasca
a closed mouth doesn't get fed,Uma boca fechada não é alimentada
a closed mouth gathers no feet,quem não fala não se envergonha
a cold day in July,um dia frio em julho
a creaking door hangs longest,uma porta que range dura mais
a cut above,melhor
a cut above the rest,melhor que os demais
a danger foreseen is half avoided,Um perigo previsto é meio resolvido
a dark horse,um azarão
a dead end,beco sem saída
a deal is a deal,um acordo é um acordo
a dime a dozen,muito comum
a fact of life,um fato da vida
a far remove,uma grande distância
a fault confessed is half redressed,Uma confissão atenua a culpa
a fine line,uma linha tênue
a fool and his money,um tolo e seu dinheiro
A for effort,Parabéns pelo esforço
a frame of mind,uma forma de pensar
a free agent,agente livre
a full-time job,um emprego em tempo integral
a game plan,um plano de jogo
a good bet,uma boa aposta
a good deal,um bom negócio
a gray area,uma área cinzenta
a great deal,muito
a grey area,uma área cinzenta
a gut feeling,uma intuição
a head start,uma vantagem inicial
a hen night,uma despedida de solteira
a hen party,uma despedida de solteira
a high profile,um perfil alto
a hit dog hollers,um cachorro bravo late
a hit dog will holler,Um cachorro que foi atingido vai latir
a horse apiece,um cavalo cada
a house is not a home,uma casa não é um lar
a hundred and ten percent,cento e dez por cento
a into g,de a para g
a juggling act,um número de malabarismo
a la,à
a laughing stock,ridículo
a leading light,uma figura de destaque
a leopard can't change its spots,Um leopardo não pode mudar suas manchas
a leopard cannot change its spots,Um leopardo não pode mudar suas manchas
a level playing field,condições iguais
a lie has no legs,uma mentira não tem pernas
a little bird told me,um passarinho me contou
a little birdie told me,um passarinho me contou
a little goes a long way,pouco rende muito
a little pot is soon hot,Uma panela pequena logo fica quente
a long shot,uma aposta arriscada
a lump in one's throat,um nó na garganta
a magician never reveals his secrets,um mágico nunca revela seus segredos
a man's home is his castle,O lar é o castelo do homem
a means to an end,um meio para um fim
a mite,ácaro
a mixed bag,um misto
a new broom sweeps clean,quem chega novo tudo renova
a new lease of life,uma nova vida
a new man,um novo homem
a new woman,uma mulher nova
a notch above,um pouco melhor
a number of,um número de
a one-night stand,ficada
a pain in the arse,um saco
a pain in the ass,um saco
a pain in the neck,um incômodo
a pat on the back,um tapinha nas costas
a pecking order,hierarquia
a perfect storm,uma tempestade perfeita
a picture paints a thousand words,uma imagem vale mais que mil palavras
a pit stop,parada rápida
a plague o' both your houses,Que a praga atinja as duas casas
a plague on both your houses,Que uma praga atinja as duas casas
a pound to a penny,uma libra para um centavo
a pox on both your houses,que a peste atinja as vossas casas
a promise is a promise,uma promessa é uma promessa
a question mark over somebody,um ponto de interrogação sobre alguém
a question mark over something,um ponto de interrogação sobre algo
a quick fix,uma solução rápida
a race against the clock,uma corrida contra o tempo
a race against time,uma corrida contra o tempo
a red flag,uma bandeira vermelha
a red herring,cortina de fumaça
a rising tide lifts all boats,A maré alta eleva todos os barcos
a rite of passage,um rito de passagem
a Roland for an Oliver,um Roland por um Oliver
a roll of honour,lista de honra
a rolling stone gathers no moss,pedra que rola não acumula musgo
a rough ride,uma viagem difícil
a rule of thumb,uma regra geral
a safe bet,uma aposta segura
a safety net,rede de segurança
a sea change,uma mudança radical
a slippery slope,uma rampa escorregadia
a smooth ride,uma viagem tranquila
a stitch in time saves nine,uma costura a tempo economiza nove
a stumbling block,um obstáculo
a sucker is born every minute,Nasce um tolo a cada minuto
a tall order,uma tarefa difícil
a thin line,uma linha fina
a thing or two,alguma coisa
a thousand,mil
a Trojan horse,cavalo de troia
a turkey voting for Christmas,um peru votando pelo Natal
a turn of phrase,uma expressão
a twinkle in someone's eye,um brilho no olhar
a vicious circle,um ciclo vicioso
a vote of confidence,um voto de confiança
a wake-up call,um alerta
a war of words,uma guerra de palavras
a watched kettle never boils,Uma chaleira que está sendo observada nu…
a watched pot never boils,Uma panela que está sendo observada pare…
a watched pot never boils over,A pressa é inimiga da perfeição
a wee bit,um pouco
a week from next Tuesday,uma semana a partir da próxima terça-fei…
a wild card,carta curinga
a wish list,uma lista de desejos
a woman's work is never done,O trabalho de uma mulher nunca termina
a year and a day,um ano e um dia
ab off,desligado
aback of,atrás de
abate of,abate
Abbot's Priory,Mosteiro do Abade
abide by,cumprir
abound in one's own sense,estar repleto de
about one's ears,perto das orelhas
about one's person,sobre a pessoa
about that life,sobre essa vida
about time,bem na hora
about turn,meia volta
above all else,acima de tudo
above and beyond,acima e além
above average,acima da média
above board,limpo
above grass,acima da grama
above ground,acima do solo
above measure,acima da média
above one's bend,acima do alcance
above one's huckleberry,além da conta de alguém
above one's pay grade,acima do nível da sua função
above one's paygrade,acima do nível hierárquico
above one's station,acima do seu lugar
above par,acima da média
above proof,acima da prova
above stairs,acima da escada
above the curve,acima da curva
above the fold,acima da dobra
above the fray,acima da confusão
above the law,acima da lei
above the rim,acima da borda
above the salt,acima do sal
above the table,acima da mesa
above water,acima da água
absence makes the heart fonder,a distância aumenta o amor
absence makes the heart go yonder,a distância aumenta o amor
absence makes the heart grow fonder,a distância aumenta o amor
absente reo,réu ausente
absit invidia,Que não haja inveja
absolutely convergent,absolutamente convergente
absolutely summable,totalmente resumível
absorb oneself in,imersão
absque hoc,sem isso
absque impetitione vasti,sem solicitação, vasto
abstract away from,afastar-se de
abuse of distress,abuso de sofrimento
abut on,fazer divisa com
ac etiam,e também
academically disadvantaged,em desvantagem acadêmica
accident of birth,acaso do nascimento
accident waiting to happen,acidente à espera de acontecer
accidentally on purpose,de propósito
accidents will happen,acontecimentos inesperados acontecem
according to,de acordo com
according to Cocker,de acordo com Cocker
according to Gunter,de acordo com Gunter
according to Hoyle,de acordo com Hoyle
according to one's lights,de acordo com a própria consciência
according to one's understanding,de acordo com a compreensão de alguém
according to plan,de acordo com o plano
account for,representar
account of,relato
account to,conta para
accredit with,atribuir
ace in the hole,carta na manga
ace into,entrar em
ace out,superar
ace up one's sleeve,um trunfo na manga
ache for,dor de cabeça
aches and pains,dores e sofrimentos
acknowledge the corn,reconhecer o milho
acquired taste,gosto adquirido
across country,atravessando o país
across lots,através de muitos lugares
across the board,de forma geral
across the ditch,do outro lado da vala
across the line,atravessar a linha
across the pond,do outro lado do lago
across the way,do outro lado
act of Congress,ato do Congresso
act on,agir
act one's age,agir como a sua idade
act out,representar
act the hypocrite,fazer o hipócrita
act up,dar problemas
act upon,agir sobre
actions have consequences,as ações têm consequências
actions speak louder than words,as ações falam mais alto que as palavras
activist judge,juiz ativista
activist justice,justiça social
ad damnum,para o prejuízo
ad idem,de acordo
ad in,anúncio
ad out,anunciar
ad quod damnum,qual o dano
ad vitam aut culpam,até a morte ou a culpa
ad vivum,ao vivo
Adam's ale,água
add fuel to the fire,agracar a fogueira
add insult to injury,agravante
add oil,adicione óleo
add on,adicional
add one's twopenn'orth,dar a opinião de alguém
add up,somar
add up to,totalizar
added value,valor agregado
address me,me chame
adequately wet,suficientemente molhado
adhere to,aderir a
adopt out,adoção
adorn oneself with borrowed plumes,enfeitar-se com penas emprestadas
adrenaline rush,sensação de adrenalina
adversarial collaboration,colaboração antagônica
advise against,aconselhar contra
affair partner,parceiro(a) amoroso(a
affinely independent,independent afim
afraid of one's own shadow,medroso
after a fashion,de certa forma
after all,afinal
after all is said and done,depois de tudo
after dark,à noite
after hours,depois do expediente
after me the deluge,depois de mim, o dilúvio
after one's own heart,do agrado de alguém
after one's own soul,depois da própria alma
after Saturday comes Sunday,Depois de sábado vem domingo
after the fact,depois do fato
after the jump,depois do salto
after the Lord Mayor's show,depois da cerimônia do Lord Mayor
after us the deluge,depois de nós, o dilúvio
again and again,novamente e novamente
against all odds,contra todas as probabilidades
against all the odds,contra todas as probabilidades
against nature,contra a natureza
against one's better judgment,contra a própria consciência
against the clock,contra o tempo
against the collar,contra o colar
against the grain,contra a corrente
against the hair,contra o pelo
against the law,ilegal
against the run of play,contra a lógica
against the world,contra o mundo
against time,contra o tempo
age ain't nothing but a number,A idade não é nada mais que um número
age before beauty,a idade vem antes da beleza
age is just a number,A idade é apenas um número
age out,atingir a idade máxima
age up,aumentar a idade
agree to disagree,discordar
agree with,concordar com
aha moment,momento de clareza
ahead of,à frente de
ahead of one's time,à frente do seu tempo
ahead of schedule,adiante do prazo
ahead of the curve,à frente do seu tempo
ahead of the game,à frente
ahead of the pack,na frente
ahead of time,com antecedência
aid and abet,auxiliar e acobertar
aim at,mirar em
ain't no shame in my game,Não tenho nada a esconder
ain't no telling,não há como saber
ain't that the truth,não é mesmo
ain't what it used to was,não é mais o que era
air off,arejar
air one's dirty laundry in public,expor assuntos íntimos em público
air one's dirty linen in public,expor a roupa suja
air out,arejar
air rage,raiva em voo
air sandwich,sanduíche de ar
air up,encher de ar
alarums and excursions,alarmes e excursões
albatross around one's neck,um fardo
albatross round one's neck,um fardo
alert and oriented,alerta e orientado
algebraically closed,algebricamente fechado
algebraically independent,independent algebricamente
alive and kicking,vivo e bem
alive and well,vivo e bem
all aboard,todos a bordo
all along,todo o tempo
all and sundry,todos e cada um
all at once,de uma vez
all bark and no bite,muito barulho e pouca ação
all bedlam breaks loose,tudo desanda
all bets are off,todas as apostas são anuladas
all cats are beautiful,todos os gatos são bonitos
all cats are gray at night,todos os gatos são cinzentos à noite
all cats are grey at night,todos os gatos são cinzentos à noite
all cats are grey by night,todos os gatos são cinzentos à noite
all correct,tudo correto
all cows eat grass,todas as vacas comem grama
all cry and no wool,muito barulho por nada
all duck or no dinner,tudo ou nada
all ears,atento
all ends up,tudo acaba
all eyes,todos os olhares
all eyes and ears,totalmente atento
all eyes are on,todos os olhares estão voltados para
all eyes on somebody,todos os olhares voltados para alguém
all eyes on something,todos os olhares voltados para algo
all fingers and thumbs,desajeitado
all foam and no beer,muito barulho para nada
all for nought,tudo em vão
all fur and no knickers,muito barulho por nada
all fur coat and no knickers,aparência de riqueza e falta de substânc…
all good,tudo bem
all good in the hood,tudo bem no bairro
all good things,todas as coisas boas
all hands to the pump,todos à bomba
all hat and no cattle,muito barulho por nada
all hat and no cowboy,muito barulho por nada
all heart,de coração
all hell breaks loose,tudo explode
all holiday,todos os feriados
all hollow,tudo vazio
all in a day's work,parte do trabalho
all in all,no geral
all in one piece,inteiro
all in the family,tudo em família
all is not lost,nem tudo está perdido
all it's cracked up to be,tudo o que dizem que é
all kidding aside,tirando as brincadeiras
all lives matter,todas as vidas importam
all manner of,todo tipo de
all mouth and no trousers,muito barulho por nada
all mouth and trousers,muito barulho por nada
all of a doodah,uma confusão
all of a heap,de repente
all of a sudden,de repente
all of the sudden,de repente
all on one's own,sozinho
all one's born days,todos os dias de nascimento
all one's life's worth,todo o valor da vida
all out,tudo de bom
all over,por toda parte
all over bar the shouting,quase tudo pronto
all over but the shouting,tudo acabou
all over hell's half acre,por toda parte
all over someone like a rash,estar em todos os lugares de alguém
all over the ballpark,por todo o estádio
all over the board,de forma aleatória
all over the gaff,por toda a casa
all over the lot,por toda parte
all over the map,por toda parte
all over the place,por toda parte
all over the shop,por toda a loja
all over the show,por toda a apresentação
all over the world,por todo o mundo
all points of the compass,todos os pontos cardeais
all politics are local,toda política é local
all politics is local,toda política é local
all publicity is good publicity,toda publicidade é boa publicidade
all quiet on the Western Front,tudo em silêncio na frente ocidental
all rights reserved,todos os direitos reservados
all roads lead to Mecca,todos os caminhos levam a Meca
all roads lead to Rome,todos os caminhos levam a Roma
all roads lead to Sydney,todos os caminhos levam a Sydney
all rumors are true,todos os boatos são verdadeiros
all set,tudo pronto
all sixes and nines,tudo em ordem
all sixes and sevens,tudo confuso
all sizzle and no steak,muito barulho e pouca ação
all students take calculus,todos os alunos fazem cálculo
all style and no substance,aparência e nada mais
all systems go,tudo pronto
all talk and no cider,muito barulho e pouca ação
all that glisters is not gold,nem tudo que reluz é ouro
all that glitters,nem tudo que reluz
all that glitters is not gold,nem tudo que reluz é ouro
all that jazz,tudo isso
all that said,tudo dito
all the best,tudo de bom
all the gear and no idea,muito equipamento e pouca experiência
all the marbles,todas as bolinhas
all the rage,muito popular
all the same,tudo igual
all the sudden,de repente
all the tea in China,todo o chá da China
all the while,todo o tempo
all the world's a stage,o mundo inteiro é um palco
all there,tudo bem
all things,todas as coisas
all things considered,considerando tudo
all things to all people,tudo para todos
all thumbs,desajeitado
all to smash,tudo para destruir
all to the better,para melhor
all told,no total
all very well,tudo muito bem
all wet,molhado
all wool and a yard wide,todo lã e um metro de largura
all's fair in love and war,Tudo é válido no amor e na guerra
all's one,tudo é igual
all's well that ends well,tudo está bem quando termina bem
all-weather friend,amigo de todas as estações
alles anderes ist Menschenwerk,tudo o mais é obra humana
allot upon,alocar em
allow for,permitir
allude to,aludir a
almighty dollar,dólar todo-poderoso
almost doesn't count,quase não conta
alone in a crowd,sozinho na multidão
along about,aproximadamente
along of,junto com
along the lines of,na linha de
along the same vein,na mesma linha
along the way,ao longo do caminho
along with,junto com
alongside of,junto a
alpha up,para cima
alright me babber,tudo bem, meu amor
alright me lover,tudo bem meu amor
alright my babber,tudo bem meu amor
alright my lover,tudo bem meu amor
also known as,também conhecido como
am I right,estou certo
amateur hour,hora dos amadores
amber gambler,amborã jogador
amber light,luz âmbar
amber nectar,néctar âmbar
American Dream,Sonho americano
Amish bus driver rule,Regra para motoristas de ônibus Amish
ammo up,carregar munição
amount to,totalizar
amp down,reduzir a amplificação
amp up,aumentar
an angel passes,um anjo passa
an arm and a leg,um braço e uma perna
an army marches on its stomach,Um exército marcha com o estômago cheio
an easy ride,um passeio fácil
an Englishman's home is his castle,O lar é o castelo do homem
an uphill battle,uma luta difícil
an uphill struggle,uma luta difícil
an uphill task,uma tarefa difícil
anaconda mortgage,hipoteca anaconda
anatomically correct,anatomicamente correto
ancient history,história antiga
and a half,e meio
and all the rest of it,e tudo o mais
and another thing,e mais uma coisa
and change,e mudar
and company,e empresa
and counting,e contando
and crap,e besteira
and don't play one on TV,e não finja que está na televisão
and don't you forget it,e não se esqueça disso
and everything,e tudo
and finally,e finalmente
and his mother,e sua mãe
and how,e como
and I claim my five pounds,e eu reclamo meus cinco libras
and I don't mean maybe,e não quero dizer talvez
and I oop,e eu, ops
and no flies,e sem moscas
and no mistake,e sem erro
and nothing of value was lost,e nada de valor foi perdido
and shit,e outras coisas
and so forth,e assim por diante
and so say all of us,e assim dizemos todos
and stuff,e coisas assim
and such,e coisas assim
and that's flat,e isso é plano
and the church says amen,e a igreja diz amém
and the like,e coisas do gênero
and whatnot,e assim por diante
and your little dog too,e o seu cachorrinho também
angel's advocate,defensor
angle for,ângulo para
angle for farthings,ângulo para farthings
angle iron,cantonadeira
angles and dangles,penduricalhos
another country heard from,outro país se manifestou
another county heard from,outro condado se manifestou
another day in paradise,mais um dia no paraíso
another nail in someone's coffin,mais um prego no caixão de alguém
another nail in the coffin,mais um prego no caixão
another string to one's bow,mais uma carta na manga
answer back,responder
answer for,resposta para
answer on a postcard,responda num postal
answer someone's prayers,realizar os desejos de alguém
answer the call of nature,ir ao banheiro
answer to,resposta
answer to someone's prayers,resposta às orações
answer up,responder
ante in,antes de
ante litteram,antes da lei
ante up,aumentar a aposta
ants in one's pants,inquieto
any day now,qualquer dia agora
any exposure is good exposure,qualquer divulgação é boa divulgação
any fule kno,qualquer um sabe
any given Sunday,qualquer domingo
any hole's a goal,qualquer buraco vale como gol
any more for any more,mais para mais
any nook or cranny,qualquer canto ou recanto
any number of,qualquer número de
any old,qualquer velho
any old kind of way,de qualquer jeito
any old nook or cranny,qualquer canto ou recanto
any old thing,qualquer coisa antiga
any other business,outros assuntos
any port in a storm,qualquer porto é bom abrigo
any press is good press,qualquer divulgação é boa divulgação
any the wiser,mais esclarecido
any time now,a qualquer momento
any time soon,em breve
any way one cuts it,de qualquer forma
any way one slices it,de qualquer forma
anybody who is anybody,alguém importante
anyone's guess,chute
anything goes,tudo é permitido
apart from,além de
ape in,macaco
ape leader,líder do APEN
apothecary's Latin,latim do boticário
appearances are deceptive,As aparências enganam
appetite comes with eating,O apetite vem comendo
apple of someone's eye,a menina dos olhos
apple polisher,lambe-botas
apple up,maçã para cima
apples and oranges,maçãs e laranjas
apples to apples,comparar coisas diferentes
apply oneself,dedicar-se
April showers bring May flowers,As chuvas de abril trazem as flores de m…
apron string,cordão de avental
apron-string hold,laço do avental
apropos of,a propósito de
apropos of nothing,sem motivo
arc up,arcar
arch doxy,doutora
are bears Catholic,os ursos são católicos
are the Kennedys gun-shy,os Kennedys estão assustados com armas
are we deadass,estamos falando sério
are we there yet,já chegamos
are you blind,você é cego
are you deaf,está surdo
are you sure you're sure,você tem certeza mesmo
are your ears burning,estão seus ouvidos a arder
argle-bargle morble whoosh,Confusão
argue down,discordar
argue out,discutir
ark at ee,olhe para
arm candy,brincos
arm out,braço estendido
arm to the teeth,armado até os dentes
arm up,armar
arm's length,distância de braço
armchair quarterback,técnico de sofá
army volunteer,voluntário do exército
around one's ears,perto dos ouvidos
around Robin Hood's barn,ao redor do celeiro de Robin Hood
around the bend,na curva
around the clock,24 horas por dia
around the corner,na esquina
around the Horn,ao redor do Cabo da Boa Esperança
around the traps,pelos arredores
around the way,perto daqui
around the wicket,em volta do poste
around the world,pelo mundo
arrive at,chegar a
arrow in the quiver,flecha no repolho
arse about,preocupar-se com
arse around,perder tempo
arse end of nowhere,boca do inferno
arse over tip,fofoca
arse over tit,fofoca
arse up,complicar
arsy versy,versos
art imitates life,a arte imita a vida
art up,arte
artful dodger,esperto
article of death,artigo de morte
artificially intelligent,inteligência artificial
artificially sweetened,adoçado artificialmente
as a duck takes to water,como um pato na água
as a lamb to the slaughter,como um cordeiro ao abate
as a matter of course,como de costume
as a matter of fact,na verdade
as a matter of facts,na verdade
as a result,como resultado
as a rule,geralmente
as a whole,no geral
as all fuck,tudo
as all get-out,totalmente
as and when,conforme necessário
as anything,como qualquer coisa
as be damned,que se dane
as best one can,o melhor que se pode
as big as life,tão grande quanto a vida
as cold as ice,frio como gelo
as ever trod shoe leather,como nunca antes
as ever trod shoe-leather,como sempre andou de carro
as far as,até onde
as far as I know,até onde eu sei
as far as one is concerned,na opinião de alguém
as far as one knows,até onde se sabe
as far one's concerned,na opinião de alguém
as fate would have it,como o destino quis
as fine as Dick's hatband,muito bom
as fit as a fiddle,em ótima forma
as for,quanto a
as God intended,como Deus quis
as God is my witness,Que Deus me perdoe
as good as gold,como um anjo
as good as it gets,o melhor que pode ser
as good as new,como novo
as good as the original,tão bom quanto o original
as hard as nails,duro como pedra
as I live and breathe,enquanto eu viver
as I see it,como eu vejo
as I was saying,como eu estava dizendo
as if,como se
as if by magic,como por magia
as if I care,como se eu me importasse
as if I cared,como se eu me importasse
as if someone owns the place,como se fosse dono do lugar
as if there is no tomorrow,como se não houvesse amanhã
as if there were no tomorrow,como se não houvesse amanhã
as if there's no tomorrow,como se não houvesse amanhã
as it comes,como vier
as it gets,conforme avança
as it goes,como vai
as it happens,como acontece
as it stands,como está atualmente
as large as life,real como a vida
as light as air,leve como o ar
as long as,enquanto
as luck may have it,como a sorte quer
as luck would have it,como a sorte quis
as memory serves,se a memória não me falha
as much,tanto
as much as possible,tanto quanto possível
as much sinning as sinned against,tanto pecado quanto pecado contra
as near as matters,quase tanto
as of late,recentemente
as of right,atualmente
as often as not,frequentemente
as opposed to,ao contrário de
as per,conforme
as previously mentioned,como mencionado anteriormente
as provided for,conforme previsto
as regards,em relação a
as right as rain,perfeito
as she is spoke,como ela fala
as soon as,assim que
as soon as look at someone,assim que alguém olha
as soon as possible,o mais rápido possível
as such,assim
as the case may be,conforme o caso
as the crow flies,em linha reta
as the day is long,quanto mais tempo passa
as the fella said,como o sujeito disse
as the fella says,como o sujeito diz
as the gull flies,em linha reta
as the man said,como o homem disse
as the man says,como o homem diz
as the next girl,a próxima menina
as the next guy,como o próximo cara
as the next person,como a próxima pessoa
as the saying goes,como dizem
as the wind blows,como o vento sopra
as they come,como eles vêm
as they say,como dizem
as though,como se
as time goes by,com o passar do tempo
as times go,com o passar do tempo
as to,em relação a
as useful as a chocolate teapot,tão útil quanto um bule de chocolate
as we know it,como o conhecemos
as well,também
as well as,assim como
as white as a sheet,branco como um lençol
as who should say,quem diria
as you go,conforme avança
as you know,como você sabe
as you like,como quiser
as you please,como quiser
asap,o mais rápido possível
Asian don't raisin,Asiáticos não fazem uvas passas
aside from,além de
ask a stupid question,fazer uma pergunta idiota
ask after,perguntar sobre
ask around,perguntar por aí
ask back,perguntar de volta
ask for,pedir
ask for it,peça
ask for the moon,pedir a lua
ask in,perguntar em
ask me one about sport,Faça-me uma pergunta sobre esportes
ask me one on sport,faça-me uma pergunta sobre esportes
ask my arse,pergunte ao meu traseiro
ask out,convidar para sair
ask over,perguntar sobre
ask round,perguntar por aí
asked and answered,perguntado e respondido
asking for a friend,perguntando por um amigo
asleep at the switch,desatento
asphalt jungle,selva de pedra
asposed to,em contraste com
ass in the grass,bundinha no capim
ass out,para fora
ass over teakettle,de cabeça para baixo
assault and battery,agressão e lesão corporal
assume room temperature,assumir temperatura ambiente
assume the mantle,assumir o manto
assume the position,assumir a posição
astern of,à ré
astraddle of,montado em
at a canter,a um trote
at a clip,de uma vez
at a discount,com desconto
at a distance,à distância
at a draft,em rascunho
at a draught,em um gole
at a fast clip,rapidamente
at a glance,de relance
at a go,de uma vez
at a guess,adivinhando
at a loose end,sem nada para fazer
at a loss,perdido
at a loss for words,Sem palavras
at a low ebb,em baixa
at a minimum,no mínimo
at a moment's notice,a qualquer momento
at a pinch,em caso de emergência
at a premium,a um preço elevado
at a price,a um preço
at a profit,com lucro
at a push,com muito esforço
at a rate of knots,a toda velocidade
at a run,correndo
at a single stroke,de uma só vez
at a stand,parado
at a stretch,com dificuldade
at a stroke,de uma vez
at a time,de cada vez
at a venture,por aventura
at adventure,na aventura
at all,de forma alguma
at all adventures,em todas as aventuras
at all costs,a todo custo
at all events,de qualquer forma
at all hands,para todos
at all hours,a qualquer hora
at all points,em todos os pontos
at anchor,ancorado
at antipodes,em antípodas
at any event,em qualquer evento
at any given moment,a qualquer momento
at any hand,em qualquer situação
at any rate,de qualquer forma
at arm's length,à distância
at bank,no banco
at bar,no bar
at bat,no ar
at bay,contido
at best,no melhor dos casos
at bottom,na parte inferior
at call,a pedido
at command,sob comando
at cost,a custo
at cross-purposes,em conflito
at daggers drawn,em conflito
at dark,no escuro
at death's door,à beira da morte
at each other's throats,em conflito
at ease,à vontade
at fault,culpado
at first,inicialmente
at first bluff,inicialmente
at first blush,à primeira vista
at first glance,à primeira vista
at first sight,à primeira vista
at full pelt,a toda velocidade
at full steam,a todo vapor
at full stretch,ao máximo
at full throttle,no máximo
at full tilt,a toda velocidade
at gaze,olhando
at grips,em conflito
at gunpoint,sob a mira de uma arma
at hand,à mão
at heart,no fundo
at heck and manger,no inferno e na pocilga
at Her Majesty's pleasure,a critério de Sua Majestade
at home,em casa
at intervals,em intervalos
at issue,em questão
at knifepoint,sob a ponta da faca
at large,à solta
at last,finalmente
at latter Lammas,no final da festa de Lammas
at least,pelo menos
at leisure,de folga
at length,por fim
at liberty,à vontade
at loggerheads,em conflito
at long last,Finalmente
at loose ends,sem saber o que fazer
at minimum,no mínimo
at most,no máximo
at night,à noite
at no time,em nenhum momento
at odd times,em horários estranhos
at odds,em desacordo
at once,imediatamente
at one go,de uma vez
at one stroke,de uma vez
at one time,algum tempo
at one time or another,em algum momento
at one's best,no seu melhor
at one's ease,à vontade
at one's elbow,perto
at one's feet,aos pés de alguém
at one's fingers' ends,na ponta dos dedos
at one's fingertips,ao alcance
at one's leisure,com calma
at one's own peril,por sua conta e risco
at one's own risk,por conta e risco do usuário
at one's peril,por sua conta e risco
at one's risk,por conta própria
at pace,em ritmo
at pains,com dificuldade
at peace,em paz
at peace with,em paz com
at places,em lugares
at play,a brincar
at pleasure,a seu bel-prazer
at present,atualmente
at rack and manger,em rack e mangueira
at random,aleatoriamente
at rest,em repouso
at right angles to,em ângulo reto
at risk,em risco
at rovers,em veículos terrestres
at scale,em escala
at school,na escola
at sea,no mar
at second hand,de segunda mão
at short notice,com pouco aviso
at short sight,de perto
at sight,à vista
at sixes and sevens,em confusão
at some point,em algum momento
at somebody's elbow,ao lado de alguém
at somebody's heels,nos calcanhares de alguém
at someone's disposal,à disposição de alguém
at someone's door,à porta de alguém
at someone's elbow,ao lado de alguém
at someone's heels,nos calcanhares de alguém
at someone's service,à disposição
at someone's throat,na garganta de alguém
at spearpoint,na ponta da lança
at speed,em alta velocidade
at stake,em jogo
at swordpoint,sob a ponta da espada
at swords' points,em conflito
at table,à mesa
at ten and two,às dez e duas
at that time,naquela época
at the back of one's mind,no fundo da mente
at the bank,no banco
at the best,no melhor
at the best of times,nos melhores momentos
at the bottom of,na parte inferior de
at the bottom of the pile,no fundo da pilha
at the coal face,na linha de frente
at the corner,na esquina
at the cost of,à custa de
at the discretion of,a critério de
at the disposal of,à disposição de
at the door,na porta
at the door of,na porta de
at the double,dobrado
at the drop of a hat,de repente
at the earliest,o mais cedo possível
at the elbow,no cotovelo
at the end of one's tether,no limite
at the end of the day,no final das contas
at the end of the rainbow,no fim do arco-íris
at the expense of,à custa de
at the feet of,aos pés de
at the hand of,pela mão de
at the hands of,pela mão de
at the helm,no comando
at the high port,no porto principal
at the instance of,por iniciativa de
at the last,no último
at the last minute,no último minuto
at the last moment,no último momento
at the latest,no mais tardar
at the least,no mínimo
at the mercy of,à mercê de
at the minimum,no mínimo
at the minute,neste momento
at the moment,no momento
at the money,com dinheiro
at the most,no máximo
at the outset,no início
at the outside,na parte externa
at the point of,no ponto de
at the prospect of,diante da perspectiva de
at the ready,pronto
at the receiving end,no lado que recebe
at the risk of,correndo o risco de
at the same time,ao mesmo tempo
at the sight of,ao ver
at the soonest,o mais breve possível
at the tail,no final
at the thought of,ao pensar em
at the time,naquela época
at the top of one's bent,no limite das suas capacidades
at the top of one's game,no auge
at the top of one's lungs,com todas as forças
at the top of one's voice,no topo da voz
at the top of the heap,no topo
at the top of the pile,no topo da pilha
at the top of the tree,no topo da árvore
at the very least,no mínimo
at the very most,no máximo
at the wheel,ao volante
at the whim of,à mercê de
at the worst,no pior
at third hand,de segunda mão
at this juncture,neste momento
at this moment in time,neste momento
at this point,neste momento
at this point in time,neste momento
at this rate,a este ritmo
at times,às vezes
at times and again,às vezes e novamente
at turns,alternadamente
at twice,duas vezes
at unawares,de surpresa
at variance,em desacordo
at war,em guerra
at will,à vontade
at work,no trabalho
at worst,no pior caso
at your service,à sua disposição
atomic cocktail,coquetel atômico
atta girl,boa menina
attend to,atender
attention whore,atração de atenção
Attic salt,Sal de sótão
attitude reflects leadership,a atitude reflete a liderança
attribute to,atribuir
au jus,ao molho
auction off,leiloar
audi alteram partem,ouça o outro lado
Augean stables,Estábulo de Égêu
auger in,entrar
auld lang syne,velhos tempos
aurally challenged,com dificuldades de audição
autem cackler,gargalhada
autem diver,mas
autem mort,mas
autumn romance,romance de outono
avant la lettre,antes da época
average bear,urso comum
average down,comprar na baixa
average Joe,pessoa comum
average out,calcular a média
average up,aumentar a média
away at the races,na corrida
away from home,longe de casa
away game,jogo fora
away in a hack,de carro
away to the races,rumo às corridas
away with the fairies,sonhador
awful but lawful,terrível mas legal
ax to grind,interesse próprio
ay up me duck,ei, meu pato
aye aye shepherd's pie,sim sim torta de carne
ayo chill,relaxa
babe in arms,bebê nos braços
babe in the woods,inocente
babe magnet,ímã de garotas
babies in the eyes,bebês nos olhos
baby and bathwater,o bebê e a água do banho
baby elephant in the room,elefante na sala
baby needs new shoes,o bebê precisa de sapatos novos
baby step,pequeno passo
baby up,levanta bebê
babysitter test,teste para babá
back and edge,costas e borda
back and forth,para frente e para trás
back at ya,para você também
back at you,recíproco
back atcha,de volta
back away,afastar-se
back down,recuar
back forty,quarenta acres atrás
back gammon player,jogador de gamão
back in,de volta
back in the day,antigamente
back in the game,de volta ao jogo
back in the groove,de volta ao ritmo
back in the saddle,de volta à sela
back into,de volta para
back of one's hand,dorso da mão
back off,afastar-se
back office,administrativo
back on to,em cima de
back one out,sair para trás
back onto,de volta para
back out,desistir
back that train up,reverter o trem
back the right horse,apostar no cavalo certo
back the wrong horse,apostar no cavalo errado
back then,naquela época
back to back,lado a lado
back to back jack,duplo saque consecutivo
back to square one,de volta ao ponto de partida
back to the drawing board,voltar ao ponto de partida
back to the wall,de costas para a parede
back up,cópia de segurança
back up the truck,descarregar o caminhão
back-cloth star,pano de fundo estrela
backhanded compliment,elogio disfarçado
backwards and forwards,para frente e para trás
bad actor,ator ruim
bad apple,maçã podre
bad blood,mágoa
bad books,livros ruins
bad business,negócios ruins
bad company,má companhia
bad egg,ovo estragado
bad facts make bad law,Fatos ruins geram leis ruins
bad hair day,dia de cabelo ruim
bad iron,ferro ruim
bad joke,piada ruim
bad looker,aparência desagradável
bad money drives out good,dinheiro ruim afasta o dinheiro bom
bad news,más notícias
bad news bears,Os perdedores
bad news travels fast,más notícias se espalham rapidamente
bad old days,velhos tempos ruins
bad penny,moeda má
bad scran to someone,Comida ruim
bad taste in one's mouth,sabor amargo na boca
bad things come in threes,as coisas ruins vêm em grupos de três
bad trip,viagem ruim
bad trot,problemas intestinais
bad up,piorou
bad word,palavrão
badge bunny,insígnia coelho
badge in,insígnia
badge of honor,medalha de honra
badge out,desligar o crachá
badge up,insignia
bag and tag,embalar e etiquetar
bag down,amarrar
bag of bones,esqueleto
bag of tricks,truques
bag off,tire a sacola
bag out,sacar
bag up,embalar
bah humbug,Bobagem
bail on,faltar a
bail out,resgatar
bail out on,desistir
bail up,reunir
bait up,colocar isca
bake in,assar em
bake off,competição de culinária
bake out,assar
bake something blind,assar sem cobertura
bake up,assar
baker's dozen,treze
baker's half dozen,meia dúzia
baking hot,quente demais
balance down,abaixar
balance out,equilibrar
balance the books,equilibrar as contas
balance up,equilibrar
bale out,salvar
bale up,amontoar
ball down,descer a bola
ball hog,jogador egoísta
ball it off,desapegar
ball of fire,bola de fogo
ball of malt,bola de cevada
ball off,fora de jogo
ball out,gastar muito
ball up,amontoar
ballast up,preencher com lastro
ballistic podiatry,podologia balística
balloon goes up,balão sobe
balloon knot,nó de balão
ballpark estimate,estimativa aproximada
ballpark figure,estimativa grosseira
balls about,tão preocupado com
balls around,bolas
balls of steel,coragem
balls on,bolas em
balls to the wall,tudo ou nada
balls to the walls,tudo dado
balls up,embaraça
bally about,falar sem parar
baloney pony,bobagem cavalo
balum rancum,Não sei
bamboo ceiling,teto de bambu
banana nose,nariz de banana
banana republic,república de bananas
band together,unir forças
band-aid solution,solução paliativa
bandwagon fan,torcida fácil
bandwagon jumper,oportunista
bandy about,divulgar
bandy around,divulgar
bane of someone's existence,flagelo da existência
bang a uey,Não sei
bang about,falar sem parar
bang around,bater
bang away,afastar com violência
bang down the door,arrombar a porta
bang for one's buck,custo-benefício
bang for the buck,custo-benefício
bang into,colidir
bang off,explodir
bang on,exatamente
bang out,fazer barulho
bang some heads together,fazer as pessoas se entenderem
bang straw,palha
bang to rights,comprovar
bang up,excelente
bank night,noite de banco
bank on,confiar em
bank up,acumular
banker's dozen,duzia de banqueiros
bankers' hours,horário bancário
bankrupt cart,carrinho de compras abandonado
banner year,ano de grande sucesso
banyan day,dia do banyan
bar down,fechar
bar none,sem comparação
bar off,desligar
bar out,proibir a entrada
bar sinister,barra sinistra
bar star,barra estrela
bar up,fechar
barbecue up,assar na churrasqueira
barber's sign,placa de barbeiro
bare one's soul,desabafar a alma
bare one's teeth,mostrar os dentes
bare poles,postes nus
barf out,vomitar
bargain away,negociar
bargain for,negociar
bargain on,regatear
barge in,invadir
barge into,invadir
bark up the wrong tree,seguir um caminho errado
barking dogs never bite,cães que ladram não mordem
barking dogs seldom bite,cães que ladram não mordem
Barkis is willin',Barkis está disposto
Barkis is willing,Barkis está disposto
barn find,descoberta em celeiro
barrel of laughs,muita diversão
barrel of monkeys,bagunça
base off,basear em
base off of,baseado em
base on,baseado em
base over apex,base sobre ápice
base upon,baseado em
based on,baseado em
basement battler,lutador de porão
bash about,bater
bash in,invadir
bash into shape,colocar em forma
bash one out,arrombar
bash out,bater
bash someone's face in,esmurrar a cara de alguém
bash someone's head,golpear a cabeça de alguém
bash the bishop,criticar o bispo
bash together,juntar
bash up,agredir
bask in the sunshine,tomar banho de sol
basket house,casa de cestos
bastardly gullion,idiota
baste up,costurar grosseiramente
bat a thousand,fazer mil
bat about,voar
bat an eyelid,piscadela
bat around,bater
bat away,afastar
bat five hundred,rebater quinhentos
bat for the other team,jogar para o outro time
bat in,rebater
bat of an eye,piscada de olho
bat one's eyes,piscar os olhos
bat out,bater
bat round,rodada
bat the breeze,brisa leve
batch up,preparar em lote
bate an ace,derrube um ás
bathroom singer,cantor de chuveiro
batten down,prender
batten down the hatches,preparar-se para o pior
batter up,próximo ao bastão
battle it out,disputar
battle out,lutar
bawl off,cancelar
bawl one's eyes out,chorar copiosamente
bawl out,gritar
be a bit much,ser demais
be a hundred years too early,estar cem anos à frente do tempo
be a lost cause,ser uma causa perdida
be a man,seja homem
be a tall order,ser um desafio grande
be a thing of the past,ser coisa do passado
be aces with,ser bom em
be alive with something,estar cheio de algo
be all in,estar totalmente envolvido
be all over somebody,perseguir alguém
be all very well,estar tudo muito bem
be along,estar por perto
be around,estar por perto
be at a loss,estar perdido
be at odds,estar em desacordo
be at pains to do something,esforçar-se muito para fazer algo
be at the mercy of somebody,estar à mercê de alguém
be at the mercy of something,estar à mercê de algo
be at the plague,estar na peste
be beside oneself,estar desesperado
be called,ser chamado
be careful,tenha cuidado
be careful what you wish for,tenha cuidado com o que deseja
be cruel to be kind,ser cruel para ser gentil
be damned,que se dane
be down with,concordar com
be fearful when others are greedy,tenha medo quando os outros estiverem ga…
be for the best,ser para o melhor
be greedy when others are fearful,seja ganancioso quando os outros estão c…
be hard pressed,estar sob pressão
be in and out,entrar e sair
be in for,estar preparado para
be in luck,ter sorte
be in the balance,estar em equilíbrio
be in the front line,estar na linha de frente
be in the know,estar por dentro
be in the loop,estar a par
be in the market for something,estar procurando algo
be in the money,estar rico
be in the pipeline,em andamento
be in the public eye,estar em evidência
be in the right place at the right time,estar no lugar certo na hora certa
be in the same boat,estar na mesma situação
be in touch,manter contato
be into,gostar de
be larger than life,ser maior que a vida
be left at the post,ser deixado na agência dos correios
be left holding the baby,ficar com o bebê nos braços
be left kicking,ser deixado para trás
be like,ser como
be make or break for somebody,ser decisivo para alguém
be make or break for something,ser crucial para algo
be mother,ser mãe
be my guest,faça de conta
be news to somebody,ser uma novidade para alguém
be no match for,não ser páreo para
be no match for somebody,não ser páreo para alguém
be no match for something,não ser páreo para algo
be nothing short of,não ser nada menos que
be of one's own making,ser culpa própria
be of the essence,ser essencial
be off the mark,estar errado
be off the wall,ser muito estranho
be on a roll,estar em uma sequência de vitórias
be on about,falar sobre
be on bad terms with somebody,estar em maus termos com alguém
be on edge,estar nervoso
be on good terms with somebody,estar em bons termos com alguém
be on guard,estar atento
be on hand,estar presente
be on hold,estar em espera
be on one's best behaviour,ter um bom comportamento
be on one's guard,estar atento
be on the level,ser sincero
be on the line,estar na linha
be on the loose,estar solto
be on the march,estar em marcha
be on the mend,estar se recuperando
be on the receiving end,receber
be on the run,estar fugindo
be on the up,estar em ascensão
be on the wing,estar em alerta
be on to,estar certo
be one of a kind,ser único
be one step ahead,estar um passo à frente
be one's own man,ser independente
be one's own person,ser independente
be one's own woman,ser independente
be one's own worst enemy,ser o pior inimigo de si mesmo
be oneself,ser si mesmo
be only a matter of time,ser apenas questão de tempo
be onto,estar certo
be out for,estar fora por
be out in force,estar em grande número
be out of action,estar fora de serviço
be out of bounds,estar fora dos limites
be out of line,estar errado
be out of luck,ter má sorte
be out of order,estragado
be out of place,estar deslocado
be out of pocket,estar indisponível
be out of the picture,não estar envolvido
be out of the way,ficar de fora do caminho
be out of this world,ser incrível
be out of touch,estar desconectado
be over and done with,acabar
be right back,já volto
be right up somebody's arse,estar em cima de alguém
be seeing you,até logo
be set in stone,estar definido
be somebody's strong point,ser o ponto forte de alguém
be somebody's strong suit,ser o ponto forte de alguém
be someone's to lose,estar em uma posição de vantagem
be still my heart,fica quieto meu coração
be taken ill,ficar doente
be thankful for small mercies,ser grato pelas pequenas coisas
be that as it may,mesmo assim
be the bigger man,ser mais maduro
be the order of the day,ser a norma
be there and be square,esteja presente e seja legal
be there or be square,Esteja presente ou seja antiquado
be up somebody's arse,estar atrás de alguém
be-all and end-all,tudo e mais nada
beak off,descascar
beam up,teletransportar
bean counter,contador
bear a hand,ajudar
bear against,resistir a
bear away,afastar
bear away the bell,levar a campainha
bear down,esforçar-se
bear down on,exercer pressão sobre
bear fruit,dar frutos
bear in,embutir
bear in mind,tenha em mente
bear in on,transmitir
bear in the air,urso no ar
bear in with,tolerar
bear off,desviar
bear off from,desviar de
bear on,ter relação com
bear oneself,comportar-se
bear out,confirmar
bear something in mind,lembrar de algo
bear testimony to something,testemunhar algo
bear the brunt,suportar a maior parte
bear up,suportar
bear upon,relevante para
bear with,aguente
bear witness to something,testemunhar algo
beard the lion in his den,encarar o leão em sua toca
Beast from the East,Besta do leste
beast on,ser fera em
beast with two backs,monstro de duas cabeças
beat a dead horse,insistir em algo inútil
beat a retreat,retirar-se
beat about,contornar
beat around the bush,enrolar
beat as one,bater em uníssono
beat back,reforçar
beat Banaghan,derrotar Banaghan
beat down,derrotar
beat feet,correr rapidamente
beat into,bater em
beat it,vá embora
beat like a jungle drum,bater como um tambor de selva
beat off,afastar
beat off with a stick,espancar com um bastão
beat on,bater em
beat one's brain,pensar muito
beat one's meat,masturbar-se
beat one's swords into ploughshares,converter espadas em arados
beat one's swords into plowshares,converter espadas em arados
beat out,superar
beat someone round the ears,bater em alguém
beat someone's arse,dar uma surra
beat someone's ass,dar uma surra
beat someone's brains out,derrubar alguém
beat the bishop,derrotar o bispo
beat the bushes,procurar em todos os lugares
beat the clock,vencer o tempo
beat the cock,bater no galo
beat the crowd,evitar a multidão
beat the daylights out of,espancar
beat the drum for,divulgar
beat the dust,tirar a poeira
beat the meat,bater a carne
beat the odds,superar as expectativas
beat the pants off,superar completamente
beat the poop out of,espancar
beat the shit out of,bater muito
beat the stuffing out of,espancar
beat to,bater em
beat to the punch,antecipar-se
beat up,machucado
beat up on,maltratar
beat with the ugly stick,espancar com um porrete
beats me,não sei
beautiful people,pessoas bonitas
beauty is but skin-deep,A beleza é superficial
beauty is only skin deep,A beleza é superficial
beauty is only skin-deep,A beleza é superficial
beauty never boiled the pot,A beleza nunca ferveu a panela
beauty queen,rainha de beleza
beauty sleep,sono reparador
beauty won't boil the pot,A beleza não cozinha a panela
beauty won't make the pot boil,A beleza não faz a panela ferver
beaver away,trabalhar arduamente
because is why,porque é porquê
because reasons,por motivos
because you touch yourself at night,porque você se toca à noite
become of,tornar-se em
become one flesh,tornar-se uma só carne
become one with one's inner self,tornar-se um com o próprio eu
bed and breakfast,pousada
bed blocker,paciente que ocupa leito desnecessariame…
bed down,deitar
bed in,embutido
bed of roses,cama de rosas
bed out,cama
bee in one's bonnet,ter uma ideia fixa
bee tee dubs,informalmente
beef out,discutir
beef to the hoof,carne de vaca da fazenda ao prato
beef up,reforçar
been darkmans,estava escuro
been to the rodeo,já fui ao rodeio
beep out,silenciar
beer and skittles,cerveja e diversão
beer goggles,óculos de cerveja
beer muscles,músculos de cerveja
beer up,cerveja
before dark,antes da noite
before GTA 6,antes de GTA 6
before it was cool,antes de ser moda
before long,em breve
before one can blink,antes que se possa piscar
before one knows it,sem que se perceba
before one knows where one is,antes de saber onde se está
before one's eyes,diante dos olhos
before one's time,à frente do seu tempo
before someone's time,antes da época de alguém
before the fact,antes do fato
before the ink was dry,antes que a tinta secasse
before you can say Jack Robertson,antes que você possa dizer Jack Robertso…
before you can say Jack Robinson,antes que você possa dizer uma palavra
before you can say knife,antes que você possa dizer faca
beg for one's life,implorar por sua vida
beg off,desculpar-se
beg pardon,com licença
beg the question,evitar a pergunta
beg to differ,discordar
beg yours,implorar
beggar off,desistir
beggars can't be choosers,mendigos não podem ser exigentes
begger off,desistir
begging your pardon,com licença
begin upon,começar
behind bars,na prisão
behind closed doors,a portas fechadas
behind its time,atrasado para a época
behind someone's back,às costas de alguém
behind the arc,atrás da linha de três pontos
behind the bit,atrás do bocado
behind the counter,atrás do balcão
behind the curtain,atrás da cortina
behind the curve,atrasado
behind the eight ball,em uma situação difícil
behind the eight-ball,em uma situação difícil
behind the scene,nos bastidores
behind the scenes,nos bastidores
behind the times,atrasado
behind the wheel,ao volante
behind the wire,atrás da cerca
behind time,atrasado
behind-the-scenes,nos bastidores
bein darkmans,homens negros
being poor is a mindset,ser pobre é uma questão de mentalidade
belay my last,repita o último ponto
belemnite battlefield,campo de batalha de belemnites
believe it or not,acredite ou não
believe me,acredite em mim
believe one's ears,acreditar nos seus ouvidos
believe one's eyes,confiar nos olhos
believe you me,confie em mim
believing is seeing,ver para crer
bell out,despedir
bell the cat,tocar o sino
bell up,chegar
bellow out,gritar
bellows to mend,ventila para consertar
bells and smells,sinos e cheiros
bells and whistles,adornos
bellwether state,estado pioneiro
belly out,barriga para fora
belly up,de bruços
belly up to the bar,aproximar-se do balcão
below decks,abaixo do convés
below ground,abaixo do solo
below par,abaixo do esperado
below stairs,nos fundos
below the belt,abaixo da cintura
below the breadline,abaixo da linha da pobreza
below the fold,abaixo da dobra
below the gangway,abaixo da passarela
below the law,abaixo da lei
below the mahogany,abaixo do mogno
below the radar,discreto
below the salt,abaixo da mesa
below the surface,abaixo da superfície
belt down,apertar o cinto
belt out,cantar a plenos pulmões
belt up,aperte o cinto
bench jockey,técnico
bend down,abaixar-se
bend it like Beckham,curve como Beckham
bend one off,transar
bend one's elbow,dobrar o cotovelo
bend over,dobrar-se
bend over backwards,fazer o possível e o impossível
bend someone's ear,falar muito com alguém
bend someone's will,dobrar a vontade de alguém
bend the brain,forçar o cérebro
bend the knee,ajoelhar-se
bend the truth,distorcer a verdade
bend to one's will,dobrar à vontade
bend to someone's will,ceder à vontade de alguém
bene darkmans,bons homens
beneath contempt,abaixo de desprezo
beneath the hood,sob o capô
beneath the surface,abaixo da superfície
benevolent overlord,senhor benevolente
Benjamin Button,O Homem que Cresceu
bent on,determinado a
bent on a splice,dobrado em uma emenda
beside oneself,descontrolado
beside the mark,fora do alvo
beside the point,irrelevante
besides oneself,além de si mesmo
best before,consumir antes de
best bet,melhor opção
best laid plans,os melhores planos
best of both worlds,o melhor de dois mundos
best of the best,o melhor dos melhores
best of the bunch,o melhor do grupo
best pleased,muito satisfeito
best regards,saudações
best thing since sliced bread,a melhor coisa desde fatias de pão
best thing since sliced pan,a melhor coisa desde fatias de pão
best-kept secret,segredo bem guardado
bet on,apostar em
bet one's boots,apostar tudo
bet one's bottom dollar,ter certeza absoluta
bet out,apostar
bet round,rodada de apostas
bet the farm,arriscar tudo
bet the house,arriscar tudo
bet the ranch,arriscar tudo
bet up,apostar
betray with a kiss,trair com um beijo
better and better,cada vez melhor
better angels,anjos melhores
better dead than red,melhor morto do que comunista
better for it,melhor por causa disso
better is the enemy of good,O melhor é inimigo do bom
better late than never,melhor tarde do que nunca
better luck next time,boa sorte na próxima vez
better nature,natureza boa
better place,melhor lugar
better safe than sorry,é melhor prevenir do que remediar
better than sex,melhor que sexo
better the devil you know,é melhor o diabo que conheces
between jobs,entre empregos
between Scylla and Charybdis,entre a espada e a parede
between the ears,entre os ouvidos
between the hammer and the anvil,entre o martelo e o bigorna
between the jigs and the reels,entre o fado e a moda
between the lines,entre as linhas
between the pegs,entre os pinos
between the pipes,entre os tubos
between the sheets,entre os lençóis
between two stools,entre duas cadeiras
between wind and water,entre o vento e a água
betwixt and between,entre
beware of Greeks bearing gifts,cuidado com os gregos que trazem present…
beyond a joke,já passou de uma piada
beyond a reasonable doubt,além de qualquer dúvida razoável
beyond a shadow of a doubt,sem sombra de dúvida
beyond a shadow of doubt,sem sombra de dúvida
beyond belief,inacreditável
beyond dispute,indiscutível
beyond one's depth,além da capacidade
beyond one's ken,além da compreensão
beyond one's pay grade,acima do nível hierárquico
beyond one's wildest dreams,além dos sonhos mais loucos
beyond one's years,além da idade
beyond question,sem dúvida
beyond reasonable doubt,além de qualquer dúvida razoável
beyond seas,além dos mares
beyond someone's grasp,além do alcance de alguém
beyond someone's scope,além da capacidade de alguém
beyond the beyonds,além do além
beyond the black stump,além do tronco preto
beyond the call of duty,além do esperado
beyond the grave,além da morte
beyond the pale,indecoroso
beyond the shadow of a doubt,sem sombra de dúvida
beyond words,indescritível
bicycle chain,corrente de bicicleta
bid down,diminuir o preço
bid in,licitar
bid off,licitar
bid up,aumentar o preço
bide one's time,esperar o momento oportuno
big boy,menino grande
big boys,meninos grandes
big break,grande oportunidade
big bucks,muito dinheiro
big cheese,peixe grande
big deal,grande coisa
big dick energy,energia de quem tem muito disso
big end of town,melhor bairro
big fat,gordo
big fish,peixe grande
big fish eat little fish,os grandes comem os pequenos
big fish in a small pond,peixe grande em um lago pequeno
big girl,menina grande
big gun,arma grande
big hand,mão grande
big head,cabeça grande
big if true,grande se for verdade
big kahuna,chefão
big mad,muito bravo
big man ting,coisa de homem poderoso
big money,muito dinheiro
big mouth,boca grande
big name,nome famoso
big ol',grande
big old,grande e velho
big ole,grande
big picture,panorama geral
big rig,caminhão grande
big screen,tela grande
big shop,loja grande
big shot,figurão
big sleep,sono profundo
big spender,gastador
big talk,muita conversa
big tamale,tamal grande
big tent,grande tenda
big things come in small packages,Grandes coisas vêm em embalagens pequena…
big up,parabéns
big wheel,roda grande
bigger fish to fry,assuntos mais importantes
bigger than Ben Hur,maior que Ben-Hur
bill of goods,mercadoria
bill up,cobrar
bin off,desligado
bind off,arrematar
bind over,prender
bind up,amarrar
bio queen,rainha biológica
bird in the bosom,pássaro no peito
bird in the hand,pássaro na mão
bird of ill omen,mau presságio
bird of one's own brain,pássaro da própria cabeça
bird off,pássaro para longe
bird's-eye view,vista panorâmica
birds and bees,pássaros e abelhas
birds of a feather,pássaros do mesmo ninho
birds of a feather flock together,Pássaros de mesma pena voam juntos
birds of the feather flock together,Pássaros de penas iguais voam juntos
birthday suit,roupa de dormir
bis dat qui cito dat,quem dá depressa dá duas vezes
bit by a barn mouse,mordido por um rato do celeiro
bit by bit,aos poucos
bitch and moan,reclamar
bitch goddess,deusa poderosa
bitch off,Cale a boca
bitch out,desistir
bitch up,ficar bravo
bite back,morder a língua
bite down,morder
bite in,mordida em
bite me,morda-me
bite my ass,beija minha bunda
bite my shiny metal ass,morda meu traseiro de metal brilhante
bite of the cherry,uma provada
bite of the reality sandwich,uma fatia da realidade
bite off,morder
bite one's lip,morder o lábio
bite one's nails,roer as unhas
bite one's tongue,morder a língua
bite someone's hand off,morder a mão de alguém
bite someone's head off,reprovar alguém asperamente
bite the big one,morrer
bite the biscuit,morder o biscoito
bite the bullet,enfrentar a situação
bite the curb,raspar a guia
bite the dust,morrer
bite the hand that feeds one,morder a mão que te alimenta
bite to eat,algo para comer
bits and bobs,coisas diversas
bits and pieces,pedaços
bitten by the same bug,picado pelo mesmo inseto
bitter end,fim amargo
blab out,revelar
black and blue,roto e azulado
black and white,preto e branco
black babies,bebês negros
black day,dia negro
black don't crack,negros não envelhecem
black gold,ouro negro
black hat,chapéu preto
black in,em
black lie,mentira descarada
black lives matter,vidas negras importam
black mark,mancha preta
black market,mercado negro
black out,apagão
black over Bill's mother's,preto sobre a casa da mãe do Bill
black oxide,óxido preto
black rider,cavaleiro negro
black sheep,ovelha negra
black up,escurecer
blame Canada,culpar o Canadá
blame game,jogo de culpar
blanch up,empalidecer
blank on,em branco
blank out,apagar
blanket term,termo genérico
blare out,gritar
blast away,explodir
blast from the past,lembrança do passado
blast off,decolar
blast out,explodir
blast up,explodir
blaze a trail,Abrir caminho
blaze away,dispare à vontade
blaze down,queimar
blaze on,arder
blaze up,acender
bleed for,sangrar por
bleed out,sangrar até a morte
bleed red ink,dar prejuízo
bleeding edge,vanguarda
bleep out,apagar
blend in,integrar
blend into the woodwork,misturar-se
blend up,misturar
bless out,abençoar
bless someone with,abençoar alguém com
bless someone's cotton socks,abençoar até os meias
bless someone's heart,que Deus abençoe
bless someone's little cotton socks,abençoar até os dedinhos dos pés
bless you,que Deus te abençoe
blessed event,evento abençoado
blimp out,desaparecer
blimp up,inflar
blind date,encontro às cegas
blind leading the blind,cegos guiando cegos
blind with science,cego pela ciência
blinded by nostalgia,cego pela nostalgia
bling out,brilhar
bling up,brilhar
blink first,pisque primeiro
blink of an eye,num piscar de olhos
blip out,desaparecer repentinamente
bliss out,relaxar profundamente
blitz out,sair rapidamente
blob off,desligar
blob out,borrar
block off,bloquear
block out,bloquear
block up,obstruir
blocking and tackling,fundamentos e execução
blood and guts,sangue e tripas
blood in,sangue em
blood in the water,sangue na água
blood is thicker than water,O sangue é mais grosso que a água
blood out,sangue para fora
bloody oath,juramento solene
bloody up,machucar
bloom is off the peach,a florada da pessegueira acabou
bloom is off the rose,a beleza se foi
blossom forth,florescer
blossom out,florescer
blot on the escutcheon,mancha na reputação
blot one's copy book,manchar a reputação
blot out,cobrir
blot up,absorver
blow a fuse,queimar o fusível
blow a hole through,fazer um buraco
blow a kiss,beijar à distância
blow apart,explodir
blow away,soprar para longe
blow chunks,vomitar
blow down,desabar
blow hot air,falar bobagem
blow hot and cold,dar sinais contraditórios
blow in,soprar
blow into,soprar para dentro
blow me,sopre-me
blow me down,que espanto
blow off,explodir
blow off steam,desabafar
blow on,soprar em
blow one's chance,perder a oportunidade
blow one's load,descarregar
blow one's mind,chocar
blow one's own trumpet,falar demais de si mesmo
blow one's wad,gastar todo o dinheiro
blow out,apagar
blow out of proportion,exagerar
blow out of proportions,exagerar
blow out of the water,superar completamente
blow over,passar
blow past,ultrapassar
blow someone's back out,machucar as costas de alguém
blow someone's brains out,fazer alguém explodir o cérebro
blow someone's cover,revelar a identidade de alguém
blow someone's mind,chocar alguém
blow the cobwebs away,eliminar a poeira
blow the doors off,arrebatar
blow the lid off,revelar
blow the whistle,denunciar
blow this for a lark,fazer isso por diversão
blow this pop stand,explodir esta barraca
blow this popsicle stand,desistir
blow this taco stand,destruir esta barraca de tacos
blow through,soprar
blow to kingdom come,soprar até o fim dos tempos
blow tomahawks,soprar machados
blow town,cidadezinha
blow up,explodir
blow up in one's face,dar errado
blow upon,soprar em
blow wide open,abrir-se completamente
blue chamber,câmara azul
blue devils,demônios azuis
blue lives matter,vidas azuis importam
blue moon,lua azul
blue note,nota azul
blue ribbon,fita azul
blue state,estado azul
blue wall of silence,mural de silêncio
blue-eyed boy,menino de olhos azuis
blue-sky thinking,pensamento criativo
bluebird of happiness,pássaro azul da felicidade
blues and twos,sirenes e luzes de emergência
bluff out,enganar
blur the line,borrar a linha
blurt out,revelar
blush is off the peach,o tom de rosa é muito claro
blush is off the rose,o rubor sumiu da rosa
bo bian,bom
bo pian,bom piano
bo pien,bom
board out,alojar
board up,tapar
Bob is your uncle,Bob é seu tio
bob under,mergulhar por baixo
bob up,aparecer
Bob's your father's brother,O tio do Bob
Bob's your mother's brother,O irmão da sua mãe
Bob's your uncle,Tudo bem
body blow,golpe baixo
body English,linguagem corporal
body forth,expressar
bog down,atrasar
bog in,pântano
bog into,mergulhar em
bog off,vá embora
bogged down,atrapalhado
boh bian,não sei
boh pian,bolo
boh pien,não sei
boil away,ferver até secar
boil down,resumir
boil off,ferver até evaporar
boil over,ferver
boil up,ferver
boiling frog,sapo fervendo
boiling hot,muito quente
boiling mad,furioso
boiling point,ponto de ebulição
bollix up,complicar
bollocks to it,Que se dane
bollocks up,besteiras
bolster up,reforçar
bolt bucket,balde
bolt down,prender com parafusos
bolt from the blue,um raio em céu azul
bolt in,parafusar
bolt to the bran,prender ao farelo
bomb around,passear
bomb off,explodir
bomb out,explodir
bon appétit,bom apetite
bona nochy,boa noite
bond out,pagar a fiança
bone apple teeth,osso maçã dentes
bone down,reduzir
bone dry,totalmente seco
bone hard,muito duro
bone in her teeth,um pedaço de osso entre os dentes
bone in the throat,algo que atrapalha
bone of contention,ponto de discórdia
bone out,retirar os ossos
bone to pick,uma questão a resolver
bone up,revisar
boo up,animar
boob up,esticar
booby prize,prêmio de consolação
booger off,sai daqui
booger up,entupido
boogie down,dançar
boogie on down,dançar e se divertir
book away,reserve
book burning,queima de livros
book dumping,descarte de livros
book in,reservar
book into,reservar
book off,reservar
book on,em
book up,reservado
boom goes the dynamite,Kabum explode a dinamite
boom off,explodir
boon and bane,vantagem e desvantagem
boot camp,acampamento de treinamento
boot out,expulsar
boot up,ligar
booty down,bunda para baixo
booze can,latas de cerveja
booze cruise,cruzeiro de bêbados
booze up,embriagar
bop around,dar voltas
bop it up,aumente o som
bop the bishop,derrubar o bispo
border on,ficar na fronteira de
bore in,furar
bore out,confirmar
bored out of one's mind,entediado até a morte
bored shitless,entediado até a morte
born and bred,nascido e criado
born and raised,nascido e criado
born in a barn,nascido em uma fazenda
born in a mill,nascido em um moinho
born in the vestry,nascido na sacristia
borrow trouble,criar problemas
borrowed time,tempo emprestado
boss about,mandar
boss around,mandar
boss up,assumir o controle
botch up,estragar
bottle away,guardar em garrafa
bottle down,reprimir
bottle off,despejar
bottle out,desistir
bottle up,reprimir
bottom dollar,preço mínimo
bottom drops out,o fundo cai
bottom falls out,chega ao fim
bottom fishing,pesca de fundo
bottom line,conclusão
bottom of the line,o pior
bottom of the ninth,nono inning
bottom on,na parte inferior de
bottom out,atingir o ponto mais baixo
bottom the house,parte inferior da casa
bounce around,saltar
bounce back,recuperar
bounce in,pular dentro
bounce into,saltar para dentro
bounce off,ricochetear
bounce off the walls,pular nas paredes
bounce on it,pule nele
bounce to the ounce,ser preciso
bound ahead,avanço rápido
bound to,vinculado a
bouquets and brickbats,elogios e críticas
bow and scrape,fazer uma reverência
bow down,curvar-se
bow down before the porcelain god,curvar-se diante do deus de porcelana
bow in,curvar-se
bow out,desistir
bow to,curvar-se
bow up,inflar
bow-legged wi' brass,pernas arqueadas com latão
bowl a googly,arremessar uma bola curva
bowl down,derrubar
bowl of cherries,tigela de cerejas
bowl out,eliminar
bowl over,impressionar profundamente
bowl up,chegar
Box and Cox,Caixa e Cox
box clever,ser esperto
box in,caixa
box off,desligar
box oneself into a corner,se enquadrar
box out,bloquear
box seat,cadeira reservada
box someone's ears,dar um tapa na orelha de alguém
box the compass,desenhar uma rosa dos ventos
box up,embalar
boy howdy,uau
boy in the boat,menino no barco
boy off,menino fora
boy toy,brinquedo
boys and girls,meninos e meninas
boys and their toys,meninos e seus brinquedos
boys will be boys,meninos serão meninos
brace aback,surpreender
brace about,aproximadamente
brace by,suporte por
brace in,em
brace of shakes,dois coquetéis
brace up,mantenha a calma
brag on,se gabar de
bragging rights,direito de se gabar
brain blast,explosão de ideias
brain bucket,capacete
brain candy,guloseima para o cérebro
brain drain,fuga de cérebros
brain surgeon,cirurgião cerebral
brain surgery,cirurgia cerebral
branch off,ramificar
branch out,expandir
brass ceiling,teto de latão
brass farthing,moeda de latão
brass it out,resolver
brass monkey,macaco de latão
brass monkeys,macacos de latão
brass neck,audácia
brass off,vá embora
brass out,revelar
brass up,arruinar
brassed off,irritado
brave new world,novo mundo ousado
brave out,superar
brazen out,ousar
bread and butter,pão com manteiga
bread and circuses,pão e circo
bread of life,pão da vida
breadcrumb up,migalhas de pão para cima
break a leg,boa sorte
break a sweat,suar
break apart,separar
break away,escapar
break back,quebra-costas
break cover,sair da toca
break down,desmontar
break even,empate
break from,pausa de
break gates,quebrar portões
break in,arrombar
break into,entrar
break into a run,começar a correr
break it down,simplifique
break it to,contar
break new ground,inovar
break off,romper
break on,pausa
break one off,quebrar um pedaço
break one's back,quebrar as costas
break one's chops,gaguejar
break one's duck,quebrar o gelo
break one's heart,partir o coração
break one's lance,quebrar a lança
break one's neck,quebrar o pescoço
break one's promise,quebrar uma promessa
break out,escapar
break ranks,romper a formação
break reality,romper a realidade
break someone's back,quebrar as costas de alguém
break someone's face,quebrar a cara de alguém
break someone's heart,partir o coração de alguém
break the back of,superar a parte mais difícil
break the bank,estourar o orçamento
break the buck,pagar a conta
break the cycle,quebrar o ciclo
break the deadlock,romper o impasse
break the fourth wall,romper a quarta parede
break the ice,quebrar o gelo
break the Internet,virar notícia
break the mold,romper o molde
break the Sabbath,quebrar o sábado
break the seal,quebrar o lacre
break the story,contar a história
break the wheel,quebrar a roda
break through,romper
break up,terminar
break wind,arrotar
break with,romper com
breast down,de bruços
breast up,levantar o peito
breath and britches,respiração e calças
breath of fresh air,ar fresco
breathe a sigh of relief,soltar um suspiro de alívio
breathe a word,dizer uma palavra
breathe down someone's neck,estar em cima de alguém
breathe easy,respire fundo
breathe in,inspirar
breathe life into something,dar vida a algo
breathe new life into something,dar nova vida a algo
breathe one's last,morrer
breathe out,expirar
breathe upon,soprar em
breed in the bone,no sangue
breed up,criar
breeze off,brisa
breeze past,passar rapidamente
breeze through,passar com facilidade
breeze up,levantar voo
brevity is the soul of wit,A brevidade é a essência do humor
brew up,preparar
brick in,tijolo
brick in one's hat,colocar tijolos no chapéu
brick off,desconectar
brick over,tijolo sobre
brick up,selar com tijolos
bricks and mortar,tijolo e cimento
bridge over troubled waters,ponte sobre as águas turbulentas
bridge the gap,superar a diferença
bridge up,levantar a ponte
bridle up,domar
brief against,contra
bright and early,bem cedo
bright lights,luzes brilhantes
bright line,linha clara
bright side,lado bom
bright spark,centelha
bright young thing,jovem promissor
bright-eyed and bushy-tailed,cheio de energia
bright-line rule,regra clara
brighten up,alegrar
brim over,transbordar
bring a knife to a gunfight,estar despreparado
bring a lump to someone's throat,emocionar profundamente
bring about,causar
bring along,levar consigo
bring around,trazer
bring away,levar embora
bring back,trazer de volta
bring back to life,ressuscitar
bring down,derrubar
bring down on,imputar
bring down the curtain,baixar a cortina
bring down the hammer,aplicar a lei
bring down the house,causar grande impacto
bring forth,trazer à tona
bring forward,adiantar
bring home,trazer para casa
bring home the bacon,ganhar o pão
bring in,trazer
bring it weak,traga algo fraco
bring off,realizar
bring on,avance
bring one's arse to an anchor,chegar a um ponto de apoio
bring one's own hide to market,trazer sua própria pele para o mercado
bring oneself away,afastar-se
bring oneself to,conseguir
bring out,revelar
bring out in a rash,causar erupção cutânea
bring out of oneself,tirar de si mesmo
bring over,trazer
bring owls to Athens,trazer corujas para Atenas
bring round,trazer
bring someone to their knees,fazer ajoelhar alguém
bring through,trazer
bring to,trazer
bring to an end,terminar
bring to bear,aplicar
bring to heel,submeter
bring to justice,levar à justiça
bring to life,dar vida
bring to light,revelar
bring to nought,tornar nulo
bring to the hammer,levar ao martelo
bring to the table,trazer para a discussão
bring together,reunir
bring under,colocar sob
bring up,criar
bring up against,acusar
bring up the rear,ficar para trás
bring up to,elevar
bring upon,causar
bring with,trazer com
brisk up,animar
bristle up,arrepio
bro down,desmoronar
bro out,sair com
broach to,abrir
broad and shallow,largo e raso
broad brush,de forma geral
broad in the beam,largo na base
broad shoulders,ombros largos
broad strokes,rascunho
broaden one's horizons,alargar os horizontes
broaden someone's horizons,alargar os horizontes de alguém
broil up,grelhar
broken arrow,flecha quebrada
broken heart,coração partido
broken hearted,com o coração partido
broken home,lar desestruturado
broken man,homem quebrado
broken record,disco riscado
broken reed,junco quebrado
broken vessel,recipiente quebrado
Bronx cheer,Vai tomar no cu
bronze up,bronzeamento
brood above,cuidar
broom up,varrer
bros before hoes,amigos antes de namoradas
bros before hos,amigos antes de namorados
brother from another mother,irmão de outra mãe
brown bag,saco de papel
brown bread,pão integral
brown noser,lambe botas
brown out,queda de tensão
brown power,poder negro
brown study,estudo concentrado
brown thumb,dedo marrom
brown up,escurecer
browned off,entediado
Brownian motion,Movimento browniano
brownie point,vantagem injusta
bruise up,aparecer hematomas
brush aside,ignorar
brush away,varrer
brush back,rebater
brush by,escovar
brush down,escovar
brush off,sacudir
brush out,escovar
brush over,varrer
brush past,esbarrar
brush up,revisar
brush up to,revisar
bubble in,bolha
bubble over,transbordar
bubble under,bolha embaixo
bubble up,borbulhar
buck down,abaixe-se
buck fever,febre da caça
buck for,dólar por
buck in,coloque
buck off,desmontar
buck out,despejar
buck the trend,ir contra a tendência
buck up,Aguentar
buck up one's ideas,reunir ideias
buck up to,enfrentar
bucket about,balde sobre
bucket down,balde para baixo
bucket list,lista de desejos
bucket of bolts,cárcassa
bucket of rust,balde de ferrugem
bucket of syrup,balde de xarope
buckle down,concentrar-se
buckle in,aperte os cintos
buckle over,dobrar-se
buckle to,ceder
buckle under,ceder
buckle up,aperte os cintos
Buckley's and none,Buckley's e nenhum
Buckley's chance,Nenhuma chance
bud off,brotar
bud out,brotar
bud up,aparecer
buddy up,fazer parceria
budge up,afastar-se um pouco
buff down,diminuir
buff nor stye,olho inchado ou calázio
buff out,alisar
buff the muffin,polir o muffin
buff up,melhorar
buffer up,armazenar em buffer
buffing the muffin,polindo o muffin
bug down,ficar para baixo
bug in,em
bug off,Vai embora
bug out,entrar em pânico
bug storm,tempestade de insetos
bug up,arruinar
bugger about,mexer
bugger around,brincar
bugger off,Vai embora
bugger up,estragar
buggerise about,bobagem
Buggins's turn,A vez do Buggins
build a better mousetrap,inventar uma armadilha para ratos melhor
build a case,construir um caso
build bridges,construir pontes
build castles in the air,construir castelos no ar
build character,desenvolver caráter
build down,construir para baixo
build in,embutido
build into,incorporar
build on,construir sobre
build on sand,construir sobre areia
build out,expandir
build the plane while flying it,construir o avião enquanto ele voa
build up,construir
build upon,construir sobre
built different,construído de forma diferente
built like a brick outhouse,forte como um touro
built like a brick shipyard,forte como um estaleiro
built like a brick shithouse,forte como um touro
bulk billing,atendimento gratuito
bulk out,preencher
bulk up,aumentar de massa
bull in a china shop,um elefante numa loja de porcelana
bull session,conversa informal
bull up,esticar
bully off,intimidação
bum around,passar o tempo
bum out,deprimir
bum rap,falsa acusação
bum rush,assaltar
bum steer,boi
bum's rush,bronca
bumble along,seguir em frente
bump across,encontrar por acaso
bump and grind,bater e esfregar
bump and jump,bater e pular
bump down,baixar
bump in the road,obstáculo
bump into,esbarrar
bump off,eliminar
bump on,calombo
bump up,impulsionar
bumper crop,colheita abundante
bun fight,briga
bunch in,em
bunch together,juntar
bunch up,amontoar
bundle of energy,pacote de energia
bundle of joy,fonte de alegria
bundle of laughs,muita diversão
bundle of nerves,pacote de nervos
bundle off,desvencilhar
bundle together,juntar
bundle up,embrulhe-se
bundy off,desligar
bundy on,em
bung it on,coloque tudo ali
bung on,colar
bung out,despejar
bung up,entupir
bunk down,dormir
bunk in,cama
bunk into,entrar em
bunk off,faltar
bunk out,dormir
bunk together,dormir juntos
bunk up,acampar
bunker out,desaparecer
bunker up,fortificar
bunny hop,salto de coelho
bunny hug,abraço de coelho
buoy up,flutuar
buried treasure,tesouro escondido
burn a hole in someone's pocket,fazer um buraco no bolso
burn away,queimar
burn bread,queimar o pão
burn daylight,aproveitar a luz do dia
burn down,incendiar
burn in,queimar
burn off,queimar
burn one down,incendiar
burn one's boats,queimar as pontes
burn one's bridges,queimar as pontes
burn one's fingers,queimar os dedos
burn out,esgotamento
burn rubber,queimar pneu
burn someone's ears,fazer alguém corar
burn the candle at both ends,gastar todas as energias
burn the midnight oil,trabalhar até tarde
burn the roof,queimar o telhado
burn through,gastar rapidamente
burn time,tempo de queima
burn up,queimar
burning question,pergunta urgente
burr in one's saddle,estar desconfortável
burst forth,irromper
burst in,explodir
burst into,explodir em
burst into tears,chorar copiosamente
burst out,explodir
burst out laughing,começar a rir
burst someone's bubble,estourar a bolha de alguém
burst up,explodir
bury one's head in the sand,fazer de conta que não vê
bury the hatchet,fazer as pazes
bury the lede,esconder a informação mais importante
bus plunge,mergulho de ônibus
bush league,de segunda categoria
bush out,expandir
bush telegraph,boato
business as usual,como sempre
business before pleasure,negócios antes do lazer
business end,parte funcional
business girl,mulher de negócios
business is business,é tudo questão de negócios
busman's holiday,férias do motorista de ônibus
buss down,desmoronar
buss it down,gastar tudo
bust a cap,atirar
bust a move,dançar
bust a nut,ejacular
bust a U,fazer uma curva fechada
bust around,passear
bust ass,se esforçar muito
bust chops,falar demais
bust down,destruir
bust in,revistar
bust into,irromper
bust it down,desvendar
bust off,desmontar
bust on,prender
bust one's balls,se esforçar ao máximo
bust one's butt,se esforçar muito
bust one's chops,ridicularizar
bust out,explodir
bust the dust,tirar a poeira
bust up,arruinar
busted flush,malaquice
busy around,ocupado
busy as a bee,ocupado como uma abelha
busy as a nailer,muito ocupado
busy work,trabalho burocrático
but for,mas para
but for the grace of God,pela graça de Deus
but good,mas bom
but me no buts,mas sem desculpas
but seriously folks,mas falando sério
but who's counting,mas quem está contando
butch up,endurecer
butcher's bill,conta da açougueira
butcher's thumb,dedo de açougueiro
butt heads,discordar
butt in,interferir
butt out,fique de fora
butt up,encostar
butter down,suavizar
butter face,rosto feio
butter one's bread on both sides,lucrar dos dois lados
butter out,espalhar manteiga
butter the cony,untar o coelho
butter up,lisonjear
butter won't melt in someone's mouth,alguém é muito falso
butter wouldn't melt in someone's mouth,ser muito educado
butterfly upon a wheel,borboleta em uma roda
button nose,nariz botão
button one's lip,morder a língua
button pusher,acionador
button through,passar por
button up,abotoar
buy a dog and bark oneself,comprar um cachorro e latir sozinho
buy a ticket to,comprar uma passagem para
buy and hold,comprar e manter
buy back,recomprar
buy down,comprar para reduzir
buy in,comprar participação
buy into,investir em
buy it,compre
buy nice or buy twice,compre barato pague caro
buy off,subornar
buy off on,comprar
buy out,comprar
buy out from under,compra sorrateira
buy over,comprar acima de
buy straw hats in winter,comprar chapéus de palha no inverno
buy the farm,morrer
buy the rights,comprar os direitos
buy the rumor,comprar o boato
buy the same horse twice,comprar o mesmo cavalo duas vezes
buy time,ganhar tempo
buy to let,compra para alugar
buy up,comprar
buy yourself a hat,compre um chapéu para você
buyer beware,compre com cuidado
buzz about,boato
buzz in,zumbido
buzz off,vai embora
buzz up,aumentar
buzzin' dozen,duzia de abelhas
by a hair's breadth,por uma pequena diferença
by a landslide,com uma grande maioria
by a long chalk,de longe
by a long shot,de jeito nenhum
by a long way,de longe
by a time,em um determinado momento
by a whisker,por pouco
by accident,por acidente
by all accounts,por todas as contas
by all appearances,à primeira vista
by all means,de nenhuma maneira
by all reports,por todas as informações
by an eyelash,por um cílio
by and large,em geral
by any chance,por acaso
by any means,de qualquer maneira
by any measure,por qualquer medida
by any stretch,de jeito nenhum
by any stretch of the imagination,de forma alguma
by blood,por sangue
by chalks,com giz
by chance,por acaso
by cock,pelo galo
by cock and pie,pelo galo e pela torta
by committee,por comissão
by comparison,em comparação
by contrast,em contraste
by crumbs,por migalhas
by crums,por migalhas
by day,de dia
by default,por padrão
by definition,por definição
by degrees,gradualmente
by design,por projeto
by dint of,por meio de
by ear,de cor
by extension,por extensão
by eye,de olho
by fair means or foul,por meios limpos ou sujos
by far,de longe
by far and away,de longe
by foot,a pé
by George,por George
by God,por Deus
by guess or by gosh,tentando a sorte
by gum,nossa
by gummy,por gummy
by half,por metade
by halves,por partes
by hand,manualmente
by heart,de cor
by hell,pelo inferno
by hook and by crook,por todos os meios
by hook or by crook,por todos os meios
by hook or crook,de qualquer maneira
by inches,centímetros
by leaps and starts,de forma irregular
by little and little,pouco a pouco
by means of,por meio de
by mistake,por engano
by name,pelo nome
by nature,por natureza
by night,à noite
by no manner of means,de nenhuma forma
by no means,de forma alguma
by no stretch,de forma alguma
by no stretch of imagination,de forma alguma
by no stretch of the imagination,de forma alguma
by numbers,por números
by one's lights,à sua maneira
by one's lonesome,sozinho
by one's own hand,com as próprias mãos
by owner,direto do proprietário
by rail,de trem
by reason of,por motivo de
by return mail,por correio urgente
by return of post,por correio
by right,por direito
by right of,por direito de
by rights,por direito
by sail,a vela
by sight,de vista
by some distance,por uma grande distância
by starts and leaps,por saltos e avanços
by steam,a vapor
by the book,de acordo com as regras
by the bye,a propósito
by the day,diariamente
by the ears,pela orelha
by the eye,com o olho
by the Grace of Allah,pela graça de Allah
by the Grace of God,pela graça de Deus
by the holy poker,pelo santo poker
by the immortal powers,pelos poderes eternos
by the job,por tarefa
by the lay,pela beira
by the minute,a cada minuto
by the moment,naquele momento
by the name of,com o nome de
by the numbers,metódico
by the piece,por unidade
by the rood,pela raiz
by the same token,da mesma forma
by the score,em grande número
by the skin of one's teeth,por um triz
by the sound of it,pelo que parece
by the strong hand,com mão forte
by the ton,por tonelada
by the way,a propósito
by the way of,pelo caminho de
by trade,de profissão
by turns,alternadamente
by vice of,por causa de
by virtue of,por virtude de
by way of,por meio de
by way of example,como exemplo
by wire,por cabo
by your leave,com sua permissão
c'est la vie,faz parte da vida
cable up,conectar por cabo
cack on,trair
cack up,rir copiosamente
Cadillac problem,Problema Cadillac
Caesar's wife must be above suspicion,A esposa de César deve estar acima de qu…
caf up,café da manhã
caffeine up,aumentar a cafeína
cake and gingerbread,bolo e pão de gengibre
cake crumbs,migalhas de bolo
cake up,acumular
cake walk,passeio fácil
cakes and ale,bolos e cerveja
calculate out,calcular
Cali or bust,Cali ou nada
call a lid,colocar a tampa
call a shovel a shovel,chamar as coisas pelos seus nomes
call a spade a spade,chamar as coisas pelos seus nomes
call ahead,ligar antes
call an ambulance,chame uma ambulância
call an audible,chamar um tempo
call around,ligar para
call away,afastar
call back,retornar a ligação
call down,chamar
call for,chamada para
call forth,invocar
call in,chamar
call it,chame isso
call it a day,terminar o dia
call it a night,vamos dormir
call it an early night,vá para a cama mais cedo
call it as one sees it,como se vê
call it quits,desistir
call it stumps,pare por aqui
call off,cancelar
call off the dogs,desistir
call on,chamar
call out,chamar
call over,chamar
call roll,chamada
call round,visitar
call someone's bluff,desmascarar
call someone's number,ligar para o número de alguém
call the ball,chamar a bola
call the fire brigade,chame os bombeiros
call the fire department,chame o corpo de bombeiros
call the police,chame a polícia
call the shots,dar as ordens
call time on something,dar um tempo em algo
call to,chamada
call to account,responsabilidade
call to the bar,chamado à barra
call together,reunir
call up,ligar
call upon,apelar a
calm before the storm,calmaria antes da tempestade
calm down,acalme-se
calm the farm,acalme a fazenda
calm your farm,mantenha a calma
cam out,cair
camel's nose,nariz de camelo
cammy up,subir
camo up,apareceu
camp as a row of tents,acampamento como uma fileira de tendas
camp down,acampar
camp it up,exagerar
camp out,acampar
camp out on,acampar em
can a duck,um pato pode
can a duck swim,um pato consegue nadar
can of corn,lata de milho
can of worms,situação complicada
can we say,podemos dizer
can you not,não pode
can't be arsed,não quero fazer
can't complain,não posso reclamar
can't do right for doing wrong,não consegue fazer nada bem
can't get enough,não consigo ter o suficiente
can't help,não posso ajudar
can't keep one's eyes off somebody,não consegue tirar os olhos de alguém
can't keep one's eyes off something,não consegue tirar os olhos de algo
can't lie,não consigo mentir
can't stand,não suporto
can't stand the sight of,não suporto ver
can't take one's eyes off somebody,não consegue tirar os olhos de alguém
can't take one's eyes off something,não consegue tirar os olhos de algo
can't wait,mal posso esperar
canary fit,ajuste canário
canary in a coal mine,pombos-correio nas minas
cancel out,cancelar
cancel someone's Christmas,cancelar o Natal de alguém
candle in the wind,vela ao vento
cannot away with,não consegue lidar com
cannot make it,não posso comparecer
cap in hand,de mãos beguidas
cap it all off,para finalizar
cap it off,finalizar
cap off,fechar
cap on,tampa
cap over the windmill,tampa do moinho
cap up,fechar
captain's pick,escolha do capitão
carb up,acumular carboidratos
carbon burning,combustão de carbono
carbonated water,água com gás
card of ten,dez
care a button,preocupar-se com um botão
care a jackstraw,ser um atrapalhado
care a whit,me importar nem um pouco
care for,cuidar de
care killed a cat,A preocupação mata
care killed the cat,cuidado mata o gato
care of,cuidado de
care package,pacote de cuidados
careful what you wish for,tenha cuidado com o que deseja
carpe diem,aproveite o dia
carriage forward,avance
carriage trade,comércio de luxo
carried away,levado
carrot and stick,galante e chicote
carry a torch,carregar uma tocha
carry away,levar embora
carry coals to Newcastle,levar carvão para Newcastle
carry forward,transferir
carry me out,leve-me para fora
carry off,levar embora
carry on,continuar
carry one's weight,assumir a responsabilidade
carry oneself,portar-se
carry out,realizar
carry over,transferir
carry someone's water,fazer o trabalho de alguém
carry the ball,levar a bola
carry the can,assumir a responsabilidade
carry the mail,entregar a correspondência
carry the message to Garcia,entregar a mensagem para Garcia
carry through,concluir
carry up,levar para cima
carry water for,carregar água para
cart away,levar embora
cart off,levar
carve out,criar
carve up,cortar em pedaços
carved in stone,esculpido em pedra
case closed,Caso encerrado
case out,verificar
case the joint,prender a articulação
case up,fechar
cash for crash,pagamento por acidente
cash in,converter em dinheiro
cash in one's chips,desistir
cash is king,O dinheiro é rei
cash on the barrelhead,pagamento à vista
cash out,sacar
cash up,fechar o caixa
cashed up,Com dinheiro
cast a chill,causar arrepios
cast a shadow,projetar uma sombra
cast about,procurar
cast around,procurar
cast aside,abandonar
cast aspersions,lançar difamações
cast away,abandonar
cast back,jogar para trás
cast down,derrubar
cast in concrete,moldado em concreto
cast in someone's teeth,prótese dentária
cast loose,libertar
cast of thousands,elenco numeroso
cast off,descartar
cast on,lançar
cast one's bread upon the waters,lançar o pão nas águas
cast one's mind back,recordar
cast one's net wide,alargar a busca
cast one's vote,votar
cast out,expulsar
cast over,lançar
cast pearls before swine,oferecer pérolas a porcos
cast round,moldar em círculo
cast snowballs,jogar bolas de neve
cast the first stone,jogar a primeira pedra
cast up,vomitar
cast up one's accounts,fazer as contas
castle in the air,castelo de areia
cat and dog life,vida de gato e cachorro
cat around,espiar
cat got someone's tongue,Alguém ficou sem palavras
cat in the meal-tub,gato no balde de comida
cat in the sack,gato na sacola
cat piss,urina de gato
cat that ate the canary,gato que comeu o canário
cat's cradle,jogo de laço
cat's meow,ótimo
catbird seat,posição privilegiada
catch a body,prender um corpo
catch a break,ter uma folga
catch a case,ser processado
catch a cold,pegar um resfriado
catch a date,conseguir um encontro
catch a fade,receber uma surra
catch a falling knife,tentar recuperar uma ação que está em fo…
catch a packet,pegar um pacote
catch a stray,pegar um animal abandonado
catch a wave,pegar uma onda
catch air,pegar vento
catch as catch can,como puder
catch big air,fazer manobras radicais
catch dust,acumular poeira
catch feelings,sentir algo
catch fire,pegar fogo
catch flies,pegar moscas
catch hands,pegar na mão
catch heat,receber críticas
catch hell,tomar um sermão
catch it,pega
catch napping,dormir
catch no ball,pegar a bola
catch no balls,não se importar
catch of the day,peixe do dia
catch on,entender
catch one's breath,recuperar o fôlego
catch one's death,pegar um resfriado
catch oneself on,perceber
catch out,flagrar
catch red-handed,pegar com as mãos na massa
catch sight of,avistar
catch some rays,tomar sol
catch some z's,dormir
catch someone napping,pegar alguém dormindo
catch someone's drift,entender o que alguém quer dizer
catch someone's eye,chamar a atenção de alguém
catch the eye,chamar a atenção
catch the sun,aproveitar o sol
catch up,colocar-se em dia
catch wind of something,saber de algo
catch you later,até logo
catch you on the flip side,até logo
cattle call,audição em massa
cattle up,gado
caucus race,corrida de caucus
caught between two stools,em uma situação difícil
caught short,pego de surpresa
caught up,atualizado
caught with one's pants down,pego de surpresa
caulk off,vedar
cause a stir,causar alvoroço
cause and effect,causa e efeito
caution - slippery when wet,cuidado - escorregadio quando molhado
cautionary tale,conto de advertência
cave in,desabar
cave out,cavar
caveat emptor,compre o que compra
caveat lector,atenção
caviar to the general,caviar para o público em geral
cede the field,ceder o lugar
cell up,celular
Celtic curse,Maldição celta
cement together,unir
center field,campo central
center part,parte central
Centrelink time,Horário do Centrelink
cerebrally challenged,com dificuldades de aprendizado
chacun a son gout,cada um tem seu gosto
chain up,amarrar
chair up,sente-se
chalk against,giz contra
chalk and cheese,água e óleo
chalk and talk,aula expositiva
chalk down,anotar
chalk it down,anote
chalk off,riscar
chalk out,desenhar
chalk something up to experience,considerar como experiência
chalk talk,discussão informal
chalk up,registrar
chalk up to,atribuir a
champ down on,morder com força
champ up,arredondar
champagne taste on a beer budget,gosto de champanhe com orçamento de cerv…
chance on,oportunidade em
chance upon,encontrar por acaso
chance would be a fine thing,seria ótimo
chance'd be a fine thing,seria ótimo
chances are,provavelmente
change around,mudar
change collars,trocar coleiras
change down,diminuir
change hands,mudar de mãos
change horses in midstream,mudar de cavalo a meio do rio
change of clothes,roupa extra
change of heart,mudança de opinião
change of life,menopausa
change of pace,mudança de ritmo
change of scenery,mudança de cenário
change of tack,mudança de rumo
change one's battery,trocar a bateria
change one's mind,mudar de ideia
change one's story,mudar de versão
change one's tune,mudar de opinião
change out,trocar
change over,mudança
change someone's mind,mudar de ideia
change the channel,mudar de canal
change the game,mudar o jogo
change up,mudar
change with the times,mudar com os tempos
chaotic neutral,neutro caótico
Chap laps,Lábios
chapter out,capítulo finalizado
char up,animar
character assassination,difamação
charge down,cobrar
charge off,baixar
charge up,carregar
charity begins at home,a caridade começa em casa
charity mugger,mendigo
charley horse,cãibra
charm offensive,ofensiva de charme
charm the birds from the trees,atrair a atenção de todos
charm up,melhorar a aparência
charmed life,vida feliz
chase a rainbow,perseguir um arco-íris
chase after,perseguir
chase away,afastar
chase down,perseguir
chase off,afastar
chase one's tail,correr atrás do próprio rabo
chase rainbows,perseguir arco-íris
chase tail,perseguir o rabo
chase the ace,perseguir o ás
chase the dragon,perseguir a ilusão
chase up,perseguir
chat away,conversar animadamente
chat up,paquerar
chaw up,mastigar
che sara sara,o que será que será
che sera sera,o que for, será
cheap and cheerful,barato e agradável
cheap at half the price,barato mesmo pela metade do preço
cheap drunk,bêbado barato
cheap out,economizar
cheap thrill,pequeno prazer
cheap-arse Tuesday,terça-feira barata
cheapen out,economizar
cheaper by the dozen,mais barato em grande quantidade
cheat on,trapacear
cheat out,enganar
cheat out of,enganar
cheat sheet,resumo
cheaters never prosper,Trapaceiros nunca prosperam
cheats never prosper,Quem trapaceia nunca prospera
check and balance,controle e equilíbrio
check in,fazer check-in
check in on,verificar
check in with oneself,verificar como se sente
check into,fazer check-in
check is in the mail,O cheque está no correio
check off,marcar
check on,verificar
check out,ver
check over,verificar
check the math,verifique a matemática
check through,verificar
check up,consulta
check up on,verificar
check you out,ver você
check your privilege,examine seus privilégios
check yourself before you wreck yourself,pense antes de agir
checks play,xadrez
checkup from the neck up,exame físico da cabeça para cima
cheek by jowl,de mãos dadas
cheek for chowl,bochecha para frango
cheek it out,veja
cheek it through,verificar
cheek up,levantar o queixo
cheek up to,chegar
cheeky monkey,macaco travesso
cheer on,torcer
cheer up,anime-se
cheers my dears,Saudações meus queridos
cheese down,queijo para baixo
cheese it,vá embora
cheese off,desligar
cheese out,rir
cheese tax,imposto sobre queijo
cheese up,alegrar
cheesed off,irritado
chef up,cozinhar
chemically imbalanced,quimicamente desequilibrado
chemically impaired,comprometido quimicamente
chemically inconvenienced,incomodado quimicamente
cherry on top,o toque final
chess piece,peça de xadrez
chest down,peito para baixo
chest up,de peito para cima
chew off,morder
chew on,mastigar
chew out,repreender
chew over,ponderar
chew the cud,mastigar
chew the scenery,atuar exageradamente
chew up,mastigar
chick with a dick,garota com pênis
chicken feed,ração de galinha
Chicken Licken,Galinha Pintadinha
chicken out,desanimar
chicken scratch,caligrafia ilegível
chicks before dicks,Meninas antes de rapazes
child's play,moleza
chill it with,calma com
chill out,relaxar
chill to the bone,frio até os ossos
chillin' like a villain,relaxando como um vilão
chilly climate,clima frio
chime in,participar
chime up,tocar
chimney's afire,A chaminé está em chamas
chimp out,perder o controle
chin up,mantenha a calma
China syndrome,Síndrome da China
China's final warning,O último aviso da China
Chinaman on one's back,Peso na consciência
Chinaman's chance,Mínima chance
Chinese compliment,Elogio chinês
Chinese green,verde chinês
Chinese overtime,horas extras chinesas
Chinese puzzle,Quebra-cabeça chinês
Chinese Wall,Muralha chinesa
Chinese water torture,Tortura chinesa
chink in the armor,fresta na armadura
chink up,vedar
chip and charge,chip e carregar
chip at,lascar em
chip away,desgastar
chip in,contribuir
chip into,rachar em
chip off the old block,cópia do pai
chip on one's shoulder,ressentimento
chip shot,tiro curto
chip up,desanimar
chipper up,animar
chirk up,animar
chisel in,entalhar
chisel out,esculpir
chisel up,entalhar
chocolate teapot,bule de chocolate
choke back,reprimir
choke down,engolir com dificuldade
choke off,bloquear
choke on,engasgar em
choke out,sufocar
choke the chicken,asfixiar o frango
choke up,estar emocionado
chomp at the bit,estar ansioso
chomp down on,morder com força
chonk up,engordar
choose one's fighter,escolher seu lutador
choose out,escolher
choose up,escolher
choose violence,escolher a violência
chop and change,mudar constantemente
chop and drop,cortar e descartar
chop down,derrubar
chop it up,picá-lo
chop off,cortar
chop out,cortar
chop up,picar
chopped liver,fígado picado
chow down,comer muito
Christmas came early,O Natal chegou mais cedo
Christmas come early,O Natal chegou mais cedo
Christmas comes but once a year,O Natal acontece apenas uma vez por ano
Christmas comes early,O Natal chegou mais cedo
Christmas graduate,Formando de Natal
Christmas is coming,O Natal está chegando
Christmas tree bill,Conta da árvore de Natal
chrome dome,calva
chrome horn,trompa de cromo
chub up,engordar
chuck away,jogar fora
chuck down,jogar fora
chuck in,jogar
chuck it,esqueça
chuck it down,jogue para baixo
chuck it in,jogue lá dentro
chuck it up,desistir
chuck off,descartar
chuck out,jogar fora
chuck over,jogar
chuck up,vomitar
chug away,beber avidamente
chum in,cheguei
chum in the water,líquido
chum up,beijar
chump change,trocado
chump off,desligar
churn and burn,produzir e vender rapidamente
churn out,produzir em massa
churn up,agitar
ciao bella,olá linda
circle back,retornar
circle gets the square,o círculo engloba o quadrado
circle in,círculo em
circle out,circundar
circle the drain,descer pelo ralo
circle the wagons,formar um círculo defensivo
circle up,formar um círculo
circuit slugger,jogador de beisebol
circular file,arquivo circular
circular firing squad,esquadrão de execução
citation needed,citação necessária
civil tongue,linguagem respeitosa
clabber up,coalhar
claim someone's life,tirar a vida de alguém
claim to fame,razão da fama
clam up,calar-se
clamp down on,reprimir
clamp off,fechar
clap back,responder
clap eyes on,ver
clap in,bater palmas
clap on,bater palmas
clap one's hands red,bater palmas até ficar vermelho
clap out,desgastado
clap together,bater palmas
clap up,bater palmas
clash of the ash,choque das cinzas
class clown,palhaço
class up,aumentar de nível
claw away,arranhar
claw back,recuperar
claw off,arrancar
clay up,argila
clean as a bean,limpo como uma bala
clean as a hound's tooth,impecavelmente limpo
clean as a whistle,limpo como o vidro
clean break,ruptura limpa
clean down,limpar
clean hands,mãos limpas
clean money,dinheiro limpo
clean off,limpar
clean out,limpar
clean someone's clock,derrotar completamente
clean up,limpar
clean up after,limpar depois
clean up one's act,corrigir o comportamento
cleanliness is next to godliness,A limpeza é quase uma virtude
cleanup in aisle,limpeza no corredor
cleanup on aisle,limpeza no corredor
clear away,limpar
clear blue water,água azul cristalina
clear cut,óbvio
clear off,limpar
clear one's lines,limpar a linha
clear out,limpar
clear somebody's name,limpar o nome de alguém
clear the air,esclarecer a situação
clear the table,limpar a mesa
clear up,esclarecer
clew down,desligar
clew up,esclarecer
click for,clique para
click into gear,entrar na caixa de marchas
click of the fingers,estalido dos dedos
click off,desligar
click through,clicar
clicks and bricks,online e físico
climb down,descer
climb into,entrar
climb the ladder,subir a escada
climb the walls,subir as paredes
climb up,subir
cling on,agarrar
cling to,apegar-se a
clinically dead,clinicamente morto
clip in,prender
clip it,prenda-o
clip someone's wings,cortar as asas de alguém
clip strip,tira-etiquetas
clock down,desligar
clock in,registrar entrada
clock is running,o relógio está funcionando
clock is ticking,o tempo está passando
clock off,bater o ponto
clock on,chegar ao trabalho
clock onto,perceber
clock out,bater o ponto
clock the tea,cronometrar o chá
clock up,acumular
clog up,entupir
clogs to clogs in three generations,de chinelos a chinelos em três gerações
close at hand,à mão
close but no cigar,quase lá, mas não alcançou
close by,perto
close down,fechar
close enough for government work,suficientemente bom para o serviço públi…
close in,próximo
close in on,aproximar-se
close in upon,aproximar-se
close off,fechar
close on the heels of,logo atrás
close one eye,feche um olho
close one's eyes,fechar os olhos
close one's mind,fechar a mente
close only counts in horseshoes,Só conta o que vale na pontaria
close out,fechar
close round,redondo
close season,baixa temporada
close the book on,fechar o livro sobre
close the books,feche os livros
close the face,fechar o rosto
close to,perto de
close to home,perto de casa
close to one's heart,próximo ao coração
close up,close-up
close with,fechar com
closed book,livro fechado
closely held,mantido em segredo
closet case,caso difícil
clothes don't make the man,A roupa não faz o homem
clothes make the man,A roupa faz o homem
clothes maketh the man,A roupa faz o homem
clothespin vote,prendedor de roupa voto
cloud nine,nas nuvens
cloud over,nuvem sobre
cloud seven,nas nuvens
cloud up,nublar
clout list,lista de influenciadores
clout on,influência sobre
clown about,brincar
clown around,brincar
clown college,faculdade de palhaços
clown on,zombar de
clown school,escola de palhaços
club out,eliminar
club together,juntar dinheiro
clue in,dar uma dica
clue stick,vara de croquet
clue up,desvendar
clump up,aglomerar
clutch artist,artista talentoso
clutter up,entulhar
coach up,treinar
coals to Newcastle,carvão para Newcastle
coat up,cobrir
cobber up,encobrir
cobble together,montar às pressas
cobble up,montar rapidamente
cock a snook,mostrar o dedo
cock cheese,queijo de galinha
cock in a frock,galo vestido de saia
cock in the henhouse,galo no galinheiro
cock it over,esticar
cock of the roost,galo
cock of the walk,o mais importante
cock off,desligar
cock on,em cima de
cock one's toes,enrugar os dedos
cock up,estragar
cock-and-bull story,história inventada
cocker up,esticar
code up,codificar
coffee money,dinheiro para café
coffee talk,conversa fiada
coffee up,café
cog fog,névoa
coil up,enrolar
coke dick,penis de coca-cola
Colbert bump,efeito Colbert
cold as ice,frio como gelo
cold cash,dinheiro vivo
cold chills,arrepios
cold comfort,consolo fraco
cold day in Hell,um dia frio no inferno
cold fish,peixe morto
cold hand,mão fria
cold hard cash,dinheiro vivo
cold one,cerveja gelada
cold shoulder,indiferença
cold snap,onda de frio
cold treatment,tratamento frio
cold turkey,de repente
collar up,gola levantada
collect dust,acumular poeira
collect one's thoughts,organizar os pensamentos
collect up,recolher
collectively exhaustive,exaustivo em conjunto
color in,colorir
color me,pinte-me
color up,colorir
colour in,colorir
colour up,colorir
comb down,pente fino
comb out,desembaraçar
comb over,risco
comb through,revistar
come a cropper,fracassar
come a long way,percorreu um longo caminho
come about,acontecer
come across,encontrar
come across with,encontrar
come after,vir depois
come again,repita
come alive,ganhar vida
come along,venha
come and go,vir e ir
come apart,desmontar
come apart at the seams,desfazer-se
come around,vir
come as a surprise,ser uma surpresa
come at,venha
come away,vá embora
come back,volte
come back from the dead,ressuscitar
come before,vir antes
come between,intervir
come by,visitar
come clean,contar a verdade
come down,descer
come down in stair rods,descer pelas barras da escada
come down in the last shower,descer na última chuva
come down on,repreender
come down to,depender de
come down to earth,voltar à realidade
come down to us,chegar até nós
come down upon,reprimir
come down with,ficar doente
come first,vir primeiro
come for,vir para
come forth,aparecer
come forward,avance
come from,vir de
come from a Cracker Jack box,vir de uma caixa de Cracker Jack
come from a good place,vir de um bom lugar
come from behind,virar o jogo
come from below,vir de baixo
come full circle,voltar ao ponto de partida
come hell or high water,custe o que custar
come here to me,Venha cá
come home by weeping cross,voltar para casa chorando
come home to roost,voltar para assombrar
come in,entre
come in for,venha para
come in from the cold,entre do frio
come in handy,ser útil
come in hot,chegue quente
come into,entrar
come into being,vir à existência
come into effect,entrar em vigor
come into force,entrar em vigor
come into its own,desenvolver-se plenamente
come into one's own,desenvolver-se
come into play,entrar em jogo
come into the world,nascer
come into view,entrar em vista
come knocking,bater à porta
come of,vir de
come of age,amadurecer
come off,descolar
come off it,pare com isso
come on,vamos
come on in,entre
come on over,venha cá
come on strong,começar com força
come on to,venha
come online,conectar-se
come onto,chegar
come out,sair
come out in,aparecer em
come out in the wash,vir à tona
come out of one's shell,sair da concha
come out of the broom closet,sair do armário
come out of the closet,sair do armário
come out of the woodwork,aparecer de repente
come out swinging,começar com força
come out with,lançar
come over,venha cá
come right,venha logo
come round,visitar
come the acid,venha o ácido
come the old soldier,venha o velho soldado
come thick and fast,chegar rapidamente e em grande número
come through,passar
come to,vir
come to a close,chegar ao fim
come to a halt,parar
come to a head,atingir o clímax
come to a sticky end,terminar mal
come to an end,terminar
come to blows,começar a brigar
come to find out,descobrir
come to fruition,realizar-se
come to grief,fracassar
come to grips with,lidar com
come to Jesus,converter-se
come to life,ganhar vida
come to light,vir à tona
come to mention it,falando nisso
come to mind,vir à mente
come to nothing,não resultar em nada
come to nought,não resultar em nada
come to one's senses,recuperar a consciência
come to oneself,recuperar a consciência
come to papa,venha para o papai
come to pass,acontecer
come to power,chegar ao poder
come to someone's aid,ajudar alguém
come to someone's rescue,salvar alguém
come to terms,aceitar
come to terms with,aceitar
come to the fore,vir à tona
come to think of it,pensando bem
come to time,recuperar a consciência
come together,juntar-se
come true,realizar-se
come under,estar sujeito a
come under fire,sofrer críticas
come under pressure,sentir pressão
come unhinged,enlouquecer
come unstuck,desgrudar
come up,aparecer
come up against,enfrentar
come up and bite,venha morder
come up from behind,aparecer por trás
come up roses,florescer
come up to,aproximar-se
come up with,surgir
come up with snake eyes,inventar uma desculpa
come up with the goods,entregar o que foi prometido
come upon,encontrar
come upon the parish,chegar à paróquia
come upon the town,chegar à cidade
come what may,aconteça o que acontecer
come with,vir com
come with it,venha comigo
come with the territory,faz parte do pacote
comedy equals tragedy plus time,comédia é igual a tragédia mais tempo
comedy gold,ouro da comédia
comedy of errors,comédia de erros
comfort girl,garota de conforto
comfort woman,mulher de conforto
comfort zone,zona de conforto
comfortable in one's own skin,à vontade consigo mesmo
comfortably off,confortavelmente bem de vida
coming and going,indo e vindo
coming into the world,vindo ao mundo
coming right up,Já está sendo feito
command performance,apresentação obrigatória
comme moi,como eu
comment out,comentar
common ground,termo médio
common or garden variety,comum
common purse,bolsa comum
common run,corrida comum
common touch,toque humano
company town,cidade operária
compare and despair,comparar e desesperar
compare notes,comparar anotações
comparison is the thief of joy,A comparação rouba a alegria
compass out,desviar
complete and utter,completo e absoluto
completely and utterly,completamente e totalmente
completely metrizable,completamente mensurável
compliments of the house,cortesia da casa
computationally secure,computacionalmente seguro
computer says no,o computador diz que não
conclusively presumed,suposto conclusivamente
concrete jungle,selva de concreto
condemn to,condenar a
condescend upon,menosprezar
cone off,isolar
confide in,confiar em
conflict out,resolvido
confront one's demons,enfrentar seus demônios
conjure up,evocar
conk off,desligar
conk out,desmaiar
connect the dots,unir os pontos
connect up,conectar
connecting rod,biela
conscience money,dinheiro de consciência
conscious and oriented,consciente e orientado
consenting adult,adulto consentido
conservatively correct,conservadoramente correto
consider it done,Considere que está feito
considering cap,considerando o limite
considering that,considerando que
consist in,consistir em
consist of,consistir em
conspicuous by one's absence,notório pela ausência
cont p.94,continuação página 94
cont p94,continuação página 94
cont. p.94,continuação da página 94
cont. p94,continuação página 94
contain multitudes,contém muitas coisas
contend with,lidar com
continued on page 94,Continua na página 94
continued page 94,página 94 (continuação
contract in,entrar em
contract out,terceirizar
contract out of,sair de
contrary to,ao contrário de
contrary to popular belief,ao contrário do que se acredita
cook back,cozinhar de volta
cook off,cozinhar
cook out,churrasco
cook someone's goose,arruinar os planos de alguém
cook the books,manipular as contas
cook through,cozinhar completamente
cook up,inventar
cook up a storm,cozinhar muito
cooking on gas,cozinhar a gás
cooking with gas,cozinhando a gás
cool cat,gato legal
cool down,resfriar
cool head,cabeça fria
cool heads must prevail,a calma deve prevalecer
cool heads prevail,a razão prevalece
cool heads will prevail,pessoas sensatas prevalecerão
cool off,esfriar
cool one's heels,esperar
cool one's jets,acalmar-se
cool out,relaxar
cooler heads must prevail,a razão deve prevalecer
cooler heads prevail,a razão prevalece
cooler heads prevailed,a razão prevaleceu
cooler heads will prevail,a razão prevalecerá
coon's age,idade de uma raposa
coop in,entrar em
coop up,ficar preso
cop off,desligar
cop off with,sair com
cop on,prender
cop one's whack,roubar
cop oneself on,cobrir-se
cop onto,entender
cop out,desculpa
cope and seethe,lidar e fervecer
cope with,lidar com
copper chopper,picador de cobre
copy down,copiar
copy out,copiar
corbel out,saliente
cordon off,isolar
cork off,descorcar
cork out,descorchar
cork up,entapar
corner the market,dominar o mercado
corner up,canto superior
corporate ladder,carreira profissional
corporate welfare bum,mendigo corporativo
corporation pop,corporação pop
correct me if I'm wrong,corrija-me se estiver errado
cost out,calcular o custo
cost the earth,custar caro
cost up,aumentar o custo
cosy along,aconchegar-se
cosy up,aconchegar-se
cosy up to,aproximar-se
cotton on,entender
cotton on to,entender
cotton onto,entender
cotton to,algodão para
couch down,abaixar
couch potato,Preguiçoso
couch up,cuspir
cough down,tossir para baixo
cough out,tosse
cough over,tossar
cough up,cuspir
could go all day,poderia continuar o dia todo
could have fooled me,poderia ter me enganado
could hear a pin drop,dava para ouvir o som de uma agulha cain…
could I get the bill,Eu poderia receber a conta
could not get elected dogcatcher,não conseguiu ser eleito para o cargo de…
could we get the bill,poderíamos ter a conta
coulda fooled me,me enganou
couldn't be more different,não poderiam ser mais diferentes
couldn't care less,não me importo nem um pouco
couldn't happen to a nicer,não podia acontecer com uma pessoa melho…
couldn't organise a chook raffle,não conseguiria organizar uma rifa de ga…
couldn't organise a two-ticket raffle,não conseguiu organizar uma rifa com ape…
count 'em,conte-os
count against,contar contra
count angels on pinheads,contar anjos em cabeças de alfinetes
count down,contagem regressiva
count in,contar
count noses,contar pessoas
count off,contar
count on,confiar em
count one's blessings,contar as bênçãos
count one's days,contar os dias
count out,contar
count sheep,contar ovelhas
count to five,contar até cinco
count to ten,contar até dez
count to three,contar até três
count towards,contar para
count up,contar
count upon,contar com
countably additive,aditivamente contável
countably infinite,infinitamente contável
country mile,longa distância
couple up,formar um casal
courage of one's convictions,coragem de defender suas convicções
court of public opinion,tribunal da opinião pública
covenant of salt,pacto de sal
cover one's bases,cobrir todas as possibilidades
cover one's feet,cobrir os pés
cover someone's ass,cobrir as costas de alguém
cover up,encobrir
cow juice,leite de vaca
cowboy killer,assassino de cowboys
cowboy shower,chuveiro de cowboy
cowboy up,enfrentar
cowgirl position,posição da cowgirl
Cox and Box,Cox e Box
cozy up,aconchegar-se
cozy up to,aproximar-se
crab mentality,mentalidade de caranguejo
crack a crust,rachar a crosta
crack a fat,rachar
crack a smile,sorrir
crack along,ao longo de
crack down,reprimir
crack hardy,resistente a rachaduras
crack kills,A cocaína mata
crack of dawn,primeira hora da manhã
crack off,rachar
crack on,rachar em
crack one off,beber um
crack onto,paquerar
crack out,rachar
crack through,romper
crack up,rachar
cradle robber,abusador
cradle snatcher,ladrão de casinhos
cram together,amontoar
cramp someone's style,estragar o estilo
cramp up,cãibra
crank off,desligar
crank one out,produzir rapidamente
crank one's hog,dirigir uma moto
crank out,produzir em massa
crank the handle,girar a manivela
crank up,aumentar
crap around,bobagens
crap on,merda em
crap out,fracassar
crap up,sujar
crash course,curso intensivo
crash dive,mergulho rápido
crash in,colidir
crash out,desmaiar
crawl before one walks,engatinhar antes de andar
crawl into a hole,entrar em um buraco
crawl over each other,rastejar uns sobre os outros
crawl with,rastejar com
crazy enough to work,loucura que pode funcionar
crazy up,animar
cream in one's coffee,colocar creme no café
cream in one's jeans,rasgar a calça
cream of the crop,o melhor
cream off,retirar o creme
cream the crop,selecionar o melhor
cream up,cobrir com creme
crease up,enrugar
creature comfort,conforto
creature feature,criatura especial
creature of habit,pessoa de hábitos
creature of statute,criatura jurídica
creature of the night,criatura da noite
credit where credit's due,dar crédito a quem merece
creep in,infiltrar
creep on,perseguir
creep out,deixar desconfortável
creep up,espreitar
creep up on,aproximar-se sorrateiramente
creepy weepy,assustador choroso
crescent spanner,chave inglesa ajustável
crew up,reunir
crime doesn't pay,o crime não compensa
Crimea river,Rio da Crimeia
Crip out,Desaparecer
crip up,melhorar
criss-cross applesauce,sentar com as pernas cruzadas
crit out,criticar
critically damped,amortecimento crítico
crock of gold,pote de ouro
crock off,desligar
crock up,estragar
crocodile tear,lágrima de crocodilo
crony capitalism,capitalismo de camaradagem
crop out,reproduzir
crop up,aparecer
cross lots,muitas vezes
cross my heart,prometo
cross of gold,cruz de ouro
cross off,riscar
cross one's fingers,cruzar os dedos
cross one's mind,passar pela cabeça
cross out,riscar
cross over,atravessar
cross paths,cruzarem caminhos
cross someone's palm,dar uma gorjeta
cross someone's path,cruzar o caminho de alguém
cross swords,cruzar espadas
cross the aisle,atravessar o corredor
cross the line,ultrapassar a linha
cross the Rubicon,cruzar o Rubicão
cross the Thames,atravessar o Tâmisa
cross the Tiber,atravessar o Tibre
cross to bear,fardo a carregar
cross to take up,cruzar para ocupar
cross up,confundir
crotch down,abaixando a virilha
crow over,voar sobre
crow to pick,escolher
crow to pluck,arrancar
crow to pull,puxar
crowd in,aglomeração
crowd in on,aglomeração
crowd out,prevalecer
crowd sail,multidão velejar
crowd together,amontoar
crowd up,aglomeração
cruel mistress,mãe cruel
cruisin' for a bruisin',procurando confusão
cruising for a bruising,procurando confusão
crum up,amassar
crumb down,desmoronar
crumb up,esfarelar
crumble up,esfarelar
crumple up,amassar
crunch numbers,calcular números
crush it,esmagar
crush on,paixão por
crush out,esmagar
cry and seethe,chorar e fervilhar
cry cupboard,armário
cry down,criticar
cry for help,pedir ajuda
cry foul,protestar
cry harder,chore mais
cry in one's beer,chorar por causa de algo
cry it out,chorar para aliviar
cry off,cancelar
cry on,chorar em
cry one's eyes out,chorar copiosamente
cry oneself to sleep,chorar até adormecer
cry out,gritar
cry out for,gritar por
cry over spilt milk,chorar por causa de algo que já acontece…
cry someone a river,fazer drama
cry the blues,fazer um blues
cry up,elogiar
cry wolf,gritar fogo
crying shame,vergonha
crystal clear,muito claro
crystal dick,pênis de cristal
crystally clear,claríssimo
crème de la crème,o melhor dos melhores
cube out,cubo
cuddle up,abraçar
cue in,dar o sinal
cue off,desligar
cue up,preparar
cuff out,dobrar a manga
cuff up,amarrar
culinarily challenged,com dificuldades na cozinha
culminate in,culminar em
culturally appropriative,culturalmente inapropriado
culture hero,herói cultural
cum grano salis,com uma pitada de sal
cup of joe,café
cup of tea,xícara de chá
curate's egg,ovo do curador
curb appeal,atração visual
curb crawler,pegador de carros
cure down,curar
cure up,melhorar
curiosity killed the cat,A curiosidade matou o gato
curiouser and curiouser,mais e mais curioso
curl one off,fazer um movimento de cabelo
curl one out,fazer uma curva
curl someone's hair,encaracolar o cabelo
curl up,enrolar-se
curls for the girls,cachos para as meninas
curry favor,pedir um favor
curse out,xingar
curtain off,cortina
cushion for the pushin',amortecedor
cuss out,xingar
cut a dash,fazer sucesso
cut a deal,fazer um acordo
cut a figure,fazer figura
cut a rug,dançar muito
cut a swath,abrir caminho
cut a wide swath,fazer um grande impacto
cut about,cortar sobre
cut above,acima da média
cut across,atravessar
cut along,corte ao longo
cut and carve,cortar e esculpir
cut and dried,predefinido
cut and thrust,combate corpo a corpo
cut away,cortar
cut away one's soul,cortar a alma
cut back,reduzir
cut bait,desistir
cut below,corte abaixo
cut both ways,ter dois lados
cut corners,economizar
cut down,cortar
cut down the tall poppy,derrubar o valentão
cut down to size,reduzir
cut from the same cloth,feitos do mesmo molde
cut in,cortar
cut into,cortar em
cut it,corte-o
cut it out,pare com isso
cut it up,corte-o
cut loose,libertar
cut of one's jib,agir de forma estranha
cut off,cortar
cut on,corte
cut one loose,libertar
cut one's teeth,começar
cut out,cortar
cut red tape,simplificar a burocracia
cut round,corte redondo
cut someone cold,decepcionar profundamente
cut someone dead,matar alguém
cut someone loose,libertar alguém
cut someone some slack,dar uma folga
cut swathes,cortar faixas
cut the cheese,arrotar
cut the cord,cortar o cordão
cut the mustard,ser bom o suficiente
cut the pigeon wing,cortar a asa da pomba
cut the umbilical cord,cortar o cordão umbilical
cut through,cortar
cut to pieces,cortar em pedaços
cut to the chase,vá direto ao ponto
cut under,cortar por baixo
cut up,cortar em pedaços
cut up nasty,cortar em pedaços feios
cut up rough,estar mal
cut with a knife and fork,cortar com faca e garfo
cutting edge,vanguarda
cycle off,desligar
dab out,esfregar
dab up,limpar
dag out,dia de folga
daily grind,rotina diária
dam up,represar
damn by association,condenado por associação
damn right,Exatamente
damn straight,exatamente
damn the torpedoes,Que se danem os torpedos
damn with faint praise,elogiar com sarcasmo
damp down,suavizar
damp off,murcha
damp squib,frango assado
dampen down,diminuir
dampen off,enfraquecer
dance around,dançar ao redor
dance attendance,frequência de aulas de dança
dance of the seven veils,dança dos sete véus
dance on nothing,dançar no ar
dance on someone's grave,pisar no túmulo de alguém
dance out,dançar para fora
dance with the devil,dançar com o diabo
dandy as candy,ótimo
dandy shandy,cerveja com limonada
dandy up,embelezar
danger is one's middle name,o perigo é o segundo nome dele/dela
danger past and God forgotten,perigo passado e Deus esquecido
dangle after,pendurar depois
Daniel come to judgement,Daniel vem para o julgamento
dap up,dar um tapa
dark cloud,nuvem escura
dark horse,cavalo surpresa
dark up,escurecer
darken a church door,escurecer a porta de uma igreja
darken down,escurecer
darken someone's door,visitar alguém
darken up,escurecer
darn tootin',Com certeza
dart about,correr para cá e para lá
darwaza band,porta fechada
darwaza bund,porta traseira
Darwin out,Darwin fora
das rite,direito
dash down,correr rapidamente
dash off,escrever rapidamente
dash on,aplicar
dash someone's hopes,desapontar alguém
date back,datar de
date out,sair com alguém
date up,atualizar a data
date with destiny,encontro com o destino
daughter of Eve,filha de Eva
daughter out,filha fora
Davy Jones's locker,Fundo do mar
dawn of a new day,alvorecer de um novo dia
dawn of time,alvorecer dos tempos
dawn on,amanhecer
dawn upon,amanhecer sobre
day after day,dia após dia
day and age,época
day and night,dia e noite
day at the beach,dia na praia
day in the sun,dia ensolarado
day lark,cotovia
day of days,dia de dias
day or night,dia ou noite
day out,passeio
day to day,dia a dia
daylight robbery,roubo à luz do dia
days of yore,tempos antigos
de die ad diem,de dia a dia
de minimis non curat lex,A lei não se preocupa com o que é insign…
dead 'n' buried,morto e enterrado
dead against,contra
dead air,silêncio
dead and buried,morto e enterrado
dead asleep,dormindo profundamente
dead cat bounce,rebote de gato morto
dead center,no centro
dead duck,pato morto
dead end,beco sem saída
dead fish,peixe morto
dead giveaway,indício evidente
dead heat,empate
dead inside,morto por dentro
dead last,último lugar
dead loss,prejuízo total
dead meat,carne morta
dead men can tell no tales,mortos não contam histórias
dead men tell no tales,mortos não contam histórias
dead men's shoes,sapatos de mortos
dead of night,meia-noite
dead of winter,meio do inverno
dead on,exato
dead ringer,clone
dead silence,silêncio absoluto
dead soldier,soldado morto
dead to rights,comprovadamente culpado
dead to the world,morto
dead tree edition,edição em papel
deadbeat dad,pai irresponsável
deadstick landing,aterrissagem sem motor
deafening silence,silêncio ensurdecedor
deal a bad hand,dar uma má mão
deal a good hand,distribuir uma boa mão
deal a hand,distribuir as cartas
deal in,negociar
deal it out,distribua
deal out,distribuir
deal to,acordo para
deal with,lidar com
dear diary,querido diário
dear Sir,Prezado Senhor
dear Sir or Madam,Prezado(a) Senhor(a
dear Sir/Madam,Prezado(a) Senhor(a
dear sirs,Prezados senhores
Dear Sirs or Madams,Prezados Senhores ou Senhoras
dear to one's heart,precioso
death and taxes,morte e impostos
death by a thousand paper cuts,morte por mil pequenos cortes
death by PowerPoint,morte por PowerPoint
death is the great leveller,A morte é a grande igualadora
death on,morte de
death rattle,estertor
death warmed up,morte morna
deathbed conversion,conversão no leito de morte
debris field,campo de destroços
December bride,Noiva de dezembro
deceptively misdescriptive,enganosamente impreciso
decide on,decidir
decide upon,decidir
decimal dozen,dúzia decimal
deck out,decorar
deck over,sobre
deck up,decorar
declare against,declarar contra
deep cut,corte profundo
deep dive,análise aprofundada
deep down,no fundo
deep six,descartar
deep thinker,pensador profundo
deep water,água profunda
deer in the headlights,assustado
degrade gracefully,degradar com elegância
delay no more,não demore mais
Delhi belly,Problemas intestinais
delight in,prazer em
deliver on,cumprir
deliver over into,entregar
deliver over to,entregar a
deliver the goods,entregar a mercadoria
deliver the message to Garcia,entregue a mensagem para Garcia
deliver up,entregar
deliver up to,entregar até
Delivered Ex Quay,Entregue na doca
Delivered Ex Ship,Entregue a bordo
democratic wedding,casamento democrático
denial ain't a river in Egypt,negação não é um rio no Egito
denial is a river in Egypt,A negação é um rio no Egito
denial isn't a river in Egypt,A negação não é um rio no Egito
deny of,negar
depart with,partir com
depends who's asking,depende de quem pergunta
Derangement Syndrome,Síndrome da desorganização
descend on,descer sobre
descend upon,descer sobre
desk jockey,funcionário de escritório
desperate times call for desperate measures,em tempos de desespero, medidas extremas
desperate times require desperate measures,em tempos de desespero, medidas extremas…
despite of,apesar de
despite the fact that,apesar de que
detective work,investigação
deuces wild,dois com curinga
devil dancing,dança do diabo
devil in disguise,demônio disfarçado
devil in one's eyes,malícia no olhar
devil is kissing his wife,o diabo está beijando sua esposa
devil lies in the details,o diabo está nos detalhes
devil take the hindmost,que o pior fique por último
devil to pay,preço a pagar
devil's advocate,defensor do diabo
devil's beating his wife,está chovendo canivetes
devil's luck,azar do diabo
devote to,dedicar a
dey play,eles jogam
dial back,reduzir
dial down,diminuir
dial in,discagem
dial into,acessar
dial it in,discar
dial out,ligar
dial towards,discar para
dial up,discar
diamonds are a girl's best friend,Os diamantes são os melhores amigos de u…
diamonds are forever,diamantes são eternos
diarrhea of the mouth,diarreia verbal
dice roll,rolagem de dados
dice up,cortar em cubos
dick about,falar besteira
dick around,perder tempo
dick down,abaixe o pênis
dick milk,leite de homem
dick munch,chupar o pau
dick off,Vai te lascar
dick out,sair
dick up,levantar
dicks before chicks,penis antes de meninas
dicky up,avariado
dictated but not read,Ditado mas não lido
did my back hurt your knife,sua faca machucou minhas costas
did not bat,não rebateu
did the journal factory explode,a fábrica de jornais explodiu
diddle for middle,encher a paciência
die a thousand deaths,morrer mil vezes
die away,desaparecer
die back,murchar
die down,diminuir
die hard,teimoso
die in harness,morrer no trabalho
die liao,morreu
die off,morrer
die on,morrer em
die on one's arse,morrer de tédio
die on the vine,murchar na videira
die out,extinguir-se
die the way one lived,morrer como se viveu
different breed of cat,raça de gato diferente
different drummer,pessoa diferente
different strokes,cada um com suas preferências
different strokes for different folks,Cada um tem seus gostos
differently able,com deficiência
differently abled,pessoas com deficiência
dig a hole for oneself,cavar a própria cova
dig around,cavar
dig deep,investigar a fundo
dig down,cavar
dig in,cave
dig in one's heels,resistir
dig into,investigar
dig on,cave
dig one's heels in,resistir
dig one's own grave,cavar a própria cova
dig oneself in a hole,cavar um buraco
dig out,desenterrar
dig out of a hole,sair de uma enrascada
dig over,cavar
dig round,cavar
dig up,desenterrar
dig up dirt,descobrir segredos
dig yourself,cave você mesmo
digital courage,coragem digital
dike out,dique
dike up,construir uma represa
dim and distant,escuro e distante
dim out,escurecer
dime out,desligar
dime's worth,o valor de um dime
diminishing returns,retornos decrescentes
dine and dash,comer e fugir
dine in,comer no local
dine on ashes,comer cinzas
dine out,jantar fora
dine out on,jantar fora
ding up,tocando
dip a toe into,experimentar um pouco
dip into,mergulhar em
dip one's finger in,mergulhar o dedo em
dip one's toe in,experimentar um pouco
dip one's wick,mergulhar a mecha
dip out,sair
diplomatic flu,gripe diplomática
directly proportional,diretamente proporcional
director of first impressions,diretor de primeira impressão
dirt file,arquivo de configuração
dirt sticks,cola para sujeira
dirty down,sujo
dirty Gertie,Gertie suja
dirty laundry,roupa suja
dirty look,olhar feio
dirty money,dinheiro sujo
dirty pool,piscina suja
Dirty Thirties,Trinta e poucos anos
dirty up,sujar
dirty word,palavrão
dirty work,trabalho sujo
disagree with,discordar
Disgusted of Tunbridge Wells,Indignado com Tunbridge Wells
dish off,prato de servir
dish out,distribuir
dish the dirt,revelar segredos
dish up,servir
dishpan hands,mãos calejadas
dismal science,ciência sombria
dispense with,dispensar
dispose of,descartar
ditch out,descartar
dive in,mergulhar
diversity is perversity,a diversidade é perversidade
divide and conquer,dividir para conquistar
divide up,dividir
divvy up,dividir
divy up,dividir
do a bunk,fazer uma festa
do a number on,enganar
do a slow burn,queimar lentamente
do away with,eliminar
do bears shit in the woods,os ursos fazem cocô na floresta
do by,fazer por
do by halves,fazer pelas metades
do cartwheels,fazer cambalhotas
do down,descer
do drugs,usar drogas
do fish swim,os peixes nadam
do for,fazer por
do ill,fazer mal
do in,fazer
do it tough,faça o difícil
do it up,decorar
do justice,fazer justiça
do me a favour,faça-me um favor
do me a lemon,faça um limão para mim
do not want,não quero
do numbers,faça cálculos
do off,desligar
do one's best,fazer o melhor
do one's business,fazer seus negócios
do one's damnedest,fazer o possível
do one's darnedest,fazer o possível
do one's homework,fazer o dever de casa
do one's own thing,fazer o que quer
do one's own time,fazer o que quiser
do one's utmost,fazer o possível
do or die,tudo ou nada
do out,sair
do out of,sair de
do over,refazer
do porridge,faça mingau
do right by,fazer o bem a
do somebody wrong,fazer algo de errado com alguém
do somebody's dirty work,fazer o trabalho sujo de alguém
do someone like that,gostar de alguém assim
do someone one better,superar alguém
do someone proud,orgulhar alguém
do someone's head in,deixar alguém confuso
do tell,conte-me
do the dash,faça o traço
do the decent thing,faça a coisa certa
do the dirty on,trapacear
do the honors,faça a honra
do the mahi,fazer o trabalho
do the math,faça os cálculos
do the most,faça o máximo
do the needful,faça o necessário
do the right thing,faça a coisa certa
do the talking,fazer a conversa
do the trick,fazer o truque
do the work,faça o trabalho
do up,fazer
do want,quero
do well by doing good,prosperar fazendo o bem
do well for oneself,ter sucesso
do with mirrors,com espelhos
do without,dispensar
do you know what I'm saying,você entende o que estou dizendo
do you know who I am,você sabe quem eu sou
do you mind,você se importa
do you need an invitation,você precisa de um convite
dob in,dobra
dob on,denunciar
doctor up,melhorar
doctors make the worst patients,médicos são os piores pacientes
dodge a bullet,esquivar de uma bala
dodge up,desviar para cima
does Macy's tell Gimbel's,Macy's conta para Gimbel's
does not compute,não calcula
does someone look like,alguém se parece com
dog and cat,cão e gato
dog and pony show,espetáculo
dog around,passear com o cachorro
dog eat dog,competição acirrada
dog in the hunt,cão na caçada
dog in the manger,cão na cocheira
dog my cats,meus cachorros meus gatos
dog out,cão
dog that caught the car,cachorro que pegou o carro
dog who caught the tire,cachorro que pegou o pneu
dog's breakfast,bagunça
dog's chance,chance do cachorro
dog's life,vida de cão
dogs are barking,os cachorros estão latindo
dogs have masters; cats have staff,cães têm donos; gatos têm funcionários
dole out,distribuir
doll up,maquiar
dollar out,desembolso em dólares
dollar up,dólar em alta
dollar-sign eyes,olhos gananciosos
dollars to donuts,dinheiro para doces
Don the Con,Don, o trapaceiro
don't @ me,não me marque
don't ask,não pergunte
don't ask me,Não me pergunte
don't be a stranger,não seja um estranho
don't be that guy,não seja esse tipo de pessoa
don't bite the newbie,não intimide o novato
don't buy green bananas,Não compre bananas verdes
don't change a winning team,não mude uma equipe vencedora
don't count your chickens,não conte com o que ainda não aconteceu
don't count your chicks,não conte com os pintinhos antes que ele…
don't cry over spilled milk,não chore por causa de leite derramado
don't cut yourself on that edge,Não se corte nessa borda
don't do anything I wouldn't do,Não faça nada que eu não fizesse
don't drop the soap,não deixe cair o sabão
don't even think about it,Nem pense nisso
don't feed the troll,Não alimente o troll
don't feed the trolls,Não alimente os trolls
don't fight the tape,não lute contra a fita
don't fish off the company dock,Não pesque no cais da empresa
don't get above your raising,não se ache
don't get me wrong,não me entenda mal
don't get someone started,não faça alguém começar a falar
don't get your hopes up,não se iluda
don't give me that,não me diga isso
don't give up the day job,não abandone o emprego atual
don't give up your day job,não abandone seu emprego atual
don't go there,Não vá lá
don't hold your breath,não espere muito
don't knock yourself out,não se esforce demais
don't know,não sei
don't let the bedbugs bite,que os mosquitos não te mordam
don't look at me,Não me olhe
don't look now,não olhe agora
don't make me laugh,Não me faça rir
don't mention it,não tem de quê
don't mess with success,Não estrague o que está funcionando
don't mind if I do,não me importo
don't pass go,não passe pela casa "vá para a prisão
don't quit your day job,não deixe seu emprego atual
don't quote me,não me cite
don't real,não é real
don't say gay,não diga gay
don't shit in your own nest,Não estrague o que é seu
don't shit where you eat,Não estrague o que você tem
don't shoot the messenger,Não atirem no mensageiro
don't spare the horses,não economize nos cavalos
don't spend it all at once,Não gaste tudo de uma vez
don't sweat it,não se preocupe
don't sweat the small stuff,não se preocupe com ninharias
don't take any wooden nickels,Não aceite moedas de madeira
don't tell me,não me diga
don't touch that dial,Não mexa no botão
don't tread on me,Não me oprimam
don't try this at home,não tente isso em casa
don't worry,Não se preocupe
don't worry your pretty little head,não se preocupe com isso
don't you know,você não sabe
Donald Ducking it,Evitando
donde esta la biblioteca,Onde está a biblioteca
done and dusted,concluído
done deal,Acordo fechado
donkey work,trabalho braçal
donkey's ears,orelhas de burro
donkey's years,muitos anos
dont tread on me,não me oprimam
donut steel,rosquinha aço
doodie up,arrumar-se
doom and gloom,pessimismo
doomy and gloomy,sombrio e melancólico
dope off,desligar
dope out,descobrir
dope sheet,folha de dados
dope up,drogas
dork out,ser nerd
dormitive principle,princípio do sono
dormitive virtue,virtude adormecedora
doss about,sobre
doss around,passear
doss down,desmaiar
doss off,desaparecer
doss out,desistir
dot down,anotar
dot or feather,ponto ou pena
dote over,estar apaixonado
double back,voltar atrás
double booked,duplicado
double bookkeeping,contabilidade de duplicata
double bubble,bolha dupla
double down,dobrar a aposta
double Dutch,holandês por cima
double in brass,trompete
double off,desligar
double over,dobrar-se
double taker,trapaceiro
double tap,toque duplo
double up,dobrar
doubly even,par par
doubly incontinent,duplamente incontinente
doubly infinite,infinitamente dobrado
doubly magic,magicamente dobrado
doubting Thomas,Tomé o incrédulo
douche down,chuveiro de pressão
dowdy up,vestir-se
down and out,sem esperança
down at heel,em decadência
down but not out,para baixo mas não derrotado
down cellar,no porão
down cold,frio
down for the count,derrotado
down home,em casa
down in the dumps,triste
down in the mouth,triste
down line,linha descendente
down on one's knees,de joelhos
down on one's luck,com azar
down on one's uppers,sem dinheiro
down someone's alley,ser do interesse de alguém
down the banks,ao longo das margens
down the cludgie,para baixo
down the drain,pelo ralo
down the gurgler,descer o ralo
down the hatch,pela garganta
down the khazi,no vaso sanitário
down the line,no futuro
down the middle,no meio
down the pan,pelo ralo
down the plughole,pelo ralo
down the road,na estrada
down the shitter,pelo ralo
down the toilet,no vaso sanitário
down the track,ao longo do caminho
down the tube,arruinado
down the tubes,arruinado
down the way,lá embaixo
down the wind,a favor do vento
down to a fine art,aperfeiçoado
down to a science,reduzido a uma ciência
down to earth,pé no chão
down to the short strokes,até os detalhes mínimos
down to the wire,até o último minuto
down tools,parar de trabalhar
down under,Austrália
down with the kids,na moda
doze off,adormecer
draft in,rascunho
draft up,elaborar
drag and drop,arrastar e soltar
drag ass,arrastar o traseiro
drag down,arrastar para baixo
drag in,arrastar
drag into,arrastar
drag on,arrastar
drag one's balls across,arrastar os testículos
drag one's feet,procrastinar
drag out,prolongar
drag the chain,arrastar a corrente
drag through the mud,arrastar pela lama
drag up,arrastar para cima
dragged through the garden,arrastado pelo jardim
drain away,escorrer
drain out,esvaziar
drain the dragon,esvaziar o dragão
drain the python,esvaziar a cobra
drain the snake,esvaziar a cobra
drama king,rei do drama
drama queen,rainha do drama
drape off,despejar
drastic times call for drastic measures,Tempos difíceis exigem medidas extremas
draw a blank,não lembrar
draw a line,desenhar uma linha
draw a line under something,traçar uma linha embaixo de algo
draw a long bow,exagerar
draw a straight furrow,fazer um sulco reto
draw ahead,ir na frente
draw away,afastar-se
draw back,recuar
draw down,retirar
draw even,empatar
draw fire,atrair fogo
draw in,atrair
draw into,atrair
draw off,retirar
draw on,desenhar em
draw one's last breath,morrer
draw out,extrair
draw stumps,desenhar tocos
draw the line,traçar a linha
draw the long bow,exagerar
draw the short straw,ter a má sorte
draw through,desenhar através
draw together,unir
draw up,elaborar
draw upon,recausar
drawing card,carta de sorte
dream come true,um sonho realizado
dream on,sonhe
dream up,imaginar
dredge up,retirar do fundo
dress down,vestir de forma informal
dress off,vestido desabotoado
dress out,vestir
dress to kill,vestir para impressionar
dress up,vestir-se
dressed to kill,bem vestido
dressed to the nines,vestido impecavelmente
dribs and drabs,poucos e dispersos
dried-fish woman,mulher que seca peixe
drift along,flutuar
drift apart,distanciar-se
drift off,desviar
drill and kill,exploração e produção
drill down,analisar detalhadamente
drill in,furar
drill out,furar
drill through,furar
drill up,furar
drink and drive,dirigir embriagado
drink down,beber até o fim
drink from a firehose,receber uma enxurrada de informações
drink in,beber
drink off,beber até acabar
drink out,beber até acabar
drink someone's bathwater,tomar banho na água de alguém
drink to,brindar a
drink under,beber por baixo
drink up,Beba
drink with the flies,beber com as moscas
drinking hole,bebedouro
drinks o'clock,hora de beber
dripping water hollows a stone,a água que goteja escava a pedra
drive a coach and horses through,ignorar completamente
drive a hard bargain,pegar pesado
drive a stake through its heart,espetar um palito no coração dela
drive a wedge,criar divisão
drive at,dirigir a
drive away,afastar
drive back,voltar de carro
drive down,dirigir para baixo
drive in,estacionamento
drive off,sair de marcha
drive out,expulsar
drive someone crazy,enlouquecer alguém
drive someone to drink,fazer alguém beber
drive someone up the wall,irritar muito
drive the porcelain bus,dirigir o ônibus de porcelana
drive to drink,vontade de beber
drive up,dirigir até
drive-by media,mídia superficial
drone on,prolongar
drool bucket,balde para baba
drop a bollock,cometer um erro
drop a bomb,revelar algo chocante
drop a bombshell,revelar algo chocante
drop a brick,derrubar um tijolo
drop a dime,dar um telefonema
drop a hint,dar uma dica
drop a log,deixar um comentário
drop away,afastar-se
drop back,retroceder
drop behind,ficar para trás
drop by,passar
drop down,deslizar
drop in,visita
drop in the bucket,uma gota no oceano
drop in the ocean,gota no oceano
drop in the pond,cair no lago
drop in the sea,cair no mar
drop into,entrar
drop off,descer
drop off the hooks,tirar do gancho
drop off the radar,desaparecer
drop out,desistir
drop round,arredondar
drop someone a line,escrever uma mensagem
drop someone in it,meter alguém em uma enrascada
drop the ball,deixar cair a bola
drop the bomb,revelar
drop the f-bomb,usar palavrões
drop the gloves,tirar as luvas
drop the mic,deixar o microfone cair
drop the pilot,desligar o piloto
drop the topic,mudar de assunto
drop the writ,revogar a ordem judicial
drop top,conversível
drop trow,abaixar as calças
drown out,abafar
drown the miller,afogar o moleiro
drug of choice,droga de escolha
drug on the market,medicamento no mercado
drum into,incutir
drum out,expulsar
drum up,mobilizar
drunk as a skunk,bêbado como uma galinha
drunk words are sober thoughts,palavras bêbadas são pensamentos sóbrios
drunkard's walk,caminhada do bêbado
drunken words are sober thoughts,palavras bêbadas são pensamentos sóbrios
dry behind the ears,distraído
dry eye,olho seco
Dry January,Janeiro sem álcool
dry off,secar
dry one's eyes,enficar os olhos
dry out,secar
dry run,ensaio geral
dry up,secar
dry up and blow away,Secar e desaparecer
dub out,dublar
dub over,dublar
dub up,dublar
duces tecum,com vocês
duck and dive,desviar e esquivar
duck down,abaixar-se
duck off,vá embora
duck or no dinner,pato ou sem jantar
duck out,sair rapidamente
duck soup,moleza
ducked off,desapareceu
ducks and drakes,patos e marrecos
dude up,chegar
due course,devido processo
due to,devido a
due to the fact that,devido ao fato de que
duff up,machucar
duke in,duque em
duke it out,disputar
duke out,lutar
duke up,tornar-se mais ousado
duly noted,Anotei
dumb as a box of rocks,burro como uma porta
dumb as a post,burro como uma porta
dumb down,simplificar
dumb luck,sorte
dumb out,simplificar demais
dumb shit,merda
dummy out,desligar
dummy run,teste piloto
dummy spit,cuspir
dummy up,fingir
dump on,despejar em
dump one's load,descarregar
dump out,despejar
dunk on,ridicularizar
dunk out,fazer uma enterrada
Dunkirk spirit,Espírito de Dunquerque
Dunner stunner,Não sei
durance vile,crueldade
durwaza bund,porta traseira
dust down,limpar a poeira
dust mouse,rato do pó
dust off,tirar a poeira
dust off a batter,sacudir a poeira de um batedor
dust out,limpar a poeira
dust settles,a poeira assenta
dust up,briga
dusty miller,lambareiro
Dutch courage,Coragem líquida
Dutch reckoning,Cálculo holandês
duty calls,o dever chama
dwell upon,refletir sobre
dyed in the wool,de longa data
dying quail,codorna morrendo
dyke out,barragem
dyke up,revestir com terra
dynamite charge,carga de dinamite
e pluribus unum,De muitos, um
E ticket,Bilhete eletrônico
each to his own,cada um com suas preferências
each to their own,cada um com suas preferências
eager beaver,aplicado
eagle eye,olho de águia
eagle out,águia voando
eagle up,águia para cima
ear to the ground,estar atento
ear tunnel,túnel auricular
early bath,banho cedo
early bird,madrugador
earn one's crust,ganhar a vida
earn one's keep,ganhar o sustento
earn out,ganhar
ears are burning,estou ficando com os cabelos em pé
Earth to someone,Alô
earth up,cavando
ease down,diminua a velocidade
ease off,aliviar
ease up,aliviar
easier said than done,mais fácil falar do que fazer
easy as kiss my hand,fácil como beijar minha mão
easy does it,com calma
easy for you to say,fácil para você dizer
easy mark,presa fácil
easy money,dinheiro fácil
easy on the eye,agradável à vista
easy on the eyes,agradável à vista
easy peasy Japanesey,muito fácil
easy peasy lemon squeezy,muito fácil
easy pickings,vitória fácil
easy street,vida fácil
eat and leave no crumbs,comer e não deixar migalhas
Eat at Joe's,Coma no Joe's
eat away,corroer
eat away at,corroer
eat crow,engolir o orgulho
eat dirt,comer terra
eat down,comer
eat for two,comer por dois
eat humble pie,engolir o orgulho
eat in,comer dentro
eat into,consumir
eat it,coma isso
eat my shorts,Coma minhas calças
eat one's feelings,comer pelas emoções
eat one's gun,morder a arma
eat one's hat,comer o chapéu
eat one's head off,ficar furioso
eat one's heart out,comer que nem um passarinho
eat one's own,comer a própria carne
eat one's own dog food,usar o próprio produto
eat one's seed corn,gastar o capital de giro
eat one's Wheaties,ser muito bom em algo
eat one's young,comer os próprios filhos
eat out,comer fora
eat out of someone's hand,estar a serviço de alguém
eat shit,coma merda
eat someone's dust,comer poeira
eat someone's lunch,comer o almoço de alguém
eat the mic,comer o microfone
eat the onion,coma a cebola
eat the rich,comam os ricos
eat up,comer
eat up with a spoon,comer com uma colher
eaten bread is soon forgotten,pão comido logo é esquecido
ebb and flow,maré e refluxo
ecologically friendly,ecologicamente correto
economical with the truth,mentiroso
Eddie would go,Eddie iria
edge in,borda em
edge of the earth,fim do mundo
edge of the world,fim do mundo
edge out,superar por pouco
edge up,aproximar-se
edit in,editar
edit out,editar
eff and jeff,ef e jeff
eff off,Vai te catar
eff up,errar
eff why eye,e por que eu
effluxion of time,fluxo do tempo
egg on,incentivar
eggs in moonshine,ovos em aguardente
eid mubarak,Feliz Eid
either do or die,ou faz ou morre
ejaculate and evacuate,ejacular e evacuar
ejusdem generis,do mesmo gênero
eke out,conseguir
El Tel,O Tel
elbow grease,esforço
elbow mentality,mentalidade de cotovelada
elbows up,cotovelos para cima
electronic superhighway,autoestrada eletrônica
element of surprise,elemento surpresa
elephant in the room,elefante na sala
eleventh hour,último momento
Elvis has left the building,Elvis já saiu do palco
Elysian Fields,Campos Elísios
embarrassingly parallel,paralelamente de forma constrangedora
embarrassment of riches,excesso de opções
embrace the penguin,abraçar o pinguim
emotional cripple,deficiente emocional
emperor's new clothes,a roupa nova do imperador
emphasize everything and nothing is emphasized,enfatizar tudo e nada é enfatizado
empty barrels make the most noise,Barril vazio faz muito barulho
empty cans make the most noise,Latas vazias fazem mais barulho
empty out,esvaziar
empty suit,fantoche
empty the clip,esvaziar o carregador
empty the tank,esvaziar o tanque
empty vessels make the most noise,As panelas vazias fazem mais barulho
empty vessels make the most sound,Recipientes vazios fazem mais barulho
empty words,palavras vazias
en croix,em cruz
en route,a caminho
en route to,a caminho de
end in,terminar em
end in smoke,terminar em fumaça
end in tears,terminar em lágrimas
end of,fim
end of discussion,fim da discussão
end of story,fim da história
end of the line,fim da linha
end of the world,fim do mundo
end off,terminar
end out,finalizar
end up,terminar
endorse out,aprovar sair
Energizer bunny,Coelhinho Energizer
engage in,participar
engage with,interagir com
English or Spanish,Inglês ou espanhol
enjoy your meal,bom apetite
enlarge up,aumentar
enough is enough,já chega
enough is too much,o suficiente é demais
enough said,disse tudo
enough to choke a horse,suficiente para matar um cavalo
enough to go around,suficiente para todos
enough to make a cat laugh,o suficiente para fazer um gato rir
enough to make the angels weep,suficiente para fazer os anjos chorarem
enough to put in one's eye,irritante
enquire after,perguntar sobre
enter into,entrar em
enter on the boards,entrar no palco
environmental storytelling,narrativa ambiental
environmentally friendly,ecologicamente correto
equal pay for equal work,igualdade salarial
Erin go bragh,Que Erin tenha sucesso
err on the side of,pegar no seguro
err on the side of caution,ser prudente
error out,dar erro
escape fire,escapar do fogo
esprit de corps,espírito de equipe
est modus in rebus,há uma ordem nas coisas
esthetically challenged,com falta de estética
et al,e outros
et al.,e outros
et alia,e outros
et aliae,e outros
et alibi,alibi
et alii,e outros
et alios,e outros
et cetera,e assim por diante
et con,e com
et con.,e com
et conjunx,cônjuge
et hoc genus omne,e tudo o mais
et id genus omne,e isso é todo o gênero
et pass.,passagem
et passim,e assim por diante
et seq.,e seguintes
et seqq.,e seguintes
et sim.,e sim
et uxor,e a esposa
eternal sleep,sono eterno
eternal triangle,triângulo amoroso
ethically challenged,com problemas de ética
ethnically challenged,com dificuldades de relacionamento com p…
eureka moment,momento de descoberta
even a worm will turn,Até uma minhoca se revira
even Homer nods,Até o próprio Homero se engana
even Jove nods,Mesmo Jove acena
even keel,equilíbrio
even money,empoigado
even steven,empate
even the score,empatar
evenly divisible,divisível igualmente
everlasting staircase,escada eterna
every accusation is a confession,toda acusação é uma confissão
every barrel has a rotten apple,em todo barril há uma maçã podre
every bit,cada pedacinho
every cloud,toda nuvem
every cloud has a silver lining,nem toda nuvem tem lado negro
every day is a school day,Todo dia é uma oportunidade de aprendiza…
every dog has his day,cada cão tem seu dia
every dog has its day,cada cão tem seu dia
every dog must have his day,Todo cão tem seu dia
every dog must have its day,todo cão tem seu dia
every good boy deserves favor,todo garoto bom merece favor
every good boy deserves favour,todo bom menino merece favor
every good boy deserves food,todo menino bom merece comida
every good boy deserves fudge,todo garoto bom merece um doce
every good boy deserves fun,todo garoto bom merece diversão
every good boy does fine,todo garoto bom se comporta bem
every inch,cada centímetro
every Jack has his Jill,Cada Jack tem a sua Jill
every king needs a queen,todo rei precisa de uma rainha
every last,cada último
every law has a loophole,toda lei tem uma brecha
every law has its loophole,toda lei tem uma brecha
every little bit helps,todo ajuda
every little helps,tudo ajuda
every man for himself,cada um por si
every man for hisself,cada um por si
every man has a price,todo homem tem um preço
every man has his price,todo homem tem o seu preço
every man Jack,todo mundo
every old nook and cranny,cada canto e recanto
every rose has a thorn,toda rosa tem um espinho
every rose has its thorn,toda rosa tem seu espinho
every rule has an exception,toda regra tem uma exceção
every shut eye isn't asleep,nem todo cochilo é sono profundo
every silver lining has a cloud,nem toda notícia boa vem sem um lado rui…
every single time,sempre
every so often,de vez em quando
every stick has two ends,todo pedaço tem duas pontas
every time,sempre
every time one farts,sempre que alguém arrota
every time one turns around,sempre que alguém se vira
every woman for herself,cada mulher por si mesma
every woman Jill,toda mulher Jill
Every. Single. Time.,Sempre
everybody and his brother,todo mundo e mais o irmão
everybody and his mother,todo mundo e mais o quê
everybody and their dog,todo mundo e mais o quê
everybody who is anybody,todo mundo que é alguém
everybody who's anybody,pessoas importantes
everyone and his mother,todo mundo e mais o quê
everything and the kitchen sink,tudo e mais um pouco
everything but the kitchen sink,tudo e mais um pouco
everything happens for a reason,tudo acontece por um motivo
everything in the garden is lovely,tudo no jardim é lindo
everything in the garden is rosy,tudo está bem
everything is everything,tudo é tudo
everything is rosy in the garden,tudo está bem no jardim
everything old is new again,Tudo o que é velho se torna novo
everything one touches becomes gold,tudo o que toca se transforma em ouro
everything one touches becomes shit,tudo o que se toca vira esterco
everything one touches turns to gold,tudo o que toca se transforma em ouro
everything one touches turns to shit,tudo o que toca vira esterco
everything under the sun,tudo o que existe
evil to him that evil thinks,o mal para aquele que pensa em mal
evil twin,gêmeo maligno
ex abundante cautela,com extrema cautela
ex nihilo,do nada
ex nihilo nihil fit,do nada não se faz nada
ex opere operato,por meio da própria ação
ex pede Herculem,do pé de Hércules
ex tunc,desde então
ex vi termini,por força do termo
except for,exceto por
except that,exceto que
exceptio non numeratae pecuniae,exceção para pequenas quantias
exceptio quod metus causa,exceção por motivo de medo
excess baggage,bagagem extra
exchange contracts,trocar contratos
exchange flesh,trocar carne
exchange of contracts,troca de contratos
excuse me,com licença
excuse you,com licença
exempli gratia,por exemplo
exeunt omnes,todos saem
exit stage left,sair do palco à esquerda
expand one's horizons,alargar os horizontes
expensive drunk,bêbado caro
experience is the best teacher,a experiência é a melhor professora
explain away,explicar
expose oneself,expor-se
express elevator,elevador expresso
expressio unius est exclusio alterius,expressão de um é a exclusão de outro
exsqueeze me,Com licença
extend one's hand,estender a mão
extra pair of hands,mãos extras
extract the urine,coletar a urina
extraordinary claims require extraordinary evidence,afirmações extraordinárias exigem evidên…
eye for an eye,olho por olho
eye in the sky,olho no céu
eye of the beholder,está nos olhos de quem vê
eye of the storm,olho do furacão
eye sex,sexo oral
eye up,olhar
eyes on the ground,olhos no chão
eyes on the prize,foco no objetivo
F in the chat,F no chat
F off,Vai te catar
f/8 and be there,f/8 e esteja lá
face down,de bruços
face facts,enfrentar a realidade
face off,enfrentamento
face out,de frente
face that would stop a clock,rosto que pararia um relógio
face the music,enfrentar as consequências
face to face with,cara a cara
face up,de frente
face up to,enfrentar
face value,valor nominal
faceless bureaucrat,burocrata anônimo
faceless man,homem sem rosto
fack off,Vai à merda
fact is,é um fato
fact is stranger than fiction,a realidade é mais estranha que a ficção
fact of life,fato da vida
factor in,considerar
factor out,fatorar
factor space,espaço fatorial
factor through,fatorar
facts and figures,dados e estatísticas
facts don't care about your feelings,os fatos não se importam com seus sentim…
facts on the ground,realidades no terreno
facts speak louder than words,os fatos falam mais alto que as palavras
fade away,desaparecer
fade in,aparecer gradualmente
fade out,desvanecer
faff about,se atrapalhar
faff around,se atrapalhar
fag out,cansaço
fail at life,fracassar na vida
fail of,falha
fail out,reprovar
fail over,failover
fail up,fracassar e ser promovido
fail upwards,ascender apesar dos fracassos
failure is the best teacher,o fracasso é o melhor professor
failure to launch,falha em decolar
faint heart ne'er won fair lady,Um coração fraco nunca conquistou uma da…
faint heart never won fair lady,Um coração fraco nunca conquistou uma da…
faint heart never won fair maiden,Um coração fraco nunca conquistou uma do…
fair and square,de forma justa
fair coin,moeda honesta
fair crack of the whip,ser rigoroso
fair enough,justo
fair exchange is no robbery,Justa troca não é roubo
fair game,jogo justo
fair is fair,justiça para todos
fair off,justo
fair play,jogo limpo
fair sex,beleza feminina
fair shake,oportunidade justa
fair share,parte justa
fair to middling,mais ou menos
fair up,melhorar
fair's fair,justo é justo
fair-haired boy,menino loiro
fair-weather fan,torcedor de ocasião
fair-weather friend,amigo da emergência
fairly and squarely,de forma justa e direta
fairy money,dinheiro de fada
faites vos jeux,façam suas apostas
faith can move mountains,a fé pode mover montanhas
faith will move mountains,a fé pode mover montanhas
fake it till one makes it,fingir até conseguir
fake out,enganar
fake up,inventar
fall about,cair por toda
fall apart,desmoronar
fall around,cair por perto
fall asleep,adormecer
fall at the last hurdle,derrotar-se na última etapa
fall away,afastar-se
fall back,recuar
fall back into,recair em
fall back on,recorrer a
fall back upon,recorrer a
fall behind,ficar para trás
fall below,cair abaixo
fall between the cracks,cair em esquecimento
fall between two stools,ficar mal resolvido
fall by,cair por
fall by the wayside,cair no esquecimento
fall down,cair
fall down on,cair em cima de
fall for,apaixonar-se por
fall foul,desagradar
fall from grace,queda em desgraça
fall in,cair em
fall in line,alinhar-se
fall in with,aderir
fall into,cair em
fall into a trap,cair em uma armadilha
fall into line,alinhar-se
fall into oneself,mergulhar em si mesmo
fall into place,cair no lugar
fall into someone's lap,cair no colo de alguém
fall into the wrong hands,cair em mãos erradas
fall off,cair
fall off a truck,cair de um caminhão
fall off one's chair,caír da cadeira
fall off one's perch,cair do galho
fall off the turnip truck,cair do caminhão de repolho
fall off the twig,morrer jovem
fall off the wagon,recair
fall on,cair em
fall on a grenade,cair em uma granada
fall on one's face,cair de cara
fall on one's sword,assumir a responsabilidade
fall on someone's neck,abraçar alguém com força
fall out,brigar
fall out upon,cair sobre
fall over,cair
fall over oneself,cair em cima de si mesmo
fall short,falhar
fall through,cair
fall through the cracks,cair no esquecimento
fall to,cair em
fall to pieces,desmoronar
fall together,cair juntos
fall under,cair sob
fall up,cair para cima
fall upon,cair sobre
fall victim,ser vítima
falling off the bone,caindo do osso
falling out,discussão
false alarm,falso alarme
false light,luz falsa
false note,falsa nota
familiarity breeds contempt,A familiaridade gera o desprezo
family jewels,joias de família
fan dance,dança de leques
fan out,espalhar
fan the flames,alimentar a chama
fancy one's chances,acreditar ter boas chances
fancy seeing you here,que bom te ver aqui
fancy up,deixar mais elegante
fanny about,ridículo
fanny around,perder tempo
fans are slans,ventiladores
fap off,masturbar
far and away,de longe
far and wide,longe e perto
far be it,que fique bem claro
far cry,muito distante
far far away,muito longe
far from it,longe disso
far post,segunda trave
far removed,distante
fare thee well,adeus
farm down,fazenda
farm nigger,negro da fazenda
farm out,terceirizar
farmer's tan,bronzeado do agricultor
fart about,falar besteira
fart around,perder tempo
fart fan,fã de flatulência
fart in a windstorm,uma insignificância
fart in an elevator,arrotar em um elevador
fart off,vá embora
fart out,arrotar
fas est et ab hoste doceri,É melhor aprender até com o inimigo
fash one's thumb,dobrar o polegar
fashionably late,com atraso
fast and furious,rápido e furioso
fast asleep,dormindo profundamente
fast sheet,folha rápida
fast times,tempos rápidos
fasten down,aperte os cintos
fasten up,apresse-se
fat as a barrel,gordo como um barril
fat as a pig,gordo como um porco
fat cat,gato gordo
fat chance,muita improvabilidade
fat finger,dedo gordo
fat is flavor,A gordura é sabor
fat is flavour,A gordura é sabor
fat lip,lábio inchado
fat of the land,o melhor da terra
fat up,engordar
fatten up,engordar
fatty boombalatty,gordo
Faustian bargain,Pacto de Fausto
Faustian deal,Pacto de Fausto
Faustian dilemma,Dilema de Fausto
faux queen,falsa rainha
favorite person,pessoa favorita
fawn over,elogiar excessivamente
fear not,não tenha medo
feast or famine,alternância de fartura e escassez
feather in one's cap,uma conquista
feather one's nest,fazer fortuna
feathered friend,amigo emplumado
feathered oof-bird,pássaro emplumado
featherless biped,bípede sem penas
fed up,Cansado
fed up to the back teeth,Cansado até a alma
fed up to the teeth,Cansado até a alma
federal case,processo federal
fee simple absolute in possession,propriedade plena e irrestrita com posse…
feed back,feedback
feed into,contribuir para
feed off,alimentar-se de
feed on,alimentar-se de
feed the dragon,alimentar o dragão
feed the fire,alimentar o fogo
feed the meter,alimentar o medidor
feed the troll,alimentar o troll
feed through,passar por
feed two birds with one scone,matar dois coelhos com uma cajadada
feed up,Cansado
feeding frenzy,frenesi alimentar
feel around,tatear
feel for,sentir por
feel free,sinta-se à vontade
feel like,sentir-se
feel like death,Me sentir morrer
feel one's way,tatear
feel oneself,sentir-se
feel out,descobrir
feel someone's collar,sentir o colarinho de alguém
feel the pinch,sentir o aperto
feel up,sentir-se bem
feels before reals,sente antes de ver
feels over reals,sentimentos versus fatos
feet dry,pés secos
feet first,de cabeça para baixo
feet of clay,pés de barro
feet wet,molhado até os pés
fence in,cercar
fence off,cercar
fence the tables,cercar as mesas
fencepost problem,problema da estaca
fend and prove,defender e provar
fend away,afastar
fend for oneself,se virar sozinho
fend off,afastar
ferret about,investigar
ferret around,investigar
ferret out,investigar
fertile as a turtle,fértil como uma tartaruga
fess up,confessar
fetch a compass,buscar uma bússola
fetch about,buscar
fetch and carry,buscar e levar
fetch away,levar embora
fetch in,buscar em
fetch off,pegar
fetch up,buscar
fetch way,buscar caminho
fetus deletus,feto removido
fever pitch,ponto de ebulição
few and far between,raros
few sandwiches short of a picnic,um pouco louco
fiat lux,que haja luz
fickle mistress,amante inconstante
fiddle about,mexer
fiddle around,brincar
fiddle away,perder tempo
fiddle while Rome burns,distrair-se enquanto Roma arde
fiddle with,brincar
fie away,vá embora
field day,dia de campo
field off,desligar
field out,campo
field up,campo elevado
fiercen up,acenda
fifth wheel,peça extra
fifty-cent tour,tour de cinquenta centavos
fig out,descobrir
fight a losing battle,lutar uma batalha perdida
fight back,lutar
fight down,lutar contra
fight fire with fire,lutar com os mesmos métodos
fight fires,combater incêndios
fight for one's life,lutar pela vida
fight it out,disputar
fight like hell,lute como um louco
fight off,combater
fight one's corner,defender seus interesses
fight out,lutar
fight shy,ser tímido
fight up,lutar
fighting chance,chance de sucesso
fighting spirit,espírito de luta
figure away,descobrir
figure on,calcular
figure out,descobrir
figure up,calcular
file away,arquivar
file down,lixar
file in,arquivo
file off,lixar
file off the serial numbers,remover os números de série
file out,preencher
file past,arquivo anterior
file with,arquivo com
fill and fly,encher e voar
fill away,preencher
fill in,preencher
fill in the blank,preencher a lacuna
fill one's boots,encher os bolsos
fill one's face,encher a cara
fill one's hand,encher a mão
fill or kill,encher ou destruir
fill out,preencher
fill someone's shoes,assumir o lugar de alguém
fill up,encher
film at 11,notícia das 11 horas
film at eleven,notícia das onze
film out,reproduzir
filter down,filtrar
filter out,filtrar
filter up,filtrar para cima
filthy lucre,lucro sujo
filthy rich,muito rico
final cut,corte final
final nail in the coffin,o golpe final
final say,última palavra
find another gear,encontrar outra marcha
find fault,encontrar falhas
find forth,encontrar
find in,encontrar em
find it in one's heart,encontrar no coração
find it in oneself,encontrar dentro de si mesmo
find no bones in,não encontrar ossos em
find one's feet,encontrar o seu lugar
find one's place,encontrar seu lugar
find one's tongue,encontrar a voz
find one's voice,encontrar a própria voz
find oneself,encontrar-se
find out,descobrir
find the net,encontre a rede
find your height,encontre sua altura
fine and dandy like sour candy,ótimo e maravilhoso como um doce azedo
fine feathers make fine birds,Asas bonitas fazem dos pássaros aves bel…
fine line,linha tênue
fine print,letras miúdas
fine words butter no parsnips,palavras bonitas não enchem a barriga
fine-feathered friend,amigo emplumado
finer things,coisas mais refinadas
finest hour,momento mais alto
finger in the pie,meter os dedos na massa
finger on the pulse,estar a par
finger pointing at the moon,apontar o dedo para a lua
finger to the wind,sentir o vento
fingers and toes crossed,dedos cruzados
fingers crossed,com os dedos cruzados
fingers were made before forks,Os dedos vieram antes dos garfos
finish off,terminar
finish out,terminar
finish up,terminar
finish with,terminar com
fink out,covarde
fire at will,dispare à vontade
fire away,dispare à vontade
fire drill,simulacro de incêndio
fire hose,mangueira de incêndio
fire in the belly,entusiasmo
fire off,disparar
fire on all cylinders,funcionando perfeitamente
fire out,despedir
fire sale,liquidação de estoque
fire the starting gun,disparar o tiro de partida
fire up,acender
firing line,linha de tiro
firing on all cylinders,funcionando perfeitamente
firm up,consolidar
first among equals,primeiro entre iguais
first and foremost,acima de tudo
first and last,primeiro e último
first annual,primeira edição anual
first catch your hare,primeiro, pegue seu coelho
first loser,primeiro perdedor
first love,primeiro amor
first mile,primeira milha
first of all,primeiramente
first of never,primeiramente
first off,primeiramente
first port of call,primeiro porto de escala
first thing's first,Primeiramente
first things first,primeiramente
first up,primeiro
first-mover disadvantage,desvantagem de quem chega primeiro
fish and chips,peixe com batatas fritas
fish down,peixe para baixo
fish in troubled waters,pescar em águas turvas
fish one's wish,realizar um desejo
fish or cut bait,ou está ou sai
fish out,pescar
fish out of water,peixe fora d'água
fish to fry,assuntos para resolver
fish up,pescar
fish-eating grin,sorriso de predador
fishing expedition,expedição de pesca
fist magnet,ímã de punho
fit as a fiddle,em ótima forma
fit for a king,digno de um rei
fit in,encaixar
fit into,caber
fit out,equipar
fit the bill,atender aos requisitos
fit to be tied,furioso
fit to wake the dead,que ressuscitaria os mortos
fit together,encaixar
fit up,montar
fits and starts,com altos e baixos
five will get you ten,com cinco você ganha dez
fix on,fixar
fix someone's wagon,consertar a carroça de alguém
fix to,consertar
fix up,consertar
fix upon,fixar em
fizz out,enfraquecer
fizzle out,fracassar
flag away,afastar
flag down,acenar
flag up,sinalizar
flail about,agitar-se
flake down,descascar
flake off,descascar
flake out,desligar
flame out,apagar
flame up,acender
flannelled fool,idiota metódico
flap off,descolar
flap one's gums,bater as gengivas
flare out,alargar
flare up,inflamar
flash around,exibir
flash back,lembrança
flash for cash,fotografar por dinheiro
flash over,explodir
flash the ash,mostrar a cinza
flash the cash,exibir dinheiro
flash up,aparecer rapidamente
flat as my hat,achatado como meu chapéu
flat as your hat,chato como uma tábua
flat chat,no máximo
flat down,achatar
flat is justice,justiça
flat on one's back,deitado de costas
flat out,totalmente
flat strap,tira plana
flatten down,achatar
flatten out,achatar
flavor of the week,sabor do momento
flavor up,realçar o sabor
flea in one's ear,dar um fora
fleet up,acelerar
flesh and blood,carne e osso
flesh one's maiden sword,experimentar
flesh out,detalhar
flex off,desligar
flex on,exibir
flex out,flexionar
flex up,flexionar
flick off,apagar
flick on the afterburners,ativar os pós-combustores
flick over,folhear
flick through,folhear
flight of fancy,fuga da realidade
fling off,jogar fora
fling out,jogar para fora
flip off,dar o dedo
flip one's lid,perder a cabeça
flip one's wig,pirar a cabeça
flip out,pirar
flip over,virar
flip shit,perder a paciência
flip the bird,mostrar o dedo
flip through,folhear
flirt with,flertar
float around,flutuar
float at,flutuar em
float someone's boat,agradar a alguém
flock together,juntar-se
flog a dead horse,insistir em vão
flog a dead pony,insistir em algo inútil
flog the dolphin,espancar o golfinho
flog the log,bater no tronco
flood out,inundar
flood the zone,inundar a área
floor it,pisar no acelerador
floor one could eat off,limpo o suficiente para comer no chão
flop down,jogar-se
flop for,fracassar para
floppy infant syndrome,síndrome do bebê hipotônico
flotsam and jetsam,detritos marítimos
flout at,desprezar
flow from,fluir de
flow out,escoar
flower of the flock,flor do rebanho
flub up,cometer um erro
fluff about,bobagem sobre
fluff off,descartar
fluff out,inchar
fluff up,inchar
fluke out,azar
fluke up,errar
flump down,afundar
flunk out,reprovar
flush out,eliminar
flute around,passear
flutter in the dovecote,movimentação no pombal
flutter the dovecote,agitar o pombal
fly apart,desfazer-se
fly at,voar em
fly blind,voar no escuro
fly by,voar por
fly in,voar para
fly in the face of,ir contra
fly in the ointment,um ponto negativo
fly into,chegar a
fly low,voar baixo
fly off,voar
fly off at a tangent,desviar do assunto
fly off the handle,perder a calma
fly off the shelves,acabar rapidamente
fly on the wall,observador discreto
fly out,viajar de avião
fly out of the blocks,começar bem
fly out of the traps,começar rapidamente
fly solo,viajar sozinho
fly the flag,exibir a bandeira
fly too close to the sun,voar perto demais do sol
fly under the radar,passar despercebido
fly up,voar para cima
fly upon,voar sobre
flying start,início promissor
flying visit,visita rápida
fo sheezy,ele é esperto
fo shizzle,não sei
fo sho,com certeza
fo' sheezy,ela é poderosa
fo' sho',com certeza
foam up,espumar
fob off,enganar
fog a mirror,embaçar um espelho
fog out,nebulização
fog up,embaçar
fogged out,embaciado
foist off,impor
fold away,dobrável
fold down,dobrar para baixo
fold like a cheap suit,desmoronar
fold one's tent,dobrar a barraca
fold out,desdobrar
fold under zero pressure,dobrar sob pressão zero
fold up,dobrar
folk devil,demônio folclórico
follically challenged,com problemas de cabelo
follicly challenged,com problemas de cabelo
follicularly challenged,com problemas de folículos
follow along,seguir
follow on,seguir
follow someone off a cliff,seguir alguém até um precipício
follow suit,seguir o exemplo
follow the crowd,seguir a multidão
follow the money,siga o dinheiro
follow through,cumprir
follow to the grave,seguir até o túmulo
follow up,acompanhamento
follow up on,dar seguimento
following along,seguindo
food baby,gordura da gravidez
food chain,cadeia alimentar
food for thought,alimento para a reflexão
food noise,barulho de comida
fool about,brincar
fool along,enganar
fool around,brincar
fool away,desperdiçar
fool me once,enganem-me uma vez
fool up,enganar
fool with,brincar com
fool's bargain,negócio desvantajoso
fool's errand,tarefa inútil
fool's paradise,ilusão
fools rush in,os tolos se precipitam
foot the bill,pagar a conta
foot up,pé para cima
foot voting,voto com os pés
foot-in-mouth disease,doença do pé na boca
footle about,brincar
footle around,brincar
footle away,desperdiçar
for a change,para uma mudança
for a fact,de fato
for a laugh,para dar uma risada
for a minute,por um minuto
for a song,por uma música
for Africa,para a África
for all intents and purposes,para todos os efeitos
for all money,para todo o dinheiro
for all of someone,para alguém
for all one is worth,com todas as forças
for all one knows,para tudo o que se sabe
for all practical purposes,na prática
for all somebody knows,para tudo o que alguém sabe
for all someone cares,para todos os efeitos
for all that,apesar disso
for all the world,para todo o mundo
for all the world to see,para que todos vejam
for all time,para sempre
for another thing,por outro lado
for any sake,por qualquer motivo
for any sakes,por qualquer motivo
for beans,para feijão
for best,para o melhor
for better or worse,para o bem ou para o mal
for Britain,para a Grã-Bretanha
for cause,por motivo
for certain,com certeza
for chrissake,pelo amor de Deus
for crying out loud,por favor
for days,por dias
for dear life,com todas as forças
for England,para a Inglaterra
for example,por exemplo
for fake,falso
for fear of,por medo de
for fear that,com medo de que
for free,de graça
for fuck's sake,pelo amor de Deus
for fucking out loud,para o inferno
for fudge's sake,pelo amor de Deus
for good,para sempre
for good and all,de uma vez por todas
for good measure,por garantia
for good or ill,para o bem ou para o mal
for goodness' sake,pelo amor de Deus
for goodness' sakes,pelo amor de Deus
for goodness's sake,pelo amor de Deus
for grins,para rir
for heaven's sake,por favor
for hellery,para hellery
for instance,por exemplo
for Ireland,para a Irlanda
for keeps,de vez
for kicks,por diversão
for lack of,por falta de
for lack of trying,por falta de esforço
for laughs,para rir
for life,para a vida toda
for long,por muito tempo
for love nor money,de graça ou por dinheiro
for me and not for thee,para mim e não para ti
for mercy's sake,por piedade
for my money,para mim
for my sins,pelos meus pecados
for name's sake,pelo nome
for no good reason,sem motivo válido
for nothing,de graça
for old sake's sake,por velhos tempos
for old time's sake,pela nostalgia
for old times' sake,por nostalgia
for old times' sakes,pela nostalgia
for once,uma vez
for once and for all,de uma vez por todas
for one thing,por um lado
for one's foams,para as espumas de alguém
for one's heart,para o coração
for one's life,pela vida
for one's liking,a gosto
for one's own hand,por conta própria
for one's own part,por conta própria
for one's part,por sua parte
for one's particular,particular
for one's trouble,para compensar o esforço
for Pete's sake,pelo amor de Deus
for pity's sake,por favor
for real and for true,de verdade
for real life,para a vida real
for reasons,por motivos
for rent,para alugar
for sake of,por causa de
for sale,à venda
for Scotland,para a Escócia
for shame's sake,por vergonha
for sheezy,para ela
for shit,para o caralho
for shits and giggles,por diversão
for shits and grins,por diversão
for short,resumidamente
for show,para exposição
for some reason,por alguma razão
for someone,para alguém
for sour apples,para maçãs azedas
for sure,com certeza
for that matter,aliás
for the ages,para todas as eras
for the asking,de graça
for the best,para o melhor
for the better,para melhor
for the birds,inútil
for the book,para o livro
for the cheap seats,para os lugares mais baratos
for the children,para as crianças
for the chop,para o abate
for the craic,para se divertir
for the foreseeable,para o futuro próximo
for the fuck of it,por diversão
for the fun of it,pela diversão
for the Gipper,pelo Gipper
for the gods,para os deuses
for the heck of it,por diversão
for the hell of it,por diversão
for the high jump,para o salto em altura
for the last time,pela última vez
for the life of one,pela vida de alguém
for the lols,para dar risada
for the lolz,pela diversão
for the lose,para perder
for the loss,pela perda
for the love of,pelo amor de
for the love of me,por amor a mim
for the love of the game,pelo amor do jogo
for the lulz,pela diversão
for the main,para o principal
for the mean time,enquanto isso
for the meantime,enquanto isso
for the most part,na maioria das vezes
for the nonce,por enquanto
for the plot,para a trama
for the present,por enquanto
for the record,para constar
for the rest,para o resto
for the sake of,por causa de
for the taking,para levar
for the time being,por enquanto
for the want of,por falta de
for the win,para a vitória
for the world,para o mundo
for the worse,para pior
for this once,disto uma vez
for toffee,para chiclete
for two pins,para dois alfinetes
for very shame's sake,por vergonha alheia
for Wales,para o País de Gales
for want of,por falta de
for weal or woe,para o bem ou para o mal
for what it's worth,para o que der e parecer
for worlds,para mundos
for XYZ reasons,por motivos de XYZ
for ya,para você
for your eyes only,somente para seus olhos
for your information,para sua informação
forbidden fruit,fruto proibido
forbidden fruit is the sweetest,A fruta proibida é a mais doce
force down someone's throat,impor a alguém
force in,força em
force of habit,força do hábito
force out,expulsar
force someone's hand,forçar a mão de alguém
forever and a day,para sempre e um dia
forewarned is forearmed,Quem está prevenido está mais preparado
forge ahead,seguir em frente
forge over,superar
forget about,esqueça
forget it,esqueça
forget oneself,esquecer-se
forget you,esqueça você
forgive and forget,perdoar e esquecer
forgive but don't forget,perdoe mas não esqueça
fork found in kitchen,garfo encontrado na cozinha
fork off,desviar se
fork out,pagar
fork over,pagar
forked tongue,língua bifurcada
fort up,fortificar
fortune favors the bold,a sorte favorece os audazes
fortune favors the brave,a coragem é recompensada
fortune favors the daring,a sorte favorece os audazes
fortune favours the bold,a sorte favorece os audazes
fortune favours the brave,a coragem é recompensada
fortune favours the daring,a sorte favorece os audazes
forty minutes of hell,quarenta minutos de inferno
forty winks,um cochilo
forward and backward,para frente e para trás
foster up,incentivar
foul out,ser eliminado
foul up,cometer um erro
fountain of youth,fonte da juventude
Four Floors of Whores,Quatro andares de prostitutas
Four Horsemen of the Apocalypse,Quatro cavaleiros do Apocalipse
four more years,quatro anos a mais
four score and seven years ago,há oitenta e sete anos
four sheets to the wind,bem bêbado
four-leaf clover,trevo de quatro folhas
four-minute warning,aviso de quatro minutos
fourth estate,quarta potência
fourth gear,quarta marcha
fourth wall,quarta parede
fox in the henhouse,raposa no galinheiro
fox sleep,raposa dorme
fox's socks,meias da raposa
frame in,moldura em
frame out,delimitar
frame up,incriminar falsamente
freak flag,bandeira de protesto
freak off,sair de fininho
freak out,entrar em pânico
freaking gosh,meu Deus
freckle up,manchar
free alongside ship,lado do navio
free alongside ships,lado de cais
free hand,livre
free lunch,almoço grátis
free ride,carona gratuita
free up,liberar
freedom ain't free,A liberdade não é gratuita
freedom is not free,A liberdade não é gratuita
freedom isn't free,A liberdade não é gratuita
freedom's not free,A liberdade não é gratuita
freeze on to,congelar
freeze onto,congelar em
freeze out,eliminar
freeze over,congelar
freeze to,congelar
freeze up,congelar
freezing cold,muito frio
French fact,Fato francês
French leave,Licença
frequent flyer,passageiro frequente
fresh legs,pernas frescas
fresh off the boat,recém-chegado
fresh out of,recém-saído de
fresh start,novo começo
fresh up,recarregar as energias
freshen up,refrescar
fret the gizzard,preocupar o bucho
friend of Bill W.,amigo de Bill W
friend with benefits,amigo com benefícios
friends in high places,amigos influentes
friends in low places,amigos em lugares obscuros
friendship with benefits,amizade com benefícios
frig around,brincar
frig it,esqueça
frig off,desligar a geladeira
frig up,arrefecer
frigg up,bagunçar
frit away,desperdiçar
fritter away,desperdiçar
fritz out,desligar
fritz up,bagunçar
frizz up,encrespar
frog in one's throat,rouquidão
from a distance,de longe
from a mile away,de longe
from a standing start,de uma posição inicial parada
from A to B,de A a B
from A to izzard,de A a Z
from A to Z,de A a Z
from A to Zed,de A a Z
from A to Zee,de A a Z
from aardvark to zymurgy,de oryx a zimurgia
from all accounts,por tudo que se ouviu
from all reports,de acordo com todos os relatórios
from an early age,desde cedo
from away,de longe
from beginning to end,do começo ao fim
from can see to can't see,de pode ver a não pode ver
from central casting,da agência de elenco central
from cover to cover,da capa à contracapa
from cradle to grave,do berço ao túmulo
from first to last,do primeiro ao último
from good hands,de boas mãos
from hand to hand,de mão em mão
from hell,do inferno
from here to Sunday,de aqui até domingo
from hereon out,a partir de agora
from home,de casa
from hunger,da fome
from jump street,diretamente
from Kashmir to Kanyakumari,de Kashmir a Kanyakumari
from me born,de mim nascido
from memory,de memória
from Missouri,do Missouri
from Murphy to Manteo,de Murphy a Manteo
from now on,a partir de agora
from nowhere,de lugar nenhum
from on high,de cima
from one day to the next,de um dia para o outro
from pillar to post,de um lado para o outro
from post to pillar,de poste a poste
from power,de energia
from scratch,do zero
from sea to shining sea,de costa a costa
from side to side,de um lado para o outro
from soda to hock,de refrigerante a vinho
from someone's mouth to God's ears,direto para os ouvidos de Deus
from soup to nuts,de tudo
from start to finish,do começo ao fim
from stem to stern,de proa a popa
from the bottom of one's heart,do fundo do coração
from the cradle to the grave,do berço ao túmulo
from the dead,dos mortos
from the East German judge,do juiz da Alemanha Oriental
from the face of the earth,da face da terra
from the first,do primeiro
from the get,desde o início
from the get-go,desde o início
from the git,do git
from the git-go,desde o início
from the ground up,do zero
from the heart,do coração
from the hip,de imediato
from the jump,desde o início
from the outset,desde o início
from the river to the sea,do rio ao mar
from the rooter to the tooter,do começo ao fim
from the start,do começo
from the top,do topo
from the womb to the tomb,do berço ao túmulo
from the word go,desde o início
from time to time,de vez em quando
from top to bottom,de cima a baixo
from top to toe,de cima a baixo
from week to week,de semana a semana
from where one is sitting,de onde se está sentado
from where one sits,de onde se está sentado
from womb to tomb,do berço ao túmulo
from your lips to God's ears,dos seus lábios aos ouvidos de Deus
front and center,em destaque
front of mind,na mente
front off,desligar a parte frontal
front on,de frente
front oneself off,se destacar
front runner,líder
front up,enfrentar
frost up,congelar
froth up,espumar
frown at,franzir a testa
frown on,desaprovar
frown upon,desaprovar
fruit of one's loins,filhos
fruit of the poisonous tree,fruto da árvore envenenada
fruit of the union,fruto da união
fruit up,frutificar
fruity in the booty,frutado na bunda
fry up,fritar
fuck 12,foder 12
fuck about,brincar
fuck and chuck,foder e jogar fora
fuck around,se meter
fuck around and find out,se mete com a gente e vai se arrepender
fuck away,vá para o inferno
fuck if I know,não faço ideia
fuck it,Que se dane
fuck it up,estragar tudo
fuck knows,Quem sabe
fuck off,Vai à merda
fuck over,enganar
fuck round,brincar
fuck someone upside down,foder alguém de cabeça para baixo
fuck someone's brains out,foder alguém profundamente
fuck that noise,Que se dane
fuck this,Que se foda
fuck this for a lark,Que se foda
fuck up,estragar
fuck with,trapacear com
fuck y'all,foda-se todos
fuck you,vai à merda
fuck yourself,vai à merda
fuck's sake,Pelo amor de Deus
fucked off,Vai à merda
fucked over,enganado
fucking hell,porra
fucking oath,juro por Deus
fucking shit,merda
fudge factor,margem de segurança
fudge the issue,evitar o assunto
fudge together,misturar
fuel up,abastecer
fuh sheezy,sério
fujo out,saio
fujoshi out,fujoshi fora
fuk u,eu te odeio
full blast,no máximo
full butt,bunda cheia
full circle,círculo completo
full marks,nota máxima
full of,cheio de
full of beans,cheio de energia
full of hot air,cheio de vento
full of it,cheio de besteiras
full of oneself,cheio de si
full of piss and vinegar,cheio de energia e entusiasmo
full pelt,a toda velocidade
full ride,bolsa integral
full speed ahead,velocidade máxima
full steam,a toda máquina
full tide,maré alta
full tilt,a toda velocidade
full tilt boogie,dança animada
full to the gills,cheio até rebentar
full whack,com força total
full-time job,emprego em tempo integral
fully briefed,totalmente informado
fully fledged,totalmente desenvolvido
fully rigged,completamente equipado
fun and games,diversão e jogos
fun in a bun,diversão
fun on a bun,diversão
fun up,divirta-se
functionally complete,funcionalmente completo
funk out,se divertir muito
funk up,estropear
funny as a barrel of monkeys,engraçado como um macaco
funny bone,osso engraçado
funny man,homem engraçado
funny stuff,coisas engraçadas
funny that,engraçado que
fur out,espalhar
fur up,arrepia
furbish up,melhorar
furnish out,decorar
fuss around,se preocupar demais
fuss over,preocupar-se demais
futt about,preocupar-se com
futz around,brincar
futz with,brincar
fuzz out,embaçar
fuzzy over,embaçado
G. O. A.,G.O.A
gaff off,parar de falar
gag me with a spoon,Me tape com uma colher
gagging for it,morrendo de vontade
gain momentum,ganhar impulso
gain on,lucro em
gain over,obter vantagem sobre
gain time,ganhar tempo
gain upon,ganhar sobre
gall and wormwood,audácia e felgama
gallows humor,humor negro
game face,cara de concentração
game is game,o jogo é o jogo
game on,Começar o jogo
game out,simular
game over,fim de jogo
game plan,plano de jogo
gandy dancer,operário ferroviário
gang up,unir-se
gang up on,unir-se para atacar
gape for,olhar fixamente
gapers' block,bloqueio de garganta
garden variety,comum
garner up,reunir
gas and air,gás e ar
gas and go,abastecer e ir
gas out,esvaziar
gas up,abastecer
gate off,fechado
gateway drug,droga de entrada
gather dust,acumular poeira
gather oneself together,reunir-se
gather rosebuds,colher botões de rosa
gather up,reunir
gather way,reunir
gavel out,martelar
gavel to order,dar a ordem
gay for pay,pagar para ter relações sexuais com home…
gay for the stay,gay por prazer
gay up,animar
gear down,reduzir a velocidade
gear to,engrenagem para
gear towards,voltado para
gear up,preparar-se
gee along,avance
gee up,animar
geek chic,estilo nerd chique
geek out,entusiasmar-se
geez Louise,nossa
geeze up,animar
geg in,recebido
gen up,inventar
gen. et sp. nov.,gênero e espécie novos
gender bender,mudança de gênero
genetic lottery,loteria genética
genetically engineered,geneticamente modificado
genetically modified,geneticamente modificado
gentle as a lamb,manso como um cordeiro
gentle giant,gigante gentil
gentle sex,sexo feminino
genuine article,artigo original
geographically challenged,com dificuldades de localização
German goiter,Bócio endêmico
German virgin,Virgem alemã
get a charge out of,divertir-se muito
get a clue,entenda
get a fix,consertar
get a grip,mantenha a calma
get a horse,conseguir um cavalo
get a kick out of,achar engraçado
get a leg up,ter uma vantagem
get a life,vive a vida
get a line on,obter informações sobre
get a move on,vamos
get a pair,conseguir um par
get a rise out of,provocar
get a room,alugue um quarto
get a wiggle on,apresse-se
get a wriggle on,mexa-se
get about,mover-se
get above oneself,se achar superior
get across,transmitir
get after,perseguir
get ahead,superar
get ahead of,antecipar
get ahead of oneself,antecipar-se
get along,se dar bem
get amongst it,entrar na correria
get around,contornar
get around to,conseguir fazer
get at,alcançar
get away,escapar
get away with,escapar com
get back,recuperar
get back at,vingar-se
get back on the horse,recuperar-se
get back to,retornar
get beans,conseguir feijão
get behind,ficar para trás
get bent,Vai à merda
get bent out of shape,ficar irritado
get better,melhorar
get between,intervir
get big or get out,ou cresça ou vá embora
get blood out of a stone,tirar sangue de pedra
get busy,ficar ocupado
get by,se virar
get by with,se virar com
get changed,trocar de roupa
get down,descer
get down on,abaixar
get down to,começar a
get down to bedrock,chegar ao leito rochoso
get down to brass tacks,ir direto ao ponto
get down to business,começar a trabalhar
get down to cases,começar a trabalhar
get even,vingar-se
get even or get even worse,piorar ainda mais
get fresh,renovar
get grey hair from,ter cabelo grisalho por causa de
get high,embriagar-se
get hold of,entrar em contato com
get in,entrar
get in on,participar
get in the boat and row,entre no barco e reme
get in the way,impedir
get in touch,entrar em contato
get in trouble,enrolar-se
get in with,entrar com
get ink,obter tinta
get into,entrar
get into it,entrar nisso
get into one's stride,entrar no ritmo
get into someone's pants,ficarr com alguém
get into the act,entrar na dança
get into the wrong hands,cair em mãos erradas
get into trouble,enrolar-se
get it,entenda
get it how one lives,viver como se vive
get it in,entenda
get it in ya,entenda
get it on,consiga
get it together,organize-se
get it up,levante-se
get late,atrasar
get life,viver a vida
get lost,perder-se
get misty,nevoar
get moving,começar a se mover
get off,descer
get off lightly,escapar ileso
get off of someone's cloud,sair da nuvem de alguém
get off on,excitado por
get off one's chest,desabafar
get off one's high horse,descer do cavalo
get off the ground,decolar
get off the mark,começar
get off with,escapar com
get on,entrar
get on at,entrar em
get on it,comece a fazer
get on somebody's nerves,irritar
get on someone's grill,reprovar alguém
get on someone's nerves,irritar
get on the end of,chegar ao fim de
get on the stick,entrar na onda
get on to,entrar em
get on up,levantar
get on with,seguir em frente
get one over on,enganar
get one up on,superar
get one's act together,organizar-se
get one's ass in gear,entrar em ação
get one's bowels in an uproar,desconforto intestinal
get one's butt somewhere,chegar a algum lugar
get one's claws into,agarra
get one's claws out,mostrar as garras
get one's clock cleaned,ser humilhado
get one's feet wet,começar a praticar
get one's fill,saciar-se
get one's finger out,mover-se
get one's fingers burnt,queimar os dedos
get one's fingers onto,colocar os dedos em
get one's foot in the door,conseguir uma oportunidade
get one's freak on,se soltar
get one's fuck on,ficar com alguém
get one's hands dirty,sujar as mãos
get one's hands on something,conseguir algo
get one's head around something,entender algo
get one's head straight,manter a calma
get one's hopes up,acreditar
get one's juices flowing,despertar a criatividade
get one's kicks,se divertir
get one's knickers in a knot,ficar nervoso
get one's knickers in a twist,ficar nervoso
get one's marching orders,receber ordens
get one's mind around something,entender algo
get one's monkey up,ficar excitado
get one's panties in a bunch,ficar nervoso
get one's panties in a pretzel,ficar nervoso
get one's panties in a wad,ficar irritado
get one's priorities right,priorizar
get one's priorities straight,definir prioridades
get one's shine box,receber a caixa de maquiagem
get one's shirt out,tirar a camisa
get one's shit together,organizar a vida
get one's shorts in a knot,ficar nervoso
get one's skates on,apressar-se
get one's teeth into something,mergulhar em algo
get one's tits in a wringer,entrar em pânico
get one's undies in a bundle,ficar nervoso
get one's way,fazer a sua vontade
get one's wires crossed,confundir-se
get oneself together,se recompor
get onto,entrar
get out,saia
get out from under,sair de debaixo
get out of,sair de
get out of Dodge,sair de finanças
get out of hand,sair do controle
get out of here,sai daqui
get out of jail free card,cartão de liberdade condicional
get out of my face,Sai da minha frente
get out of my sight,Saia da minha frente
get out of someone's hair,deixar de incomodar
get out the vote,mobilizar o eleitorado
get out while the getting's good,Aproveite enquanto pode
get outta here,sai daqui
get over,superar
get over on,enganar
get over oneself,superar-se
get past,superar
get past oneself,superar-se
get rekt,morra
get rid of,eliminar
get right,estar certo
get right into it,começar logo
get round,contornar
get round to,conseguir fazer
get some air,tomar um ar
get somebody the green light,dar sinal verde
get someone at it,fazer alguém fazer isso
get someone's back up,defender alguém
get someone's dander up,irritar alguém
get someone's goat,irritar
get someone's neurons firing,estimular o pensamento de alguém
get something over with,resolver
get something the green light,receber aprovação
get started,começar
get straight,ir direto
get stuck in,ficar preso em
get stuck into,mergulhar em
get taken in,ser enganado
get the ball rolling,começar
get the band back together,reunir a banda
get the better of,superar
get the boot,ser demitido
get the bullet,pegar a bala
get the chop,ser demitido
get the door,atenda a porta
get the drawers,pegue as gavetas
get the drift,entender a ideia
get the feeling,sentir
get the goods on,obter informações sobre
get the green light,receber autorização
get the hang of,entender
get the idea,entender a ideia
get the impression,causar a impressão
get the lead out,apresse-se
get the memo,receber o comunicado
get the message,entender a mensagem
get the nod,receber aprovação
get the noggin joggin',estimular o pensamento
get the point,entender
get the runaround,ser enrolado
get the sack,ser demitido
get the show on the road,Começar
get the wind up,assustar
get the word out,divulgar
get thee behind me,Afaste-se de mim
get there,chegar lá
get this,entenda isso
get through,conseguir passar
get through one's head,entrar na cabeça
get to,chegar a
get to first base,chegar à primeira base
get to grips with,entender
get to one's feet,levantar-se
get to the bottom of,descobrir a verdade
get to the fireworks factory,chegar à fábrica de fogos de artifício
get to the point,vá direto ao ponto
get to work,começar a trabalhar
get together,reunir
get under it,passar por baixo dele
get under somebody's skin,irritar
get under someone's skin,irritar
get underneath someone's skin,irritar profundamente
get up,levantar
get up in,levantar-se em
get up into,entrar em
get up off,levantar-se de
get up the yard,levantar-se no quintal
get up to,chegar a
get up to speed,entrar em ritmo
get up with the chickens,acordar cedo
get used,acostumar-se
get well,melhore
get well soon,melhore logo
get wet,molhar-se
get what one asked for,obter o que se pediu
get what's coming to one,receber o que é devido
get wind,descobrir
get wind in one's jaws,ficar com a boca aberta
get wind of,saber
get wind of something,saber de algo
get with,entrar em contato com
get with it,entenda
get with the program,entrar na onda
get with the times,estar atualizado
get you,entender você
GG no re,Boa partida
ghetto bird,avião da lata
ghetto lottery,loteria do gueto
ghost at the feast,fantasma no banquete
ghost from one's past,fantasma do passado
ghost home,casa assombrada
gift from above,presente dos céus
gift from heaven,presente dos céus
gift from the goddesses,presente das deusas
gift from the heavens,dom divino
gift horse,cavalo de presente
gift of the gab,domínio da oratória
gift that keeps on giving,presente que continua a trazer alegria
gild the lily,embelezar o que já é belo
gimme a break,me deixa em paz
gimme a five,me dá um cinco
gin up,inventado
ginger knob,botão de gengibre
ginger up,animar
gingerbread up,biscoito de gengibre
gird up one's loins,estar preparado
give a damn,me importar
give a fuck,me importar
give a good account of oneself,fazer um bom trabalho
give a hang,me importar
give a hoot,me importar
give a light,acender uma luz
give a man a fish,dar um peixe a um homem
give a monkey's,me importar
give a nod,acenar com a cabeça
give a rat's arse,me importar
give a rip,me importar
give a shit,me importar
give a sneck posset,dar um susto
give about,dar aproximadamente
give against,contra
give and take,dar e receber
give as good as one gets,retribuir na mesma moeda
give away,entregar
give away the farm,entregar tudo
give away the store,entregar tudo
give back,devolver
give birth,dar à luz
give by,dar
give chase,perseguir
give credit where credit is due,dar crédito a quem merece
give curry,dar curry
give dome,dê alguma coisa
give ear,preste atenção
give face,dar importância
give forth,produzir
give head,foder
give heed,prestar atenção
give in,ceder
give into,ceder
give it a red-hot crack,dê uma bela pancada
give it a shot,tente
give it a whirl,experimente
give it one's best shot,dar o seu melhor
give it the big one,dar tudo de si
give it the gun,entregue a arma
give it to someone,dê para alguém
give it up,desista
give life to,dar vida a
give lip,falar mal
give me,dê-me
give me a break,me deixa em paz
give notice,aviso
give of oneself,se doar
give off,emitir
give one's all,dar o seu melhor
give one's head a shake,balançar a cabeça
give one's life,entregar a vida
give oneself airs,fazer-se de importante
give or take,mais ou menos
give out,distribuir
give over,entregar
give pause,fazer uma pausa
give rise to,causar
give somebody a hard time,dar trabalho
give somebody the benefit of the doubt,dar o benefício da dúvida
give somebody the green light,dar sinal verde
give someone a bloody nose,fazer sangrar o nariz de alguém
give someone a break,dar uma folga
give someone a hand,ajudar alguém
give someone a hard time,dar trabalho
give someone a ring,ligar para alguém
give someone a shout,avise alguém
give someone a speaking to,repreender
give someone an earful,dar uma bronca
give someone beans,dar um sermão
give someone enough rope,dar margem
give someone grey hair,dar branco nos cabelos
give someone grief,causar problemas
give someone Hail Columbia,parabenizar alguém
give someone hell,dar trabalho
give someone line,dar um bote
give someone something to think about,dar algo para pensar
give someone the bag,entregar a sacola
give someone the boot,demitir
give someone the brush-off,rejeitar alguém
give someone the business,dar trabalho
give someone the chair,entregar a cadeira
give someone the cold shoulder,ignorar alguém
give someone the creeps,dar arrepios
give someone the eye,dar uns olhares
give someone the heave-ho,demitir
give someone the old heave-ho,demitir
give someone the runaround,enrolar
give someone the slip,escapar
give someone their cards,entregar as cartas a alguém
give someone their flowers,elogiar alguém
give someone their head,deixar alguém agir à vontade
give someone time,dar tempo a alguém
give someone to understand,fazer alguém entender
give someone what for,reprovar alguém
give someone what-for,reprovar alguém
give someone wood,dar um cano
give something a go,tentar
give something a miss,perder
give something a try,experimentar
give something a whirl,experimentar
give something the green light,dar sinal verde
give the axe,demitir
give the devil his due,dar crédito onde é devido
give the elbow,dar o cotovelo
give the game away,revelar o segredo
give the green light,dar sinal verde
give the lie,mentir
give the lie to,desmentir
give the royal treatment,dar um tratamento especial
give the sack,demitir
give the time of day,dê a hora
give up,desistir
give up the ghost,morrer
give way,ceda a passagem
give weight,dar peso
give what for,dar uma bronca
give your head a wobble,balanceie a cabeça
give zero fucks,não me importo nada
given that,considerando que
given time,tempo dado
glad tidings,boas notícias
glam up,deixar mais elegante
glance away,desviar o olhar
glance off,desviar
glance over,olhar rapidamente
glass ceiling,teto de vidro
glaze over,embaçar
glaze up,brilhar
glitch out,travar
glom on,apegar
glom onto,apegar
glomb on,grudar
glomb onto,agarrar
glomp on,abraçar fortemente
glomp onto,abraçar fortemente
gloom and doom,desespero e fatalidade
glory be,glória seja
gloss over,ignorar
glove up,colocar luvas
gloves are off,as luvas foram retiradas
glow up,melhora na aparência
glutton for punishment,adorar sofrer
gnash one's teeth,ranger os dentes
gnash up,esfregar
gnaw someone's vitals,roer
go a long way,ser muito útil
go about,proceder
go about to,ir para
go after,perseguir
go against,ir contra
go against the grain,ir contra a corrente
go ahead,vá em frente
go ahead with,prossiga
go all around the Wrekin,dar a volta no Wrekin
go all out,se dedicar ao máximo
go all the way,ir até o fim
go along,seguir
go along for the ride,acompanhar
go along to get along,conviver em harmonia
go along with,concordar com
go along with the gag,seguir a brincadeira
go and boil your head,vá ferver seu cérebro
go and eat coke,vá comer coca-cola
go around,contornar
go around in circles,dar voltas
go around the houses,dar a volta nas casas
go around with,andar com
go at,ir para
go at a good clip,ir rapidamente
go at it,vá em frente
go away,vá embora
go back,voltar
go back in time,voltar no tempo
go back on,retrair
go back to,voltar para
go back to the drawing board,voltar para a prancheta
go back to your country,volte para o seu país
go bail,ir para a cadeia
go ballistic,entrar em colapso
go bananas,pirar
go batshit,pirar
go begging,pedir esmola
go below,ir abaixo
go berserk,enlouquecer
go between,intermediário
go beyond,ultrapassar
go big or go home,Ou tudo ou nada
go by,passar
go by the board,ir por água abaixo
go by the wayside,cair no esquecimento
go climb a tree,suba em uma árvore
go commando,ir sem roupa íntima
go commit,ir confirmar
go down,descer
go down in flames,fracassar completamente
go down on,descer em
go down that road,vá por aquela rua
go down the drain,ir por água abaixo
go down the khazi,vá ao banheiro
go down the pan,ir por água abaixo
go down the road,descer a rua
go down the toilet,descer o vaso
go down the tubes,ir por água abaixo
go down the wrong way,ir no sentido errado
go down with,descer com
go downhill,descer
go downtown,ir para o centro
go Dutch,dividir a conta
go easy on somebody,ser gentil com alguém
go far,ir longe
go fig,vá lá
go figure,veja só
Go Fish,Pescaria
go fly a kite,vá empinar pipa
go for,ir para
go for a song,ser muito barato
go for broke,arriscar tudo
go for it,vá em frente
go for the gold,buscar a perfeição
go for the kill,ir para o ataque
go for the throat,atacar
go forth,avance
go forth and multiply,ide e multiplicai
go free,ir livremente
go from strength to strength,ir de bem em melhor
go from zero to hero,ir do nada ao sucesso
go fuck oneself,vá se foder
go fuck your mother,vai foder a tua mãe
go fuck yourself sideways,vai se foder
go Galt,vá embora
go get 'em,vai lá e pega
go great guns,ir muito bem
go green,ser ecologicamente correto
go halfsies,dividir ao meio
go halves,dividir ao meio
go hang,vá se pendurar
go hard or go home,Dê o seu melhor ou vá embora
go hard with someone,ser duro com alguém
go Hollywood,ir para Hollywood
go horribly right,dar tudo muito certo
go in,entrar
go in for,participar
go in for the kill,ir para o ataque
go in off,entrar
go in on,entrar
go in the out door,entrar pela porta dos fundos
go in with,entrar com
go into,entrar
go into one's shell,fechar-se
go it alone,fazer sozinho
go jump in the lake,vá se meter no lago
go jump off a bridge,vá pular de uma ponte
go jump off a building,vá pular de um prédio
go jump off a cliff,vá se jogar de um penhasco
go left,vire à esquerda
go moggy,ir gato
go native,tornar-se nativo
go nowhere,não levar a lugar nenhum
go nowhere fast,não chegar a lugar nenhum rapidamente
go off,desligar
go off at score,explodir no placar
go off half-cocked,agir precipitadamente
go off into the weeds,desviar do assunto
go off on one,desviar do assunto
go off the boil,esfriar
go on,continue
go on by,siga em frente
go on one's merry way,seguir o próprio caminho
go on sale,entrar em promoção
go on the mitch,vá em frente
go on the scout,ir para a exploração
go on then,vá em frente
go one's own way,seguir o próprio caminho
go or blow,soprar
go out,sair
go out of business,fechar
go out of one's way,fazer o possível
go out with a bang,Terminar em grande estilo
go out with the ark,sair com a arca
go over,revisar
go over someone's head,ignorar
go over to the majority,passar para a maioria
go overboard,exagerar
go past,passar
go pear-shaped,dar errado
go places,ir a lugares
go play in the traffic,vá brincar no trânsito
go public,abrir capital
go rogue,agir por conta própria
go round,dar a volta
go round in circles,dar voltas em círculos
go round with,andar com
go shit yourself,vá se cacar
go snake,cobra
go so far as,ir tão longe
go soak your head,vá tomar no cu
go south,ir para o sul
go straight,vá em frente
go the distance,ir até o fim
go the extra mile,fazer um esforço extra
go the way of,seguir o caminho de
go the way of the dinosaurs,tornar-se extinto
go the way of the dodo,tornar-se obsoleto
go the whole hog,fazer tudo
go their separate ways,seguir caminhos diferentes
go through,passar por
go through hell,passar pelo inferno
go through the gears,trocar as marchas
go through the mill,passar por dificuldades
go through the motions,fazer por obrigação
go through with,seguir em frente
go to,ir para
go to bat,bater
go to Canossa,ir a Canossa
go to great lengths,fazer grandes esforços
go to great lengths to do something,fazer grandes esforços para fazer algo
go to ground,entrar em contato com o solo
go to one's head,subir à cabeça
go to pieces,desmoronar
go to Prestwich,ir para Prestwich
go to sea,ir para o mar
go to seed,murchar
go to sleep,ir dormir
go to someone's head,subir à cabeça
go to the bow-wows,ir para o canil
go to the dogs,ir por água abaixo
go to the mat,ir para o tatame
go to the mattresses,entrar em guerra
go to the polls,ir votar
go to the scaffold,ir para a forca
go to the wall,ir para a parede
go to the well,ir ao poço
go to town,ir à cidade
go to town on,gastar muito em
go to war,ir à guerra
go to work,ir para o trabalho
go together,ir juntos
go too far,exagerar
go towards,ir para
go tutti-frutti,ir para tutti-frutti
go under,entrar embaixo
go up,subir
go up against,enfrentar
go up for,subir para
go up in flames,pegar fogo
go up in smoke,virar fumaça
go walking,caminhar
go wild,se soltar
go with,ir com
go with one's gut,seguir a intuição
go with the flow,seguir a corrente
go with the flow of traffic,seguir o fluxo do trânsito
go with the wind,ir com o vento
go without,dispensar
go without saying,óbvio
go wrong,dar errado
gob off,vá embora
gob up,engolir
gobble down,devorar
gobble off,devorar
gobble up,devorar
God bless someone's cotton socks,Que Deus abençoe as meias de alguém
God does not play dice,Deus não joga dados
God doesn't give with both hands,Deus não dá com as duas mãos
God forbid,Deus não permita
God forfend,Deus nos livre
God hates a coward,Deus odeia os covardes
God helps them that help themselves,Deus ajuda aqueles que se ajudam
God helps them who help themselves,Deus ajuda aqueles que se ajudam
God helps those who help themselves,Deus ajuda aqueles que se ajudam
God is in the detail,Deus está nos detalhes
God knew,Deus sabia
God knows,Deus sabe
God love someone,Deus abençoe alguém
God loves a trier,Deus ama quem se esforça
God only knows,Só Deus sabe
God rest her soul,Que descanse em paz
God rest his soul,Que descanse em paz
God rest their soul,Que descansem em paz
God rest their souls,Que descansem em paz
God Shave the Queen,Que Deus proteja a Rainha
god that failed,deus que falhou
God works in mysterious ways,Deus age de maneiras misteriosas
God's eye,Olho de Deus
God's gift,Dom de Deus
God's gift to men,Dom de Deus para os homens
God's gift to women,Um presente de Deus para as mulheres
God's green earth,Terra
God's honest truth,A verdade absoluta
God's work,Obra de Deus
Goddess knows,Só Deus sabe
Goddess only knows,Só Deus sabe
gods bless you,que deus te abençoe
going away,partindo
going on,acontecendo
going rate,preço de mercado
going to,indo para
gold in them thar hills,ouro nessas colinas
gold is where you find it,Ouro é onde você encontra
gold mine,mina de ouro
gold over,banhado a ouro
golden age,era de ouro
golden duck,pato de ouro
golden goose,ganso dourado
golden handcuffs,algemas douradas
golden handshake,indemnização de desligamento
golden hello,bônus de boas-vindas
golden mean,média áurea
golden opportunity,oportunidade de ouro
golden parachute,paraquedas de ouro
golden rule,regra de ouro
golden thread,fio de ouro
golden ticket,bilhete de ouro
golden touch,toque de ouro
golden years,anos dourados
golf widow,viúva de golfe
gone by lunchtime,já terá acabado no horário do almoço
gone case,caso perdido
gone fishing,foi pescar
gone north about,foi para o norte aproximadamente
gone with the wind,boneco de neve
Gong Xi Fa Cai,Parabéns e prosperidade
gonk out,desmaiar
good afternoon,boa tarde
good and,bom e
good as gold,calmo como um bebê
good as new,como novo
good black don't crack,boa, preta, não racha
good books,bons livros
good boy,bom menino
good boys deserve fudge always,meninos bons merecem sempre doce de choc…
good coin,boa moeda
good day,bom dia
good deal,bom negócio
good doctor,bom médico
good drunk,bem bêbado
good egg,bom sujeito
good enough for government work,suficiente para trabalhos governamentais
good enough for jazz,bom o suficiente para jazz
good enough to eat,bom o suficiente para comer
good eve,boa noite
good fences make good neighbors,Boas cercas fazem bons vizinhos
good fences make good neighbours,Boas cercas fazem bons vizinhos
good game,bom jogo
good girl,boa menina
good God,bom Deus
good graces,boa vontade
good gracious,meus deuses
good head on one's shoulders,ser esperto
good job,bom trabalho
good life,boa vida
good looker,atraente
good luck,boa sorte
good morn,bom dia
good morning,bom dia
good night,boa noite
good night nurse,boa noite enfermeira
good noon,boa tarde
good old days,bons velhos tempos
good on someone,bom para alguém
good riddance,que bom que se foi
good run,boa corrida
Good Samaritan,Bom samaritano
good sense,senso comum
Good Thing,Boa coisa
good things come in small packages,Boas coisas vêm em embalagens pequenas
good things come in threes,coisas boas vêm em grupos de três
good time coming,tempos melhores virão
good times,bons momentos
good turn,boa ação
good value,bom preço
good voice to beg bacon,boa voz para implorar bacon
good wine needs no bush,Um bom vinho não precisa de elogios
good-time Charlie,pessoa que gosta de se divertir
goodness gracious,meu Deus
goodness gracious me,meu Deus
goodness knows,Deus sabe
goodness me,meu Deus
goodnight Irene,boa noite Irene
goodnight nurse,boa noite enfermeira
goodnight Vienna,boa noite Viena
goof around,brincar
goof off,se divertir
goof on,engraçado
goof up,errar
Google is your friend,O Google é seu amigo
google up,pesquisar no Google
gook up,pesquisar
goon out,sair
goon squad,gangue
goose up,arrepio
gooseberry eye,olho de groselha
gooseberry season,época de groselha
gorilla in the room,o elefante na sala
gosh knows,Deus sabe
got it,entendido
got it going on,estou envolvido
got to,chegou
goth out,sair
goth up,subir
gottle o' geer,gota de óleo
gouge out,arrancar
grab and go,para levar
grab at,agarrar
grab by the lapels,agarrar pela lapela
grab off,pegar rapidamente
grab the bull by the horns,enfrentar o problema de frente
grab the popcorn,pegue a pipoca
graceful degradation,degradação elegante
gradually typed,digitado gradualmente
graff up,desenhar grafite
grain of truth,grão de verdade
grain up,crescer
grammar Nazi,pedante
grammar police,polícia da gramática
grand passion,grande paixão
grand poobah,líder máximo
grand scheme,plano geral
Grand Strand,Costa Grande
grand total,total geral
grandfather in,avô
grandstand play,jogada espetacular
granny dumping,descarte de avós
granny's fanny,calcinha da avó
granted that,desde que
grapes of wrath,uvas da ira
grapple with,lutar com
grasp at straws,se agarrar a qualquer coisa
grass on,na grama
grass tops,pontas de grama
grass up,delatar
grate on somebody's nerves,irritar
gravitationally challenged,com dificuldades de gravidade
gravity's pull,atração gravitacional
gravy train,oportunidade de ouro
gray hat,chapéu cinza
gray out,desativar
grease it on,espalhe
grease monkey,mecânico
grease payment,suborno
grease someone's palm,subornar
grease the skids,facilitar
grease the wheels,lubrificar as engrenagens
grease up,untar
greasy spoon,lanchonete simples
great balls of fire,grandes bolas de fogo
great beyond,além da grandeza
great deal,ótimo negócio
great haste makes great waste,A pressa é inimiga da perfeição
great job,bom trabalho
great minds,grandes mentes
great minds think alike,Mentes brilhantes pensam da mesma forma
great oaks from little acorns grow,Grandes carvalhos vêm de pequenas bolota…
great unwashed,povo
greater of two evils,o menor de dois males
greatest thing since sliced bread,a melhor coisa desde fatias de pão
Greek calends,Calendário grego
green about the gills,verdor
green as grass,verde como grama
green fingers,dedo verde
green handshake,aperto de mão verde
green in earth,verde na terra
green indigo,verde índigo
green light,luz verde
green lights to Malibu,sinal verde para Malibu
green old age,velhice ativa
green out,desmatamento
green queen,rainha verde
green state,estado verde
green thumb,dedo verde
green up,tornar-se verde
green with envy,verde de inveja
greener pastures,pastagens mais verdes
grey area,zona cinzenta
grey cells,células cinzentas
grey matter,substância cinzenta
grey out,desativar
grey power,poder dos idosos
grill up,assar na grelha
grin and bear it,aguentar
grind down,moer
grind one's gears,irritar
grind out,produzir arduamente
grind the corn,moer o milho
grind up,moer
grinding machine,moedor
grip off,deslizar
grip oneself with both hands,agarrar-se com as duas mãos
grip up,segurar firme
grist for the mill,matéria-prima
grist to the mill,alimento para o moinho
grit one's teeth,ranger os dentes
groove on,gostar muito
gross out,enojar
gross up,aumentar
ground and pound,golpear e dominar
ground ball with eyes,bola raste com os olhos
ground floor,andar térreo
ground out,empate
ground rule,regras básicas
grow a pair,seja homem
grow a set,seja homem
grow a tail,crescer uma cauda
grow apart,distanciar-se
grow away from,afastar-se de
grow cold,ficar frio
grow into,crescer em
grow on,crescer em
grow out,crescer
grow out of,superar
grow some balls,tenha coragem
grow up,crescer
grub along,comer
grub out,remover
grub up,comer muito
gruesome twosome,dupla assustadora
grunt level,nível básico
grunt work,trabalho braçal
guard against,proteger-se contra
guess what,adivinha
guff off,parar de falar
guide on the side,guia lateral
guilt trip,chantagem emocional
guilty pleasure,prazer culpado
gulp down,engolir
gulp up,engolir
gum up,entupir
gummy up,grudento
gun down,abatê-lo com tiros
gun for,arma para
gun jumping,avanço prematuro
gun off,desarmar
gun to your head,com uma arma na cabeça
gun up,lubrificar
gunboat diplomacy,diplomacia da força
gunk up,entupir
gunner's daughter,filha de canhoneiro
guns blazing,disparando
gussie up,embelezar
gussy up,embelezar
gut check,autoavaliação
gut factor,fator de risco
gut feeling,pressentimento
gut for,bom para
gut out,limpar completamente
gut reaction,reação instintiva
gut through,através de
gut up,animar
gutless wonder,medroso
guts out,às avessas
gutter out,calha
guzzle down,devorar
guzzle up,devorar
ha ha,haha
hab or nab,hab ou nab
hack about,cortar
hack around,contornar
hack away,cortar
hack it,hackeie-o
hack off,cortar
hack up,vomitar
hackle up,arrepia
had better,é melhor
hadaway and shite,estranho e bobagem
hadn't ought,não deveria
hail down,granizo
hail from,ser originário de
hair of the dog,remédio de ressaca
hair out of place,cabelo desalinhado
hair up,cabelo preso
hair's breadth,por um fio
hairy canary,canário peludo
hairy molly,molly peluda
hakuna matata,sem problemas
halcyon days,dias felizes
hale and hearty,saudável
half a brain,meia cabeça
half a head,meia cabeça
half a mind,meia ideia
half again,metade a mais
half in the bag,metade dentro da sacola
half joke,meia piada
half murder,meio assassinato
half the battle,metade da batalha
half the story,metade da história
half-night stand,ficada de uma noite
halfway decent,razoavelmente bom
Hallmark moment,Momento marcante
halter up,segure
ham it up,exagerar
ham up,exagerar
hammer and tongs,a todo vapor
hammer away,martelar
hammer home,reforçar
hammer out,resolver
hammer up,martelar
hamster wheel,roda de hamster
hand around,passar
hand away,entregar
hand back,devolver
hand down,passar adiante
hand in,entregar
hand in glove,em perfeita harmonia
hand in one's dinner pail,entregar o lanche
hand it out,entregue
hand it to,entregue
hand it to someone,entregue a alguém
hand off,passar
hand on,na mão
hand out,distribuir
hand over,entregar
hand over fist,de mão em mão
hand over hand,de mão em mão
hand over head,de mão em cabeça
hand round,passar
hand someone their cards,entregar as cartas a alguém
hand someone their hat,devolver o chapéu a alguém
hand someone their head,dar um fora em alguém
hand to God,juro por Deus
hand to mouth,de boca em boca
hand up,mão para cima
hand waving,aceno de mão
handbags at dawn,bolsas ao amanhecer
handbags at ten paces,bolsas a dez passos
handle oneself,lidar consigo mesmo
handle up,pega
handle with kid gloves,tratar com cuidado
handled the ball,tocou na bola
handpick out,selecionar cuidadosamente
hands down,sem dúvida
hands up,mãos para cima
handsome is as handsome does,A beleza está na ação
handsome is that handsome does,a beleza está na ação
handwriting on the wall,sinais de alerta
hang a leg,pendurar uma perna
hang a Louie,pendurar um Louie
hang a Ralph,pendurar um Ralph
hang a uey,pendurar
hang about,esperar
hang an arse,pendurar o traseiro
hang around,ficar por perto
hang back,esperar
hang behind,ficar para trás
hang by a thread,estar por um fio
hang heavy,pesar muito
hang in,aguente
hang in the balance,em suspenso
hang in there,Aguenta aí
hang low,ficar baixo
hang off,pendurar
hang on,espere
hang on every word,prestar atenção em cada palavra
hang on in there,Aguenta aí
hang on to your hat,segure seu chapéu
hang one on,beber
hang one's hat,pendurar o chapéu
hang onto,agarrar
hang onto your hat,segure seu chapéu
hang out,sair
hang out one's shingle,anunciar seus serviços
hang out to dry,deixar secar ao ar livre
hang over,ressaca
hang over someone's head,pair sobre alguém
hang round,passear
hang the moon,pendurar a lua
hang tight,aguente
hang to,pendurar
hang together,ficar junto
hang tough,Aguenta firme
hang up,desligar
hang up one's boots,pendurar as chuteiras
hang up one's fiddle,pendurar o violino
hang up one's hat,aposentar-se
hang upon,depender de
hang with,sair com
hangar queen,rainha do hangar
hanging offence,crime punível com a morte
happen across,encontrar por acaso
happen along,acontecer
happen by,acontecer por acaso
happen on,acontecer em
happen upon,encontrar por acaso
happily ever after,felizes para sempre
happy 4th,feliz 4 de julho
happy as a pig in mud,feliz como um porco na lama
happy as a pig in shit,feliz como um porco no lama
happy birthday,Feliz aniversário
happy chappy,pessoa alegre
Happy Christmas,Feliz Natal
happy Easter,Feliz Páscoa
happy Fourth,Feliz Quatro de Julho
happy Halloween,Feliz Halloween
happy Hanukkah,Feliz Hanukkah
happy holidays,boas festas
happy Independence Day,Feliz Dia da Independência
happy Kwanzaa,Feliz Kwanzaa
happy landings,boas aterragens
happy medium,meio termo
happy Near Year,Feliz Ano Novo
happy New Year,Feliz Ano Novo
Happy New Year's,Feliz Ano Novo
happy panda,panda feliz
happy place,lugar feliz
happy Ramadan,Ramadã abençoado
happy Valentine's Day,Feliz Dia dos Namorados
hard as nails,duro como pedra
hard at it,trabalhando muito
hard at work,trabalhando muito
hard cases make bad law,Casos difíceis criam leis ruins
hard cheese,queijo duro
hard done by,tratado injustamente
hard feelings,ressentimentos
hard going,difícil
hard nut to crack,problema difícil de resolver
hard of hearing,surdo
hard on the eyes,cansativo para os olhos
hard pass,recuso
hard pill to swallow,pílula amarga
hard to come by,difícil de encontrar
hard to swallow,difícil de engolir
hard up,sem dinheiro
harden someone's heart,endurecer o coração de alguém
harden up,endurecer
hardy perennial,perene resistente
hark back,recordar
hark who's talking,ouça quem está falando
harken back,recordar
harp on,insistir
harp on one string,insistir em uma única coisa
harp on the same string,insistir no mesmo assunto
harrow up,inquietar
harsh down,suavizar
has left the building,saiu do prédio
hash out,discutir
hash over,rever
hash slinger,traficante de drogas
hash up,complicar
hasta la pasta,até logo
hasta la vista,até logo
hasta pasta,massa
haste makes waste,A pressa é inimiga da perfeição
hat hair,cabelo amassado
hat in hand,de mãos dadas
hatch out,eclosão
hatch up,idear
hatchet man,executor
hate on,odiar
hate someone's guts,odiar profundamente
haters gonna hate,os invejosos vão invejar
Hatfields and McCoys,Hatfields e McCoys
haul around,arrastar
haul ass,correr muito
haul down,abaixar
haul in,puxar
haul off,afastar-se
haul out,retirar
haul someone over the coals,repreender alguém severamente
haul up,levantar
have a bad time of it,passar por dificuldades
have a ball,divertir-se muito
have a bite,experimentar
have a blast,se divertir muito
have a blessed one,tenha um dia abençoado
have a bone to pick,ter algo a reclamar
have a break,fazer uma pausa
have a brick in one's hat,ter uma ideia fixa
have a clue,ter uma ideia
have a fable for,ter uma fábula para
have a fine finger,ter um dedo quebrado
have a finger in,estar envolvido
have a fit,ter um ataque
have a gas,divirta-se
have a go,tentar
have a good one,tenha um bom dia
have a good time,divirta-se
have a good time of it,divirta-se
have a good weekend,tenha um bom fim de semana
have a hand in,participar
have a hand in something,participar em algo
have a handle on,ter controle de
have a hard time,ter dificuldades
have a hard time of it,ter dificuldades
have a head for,ter jeito para
have a heart,tenha compaixão
have a jag on,ter um ataque
have a laugh,dar uma gargalhada
have a look,dê uma olhada
have a mind of one's own,ter a própria opinião
have a moment,tenha um momento
have a mountain to climb,ter uma montanha para escalar
have a nice day,tenha um bom dia
have a nice life,tenha uma vida boa
have a night of it,divertir-se muito
have a pair,ter um par
have a point,tem razão
have a poor time of it,passar mal
have a quiet word,conversar em particular
have a rough time of it,ter dificuldades
have a row,discutir
have a say,ter voz
have a seat,sente-se
have a shot,tentar
have a snootful,beber até ficar bêbado
have a stab,tentar
have a stroke,sofrer um derrame
have a tantrum,fazer birra
have a thin time of it,ter dificuldades
have a thing for,gostar muito de
have a tiger by the tail,estar numa situação delicada
have a time,ter tempo
have a time of it,passar um bom tempo
have a track record,ter um histórico
have a way with,ter jeito para
have a whale of a time,se divertir muito
have a word,tenha cuidado
have a word in someone's ear,sussurrar algo no ouvido de alguém
have a word with oneself,conversar consigo mesmo
have against,ter contra
have an accident,ter um acidente
have an affair,trair
have an easy time of it,ter tudo fácil
have an eye for,ter bom gosto
have another thing coming,ter outra coisa em mente
have another think coming,pense melhor
have at,tenha
have bats in one's belfry,estar maluco
have been around,existiram
have been around a bit,tenho andado por aí
have been around the block,ter experiência
have blood on one's hands,ter sangue nas mãos
have come a long way,percorreu um longo caminho
have done,tenho feito
have done with,ter terminado com
have down,ter para baixo
have down as,registrar como
have eyes bigger than one's stomach,ter mais vontade do que capacidade
have fingers made of lime-twigs,ter dedos feitos de galhos de limoeiro
have fun,divirta-se
have fun with Dick and Jane,divirta-se com Dick e Jane
have got,ter
have got more chins than Chinatown,ter mais papada que Chinatown
have green fingers,ter jeito para jardinagem
have had it,já chega
have had it up to here,já chega
have had more than one's fair share of something,ter tido mais do que a sua parte de algo
have had one's chips,ter terminado
have I got news for you,tenho notícias para você
have in mind,ter em mente
have it all,ter tudo
have it away,vá embora
have it both ways,ter tudo
have it coming,merecer
have it going on,estar bem
have it in for,ter algo contra
have it in one,entender de uma vez
have it large,tenha um tamanho grande
have it made,ter tudo
have it off,resolver
have it out,discutir
have it out for,ter rancor contra
have it your own way,faça como quiser
have it your way,faça como quiser
have its moments,ter seus momentos
have Jesus in one's heart,ter Jesus no coração
have legs,ter pernas
have more money than God,ter mais dinheiro que Deus
have no time for,não ter tempo para
have no time for somebody,não ter tempo para alguém
have no time for something,não ter tempo para algo
have none of something,não ter nada de algo
have off,ter folga
have one eye on somebody,ficar de olho em alguém
have one eye on something,ficar de olho em algo
have one more time,tenha mais uma vez
have one's act together,estar organizado
have one's back up,estar irritado
have one's bread buttered for life,ter a vida fácil
have one's ducks in a row,estar tudo organizado
have one's ears lowered,abaixar as orelhas
have one's ears pinned back,sentir-se humilhado
have one's finger on the trigger,estar pronto para agir
have one's fingers in many pies,estar envolvido em muitas coisas
have one's foot in the door,ter um pé na porta
have one's hand in the till,desviar dinheiro
have one's hand out,estar com a mão estendida
have one's hands full,estar ocupado
have one's hands tied,estar com as mãos atadas
have one's head read,fazer uma leitura de aura
have one's heart in,estar envolvido em
have one's mind about one,ter uma opinião formada
have one's moments,ter seus momentos
have one's name on,ter o nome em
have one's name taken,ter o nome registrado
have one's name written all over,ter o nome escrito em todos os lugares
have one's number on it,ter o número de alguém
have one's shit together,estar organizado
have one's way,fazer o que quer
have one's way with,ter a seu bel-prazer
have one's wig snatched,ficar indignado
have one's wits about one,estar esperto
have one's work cut out,ter muito trabalho
have one's work cut out for somebody,ter muito trabalho
have other fish to fry,ter outros assuntos para tratar
have other ideas,tenho outras ideias
have out,ter
have over,ter mais de
have second thoughts,repensar
have seen better days,já viu melhores dias
have seen one's day,teve seu auge
have seen one's last gum tree,morrer
have seen this movie,já vi este filme
have several seats,ter vários assentos
have someone by the balls,ter alguém sob controle
have someone by the short hairs,ter alguém sob controle
have someone on toast,ter alguém em alta
have someone's back,proteger alguém
have someone's blood on one's head,ter sangue de alguém nas mãos
have someone's guts for garters,achar alguém muito atraente
have someone's head,ter a cabeça de alguém
have someone's hide,esconder
have someone's number,ter o número de alguém
have something in your sights,ter algo em mente
have something over with,terminar com
have something to show for something,ter algo a mostrar
have the ball in one's court,ter a palavra final
have the biscuit,tenha o biscoito
have the blues,estar triste
have the floor,ter a palavra
have the hots for,estar apaixonado por
have the last laugh,ter a última palavra
have the law of,ter a lei de
have the pleasure of,ter o prazer de
have the right time,ter a hora certa
have the tiger by the tail,estar numa situação difícil
have the time of one's life,divertir-se muito
have the wind up,estar nervoso
have the wolf by the ear,ter o lobo pela orelha
have the world by the tail,ter tudo sob controle
have time on one's hands,ter tempo livre
have time on one's side,ter tempo a favor
have truck with,ter caminhão com
have up,ter
have Van Gogh's ear for music,ter ouvido musical apurado
have words,ter palavras
have you eaten,você comeu
have you got the time,Você tem horas
have you met me,você me conheceu
have-a-go hero,herói improvisado
having said that,tendo dito isso
hay is for horses,feno é para cavalos
hay is for horses and cows,O feno é para cavalos e vacas
hazard a guess,arriscar um palpite
hazard creep,crescimento do risco
haze over,nevoeiro sobre
he laughs best that laughs last,quem ri por último ri melhor
he who denied it supplied it,quem negou forneceu
he who hesitates is lost,quem hesita está perdido
he who laughs last laughs best,quem ri por último ri melhor
he who laughs last laughs hardest,quem ri por último ri melhor
he who smelt it dealt it,quem fareja, fede
head and shoulders,cabeça e ombros
head for the hills,ir para as montanhas
head in the clouds,com a cabeça nas nuvens
head loss,perda de carga
head of steam,impulso
head off,partir
head out,sair
head over heels,apaixonado
head south,ir para o sul
head start,vantagem inicial
head to toe,da cabeça aos pés
head up,cabeça para cima
headbutt with,bater com a cabeça em
heads or tails,cara ou coroa
heads up,atenção
heads will roll,cabeças vão rolar
heady days,tempos de euforia
heal over,cicatrizar
heal up,recuperar
health is wealth,a saúde é riqueza
health is your first wealth,A saúde é a sua maior riqueza
heap on,acumular
heap up,acumular
hear from,ouvir de
hear me out,me escute
hear of,ouvir falar de
hear out,ouvir
hear the end of it,ouvir o fim disso
hear the grass grow,ouvir a grama crescer
hear things,ouvir coisas
hear through the grapevine,ouvir por terceiros
hear voices,ouvir vozes
hear what I'm saying,ouça o que estou dizendo
hearken back,recordar
heart and soul,de corpo e alma
heart balm,bálsamo para o coração
heart goes out to,sinto muito por
heart goes out to somebody,sinto muito por alguém
heart of glass,coração de vidro
heart of gold,coração de ouro
heart of hearts,no fundo do coração
heart to heart,coração para coração
hearts and flowers,corações e flores
hearts and minds,corações e mentes
hearts on sleeves,de coração aberto
heat through,aquecer completamente
heat up,aquecer
heat wave,onda de calor
heave to,arfar
heaven forbid,Deus nos livre
heaven helps those that help themselves,Deus ajuda quem ajuda
heaven helps those who help themselves,Deus ajuda quem ajuda
heaven knows,Deus sabe
heaven only knows,Só Deus sabe
heavy as a dead donkey,pesado como um burro morto
heavy equipment,equipamentos pesados
heavy foot,pé pesado
heavy going,difícil
heavy hand,mão pesada
heavy hitter,jogador importante
heavy lifting,trabalho pesado
heavy with child,grávida
hedge about,hesitar
hedge around,cercar
hedge in,cercar
hedge one's bets,cobrir as apostas
heel out,calcanhar para fora
heel over,calcanhar
heel up,calcanhar para cima
heffalump trap,armadilha para heffalump
heighten up,aumentar
hell and half of Georgia,inferno e metade da Geórgia
hell around,em volta do inferno
hell from above,inferno vindo de cima
hell if I care,tanto faz
hell if I know,não faço ideia
hell mend someone,que Deus o ajude
hell on earth,inferno na terra
hell on wheels,caos total
hell or high water,de qualquer maneira
hell to pay,preparar-se para problemas
hell to the naw,vá para o inferno
hell to the no,de jeito nenhum
hell week,semana do inferno
hell's bells,diabos
helmet hair,cabelo amassado
help along,ajudar
help is on the way,a ajuda está a caminho
help out,ajudar
help wanted,vagas disponíveis
helping hand,ajuda
hem and haw,hesitar
hem in,estar contido em
hem up,costurar
hen up,galinha fêmea
hen's tooth,dente de galinha
herbs and spices,ervas e especiarias
herd cats,cair gato
herd together,reunidos
here and now,aqui e agora
here and there,aqui e ali
here be dragons,cuidado com os dragões
here goes nothing,vamos ver no que vai dar
here lies,aqui jaz
here to stay,para ficar
here we are,estamos aqui
here we go again,vamos de novo
here you are,Aqui está
here you go,Aqui está
here's hoping,torcendo por
here's looking at you,um brinde a você
here's luck,boa sorte
here's mud in your eye,que te doure os olhos
here's the deal,o combinado
here's the thing,o problema é que
here's to,um brinde a
hermetically sealed,hermeticamente selado
heroiam slava,herói слава
herry up,apresse-se
het up,acender
hew down,derrubar
hew out,esculpir
hidden in plain sight,à vista, mas escondido
hide and seek,esconde-esconde
hide away,esconder
hide behind,esconder atrás de
hide in plain sight,à vista de todos
hide nor hair,nem um vestígio
hide one's light under a bushel,esconder o próprio talento
hide out,esconder-se
hide the sausage,esconder a salsicha
hiding to nothing,escondendo-se de nada
high and dry,em apuros
high and low,alto e baixo
high and mighty,altivo e prepotente
high cotton,algodão de alta qualidade
high ground,terreno elevado
high horse,arrogante
high life,vida boa
high living,vida luxuosa
high noon,meio-dia
high on the hog,vivendo no luxo
high on the totem pole,em posição de destaque
high road,caminho mais fácil
high strangeness,estranheza extrema
high summer,alta temporada
high time,hora certa
higher than a kite,altíssimo
highway robbery,roubo na estrada
highways and byways,estradas principais e caminhos secundári…
hike out,caminhada
hike the Appalachian Trail,caminhar pela Trilha dos Apalaches
hike up,subir
hill to die on,causa pela qual lutar até a morte
hind tit,parte de trás da cabeça
hindsight is 20/20,é mais fácil ver as coisas depois
hinge on,depender de
hinge upon,depender de
hip hip hooray,Viva
hippity hoppity,Pula pula
hippity hoppity get off my property,Sai da minha propriedade
hippo birdie two ewe,hipopótamo passarinho ovelha
hire out,alugar
hired gun,pistoleiro
hired muscle,músculo contratado
hissing hot,sibilante quente
history is written by the victors,A história é escrita pelos vencedores
history repeats itself,a história se repete
hit a lick,dar um golpe
hit a snag,encontrar um problema
hit a wall,bater numa parede
hit above one's weight,superar as expectativas
hit and miss,de vezes em vez
hit and run,atropelamento e fuga
hit away,afastar
hit back,revidar
hit below one's weight,não corresponder às expectativas
hit below the belt,golpear abaixo da cintura
hit home,tocar profundamente
hit it and quit it,acabar logo
hit it big,fazer sucesso
hit it off,se dar bem
hit it up,visitar
hit like a ton of bricks,cair como uma tonelada de tijolos
hit like a truck,bater como um caminhão
hit me,me bate
hit off,começar bem
hit on,paquerar
hit one out of the ballpark,fazer um sucesso retumbante
hit one's straps,entrar no ritmo
hit one's stride,entrar no ritmo
hit out,criticar
hit pause,pausar
hit pay dirt,encontrar ouro
hit rock bottom,atingir o fundo
hit someone for six,impressionar muito
hit someone when they are down,pisar na pessoa quando ela está caída
hit the accelerator,pressionar o acelerador
hit the big time,fazer sucesso
hit the bottle,beber em excesso
hit the bricks,ir embora
hit the buffers,atingir o limite
hit the fan,explodir
hit the gas,pise no acelerador
hit the gold,encontrar ouro
hit the ground running,começar com tudo
hit the headlines,estar na primeira página
hit the high notes,atingir as notas altas
hit the jackpot,ganhar na loteria
hit the nail on the head,acertar em cheio
hit the pan,bater na panela
hit the pavement,caminhar
hit the road,partir
hit the rocks,bater nas rochas
hit the roof,ficar furioso
hit the sheets,ir para a cama
hit the shelves,chegar às prateleiras
hit the shops,ir às lojas
hit the skids,derrapagem
hit the spot,acertar em cheio
hit the stores,chegar às lojas
hit the streets,ir para as ruas
hit the wall,atingir o limite
hit too close to home,ter atingido em cheio
hit two targets with one arrow,matar dois pássaros de um tiro
hit up,visitar
hit up against,bater em
hit upon,descobrir
hit wicket,bater no próprio guelras
hit with,atingir
hit with the stupid stick,ser atingido com a vara da estupidez
hitch one's wagon to,aliar-se a
hitch one's wagon to a star,seguir uma visão ambiciosa
hitch up,amarrar
hive of activity,colmeia de atividade
hive off,separar
hive up,ativar
hiya doin',oi tudo bem
ho kua bo ho jiak,Eu te amo
ho there,olá
hoard out,acumular
hoard up,acumular
Hobson's choice,Escolha limitada
hoe around,passear
hoe in,como
hoe into,como
hoe one's row,remar
hoes before bros,amigas antes de amigos
hoes mad,mulheres irritadas
hog heaven,paraíso
hog up,ocupar
hoist by one's own petard,cair em sua própria armadilha
hoke up,conectar
hol' up,Espera um pouco
hold a grudge,guardar rancor
hold a light,segurar uma luz
hold against,contra
hold back,reprimir
hold back on,reprimir
hold by the button,pressione o botão
hold cheap,barato
hold come what may,aguente
hold court,presidir
hold down,pressionar
hold fast,segure firme
hold firm,mantenha-se firme
hold forth,discursar
hold hard,segure firme
hold in,reprimir
hold it down,segure
hold it in,segure
hold it together,mantenha a calma
hold my beer,segura a minha cerveja
hold my milk,aguente meu leite
hold off,aguardar
hold office,ocupar um cargo
hold on,espere
hold on to your hat,segure seu chapéu
hold one's alcohol,suportar álcool
hold one's breath,prender a respiração
hold one's drink,segurar a bebida
hold one's fire,esperar
hold one's head high,manter a cabeça erguida
hold one's horses,calma
hold one's jaw,segurar a mandíbula
hold one's liquor,aguentar a bebida
hold one's mouth right,manter a compostura
hold one's nerve,manter a calma
hold one's own,defender-se
hold one's peace,calar-se
hold one's tongue,calar a boca
hold one's water,segurar a urina
hold oneself together,manter a calma
hold onto,segure
hold onto your hat,segure seu chapéu
hold out,resistir
hold over,adiar
hold over someone's head,segurar sobre a cabeça de alguém
hold somebody in check,controlar alguém
hold someone's feet to the fire,fazer alguém se sentir pressionado
hold someone's hand,segurar a mão de alguém
hold something in check,controlar
hold sway,ter influência
hold tack,aguente
hold talks,realizar conversas
hold that thought,aguente essa ideia
hold the cards,segurar as cartas
hold the floor,fale
hold the key,ter a chave
hold the line,mantenha a linha
hold the phone,segure o telefone
hold the purse strings,controlar as finanças
hold the reins,controlar
hold the ring,segure o anel
hold the stage,ocupar o palco
hold to,segurar
hold together,manter unido
hold up,espere
hold up as,espere um pouco
hold up one's end,fazer a sua parte
hold up to,suportar
hold water,ser válido
hold with,concordar com
hold yew hard,segure-me forte
hold-up play,jogo de distração
holding pattern,padrão de espera
hole in one,hole em um
hole out,tirar da buraco
hole up,se isolar
holla at,olá para
holla back,responda
holler at,gritar com
holler back,retribuir a saudação
hollow out,esvaziar
Hollywood moment,Momento de Hollywood
holy buckets,caramba
holy cannoli,Nossa
holy catfish,bagre sagrado
holy cow,caramba
holy crap,caramba
holy crap on a stick,Meu Deus
holy crickets,Nossa
holy crud,Meu Deus
holy doodle,Nossa
holy fire,fogo sagrado
holy fuck,puta que pariu
holy guacamole,Nossa
holy kamoley,Nossa Senhora
holy kamoly,Meu Deus
holy macaroni,Nossa
holy mackerel,caramba
holy moley,Nossa
Holy of Holies,Lugar Santíssimo
holy ravioli,Nossa
holy shit,putz
holy smoke,Nossa
holy stromboli,bom dia
home away from home,um lar longe de casa
home game,jogo em casa
home in,em casa
home is where the heart is,O lar é onde está o coração
home sweet home,lar doce lar
home team,time da casa
home training,treino em casa
home wrecker,destruidora de casamentos
homeless dumping,despejo de moradores de rua
homely as a hedge fence,simples como uma cerca de arbustos
Homer nods,Homer acena com a cabeça
Homer sometimes nods,Às vezes, o Homer fica com sono
hone in,concentrar-se
Honest Abe,Abraham Lincoln
honest John,João honesto
honesty is the best policy,a honestidade é a melhor política
honey around,mel por toda parte
honey catches more flies than vinegar,A mel atrai mais moscas do que o vinagre
honey do list,lista de tarefas domésticas
honey hole,lugar secreto
honey trap,armadilha de mel
honey up,para cima
honi soit qui mal y pense,Que a vergonha seja de quem pensar mal
honk it on,buzine nele
honk off,buzinar
honor in the breach,honrar a promessa mesmo quando difícil
honorable mention,menção honrosa
honors easy,honras fáceis
honours easy,honras fáceis
hoof out,sai do estábulo
hook in,gancho
hook it,conecte-o
hook it up,conecte-o
hook off,desligar
hook up,conectar
hook up on,namorar
hooly dooly,Nossa Senhora
hoot down,rejeitar
hoot it up,divirta-se
hoot owl shift,turno noturno
hootin' tootin',animado
Hoover flag,Bandeira Hoover
hoover up,aspirar
hop about,pular
hop and bop,salto e ritmo
hop and pop,salto e estouro
hop in,entre
hop into,entrar rapidamente
hop off,descer
hop on,entrar
hop on down to,vá logo para
hop the wag,pular a cerca
hop to it,Mãos à obra
hop up,pular
hope against hope,esperar contra todas as probabilidades
hope springs eternal,a esperança é eterna
hopping mad,furioso
horf down,descer
horf up,levantar
horizontal dancing,dança horizontal
horizontal jogging,corrida lateral
horizontal mambo,mambo horizontal
horizontal refreshments,lanches horizontais
horizontal slam dance,dança horizontal
horizontal tango,tango horizontal
horizontally challenged,com dificuldades de equilíbrio
horn in,em
Horn OK Please,Buzina, tudo bem
horn out,desgastar
horror show,programa de terror
horse about,cavalo
horse and rabbit stew,Ensopado de cavalo e coelho
horse armor,armadura para cavalos
horse around,brincar
horse of a different color,uma questão diferente
horse opera,filme de faroeste
horse pill,comprimido grande
horse tranquilizer,tranquilizante para cavalos
horse's ass,orelhudo
horse's mouth,fonte confiável
horseback opinion,opinião sobre cavalos
horses for courses,cada um com suas qualidades
horseshoe up one's ass,ferro de cavalo na bunda
hose down,lavar com mangueira
hose off,lavar com mangueira
host with the most,anfitrião mais legal
hostess with the mostest,anfitriã perfeita
hot air,ar quente
hot and bothered,inquieto e agitado
hot and cold,quente e frio
hot and heavy,quente e intenso
hot as the hobs of Hell,quente como os fornos do inferno
hot desking,deskt sharing
hot diggety dog,Que legal
hot garbage,lixo quente
hot hand,mão quente
hot minute,um instante
hot off the presses,Recém-saído da imprensa
hot on,estar atento a
hot on someone's heels,logo atrás
hot on the trail,no rastro
hot potato,batata quente
hot sheet,folha de temperatura
hot shit,merda quente
hot spot,ponto de acesso
hot squat,agachamento com peso
hot stuff,coisa quente
hot to trot,ansioso para começar
hot under the collar,irritado
hot up,aquecer
hot water,água quente
hotter than a pistol,mais quente que uma arma
hound down,perseguir implacavelmente
house cooling party,festa para refrescar a casa
house nigger,criado
house of cards,castelo de cartas
House of God,Igreja
house of ill fame,bordel
house poor,casa pobre
how about that,que tal isso
how about them apples,E aí, que tal
how are things,como vão as coisas
how are you,como você está
how are you diddling,como você está
how are you doing,como você está
how are you getting along,como você está se saindo
how are you going,como você está indo
how are you keeping,como você está
how bist,como vai
how can you sleep at night,como você consegue dormir à noite
how come,como assim
how do,como
how do ye do,como vai você
how do you like that,como você acha isso
how do you like them apples,E aí, gostou
how do you sleep at night,como você dorme à noite
how farest thou,como estás
how goes it,como vai
how goes the battle,como vai a batalha
how goes the enemy,como está o inimigo
how goes the war,como vai a guerra
how old are you,quantos anos você tem
how say you,como você diz
how see,como ver
how should I know,como devo saber
how so,como assim
how the cow ate the cabbage,como a vaca comeu a couve
how the mighty have fallen,como os grandes caíram
how the sausage gets made,como a salsicha é feita
how the sausage is made,como a salsicha é feita
how the turntables,como a situação mudou
how would I know,como eu saberia
how you doing,como você está
how you say,como se diz
how're you,Como você está
how're you doing,como você está
how's come,como é que
how's every little thing,como estão todas as coisas
how's everything,como está tudo
how's it,como vai
how's it going,Como vai
how's it hanging,como vai
how's life,como vai a vida
how's that,como está
how's that again,como é mesmo
how's the weather,Como está o tempo
how's the weather up there,Como está o tempo por aí
how's them apples,como vão as coisas
how's things,como vão as coisas
how's tricks,como vai
how's your hammer hanging,como você está
howl at the moon,uivar para a lua
howl down,uivar para baixo
howl on,uivar em
howl out,uivar
huckleberry above a persimmon,arándano acima de mamão-persa
huckleberry above one's persimmon,estar acima do nível de alguém
huff and puff,resmungar e reclamar
huff off,bufar
hug it out,fazer as pazes
huge if true,enorme se for verdade
hugs and kisses,beijos e abraços
hulk off,desaparecer
hulk out,ficar furioso
hum along,cantar junto
hum and ha,hum e ah
hum and haw,hesitar
human touch,toque humano
humanly possible,humanamente possível
humble pie,humildade
hump and dump,despejar e ir embora
Humpty Dumptyism,Humpty Dumptyismo
hunch over,curvar-se
hunger is a good sauce,A fome é um bom tempero
hunger is the best pickle,A fome é o melhor tempero
hunger is the best sauce,O apetite é o melhor tempero
hunger is the best seasoning,A fome é o melhor tempero
hunger is the best spice,A fome é o melhor tempero
hunger sauce,molho de alho
hunk of junk,pedaço de lixo
hunker down,abrigar-se
hunt down,perseguir
hunt out,procurar
hunt up,procurar
hunt where the ducks are,caçar onde há patos
hurler on the ditch,arremessador no fosso
hurling and burling,hurling e burling
hurr durr,Grunh grunh
hurrah's nest,ninho de cotovia
hurry hurry has no blessings,A pressa é inimiga da perfeição
hurry up,apresse-se
hurry up and wait,apresse-se e espere
hurt a fly,machucar uma mosca
hurt for,machucado por
hurt people hurt people,pessoas feridas ferem outras pessoas
hurt someone's feelings,magar alguém
husband up,assumir a responsabilidade
hush down,fiquem quietos
hush up,ficar quieto
hussy up,apresse-se
hustle and bustle,agitação
hustle up,apresse-se
hutch up,esconderijo
hydrate or diedrate,hidratar ou desidratar
hydrogen burning,queima de hidrogênio
hype up,criar expectativa
I am inside of you,Estou dentro de você
I am inside you,Estou dentro de você
I am sorry,Sinto muito
I am twenty years old,Eu tenho vinte anos
I approve this message,Eu aprovo esta mensagem
I ask you,Eu peço
I beg your pardon,Com licença
I beg your pudding,Eu imploro sua sobremesa
I can tell you,Eu posso te dizer
I can't lie,Eu não consigo mentir
I can't remember the last time,Não me lembro da última vez
I choose violence,Eu escolho a violência
I could eat a brick,Eu comeria uma tijolo
I could eat a horse,Eu comeria um cavalo
I dare be bound,Eu ouso jurar
I declare,Eu declaro
I do declare,Eu declaro
I do not care,Não me importo
I don't boil my cabbage twice,Eu não cozinho meu repolho duas vezes
I don't chew my cabbage twice,Eu não mordo a mesma couve duas vezes
I don't fancy yours,Não gosto do seu
I don't have all day,Não tenho o dia todo
I don't know about that,Não sei sobre isso
I don't mind,Não me importo
I don't suppose,Eu não imagino
I fear,Eu tenho medo
I feel you,Eu te entendo
I fuck you not,Eu não te fodo
I got mine,Eu peguei o meu
I hardly even know her,Eu mal a conheço
I hardly know 'er,Eu mal a conheço
I hardly know her,Eu mal a conheço
I haven't got all day,Não tenho o dia todo
I hear you say,Eu te ouço dizer
I hope I may be shot,Espero que me atirem
I hope she sees this,Espero que ela veja isso
I hope you're happy,Espero que você esteja feliz
I just work here,Eu só trabalho aqui
I kid you not,Eu não estou brincando
I know it,Eu sei
I know that's right,Eu sei que está certo
I like pie,Eu gosto de torta
I like that,Eu gosto disso
I like turtles,Eu gosto de tartarugas
I never did,Eu nunca fiz
I never miss,Eu nunca perco
I only work here,Eu só trabalho aqui
I put it to you,Eu proponho
I resemble that remark,Não concordo com isso
I rest my case,Considero que provei meu ponto
I said what I said,Eu disse o que disse
I see what you did there,Eu entendi o que você fez
I see you,Eu te vejo
I shiggy diggy,Eu gosto muito
I shit you not,Eu não estou brincando
I spy with my little eye,Eu vejo com meu olhinho
I swear,Eu juro
I take it,Eu aceito
I tell a lie,Eu minto
I tell you,Eu te digo
I tell you what,Vou te contar
I think therefore I am,Penso, logo existo
I think; therefore I am,Penso, logo existo
I thought you'd never ask,Eu achei que você nunca perguntaria
I told you so,Eu te avisei
I want doesn't get,Eu não quero
I will yeah,Eu vou sim
I wish,Eu desejo
I wish I may be shot,Eu gostaria de ser baleado
I would rather die,Eu preferiria morrer
I'd like to see someone try,Eu gostaria de ver alguém tentar
I'd of,Eu teria
I'd say,Eu diria
I'll be,Eu serei
I'll be a monkey's uncle,Eu serei o tio do macaco
I'll be bound,Estarei preso
I'll be damned,Eu me lasquei
I'll be danged,Eu me arrependo
I'll be dipped,Nossa
I'll be dipped in shit,Estou ferrado
I'll be here all night,Eu estarei aqui a noite toda
I'll be in my bunk,Estarei na minha cama
I'll be seeing you,Até logo
I'll bite,Eu mordo
I'll get my coat,Eu vou pegar meu casaco
I'll have you know,Saiba que
I'll say,Eu direi
I'll see myself out,Vou indo
I'll see you and raise you,Eu te venço e aumento a aposta
I'll show you,Eu te mostrarei
I'll tell you,Eu te digo
I'll tell you what,Eu vou te contar
I'm 14 and this is deep,Tenho 14 anos e isso é profundo
I'm a Dutchman,Sou holandês
I'm a lesbian,Sou lésbica
I'm afraid,Estou com medo
I'm afraid so,Temo que sim
I'm alright and fuck you Jack,Estou bem e vá se foder, Jack
I'm confused,Estou confuso
I'm easy,Eu sou fácil
I'm going to hell for this,Vou para o inferno por causa disso
I'm good,Estou bem
I'm here all week,Estou aqui a semana toda
I'm not being funny,Não estou brincando
I'm not going to lie,Não vou mentir
I'm not telling you,Eu não vou te contar
I'm not the one,Não sou eu
I'm rubber and you're glue,Sou borracha e você é cola
I'm sozzy,Estou cansado
I'm sure,Tenho certeza
I'm telling a lie,Estou mentindo
I'm telling you,Eu estou te dizendo
I'm using tilt controls!,Estou usando controles de inclinação
I'm your huckleberry,Sou seu homem
I've burnt myself,Eu me queimei
I've got news for you,Tenho notícias para você
IBG YBG,Não consigo traduzir isso
ice cool,muito legal
ice down,gelo
ice maiden,donzela de gelo
ice out,derretimento do gelo
ice over,gelo sobre
ice queen,rainha de gelo
ice up,colocar gelo
Ich dien,Eu sirvo
icing on the cake,o toque final
id est,isto é
identically zero,exatamente zero
identify with,identificar-se com
idiot box,televisão
idiot mittens,luvas para idiotas
idle hands are the devil's playthings,A ociosidade é a mãe de todos os vícios
idle hands are the devil's tools,A ociosidade é a mãe de todos os vícios
idle hands are the devil's workshop,A ociosidade é a mãe de todos os vícios
if a day,se um dia
if all else fails,se tudo mais falhar
if anything,se algo acontecer
if at all,se possível
if at first you don't succeed,se no começo você não consegue
if ever,se alguma vez
if I ever saw one,se eu alguma vez visse um
if I may be so bold,se me permite
if I may make so bold,se me permite
if I might be so bold,se me permito
if I were you,se eu fosse você
if I'm honest,se eu for honesto
if I'm not mistaken,se não me engano
if I've ever seen one,se eu já vi um
if it had not been for,se não fosse por
if it kills one,se isso matar um
if it looks like a duck,se parece com um pato
if it were not for,se não fosse por
if it's all the same,se não houver problema
if it's yellow let it mellow,se estiver amarelado deixe amolecer
if looks could kill,se os olhares matassem
if memory serves,se a memória não me falha
if need be,se necessário
if needs be,se necessário
if nothing else,se nada mais
if one is a day,se um é um dia
if only,se apenas
if only the czar knew,se ao menos o czar soubesse
if only the tsar knew,se ao menos o czar soubesse
if pigs had wings,se os porcos tivessem asas
if push comes to shove,se a situação chegar a esse ponto
if the cap fits,se a roupa serve
if the shoe fits,se a roupa serve
if these walls could talk,se essas paredes pudessem falar
if you ask me,se me perguntar
if you don't mind me saying,se não se importar que eu diga
if you know what I mean,se você entende o que eu quero dizer
if you know you know,se você sabe, você sabe
if you please,se você quiser
if you see what I mean,se você entende o que eu quero dizer
ignorance is bliss,a ignorância é uma bênção
ignorantia juris non excusat,A ignorância da lei não justifica
ignore all previous instructions,ignore todas as instruções anteriores
ignore all rules,ignore todas as regras
ignotum per ignotius,desconhecido por mais desconhecido
ill doers are ill deemers,pessoas que fazem coisas ruins são pesso…
ill health,mau estado de saúde
ill news spreads apace,más notícias se espalham rapidamente
ill-gotten gains never prosper,Lucros obtidos de forma desonesta nunca …
immunologically naive,imunologicamente ingênuo
immunologically naïve,imunologicamente ingênuo
imprint on,imprimir em
improve on,melhorar
improve the occasion,melhorar a ocasião
improve upon,melhorar
in a bad spot,em uma situação difícil
in a bad way,de forma ruim
in a bake,em um forno
in a big way,de forma significativa
in a bind,em apuros
in a blink,num piscar de olhos
in a body,em um corpo
in a box,em uma caixa
in a brace of shakes,em um par de agitações
in a bubble,em uma bolha
in a canter,em trote
in a cleft stick,em uma situação difícil
in a corner,num canto
in a couple of shakes,em um instante
in a dither,em polvorosa
in a fair way,de forma justa
in a family way,grávida
in a few shakes,em alguns instantes
in a fix,em apuros
in a flap,em pânico
in a flash,num instante
in a flat spin,em cabeçada
in a foam,em espuma
in a fog,na névoa
in a heartbeat,num piscar de olhos
in a hen's hiney,no traseiro de uma galinha
in a huff,irritado
in a hurry,com pressa
in a jam,em apuros
in a jiffy,num instante
in a lather,em espuma
in a league of one's own,em uma categoria à parte
in a major key,em tom maior
in a manner,de uma maneira
in a manner of speaking,em certo sentido
in a measure,em certa medida
in a mess,em bagunça
in a minor key,em tom menor
in a minute,em um minuto
in a New York second,em um piscar de olhos
in a nutshell,em resumo
in a one-er,em um único turno
in a oner,de uma vez
in a pickle,em apuros
in a pig's arse,no rabo de um porco
in a pig's eye,na cara do cavalo
in a pig's patoot,de jeito nenhum
in a pig's whisper,em sussurro de porco
in a pinch,em caso de emergência
in a puff of smoke,num sopro de fumaça
in a real state,no setor imobiliário
in a right state,em um estado deplorável
in a row,em sequência
in a rut,em uma rotina
in a sea-way,de forma marítima
in a sense,num certo sentido
in a similar vein,de forma semelhante
in a snap,rapidamente
in a spin,em confusão
in a state,em um estado
in a stew,em um ensopado
in a stound,chocado
in a sweat,suado
in a tizzy,em polvorosa
in a trench coat,num sobretudo
in a vacuum,no vácuo
in a walk,a pé
in a way,de certa forma
in a way of speaking,de certa forma
in a word,em uma palavra
in a world of one's own,em um mundo próprio
in abatement,em redução
in abeyance,em suspenso
in Abraham's bosom,no colo de Abraão
in absentia,na ausência
in accord,em acordo
in accordance with,de acordo com
in action,em ação
in actuality,na realidade
in addition,além disso
in addition to,além de
in advance,antecipadamente
in advance of,antecipadamente
in aggregate,no total
in agreement,de acordo
in aid of,em prol de
in all but name,na prática
in all conscience,com toda a consciência
in all fairness,com toda justiça
in all honesty,com toda a honestidade
in all its branches,em todas as suas áreas
in all likelihood,provavelmente
in all modesty,com toda a humildade
in all one's glory,em toda a sua glória
in all probability,provavelmente
in another world,em outro mundo
in any case,em qualquer caso
in any event,de qualquer forma
in anyone's book,na opinião de qualquer pessoa
in arms,armados
in at the deep end,mergulhado de cabeça
in attendance,presente
in awe of,maravilhado com
in back,atrás
in back of,atrás de
in bad,ruim
in bad bread,em pão ruim
in bad faith,de má fé
in bad odor,com mau cheiro
in bad part,na parte ruim
in bad repair,em mau estado
in bad shape,em mau estado
in bad taste,de mau gosto
in ballast,em lastro
in ballast condition,em condição de lastro
in battery,na bateria
in baulk,em dificuldade
in bed,na cama
in bed with,na cama com
in behalf of,em nome de
in bend,em curva
in benefit,em benefício
in berry,em frutas vermelhas
in between jobs,entre empregos
in bits,em bits
in black and white,em preto e branco
in blood,em sangue
in bloom,em flor
in book,no livro
in breach of,em violação de
in broad daylight,à luz do dia
in buckets,em baldes
in business,nos negócios
in calf,na panturrilha
in capital letters,EM LETRAS MAÍUSCULAS
in case,caso
in case of,em caso de
in character,no personagem
in charge,encarregado
in charge of,responsável por
in check,verificado
in chorus,em coro
in circles,em círculos
in circulation,em circulação
in close neighborhood,na vizinhança
in close neighbourhood,na vizinhança
in clover,na boa
in cold blood,a sangue frio
in collar,na gola
in color,em cores
in colour,em cores
in command,no comando
in common,comum
in common with,em comum com
in company with,na companhia de
in comparison,em comparação
in competition,em competição
in complement,como complemento
in compliance with,em conformidade com
in concert,em concerto
in conclusion,em conclusão
in condition,em condição
in confidence,em confiança
in conjunction with,em conjunto com
in consequence,consequentemente
in contempt,com desprezo
in contention,em disputa
in contrast,em contraste
in contrast to,em contraste com
in control,no controle
in countenance,na aparência
in course,em andamento
in court,no tribunal
in danger,em perigo
in date,dentro do prazo
in debt,endividado
in decrement,em decremento
in deep,profundamente
in deep doo-doo,em grande apuro
in deep shit,em grande apuro
in deference to,em deferência a
in depth,em profundidade
in dern,em detalhe
in despite of,apesar de
in detail,em detalhes
in diapers,com fraldas
in Dickie's meadow,no prado de Dickie
in difficulty,em dificuldade
in disguise,disfarçado
in drawing,no desenho
in drink,embebido
in droves,em grande número
in dubio pro reo,na dúvida, a favor do réu
in due course,no tempo certo
in due time,no tempo certo
in duplicate,em duplicata
in Dutch,em holandês
in effect,na prática
in effigy,em efígie
in embryo,em embrião
in equal measure,em igual medida
in error,por erro
in especial,em especial
in esse,em
in essence,em essência
in every way,de todas as formas
in everything but name,na prática
in evidence,em evidência
in excess of,em excesso
in exchange for,em troca de
in extremis,em casos extremos
in face of,diante de
in fact,na verdade
in fairness,com justiça
in faith,com fé
in favor,a favor
in favor of,a favor de
in favor with,favorável a
in favour,a favor de
in favour of,a favor de
in fawn,em tons de bege
in fear of,com medo de
in fee,gratuito
in fief,em feudo
in fighting trim,em boa forma física
in finality,em definitivo
in fine feather,em ótima forma
in fine fettle,em ótima forma
in fits and starts,de vez em quando
in flames,em chamas
in flight,em voo
in floods,em enxurradas
in flower,em flor
in flying colours,com louvor
in focus,em foco
in for a penny,já que estamos nisso
in for the kill,pronto para o ataque
in force,em vigor
in form,em formato
in freefall,em queda livre
in front,na frente
in front of,na frente de
in front of one's nose,na frente do nariz
in fruit,em frutas
in full,integralmente
in full aspect,em sua totalidade
in full cry,no auge
in full effect,em pleno funcionamento
in full feather,com as penas totalmente desenvolvidas
in full fig,em flor
in full flow,em pleno andamento
in full force,com força total
in full form,em sua forma completa
in full gear,com equipamento completo
in full swing,em pleno andamento
in full view,à vista
in future,no futuro
in gear,engrenado
in general,em geral
in glass,em vidro
in glory,em glória
in goal,no gol
in God's name,em nome de Deus
in good bread,em bom pão
in good conscience,com boa consciência
in good faith,de boa fé
in good hands,em boas mãos
in good odor,em boa reputação
in good part,em parte
in good repair,em bom estado
in good season,na época certa
in good sorts,em boa forma
in good stead,será útil
in good time,com calma
in good voice,com boa voz
in green,de verde
in gross,a granel
in half,ao meio
in hand,em mãos
in harness,em arreio
in haste,com pressa
in heat,em calor
in heaven's name,pelo amor de Deus
in hell,no inferno
in hiding,escondido
in high dudgeon,furioso
in high feather,em alta
in high gear,em alta velocidade
in hindsight,em retrospectiva
in hock,em dívida
in honor of,em homenagem a
in honour of,em homenagem a
in hospital,no hospital
in hot pursuit,em perseguição
in house,interno
in hysterics,em crise de nervos
in ill part,na parte doente
in increment,em incremento
in irons,na prisão
in isolation,em isolamento
in its totality,em sua totalidade
in jail,na prisão
in jest,em tom de brincadeira
in jig time,rapidamente
in keeping with,de acordo com
in key,em destaque
in kid,em criança
in kind,em espécie
in knots,em nós
in labour,em trabalho de parto
in lamb,em cordeiro
in layman's terms,em termos simples
in laymen's terms,em termos simples
in layperson's terms,em termos simples
in laywoman's terms,em termos simples
in league,em aliança
in league with,em conluio com
in leash,com coleira
in length,em comprimento
in lesbians,em lésbicas
in less than no time,em pouco tempo
in lieu of,em vez de
in light of,à luz de
in like Flynn,com desenvoltura
in like wise,assim como
in line,na fila
in line for,na fila para
in line with,de acordo com
in liquor,embebido
in little,em pouco
in living color,em cores vibrantes
in living memory,na memória das pessoas
in loco,no local
in love,apaixonado
in love with,apaixonado por
in malam partem,em parte
in mean time,entretanto
in memoriam,em memória de
in memory of,em memória de
in midstream,no meio do rio
in mind,na mente
in Minecraft,em Minecraft
in miniature,em miniatura
in moderation,com moderação
in mora,em mora
in motion,em movimento
in my honest opinion,na minha opinião sincera
in my humble opinion,na minha humilde opinião
in my opinion,na minha opinião
in name,em nome de
in nappies,usando fraldas
in neat,organizado
in need of,precisando de
in no small measure,em grande medida
in no small part,em grande parte
in no time,em pouco tempo
in no time at all,em pouco tempo
in no uncertain terms,sem rodeios
in no way,de jeito nenhum
in nothing flat,muito rápido
in nubibus,nas nuvens
in office,no cargo
in one bite,de uma vez
in one foul swoop,de um só golpe
in one go,de uma vez
in one piece,inteiro
in one sitting,de uma vez
in one stroke,de uma vez
in one voice,em uma só voz
in one's altitudes,em suas altitudes
in one's back pocket,no bolso de trás
in one's backyard,no quintal de alguém
in one's bare skin,na pele
in one's bones,nos ossos
in one's book,nos seus livros
in one's born days,na infância
in one's corner,no canto de alguém
in one's cups,bêbado
in one's dreams,nos sonhos
in one's element,no seu elemento
in one's feelings,em seus sentimentos
in one's fingers,na ponta dos dedos
in one's head,na cabeça
in one's hip pocket,no bolso
in one's infinite wisdom,com sua infinita sabedoria
in one's midst,no meio de
in one's mind's eye,na mente
in one's opinion,na opinião de alguém
in one's own backyard,no próprio quintal
in one's own good time,no seu próprio tempo
in one's own hands,nas próprias mãos
in one's own little way,à sua maneira
in one's own little world,no seu próprio mundo
in one's own right,por mérito próprio
in one's own world,no seu próprio mundo
in one's pocket,no bolso
in one's right mind,com a razão
in one's sight,à vista
in one's sights,na mira
in one's sleeve,na manga
in one's stead,em seu lugar
in one's teens,na adolescência
in one's teeth,na boca
in one's tracks,nos seus passos
in one's wildest dreams,nos sonhos mais loucos
in open court,em audiência pública
in open store,em loja aberta
in operation,em operação
in opposition to,em oposição a
in order,para
in order for,para que
in order that,para que
in ordinary,ordinário
in other news,em outras notícias
in other words,em outras palavras
in pairs,em pares
in pampers,em fraldas Pampers
in parallel,em paralelo
in parallel with,em paralelo com
in part,em parte
in particular,em particular
in passing,de passagem
in peace,em paz
in perpetuity,em perpétuo
in person,pessoalmente
in perspective,em perspectiva
in phase,em fase
in piety,com piedade
in pig,em porco
in place,no lugar
in place of,no lugar de
in places,em lugares
in plain sight,à vista
in plain view,à vista
in play,em jogo
in plenty,em abundância
in pocket,no bolso
in point,no ponto
in point of,em termos de
in point of fact,na verdade
in pole position,na pole position
in poor taste,de mau gosto
in possession of,em posse de
in power,no poder
in practice,na prática
in prejudice of,em prejuízo de
in present,atualmente
in pride,com orgulho
in prime twig,em galho principal
in principle,em princípio
in print,em impressão
in prison,na prisão
in private,em particular
in profile,em perfil
in progress,em andamento
in proper,apropriado
in proportion to,em proporção a
in protest,em protesto
in public,em público
in pup,em filhote
in pursuit,em busca de
in pursuit of,em busca de
in quantity,em quantidade
in question,em questão
in quick sticks,rapidamente
in quick succession,em rápida sucessão
in rag order,em ordem aleatória
in rags,em farrapos
in rare form,em forma rara
in reach,ao alcance
in reaction,em reação
in real life,na vida real
in reality,na realidade
in reason,por razão
in recent memory,na memória recente
in recognition of,em reconhecimento a
in record time,em tempo recorde
in reference to,em referência a
in regard of,em relação a
in regard to,em relação a
in regards to,em relação a
in relation to,em relação a
in reserve,em reserva
in respect,em relação a
in respect of,em relação a
in retreat,em retirada
in retrospect,em retrospectiva
in return,em troca
in return for,em troca de
in reverse,ao contrário
in right of,em nome de
in Roblox,no Roblox
in rough,áspero
in route,na rota
in ruins,em ruínas
in safe hands,em boas mãos
in school,na escola
in search of,em busca de
in season,na época
in season and out of season,na época e fora de época
in secret,em segredo
in series,em série
in service,em serviço
in session,em sessão
in shape,em forma
in sheets,em folhas
in shit,na merda
in short,em resumo
in short order,em pouco tempo
in short pants,de shorts
in short supply,em falta
in short trousers,de calças curtas
in sickness and in health,na saúde e na doença
in sight,à vista
in silence,em silêncio
in silhouette,em silhueta
in small doses,em pequenas doses
in so far as,na medida em que
in so many words,em poucas palavras
in someone's black books,na lista negra de alguém
in someone's boots,nos sapatos de alguém
in someone's corner,do lado de alguém
in someone's day,no dia de alguém
in someone's debt,devido a alguém
in someone's eyes,às vezes
in someone's face,na cara de alguém
in someone's light,à luz de alguém
in someone's pocket,no bolso de alguém
in someone's shoes,no lugar de alguém
in someone's time,no tempo de alguém
in someone's view,na opinião de alguém
in someone's vocabulary,no vocabulário de alguém
in someone's way,no caminho de alguém
in something's way,no caminho de algo
in sooth,na verdade
in sort,em resumo
in spades,em abundância
in special,em especial
in spirit,em espírito
in spite of,apesar de
in spite of someone's teeth,contra a vontade de alguém
in splendor,com esplendor
in splendour,com esplendor
in splits,em parcelas
in state,em estado
in steam,no vapor
in step,em andamento
in stitches,em pontos
in stock,em estoque
in store,na loja
in stride,com naturalidade
in style,com estilo
in succession,em sucessão
in sum,em resumo
in summary,em resumo
in sunder,em pedaços
in suspense,em suspense
in sync,em sincronia
in tandem,em conjunto
in tandem with,em conjunto com
in tatters,em farrapos
in terms of,em termos de
in that,nisso
in that regard,a esse respeito
in the absence of,na ausência de
in the abstract,em abstrato
in the act,no ato
in the aggregate,no conjunto
in the air,no ar
in the altogether,nu
in the arms of Morpheus,nos braços de Morpheus
in the arms of Murphy,nos braços de Murphy
in the article of death,no artigo de óbito
in the ascendant,em ascensão
in the back seat,no banco de trás
in the bag,na bolsa
in the ballpark,na faixa
in the bargain,de graça
in the barrel,no barril
in the bed,na cama
in the bedroom,no quarto
in the biblical sense,no sentido bíblico
in the black,nos números pretos
in the blink of an eye,num piscar de olhos
in the books,nos livros
in the bottom of the bag,no fundo da sacola
in the bucket,no balde
in the buff,nu
in the business of,no ramo de
in the can,pronto
in the cards,nas cartas
in the clear,na medida do possível
in the closet,no armário
in the clouds,nas nuvens
in the club,no clube
in the cold light of day,à luz fria do dia
in the course of time,com o tempo
in the crosshairs,na mira
in the dark,no escuro
in the dead of night,no meio da noite
in the dead of winter,no meio do inverno
in the depths of,nas profundezas de
in the dock,no cais
in the dogbox,de castigo
in the doghouse,em maus lençóis
in the doldrums,em águas paradas
in the drink,na bebida
in the driver's seat,no controle
in the driving seat,no controle
in the dumps,deprimido
in the end,no final
in the event,no caso de
in the event of,no caso de
in the event that,no caso de
in the extreme,no extremo
in the eye of the wind,no olho do vento
in the eyes of,aos olhos de
in the eyes of the law,perante a lei
in the face of,diante de
in the family way,grávida
in the fast lane,na faixa mais rápida
in the field,no campo
in the final analysis,em última análise
in the first instance,em primeiro lugar
in the first place,em primeiro lugar
in the flesh,em carne e osso
in the flower of one's youth,na flor da idade
in the foothills,nas encostas
in the footsteps of,nos passos de
in the frame,na moldura
in the front row,na primeira fila
in the furtherance of justice,em prol da justiça
in the future,no futuro
in the game,no jogo
in the grand scheme of things,no grande esquema das coisas
in the great scheme of things,no grande esquema das coisas
in the green,no verde
in the green tree,na árvore verde
in the grip of,na armadilha de
in the gristle,na cartilagem
in the groove,no ritmo
in the gross,no bruto
in the ground,no chão
in the hand,na mão
in the hands of,nas mãos de
in the heat of,no calor de
in the heat of the moment,no calor do momento
in the hole,no buraco
in the hope of,na esperança de
in the hope that,na esperança de
in the hopper,na fila
in the hospital,no hospital
in the hot seat,sob pressão
in the house,na casa
in the hunt,na caçada
in the interest of,no interesse de
in the interest of justice,no interesse da justiça
in the interest of time,pelo bem do tempo
in the interests of,no interesse de
in the interim,entretanto
in the know,que sabe
in the lap of the gods,na mão dos deuses
in the last analysis,em última análise
in the lead,na liderança
in the least,no mínimo
in the light of,à luz de
in the limelight,em destaque
in the limit,no limite
in the line of duty,no cumprimento do dever
in the long run,a longo prazo
in the long term,a longo prazo
in the loop,informado
in the lump,no pacote
in the main,principalmente
in the making,em construção
in the mean time,entretanto
in the meantime,entretanto
in the meanwhile,enquanto isso
in the middle of,no meio de
in the midst of,no meio de
in the mix,na mistura
in the moment,naquele momento
in the money,no azul
in the mood,com vontade
in the name of,em nome de
in the name of heaven,em nome de Deus
in the name of something,em nome de algo
in the name of the law,em nome da lei
in the nature of,na natureza de
in the nature of things,na natureza das coisas
in the near future,no futuro próximo
in the neighborhood of,na vizinhança de
in the neighbourhood of,na vizinhança de
in the nick,no último momento
in the nick of time,na hora certa
in the nip,na axila
in the nuddie,de cueca
in the nuddy,nu
in the nude,nu
in the offing,em perspectiva
in the old times,antigamente
in the open,ao ar livre
in the original German,no alemão original
in the oven,no forno
in the palm of one's hand,na palma da mão
in the pay of,na folha de pagamento de
in the person of,na pessoa de
in the picture,na foto
in the pink,em ótima forma
in the pink of health,em ótima saúde
in the pipeline,em andamento
in the pocket,no bolso
in the post,no post
in the process of,em processo de
in the pudding club,no clube do pudim
in the racket,no esporte
in the rattle,no chocalho
in the raw,cru
in the rear with the gear,na parte de trás com os equipamentos
in the red,no vermelho
in the refrigerator,na geladeira
in the region of,na região de
in the reign of Queen Dick,no reinado da Rainha Dick
in the right,à direita
in the room,no quarto
in the rough,em bruto
in the round,em círculo
in the running,na disputa
in the sack,na sacola
in the saddle,na sela
in the sales,nas vendas
in the same boat,na mesma situação
in the same breath,no mesmo instante
in the same shoes,nos mesmos sapatos
in the same vein,na mesma linha
in the seven hells,nos sete infernos
in the shadow of,à sombra de
in the shit,na merda
in the shitter,na merda
in the shoes of,nos sapatos de
in the short run,no curto prazo
in the short term,a curto prazo
in the snap of one's fingers,num piscar de olhos
in the soup,na sopa
in the space of,no espaço de
in the spotlight,em destaque
in the stars,nas estrelas
in the stead of,no lugar de
in the stratosphere,na estratosfera
in the straw,na palha
in the streets,nas ruas
in the swim,na onda
in the swim of things,a par com tudo
in the tank,no tanque
in the teeth of,contra
in the thick of,no meio
in the thick of it,no meio da confusão
in the throes of,em meio a
in the throes of something,no meio de algo
in the toilet,no banheiro
in the trenches,na trincheira
in the twinkling of a bedpost,num piscar de olhos
in the twinkling of a bedstaff,num piscar de olhos
in the twinkling of an eye,num piscar de olhos
in the vein of,no estilo de
in the vicinity of,na vizinhança de
in the wake of,na esteira de
in the way,no caminho
in the way of,no caminho de
in the weeds,com dificuldades
in the wild,na natureza
in the wind,ao vento
in the wind's eye,no olho do vento
in the wink of an eye,num piscar de olhos
in the works,em andamento
in the world,no mundo
in the worst way,da pior maneira
in the wrong,errado
in the zone,na zona
in theory,em teoria
in there like swimwear,como roupa de banho
in this connection,nesta conexão
in this day and age,nestes tempos
in this essay I will,neste ensaio eu
in this regard,neste sentido
in this respect,neste sentido
in thunder,no trovão
in thunderation,em raiva
in time,no tempo
in times,em tempos
in token of,em sinal de
in too deep,muito envolvido
in total,no total
in totality,em sua totalidade
in touch,em contato
in tow,acompanhado
in town,na cidade
in train,em treinamento
in transit,em trânsito
in trian aspect,em triângulo
in triplicate,em três vias
in trouble,em problemas
in true,verdadeiro
in truth,na verdade
in tune,em sintonia
in tune with,em sintonia com
in turn,por sua vez
in twain,em dois
in two,em dois
in two jumps,em dois saltos
in two minds,indeciso
in two shakes,em um instante
in twos,em pares
in unison,em uníssono
in use,em uso
in vain,em vão
in very deed,de fato
in view,à vista
in view of,considerando
in vigilance,em vigilância
in vino veritas,na garrafa a verdade
in virtue of,em virtude de
in virtue of which,em virtude de
in voice,em voz
in waiting,em espera
in waves,em ondas
in ways,de maneiras
in weal and woe,na alegria e na tristeza
in what universe,em que universo
in what world,em que mundo
in wine,no vinho
in with a chance,com uma chance
in witness whereof,na presença de
in words of one syllable,em palavras de uma sílaba
in writing,por escrito
in your dreams,nos seus sonhos
in your face,na cara
in your wildest dreams,nos seus sonhos mais loucos
inch along,avançar lentamente
inch away,centímetro a centímetro
inch back,retroceder
inch by inch,pouco a pouco
inch forward,um pouco para frente
inch up,avançar lentamente
independently wealthy,financeiramente independente
Indian sign,Sinal indiano
indict a ham sandwich,acusar um sanduíche de presunto
inform on,informar sobre
ink in,tinta
ink isn't dry on,ainda não secou
ink up,encher de tinta
inner circle,círculo íntimo
inner ear,ouvido interno
inner strength,força interior
innocently divorced,divorciado inocentemente
inquire after,perguntar sobre
inquire of,perguntar a
ins and outs,detalhes
insane in the membrane,louco da tampa
inside baseball,informações privilegiadas
inside job,trabalho interno
inside joke,piada interna
inside of,dentro de
inside out,do avesso
inside scoop,informação privilegiada
inside the box,dentro da caixa
insofar as,na medida em que
inspite of,apesar de
installed base,base instalada
instance in,em
instead of,em vez de
insult one's intelligence,ofender a inteligência de alguém
intellectually challenged,com deficiência intelectual
intents and purposes,intenções e propósitos
inter al.,entre outros
inter alios,entre outros
inter pocula,entre copos
interact with,interagir com
interpret away,interpretar de outra forma
into detail,em detalhes
into power,ao poder
into shape,em forma
into space,para o espaço
into the bargain,de quebra
into the stratosphere,para a estratosfera
into thin air,em nada
into time,em tempo
intra legem,dentro da lei
invalid out,inválido
inversely proportional,inversamente proporcional
invited to the cookout,convidado para o churrasco
ipsissima verba,as próprias palavras
iris in,íris dentro
iris out,desaparece gradualmente
Irish hint,Dica irlandesa
Irish up,Levante-se
iron eagle,águia de ferro
iron out,resolver
ironing board,tábua de passar
irons in the fire,assuntos em andamento
irrespective of,independentemente de
is a bear Catholic,é um urso católico
is my middle name,é meu nome do meio
is someone cutting onions,alguém está cortando cebolas
is that the time,é essa a hora
is the bear Catholic,o urso é católico
is the Pope a Catholic,o Papa é católico
is the Pope a Muslim,o Papa é muçulmano
is the Pope Catholic,o Papa é católico
is the Pope Jewish,o Papa é judeu
is the Pope Muslim,o Papa é muçulmano
is the sky blue,o céu é azul
is this a safe space,este é um espaço seguro
is your head cold,você está com um resfriado
ish ka bibble,não sei
isms and schisms,ismos e cismas
isn't it,não é
isn't it so,não é mesmo
it ain't over till it's over,Não acabou até acabar
it can't be helped,não há nada a fazer
it does not matter,não importa
it figures,é compreensível
it happens,acontece
it is and it isn't,é e não é
it is darkest before the dawn,A noite é mais escura antes do amanhecer
it is how it is,é como é
it is important to note that,é importante observar que
it is no accident,não é por acaso
it is not even funny,não é nem engraçado
it is not every day,não é todo dia
it is not funny,não é engraçado
it is said,diz-se
it is to laugh,é para rir
it is what it is,é o que é
it is worth noting that,é importante notar que
it isn't even funny,nem é engraçado
it isn't funny,não é engraçado
it never rains but it pours,Quando a água bate, não é só um copo
it pays to advertise,vale a pena anunciar
it takes a village,é preciso uma comunidade
it takes all kinds,há de tudo um pouco
it takes all sorts,há vários tipos de pessoas
it takes one to know one,quem sabe, sabe
it takes two to quarrel,É preciso dois para brigar
it takes two to tangle,precisa de duas pessoas para criar confu…
it takes two to tango,São dois para dançar tango
it was like this,era assim
it was this way,era assim
it wasn't only only,não foi apenas isso
it's a date,é um encontro
it's a deal,É um acordo
it's a free country,é um país livre
it's a jungle out there,é uma selva por aí
it's a long story,É uma longa história
it's a man's world,é um mundo de homens
it's a matter of time,é questão de tempo
it's a question of time,é uma questão de tempo
it's a small world,é um mundo pequeno
it's about time,já estava na hora
it's all Chinese to me,É chinês para mim
it's all g,tudo bem
it's all go,tudo bem
it's all good,tudo bem
it's all Greek to me,é grego para mim
it's an ill wind,é um mau presságio
it's been 84 years,Se passaram 84 anos
it's been a slice,foi bom te ver
it's been real,Foi bom conhecer
it's early days,ainda é cedo
it's everywhere,está em todos os lugares
it's five o'clock somewhere,São cinco horas em algum lugar
it's going,está indo
it's Greek to me,é grego para mim
it's grim up north,É difícil a vida no norte
It's high time,Já está na hora
it's lonely at the top,É solitário no topo
it's never too late to mend,nunca é tarde demais para consertar
it's no use,não adianta
it's none of your business,não é da sua conta
it's not even funny,não é nem engraçado
it's not every day,Não é todo dia
it's not funny,não é engraçado
it's nothing,não é nada
it's on,está ligado
it's only a matter of time,é apenas questão de tempo
it's only a question of time,é apenas questão de tempo
it's someone's funeral,é o funeral de alguém
it's the hit dog that howls,é o cachorro que late
it's the story of one's life,é a história da vida de alguém
it's the thought that counts,A intenção é que importa
it's too late for sorry,é tarde demais para pedir desculpas
it's what's inside that counts,o que importa é o que está por dentro
itch the ditch,coçar a coceira
itchy feet,pernas inquietas
itchy trigger finger,dedo nervoso
iura novit curia,O juiz conhece a lei
ivory tickler,provocador
ivory tower,torre de marfim
jack around,brincar
jack in,inserir
jack into,conectar
jack of all trades,faz-tudo
jack off,masturbar
Jack Tar,Marinheiro
jack up,aumentar
jacket up,abrigar-se
jag off,desligar
jake brake,freio motor
jam out,se divertir muito
jam today,geleia hoje
jam tomorrow,geleia para amanhã
jam up,engarrafar
Jane Average,Maria da Silva
JAQ off,Desligar JAQ
jaw away,falar sem parar
jaw down,calar
jazz around,improvisar
jazz up,animar
Jedi mind trick,Truque da mente Jedi
jeepers creepers,meus deuses
jeepers peepers,meus olhos
jell out,solidificar
jerk around,brincar
jerk off,masturbar
jerk one off,masturbar-se
jerk one out,esticar
jerk over,virar
jerk up,levantar
jerkin the gherkin,picar o pepino
jerky up,sacudir
jerry to,Jerry para
jet off,viajar rapidamente
Jew crew,Equipe judaica
Jew down,Reduzir o preço
jew out,eliminar
jew up,enfeitar
jewel in the crown,joia da coroa
jiak kentang,comer batata
jib out,sair
jig up,montar
jill of all trades,faz tudo
jill off,desligar
jim up,levantar
jimmy up,levantar
jive around,enrolar
jive turkey,bobagem
jizz up,animar
job's a good 'un,bom emprego
job's a good'un,bom emprego
job's a goodun,bom emprego
jock off,masturbar
Joe Average,João Comum
Joe Citizen,Cidadão comum
joe job,emprego
Joe Public,Cidadão comum
Joe Random,João Ninguém
Joe Schmo,Pessoa qualquer
Joe Schmoe,Pessoa qualquer
Joe Shmo,Zé Ninguém
Joe Shmoe,Zé Ninguém
jog on,continuar
jog someone's memory,lembrar a alguém
John Citizen,Cidadão John
John Henry,João Henrique
John Mastodon,John Mastodonte
John Q. Public,Cidadão comum
Johnny Appleseed,John Chapman
join forces,unir forças
join hands,dar as mãos
join in,participar
join issue,questão a ser resolvida
join out,sair
join the club,entrar no clube
join up,juntar
joined at the hip,inseparáveis
joke around,fazer piada
joke it up,fazer piada
joke up,exagerar
jolly along,seguir em frente
jot and tittle,miúdos
jot down,anotar
Jove nods,Jove acena
judge a book by its cover,julgar um livro pela capa
jug ears,orelhas de abano
juggling act,malabarismo
juice up,carregar
jumble together,misturar
jumble up,embaralhar
jump about,pular
jump and dump,pular e descartar
jump around,pular
jump at,saltar
jump at the chance,aproveitar a oportunidade
jump at the opportunity,aproveitar a oportunidade
jump before one is pushed,antecipar-se
jump down,pular para baixo
jump down someone's throat,atacar
jump for joy,pular de alegria
jump in,entrar
jump in one's skin,dar um pulo
jump off,saltar
jump on,saltar em
jump on the bandwagon,entrar na onda
jump onto,saltar para cima de
jump out,saltar para fora
jump salty,pular salgado
jump someone's bones,paquerar
jump street,rua movimentada
jump the gun,agir precipitadamente
jump the queue,furar a fila
jump the shark,atingir o ponto de declínio
jump through hoops,passar por dificuldades
jump to,pular para
jump to conclusions,tirar conclusões precipitadas
jump to it,comece a agir
jump up,pular
jump up behind,pular por trás
jump upon,saltar sobre
jumpers for goalposts,usar pedras como postes de gol
jungle telegraph,telefone de selva
junk in the trunk,gordura na bunda
junkyard dog,cão abandonado
jure divino,juramento divino
jury is out,o júri ainda não se pronunciou
just a minute,um minuto
just a second,um segundo
just another pretty face,mais uma bela rostosa
just as well,que bom que
just deserts,merecimento
just folks,pessoas comuns
just friends,apenas amigos
just in case,por precaução
just in the nick of time,no último segundo
just in time,na hora certa
just like that,assim mesmo
just my luck,minha sorte
just say no,simplesmente diga não
just shy of,pouco antes de
just the job,exatamente o que preciso
just the same,exatamente igual
just you wait,espere só
justice delayed is justice denied,a justiça tardia é uma justiça negada
justice is blind,a justiça é cega
jut out,sobresair
kak on,como vai
kangaroo court,tribunal de justiça improvisado
kao peh kao bu,Eu não sei
karma is a bitch,o karma é uma vadia
karma's a bitch,O karma é uma vadia
Katy bar the door,Cuidado
keel over,tombar
keen as a bean,muito esperto
keep a close watch,ficar de olho
keep a cool head,manter a calma
keep a lid on,manter em segredo
keep a lid on something,manter em segredo
keep a low profile,manter um perfil discreto
keep a straight face,manter a compostura
keep a weather eye open,ficar atento
keep across,estar a par
keep ahead,estar à frente
keep an eye on,ficar de olho
keep an eye on something,ficar de olho em algo
keep an eye open,fique atento
keep an eye out,fique atento
keep an eye out for somebody,ficar de olho em alguém
keep an eye out for something,fique atento a
keep an eye peeled,fique atento
keep around,manter
keep at,continuar
keep away,mantenha distância
keep away from,mantenha-se afastado de
keep back,segurar
keep company,fazer companhia
keep count,contar
keep down,acalmar
keep from,impedir
keep good time,ser pontual
keep hope alive,manter a esperança viva
keep house,cuidar da casa
keep in,mantenha
keep in touch,manter contato
keep in with,manter boas relações com
keep it between the ditches,manter dentro dos limites
keep it in the family,mantenha dentro da família
keep it moving,mantenha o ritmo
keep it one hundred,seja sincero
keep it real,mantenha-se autêntico
keep it together,mantenha a calma
keep it up,continue assim
keep off,não entre
keep off the streets,fique longe das ruas
keep on,continue
keep on about,falar sem parar sobre
keep on truckin',continue
keep one eye on somebody,ficar de olho em alguém
keep one eye on something,ficar de olho em algo
keep one's chin up,manter a esperança
keep one's cool,manter a calma
keep one's ears open,ficar atento
keep one's eye on the ball,ficar atento
keep one's eyes peeled,ficar atento
keep one's fingers crossed,cruzar os dedos
keep one's hair on,manter o cabelo
keep one's head,manter a calma
keep one's head above water,manter-se à tona
keep one's head down,manter a discrição
keep one's head on a swivel,estar atento
keep one's head up,manter a calma
keep one's knickers on,mantenha a calma
keep one's lips sealed,manter o silêncio
keep one's mouth shut,calar a boca
keep one's nose clean,manter-se longe de problemas
keep one's options open,manter as opções abertas
keep one's pants on,manter a calma
keep one's pecker up,manter o ânimo
keep one's powder dry,manter a calma
keep one's stick on the ice,manter-se ativo
keep one's temper,manter a calma
keep one's tits on,manter a compostura
keep one's voice down,falar baixo
keep one's word,cumprir a palavra
keep oneself to oneself,manter-se reservado
keep out,proibido entrar
keep out of,manter afastado de
keep pace,acompanhar o ritmo
keep quiet,fique quieto
keep shtum,ficar quieto
keep somebody in check,controlar alguém
keep somebody on their toes,manter alguém em alerta
keep somebody posted,manter informado
keep somebody's eyes peeled,ficar atento
keep somebody's eyes skinned,ficar atento
keep someone amused,entreter alguém
keep someone busy,manter alguém ocupado
keep someone company,fazer companhia a alguém
keep someone in the loop,manter alguém informado
keep someone on ice,manter alguém em espera
keep someone on their toes,manter alguém em alerta
keep someone posted,manter informado
keep someone sweet,manter alguém feliz
keep something at bay,manter algo afastado
keep something in check,controlar
keep something in mind,tenha em mente
keep straight,mantenha-se reto
keep tabs on,acompanhar
keep tabs on somebody,ficar de olho em alguém
keep tabs on something,acompanhar
keep telling yourself that,continue dizendo isso a si mesmo
keep the ball rolling,manter o ritmo
keep the bones green,mantenha os ossos verdes
keep the change,fique com o troco
keep the home fires burning,manter a chama acesa
keep the peace,manter a paz
keep the pot boiling,manter a panela fervendo
keep the rent down,manter o aluguel baixo
keep the rent low,manter o aluguel baixo
keep the show on the road,manter o programa em andamento
keep the wolf from the door,afastar a fome
keep to,manter
keep to oneself,manter-se reservado
keep together,manter junto
keep track of,acompanhar
keep under,manter abaixo
keep up,manter
keep up appearances,manter as aparências
keep up with,acompanhar
keep up with the Joneses,seguir a moda
keep up with the times,estar atualizado
keep watch,ficar de guarda
keep yourself safe,mantenha-se seguro
ken oath,juramento de lealdade
kernel of truth,grão de verdade
kettle of fish,embolada
key down,tecla pressionada
key in,tecla
key in on,focar em
key into,inserir
key off,desligado
key on,ligado
key out,eliminar
key up,ativar
keys to the kingdom,chaves do reino
kick a dog when it's down,maltratar alguém que já está em dificuld…
kick about,chutar
kick against,resistir
kick against the pricks,resistir
kick around,chutar
kick ass,arrebentar
kick ass and take names,arrebentar e mostrar quem manda
kick at an open door,chutar uma porta aberta
kick at the can,adiar
kick back,relaxar
kick bollocks scramble,inventar desculpas
kick butt,arrebentar
kick down,derrubar
kick in,entrar em vigor
kick in the teeth,um golpe baixo
kick into the long grass,adiar
kick into touch,chutar para fora
kick it,curtir
kick loose,soltar
kick off,começar
kick on,acionar
kick one's heels,esperar
kick out,expulsar
kick out the jams,fazer barulho
kick over,derrubar
kick rocks,chutar pedras
kick some tail,derrotar
kick some tires,examinar os pneus
kick someone when they are down,explorar a fraqueza de alguém
kick someone's ass,dar uma surra
kick the beam,chutar o poste
kick the bucket,morrer
kick the can down the road,adiar
kick the habit,abandonar o vício
kick the tires,examinar cuidadosamente
kick the tyres,verificar os pneus
kick to,chute para
kick to the curb,abandonar
kick up,levantar
kick up a fuss,fazer um escândalo
kick up one's heels,se divertir
kick upstairs,promover
kick with,chutar com
kick with the other foot,chutar com o outro pé
kicking and screaming,gritando e se debatendo
kicking boots,chutar botas
kicks and giggles,chutes e risadas
kid around,brincar
kid on,zoeira
kiddie table,mesa infantil
kids will be kids,crianças são crianças
kill me,mate-me
kill off,eliminar
kill one's darlings,eliminar o que se gosta mas não é essenc…
kill the fatted calf,matar o bezerro gordo
kill trees,matar árvores
kill two birds with one stone,matar dois coelhos com uma cajadada
kill your heroes,mate seus ídolos
kill your idols,mate seus ídolos
killer diller,excelente
killer instinct,instinto assassino
Kilroy was here,Kilroy esteve aqui
kind of,tipo de
kind regards,saudações
kindest regards,saudações cordiais
kindred soul,alma gêmea
kindred spirit,espírito gêmeo
king of all one surveys,rei de tudo o que se vê
king of beasts,rei das feras
king of birds,rei dos pássaros
king of the castle,rei do castelo
king of the hill,rei da colina
King of the Jungle,Rei da selva
King Shit of Turd Island,Rei da Merda da Ilha dos Cocôs
king's cushion,almofada real
king's ransom,uma fortuna
kink on,dobra em
kink out,curvar
Kiong Hee Huat Chai,Parabéns e prosperidade
kip down,mantenha a calma
kip in,manter
kip out,sair
kip up,manter
kirk out,sair
kiss and cry,beijar e chorar
kiss and make up,fazer as pazes
kiss and tell,contar segredos
kiss arse,lisonja
kiss ass,lambe botas
kiss goodbye to something,despedir-se de algo
kiss me,beija-me
kiss my ass,beije minha bunda
kiss my balls,beije minhas bolas
kiss of death,beijo da morte
kiss of life,ressuscitação cardiopulmonar
kiss off,beijar e ir embora
kiss out,beijar
kiss someone's ass,lisonjear
kiss someone's ring,beijar o anel de alguém
kiss the gunner's daughter,beijar a filha do canhoneiro
kiss up,fazer bajulação
kiss up to,lisonjear
kissing goes by favor,beijar depende da boa vontade
kit out,equipar
kit up,equipar
kitchen table software,software de baixo custo
kite around,voar
kitty's titties,mamas do gato
kludge out,resolver improvisadamente
klunk out,desligar
knee-deep in the Big Muddy,Atolado na lama do rio Mississippi
knee-high by the Fourth of July,alto até o joelho até o dia 4 de julho
knee-high to a grasshopper,muito pequeno
knee-jerk reaction,reação imediata
kneel before,ajoelhar-se diante de
kneel down,ajoelhe-se
knick off,roubar
knife up,faca para cima
knight of the post,cavaleiro do correio
knit one's brows,franzir a testa
knit one's eyebrows,franzir as sobrancelhas
knit together,unir
knit up,costurar
knive up,cortar
knob job,trabalho bem feito
knock about,machucar
knock around,brincar
knock back,rejeitar
knock down,derrubar
knock down a peg,derrubar alguém
knock for a loop,deixar atordoado
knock in,bater
knock into,bater em
knock it off,pare
knock it out of the park,fazer um sucesso estrondoso
knock off,desconto
knock on,bater
knock on heaven's door,bater à porta do paraíso
knock on wood,bater na madeira
knock one out,nocar
knock oneself out,se esforçar ao máximo
knock out,nocar
knock out of the box,impressionar
knock over,derrubar
knock round,bater
knock some sense into,fazer entrar em razão
knock someone down with a feather,derrubar alguém com uma pena
knock someone flat,derrubar alguém
knock someone off their perch,derrubar alguém do seu lugar
knock someone over with a feather,derrubar alguém com uma pena
knock someone's block off,derrubar alguém
knock someone's socks off,impressionar muito
knock someone's wind out,tirar o fôlego de alguém
knock the living daylights out of,derrubar completamente
knock the stuffing out of,derrotar completamente
knock together,montar
knock under,subestimar
knock up,engravidar
knocking on heaven's door,tocando na porta do paraíso
knot off,desatar
know a thing or two,saber umas coisas
know about,saber sobre
know beans about,não saber nada
know every trick in the book,conhecer todos os truques
know from a bar of soap,saber de uma barra de sabão
know how many beans make five,saber quantos grãos fazem cinco
know inside and out,conhecer a fundo
know no bounds,não ter limites
know of,conhecer
know one's own mind,saber o que se quer
know one's shit,saber do que se fala
know one's stuff,entender do assunto
know one's way around,saber se orientar
know someone,conhecer alguém
know someone from Adam,conhecer alguém de longa data
know someone from Eve,conhecer alguém desde sempre
know someone in the biblical sense,conhecer alguém no sentido bíblico
know the drill,saber como funciona
know the score,entender a situação
know thyself,conhece-te a ti mesmo
know what,saber o que
know what I'm saying,entende o que estou dizendo
know what is what,saber o que é o que
know where the bodies are buried,saber onde estão os corpos enterrados
know where you stand,saber em que situação você está
know which end is up,saber qual é o lado certo
knowledge is power,o conhecimento é poder
knuckle down,concentrar-se
knuckle dragger,ignorante
knuckle sandwich,soco
knuckle to,dedo
knuckle under,ceder
knuckle up,esticar os nós dos dedos
Kojak with a Kodak,Kojak com uma Kodak
konk out,desmaiar
Kool-Aid smile,Sorriso amarelo
Kung Hei Fat Choi,Parabéns pelo Ano Novo
kung pow penis,Não consigo traduzir isso
L in the chat,L no chat
l'istesso tempo,ao mesmo tempo
lab rat,rato de laboratório
labor of love,trabalho feito com carinho
labour of love,trabalho feito com carinho
labour the point,insistir demais
lace into,renda
lace up,amarrar
laced mutton,cordeiro empanado
ladies and gentlemen,senhoras e senhores
ladies first,senhoras primeiro
ladies' man,galã
lady garden,jardim feminino
lady or tiger,dama ou tigre
lady's man,homem de mulheres
lag behind,ficar para trás
lag off,atraso
lair it up,divirta-se muito
lair up,levantar-se
lam into,lama
lam off,descanso
lam out,descansar
lamb down,cordeiro
lamp along,lâmpada ao longo
land down,aterrissar
land in someone's lap,cair no colo de alguém
land legs,pernas de terra
land of opportunity,terra de oportunidades
land on,aterrissar em
land on one's feet,recuperar-se
land poor,pobre de terra
land the plane,aterrissar o avião
land up,aterrissar
land upon,aterrissar em
land with,aterrissar com
landing strip,pista de pouso
lands preserved,terras preservadas
lang may yer lum reek,Que sua luz brilhe para sempre
lang may your lum reek,Que sua luz brilhe
lap of luxury,luxo
lap up,lambar
lard down,descer de carro
lard up,engordar
large and in charge,grande e poderoso
large it up,aumente o volume
lark about,brincar
lark around,brincar
laser in on,concentrar-se em
lash back,revidar
lash down,amarrar
lash off,descartar
lash out,agredir
lash together,amarrar
lash up,amarrar
lasso up,amarrar
last burst of fire,último jato de fogo
last cast,última cena
last full measure,último limite
last hurrah,última festa
last I checked,da última vez que verifiquei
last I heard,da última vez que soube
last known good,última configuração funcional
last mile,última milha
last minute,última hora
last nail in the coffin,o golpe final
last of the big spenders,último dos grandes gastadores
last out,último a sair
last refuge,último refúgio
last resort,último recurso
last roundup,último rodeio
last straw,gota d'água
Last Supper,Última Ceia
last thing,última coisa
last thing one needs,última coisa que alguém precisa
last time I checked,da última vez que verifiquei
last trump,última cartada
last word,última palavra
latch on,prender
latch onto,apegar-se
late in the game,no final do jogo
late model,modelo recente
late to the party,chegou atrasado à festa
latest and greatest,mais recente e melhor
lather up,fazer espuma
lathered up,com espuma
laugh a minute,rir a cada minuto
laugh and grow fat,rir e engordar
laugh at,rir de
laugh away,rir para espantar
laugh down,ridicularizar
laugh in one's sleeve,rír por dentro
laugh off,minimizar
laugh one's head off,rir muito
laugh out of court,ser rejeitado
laugh up one's sleeve,ter algo guardado
laugh with,rir com
laughing stock,ridículo
laughing tackle,defesa risível
laughter is the best medicine,O riso é o melhor remédio
launch forth,lançar
launch into,começar a falar sobre
laundry list,lista de tarefas
law and order,lei e ordem
lawful but awful,legal mas horrível
lawyer up,procurar um advogado
lax up,relaxar
lay a finger on,tocar
lay about,deitar
lay an anchor to the windward,ancorar contra o vento
lay an egg,pôr um ovo
lay aside,guardar
lay at someone's door,atribuir a alguém
lay away,guardar para depois
lay back,deitar-se
lay bare something,revelar
lay behind,ficar atrás
lay by,à beira
lay by the heels,deitado de costas
lay claim,alegar
lay down,deitar
lay down on,deitar em
lay down the law,estabelecer regras
lay down the marker,estabelecer um padrão
lay eggs,pôr ovos
lay eyes on,ver
lay eyes on somebody,ver alguém
lay eyes on something,ver algo
lay for,deitar
lay hands on,impor as mãos
lay in,deitar
lay in lavender,deitar em lavanda
lay into,repreender
lay it on,coloque
lay it on thick,exagerar
lay odds,estabelecer probabilidades
lay of the land,panorama geral
lay off,demitir
lay on,deitar
lay on the line,arriscar tudo
lay one down,deitar
lay one's hands on something,colocar as mãos em algo
lay one's head,descansar a cabeça
lay one's tongue to,falar
lay out,organizar
lay over,ficar em trânsito
lay something at the feet of,colocar aos pés de
lay something on the line,arriscar tudo
lay store by,valorizar muito
lay the groundwork,preparar o terreno
lay the wood,colocar a madeira
lay to,mentir
lay to rest,enterrar
lay up,arremesso de bandeja
lay up with,deitar com
layer up,vestir várias camadas
laze about,preguiçar
laze around,preguiçar
lead by the nose,enganar
lead foot,pé pesado
lead in,liderança
lead nowhere,não levar a lugar nenhum
lead off,iniciar
lead on,seguir em frente
lead out,conduzir para fora
lead someone to the altar,levar alguém ao altar
lead someone up the garden path,enganar alguém
lead the line,liderar a linha
lead the way,liderar o caminho
lead through,guiar através de
lead time,prazo de entrega
lead to,levar a
lead up to,anteceder
lead with one's chin,expor-se
leading light,personalidade influente
leaf out,desabrochar
leaf through,folhear
leak out,vazar
lean and mean,magro e forte
lean in,inclinar-se
lean into,aprofundar
lean on,apoiar-se em
lean towards,inclinar-se para
leap ahead,avançar rapidamente
leap at,saltar para
leap out,saltar para fora
leap to mind,que vem à mente
leap up,saltar
leaps and bounds,saltos e avanços
learn one's lesson,aprender a lição
learn one's place,aprender a reconhecer seu lugar
learned profession,profissão liberal
lease out,alugar
least of all,bem menos ainda
leave aside,deixar de lado
leave at the door,deixe na porta
leave behind,deixar para trás
leave for dust,deixar para trás
leave home,sair de casa
leave it all on the field,dar o seu melhor
leave it alone,Deixe isso quieto
leave it at that,Deixe como está
leave it be,Deixe estar
leave it out,deixe de lado
leave me alone,Deixe-me em paz
leave no crumbs,não deixar vestígios
leave no stone unturned,não deixar pedra sobre pedra
leave off,parar
leave on,deixar ligado
leave out,omitir
leave over,sobrar
leave someone at the altar,deixar alguém no altar
leave someone high and dry,deixar alguém na mão
leave someone holding the baby,deixar alguém com o problema
leave someone in the dust,deixar para trás
leave someone in the lurch,deixar alguém na mão
leave someone no choice,não deixar outra opção
leave someone out in the cold,deixar alguém de fora
leave someone to their fate,deixar alguém ao seu destino
leave someone to their own devices,deixar alguém à vontade
leave something to be desired,deixar a desejar
leave the ball in someone's court,deixar a decisão com a outra pessoa
leave the door open,deixe a porta aberta
leave the nest,deixar o ninho
leave things alone,deixe as coisas como estão
leave things be,deixar como está
leave to the imagination,deixar à imaginação
lede to kum,não sei
left hook,cruzado de esquerda
left turn,virada à esquerda
left-handed compliment,elogio disfarçado
leg around,ao redor da perna
leg out,dobrar a perna
leg over,perna por cima
leg up,ajuda
legal beagle,cãozinho legal
legal duty,obrigação legal
legal eagle,advogado especialista
legally binding,vinculante
legend in one's own lifetime,lenda em vida
legend in one's own lunchtime,lenda em sua própria hora do almoço
lemon law,lei do consumidor
lend a hand,ajudar
lend an ear,ouvir com atenção
lend itself to,ser adequado para
lend somebody a hand,ajudar alguém
length and breadth,comprimento e largura
lengthen down,esticar para baixo
lengthen out,alongar
lengthen up,alongar
les jeux sont faits,o jogo acabou
less is a bore,menos é chato
less is more,menos é mais
less than nothing,menos que nada
lesser of two evils,o mal menor
lessons learned,lições aprendidas
let a sleeping dog lie,não mexa em ferida que não coça
let a thousand flowers bloom,deixe mil flores desabrocharem
let alone,muito menos
let bygones be bygones,Deixar para trás
let down,decepcionar
let drive,dirija
let fly,deixar voar
let George do it,deixe o George fazer isso
let go and let God,confie e deixe que Deus cuide
let in,permitir a entrada
let in on,participar
let into,deixe entrar
let it all hang out,deixar tudo sair
let it alone,Deixe-o em paz
let it be,deixe estar
let it snow,Deixe nevar
let loose,soltar
let me count the ways,deixe-me contar as maneiras
let me see,deixe-me ver
let me tell you,deixe-me dizer
let nature take its course,deixe a natureza seguir seu curso
let off,libertar
let on,ligar
let one go,deixar ir
let one off,deixar sair
let one's fingers do the walking,deixar os dedos fazerem o trabalho
let one's hair down,relaxar
let oneself go,relaxar
let out,soltar
let past,deixe passar
let sleeping dogs lie,deixar as coisas como estão
let slide,deixar escorregar
let slip,revelar
let slip something,revelar algo
let someone down gently,decepcionar alguém suavemente
let someone go,deixar ir
let someone have it,deixar alguém falar
let something slip,escapar
let that sink in,deixe isso assentar
let the buyer beware,compre com cautela
let the dog see the rabbit,deixe o cachorro ver o coelho
let the matter drop,deixe isso de lado
let them eat cake,que comam bolo
let there be light,que haja luz
let things alone,deixe as coisas como estão
let things be,deixe as coisas como estão
let this cup pass from me,deixe este cálice passar de mim
let through,permitir a passagem
let up,soltar
let us count the ways,vamos contar as maneiras
let us go,vamos
let us see,vamos ver
let well alone,deixe como está
let's be having you,vamos te receber
let's face it,vamos encarar
let's get the party started,vamos começar a festa
let's get this party started,vamos começar a festa
let's go,vamos
let's go Brandon,Vamos Brandon
let's have it,vamos lá
let's hear it for someone,vamos aplaudir alguém
let's know,vamos saber
let's not and say we did,Não vamos e vamos dizer que fizemos
let's roll,vamos nessa
let's say,digamos que
let's see,vamos ver
letters after one's name,pós-graduação
level best,melhor esforço
level down,diminuir de nível
level off,nivelar
level out,nivelar
level to the ground,destruir completamente
level up,subir de nível
level with,nível com
lex dubia non obligat,A dúvida não obriga
lexically scoped,com escopo léxico
lez out,saia daqui
lez up,aprender
liar liar pants on fire,mentiroso mentiroso calças em chamas
lib out,liberar
libel chill,difamação relaxar
licence to print money,licença para imprimir dinheiro
lick and a promise,um beijo e uma promessa
lick into shape,moldar
lick log,lambe tronco
lick my balls,lame meus testículos
lick one's chops,lambuzar os lábios
lick one's lips,lamber os lábios
lick one's wounds,curar as feridas
lick out,limpar com a língua
lick someone's ass,lamber o traseiro de alguém
lick someone's balls,lambar os ovos de alguém
lick the pants off,superar completamente
lick up,lamber
lie above,estar acima
lie ahead,adiante
lie along,estar ao longo de
lie around,deitar
lie at someone's door,mentir à porta de alguém
lie back,deitar-se
lie back and think of England,relaxe e pense na Inglaterra
lie before,mentir antes
lie behind,estar atrás de
lie by,mentir sobre
lie down,deitar
lie ill in one's mouth,ter algo na boca
lie in,mentir
lie in one's throat,dor de garganta
lie in wait,esperar escondido
lie low,ficar quieto
lie off,desligar
lie over,deitar por cima
lie through one's teeth,mentir descaradamente
lie to,mentir
lie upon,deitar-se em
lie with,mentir com
lies beget more lies,mentiras geram mais mentiras
life and limb,vida e membros
life and soul of the party,a alma da festa
life goes on,a vida continua
life happens,a vida acontece
life imitates art,a vida imita a arte
life is short,a vida é curta
life is too short,A vida é muito curta
life is what you make it,A vida é o que você faz dela
life of its own,vida própria
life of Riley,vida fácil
life of the party,a alma da festa
life off,desligado
life's a bitch,A vida é uma droga
life's too short,A vida é muito curta
lift a finger against,agir contra
lift all boats,elevar todos os barcos
lift and shift,migrar e executar
lift down,descer
lift off,decolagem
lift one's game,melhorar o desempenho
lift one's hand against,levantar a mão contra
lift someone's spirits,animar alguém
lift the lid on something,revelar
lift up,elevar
light a fire under,acender um fogo embaixo de
light along,ao longo da luz
light as air,leve como o ar
light at the end of the tunnel,luz no fim do túnel
light bucket,balde de luz
light down,diminua a luz
light in the loafers,luz nos sapatos
light into,para dentro da luz
light of one's life,luz dos olhos
light off,luz apagada
light on,aceso
light out,apagar a luz
light skirt,saia leve
light someone's ass up,acender o traseiro de alguém
light the blue touchpaper,acender o pavio azul
light up,acender
light up a room,iluminar um cômodo
light upon,luz sobre
light-bulb moment,momento de clareza
lighten someone's purse,esvaziar a carteira de alguém
lighten up,relaxe
lightning fast,incrivelmente rápido
lightning in a bottle,algo mágico
lightning never strikes twice,relâmpago não cai duas vezes
lightning strike,raio
lights out,luzes apagadas
like a bag of ferrets,como um saco de furões
like a bat out of hell,como um demônio
like a big dog,como um cão grande
like a bitch,como uma cadela
like a bitch on heat,como uma cadela no cio
like a boss,como um chefe
like a bug to a zapper,como um inseto para um mata-insetos
like a bull at a gate,como um touro saindo do curral
like a champ,como um campeão
like a charm,como mágica
like a chicken with no head,como uma galinha sem cabeça
like a chicken with the pip,como uma galinha com uma mancha
like a demon,como um demônio
like a dog on heat,no cio
like a dog with two dicks,como um cachorro com dois pênis
like a dog with two tails,como um cachorro de duas caudas
like a dose of salts,como uma dose de sais
like a dream,como um sonho
like a drowned rat,como um rato molhado
like a duck takes to water,como peixe na água
like a duck to water,como peixe na água
like a fart in church,como um pum em uma igreja
like a hawk,como uma águia
like a headless chicken,como uma galinha sem cabeça
like a headless chook,como uma galinha sem cabeça
like a hole in one's head,uma loucura
like a hole in the head,um fardo
like a hot knife through butter,como uma faca quente na manteiga
like a kid at Christmas,como uma criança no Natal
like a kid on Christmas morning,como uma criança na manhã de Natal
like a knife through butter,como uma faca na manteiga
like a lamb to the slaughter,como um cordeiro ao abate
like a man,como um homem
like a man possessed,como um possuído
like a martin to his gourd,como um martim para sua cabaça
like a martin to its gourd,como um andorinha ao seu ninho
like a million bucks,Como um milhão de dólares
like a million dollars,como um milhão de dólares
like a million pounds,como um milhão de libras
like a monkey on a stick,como um macaco em um galho
like a moth to a flame,como uma mariposa para a chama
like a moth to flame,como uma mariposa para a chama
like a moth to the flame,como uma mariposa para a chama
like a mother hawk,como uma águia mãe
like a pakapoo ticket,como um bilhete de loteria
like a phoenix from the ashes,como uma fênix das cinzas
like a raped ape,como um macaco estuprado
like a rat up a drain,como um rato num cano
like a rat up a drainpipe,como um rato numa tubulação
like a ripe plum,como uma ameixa madura
like a scalded cat,como um gato assustado
like a scalded dog,como um cão assustado
like a shot,rapidamente
like a stuck pig,como um porco preso
like a ton of bricks,como um monte de tijolos
like a train,como um trem
like a wet weekend,como um fim de semana chuvoso
like a wolf on the fold,como um lobo na cerca
like all possessed,como se estivesse possuído
like anything,como qualquer coisa
like atomic clockwork,como um relógio atômico
like Blackpool Illuminations,como as luzes de Blackpool
like breaking sticks,como quebrar galhos
like buggery,como uma trapalhada
like butter on a bald monkey,como manteiga em um macaco careca
like candy,como doce
like cats and dogs,como cão e gato
like cheese at fourpence,como queijo a quatro pence
like clockwork,como um relógio
like crack,como crack
like crazy,como louco
like father like son,de pai para filho
like ferrets in a bag,como furões numa sacola
like flies on a rib roast,como moscas em um corte de carne assada
like flies on pie,como moscas em torta
like fuck,como merda
like fudge,como fudge
like fun,divertido
like fury,com fúria
like gangbusters,com muito sucesso
like grease through a goose,como manteiga no mel
like grim death,como uma morte terrível
like heck,caramba
like hell,de jeito nenhum
like hey-go-mad,como enlouquecer
like hot cakes,como panquecas quentes
like I care,tanto faz
like I cared,como se eu me importasse
like it or leave it,goste ou não
like it or lump it,aceite ou deixe
like it's going out of fashion,como se não houvesse amanhã
like it's going out of style,como se não houvesse amanhã
like lightning,como um raio
like mad,com raiva
like magic,como mágica
like merry hell,como um inferno
like molasses,como melaço
like molasses in January,como mel em janeiro
like mushrooms,como cogumelos
like new,como novo
like no other,como nenhum outro
like of,como
like old boots,como velhos sapatos
like one means it,como se fosse um
like one o'clock,como uma hora
like one o'clock half struck,como uma vez e meia
like one owns the place,como se fosse dono do lugar
like one's life depended on it,como se dependesse da vida
like painting the Forth Bridge,como pintar a Ponte Forth
like peas and carrots,como ervilhas e cenouras
like peas in a pod,como duas gotas d'água
like rats from a sinking ship,como ratos que abandonam um navio afunda…
like rats in a sack,como ratos em um saco
like riding a bike,como andar de bicicleta
like robbing a baby,roubar um bebê
like shelling peas,como descascar ervilhas
like shit through a goose,como merda por um pato
like shooting fish in a barrel,fácil como tirar peixe da água
like sin,como pecado
like smack,como dar um tapa
like someone owns the place,como se fosse dono do lugar
like speaking to a brick wall,falar com uma parede
like speaking to a wall,falar com a parede
like stink,horrível
like stink on shit,como merda
like strange bulldogs,como estranhos buldogues
like taking candy from a baby,fácil como tirar doce de um bebê
like talking to a brick wall,como falar com uma parede
like talking to a wall,como falar com uma parede
like that,assim
like the bottom of a birdcage,como o fundo de uma gaiola de pássaros
like the clappers,como loucos
like the devil,como o diabo
like the man said,como o homem disse
like the man says,como o homem diz
like the new time,como o novo horário
like the wind,como o vento
like the wrath of God,como a ira de Deus
like there is no tomorrow,como se não houvesse amanhã
like turkeys voting for Christmas,como pavoes votando pelo Natal
like two peas in a pod,como dois grãos de ervilha
like water,como água
like water off a duck's back,como água em pato
like white on rice,como brancura em arroz
like winkin,como piscando
like winking,como piscando
likker up,limpador
limber up,aquecer
limit out,limite máximo
limp in,entrar
line in,na fila
line in the sand,linha na areia
line of attack,linha de ataque
line of country,linha de produtos rurais
line of fire,linha de fogo
line of questioning,linha de perguntas
line off,desligado
line one's pockets,enriquecer-se
line out,riscar
line someone's pockets,enriquecer alguém
line up,alinhar
line up behind,alinhar-se atrás de
line up one's ducks,organizar tudo
linearly dependent,linearmente dependente
linearly independent,linearmente independente
linger on,demorar
linger out,demorar
link in,link dentro
link out,link quebrado
link up,conectar
lion's den,covil
lion's share,parte do leão
lip off,calar a boca
lip out,esticar os lábios
lip service,formalidades
liquid courage,coragem líquida
liquor up,encher
listen after,ouvir depois
listen in,escutar
listen out,prestar atenção
listen to you,ouvir você
listen up,prestem atenção
little emperor,pequeno imperador
little girl,menina
little hand,mãozinha
little head,cabeça pequena
Little Joe from Kokomo,Little Joe de Kokomo
little mad,um pouco bravo
little old,pequeno e velho
little pitcher,jarra pequena
little pitchers have big ears,As crianças ouvem tudo
little pitchers have long ears,crianças são como esponjas
little shit,merda
little strokes fell great oaks,pequenos esforços geram grandes resultad…
live a lie,viver uma mentira
live and die by,viver e morrer por
live and learn,aprender com a experiência
live and let live,vivir e deixar viver
live beyond one's means,gastar mais do que se ganha
live down,ser lembrado
live down to,estar à altura de
live for,viver para
live in,morar em
live in sin,viver em pecado
live in the past,viver no passado
live in the shadow of,viver à sombra de
live it up,aproveitar ao máximo
live large,viver bem
live long and prosper,Viva muito e prospere
live off,viver de
live on,morar
live on the edge,viver no limite
live one,viver um
live out,viver
live over the brush,morar sobre a vegetação rasteira
live paycheck to paycheck,viver de salário em salário
live rent-free in someone's head,viver na cabeça de alguém sem pagar nada
live rent-free in someone's mind,viver na mente de alguém sem custo
live rough,viver na pobreza
live the dream,realizar o sonho
live through,viver
live to tell the tale,sobreviver para contar a história
live together,morar juntos
live up,estar à altura
live with,morar com
live with oneself,conviver consigo mesmo
liven up,animar
living death,morte em vida
living end,fim da vida
living proof,prova viva
load down,descarregar
load of shit,um monte de besteiras
load out,equipamento
load up,carregar
load up on,abastecerse
loaded for bear,preparado para a luta
loaded language,linguagem carregada
loaded word,palavra carregada
loaf about,vagar
loaf around,preguiçar
lobby out,eliminar do lobby
lobby up,chegar cedo
locally compact,localmente compacto
locally finite,localmente finito
locally indicable,indicável localmente
lock and key,cadeado e chave
lock and load,carregar e disparar
lock away,trancar
lock down,confinamento
lock horns,bater de frente
lock in,travar
lock into,travar em
lock off,bloquear
lock on,travar em
lock out,impedir o acesso
lock through,passar por uma eclusa
lock under,sob a trava
lock up,trancar
locked up,trancado
locker room humor,humor de vestiário
locks only keep honest people honest,As fechaduras só mantêm as pessoas hones…
log in,entrar
log into,entrar
log off,desconectar
log on,entrar
log onto,acessar
log out,desconectar
loll about,rir sem parar
loll around,preguiçar
lolly up,sorvete
lone gunman,atirador solitário
lone it,deixe-o
Lone Ranger,O Cavaleiro Solitário
long arm,braço longo
long arm of the law,braço longo da lei
long betwixt the fingers,longo entre os dedos
long drink,bebida longa
long finger,dedo comprido
long for,desejar muito
long fuse,fusel longo
long green,verde claro
long hair don't care,Não me importo com o cabelo comprido
long hour,hora longa
long in coming,demorado
long in the tooth,velho
long long ago,há muito tempo
long odds,probabilidades baixas
long off,desligado por muito tempo
long pork,carne humana
long row to hoe,muito trabalho pela frente
long run,longo prazo
long screwdriver,chave de fenda longa
long shot,chance remota
long since,há muito tempo
long story,história longa
long story short,em resumo
long time,muito tempo
long time no hear,já faz tempo que não nos falamos
long time no see,quanto tempo sem te ver
look after,cuidar de
look ahead,prever o futuro
look ahead to,esperar com expectativa
look ahere,olhe aqui
look around,olhar ao redor
look askance,desconfiar
look at,olhar
look at it this way,veja bem
look away,desviar o olhar
look back,olhar para trás
look before one leaps,mire antes de saltar
look beyond,olhar além
look both ways,olhe para os dois lados
look down,olhar para baixo
look down on,desprezar
look down one's nose,encarar com desdém
look down upon,olhar com desprezo
look for,procurar
look for a dog to kick,procurar um cachorro para chutar
look for number one,procurar o número um
look forward to,aguardar com expectativa
look here,olhe aqui
look in,olhar em
look in on,visitar
look into,investigar
look off,olhar para o lado
look on,olhar para
look on as,observar
look on the bright side,veja o lado bom
look on the dark side,veja o lado negativo
look out,cuidado
look out for number one,pensar em si mesmo primeiro
look out for someone,ficar de olho em alguém
look over,revisar
look over one's shoulder,olhar por cima do ombro
look past,ignorar
look right through,ignorar completamente
look round,olhar ao redor
look the other way,desviar o olhar
look the part,ter a aparência adequada
look through,examinar
look through one's fingers,olhar através dos dedos
look to,olhar para
look up,procurar
look up and down,olhar para cima e para baixo
look up to,admirar
look upon,olhar para
look what the cat dragged in,olha o que o gato trouxe
look what the cat drug in,olha o que o gato trouxe
look what the cat's dragged in,veja o que o gato trouxe
look what the wind blew in,veja o que o vento trouxe
look who the cat dragged in,veja quem apareceu
look who's talking,veja quem fala
lookers-on see most of the game,os espectadores veem a maior parte do jo…
looks can be deceiving,As aparências enganam
loom ahead,aparecer à frente
loom large,pair parecer grande
loop in,laço
loop off,desligar o loop
loop up,consultar
loose cannon,canhão solto
loose end,ponto solto
loose ends,pontas soltas
loose lip,língua solta
loose lips sink ships,falar demais pode causar problemas
loose off,afrouxar
loose tongue,língua solta
loosen someone's lips,fazer alguém falar
loosen someone's tongue,fazer alguém se soltar
loosen the apron strings,dar mais liberdade
loosen the purse strings,afrouxar os gastos
loosen up,relaxar
lop down,cair
lop off,cortar
lord it over,dominar
Lord knows,Deus sabe
Lord love you,Deus te abençoe
lord of gingerbread,senhor dos biscoitos de gengibre
lord of the flies,Senhor das Moscas
Lord only knows,Só Deus sabe
lord over,dominar
Lord rest his soul,Que Deus descanse em paz
Lord's Supper,Ceia do Senhor
lose count,perder a conta
lose face,perder a honra
lose ground,perder terreno
lose it,perder a calma
lose one's battle,perder a batalha
lose one's bottle,perder a compostura
lose one's cool,perder a calma
lose one's head,perder a cabeça
lose one's heart,perder o coração
lose one's mind,perder a razão
lose one's shirt,perder a camisa
lose one's shit,perder a cabeça
lose one's temper,perder a calma
lose one's tongue,perder a língua
lose one's touch,perder a mão
lose one's virginity,perder a virgindade
lose one's wits,perder a razão
lose out,perder
lose patience,perder a paciência
lose sight of something,perder de vista
lose the bell,perder o sino
lose the bubble,perder a bolha
lose the number of one's mess,perder a conta das coisas
lose the plot,perder a linha
lose touch,perder o contato
lose track,perder a conta
loss and gain are brothers twain,perda e ganho são irmãos gêmeos
loss of face,perda de dignidade
lost cause,causa perdida
lost errand,trabalho perdido
lost for words,Sem palavras
lost in the shuffle,perdido na confusão
lost in translation,perdido na tradução
lost on,perdido em
lost to the world,perdido para o mundo
lost to time,perdido no tempo
lotion up,aplicar loção
loud and clear,alto e claro
louse around,preguiçar
louse up,arruinar
love at first sight,amor à primeira vista
love away,amor distante
love buzz,euforia do amor
love cannot be forced,O amor não pode ser forçado
love conquers all,o amor tudo vence
love goggles,óculos de amor
love is blind,o amor é cego
love is love,o amor é amor
love it or lump it,Ou você gosta ou não
love muscle,músculo do amor
love nest,ninho de amor
love of one's life,amor da vida
love on,amar
love up,amar
love ya,te amo
love you,eu te amo
low and slow,lento e constante
low blow,baixa jogada
low on the totem pole,na base da hierarquia
low road,caminho mais fácil
low-hanging fruit,frutos fáceis de alcançar
lower one's sights,diminuir as expectativas
lower the bar,abaixar a barra
lower the boom,repreender
lube up,lubrificar
lubrication payment,suborno
luck in,sorte em
luck into,sorte em
luck of the draw,sorte do acaso
luck out,ter sorte
luck through,por acaso
lucky break,sorte inesperada
lucky dip,sorteio surpresa
lucky dog,cachorro sortudo
lucky duckie,pata sortuda
lucky duckling,pato sortudo
lucky ducky,sorte grande
lucky star,estrela da sorte
lucky you,que sorte a sua
lucus a non lucendo,lugar que não brilha
luff up,afrouxar
lug in,encaixar
lug out,remover
lumber with,madeiro com
lump in one's throat,nó na garganta
lump it,aceitar
lump to one's throat,nó na garganta
lump together,agrupar
lump up,formar grumos
lunatics have taken over the asylum,Os loucos tomaram conta do hospício
lunch in,almoço em
lunch out,almoçar fora
luncheon truncheon,almoço porrete
lush around,verdejante
lush it up,embelezar
lush up,embelezar
lust after,desejar ardentemente
ma non troppo,não muito
macho up,se exibir
mack down,derrubar
mack on,focar
mack out,desmaiar
mad money,dinheiro extra
made for each other,feitos um para o outro
made for life,feito para a vida
made in China,feito na China
made in Japan,feito no Japão
made in the shade,feito à sombra
made of sterner stuff,feito de matéria mais resistente
made to fade,feito para desvanecer
magic asterisk,asterisco mágico
magic box,caixa mágica
magic bullet,bala mágica
magic touch,toque mágico
magic up,criar
mail it in,envie por correio
main character,personagem principal
main event,evento principal
main man,cara principal
Main Street,Rua principal
major in,cursar
make a big thing out of,exagerar
make a break for it,escapar
make a career of,fazer carreira
make a case,fazer um caso
make a case for,defender
make a clean breast,confessar
make a comeback,retornar
make a day of it,aproveitar o dia
make a difference,fazer a diferença
make a face,fazer careta
make a fist of,fechar o punho
make a fool of,fazer de bobo
make a fuss,fazer alarde
make a go of,tentar
make a grab,pegar
make a killing,ganhar muito dinheiro
make a leg,fazer uma perna
make a light,acender uma luz
make a living,ganhar a vida
make a meal of,fazer uma refeição com
make a mess of something,estragar algo
make a mockery of,ridicularizar
make a monkey out of,fazer de bobo
make a move,fazer um movimento
make a name for oneself,fazer um nome
make a night of it,aproveitar a noite
make a noise in the world,fazer barulho
make a pig of oneself,comer demais
make a pig's ear of,arruinar
make a point,ressaltar
make a poor fist of,não ter sucesso
make a rabbit bite a bulldog,fazer um coelho morder um buldogue
make a return,fazer uma devolução
make a run for it,fugir
make a scene,fazer cena
make a show of oneself,fazer uma cena
make a spectacle of oneself,fazer um escândalo
make a splash,causar impacto
make a start,começar
make a statement,fazer uma declaração
make a Virginia fence,fazer uma cerca da Virgínia
make a virtue of necessity,transformar uma necessidade em virtude
make after,fazer depois
make against,contra
make all the difference,fazer toda a diferença
make amends,reparar
make an appearance,aparecer
make an ass of,fazer papel de bobo
make an example of,dar um exemplo
make an exhibition of oneself,fazer papel de bobo
make an honest woman,fazer uma mulher honesta
make away,escapar
make away with,roubar
make baby Jesus cry,fazer o bebê Jesus chorar
make beautiful music together,fazer bela música juntos
make believe,fingir
make biscuits,fazer biscoitos
make bones about,fazer objeções
make book,fazer um livro
make both ends meet,dar um jeito
make bricks without straw,fazer tijolos sem palha
make do,se virar
make do and mend,economizar e consertar
make down,abaixar
make ends meet,dar um jeito
make every effort,fazer todo o possível
make eye contact,fazer contato visual
make faces,fazer caretas
make for,dirigir-se a
make friends,fazer amigos
make from scratch,fazer do zero
make fun of,fazer piada com
make game of,fazer piada com
make garden,fazer um jardim
make good,compensar
make good on,cumprir
make good on something,cumprir
make ground,fazer contato com o solo
make happen,tornar possível
make hard work of,complicar
make haste slowly,Apressa-te, mas com calma
make hay while the sun shines,aproveitar o momento
make head or tail of,entender
make headway,avançar
make heavy going of,dificultar
make heavy weather,fazer mau tempo
make history,fazer história
make interesting,tornar interessante
make into,transformar em
make it do or do without,faça acontecer ou faça sem
make it interesting,torne interessante
make it make sense,faça sentido
make it rain,fazer chover
make it snappy,Seja rápido
make it so,faça assim
make it up to,compensar
make light of,minimizar
make light work of,fazer com facilidade
make like a banana and split,vá embora
make like a tree and leave,vá embora
make love to the camera,posar para a câmera
make matters worse,piorar a situação
make me,faça-me
make mention of,mencionar
make mincemeat out of,derrotar completamente
make money,ganhar dinheiro
make muffins,fazer muffins
make news,fazer notícia
make no bones about,não ter medo de dizer
make no mistake,não se engane
make noise,fazer barulho
make of,feito de
make off,escapar
make off with,levar
make one's bow,fazer uma reverência
make one's hand,fazer com as mãos
make one's mark,deixar sua marca
make one's presence felt,fazer-se sentir
make one's way,fazer o caminho
make oneself at home,sentir-se à vontade
make oneself clear,deixar claro
make or break,decisivo
make out,entender
make out like a bandit,fazer fortuna
make out of,fazer de
make out with,beijar
make over,reforma
make peace,fazer as pazes
make pigs and whistles of,fazer barulho
make quick work of,fazer rapidamente
make room,faça espaço
make sense,fazer sentido
make shit of,fazer besteira
make short work of,fazer rapidamente
make somebody's day,alegrar o dia de alguém
make someone's blood boil,fazer a raiva de alguém subir
make someone's day,alegrar o dia de alguém
make someone's ears sad,Decepcionar alguém profundamente
make someone's head spin,deixar alguém tonto
make someone's jaw drop,deixar alguém boquiaberto
make someone's skin crawl,deixar arrepiar
make someone's teeth itch,deixar alguém com vontade de arrancar os…
make something of oneself,fazer algo da sua vida
make sport of,ridicularizar
make strange,tornar estranho
make strides,fazer progressos
make the bald man cry,fazer o homem careca chorar
make the best of,aproveitar ao máximo
make the best of one's way,aproveitar ao máximo
make the best of something,aproveitar ao máximo
make the call,fazer a ligação
make the case for,defender
make the cut,passar na peneira
make the difference,fazer a diferença
make the grade,ser aprovado
make the headlines,estar na primeira página
make the most of,aproveitar ao máximo
make the move,fazer a mudança
make the point,ressaltar
make the running,faça a corrida
make the weather,fazer o tempo
make the welkin ring,fazer o céu ressoar
make the world go around,fazer o mundo girar
make time,reserve tempo
make time with,passar tempo com
make to order,feito sob encomenda
make to stock,colocar em estoque
make tracks,vá embora
make tracks for,apressar-se para
make trial of,fazer um teste
make up,maquiar
make up for lost time,recuperar o tempo perdido
make up one's mind,decidir
make up the numbers,inventar números
make up to,compensar
make waves,causar impacto
make way,abre caminho
make with,fazer com
make yourself at home,sinta-se à vontade
makes you think,faz você pensar
mama's boy,filho de mama
mama's girl,menina da mamãe
man about town,homem da sociedade
man among men,homem entre homens
man bites dog,homem morde cachorro
man down,ferido
man in the street,cidadão comum
man is a wolf to man,o homem é um lobo para o homem
man it out,entregue
man of few words,homem de poucas palavras
man of parts,homem de muitas qualidades
man of the people,homem do povo
man on the street,pessoa comum
man overboard,homem ao mar
man plans and God laughs,O homem planeja e Deus ri
man the fort,proteger o forte
man up,assumir a responsabilidade
manage down,reduzir
manage out,gerenciar por fora
manage up,se relacionar bem com o chefe
manage with,lidar com
manners maketh man,a educação faz o homem
manoeuvre the apostles,manobrar os apóstolos
many a mickle makes a muckle,muitas pequenas coisas fazem uma grande …
many a time and oft,muitas vezes
many hands make light work,muitas mãos tornam o trabalho mais fácil
many happy returns,muitos parabéns
many moons ago,há muitos anos
many moons from now,muitos anos depois
many such cases,muitos casos assim
many thanks,muito obrigado
map onto,mapear em
map out,planejar
march on,marchar para
march past,desfile
mare's fart,arrotos de égua
marginalize out,marginalizar
marinate on,refletir sobre
mark as,marcar como
mark down,marcar
mark down as,marcar como
mark my word,lembre-se do que eu digo
mark my words,lembre-se do que eu digo
mark off,marcar
mark one's own homework,corrigir a própria tarefa
mark out,marcar
mark someone's card,registrar
mark up,marcar
Marks and Sparks,Marcas e Brilho
marriage bed,cama de casal
marriage penalty,penalidade do casamento
marry in,casar em
marry into,casar com
marry me,casamento
marry off,casar
marry out,casar
marry the ketchup,casar com o ketchup
marry up,casar
marshal together,reunir
mash it up,misture bem
mash up,misturar
mask off,remover a máscara
mask up,use máscara
mass destruction,destruição em massa
massively parallel,paralelo massivo
Master John Goodfellow,Mestre John Goodfellow
Master of the Universe,Mestre do Universo
master out,dominar
master plan,plano mestre
match made in heaven,casamento perfeito
match made in hell,casal problemático
match up,combinar
matter at hand,assunto em questão
matter of course,algo normal
matter of fact,de fato
matter of life and death,questão de vida ou morte
matter of time,uma questão de tempo
max out,atingir o máximo
may as well,pode ser
may God be my witness,Que Deus seja minha testemunha
may I help you,posso ajudar
may I pass through,posso passar
May the 4th Be With You,Que o dia 4 esteja com você
may the Force be with you,Que a Força esteja com você
may the Force be without you,que a Força esteja com você
May the Fourth Be With You,Que o quarto esteja com você
may you live in interesting times,que você viva tempos interessantes
me gusta,Eu gosto
me thinketh,eu acho
me three,me três
meal deal,combinação de refeição
meal ticket,bilhete de refeição
meals on wheels,refeições com entrega domiciliar
mean business,ter boas intenções
mean machine,máquina potente
mean people suck,pessoas malvadas são horríveis
mean streak,tendência a ser cruel
mean the world to,significar muito
mean to,significar
meant to,pretendido
measure for measure,medida por medida
measure off,medir
measure out,medir
measure swords with,enfrentar
measure the drapes,medir as cortinas
measure twice and cut once,meça duas vezes e corte uma
measure up,corresponder
meat market,açougue
meat off,desossar
meat on one's bones,ter carne nos ossos
meat on the bones,carne nos ossos
meat rack,grelha de carne
meat sweats,suor de carne
media darling,queridinho da mídia
medical out,licença médica
medicine up,para cima
meet a sticky end,morrer de forma horrível
meet halfway,encontrar um meio termo
meet one's maker,encontrar a morte
meet up,encontrar
meet with,encontrar-se com
meeting of the mindless,reunião de gente sem cérebro
meeting of the minds,encontro de ideias
mellow out,relaxar
mellow yellow,amarelo suave
melon head,cabeça de melão
melt away,derreter
melt down,derreter
melt in the mouth,derrete na boca
melt into,derreter em
melt out,derreter
melt up,derreter
member for Barkshire,membro de Barkshire
meme on,meme sobre
memory lane,rua da memória
mend fences,consertar cercas
mend one's ways,corrigir seus erros
mental gymnast,ginasta mental
mentally challenged,deficiente mental
mentally ill,mentalmente doente
mentally retarded,retardado mental
merc up,aumentar o preço
merchant of death,traficante de armas
mercy bucket,balde de misericórdia
mercy buckets,baldes de caridade
mercy fuck,por favor
mercy sake's alive,por misericórdia, está vivo
mere mortal,mortal
Merry Andrew,Bobo da corte
merry Christmas,Feliz Natal
merry dance,dança alegre
merry men,homens alegres
merry Xmas,Feliz Natal
mess about,brincar
mess around,brincar
mess of pottage,sopa rala
mess over,estragar
mess up,bagunçar
mess with,brincar
metabolically challenged,com problemas metabólicos
mete out,distribuir
methinks thou dost protest too much,acho que você está protestando demais
method to one's madness,há método no caos
mew up,miar
Mexican breakfast,Café da manhã mexicano
mic drop,momento épico
mic up,ligar o microfone
micky off,Micky saiu
microwave up,aquecer no microondas
Midas touch,Toque de Midas
middle for diddle,meio
middle of nowhere,em lugar nenhum
middle of the road,moderado
might as well,pode ser
might is right,quem tem poder tem razão
might makes right,a força faz a razão
mighty oaks from little acorns grow,Grandes carvalhos vêm de pequenas bolota…
mike off,desligar o microfone
mike up,amplificar
mile a minute,quilômetro por minuto
milieu control,controle ambiental
milk before meat,leite antes de carne
milk can,latão
milk drinker,bebedor de leite
milk of human kindness,bondade humana
milk the clock,ganhar tempo
mill about,moer
mill around,perambular
Miller of Dee,Moinho de Dee
milling machine,torno
million and one,um milhão e um
mime out,imitar
mince up,picado
mince words,suavizar
mind how you go,cuidado ao ir
mind one's language,cuidado com a linguagem
mind one's own business,cuidar dos próprios assuntos
mind one's P's and Q's,ter cuidado
mind one's ps and qs,ter cuidado
mind out,cuidado
mind the gap,cuidado com o vão
mind the store,cuidar da loja
mind you,atenção
mind your own beeswax,cuide dos seus próprios negócios
mind's ear,ouvido interior
mind's eye,olhos da mente
miners' canary,canário dos mineiros
mines and minerals,minas e minerais
minor in,curso secundário
minor miracle,pequeno milagre
mint condition,em perfeito estado
misery enjoys company,A miséria adora companhia
misery loves company,a desgraça quer companhia
misfortunes never come alone,As desgraças nunca vêm sozinhas
misfortunes never come singly,As desgraças nunca vêm sozinhas
miss off,perder
miss out,perder
Miss Priss,Senhorita Arrogante
Miss Right,A pessoa certa
miss the forest for the trees,perder a visão geral
miss the mark,errar o alvo
miss the memo,não ter recebido o comunicado
miss the point,perder a questão
miss the wood for the trees,perder a visão geral
miss the woods for the trees,perder a visão geral
Miss Wrong,Senhorita Errada
misses and kisses,beijos e abraços
missing stair,degrau faltando
mission accomplished,missão cumprida
mission creep,desvio de foco
mist over,névoa
mist up,embaçar
mistake windmills for giants,confundir moinhos de vento com gigantes
Mister Right,O homem ideal
Mister Wrong,O homem errado
misters before sisters,cavaleiros antes de damas
mists of time,névoas do tempo
mitten onto,em cima de
mix and match,misturar e combinar
mix apples and oranges,misturar maçãs e laranjas
mix down,misturar
mix it up,misture
mix up,misturar
mixed bag,mistura
mixed blessing,um lado bom e um lado ruim
mixed herbs,ervas mistas
mixed message,mensagem confusa
mixed picture,imagem mista
mob up,reunir
mobilia sequuntur personam,Os móveis seguem a pessoa
mock out,ridicularizar
mock up,maquete
mocking is catching,zombar é contagiante
modern as next week,moderníssimo
modern up,modernizar
modest proposal,proposta modesta
molehill mountaineer,montanhista de colina
molon labe,Não me obrigue
moment in the sun,momento ao sol
moment of truth,momento da verdade
mommy brain,cérebro de mãe
Monday-morning quarterback,Crítico fácil
money can't buy happiness,O dinheiro não compra a felicidade
money cannot buy happiness,O dinheiro não compra a felicidade
money does not smell,O dinheiro não tem cheiro
money does not stink,O dinheiro não tem cheiro
money doesn't grow on trees,O dinheiro não nasce em árvores
money for jam,dinheiro para compota
money for old rope,pagar caro
money has no smell,O dinheiro não tem cheiro
money is no object,O dinheiro não é problema
money makes the world go around,O dinheiro faz o mundo girar
money makes the world go round,O dinheiro faz o mundo girar
money pit,buraco negro
money talks,o dinheiro fala
money talks and bullshit walks,O dinheiro fala e a besteira vai embora
money's worth,valor pelo dinheiro
mong out,desaparecer
monkey about,brincar
monkey around,brincar
monkey business,trapaça
monkey paw,mão de macaco
monkey up,brincar
monkey wrench,chave inglesa
monkey's paw,mão de macaco
monkeys humping a football,macacos transando com uma bola de futebo…
Monopoly money,Dinheiro do Monopoly
month of Sundays,um mês inteiro
Moo U,Mugido
mooch off,se aproveitar de
moonlight and roses,luz da lua e rosas
moonlight flit,brilho da lua
moor up,atar
mop down,limpar com o esfregão
mop up,limpar
mope about,reclamar
mope around,andar deprimido
moral bankruptcy,falência moral
moral high ground,posição moral superior
moral low ground,terreno moralmente inferior
moral of the story,moral da história
morally bankrupt,moralmente corrupto
morbidly obese,severamente obeso
more at eleven,mais informações às onze horas
more betoken,mais indicar
more by token,mais por token
more confusing than a Rubik's cube,mais confuso que um cubo mágico
more cry than wool,mais lã que choro
more cushion for the pushin',mais amortecimento para o impacto
more dollars than sense,mais dinheiro do que bom senso
more equal,mais igual
more honored in the breach,mais valorizado quando não cumprido
more is more,mais é mais
more like,mais como
more like it,mais parecido
more money than brains,mais dinheiro do que juízo
more money than sense,mais dinheiro do que juízo
more often than not,na maioria das vezes
more or less,mais ou menos
more power to someone,mais força para você
more than meets the eye,mais do que aparenta
more than one bargained for,mais do que o esperado
more than one cares to mention,mais do que se quer dizer
more to the point,mais importante
more's the pity,que pena
morning person,pessoa matutina
morris off,morris desligado
moss out,musgo
most an end,geralmente
mother hen,galinha mãe
Mother Hubbard,Mãe Hubbard
mother lode,veia rica
mother of all,mãe de todas
mother up,cuidar
motion of someone's ocean,movimento de alguém no oceano
mount up,montar
mouse around,explorar
mouse over,passar o cursor por cima
mouth breather,respira pela boca
mouth of a sailor,boca de marinheiro
mouth off,falar demais
mouth the words,articular as palavras
mouthful of marbles,boca cheia de bolinhas
move about,mover-se
move ahead,avançar
move along,siga em frente
move around,mover-se
move away,mudar de lugar
move back,voltar
move down,descer
move furniture,mover móveis
move heaven and earth,mover montanhas
move house,mudar de casa
move in,mudar-se para
move in on,mudar-se para
move into,mudar-se para
move it or lose it,Mova ou perca
move off,afastar-se
move on,seguir em frente
move one's body,mover o corpo
move out,mudar de casa
move over,afasta-se
move someone to tears,fazer chorar
move the goalposts,mudar as regras
move the needle,mudar a situação
move the yardsticks,mudar os critérios
move through the gears,trocar de marcha
move to,mudar para
move together,mover juntos
move up,subir
move up in the world,fazer progresso
move with,mover com
move with the times,acompanhar os tempos
movie jail,prisão filme
mow down,cortar a grama
much ado about nothing,muito barulho por nada
much good may it do someone,que faça bem a alguém
much less,muito menos
much of a muchness,quase nada
much the same as,mais ou menos o mesmo que
much to be said,muito a dizer
muck about,brincar
muck around,brincar
muck in,participar
muck out,limpar o esterco
muck up,bagunçar
mud and stud,lama e prego
mud fence,cerca de barro
mud monkey,macaco-de-lama
mud out,limpar a lama
mud sticks,lama grudenta
muddle along,seguir em frente
muddle on,seguir em frente
muddle through,se virar
muddle up,confundir
muddy the waters,confundir
muddy up,sujar
muff up,arruinar
muffle up,abafar
mug off,zoar
mug up,estudar intensamente
mug's game,jogo de azar
mugged by reality,chocado pela realidade
mukluk telegraph,mukluk telégrafo
mull over,ponderar
mull up,ponderar
multum in parvo,muito em pouco
mum's the word,silêncio absoluto
munch on,roer
murder will out,A verdade sempre vem à tona
murderers' row,fileira de assassinos
murk out,borrar
muscle in,músculo
muscle in on,invadir
muscle up,fazer barra fixa
mush it up,misture
mush up,misturar
music to one's ears,música para os ouvidos
music to someone's ears,música para os ouvidos
muss up,bagunçar
must get in front,precisa ficar na frente
must have been the wind,deve ter sido o vento
must have killed a Chinaman,deve ter matado um chinês
must've been the wind,deve ter sido o vento
muster in,reunir
muster out,dar baixa
muster up,reunir
mustn't grumble,não deve reclamar
mutual admiration society,sociedade de admiração mútua
mutually exclusive,mutuamente exclusivos
mutually intelligible,compreensível mutuamente
my arse,meu traseiro
my back teeth are floating,meus dentes do fundo estão soltos
my bad,minha culpa
my bloody oath,minha palavra
my body is ready,meu corpo está pronto
my culture is not your costume,minha cultura não é sua fantasia
my dog ate my homework,Meu cachorro comeu minha tarefa
my enemy's enemy is my friend,o inimigo do meu inimigo é meu amigo
my eye,meu olho
my eyes are up here,Meus olhos estão aqui em cima
my foot,meu pé
my head's a shed,minha cabeça está confusa
my kingdom for a horse,Eu daria meu reino por um cavalo
my sides,meus costados
my skull's afly,minha cabeça dói
my spider sense is tingling,meus sentidos estão aguçados
my teeth are floating,meus dentes estão flutuando
my watch has ended,Meu tempo acabou
my way or the highway,ou você faz como eu digo ou vai embora
my word,minha palavra
n'est-ce pas,não é
na na na na boo boo,na na na na bo bo
na-na na-na boo-boo,na-na na-na bu-bu
Nader's raider,Os Raiders de Nader
naff off,vá embora
nail down,definir
nail in one's coffin,selar o destino
naked ape,macaco nu
name after,nomear em homenagem a
name and shame,expor e envergonhar
name for,nome para
name names,revelar nomes
name of the game,nome do jogo
name one's poison,escolher o próprio veneno
nanny nanny boo boo,babá
Nantucket sleigh ride,Passeio de charrete em Nantucket
narrow down,restringir
narrow up,estreitar
native soil,solo nativo
nature abhors a vacuum,A natureza abomina o vazio
nature beckons,a natureza chama
nature calls,a natureza chama
nature of the beast,a natureza da fera
nature versus nurture,natureza versus criação
nature vs nurture,natureza versus criação
nature vs. nurture,natureza versus criação
nause up,enjoar
ne bis in idem,não duas vezes para a mesma coisa
near and dear,querido
near at hand,perto
near beer,cerveja sem álcool
near post,segunda trave
near the knuckle,perto da articulação
near the mark,próximo da verdade
nearest and dearest,mais próximos
nearly man,quase homem
nearly never bulled a cow,quase nunca ordenhou uma vaca
nearly never won the race,quase nunca venceu a corrida
neat and tidy,limpo e organizado
neato burrito,burrito legal
neato mosquito,mosquito interessante
neato torpedo,torpedo interessante
necessary evil,mal necessário
necessity is the mother of innovation,a necessidade é a mãe da invenção
necessity is the mother of invention,a necessidade é a mãe da invenção
necessity knows no law,A necessidade não conhece lei
neck and neck,lado a lado
neck down,do pescoço para baixo
neck of the woods,perto daqui
neck up,de cima para baixo
necker's knob,protuberância do pescoço
necktie party,festa de gravatas
need I say more,Preciso dizer mais
need one's eyes checked,precisar verificar a visão
needle drop,queda de agulha
needle in a haystack,agulha num palheiro
needle mover,movimentador de agulha
needless to say,não preciso dizer
needs must,é preciso
needs must when the devil drives,quando a necessidade aperta
negative Nancy,Maria pouca alegria
neither employed nor retired,nem empregado nem aposentado
neither fish nor flesh,nem peixe nem carne
neither fish nor fowl,nem peixe nem ave
neither here nor there,nem aqui nem ali
nerd out,entusiasmar-se profundamente
nerve out,nervosismo
nerve up,ganhar confiança
nerves of steel,nervos de aço
nervous hit,ataque nervoso
nervous Purvis,Purvis nervoso
nest together,juntos
net out,saldo líquido
neti neti,não não não
never a dull moment,nunca um momento de tédio
never change a running system,nunca altere um sistema que está funcion…
never eat shredded wheat,nunca coma cereal shredded wheat
never eat soggy waffles,nunca coma waffles encharcados
never eat soggy Weet-Bix,nunca coma Weet-Bix encharcados
never eat soggy wheat,nunca coma trigo encharcado
never fear,nunca tema
never in a million years,nunca em um milhão de anos
never in a month of Sundays,nunca em um milhão de anos
never meet your heroes,nunca conheça seus ídolos
never mind,não importa
never say never,nunca diga nunca
never sick at sea,nunca enjoa no mar
never the twain shall meet,nunca se encontrarão
never trust me,nunca confie em mim
never waste a crisis,nunca desperdice uma crise
never you mind,não se preocupe
new brooms sweep clean,novas vassouras varrem melhor
new dawn,novo amanhecer
new hotness,novidade bombástica
new kid in town,novo morador da cidade
new kid on the block,novo morador do bairro
new normal,novo normal
new school,escola nova
new territory,novo território
new up,atualizado
new wine in an old bottle,vinho novo em ânfora velha
new wine in an old wineskin,vinho novo em odre velho
News of the Screws,Notícias dos parafusos
newspaperman's newspaper,jornal de um jornalista
next door,ao lado
next thing one knows,logo em seguida
next to,próximo a
next to no time,quase nenhum tempo
next to nothing,quase nada
nice guy,cara legal
nice guys finish last,Os homens bons ficam por último
nice knowing you,bom te conhecer
nice to meet you,prazer em conhecê-lo
nicen up,melhorar
nick off,vá embora
nick up,aparecer
nickel and dime,pouco a pouco
nickel nurser,suporte para mamadeira de níquel
nickel tour,tour barato
nigger nose,nariz de negro
nigger rich,rico
nigh on,quase
night and day,dia e noite
night out,noite de diversão
night owl,coruja
night person,pessoa noturna
nighty night,boa noite
Nikon choir,Coro Nikon
nil by mouth,nada por via oral
nil per os,nada por nada
Nina from Pasadena,Nina de Pasadena
nine times out of ten,nove vezes em dez
nine-day wonder,fenômeno passageiro
ninjas cutting onions,ninjas cortando cebolas
nip and tuck,retoques
nip at,morder
nip in the bud,eliminar no início
nishtaneh hateva,mudança climática
nix off,cancelar
Nixon goes to China,Nixon vai à China
Nixon in China,Nixon na China
Nixon to China,Nixon na China
no and low,não e baixo
no big deal,sem importância
no biggie,não tem problema
no bigs,não tem problema
no bones about it,sem rodeios
no brown in town,sem morenos na cidade
no buts,sem desculpas
no chance,nenhuma chance
no cigar,sem cigarros
no comment,sem comentários
no contest,sem competição
no deal,sem acordo
no dice,indeciso
no diggity,sem chance
no entry,proibido estacionar
no eye see,não vejo
no fear,sem medo
no fixed abode,sem moradia fixa
no flies on,sem ilusões
no free lunch,não existe almoço grátis
no fun at parties,sem graça em festas
no further action,sem mais ações
no gain without pain,sem dor não há ganho
no glove no love,Sem luvas, sem amor
no go,impossível
no good deed ever goes unpunished,nenhuma boa ação fica sem punição
no good deed goes unpunished,nenhuma boa ação fica sem punição
no great scratch,nenhum arranhão grande
no great shakes,nada de especial
no hard feelings,sem ressentimentos
no harm done,nenhum mal feito
no horse in this race,nenhum cavalo nessa corrida
no human involved,sem intervenção humana
no johns,sem johns
no joke,sem brincadeira
no joy,sem alegria
no love lost,sem amor
no man is an island,ninguém está isolado
no matter,não importa
no matter how,não importa o quanto
no matter what,não importa o quê
no me gusta,Não gosto
no means no,não significa não
no more,não mais
no more Mister Nice Guy,chega de ser bonzinho
no more Mr Nice Guy,chega de ser bonzinho
no more Mr. Nice Guy,chega de ser bonzinho
no news is good news,não há notícias, tudo bem
no notes,sem anotações
no offence,sem ofensa
no offense,sem ofensa
no one is born a master,ninguém nasce mestre
no parking,proibido estacionar
no peace for the weary,nenhuma paz para os cansados
no picnic,nada fácil
no pressure,sem pressão
no prize for guessing,sem prêmio para quem adivinhar
no problem,sem problema
no probs,de nada
no promo homo,sem promoção homofóbica
no pun intended,sem querer soar ofensivo
no question,sem dúvida
no rest for the weary,sem descanso para os cansados
no rest for the wicked,não há descanso para os malvados
no rights reserved,sem direitos reservados
no rose without a thorn,Não existe rosa sem espinho
no score,sem pontuação
no screaming hell,inferno de gritos
no sense no feeling,sem sentido sem emoção
no shame in my game,Não tenho nada a esconder
no shot,sem chance
no show without Punch,sem Punch, sem show
no skin off one's back,não fazer mal a ninguém
no skin off one's nose,não incomodar
no skin off one's teeth,não causar problemas
no sleep for the wicked,não há sono para os malvados
no smoke without fire,Onde há fumaça há fogo
no smoking,proibido fumar
no soap,sem sabão
no sooner said than done,feito e visto
no sooner than,assim que
no soup for you,Sem sopa para você
no spring chicken,não é mais moço
no string attached,sem compromisso
no strings attached,sem condições
no such thing,não existe
no thanks to,graças a
no time,sem tempo
no time like the present,não há tempo como o presente
no time to lose,não há tempo a perder
no trespassing,proibido entrar
no two ways about it,sem dúvida
no way,de jeito nenhum
no way Jose,De jeito nenhum
no ways,de jeito nenhum
no word of a lie,sem mentira alguma
no word of lie,nenhuma mentira
no wrong answers,não há respostas erradas
no wuckas,sem problemas
no wuckaz,sem problemas
no wuckers,sem trabalho
no wuckies,sem problemas
no wuckin' furries,sem furries no trabalho
no wucking furries,sem furries
no wucks,sem problemas
no wukkas,sem trabalho
no wukkaz,sem trabalho
no-good ass,bundão
no-hit wonder,fenômeno passageiro
noah fence,cercado
nobody's perfect,ninguém é perfeito
nod in,acenar com a cabeça
nod off,adormecer
nod out,desmaiar
nod through,aprovar
nodding acquaintance,conhecido de vista
noise up,barulho
noli illegitimi carborundum,Não deixe que os ilegítimos te desgastem
nome sane,nome sanitário
non constat,não se pode afirmar
non est factum,não é válido
non est inventus,não foi encontrado
non possumus,Não podemos
non prosequitur,não prossegue
non-denial denial,negação implícita
none of someone's business,não é da conta de ninguém
none of your bee's wax,não é da sua conta
none of your bees' wax,não é da sua conta
none of your beeswax,não é da sua conta
none other than,nenhum outro que
none taken,não há de quê
none the wiser,sem saber
none the worse,nenhum pior
noodle up,enrolar
nook and cranny,recanto e fenda
nook or cranny,recanto
nope out,não
normally black,normalmente preto
normally white,normalmente branco
north forty,quarenta metros para o norte
north of,ao norte de
nose about,estar a par de
nose around,investigar
nose count,contagem nasal
nose out,nariz para fora
nose out of joint,ressentido
nose over,por cima do nariz
nose to the grindstone,trabalhar duro
nosh off,comer
nostra sponte,por iniciativa própria
not a bother on someone,não é um incômodo
not a chance,nenhuma chance
not a minute too soon,não um minuto antes
not a patch on,não se compara a
not a pretty sight,uma cena feia
not a word,sem palavras
not a word of a lie,não uma palavra de mentira
not all heroes wear capes,nem todos os heróis usam capas
not at all,de nada
not be caught dead,nunca faria
not before time,não antes da hora
not break the bank,não custar muito
not by a jugful,não por muito
not by any manner of means,de nenhuma forma
not by any means,de forma alguma
not care beans,tanto faz
not cricket,não é justo
not do someone any favors,não fazer favores a ninguém
not do someone any favours,não fazer favores a ninguém
not feeling it,não estou a gostar
not for attribution,não para citação
not for nothing,não por nada
not for the world,para uso interno
not grow on trees,não cai do céu
not half bad,Não é nada mal
not have a prayer,não ter hipótese
not here to fuck spiders,Não estou aqui para transar com aranhas
not if I see you first,se eu te vir primeiro
not in a million,nunca
not in a million years,nunca
not in Kansas anymore,Não estamos mais em Kansas
not in the least,de forma alguma
not in the slightest,de forma alguma
not invented here,não inventado aqui
not just a pretty face,mais do que beleza
not know one is born,não saber quem nasceu
not know what hit one,não saber o que aconteceu
not know what one is missing,não saber o que está perdendo
not know which way to turn,não saber que caminho seguir
not least,principalmente
not leave one's thoughts,não abandonar os próprios pensamentos
not likely,improvável
not long for this world,não tem muito tempo de vida
not look a day over,não aparentar ter mais idade
not miss a trick,não perder nada
not much of anything,não muito de nada
not my Nigel,não é o meu Nigel
not necessarily,Não necessariamente
not on any account,de jeito nenhum
not on your life,Nem pensar
not on your nellie,Nem pensar
not on your nelly,de jeito nenhum
not one's first rodeo,não é a primeira vez
not only,não só
not quite,quase
not saying much,não fala muito
not see someone for dust,não ver ninguém por muito tempo
not so fast,calma
not so much,não tanto
not the end of the world,não é o fim do mundo
not to be outdone,não querer ficar atrás
not to brag,sem querer me gabar
not to mention,sem mencionar
not to say,não é que
not to worry,não se preocupe
not touch with a barge pole,manter distância
not touch with a ten-foot pole,manter distância
not want to do that,não querer fazer isso
not wanted on voyage,não desejado a bordo
not win for losing,não ganhar por perder
not worth a brass farthing,não vale nada
not worth a Continental,não vale um tostão
not worth a dime,não vale nada
not worth a plug nickel,não vale nada
not worth a whistle,não vale nada
not worth beans,não vale nada
not worth hell room,não vale o inferno
not worth salt,não vale nada
not worth the powder,não vale a pena
not worth the powder and shot,não vale a pena o esforço
not worth writing home about,não vale a pena comentar
not wrapped too tight,não muito apertado
not your father's,não é do seu pai
nota bene,observe
notch on one's bedpost,entortar o poste da cama
notch up,acumular
note down,anotar
nothing about us without us,nada sobre nós sem nós
nothing doing,não há problema
nothing for it,não há nada a fazer
nothing gold can stay,nada de dourado pode durar
nothing if not,se não for nada
nothing less than,nada menos que
nothing more than,nada mais que
nothing new under the sun,nada de novo sob o sol
nothing short of,nada menos que
nothing succeeds like success,nada supera o sucesso
nothing to choose between,não há diferença
nothing to it,não tem problema
nothing to see here,Não há nada a ver aqui
nothing to write home about,nada de especial
nourish a viper in one's bosom,alimentar uma cobra no próprio peito
now and again,de vez em quando
now and then,de vez em quando
now hear this,ouça isto
now I've heard everything,já ouvi de tudo
now I've seen everything,já vi de tudo
now or never,agora ou nunca
now that's what I call,Isso que eu chamo
now there's a thought,essa é uma boa ideia
now we're talking,agora estamos falando
now you mention it,agora que você mencionou
now you're cooking,agora você está mandando
now you're talking,agora você está falando
nowhere to be found,inexistente
Nubian queen,Rainha núbia
nuclear option,opção nuclear
nudge ahead,avançar
nudge nudge wink wink,piscadela
nudge out,empurrar
nudie rudie,nusnudie
nudy rudy,pelado ruivo
nugget of truth,pedacinho de verdade
nuke it out,eliminar
nuke the fridge,limpar a geladeira
null and void,nulo e sem efeito
nulla bona,nada de bom
nulla poena sine lege,nenhuma punição sem lei
numb out,entorpecer
number games,jogos de números
number one,número um
number one with a bullet,líder indiscutível
nunc pro tunc,desde então
Nuremberg defense,Defesa de Nuremberg
nut out,descobrir
nut up,esticar
nut-cutting time,hora de cortar os custos
nuts and bolts,parafusos e porcas
nuts to,tanto faz
nuts to butts,de bunda
nuttier than squirrel poop,Mais maluco que fezes de esquilo
nuttier than squirrel shit,Mais maluco que coisa ruim
o algo,algo
O me of little faith,Oh, pessoa de pouca fé
O ye of little faith,Ó vós que tendes pouca fé
O'Malley's Alley,Avenida O'Malley
o. b. o.,objetos
oat opera,ópera de cevada
object to,discordar
obscurum per obscurius,pelo obscuro
obtusely umbonate,de forma obtusamente arredondado
occur to,ocorrer a
occurs to one,ocorre a alguém
odd and curious,estranho e curioso
odd bod,pessoa estranha
odd duck,pessoa estranha
odd fish,peixe estranho
odds and bods,pessoas
odds and ends,coisas diversas
odds and sods,coisas aleatórias
of a blood,de sangue
of a certain,de um certo
of a certain age,de certa idade
of a feather,do mesmo ninho
of a kind,de um tipo
of a lifetime,de uma vida
of a piece,de uma peça
of a piece with,de uma peça
of a sudden,de repente
of a surety,com certeza
of a truth,na verdade
of age,de idade
of all loves,de todos os amores
of all people,de todas as pessoas
of all places,de todos os lugares
of all things,de todas as coisas
of all time,de todos os tempos
of any use,de alguma utilidade
of blessed memory,de feliz memória
of choice,de escolha
of consequence,de importância
of counsel,consultor jurídico
of course,claro
of course my horse,claro, meu cavalo
of coz,claro
of even date,da mesma data
of hers,dela
of interest,de interesse
of its hand,de sua mão
of its kind,do seu tipo
of its own head,por conta própria
of its own study,de seu próprio estudo
of its part,por sua parte
of its proper movement,de seu movimento adequado
of Koranic proportions,de proporções corânicas
of late,ultimamente
of means,de meios
of mine,meu/minha
of modest means,de recursos limitados
of note,notável
of old,antigo
of one mind,de uma só mente
of one's choice,de sua escolha
of one's choosing,de sua escolha
of one's making,de sua autoria
of one's own,próprio
of one's own accord,por conta própria
of one's own making,de sua própria autoria
of one's word,cumprir a palavra
of ours,nosso(a
of record,registrado
of service,de serviço
of some use,de alguma utilidade
of someone's dreams,dos sonhos de alguém
of someone's life,da vida de alguém
of sorts,de certa forma
of that ilk,da mesma espécie
of the best water,da melhor água
of the century,do século
of the colors,das cores
of the colours,das cores
of the deepest dye,da mais alta qualidade
of the essence,da essência
of the finest water,da melhor água
of the first water,de primeira qualidade
of the like,semelhante
of the moment,do momento
of the order of,da ordem de
of the same leaven,da mesma massa
of the same stripe,do mesmo tipo
of the world,do mundo
of theirs,deles
of two minds,indeciso
of use,de uso
of value,de valor
of yore,de antigamente
of yours,seu/sua/seus/suas
off air,fora do ar
off and running,começando
off at the races,partiu para a corrida
off balance,desequilibrado
off base,errado
off board,fora do quadro
off book,de cor
off camera,fora de cena
off chance,pequena chance
off course,fora do curso
off duty,de folga
off guard,desprevenido
off keel,desequilibrado
off kilter,desequilibrado
off label,fora de uso indicado
off like a bride's nightie,muito rápido
off one's block,descontrolado
off one's box,fora de si
off one's chump,enganar
off one's dot,louco
off one's face,embriagado
off one's feed,desligar
off one's game,desconcentrado
off one's guard,desatento
off one's head,louco
off one's hinge,descontrolado
off one's hinges,descontrolado
off one's meds,sem tomar a medicação
off one's nut,pirar
off one's nuts,pirar
off one's onion,chocado
off one's own bat,por conta própria
off one's rocker,estar louco
off one's rocket,descontrolado
off one's tits,embriagado
off one's tree,embriagado
off one's trolley,fora de si
off pat,desajeitado
off record,não registrado
off rip,imediatamente
off service,fora de serviço
off someone's hands,das mãos de alguém
off sync,desincronizado
off tap,de torneira
off target,fora do alvo
off the air,fora do ar
off the back foot,em desvantagem
off the bat,de primeira
off the beam,fora do alvo
off the beaten path,fora do comum
off the beaten track,fora do comum
off the boil,esfriado
off the books,não declarado
off the chain,incrível
off the chart,fora da escala
off the charts,fora da escala
off the clock,fora do horário de trabalho
off the cuff,de improviso
off the deep end,à beira de um colapso
off the derech,fora da estrada
off the dome,de cabeça
off the face of the earth,da face da terra
off the grid,desconectado
off the ground,do chão
off the hinges,desencaixado
off the hizzy,descontrolado
off the hook,livre
off the hooks,livre de responsabilidades
off the horn,desligar a buzina
off the lay,de folga
off the mark,errado
off the nut,fora de si
off the plan,em construção
off the radar,fora do radar
off the radio,no rádio
off the rails,fora dos trilhos
off the record,não para divulgação
off the reservation,fora da reserva
off the rip,de imediato
off the scale,fora da escala
off the shelf,pronto para uso
off the shits,de folga
off the table,fora de discussão
off the tools,de folga
off the top of one's dome,de cabeça
off the top of one's head,de cabeça
off the track,fora da pista
off the wagon,voltar a beber
off the water cart,fora da carroça de água
off to the races,rumo à corrida
off with someone's head,quebrar a cabeça de alguém
off with their head,Que cortem a cabeça deles
offer affordances,oferecer possibilidades
offer one can't refuse,oferta irrecusável
offer one's condolences,expressar condolências
offer up,oferecer
office up,andar de cima
officer down,agente ferido
Officer Friendly,Agente Amigo
oh dark hundred,oh centenas escuras
oh dark thirty,três horas da manhã
oh me of little faith,ai de mim, tão pouco devoção
oh my,meu Deus
oh my God,Meu Deus
oh my goodness,meu Deus
oh my goodness gracious,meu Deus
oh my gosh,meu Deus
oh my life,minha vida
oh well,que pena
oh ye of little faith,oh tu que tens pouca fé
oi oi saveloy,olá olá saveloy
oil and water,água e óleo
oil and water don't mix,água e óleo não se misturam
oil burner,queimador a óleo
oil trash,lixo de óleo
oil up,untar
oink out,grosseiramente
OK yah,Ok
okey dokey smokey,tudo bem
okey-dokey artichokey,tudo bem
okey-dokey Smokey,tudo bem Smokey
old as the hills,muito antigo
old boy network,rede de contatos de velhos conhecidos
old chestnut,clichê
old enough to vote,maior de idade para votar
old fart,velho chato
old flame,antigo amor
old fogey,velho
old habits die hard,hábitos antigos são difíceis de abandona…
old hand,veterano
old hat,chapéu velho
old head on young shoulders,cabeça velha em ombros jovens
old man yells at cloud,homem idoso grita para a nuvem
old man yells at clouds,homem velho grita para as nuvens
old money,dinheiro antigo
old salt,velho marinheiro
old saw,serra antiga
old school,antigo
old sins cast long shadows,velhos pecados projetam longas sombras
old sins have long shadows,velhos pecados têm longas consequências
old song,música antiga
old stager,veterano
old stick,graveto
old wine in a new bottle,vinho velho em garrafa nova
old-fashioned look,aparência antiquada
olive juice,suco de azeitona
oll korrect,tudo correto
olly olly oxen free,olimpismo
om mani padme hum,óm mani padme hum
on a bell,em um sino
on a collision course,em rota de colisão
on a daily basis,diariamente
on a day-to-day basis,no dia a dia
on a different note,em outro assunto
on a dime,com pouco dinheiro
on a first-name basis,usando o primeiro nome
on a full stomach,com a barriga cheia
on a go-slow,em ritmo lento
on a good wicket,em boa situação
on a kick,empolgado
on a lark,por diversão
on a losing wicket,em uma situação difícil
on a mission,em uma missão
on a need-to-know basis,em caso de necessidade
on a pair,em um par
on a par,em igualdade
on a par with,em pé de igualdade
on a plate,em um prato
on a platter,em um prato
on a promise,com uma promessa
on a regular basis,regularmente
on a roll,empolgado
on a shoestring,com poucos recursos
on a silver platter,de mão beijada
on a sixpence,por uma ninharia
on a stick,em um palito
on a string,em um fio
on a sudden,de repente
on a tear,empolgado
on a tight leash,com uma coleira curta
on a time,em um tempo
on a whim,por impulso
on a wing and a prayer,com muita esperança
on a wonder,em uma maravilha
on accident,por acidente
on account,em razão de
on account of,por causa de
on acid,sob efeito de drogas
on air,no ar
on alert,em alerta
on all counts,em todos os aspectos
on all fours,de quatro
on all hands,de acordo com todos
on all-fours,de quatro
on an empty stomach,de barriga vazia
on an equal footing,em igualdade de condições
on an impulse,por impulso
on an irregular basis,de forma irregular
on and off,ligado e desligado
on and on,e assim por diante
on another note,em outro assunto
on any view,sob qualquer ponto de vista
on average,em média
on background,em segundo plano
on bad terms,em maus termos
on bail,sob fiança
on balance,em geral
on base,na base
on behalf of,em nome de
on bended knee,de joelhos
on blast,em operação
on board,a bordo
on butt,no bumbum
on call,de plantão
on camera,em vídeo
on cloud nine,Nas nuvens
on cloud seven,Nas nuvens
on command,sob comando
on condition,sob condição
on contact,ao contato
on course,no curso
on course for,no rumo a
on course to do something,no caminho para fazer algo
on credit,a crédito
on cue,no momento certo
on death's doorstep,à beira da morte
on deck,no convés
on demand,sob demanda
on display,exposto
on duty,de serviço
on earth,na terra
on edge,à beira
on end,em fim
on equal footing,em igualdade de condições
on equal terms,em igualdade de condições
on eternal patrol,em patrulha eterna
on everybody's lips,na boca de todos
on everyone's lips,na boca de todos
on familiar ground,em terreno conhecido
on file,em arquivo
on fire,em chamas
on firecall,em chamas
on first-name terms,ter intimidade
on fleek,perfeito
on foenem grave,um problema sério
on foot,a pé
on form,no formulário
on fours,de quatro
on God's green earth,na terra
on good terms,em bons termos
on hand,disponível
on heat,em aquecimento
on high,em cima
on hire,disponível para alugar
On HMS,A bordo do HMS
on hold,em espera
on horseback,a cavalo
on ice,parado
on impulse,por impulso
on in years,em anos
on instruments,nos instrumentos
on it like a car bonnet,em cima como um capô de carro
on its merits,com base em seus méritos
on its way out,em extinção
on Jah,em Jah
on keel,em construção
on level terms,em igualdade de condições
on like Donkey Kong,como o Donkey Kong
on line,online
on lobby terms,em termos de lobby
on location,no local
on long-term sick,de baixa por tempo prolongado
on loop,em loop
on main,principal
on memo,em memorando
on net,na internet
on no account,de jeito nenhum
on nodding terms,conhecidos
on notice,avisado
on oath,sob juramento
on occasion,ocasionalmente
on offer,à venda
on one hand,por um lado
on one's back,de costas
on one's beam ends,desequilibrado
on one's behaviour,no comportamento
on one's bill,na conta
on one's conscience,na consciência
on one's deathbed,no leito de morte
on one's feet,de pé
on one's game,no ritmo
on one's guard,em alerta
on one's hands and knees,de joelhos
on one's head,na cabeça
on one's high horse,arrogante
on one's honor,em honra
on one's Jack Jones,em sua roupa de ginástica
on one's L's,em dificuldades
on one's last legs,agonizando
on one's lee-lane,na área de influência do vento
on one's legs,nas pernas
on one's lonesome,sozinho
on one's Ls,em seus momentos de lazer
on one's mark,na marca
on one's mettle,à prova
on one's mind,na cabeça de alguém
on one's ones,em si mesmo
on one's own,sozinho
on one's own account,por conta própria
on one's own bat,por conta própria
on one's own ground,em seu próprio território
on one's own hook,por conta própria
on one's own time,no tempo livre
on one's P's,dormindo
on one's part,por sua parte
on one's pat,em sua posse
on one's Pat Malone,estar bêbado
on one's period,com a menstruação
on one's person,em sua posse
on one's plate,na lista de tarefas
on one's Ps,concentrado
on one's side,de um lado
on one's tod,sozinho
on one's todd,sozinho
on one's toes,em alerta
on one's uppers,sem dinheiro
on one's watch,sob sua responsabilidade
on one's way,a caminho
on ones,em um
on opposite sides of the barricades,em lados opostos da barricada
on order,por encomenda
on pain of,sob pena de
on paper,no papel
on parade,em desfile
on pins and needles,de nervoso
on point,no ponto
on principle,por princípio
on pump,na bomba
on purpose,de propósito
on rails,em trilhos
on rare form,em ótima forma
on read,lendo
on record,registrado
on reflection,refletindo
on remand,em recurso
on report,no relatório
on sale,em promoção
on schedule,no prazo
on second thought,repensando
on second thoughts,repensando
on seen,visto
on serve,a servir
on shaky ground,em terreno instável
on shipboard,a bordo
on short notice,com pouco aviso
on show,em exibição
on sight,à vista
on site,no local
on skibidi,em skibidi
on sleep,durante o sono
on solid ground,em terreno firme
on somebody's account,por conta de alguém
on somebody's agenda,na pauta de alguém
on somebody's mind,na cabeça de alguém
on someone's account,em nome de alguém
on someone's ass,em cima do traseiro de alguém
on someone's back,nas costas de alguém
on someone's books,nos livros de alguém
on someone's dime,às custas de alguém
on someone's doorstep,na porta de alguém
on someone's good side,nos bons termos com alguém
on someone's hands,nas mãos de alguém
on someone's mind,na cabeça de alguém
on someone's own dime,por conta própria
on someone's radar,na mira de alguém
on someone's radar screen,no radar de alguém
on someone's side,do lado de alguém
on someone's tail,na cola de alguém
on song,em forma
on speaking terms,em bons termos
on spec,por conta própria
on special,em promoção
on steroids,com esteroides
on strike,em greve
on stun,paralisado
on sufferance,com permissão
on suspicion of,sob suspeita de
on sync,sincronizado
on tag,na etiqueta
on talking terms,em bons termos
on tap,de torneira
on tape,em fita
on target,no alvo
on task,no caminho certo
on television,na televisão
on tender hooks,em ganchos delicados
on tenterhooks,ansioso
on tenters,em tendas
on terms with,em bons termos
on that basis,com base nisso
on that note,nesse sentido
on that score,nesse sentido
on the agenda,na pauta
on the air,no ar
on the alert,em alerta
on the anvil,na bigorna
on the assumption that,assumindo que
on the back burner,em segundo plano
on the back foot,em desvantagem
on the back of,na parte de trás de
on the ball,antenado
on the bash,na praia
on the basis of,com base em
on the batter,na massa
on the beach,na praia
on the beat,no ritmo
on the bench,no banco
on the bias,na diagonal
on the blanket,no cobertor
on the blink,com defeito
on the blob,na gosma
on the block,na rua
on the boil,fervendo
on the boob,no peito
on the book,no livro
on the books,registrado
on the bounce,no pulo
on the bow,na proa
on the brain,na cabeça
on the breadline,na miséria
on the brew,em preparação
on the brink,à beira
on the brink of,à beira de
on the bubble,na linha de corte
on the bum,na miséria
on the bung,na rolha
on the burst,de repente
on the button,no botão
on the cadge,de graça
on the canvas,na tela
on the cards,nas cartas
on the carpet,no tapete
on the case,no caso
on the cheap,barato
on the clock,no horário
on the contrary,ao contrário
on the couch,no sofá
on the count of,na contagem de
on the critical list,na lista de pacientes graves
on the crook,na curva
on the cross,na cruz
on the cuff,na manga
on the cusp,na iminência
on the cutting room floor,na gaveta
on the debit side,no lado do débito
on the deck,no convés
on the defensive,na defensiva
on the district,no distrito
on the DL,em segredo
on the docket,na pauta
on the door,na porta
on the dot,pontualmente
on the double,rapidamente
on the down-low,em segredo
on the downlow,em segredo
on the drum,no tambor
on the dry,no seco
on the earie,na orelha
on the edge,na borda
on the edge of,na borda de
on the edge of one's seat,na ponta da cadeira
on the eve of,na véspera de
on the face of,na superfície de
on the face of it,à primeira vista
on the face of the earth,na superfície da Terra
on the fence,indeciso
on the fiddle,no violino
on the flat,no apartamento
on the flip side,por outro lado
on the flipside,por outro lado
on the floor,no chão
on the fly,de improviso
on the fritz,avariado
on the front burner,em primeiro plano
on the front foot,na frente
on the full,completo
on the game,no jogo
on the go,em movimento
on the grid,na grade
on the gridiron,no campo
on the gripping hand,na mão que segura
on the grog,embriagado
on the ground,no chão
on the grounds of,com base em
on the grounds that,com base no argumento de que
on the half hour,de meia em meia hora
on the heels of,logo após
on the high rope,na corda bamba
on the high ropes,nas tirolesas
on the hog,no porco
on the hog train,no trem do porco
on the hoof,diretamente do local
on the hook,no anzol
on the hop,em constante movimento
on the horizon,no horizonte
on the horn,no telefone
on the horns of a dilemma,em uma encruzilhada
on the hour,no ponto
on the house,por conta da casa
on the huh,no meio do quê
on the hunt,na caçada
on the hurry up,com pressa
on the hush,em segredo
on the hush-hush,em segredo
on the hustle,na correria
on the improve,em aprimoramento
on the inside,por dentro
on the instant,instantaneamente
on the internet,na internet
on the jar,na embalagem
on the job,no trabalho
on the jump,no salto
on the knocker,na maçaneta
on the ladder,na escada
on the lam,fugindo
on the lash,maquiado
on the latch,no trinco
on the level,no nível
on the line,na linha
on the lines of,nas linhas de
on the lookout,de olho
on the loose,à solta
on the low,discretamente
on the make,em busca de
on the mark,no alvo
on the market,no mercado
on the mat,no tapete
on the mend,melhorando
on the mending hand,na mão que conserta
on the money,exato
on the mop,no esfregão
on the move,em movimento
on the muscle,no músculo
on the nail,no ponto
on the needle,na agulha
on the nick,no limite
on the nod,de relance
on the nose,exatamente
on the nut,na noz
on the off-chance,por acaso
on the one hand,por um lado
on the order of,na ordem de
on the other bus,no outro ônibus
on the other hand,por outro lado
on the other paw,por outro lado
on the other side of,do outro lado de
on the outlook,na perspectiva
on the outs,em conflito
on the outside,por fora
on the outside looking in,de fora para dentro
on the outskirts of,na periferia de
on the pad,no bloco de notas
on the panel,no painel
on the part of,por parte de
on the Pat and Mick,no Pat e no Mick
on the pdq,no PDQ
on the phone,ao telefone
on the pill,usando pílula
on the piss,embriagado
on the plus side,por outro lado
on the point of,a ponto de
on the premises,nas dependências
on the prod,na produção
on the prowl,à espreita
on the pull,no puxão
on the Q.T.,em segredo
on the qt,em segredo
on the quarter,no trimestre
on the rack,sob pressão
on the radar,no radar
on the rag,na menstruação
on the rail,na linha
on the rails,nos trilhos
on the rampage,em fúria
on the ran tan,na correria
on the razz,na moda
on the razzle,animado
on the razzle-dazzle,com muito brilho
on the ready,pronto
on the real,na real
on the receiving end,do lado que recebe
on the record,registrado
on the reg,regularmente
on the reggo,regularmente
on the regs,regularmente
on the regular,regularmente
on the right foot,com o pé direito
on the right side of history,do lado certo da história
on the right track,no caminho certo
on the rise,em ascensão
on the rivet,concentrado
on the road,na estrada
on the rob,de graça
on the rocks,sem gelo
on the ropes,na corda bamba
on the run,em fuga
on the safe side,por precaução
on the same page,na mesma página
on the same wavelength,na mesma sintonia
on the sauce,no molho
on the scene,no local
on the scoot,no patinete
on the scrounge,na miséria
on the shady side of,do lado sombreado de
on the shelf,na prateleira
on the sick,doente
on the side,de lado
on the side of the angels,do lado dos anjos
on the skids,em dificuldades
on the slide,no slide
on the sly,de forma sorrateira
on the sniff,cheirando
on the spectrum,no espectro
on the spin,em rotação
on the spot,imediatamente
on the square,na praça
on the stand,no pódio
on the stock,no estoque
on the stocks,em estoque
on the street,na rua
on the streets,nas ruas
on the strength of,com base em
on the stroke of,exatamente no momento em que
on the stump,no palanque
on the surface,na superfície
on the table,na mesa
on the take,corrompido
on the tap,na torneira
on the tapis,em discussão
on the telephone,ao telefone
on the tenterhooks,em suspense
on the tenters,nos estendores
on the tiles,nos azulejos
on the tip of one's tongue,na ponta da língua
on the tools,na ferramenta
on the toss of a coin,ao lançar uma moeda
on the town,na cidade
on the trot,consecutivamente
on the turf,no gramado
on the turn,na vez
on the turps,na turps
on the up-and-up,tudo em ordem
on the uptake,em desenvolvimento
on the verge,À beira
on the verge of,À beira de
on the viretot,no viretot
on the wagon,na carroça
on the wallaby,em busca de algo
on the wallaby track,na trilha do canguru
on the wane,em declínio
on the warpath,em estado de guerra
on the watch,de guarda
on the way,a caminho
on the way out,a caminho da saída
on the whole,no geral
on the wind,no vento
on the wing,em voo
on the wings of the wind,nas asas do vento
on the wrong foot,com o pé esquerdo
on the wrong side of history,do lado errado da história
on the wrong track,no caminho errado
on thin ice,em má situação
on this score,neste sentido
on threes,em três
on tick,a crédito
on tilt,estressado
on time,no horário
on tiptoe,na ponta dos pés
on top,em cima
on top of,em cima de
on top of one's game,no auge
on top of that,além disso
on top of the world,no topo do mundo
on tour,em turnê
on track,no caminho certo
on trial,em julgamento
on trial for one's life,a julgamento por sua vida
on TV,na televisão
on twos,em pares
on velvet,em veludo
on view,em exibição
on watch,de guarda
on what planet,em qual planeta
on what score,em que base
on wheels,com rodas
on wing,em voo
on yer bike,vai de bicicleta
on your head be it,que seja assim
once again,novamente
once and for all,de uma vez por todas
once in a blue moon,uma vez em muito tempo
once in a lifetime,uma vez na vida
once in a purple moon,uma vez em lua de cor arroxa
once in a while,de vez em quando
once more into the breach,mais uma vez para a batalha
once or twice,uma ou duas vezes
once upon a time,Era uma vez
once you go black,uma vez que você experimenta
once-in-a-lifetime,única
one after another,um após o outro
one age with,uma idade com
one and all,todos
one and only,único
one and the same,o mesmo
one at a time,um de cada vez
one bad turn deserves another,um erro merece outro
one big happy family,uma grande família feliz
one could hear a pin drop,Se podia ouvir o som de uma agulha caind…
one day,um dia
one engine in steam,um motor a vapor
one fell swoop,de um só golpe
one flesh,uma só carne
one for the road,uma para a estrada
one good turn deserves another,um bom serviço merece outra boa ação
one hand can't hold two watermelons,Uma mão não consegue segurar duas melanc…
one hundred and one,cento e um
one in the eye for,um tapa na cara para
one man and his dog,um homem e seu cachorro
one moment,um momento
one more again,mais uma vez
one must give to get,é preciso dar para receber
one nail drives out another,um prego expulsa outro
one of a kind,único
one of His Majesty's bad bargains,uma das más decisões de Sua Majestade
one of those things,uma dessas coisas
one should be so lucky,uma pessoa deveria ter tanta sorte
one should live so long,uma pessoa deveria viver tanto tempo
one should never meet one's heroes,nunca se deve conhecer seus ídolos
one side,um lado
one step ahead,um passo à frente
one step at a time,um passo de cada vez
one strike and you're out,um strike e você está fora
one swallow doesn't a spring make,um andorinhão não faz a primavera
one swallow doesn't a summer make,um andorinhão não faz um verão
one swallow doesn't make a spring,um petisco não faz a primavera
one swallow doesn't make a summer,um petisco não faz o verão
one thing leads to another,uma coisa leva a outra
one thing led to another,uma coisa levou a outra
one thing or another,uma coisa ou outra
one too many,um a mais
one up,superar
one way or another,de uma forma ou de outra
one way or the other,de um jeito ou de outro
one who hesitates is lost,quem hesita está perdido
one will know the reason why,alguém saberá o motivo
one word leads to another,uma palavra leva a outra
one's ass is dragging,está com dificuldades
one's ass is grass,é capim
one's back is up,estar com a pulga atrás da orelha
one's blood is up,estar exaltado
one's blood runs cold,sentir um arrepio na espinha
one's cake is dough,A massa do bolo de alguém
one's cotton socks off,impressionar muito
one's days are numbered,os dias estão contados
one's door is open,a porta está aberta
one's egg breaks,o ovo quebra
one's egg cracks,a gema se rompe
one's father was born before one,o pai nasceu antes
one's fingers are all thumbs,ser desajeitado
one's fingers itch,dar vontade de fazer algo
one's flabber is gasted,estar boquiaberto
one's heart bleeds,o coração chora
one's heart in one's mouth,com o coração na boca
one's heart out,de coração
one's heart sinks,o coração afunda
one's hour,uma hora de alguém
one's house in order,colocar a casa em ordem
one's jig is up,o jogo acabou
one's last,último
one's lips are sealed,a boca está fechada
one's name is mud,a reputação de alguém está manchada
one's own boss,seu próprio chefe
one's own master,seu próprio mestre
one's race is run,a corrida acabou
one's ship comes in,a sorte chega
one's socks off,impressionar muito
one's teeth water,salivar
one's time is one's own,O tempo de cada um é de cada um
one's way,seu caminho
one's word is law,a palavra de alguém é lei
one-hit wonder,sucesso meteórico
one-horse race,corrida sem concorrência
one-horse town,vila pequena
one-man band,banda solo
one-night stand,ficada
one-track mind,mente fechada
one-trick pony,faz-tudo
one-way ticket to Palookaville,passagem só de ida para Palookaville
only a mother could love,Só uma mãe pode amar
only fools and horses work,Só tolos e preguiçosos não trabalham
only game in town,única opção
only Nixon can go to China,Só Nixon pode ir à China
only Nixon could go to China,Só Nixon poderia ir à China
only the good die young,somente os bons morrem jovens
only time will tell,Só o tempo dirá
ontogeny recapitulates phylogeny,a ontogenia recapitula a filogenia
onward and upward,avante e para cima
onwards and upwards,avante e para cima
ooga booga,booga booga
ookie cookie,biscoito
open a can of whoop ass,arrebentar alguém
open book,livro aberto
open doors,portas abertas
open field,campo aberto
open fire,fogo aberto
open invitation,convite aberto
open it up,abra
open one's legs,abrir as pernas
open one's mind,abrir a mente
open one's mouth,abrir a boca
open out,abrir
open Pandora's box,abrir a caixa de Pandora
open season,temporada de caça
open sesame,abre-te sesamo
open someone's eyes,abrir os olhos de alguém
open the batting,abrir a defesa
open the door,abra a porta
open the floodgates,abrir as comportas
open the kimono,revelar os segredos
open the schools,abrir as escolas
open up,abrir
open wide,abra bem
open-door policy,política de portas abertas
opening of an envelope,abertura de um envelope
opinio juris sive necessitatis,opinião de direito ou de necessidade
opinions are like assholes,as opiniões são como buracos no cu
opportunity comes knocking,oportunidade bate à porta
opportunity knocks,oportunidade bate à porta
opportunity knocks at every man's door,oportunidade bate à porta de cada homem
opportunity makes a thief,oportunidade faz do ladrão
opportunity makes the thief,A oportunidade faz o ladrão
opportunity seldom knocks twice,a oportunidade raramente bate duas vezes
opposite number,número oposto
opposites attract,os opostos se atraem
opt in,optar por participar
opt out,desistir
optically active,ópticamente ativo
optimize out,otimizar
or anything,ou qualquer coisa
or bust,ou tudo
or else,ou então
or it didn't happen,ou não aconteceu
or should I say,ou devo dizer
or something,ou algo assim
or words to that effect,ou palavras semelhantes
Orange Man bad,Homem laranja ruim
orange wine,vinho laranja
oranges with oranges,laranjas com laranjas
order about,ordem sobre
order around,organizar
order in,ordem
order out,pedir comida
order to cash,do pedido ao pagamento
order up,Pronto
orders are orders,ordens são ordens
Oreo cookie,Biscoito Oreo
orphan off,órfão de
ostrich policy,política do avestruz
other end of the ball,outra extremidade da bola
other fish in the sea,outros peixes no mar
other half,outra metade
other head,outra cabeça
other man,outro homem
other side,outro lado
other than,além de
other than that,além disso
other woman,outra mulher
otherly abled,com deficiência
otherwise engaged,ocupado
our era,nossa era
out and about,fora de casa
out cold,desmaiado
out for a duck,feito um pateta
out for blood,sedento por vingança
out loud,em voz alta
out of a job,desempregado
out of a nightmare,de um pesadelo
out of action,fora de serviço
out of all proportion,desproporcionalmente
out of book,de livro
out of bounds,fora dos limites
out of breath,sem fôlego
out of central casting,tirado de um filme
out of character,fora de personagem
out of collar,fora da coleira
out of commission,fora de serviço
out of conceit with,insatisfeito com
out of condition,fora de forma
out of control,fora de controle
out of countenance,constrangido
out of course,obviamente
out of date,desatualizado
out of drawing,fora do desenho
out of fashion,fora de moda
out of favor,em desgraça
out of favour,em desgraça
out of fix,em apuros
out of focus,fora de foco
out of form,fora de forma
out of frame,fora do quadro
out of gas,sem combustível
out of gauge,fora de especificação
out of gear,desengrenado
out of hand,fora de controle
out of harness,fora da coleira
out of heart,do coração
out of heat,sem aquecimento
out of house and home,fora de casa e do lar
out of humour,de mau humor
out of joint,desencaixado
out of keeping with,em desacordo com
out of kelter,desorganizado
out of key,fora de tom
out of kilter,desajustado
out of line,fora de ordem
out of luck,com má sorte
out of nowhere,do nada
out of one's box,fora da caixa
out of one's cotton-picking mind,louco
out of one's depth,estar perdido
out of one's element,fora do seu elemento
out of one's face,embriagado
out of one's fingers,na ponta dos dedos
out of one's gourd,louco
out of one's hands,fora de controle
out of one's head,fora de si
out of one's league,está fora da sua liga
out of one's mind,louco
out of one's own pocket,do próprio bolso
out of one's senses,fora de si
out of one's sight,à vista
out of one's skin,de saia justa
out of one's system,tirar do sistema
out of one's time,perder tempo
out of one's tree,louco
out of order,fora de ordem
out of place,fora do lugar
out of play,fora de jogo
out of plumb,desalinhado
out of pocket,sem dinheiro
out of power,sem energia
out of practice,fora de forma
out of preparation,sem preparação
out of print,esgotado
out of process,fora do processo
out of proportion,desproporcional
out of question,fora de questão
out of rack,fora da estante
out of reach,além do alcance
out of season,fora de época
out of service,fora de serviço
out of shape,fora de forma
out of sight,fora de vista
out of someone's hands,fora do alcance de alguém
out of someone's way,fora do caminho de alguém
out of sorts,indisposto
out of spirits,desanimado
out of spoons,sem colheres
out of station,fora de serviço
out of step,descompassado
out of stock,sem estoque
out of suits,sem ternos
out of suits with,sem ternos com
out of sync,desincronizado
out of temper,com raiva
out of the ark,fora da arca
out of the blue,de repente
out of the box,fora da caixa
out of the chute,no início
out of the common,fora do comum
out of the gate,no início
out of the loop,desinformado
out of the money,sem dinheiro
out of the mouths of babes,da boca dos bebês
out of the ordinary,fora do comum
out of the picture,fora do quadro
out of the question,impossível
out of the running,fora da disputa
out of the starting gate,da linha de partida
out of the way,de lado
out of the window,pela janela
out of the woods,fora do perigo
out of thin air,do nada
out of this world,incrível
out of time,sem tempo
out of touch,desconectado
out of town,fora da cidade
out of true,fora de esquadro
out of tune,fora de afinação
out of turn,fora de ordem
out of use,fora de uso
out of view,fora de vista
out of wedlock,fora do casamento
out of whack,desajustado
out of wind,sem vento
out of work,desempregado
out on a limb,arriscar
out on one's feet,sem dinheiro
out on the tiles,na pista de dança
out over one's skis,exagerar
out sick,doente
out the ass,no cu
out the blue,de repente
out the wazoo,em excesso
out the window,pela janela
out to lunch,almoçar fora
out-paramour the Turk,amante turco
outpope the Pope,superar o Papa
outrun the constable,escapar da polícia
outside chance,pequena chance
outside job,trabalho externo
outside of,fora de
outside the box,fora da caixa
outside world,mundo exterior
outta town,fora da cidade
over a barrel,em uma situação difícil
over and out,receba e fim
over and over,repetidamente
over and over again,repetidamente
over easy,com a gema mole
over hard,bem passado
over light,sobre luz
over medium,sobre médio
over my dead body,Por cima do meu cadáver
over nine thousand,mais de nove mil
over one's head,acima da cabeça
over one's skis,estar acima do nível
over open sights,sem mira
over the counter,sem receita
over the edge,à beira
over the fence,por cima da cerca
over the head,acima da cabeça
over the hill,passado da idade
over the hills and far away,além das colinas e bem longe
over the hump,superado
over the left,à esquerda
over the left shoulder,por cima do ombro esquerdo
over the line,ultrapassar os limites
over the moon,muito feliz
over the odds,contra todas as probabilidades
over the rainbow,sobre o arco-íris
over the top,exagerado
over the transom,pela janela
over the way,do outro lado
over the wire,pelo fio
over time,com o tempo
over well,bem
over-the-counter,sem receita
overstep the mark,exceder os limites
owe it to oneself,dever a si mesmo
owe out,dever
owing to,devido a
own up,assumir a responsabilidade
ox is in the ditch,a vaca está no fosso
oxygen burning,oxidação
p'd off,irritado
pace off,medir o passo
pace out,medir o passo
pack away,guardar
pack fudge,embalagem de fudge
pack heat,carregar arma
pack in,embalar
pack it in,pare
pack of lies,mentira descarada
pack off,vá embora
pack on,ganhar peso
pack out,embalar
pack shit,embrulhar bobagem
pack up,fazer as malas
packaged goods,produtos embalados
packed to the gills,cheio até rebentar
packed to the rafters,cheio até a boca
packing for Perth,fazer as malas para Perth
pact of silence,pacto de silêncio
pacta sunt servanda,os contratos devem ser cumpridos
pad down,amassar
pad out,preencher
pad up,acolchoar
padded cell,câmara de isolamento
paddle one's own canoe,fazer por conta própria
page down,descer a página
page in,página em
page out,descarregar página
page up,aumentar página
pagoda tree,árvore da pagodeira
pain in the ass,dor de cabeça
pain in the neck,dor no pescoço
painful on the eyes,que irrita os olhos
paint a rosy picture,pintar um quadro cor-de-rosa
paint down,pintar para baixo
paint oneself into a corner,se enquadrar numa situação difícil
paint out,pintar
paint over,pintar por cima
paint the town red,fazer a festa
paint the wagon,pintar a carroça
paint up,pintar
paint with a broad brush,pintar com pinceladas largas
painting rocks,pintar pedras
pair and share,compartilhar e discutir
pair of shoes,par de sapatos
pair off,formar pares
pair up,fazer par
paisa vasool,vale o dinheiro
pal around,fofocar
pal up,amigo
palace intrigue,intriga palaciana
palace politics,intriga palaciana
pale in comparison,comparado
pale rider,cavaleiro pálido
pall on,cair sobre
palm off,enganar
palm out,palma para fora
palmately compound,palmado
pam off,desligado
pan and scan,varrer e procurar
pan out,acontecer
Pandora's box,Caixa de Pandora
pansy up,arrogante
pants on fire,mentindo
paper bag,saco de papel
paper over,cobrir
paper tiger,tigre de papel
paper trail,registro documental
par avion,por avião
par delictum,por delito
par for the course,algo comum
par off,desligar
parade of horribles,desfile de horrores
parade passed someone by,o desfile passou por alguém
paradise on earth,paraíso na terra
paralysis by analysis,paralisia por análise
parcel out,distribuir
parcel up,dividir em pacotes
pardon me,me desculpe
pardon my French,desculpe a expressão
pare down,reduzir
parentally challenged,com dificuldades parentais
park and bark,estacionar e latir
park in,estacionar em
park that thought,Guarde essa ideia
park the bus,estacionar o ônibus
park up,estacionar
part and parcel,parte integrante
part off,separar
part out,desmontar
part with,separar-se de
partial out,parcialmente
partially ordered,parcialmente ordenado
parting of the ways,separação
parting shot,última imagem
partner up,fazer parceria
party animal,animais de festa
party cry,grito de festa
party down,divirtam-se
party hardy,se divertir muito
party hearty,divertir-se muito
party in one's mouth,festa na boca
party like it's 1999,festejar como se fosse 1999
party on,divirtam-se
party to,participante
party up,reunir
pas devant les enfants,na frente das crianças
pass along,passar adiante
pass around,passar
pass as,passar
pass away,morrer
pass by,passar
pass down,passar adiante
pass for,passar por
pass muster,ser aprovado
pass off,falsificar
pass off as,fazer passar por
pass on,passar adiante
pass oneself off as,fazer-se passar por
pass out,desmaiar
pass over,ignorar
pass round,passar
pass the bottle of smoke,passe a garrafa de fumaça
pass the buck,passar a responsabilidade
pass the hat,passe o chapéu
pass the river,atravessar o rio
pass the torch,passar o bastão
pass through,passar por
pass under the yoke,estar sob o jugo
pass up,perder
past it,passado
past one's prime,estar fora de forma
past the point of,além do ponto de
paste away at,colar insistentemente
paste up,colar
pasture out,pastoreio
pat down,revista
pat on the back,tapinha nas costas
pat somebody on the back,fazer um carinho nas costas de alguém
pat. pend.,patente pendente
patch over,cobrir
patch together,montar
patch up,reparar
patience is a virtue,a paciência é uma virtude
patience of a saint,paciência de um santo
patience of an angel,paciência de anjo
patience of Job,paciência de Jó
patience of Mother Teresa,paciência de Madre Teresa
patriotically correct,corrigido patrioticamente
pattern up,aumentar o padrão
pave the road to hell,Abrir caminho para o inferno
pave the way,Abrir caminho
pave the way for something,Abrir caminho para algo
paw at,patar
paw off,afastar
paw up,levantar a pata
pawn off,vender
pawn off as,vender como
pawn upon,peão em
pay a visit,visitar
pay and display,parquedromo
pay attention,prestar atenção
pay back,pagar
pay dividends,pagar dividendos
pay down,quitar
pay heed,prestar atenção
pay homage to,prestar homenagem a
pay its way,sustentar-se
pay off,pagar
pay off old scores,liquidar dívidas antigas
pay one's debt to society,pagar a dívida com a sociedade
pay one's dues,pagar o que se deve
pay or okay,pagar ou tudo bem
pay out,pagar
pay packet,salário
pay the bills,pagar as contas
pay the fiddler,pagar o músico
pay the freight,pagar o frete
pay the penalty,pagar a penalidade
pay the piper,pagar o preço
pay the price,pagar o preço
pay the rent,pagar o aluguel
pay through the nose,pagar caro
pay to play,pague para participar
pay towards,pagar para
pay tribute to,prestar homenagem a
pay up,pagar
pea patch,horta
pea-time is past,O tempo das ervilhas já passou
peace of mind,tranquilidade
peace out,tchau
peace through strength,paz através da força
peaches and cream,pêssegos e creme
peal out,derrapar
peanut butter,manteiga de amendoim
peanut gallery,galeria de espectadores
pearl of wisdom,pérola de sabedoria
pearls before swine,contar favores para quem não sabe valori…
pearly whites,dentes brancos
pebble in one's shoe,uma pedra no sapato
peck at,picarejar
pecker checker,verificador de qualidade
pedal to the metal,pisando fundo
pedals to the metal,pisando fundo
peddle out,vender ambulante
pee in someone's cornflakes,estragar a diversão de alguém
pee off,irritar
pee on someone's cornflakes,urinar nos cornflakes de alguém
pee one's pants,fazer xixi na calça
peed off,saiu de trás
peel away,descascar
peel me a grape,Descasque uma uva para mim
peel off,descascar
peel out,derrapar
peel the onion,descascar a cebola
peep of day,primeira luz do dia
peep out,espiar
peeve off,irritar
peg away,tire
peg back,recuar
peg down,prender
peg out,prender
peg the needle,prender a agulha
pellet moulding,moldagem por pellets
pelt down,cair em abundância
pelt of the dog,pele do cão
pen in,em
pen picture,descrição detalhada
pen up,abrir a caneta
penalty box,área de penalidade
pencil in,reservar
pencil out,calcular
pencil whip,chicote
pendente lite,litígio pendente
penny for them,um centavo por eles
penny for your thoughts,uma moeda para saber o que você está pen…
penny in the fusebox,moeda na caixa de fusíveis
penny pincher,avidor
penny wedding,casamento de tostão
penny wise and pound foolish,mesquinho
pension off,aposentar
people person,pessoa que gosta de pessoas
people sit on chairs,pessoas sentam em cadeiras
pep in one's step,energia
pep up,animar
pepper up,apimentar
Pepperidge Farm remembers,Pepperidge Farm se lembra
per annum,por ano
per cent,por cento
per curiam,por unanimidade
per nocte,à noite
per stirpes,por linhagem
perfect is the enemy of good,A perfeição é inimiga da boa qualidade
perfect storm,tempestade perfeita
perfection is the enemy of good,A perfeição é inimiga do bom
perish the thought,Que horror
perk up,animar
permanent shave,depilação permanente
perp walk,caminhada da vergonha
persist down,insistir em
persist it down,insista nisso
person from Porlock,pessoa de Porlock
person up,anime-se
personal capital,capital pessoal
pertaining to,relativo a
pet peeve,coisa que irrita
peter out,enfraquecer
Peter Pan syndrome,Síndrome de Peter Pan
Pfizer riser,Aumento da Pfizer
phase down,reduzir gradualmente
phase in,introduzir gradualmente
phase out,eliminar gradualmente
philatelically inspired,Inspirado em filatelia
phone ahead,ligar antes
phone in,ligar
phone tag,correio de voz
phone up,ligar
phoney up,ligar
phony up,inventar
physical break,descanso físico
physically challenged,pessoas com deficiência física
pick a fight,provocar uma briga
pick and pack,embalar e enviar
pick apart,desmontar
pick at,beliscar
pick away at,ir comendo aos poucos
pick corners,escolher cantos
pick holes,criticar
pick it up,pegue-o
pick of the crop,o melhor da colheita
pick of the litter,o melhor da ninhada
pick off,retirar
pick on,importunar
pick on someone your own size,enfrente alguém do seu tamanho
pick one's battles,escolher suas batalhas
pick one's nose,cutucar o nariz
pick out,escolher
pick out of a hat,sortear
pick over,examinar
pick someone's brain,tirar sarrafo de alguém
pick through,examinar
pick up,pegar
pick up on,perceber
pick up stitches,pegar pontos
pick up the pace,acelerar o ritmo
pick up the pieces,recolher os pedaços
pick up the tab,pagar a conta
pick up the threads,retomar a conversa
pick your poison,escolha seu veneno
pickin' and grinnin',sorrindo e se divertindo
pickle up,pegar
pics or it didn't happen,foto ou não aconteceu
pictures or it didn't happen,fotos ou não aconteceu
piddle away,perder tempo
pie in the sky,ilusão
pie off,sai daqui
piece by piece,pedaço por pedaço
piece of ass,Bunda
piece of cake,moleza
piece of crap,lixo
piece of shit,merda
piece of someone,pedaço de alguém
piece of tail,pedaço de rabo
piece of the action,parte do negócio
piece of the pie,parte do bolo
piece of the puzzle,pedaço do quebra-cabeça
piece of work,trabalho
piece out,desmontar
piece together,montar
piece up,montar
Pierian spring,Fonte Pieria
piffy on a rock bun,Não sei o que significa
pig in a poke,comprar gato por lebre
pig off,desligar
pig out,comer demais
pigs can fly,porcos podem voar
pigs may fly,acontecerá quando as galinhas tiverem de…
pigs might fly,acontecerá quando as galinhas tiverem de…
pile in,entulhar
pile on,acumular
pile out,sair do carro
pile Pelion on Ossa,empilhar Pelion sobre Ossa
pile up,acumular
pill in the pocket,comprimido no bolso
pill mill,fábrica de comprimidos
pill up,tomar comprimidos
pillow talk,conversa íntima
pilly willy,penis
pimp out,deixar mais chamativo
pimp up,melhorar
pin a rose on your nose,coloque uma rosa no seu nariz
pin back,prender com alfinete
pin down,fixar
pin money,dinheiro extra
pin on,prender
pin up,pin-up
pinch at,beliscão em
pinch off,beliscar
pinch one off,arrancar um
pinch out,apertar
pine away,murchar
pink slip,aviso de demissão
pink up,corar
pins and needles,formigamento
pip to the post,chegar primeiro
pipe down,fiquem quietos
pipe dream,ilusão
pipe in,tubo
pipe off,desligar
pipe the eye,olhar fixamente
pipe up,falar
piping hot,quentíssimo
piping times,horários de tubulação
piping times of peace,horários de funcionamento
piss about,perder tempo
piss and moan,reclamar e resmungar
piss around,perder tempo
piss away,desperdiçar
piss down,chover muito
piss in someone's cereal,estropar a vida de alguém
piss in someone's cornflakes,estragar a vida de alguém
piss it down,chover muito
piss like a racehorse,urinar como um cavalo de corrida
piss money up the wall,jogar dinheiro fora
piss more than one drinks,beber e urinar em excesso
piss off,Vai à merda
piss on,cagar
piss on someone's cornflakes,estropear a vida de alguém
piss on someone's parade,estragar a festa de alguém
piss up,festa
piss up a wall,perder tempo
pissed off,irritado
pissing war,guerra de insultos
pit against,contra
pit out,cavar
pitch and pay,apresentar e pagar
pitch around,jogar por perto
pitch in,contribuir
pitch into,jogar
pitch on,apresentação
pitch out,jogar fora
pitch up,chegar
pitch upon,apostar em
pitch woo,conquistar
pitchers have ears,os jogadores de beisebol têm ouvidos
pity fuck,transar por pena
pixel peeper,observador obsessivo
pizza table,mesa de pizza
place of business,local de trabalho
place to be,lugar para estar
plain dealing,honestidade
plan ahead,planejar com antecedência
plan on,planejar
plan out,planejar
plank down,pagar
plank up,sustentar
plant a seed,plantar uma semente
plant one's feet,ficar firme
plant out,plantar
plastic fantastic,fantástico
plate away,afastar a placa
plate out,dispor em pratos
plate up,servir
play a double game,jogar um jogo duplo
play a part,desempenhar um papel
play a role,desempenhar um papel
play about,peça teatral
play all one's cards,jogar todas as cartas
play along,participar
play around,brincar
play at,jogar em
play away,jogar fora de casa
play back,reproduzir
play ball,jogar bola
play booty,tocar músicas sensuais
play both sides against the middle,manipular
play by ear,improvisar
play chicken,jogar de empurrar
play Cupid,fazer de Cupido
play down,minimizar
play dumb,fingir-se de bobo
play fast and loose,brincar com a verdade
play first fiddle,ter o primeiro papel
play for love,jogar por amor
play for time,ganhar tempo
play games,jogar jogos
play hard to get,difícil de conquistar
play hardball,ser inflexível
play hob with,brincar de esconde-esconde
play hooky,faltar à escola
play in,participar em
play in Peoria,tocar em Peoria
play into,explorar
play it cheap,ser mesquinho
play it cool,mantenha a calma
play it for all it's worth,explorar ao máximo
play it safe,agir com cautela
play it straight,seja direto
play merry havoc with,causar grande confusão
play merry hell with,criar grandes problemas
play off,desempate
play Old Gooseberry,jogar Old Gooseberry
play Old Harry,jogar Old Harry
play Old Harry with,brincar de pega-pega
play on,brincar com
play on someone's heartstrings,tocar as cordas do coração
play on words,jogo de palavras
play one against another,colocar um contra o outro
play one's cards right,jogar bem as cartas
play one's part,fazer a sua parte
play or pay,jogar ou pagar
play out,acontecer
play politics,fazer política
play possum,fingir de morto
play safe,agir com cautela
play second fiddle,ser secundário
play silly buggers,fazer palhaçada
play someone like a fiddle,manipular alguém
play someone like a violin,manipular alguém
play the angles,explorar as oportunidades
play the cat and banjo with,tocar gato e banjo com
play the deuce with,brincar de duplas com
play the devil with,brincar de ser o diabo
play the dickens with,complicar
play the field,namorar várias pessoas
play the fool,fazer o bobo
play the gender card,usar o gênero como argumento
play the hand one is dealt,aceitar a situação
play the mischief with,pregar peças
play the Nazi card,usar o argumento nazista
play the ponies,apostar nos cavalos
play the race card,apelar para o racismo
play the same tape,reproduzir a mesma fita
play the something card,usar o carta
play the victim card,fazer de vítima
play the wag,ser bobo
play through,jogar até o fim
play to,jogar para
play to the gallery,fazer para agradar a plateia
play to win,jogar para vencer
play up,exagerar
play up to,exagerar
play upon,explorar
play well with others,saber se relacionar com os outros
play with,brincar com
play with a full deck,jogar com todas as cartas
play with fire,brincar com fogo
play with house money,arriscar sem medo
play with oneself,brincar consigo mesmo
plead down,implorar
plead out,declarar-se culpado
plead over,insistir
plead up,pleitear
please excuse my dear Aunt Sally,por favor, desculpe minha querida tia Sa…
please find attached,anexado
please help me,por favor me ajude
please repeat after me,repita depois de mim
please say that again,por favor repita
please sit down,por favor sente-se
please speak more slowly,fale mais devagar
please turn left,vire à esquerda
please turn right,vire à direita
please yourself,faça o que te faz feliz
pleased to meet you,prazer em conhecê-lo
pleased with oneself,satisfeito consigo mesmo
pleasure oneself,satisfazer-se
plop down,sentar
plot out,planejar
plough a lonely furrow,arar uma sulco solitário
plough ahead,seguir em frente
plough back,reinvestir
plough down,arar
plough in,arar
plough into,mergulhar em
plough money,investir dinheiro
plough on,seguir em frente
plough one's own furrow,cavar a própria vala
plough one's way,abrir caminho
plough over,arar
plough the back forty,arar a parte de trás da fazenda
plough through,persistir
plough under,arar
plough up,arar
plow ahead,seguir em frente
plow back,reinvestir
plow down,arar
plow in,arar
plow into,mergulhar em
plow on,seguir em frente
plow one's way,abrir caminho
plow over,arar
plow the sands,arar a areia
plow through,superar
plow under,arar
plow up,arar
plow with one's heifer,arar com a novilha
pluck out,arrancar
pluck up,animar-se
plug and chug,fazer sem pensar
plug away,trabalhar arduamente
plug in,conectar
plug into,conectar
plug out,desligar
plug up,entupir
plumb in,perpendicular
plumber up,encanador
plumber's helper,ajudante de encanador
plump down,afundar
plump for,optar por
plump up,encher
plunge in,mergulhar
plunge into,mergulhar em
poach up,cozinhar em água
poacher turned gamekeeper,caçador que se torna guarda
pobody's nerfect,ninguém é perfeito
pocket dial,discagem acidental
pocket up,guardar
poetry in motion,poesia em movimento
pogi point,ponto de encontro
point blank,diretamente
point fingers,culpar
point man,homem de contato
point out,apontar
point Percy at the porcelain,aponte Percy para a porcelana
point the finger at,culpar
point the finger at somebody,culpar alguém
point up,apontar para cima
poison pen,ataque venenoso
poison-pen letter,carta anônima ofensiva
poisoned chalice,taça envenenada
poke about,cutucar
poke along,avançar lentamente
poke around,investigar
poke holes in,fazer furos em
poke one's nose into,meter o nariz
poke out,aparecer
poke someone's eye out,tirar o olho de alguém
poke the bear,provocar o urso
poker up,preparem-se
poles apart,completamente diferentes
police lives matter,vidas policiais importam
police up,polícia
polish a turd,melhorar algo ruim
polish off,alisar
Polish parliament,Parlamento polonês
polish up,melhorar
polish up on,aprimorar
polite fiction,ficção educada
political football,bola política
politically correct,politicamente correto
politically incorrect,politicamente incorreto
Polly want a cracker,Polly quer um biscoito
poney up,contribuir
pony in the barn,pônei no celeiro
pony up,contribuir
pooch out,sacar
poon up,inflar
poop factory,fábrica de fezes
poop in one's pants,fazer cocô nas calças
poop machine,máquina de cocô
poop oneself,fazer cocô
poop out,desmaiar
poophole loophole,brecha
poor as a church mouse,muito pobre
poor as a rat,muito pobre
poor door,porta de acesso para pessoas com deficiê…
poor is a mindset,a pobreza é uma questão de mentalidade
poor is a state of mind,a pobreza é uma questão de mentalidade
poor little rich boy,menino rico e mimado
poor little rich girl,menina rica e mimada
poor man's shilling,moeda de pobre
poor power,baixa potência
poorness is a state of mind,A pobreza é um estado de espírito
pootle along,seguir lentamente
pop down,descer
pop for,música pop
pop in,aparecer
pop off,explodir
pop on,aparecer
pop one's cork,explodir de raiva
pop one's wad,cuspir chiclete
pop out,aparecer
pop someone's cherry,perder a virgindade
pop the cherry,perder a virgindade
pop the question,fazer o pedido
pop up,aparecer
popcorn movie,filme de pipoca
pope's nose,nariz do papa
popper up,aparecer
porcelain god,deus de porcelana
porcelain goddess,deusa de porcelana
porcelain skin,pele de porcelana
pore over,examinar cuidadosamente
pork out,gastar dinheiro
pork up,engordar
porn and prawn,porno e camarão
portion off,delimitar
portion out,distribuir
posh nosh,comida requintada
posh up,levantar o busto
positive Polly,Polly otimista
possession is nine-tenths of the law,A posse é nove décimos da lei
post mortem auctoris,após a morte do autor
post off,enviar
post up,postar
postally used,usado por correio
poster boy,modelo
poster child,exemplo perfeito
poster girl,garota propaganda
pot calling the kettle black,falar mal do outro para se sentir melhor
pot kettle black,o ladrão na casa do ladrão
pot of gold,pote de ouro
pot on,panela
pot out,apagar
pot up,colocar em conserva
potato chaser,perseguidor de batatas
Potemkin village,aldeia Potemkin
potter about,passear
potter around,mexer
potter's clay,argila
potter's field,cemitério de indigentes
potty mouth,língua solta
pound a beat,bater o ritmo
pound for pound,peso por peso
pound of flesh,vingança implacável
pound one's flounder,Não sei o que significa
pound out,bater
pound sand,vá catar areia
pound the pavement,andar pelas ruas
pour cold water on,arrefecer o entusiasmo
pour cold water over,derramar água fria sobre
pour down,despejar
pour down the drain,despejar no ralo
pour encourager les autres,para encorajar os outros
pour forth,derramar
pour fuel on the fire,agracar a situação
pour gasoline on the fire,agracar a fogueira
pour honey in one's ear,colocar mel no ouvido
pour honey into one's ear,colocar mel no ouvido
pour honey on,derramar mel sobre
pour in,despejar
pour into,despejar
pour oil on troubled waters,acalmar os ânimos
pour one out,despejar um pouco
pour one's heart out,desabafar
pour out,derramar
poverty is a mindset,a pobreza é uma questão de mentalidade
poverty is a state of mind,a pobreza é uma questão de mentalidade
powder keg,barril de pólvora
power ahead,avançar rapidamente
power behind the throne,poder por trás do trono
power coffee,café energizante
power down,desligar
power grab,golpe de poder
power lunch,almoço de negócios
power luncher,almoço de negócios
power lunching,almoço de negócios
power of the pencil,poder do lápis
power of the purse,poder de decisão sobre os gastos
power off,desligar
power on,ligar
power up,ligar
powers that be,os que mandam
poz up,atualizar
practice makes perfect,a prática leva à perfeição
practice makes progress,a prática leva à perfeição
prairie dog,cão-da-pradaria
praise to the skies,louvores aos céus
praise with faint damns,elogiar com pequenas críticas
prang out,fofocar
prat about,fofocar
prat around,brincar
prawn cocktail offensive,coquetel de camarão ofensivo
pray away the gay,orar para que a homossexualidade desapar…
pray tell,por favor, diga
pray the gay away,converter homossexuais
pray to the porcelain god,rezar para o deus da porcelana
pray to the porcelain goddess,rezar para a deusa da porcelana
preach down,predicar para baixo
preach in the desert,pregar no deserto
preach to deaf ears,falar com quem não ouve
preach to the choir,falar para os convertidos
preach up,proclamar
preach water and drink wine,falar uma coisa e fazer outra
precious little,muito pouco
prep out,preparem-se
prep up,preparar
prepare ahead,se preparar com antecedência
prepare the ground,preparar o terreno
prepare up,preparar
present company excepted,com exceção desta empresa
present company excluded,com as pessoas presentes
preserved in aspic,conservado em gelatina
press ahead,seguir em frente
press down,pressione para baixo
press F to pay respects,pressione F para prestar homenagem
press into service,colocar em serviço
press on,pressione
press out,pressionar para fora
press the flesh,apertar as mãos
press the panic button,pressione o botão de pânico
pressed for time,com pouco tempo
pressure makes diamonds,A pressão transforma o carbono em diaman…
pretty penny,uma fortuna
pretty pictures,fotos bonitas
pretty please with sugar on top,por favor, com todo o carinho
pretty Polly,bonita Polly
pretty up,embelezar
pretzel up,torcido para cima
prevail upon,persuadir
prevention is better than a cure,prevenir é melhor que remediar
prevention is better than cure,prevenir é melhor que remediar
previously disadvantaged,pessoas desfavorecidas
prey on,explorar
prey upon,explorar
price in,preço em
price is right,o preço está certo
price of eggs,preço dos ovos
price of tea in China,preço do chá na China
price on someone's head,prêmio por sua cabeça
price out,calcular o preço
price up,aumento de preço
prick out,furar
prick up,esticar
pride comes before a fall,o orgulho vem antes da queda
pride comes before the fall,o orgulho vem antes da queda
pride cometh before a fall,O orgulho vem antes da queda
pride goes before a fall,o orgulho vem antes da queda
pride goeth before a fall,o orgulho vem antes da queda
pride wenteth before a fall,o orgulho precede a queda
prim and proper,educado e correto
prime of life,auge da vida
prime the pump,iniciar o processo
prime up,preparar
primitive type,tipo primitivo
primp up,embelezar
primrose path,caminho das margaridas
prink up,arrumar
print off,imprimir
print out,imprimir
print up,imprimir
prior to,antes de
prior to that,antes disso
prior to this,antes disso
priss around,andar de um lado para o outro
private credit,crédito privado
private eye,detetive particular
privately held,de propriedade privada
prize pig,porco premiado
pro parte,em parte
pro re nata,conforme necessário
pro tip,dica útil
problem child,criança problemática
procrastination is the thief of time,A procrastinação é a ladra do tempo
procure to pay,procure pagar
professional suicide,suicídio profissional
professional victim,vítima profissional
proffer up,oferecer
progressive love,amor progressista
Promised Land,Terra Prometida
prone out,deitado de bruços
prop forward,avançar
prop up,sustentar
prop up the bar,sustentar a barra
prophet of doom,profeta do desastre
pros and cons,vantagens e desvantagens
pros ton kairon,para este momento
protest too much,insistir demais
Protestant work ethic,Ética protestante do trabalho
proud as a peacock,orgulhoso como um pavão
prove out,testar
proverbs come in pairs,provérbios vêm em pares
proverbs go in pairs,provérbios geralmente vêm em pares
proverbs hunt in pairs,provérbios caçar em pares
proverbs often come in pairs,provérbios frequentemente vêm em pares
proverbs run in pairs,provérbios que vêm em pares
proverbs should be sold in pairs,os provérbios devem ser vendidos em pare…
proverbs should be writ in pairs,os provérbios devem ser escritos em pare…
proverbs should come in pairs,provérbios devem vir em pares
proverbs should go in pairs,provérbios devem vir em pares
provided that,desde que
psych out,desmascarar
psych up,motivar
psyched up,animado
psychological warfare,guerra psicológica
pub grub,comida de bar
public intellectual,intelectual público
public purse,cofres públicos
publicity hound,pessoa que busca atenção pública
publicly held,de capital aberto
publish or perish,publicar ou morrer
pucker up,bexar
pudding and tame,pudim e domesticado
puddle jumper,salto em piscina
puddle up,acumular
puff out,inchar
puff up,inchar
puke up,vomitar
pull a face,fazer careta
pull a fast one,enganar
pull a lever,puxar uma alavanca
pull about,puxar para cima
pull ahead,superar
pull an all-nighter,passar a noite em claro
pull apart,separar
pull aside,afastar
pull away,afastar-se
pull back,recuar
pull back the curtain,revelar
pull down,derrubar
pull faces,fazer caretas
pull for,puxar por
pull in,atrair
pull in one's horns,moderar-se
pull into,entrar
pull it out,tire-o
pull my finger,puxe meu dedo
pull off,realizar
pull on,puxar
pull one over,enganar
pull one's finger out,se esforçar
pull one's pud,esticar o esfíncter anal
pull one's punches,moderar-se
pull one's socks up,esforçar-se
pull one's weight,fazer a sua parte
pull oneself together,recompor-se
pull oneself up by one's bootstraps,superar dificuldades sem ajuda externa
pull out,retirar
pull out all the stops,fazer o possível
pull out of one's arse,tirar do cu
pull out of one's ass,tirar do cu
pull out of the fire,tirar do fogo
pull out of the hat,tirar do chapéu
pull over,parar
pull punches,suavizar
pull rank,abusar da autoridade
pull round,arredondar
pull someone's leg,enganar alguém
pull someone's plumes,ridicularizar alguém
pull strings,puxar os cordelinhos
pull teeth,arrancar dentes
pull the ladder up after oneself,subir a escada depois de si
pull the ladder up behind oneself,subir a escada atrás de si
pull the long bow,exagerar
pull the other leg,puxar a outra perna
pull the other one,puxa o outro
pull the plug,desligar
pull the rug out from under,tirar o tapete debaixo dos pés
pull the shutters down,fechar as persianas
pull the strings,puxar os cordelinhos
pull the trigger,puxar o gatilho
pull the wool over someone's eyes,enganar alguém
pull through,recuperar
pull together,unir forças
pull up,levantar
pull up on,puxar para cima
pull up stakes,desfazer acampamento
pull up your pants,Abaixe suas calças
pulling power,força de tração
pulling the plug,desligar
pump and dump,esquema de pumpar e despejar
pump and jump,bombear e pular
pump out,bombear
pump someone's tires,encher os pneus
pump up,inflar
pumpkin head,cabeça de abóbora
punch above,superar
punch above one's weight,superar as próprias limitações
punch below one's weight,superar as expectativas
punch down,descer
punch in,preencher
punch it,aperte
punch out,bater o ponto
punch someone's lights out,derrubar alguém
punch someone's ticket,mandar para a vala
punch up,melhorar
punch-up session,reunião de brainstorming
punk out,desaparecer
purchase to pay,compra até o pagamento
purely imaginary,puramente imaginário
purple monkey dishwasher,lava-louças de macaco roxo
push about,empurrar
push against an open door,empurrar uma porta aberta
push along,empurrar
push around,empurrar
push aside,empurrar para o lado
push away,afastar
push back,adiar
push down,empurrar para baixo
push for,insistir em
push in,empurrar para dentro
push it,empurre
push off,afastar se
push on,insistir
push one's luck,arriscar
push one's way,abrir caminho
push out,empurrar para fora
push over,derrubar
push past,superar
push the boat out,gastar muito
push the envelope,ultrapassar os limites
push through,superar
push together,empurrar junto
push under,empurrar para baixo
push up,flexão de braço
push up against,empurrar contra
push up daisies,estar morto
push up on,empurrar para cima
push water uphill,empurrar água para cima
puss out,desaparecer
pussy out,covardiar
put 'em up,levantem as mãos
put a blanket over,cobrir com um cobertor
put a bug in someone's ear,sussurrar algo no ouvido de alguém
put a damper on,arruinar
put a finger to the wind,sentir a direção do vento
put a foot wrong,cometer um erro
put a gun to someone's head,apontar uma arma na cabeça de alguém
put a hat on a hat,colocar um chapéu em cima de outro chapé…
put a lid on,calar
put a lid on it,calar a boca
put a shift in,fazer um turno
put a slight upon,ofender
put a sock in it,Cala a boca
put a stop to,parar
put about,espalhar
put across,transmitir
put ahead,adiantar
put an end to,terminar
put around,espalhar
put aside,reserve
put at risk,colocar em risco
put away,guardar
put back,colocar de volta
put batteries in someone's back,incentivar alguém
put before,colocar antes
put behind one,deixar para trás
put butter on one's bread,passar manteiga no pão
put by,guardar
put case,caso
put daylight between oneself and someone,manter distância
put down,colocar
put down as,considerar como
put down for,reservar
put down roots,enraizar
put down to,atribuir a
put facts on the ground,consolidar conquistas
put food on the table,sustentar a família
put foot to ass,dar um tranco no traseiro
put forth,apresentar
put forward,apresentar
put hair on someone's chest,fazer crescer pelos no peito de alguém
put her there,coloque-a ali
put in,colocar
put in a position,colocar em posição
put in mind,lembrar
put in place,colocar no lugar
put in pledge,contribuir
put in the ground,enterrar
put in with,colocar junto com
put into one's own head,colocar na cabeça
put into practice,colocar em prática
put it about,divulgar
put it down,coloque-o
put it off on,adiar
put it past,negar
put it there,coloque ali
put it to,coloque-o
put lipstick on a pig,maquiar um porco
put new wine in old bottles,colocar vinho novo em garrafas velhas
put off,adiar
put on,colocar
put on a clinic,fazer uma demonstração
put on a pedestal,colocar em um pedestal
put on airs,fazer-se de importante
put on frills,colocar babados
put on hold,coloque em espera
put on one's dancing shoes,calçar os sapatos de dança
put on the dog,fingir grandeza
put on the long finger,adiar
put on the map,tornar conhecido
put on the red light,acender a luz vermelha
put on the ritz,gastar muito
put one across,enganar
put one over,enganar
put one past,marcar um gol
put one's affairs in order,organizar os assuntos
put one's ass on the line,arriscar tudo
put one's back into,se esforçar muito
put one's best foot forward,dar o seu melhor
put one's cards on the table,colocar todas as cartas na mesa
put one's feet up,descansar os pés
put one's finger in the dyke,meter o dedo na represa
put one's finger in the fire,meter o dedo no fogo
put one's finger on,identificar
put one's finger on something,identificar algo
put one's foot down on,insistir
put one's foot down upon,insistir
put one's foot in it,cometer um erro
put one's foot in one's mouth,colocar o pé na boca
put one's foot in someone's ass,meter o pé na bunda de alguém
put one's foot up someone's ass,meter o pé na bunda de alguém
put one's hand in one's pocket,meter a mão no bolso
put one's hand to the plough,começar uma tarefa
put one's head in the sand,fazer de conta que não vê
put one's heart in,colocar o coração
put one's house in order,colocar a casa em ordem
put one's legs under someone's mahogany,ter um caso amoroso
put one's mind to it,se dedicar a algo
put one's name in the hat,se candidatar
put one's neck out,arriscar
put one's shoulder into,esforçar-se
put one's stamp,deixar sua marca
put oneself about,mover-se
put oneself across,expressar-se
put oneself out,se esforçar
put onto,colocar em
put out,apagar
put out a fire,apagar um incêndio
put out feelers,sondar
put over,enganar
put paid to,acabou com
put paid to something,acabar com algo
put past,passado
put pen to paper,colocar a caneta no papel
put round,arredondar
put simply,simplesmente
put some timber on,coloque alguma madeira
put somebody out of their misery,aliviar o sofrimento de alguém
put someone hip,deixar alguém por dentro
put someone in a box,colocar alguém em uma caixa
put someone in mind of,lembrar
put someone in their place,colocar alguém no seu lugar
put someone on blast,expor alguém
put someone on ice,congelar alguém
put someone on to,apresentar a alguém
put someone out of their misery,aliviar o sofrimento de alguém
put someone to their trumps,colocar alguém à prova
put someone's back up,irritar
put someone's lights out,derrubar alguém
put something behind one,deixar algo para trás
put something into perspective,colocar em perspectiva
put something on the line,arriscar
put something out of their misery,aliviar o sofrimento
put store by,guardar
put store in,guardar
put that in your hat,coloque isso no seu chapéu
put the bad mouth on,fazer comentários maldosos
put the bee on,coloque a abelha
put the beggar on the gentleman,coloque o mendigo no cavalheiro
put the boot in,dar o bote
put the bottom rail on top,coloque a barra inferior em cima
put the brakes on,frear
put the cart before the horse,inverter a ordem das coisas
put the cat among the pigeons,criar polêmica
put the clock back,voltar os ponteiros do relógio
put the clock forward,adiantar o relógio
put the fear of God into,incutir medo
put the finger on,identificar
put the hammer down,acelerar
put the moves on,paquerar
put the pedal to the metal,pisar no acelerador
put the plug in the jug,coloque o bujão no jarro
put the record straight,esclarecer a situação
put the screws,colocar os parafusos
put the wood in the hole,coloque a madeira no buraco
put through,conectar
put through hoops,fazer passar por dificuldades
put through the mangle,passar na máquina
put through the wringer,passar por dificuldades
put to,colocar
put to bed,deitar para dormir
put to good use,usar bem
put to the sword,submeter à espada
put to the test,colocado à prova
put to use,colocar em uso
put to work,colocar para trabalhar
put together,montar
put two and two together,juntar as peças
put under,colocar embaixo
put under pressure,colocar sob pressão
put up,montar
put up a brick,colocar um tijolo
put up on,enganar
put up one's dukes,levantar os punhos
put up or shut up,mostre o que sabe ou cale-se
put up to,incitar
put up with,tolerar
put words in someone's mouth,colocar palavras na boca de alguém
put-up job,trabalho mal feito
putter about,mexer
putter around,mexer
putty in someone's hands,dar poder de decisão a alguém
putz around,mexer
putz round,redondear
puzzle out,resolver
puzzle over,refletir sobre
puzzle through,resolver com dificuldade
pyramid down,pirâmide invertida
pyramid up,construir uma pirâmide
Q. E. D.,Demonstrado
quad out,sair
quake in one's boots,tremer de medo
Quaker gun,Canhão Quaker
qualify out,ser eliminado
quality over quantity,qualidade acima da quantidade
quantum tunnel,túnel quântico
quarrel out,resolver uma discussão
quarrel with,discutir com
que sera sera,o que será, será
Queen Anne is dead,A rainha Ana morreu
Queen Anne's dead,Rainha Ana morreu
queen bee,abelha rainha
queen of beasts,rainha dos animais
queen out,rainha saiu
queen up,levantar a saia
queer bashing,agressão homofóbica
queer fish,peixe estranho
queer someone's pitch,desafinar
Queer Street,Rua estranha
queer up,torne-se mais queer
quelle surprise,que surpresa
queue up,filar
quick as a flash,rápido como um raio
quick as lightning,rápido como um raio
quick buck,dinheiro fácil
quick off the mark,rápido para começar
quick on one's feet,ágil
quick on the draw,rápido para reagir
quick on the uptake,rápido para entender
quick read,leitura rápida
quick study,aluno aplicado
quicken up,acelerar
quidquid Latine dictum sit altum videtur,Tudo o que é dito em latim parece profun…
quiet as a church mouse,silencioso como um rato de igreja
quiet as a mouse,silencioso como um rato
quiet down,fiquem quietos
quiet quit,pedir demissão silenciosamente
quieten down,fique quieto
quit scores,resultados finais
quit while one is ahead,desistir quando se está na frente
quite a bit,bastante
quite so,nem sempre
quite some,bastante
quite the opposite,o contrário
quoad sacra,em questões religiosas
quod erat demonstrandum,aquilo que se queria provar
quod google,o que o Google
quoin up,canto
quote unquote,as chamadas
qwerty syndrome,síndrome do teclado
R. S. V. P.,Confirme sua presença
rabbit on,coelho em
rabble rouser,agitador
rabz kebabz,kebab de carne moída
raccoon eyes,olheiras
race against the clock,corrida contra o tempo
race against time,corrida contra o tempo
race of truth,corrida da verdade
race off,partida
race out of the traps,começar rápido
race queen,rainha das corridas
race riot,motim racial
racially challenged,com preconceitos raciais
rack and ruin,ruína
rack off,desligar
rack one's brain,forçar o cérebro
rack one's brains,forçar o cérebro
rack out,desmontar
rack up,acumular
radio ahead,avisar por rádio
rafter snapper,cortador de vigas
rag bagger,catador de lixo
rag off,zoar
rag on,ridicularizar
rag out,rasgar
rag the puck,arrastar o disco
rail out,desferrar
rain buckets,chover forte
rain cats and dogs,chover canivetes
rain death,chuva morte
rain dogs and cats,chover canivetes
rain down,chover
rain fire and brimstone,fogo e enxofre
rain follows the plough,Depois da chuva, vem o sol
rain follows the plow,Depois da chuva, vem o arco-íris
rain off,adiar
rain on someone's parade,arruinar os planos de alguém
rain or shine,com chuva ou com sol
rain out,adiar
rain pitchforks,garfos de chuva
rain stopped play,a chuva interrompeu o jogo
rainbow baby,bebê arco-íris
rainbows and unicorns,arcos-íris e unicórnios
rainy day,dia chuvoso
raise awareness,conscientizar
raise Cain,fazer um escândalo
raise concerns,levantar preocupações
raise eyebrows,arcar as sobrancelhas
raise funds,arrecadar fundos
raise hell,fazer um escândalo
raise its head,levantar a cabeça
raise its ugly head,aparecer
raise money,arrecadar dinheiro
raise one's eyebrows,arcar as sobrancelhas
raise one's game,melhorar o desempenho
raise one's voice,elevar a voz
raise questions,levantar questões
raise someone's hackles,irritar
raise someone's shag,levantar o cabelo de alguém
raise someone's spirits,animar alguém
raise the ante,aumentar a aposta
raise the bar,elevar o nível
raise the line,aumentar a linha
raise the possibility,sugerir a possibilidade
raise the roof,fazer a festa
raise the spectre,evocar o fantasma
raise the stakes,aumentar a aposta
raise to the purple,elevar ao púrpura
raise up,elevar
raised by wolves,criado por lobos
raised in a barn,criado em uma fazenda
rake in,acumular
rake it in,ganhar muito
rake off,raspar
rake out,remover
rake over,rever
rake over the coals,rever as cinzas
rake together,reunir
rake up,desenterrar
rally around,unir-se em torno
rally behind,apoiar
rally round,unir-se
rally round the flag,unir-se em torno da bandeira
Ram Ram,Olá
ram something down someone's throat,impor algo a alguém à força
Ramadan mubarak,Ramadã abençoado
rame over,invadir
ramp along,ao longo da rampa
ramp up,aumentar
range out,alcance
rank and file,massa de trabalhadores
rank and yank,despedir e demitir
rant and rave,reclamar e protestar
rap and rend,rap e rendimento
rap at,rapidamente
rap back,responder rapidamente
rap down,descer rapidamente
rap someone's knuckles,dar um tapa na mão
rare animal,animal raro
raring to go,ansioso para começar
rark up,marcar
rash up,erupção cutânea
rat on,delatar
rat out,delatar
rat run,caminho alternativo
rat through,esgueirar-se por
rat's nest,ninho de rato
Ratatouille moment,Momento ratatouille
ratchet up,aumentar
rather than,em vez de
ratione temporis,em relação ao tempo
rattle about,balançar
rattle around,bater
rattle off,enumerar
rattle on,tagarelar
rattle through,sacudir
raunch out,sair com
ravel out,desfazer
ravin down,descer rapidamente
raw deal,golpe
ray of light,raio de luz
razz someone's berries,zoar
reach down,abaixar
reach for,alcançar
reach for the sky,alcançar o céu
reach for the stars,alcançar as estrelas
reach out,entrar em contato
reach past,alcançar
read across,ler em voz alta
read along,ler junto
read between the lines,entender o que não está dito
read for,ler para
read in,ler em
read into,interpretar
read lips,ler os lábios
read minds,ler pensamentos
read my lips,preste atenção no que eu digo
read off,ler em voz alta
read oneself in,entender-se
read out,ler em voz alta
read over,revisar
read somebody's mind,ler a mente de alguém
read someone to filth,humilhar alguém
read someone's lips,ler nos lábios
read someone's mind,ler a mente de alguém
read the car,ler o carro
read the green,leia o verde
read the room,entender a situação
read through,ler atentamente
read up,pesquisar
reading is tech,leitura é tecnologia
ready and waiting,pronto e esperando
ready as Freddy,pronto como Freddy
ready or not,pronto ou não
ready to roll,pronto para começar
ready up,preparem-se
real deal,verdadeiro
real live,ao vivo
real McCoy,o verdadeiro
real men don't eat quiche,homens de verdade não comem quiche
real quick,bem rápido
reality check,verificação da realidade
reality distortion field,campo de distorção da realidade
ream out,repreender
reap the harvest,colher a colheita
reap the whirlwind,colher os frutos
rear back,recuar
rear its head,aparecer
rear its ugly head,aparecer
rear one's head,aparecer
rear up,levantar
reason out,entender
reason with,razonar com
rebound relationship,relacionamento de recuperação
recipe for disaster,receita para o desastre
reckon for,calcular
reckon on,contar com
reckon out,calcular
reckon up,calcular
reckon upon,contar com
reckon with,lidar com
reckon without,calcular sem
reckon without one's host,contar com algo que não se tem
reclaim one's time,recuperar o tempo
record book,livro de registros
recursively enumerable,contável recursivamente
Red Baron,Barão Vermelho
red face test,teste de vermelhidão facial
red flag,bandeira vermelha
red ink,tinta vermelha
red letter day,dia memorável
red light,luz vermelha
red lives matter,vidas negras importam
red meat,carne vermelha
red rider,cavaleiro vermelho
red tape,burocracia
red up,corrigir
redd up,organizar
redeem oneself,redimir-se
rediscover fire,redescobrir o fogo
reduce someone to tears,fazer chorar
reduce to,reduzir a
reef and beef,recife e carne
reel in,rebobinar
reel off,recitar de cor
reel out,desenrolar
reel up,enrolar
reet pleat,dobradiça
refer to,referir-se a
refiddle with,mexer
reflect on,refletir sobre
reflect upon,refletir sobre
refresh someone's memory,relembrar a alguém
refrigerator mom,mãe fria
refrigerator mother,mãe fria
regardless of,independentemente de
reheat someone's nachos,aquecer as nachos de alguém
reign supreme,reinar supremo
rein in,domar
rein up,reunir
reinvent the wheel,reinventar a roda
relate to,relacionar-se
relative to,em relação a
relatively prime,primos entre si
release the kraken,liberte a criatura marinha
rely on,confiar em
rely upon,confiar em
rem out,desligar
remain to be seen,ainda está por ver
remark on,comentar sobre
remark upon,comentar sobre
remote in,em
rend one's garments,rasgar as roupas
render down,derreter
render off,desligar
render unto Caesar,entregue a César o que é de César
rent out,alugar
rent-lowering gunshot,tiro para reduzir o aluguel
reopen old wounds,reabrir feridas antigas
repeat on,repita
report back,informar
report out,relatar
report to,reportar a
requiescant in pace,descansem em paz
requiescat in pace,descanse em paz
res ipsa loquitur,a coisa fala por si só
reset the dial,reiniciar o mostrador
resonate with,ressonar com
respice finem,olhe para o fim
rest and vest,descanso e colete
rest assured,tenha certeza
rest easy,descanse em paz
rest his soul,descanse em paz
rest in peace,descanse em paz
rest in pieces,descanse em paz
rest in piss,descanse em paz
rest in power,descanse em paz
rest on,descansar em
rest on one's laurels,descansar sobre os louros
rest one's soul,descansar a alma
rest up,descansar
rest upon,descansar sobre
result in,resultar em
retain and explain,reter e explicar
retrace one's steps,refazer os passos
return the favor,retribuir o favor
return to form,recuperar a forma
return to one's muttons,voltar aos seus assuntos
returns to scale,economias de escala
rev up,acelerar
revenge is sweet,a vingança é doce
reverse charge,inversão de carga
reverse course,mudar de rumo
reverse Midas touch,toque de Midas inverso
reverse out,reverter
revert back,reverter
revolutions are not made with rosewater,revoluções não são feitas com água de ro…
revolve around,girar em torno de
revolving door syndrome,síndrome da porta giratória
rhyme off,rimar
rhyme or reason,razão
rhyme out,rimar
rhyme up,rimar
rice chaser,perseguidor de arroz
rice out,arroz solto
rich bitch,vadia rica
rickle o' banes,risco de banimento
rid of,livrar-se de
rid out,superar
rid up,subir
ridden hard and put away wet,usado intensamente e guardado molhado
riddle me this,resolva este enigma
riddle wrapped in an enigma,enigma dentro de um enigma
ride along,acompanhar
ride by,passar de bicicleta
ride down,descer
ride down on,descer em
ride fence,equilibrar-se
ride for,andar por
ride hard and put away wet,use com força e guarde seco
ride herd on,vigiar
ride high,estar em alta
ride off,partir
ride off into the sunset,partir ao pôr do sol
ride on,andar em
ride on a rail,viajar de trem
ride on the back of,em cima de
ride one's bumper,ficar atrás de alguém colado
ride one's luck,arriscar
ride out,superar
ride over,passar por cima
ride roughshod over,pisar
ride shotgun,ir no banco da frente
ride tall in the saddle,estar confiante
ride the coattails,surfar na onda
ride the crest of the wave,aproveitar o momento
ride the pine,não jogar
ride the rails,viajar de trem
ride the short bus,ser excluído
ride the tiger,montar a pantera
ride the wave,surfar a onda
ride up,subir
ride up on,subir
ride with,ir com
rien ne va plus,nada mais
rifle is fine,o rifle está bem
rig out,equipar
rig up,montar
right as rain,perfeito
right away,imediatamente
right back,logo de volta
right back at you,idem
right now,agora
right of Genghis Khan,direito de Genghis Khan
right off the bat,de imediato
right on,exatamente
right out of the gate,logo de cara
right up someone's alley,ser do interesse de alguém
right you are,Você está certo
rightly or wrongly,certamente ou talvez erroneamente
rile up,irritar
rim out,limpar a borda
ring a bell,me lembrar
ring around,círculo ao redor
ring back,retornar a ligação
ring down the curtain,baixar a cortina
ring false,ser falso
ring hollow,soar vazio
ring in,tocar
ring of truth,anelo de verdade
ring off,desligar
ring off the hook,desligar o telefone
ring one's bell,tocar o sino
ring out,tocar
ring round,anel
ring someone's bell,tocar a campainha de alguém
ring sting,picada
ring through,através do viva-voz
ring true,ser verdadeiro
ring up,ligar
ringside seat,cadeira de frente
rinse and repeat,enxaguar e repetir
rinse down,enxaguar
rinse off,enxaguar
rinse out,enxaguar
rip along,correr depressa
rip apart,rasgar
rip down,arrancar
rip into,criticar asperamente
rip it up,rasgar
rip off,roubar
rip off the band-aid,arrancar o curativo
rip off the bandage,retirar o curativo
rip on,rir de
rip out,arrancar
rip someone's head off,arrancar a cabeça de alguém
rip to shreds,desgarrar
rip up,rasgar
rip-snorting mad,furioso
ripe for the picking,maduro para ser colhido
ripe for the plucking,fácil de pegar
ripe old age,velhice plena
ripen up,amadurecer
rise above,superar
rise and fall,ascensão e queda
rise and shine,levante-se e brilhe
rise from the ashes,ressurgir das cinzas
rise over run,elevar sobre correr
rise to the challenge,enfrentar o desafio
rise to the occasion,estar à altura da situação
rise to the purple,atingir o púrpura
rise up,levantar-se
rise with the lark,acordar cedo
risk creep,risco crescente
risk it for the biscuit,arriscar tudo por uma chance
risk it to get the biscuit,arriscar para conseguir o que se quer
rivet counter,contador de rebites
rizz up,conquistar
roach coach,caminhão de comida
roach out,barata
road hog,motorista imprudente
road less traveled,caminho menos percorrido
road to Damascus,caminho para Damasco
roar ahead,avançar rapidamente
roar away,rugir para longe
roar back,responder com veemência
roar off,partir rapidamente
roar on,torcer
roar out,rugir
roast up,assar
rob out,roubar
rob Peter to pay Paul,gastar dinheiro que não se tem
rob the cradle,roubar o ninho
robber baron,barão ladrão
Robert is your father's brother,Robert é irmão do seu pai
Robert is your mother's brother,Robert é o irmão da sua mãe
Robert is your uncle,Robert é seu tio
Robert's your father's brother,O pai de Robert é irmão do seu pai
Robert's your mother's brother,O irmão da sua mãe
Robert's your uncle,Robert é seu tio
rock along,seguir em frente
rock bottom,fundo do poço
rock hound,caçador de pedras
rock on,arrazar
rock out,se divertir muito
rock out with one's cock out,ficar louco e tirar a roupa
rock someone's socks,impressionar muito
rock the boat,perturbar
rock up,chegar
rocket science,ciência de foguetes
rocket scientist,cientista espacial
rocket surgery,cirurgia de foguete
rocket up,subir rapidamente
rocking horse shit,cavalo de balanço
rocking-horse shit,bobagem
rocks for jocks,roupas esportivas
rod for one's back,apoiar as costas
rod in pickle,palito de dente em conserva
roger that,entendido
rogues' gallery,galeria de criminosos
rola bola,bola que rola
roll about,rolar
roll around,rolar
roll away,rolar para longe
roll back,reverter
roll back the years,voltar no tempo
roll down,descer
roll in,chegar
roll in the aisles,rindo aos tropeços
roll in wealth,ter muita riqueza
roll of the dice,resultado do dado
roll off,descarregar
roll off the tongue,ser fácil de pronunciar
roll on,avance
roll one's eyes,revirar os olhos
roll one's own,enrolar
roll out,desenrolar
roll out the red carpet,estender o tapete vermelho
roll over,rolar
roll tape,dar o play
roll the pitch,enrolar o barro
roll tide,Vai Alabama
roll up,enrolar
roll up on,chegar
roll up one's sleeves,enrolar as mangas
roll up the sidewalks,enrolar os calçamentos
roll with,seguir
roll with it,deixar rolar
rolled into one,reunido em um só
rolling in it,nadando em dinheiro
rolling stone,pedra rolante
Rome wasn't built in a day,Roma não foi construída em um dia
Rome wasn't burned in a day,Roma não foi construída em um dia
romp home,voltar para casa
roof over,telhado sobre
roof over one's head,teto sobre a cabeça
room for doubt,margem de dúvida
room in,em
room of doom,sala da morte
root about,investigar
root around,revirar
root cause,causa raiz
root for,torcer por
root out,erradicar
root up,arrancar
rootin' tootin',alegre e divertido
rooting interest,interesse em torcer
rope in,envolver
rope into,envolver
rope of sand,corda de areia
rope off,isolar com cordas
rope out,descer com corda
rope up,amarrar
rose garden,jardim de rosas
rose-colored glasses,óculos cor-de-rosa
roster on,listado em
rot away,apodrecer
rot in hell,morra no inferno
rot off,podre
rot through,rodízio
rotten apple,maçã podre
rotten egg,ovo podre
rough and ready,rústico e funcional
rough around the edges,áspero
rough justice,justiça implacável
rough out,esboçar
rough patch,período difícil
rough sledding,dificuldade
rough sleeper,pessoa em situação de rua
rough trot,caminhada difícil
rough up,esfregar
roughen up,ásperar
round about,próximo a
round and round,em círculos
round down,arredondar para baixo
round in,arredondar para
round of applause,aplausos
round off,arredondar
round on,reclamar contra
round out,completar
round the bend,virar a esquina
round the clock,24 horas por dia
round the Horn,contornar o Cabo da Boa Esperança
round the twist,maluco
round the wicket,ao redor do bico
round to,arredondar para
round up,reunir
round upon,ao redor de
roving eye,olhar atento
row back,recuar
row in the same boat,estar no mesmo barco
row of pins,fileira de pinos
row up,remar
royal bumps,protuberâncias reais
rub along,conviver
rub away,esfregar
rub down,massagear
rub elbows,trocar ideias
rub in,esfregar
rub it in,enfatizar
rub off,esfregar
rub off on,esfregar
rub one off,foder
rub one out,masturbar-se
rub one's hands together,bater palmas
rub oneself off,coçar-se
rub out,apagar
rub salt in someone's wounds,agravar a situação
rub salt in the wound,agravar a situação
rub shoulders,conviver
rub shoulders with,conviver
rub someone the wrong way,irritar
rub the fear of God into,incutir medo
rub up,esfregar
rub up against,esfregar
rub up on,esfregar
rub up the wrong way,irritar
rubber hose,mangueira de borracha
rubber johnny,boneco de borracha
rubber room,sala de isolamento
rubber up,esticar
ruby slippers,sapatos de rubi
ruck up,reunir
rue the day,arrepender-se do dia
ruffle someone's feathers,irritar
ruffle up,desgrenhar
rug up,cobrir-se
rule in,reinar
rule of cool,regra do legal
rule of thumb,regra geral
rule off,desligar
rule OK,regra ok
rule on,decidir sobre
rule out,eliminar
rule the day,dominar o dia
rule the roost,mandar na casa
rule the school,dominar a escola
rules are made to be broken,as regras são feitas para serem quebrada…
rules are meant to be broken,as regras são feitas para serem quebrada…
rules are rules,as regras são regras
rules are there to be broken,as regras são feitas para serem quebrada…
rules is rules,regras são regras
rumble on,continuar
rumor campaign,campanha de boatos
rumor has it,diz a lenda
rumor mill,boca a boca
rumour has it,diz a lenda
rump and stump,nádega e toco
rumple up,amarrotar
run a mile,correr um quilômetro
run a risk,correr um risco
run a temperature,ter febre
run about,correr por
run about with,correr por aí com
run across,encontrar
run afoul of,entrar em conflito com
run after,correr atrás
run against,candidatar-se contra
run ahead,correr à frente
run along,vá embora
run amok,ficar fora de controle
run and gun,ação rápida
run around,correr
run around after,correr atrás de
run around in circles,correr em círculos
run around with,correr com
run at,correr a
run at the mouth,falar demais
run away,fugir
run away from,fugir de
run away together,fugir juntos
run away with,fugir com
run back,voltar correndo
run before,correr antes
run behind,atrasar
run by,gerenciado por
run down,desgastar
run down the clock,desperdiçar o tempo
run for it,correr atrás
run for one's life,correr para salvar a vida
run for one's money,lutar pelo que é seu
run for the hills,correr para as colinas
run for the roses,disputar o primeiro lugar
run high,ser alto
run hot and cold,ter altos e baixos
run in,correr para
run in the family,é hereditário
run in with,ter um bom relacionamento com
run into,encontrar
run into a brick wall,bater em uma parede de tijolos
run into one,encontrar
run into the ground,arruinar
run it up,aumentar
run its course,seguir seu curso
run late,atrasado
run like hell,correr como louco
run of play,sequência de jogadas
run off,escapar
run off at the mouth,falar demais
run off on,escapar
run off with,fugir com
run on,funcionar com
run on empty,andar no limite
run one on,fazer uma de
run one's name,divulgar o nome
run out,acabar
run out of steam,perder o ânimo
run out of town,expulsar da cidade
run out on,abandonar
run out the clock,desperdiçar o tempo
run over,atropelar
run past,correr por
run rampant,espalhar-se descontroladamente
run rings around,dar uma de esperto
run riot,ficar fora de controle
run round in circles,correr em círculos
run scared,fugir assustado
run someone off their feet,cansa
run someone ragged,cansar muito alguém
run someone's file,consultar o arquivo de alguém
run something up the flagpole,sugerir algo
run the clock down,acabar o tempo
run the gamut,abarcar toda a gama
run the gauntlet,enfrentar uma provação
run the rule over,examinar
run the show,estar no comando
run through,passar por
run through the garden,correr pelo jardim
run to,correr para
run to earth,chegar ao fim
run up,subir
run up against,encontrar
run up in,subir
run up in it,entrar em dívidas
run up on,correr em direção a
run wild,correr livremente
run with,correr com
run with scissors,correr com tesouras
runners and riders,corredores e participantes
running and racing,correndo e competindo
running start,início acelerado
running target,alvo móvel
runt of the litter,o menor da ninhada
rush hour,horário de pico
rush in,correr para dentro
rush off,correr
rush one's fences,apressar
rush out,sair correndo
rush to judgement,julgamento precipitado
Russian roulette,jogo da morte
rust off,ferrugem
rust out,ferrugem
rust through,ferrugem
rustle up,reunir
sac up,enfrentar
sack drill,exercício com saco
sack of crap,saco de lixo
sack off,demitir
sack out,dormir
sack up,ser corajoso
sacked out,cansaço
sacred cow,vaca sagrada
sad drunk,triste bêbado
sad panda,panda triste
sadden up,entristecer
saddle tramp,trovão
saddle up,montar
saddle with,sobrecarregar com
safe and sound,ilado e são
safe in the knowledge,seguro sabendo disso
safety in numbers,segurança em números
sag bag,bolsa
sag off,desistir
sage on a stage,sábio no palco
sage on the stage,sábio no palco
said and done,feito e dito
said no one ever,ninguém nunca disse
said the actress to the bishop,a atriz disse ao bispo
said the bishop to the actress,disse o bispo à atriz
said the thing,disse a coisa
sail the high seas,navegar em alto mar
sail the Red Sea,navegar no Mar Vermelho
sail through,superar facilmente
sail under false colors,navegar sob falsa bandeira
salaam alaikum,Saudações
salad days,tempos felizes
salad year,ano da salada
salami slicing,fatiar salame
sally forth,seguir em frente
salt away,guardar
salt down,salgar
salt in the wound,sal na ferida
salt of the earth,pessoas boas e honestas
salt out,desalinizar
salt the earth,salgar a terra
salt up,temperar com sal
salty tooth,vontade de comer salgado
same boat,na mesma situação
same difference,mesma diferença
same here,o mesmo aqui
same old,o mesmo de sempre
same old story,a mesma história de sempre
same same but different,igual mas diferente
same to you,o mesmo para você
san fairy ann,santa chiquinha
sand down,lixar
sand off,lixar
saner heads prevail,a razão prevalece
saner heads prevailed,a razão prevaleceu
saner heads will prevail,pessoas mais sensatas vão prevalecer
sans nombre,incontável
Santa's workshop,Oficina do Papai Noel
satanic panic,pânico satânico
Satyameva Jayate,A verdade prevalecerá
sauce for the goose,o que é bom para o galo
sauce up,temperar
saute up,saltar
sauté up,fritar
save as,salvar como
save back,salvar como cópia
save by the bell,salvar no último segundo
save down,salvar
save face,salvar a honra
save for,economizar para
save for a rainy day,guardar para o futuro
save it,salve-o
save one's breath,economizar palavras
save over,substituir
save someone's face,salvar a honra de alguém
save someone's life,salvar a vida de alguém
save something for a rainy day,guardar para tempos difíceis
save that,salve isso
save the best for last,guardar o melhor para o final
save the day,salvar o dia
save the drama for your mama,Guarde os problemas para a sua mãe
save the drama for your momma,Guarde os problemas para a sua mãe
save the furniture,salvar os móveis
save up,economizar
saved by the bell,salvo pelo sino
savor of,sabor de
savour of,sabor
saw logs,toras
saw off,serrar
saw wood,madeira serrada
sawdust trail,trilha de serragem
say again,repita
say cheese,diga queijo
say goodbye,despedir-se
say goodbye to something,despedir-se de algo
say grace,rezar antes da refeição
say hello to my little friend,Diga olá ao meu pequeno amigo
say it ain't so,diga que não é verdade
say it all,dizer tudo
say la vee,diga olá
say less,diga menos
say no more,não diga mais nada
say none,dizer nada
say nothing,não dizer nada
say on pay,pagamento imediato
say one's prayers,rezar
say someone's prayers,rezar
say that again,repita, por favor
say the quiet part loud,dizer a parte mais difícil em voz alta
say the word,diga a palavra
say to oneself,dizer a si mesmo
say uncle,dizer tio
say what,diga o que
say what you like,diga o que quiser
say what you want,diga o que quiser
say what you will,diga o que quiser
say when,diga quando
says me,diz
says who,quem diz
says you,diz você
scalding hot,quente demais
scale back,reduzir
scale down,reduzir
scale in,em escala
scale off,descascar
scale out,escalar
scale up,aumentar
scales fall from someone's eyes,a pessoa abre os olhos
scantily clad,meia nua
scare away,afastar
scare into,assustar para
scare off,afastar
scare someone to death,assustar alguém até a morte
scare story,história de terror
scare straight,endireitar
scare the life out of,assustar muito
scare the living daylights out of,assustar muito
scare the pants off,assustar muito
scare up,assustar
scared green,verde de medo
scared shitless,apavorado
scared to death,morrendo de medo
scarf and barf,cachecol e vomitar
scarf down,devorar
scarf up,enrolar
scent out,detectar
schizz out,sair
schmaltz up,exagerar
scholar and gentleman,intelectual e cavalheiro
school of hard knocks,escola da vida
schoolboy error,erro de principiante
Schrödinger's douchebag,O idiota de Schrödinger
science up,ciência avançada
scientia potentia est,a ciência é poder
scoff down,ridicularizar
scoff up,cuspir
scooch over,espremer-se
scoop in,colher
scoop up,coletar
scoot over,afaste-se
scoot up,avance
scope in,alcance
scope out,analisar
scorch up,queimar
score off,marcar pontos
score on oneself,pontuar a si mesmo
score out,riscar
score through,riscar
score up,aumentar a pontuação
scot and lot,escocês e lote
Scotch mist,Névoa escocesa
scour down,limpar bem
scour out,limpar profundamente
scour up,limpar
scout out,explorar
scramble up,subir rapidamente
scrape along,raspar
scrape by,malabarismos financeiros
scrape down,raspar
scrape off,raspar
scrape someone off the ceiling,arrancar alguém do teto
scrape the bottom of the barrel,estar no fim das forças
scrape through,passar raspando
scrape together,reunir
scrape up,raspar
scratch an itch,coçar
scratch beneath the surface,raspar a superfície
scratch by,arranhado por
scratch one's head,coçar a cabeça
scratch one's own itch,satisfazer a própria curiosidade
scratch out,riscar
scratch that,risca isso
scratch the itch,coçar a coceira
scratch the surface,riscar a superfície
scratch together,reunir
scratch up,arranhar
scrawl down,escrever rapidamente
scrawl off,rabiscar
scrawl out,escrever rabiscado
scrawl up,escrever rabiscado
scream bloody murder,gritar desesperadamente
scream for,gritar por
scream loudest,gritar mais alto
scream one's head off,gritar aos pulmões
screaming trots,trotes gritando
screech out,gritar
screen door on a submarine,porta de acesso
screen in,tela
screen off,desligar a tela
screen out,eliminar
screw about,brincar
screw around,brincar
screw back,parafusar de volta
screw it,tanto faz
screw off,vai embora
screw over,enganar
screw the pooch,foder o cachorro
screw this,Que se dane
screw this for a lark,Deixem disso para diversão
screw up,estragar
screw with,brincar com
screw you,vá para o inferno
screwed up,arruinado
scribble down,rabiscar
Scrimblo Bimblo,Bobo
scrimp and save,economizar
scrimp together,economizar
script out,roteiro
scrounge down,raspar
scrounge out,rebuscar
scrounge up,reunir
scrub down,limpar profundamente
scrub in,lavar as mãos
scrub out,limpar completamente
scrub up,lavar
scrum up,reunir
scrump up,amontoar
scrunch up,amassar
scuff up,arranhar
scum of the earth,lixo da sociedade
scummy mummy,mãe repugante
scurry away,escapar rapidamente
scuzz up,sujar
scythe down,ceifar
sea change,mudança radical
sea legs,pernas de marinheiro
sea load,carga marítima
seagull approach,aproximação de gaivota
seagull manager,gerente de gaivotas
seal in,selar em
seal off,selar
seal the deal,concretizar o acordo
seal up,selar
search for,pesquisar
search me,procure
search out,procurar
search up,pesquisar
season's greetings,saudações de fim de ano
seat down,sente-se
seat out,sentar
second banana,segundo
second childhood,segunda infância
second fiddle,segundo plano
second gear,segunda marcha
second nature,natureza segunda
second string,segunda opção
second to none,incomparável
second Tuesday of the week,segunda terça-feira da semana
secretary spread,secretária espalhada
security by obscurity,segurança por ocultação
security through obscurity,segurança por ocultação
see a man,ver um homem
see a man about a dog,ver um homem sobre um cachorro
see a man about a horse,ver um homem sobre um cavalo
see about,ver sobre
see after,ver depois
see also,veja também
see an argument,ver uma discussão
see beyond,ver além
see daylight,ver a luz do dia
see eye to eye,concordar
see for oneself,ver por si mesmo
see how,veja como
see if I care,tanto faz
see in,ver em
see into,ver para dentro
see into a millstone,olhar para uma pedra de moinho
see Naples and die,ver Nápoles e morrer
see off,despedir
see one's way clear to,conseguir ver uma solução
see oneself out,sair sozinho
see out,ver
see over,ver acima
see past,ver o passado
see red,ficar furioso
see someone's etchings,ver as gravuras de alguém
see something green in one's eye,ver algo verde nos olhos
see stars,ver estrelas
see the forest for the trees,enxergar a floresta pelas árvores
see the light,ver a luz
see the light of day,ver a luz do dia
see the trees through the forest,enxergar a floresta pelas árvores
see the wood for the trees,ver a floresta pelas árvores
see things,ver coisas
see through,ver através
see to,cuidar de
see to it,certifique-se
see what sticks,ver o que funciona
see which way the cat jumps,ver para que lado o gato pula
see with half an eye,ver de canto de olho
see yellow,ver amarelo
see you,até logo
see you around,até logo
see you in hell,nos vemos no inferno
see you later,até logo
see you next Tuesday,Até a próxima terça-feira
see you round,até logo
see you tomorrow,Até amanhã
see you when I see you,Até a gente se ver
seed down,semeadura
seeing as,visto que
seeing is believing,ver para crer
seeing that,visto que
seek and ye shall find,quem procura encontra
seek for,procurar
seek out,procurar
seismic shift,mudança sísmica
seize on,aproveitar
seize out,pegar
seize the day,aproveite o dia
seize the opportunity,aproveitar a oportunidade
seize up,travá
seize upon,aproveitar
select out,selecionar
selectively mute,silenciar seletivamente
self-check out,autoatendimento
self-praise is no recommendation,elogio próprio não é recomendação
sell away,vender
sell bargains,ofertas de venda
sell dearly,vender caro
sell down,vender gradualmente
sell down the river,trair
sell ice to Eskimos,vender gelo para esquimós
sell in May,vender em maio
sell in May and go away,vender em maio e ir embora
sell in May and stay away,vender em maio e ficar longe
sell in May then go away,venda em maio e vá embora
sell like hot cakes,vender muito
sell off,vender
sell on,vender em
sell one's body,vender o corpo
sell one's life dearly,pagar caro pela vida
sell one's own grandmother,vender a própria avó
sell one's soul,vender a alma
sell oneself short,desvalorizar-se
sell out,esgotar
sell out from under,trair
sell someone a bill of goods,enganar alguém
sell the family silver,vender a prata da família
sell the pass,venda o passe
sell up,vender tudo
sell-by date,data de validade
seller's market,mercado do vendedor
selling point,ponto forte
semper fi,sempre leal
Semper Gumby,Sempre Gumby
semper idem,sempre o mesmo
semper ubi sub ubi,sempre onde abaixo de onde
send a message,enviar uma mensagem
send around,distribuir
send away,enviar
send away for,enviar para
send back,enviar de volta
send below,enviar abaixo
send down,enviar para baixo
send down for,enviar para baixo
send for,enviar para
send for a toss,jogar para o alto
send forth,enviar
send in,enviar
send off,enviar
send on,enviar
send out,enviar
send out for,enviar
send shivers down someone's spine,arrepiar
send someone packing,mandar embora
send someone to the showers,mandar alguém para o banho
send to Coventry,ignorar
send to dorse,enviar para dorse
send to the glue factory,mandar para a fábrica de cola
send up,enviar para cima
send word,enviar mensagem
sense of craft,senso de criação
sensu lato,em sentido amplo
sensu stricto,no sentido estrito
separate out,separar
separate the wheat from the chaff,separar o joio do trigo
sequential analysis,análise sequencial
sequential reaction,reação sequencial
servabo fidem,confio
serve notice,notificar
serve out,servir
serve somebody right,ser merecido
serve someone right,ser merecido
serve the turn,ser útil
serve time,cumprir pena
serve two masters,servir a dois mestres
serve up,servir
set a spell,fazer um feitiço
set aback,chocar
set about,começar a fazer
set after,definido após
set against,contraposto
set ahead,adiantar
set apart,separar
set aside,reservar
set back,atraso
set by,definido por
set by the ears,irritado
set down,colocar
set eyes on,ver
set eyes on somebody,ver alguém
set eyes on something,ver algo
set foot,pisar
set for life,Confortável para a vida toda
set forth,apresentar
set in,definido em
set in motion,colocar em movimento
set in one's ways,teimoso
set in stone,inabalável
set of pipes,conjunto de tubos
set of wheels,conjunto de rodas
set off,partir
set on,definido em
set one's cap at,almejar
set one's hair on fire,incendiar o cabelo
set one's heart on,desejar muito
set one's shoulder to the wheel,colocar o ombro na engrenagem
set one's sights on,almejar
set one's watch back,ajustar o relógio para trás
set one's watch by someone,sincronizar o relógio com
set onto,colocado em
set out,começar
set out one's stall,expor os produtos
set over,colocado sobre
set pulses racing,aumentar a frequência cardíaca
set store by,valorizar
set straight,corrigir
set the bar,estabelecer o padrão
set the pace,definir o ritmo
set the record straight,Esclarecer a verdade
set the scene,descrever o cenário
set the scene for something,preparar o cenário
set the stage,preparar o cenário
set the Thames on fire,incendiar o rio Tâmisa
set the wheels in motion,colocar em movimento
set the world on fire,incendiar o mundo
set to,definido para
set to work,começar a trabalhar
set up,configurar
set up one's staff,montar a equipe
set up shop,abrir uma loja
set up to oneself,reservado para si mesmo
set upon,atacou
set with,conjunto com
settle a score,liquidar uma conta
settle down,acalmar
settle for,se contentar com
settle in,instalar-se
settle into,entrar em
settle on,decidir
settle one's account,quitar a conta
settle someone's hash,resolver os problemas de alguém
settle up,quitar
settle upon,estabelecer-se em
settle with,resolver com
seven come eleven,sete cartas e onze cartas
seven out,sete para fora
sew buttons,costurar botões
sew up,costurar
sex in,em
sex machine,máquina de sexo
sex on legs,sexo sobre pernas
sex pact,acordo sexual
sex sells,O sexo vende
sex talk,conversa sobre sexo
sex up,Deixar mais sensual
sexual congress,relações sexuais
sexual relation,relação sexual
sexual relations,relações sexuais
sexual tension,tensão sexual
sexually anorexic,anorexia sexual
sexually mature,sexualmente maduro
sexy up,Deixar mais atraente
Shabbat shalom,Shabat shalom
shack up,morar junto
shacked up,morando junto
shade up,escurecer
shadow of one's former self,sombra do que foi
shagging wagon,carrinho de transporte
shake a leg,apresse-se
shake a stick at,reprovar
shake and bake,assar e temperar
shake down,revistar
shake it up,misturar
shake like a leaf,tremer como uma folha
shake off,sacudir
shake on it,dar a mão
shake out,sacudir
shake over,sacudir sobre
shake the pagoda tree,balançar a árvore do pagode
shake the plum tree,bater na ameixeira
shake together,misturar
shake up,agitar
shallow brooks are noisy,pequenos riachos barulhentos
sham Abraham,enganar Abraão
shame on me,vergonha para mim
shame on you,vergonha de você
shame upon me,vergonha para mim
shanks' mare,a égua de Shanks
shanks' nag,o cavalo de Shanks
shanks' pony,cavalo de Shanks
shape for,forma para
shape or form,forma
shape up,entrar em forma
shape up or ship out,Arrumar-se ou ir embora
share and share alike,compartilhar e compartilhar igualmente
share in,participar em
share out,dividir
share up,compartilhar para cima
shared joy is double joy,A alegria compartilhada é uma alegria do…
shared sorrow is half sorrow,A dor compartilhada é pela metade
sharing is caring,compartilhar é cuidar
shark bait,isca para tubarões
shark up,aumentar
sharp cookie,biscoito crocante
sharp elbows,cotovelos afiados
sharp tongue,língua afiada
sharpen up,afiar
shatter the ice,quebrar o gelo
shave down,aparar
shave off,raspar
shave up,aparar
shavua tov,Boa semana
she'll be apples,ela vai adorar
she'll be right,ela estará bem
she's apples,ela é legal
she's the cat's mother,ela é a chefe
sheathe the sword,embainhar a espada
shed a tear,derramar uma lágrima
shed blood,derramar sangue
shed find,galpão
shed light on something,esclarecer algo
shed light upon,esclarecer
shed out,despejar
shell out,pagar
shew forth,mostrar
shift about,mover
shift and drift,deslocamento e deriva
shift gears,mudar de marcha
shift in,mudança em
shift off,desligar
shift out,mudar de turno
shift the dial,girar o botão
shilly and shally,hesitar
shimmy on down,deslizar para baixo
shin out,aparecer
shine down on,brilhar sobre
shine down upon,brilhar sobre
shine off,brilhar
shine on,brilhe
shine through,brilhar
shine up,brilhar
shingle up,telhar
ship and let ship,embarcar e deixar embarcar
ship out,enviar
ship over,enviar
shirtsleeves to shirtsleeves in three generations,de camisas a camisas em três gerações
shit a brick,merda
shit happens,acontece
shit in someone's cereal,colocar fezes na tigela de cereal de alg…
shit in someone's Cheerios,estragar a vida de alguém
shit in someone's cornflakes,estragar a vida de alguém
shit it in,merda
shit just got real,A situação ficou séria
shit off,desligar
shit on,merdar em
shit on toast,merda no pão
shit one's pants,fazer cocô nas calças
shit or get off the can,Mande bala ou vai embora
shit or get off the pot,Decida-se
shit out,cagar
shit out of luck,muito azarado
shit rolls downhill,o problema sempre encontra quem é mais f…
shit sandwich,sanduíche de merda
shit stain,mancha de fezes
shit sticks,gravetos
shit the bed,ficar chocado
shit up,fechar
shit upon,merda
shit with,merda com
shit-eating grin,sorriso satisfeito
shitting match,competição acirrada
Shitty Kitty,Gatinho idiota
shiver me timbers,tremam nos paus
shock to the system,choque ao sistema
shoe up,aparecer
shome mishtake shurely,com certeza houve um erro
shoo away,afastar
shoo off,afastar
shoot 'em up,jogo de tiro
shoot around,jogar casualmente
shoot back,revidar
shoot down,derrubar
shoot first and ask questions later,Atirar primeiro e perguntar depois
shoot from the lip,falar pelos cotovelos
shoot holes,fazer buracos
shoot it out,trocar tiros
shoot off,disparar
shoot off at the mouth,falar demais
shoot one's bolt,esgotar os recursos
shoot one's load,descarregar
shoot oneself in the foot,prejudicar-se
shoot out,disparar
shoot the boots,tirar fotos dos sapatos
shoot the breeze,conversar informalmente
shoot the bull,conversar besteiras
shoot the gold,atirar ao alvo
shoot the messenger,culpar o mensageiro
shoot through,atravesar
shoot up,aumentar
shop around,pesquisar preços
shore up,reforçar
short accounts make long friends,contas curtas geram amizades duradouras
short down,reduzir
short end of the stick,a pior parte
short for,abreviação de
short fuse,temperamento explosivo
short hairs,cabelos curtos
short leash,coleira curta
short of,insuficiente
short of a length,mais curto que
short on looks,pouco atraente
short out,curto-circuito
short reckonings make long friends,Pequenas gentilezas geram grandes amizad…
short strokes,traços curtos
short temper,temperamento curto
shorten down,reduzir
shorten up,simplifique
shot across the bow,tiro de advertência
shot heard 'round the world,tiro que ecoou pelo mundo
shot heard round the world,tiro que ecoou pelo mundo
shot in the dark,palpite
shotgun approach,abordagem ampla
shotgun wedding,casamento arranjado
shots fired,tiros
should see the other guy,deveria ver o outro cara
should've would've could've,deveria ter teria poderia ter
shoulder to cry on,ombro amigo
shoulder to shoulder,ombro a ombro
shout down,silenciar
shout fire in a crowded theater,gritar fogo em um teatro lotado
shout out,menção
shove about,empurrar
shove around,empurrar
shove down,empurrar para baixo
shove it up your ass,Enfia no cu
shove off,vai embora
shove on,seguir em frente
shove over,empurrar para o lado
shove something down someone's throat,impor
shove up,empurrar para cima
shovel out,retirar com uma pá
shovel up,cavar
show a clean pair of heels,fugir rapidamente
show a leg,mostre a perna
show ankle,mostrar o tornozelo
show around,mostrar
show away,afastar
show colour,mostrar cor
show don't tell,mostre não diga
show down,enfrentamento
show forth,demonstrar
show in,mostrar em
show off,exibir
show one's ass,mostrar o traseiro
show one's butt,mostrar o bumbum
show one's cards,revelar as cartas
show one's teeth,mostrar os dentes
show one's true colors,revelar a verdadeira face
show one's true stripes,revelar a verdadeira natureza
show out,aparecer
show pony,cavalo de exposição
show round,visita guiada
show someone a good time,fazer alguém se divertir
show someone a thing or two,ensinar algo a alguém
show someone one's etchings,mostrar as gravuras de alguém
show someone the door,despedir alguém
show the flag,mostre a bandeira
show up,aparecer
show who's boss,mostrar quem manda
shower down,chover
shower of shit,chuva de merda
shower of shite,chuva de merda
shower thought,Pensamento aleatório
shower up,tomar banho
shower with,tomar banho com
shrimp up,enxugar
shrink away,afastar-se
shrink back,recuar
shrink down,encolher
shrink up,encolher
shrinking violet,pessoa tímida
shrivel up,murchar
shrub out,podar
shrub up,crescer
shrug off,ignorar
shuck down,desmontar
shuck off,descartar
shucky ducky,pateta
shuffle off,desaparecer
shuffle off this mortal coil,abandonar este corpo
shurely shome mishtake,com certeza houve um erro
shut away,trancar
shut down,desligar
shut in,trancar
shut it,calar a boca
shut my mouth,cale a boca
shut of,desligar
shut off,desligar
shut one's eyes,fechar os olhos
shut one's face,calar a boca
shut one's gob,cale a boca
shut one's mouth,calar a boca
shut one's trap,calar a boca
shut out,eliminar
shut the fridge,feche a geladeira
shut the front door,Não acredito
shut up,cala a boca
shut up and take my money,Cala a boca e pega meu dinheiro
shy away,evitar
shy away from,evitar
shy bairns get noot,crianças tímidas não recebem nada
shy bairns get nowt,Crianças tímidas não recebem nada
shy bladder,beaddera tímida
sic passim,em vários lugares
sic pro,assim
sic semper tyrannis,assim sempre aos tiranos
sick and tired,Cansado demais
sick as a parrot,doente
sick at heart,triste no coração
sick list,lista de doentes
sick man,homem doente
sick person,pessoa doente
sick puppy,cachorrinho doente
sick to the back teeth,Cansado até a alma
sick up,vomitar
sickly sweet,excessivamente doce
side against,contra
side issue,assunto secundário
side out,lateral
side part,rabo de cavalo lateral
side with,estar do lado de
sides reversed is,lados invertidos
sieve out,peneirar
sift out,separar
sift through,examinar cuidadosamente
sig. fig.,algar significativo
sigh of relief,suspiro de alívio
sight for sore eyes,alívio para os olhos
sight in,visão
sight to behold,espetáculo para se ver
sight unseen,sem ver
sign away,assinar e renunciar
sign in,entrar
sign into,entrar
sign of the times,sinal dos tempos
sign off,assinar
sign on,assinar
sign on the dotted line,assinar onde indicado
sign onto,assinar
sign out,desconectar
sign over,ceder
sign up,inscrever-se
silence is consent,o silêncio é consentimento
silence is golden,o silêncio é ouro
silence is oppression,o silêncio é opressão
silence is violence,o silêncio é violência
silent as the grave,silencioso como uma tumba
silent killer,assassino silencioso
silky smooth,sedoso
silly me,que bobagem
silly money,dinheiro fácil
silly season,época de bobagens
silt up,acumular sedimentos
silver handshake,aperto de mão de prata
silver plate,prata
silver screen,tela de prata
silver sheet,folha de prata
silver spoon,colher de prata
silver tongue,língua de prata
simmer down,acalme-se
simmer up,ferver em fogo baixo
Simon says,Simão diz
simper out,sorrir exageradamente
simple as a pimple,simples como água
simple as kiss your hand,simples como beijar a mão
simplicity itself,simplicidade extrema
simply connected,simplesmente conexo
sin tax,imposto sobre o pecado
since Adam was a boy,desde que Adam era menino
since Adam was an oakum boy,desde os tempos de Adão
since God was a boy,desde que Deus era um menino
since Hector was a pup,desde que Hector era filhote
since Skippy was a pup,desde que Skippy era filhote
sing a different tune,mudar de tom
sing along,cantar junto
sing for one's supper,cantar para ganhar o jantar
sing from the same hymnbook,cantar do mesmo hinário
sing like a bird,cantar como um pássaro
sing off the same hymn sheet,ter a mesma opinião
sing out,cantar
sing small,cantar baixo
sing soprano,cantar de soprano
sing the praises of,elogiar
sing the same tune,cantar a mesma melodia
sing up,inscrever-se
singe one's wings,queimar as asas
singing soprano,soprano lírico
single and ready to mingle,solteiro e disponível
single as a Pringle,solteiro como um salgadinho
single out,destacar
single up,solteiro
singly even,individualmente mesmo
singuli in solidum,individualmente
sink in,penetrar
sink into,mergulhar em
sink of iniquity,antro da imoralidade
sink one's teeth into something,mergulhar em algo
sink or swim,ou afunda ou flutua
sinking ship,navio afundando
siphon the python,esvaziar a cobra
siren song,canto da sereia
sister from another mister,irmã de outra mãe
sisters before misters,Irmãs antes de namorados
sit about,sentar
sit around,ficar parado
sit back,relaxar
sit by,sentar-se perto de
sit down,sente-se
sit for,sentar para
sit in,sentar em
sit in for,substituir
sit in on,participar
sit in with,participar
sit off,desligar
sit on,sentar em
sit on a tack,sentar em cima de um prego
sit on it,sente-se nele
sit on one's ass,ficar parado
sit on one's hands,cruzar os braços
sit on the fence,ficar indeciso
sit one's ass down,sente-se
sit out,ficar de fora
sit over,sentar sobre
sit right,sente-se corretamente
sit still,fique quieto
sit through,aguentar
sit tight,espere um pouco
sit under,sentar embaixo
sit up,sentar-se
sit up with,ficar acordado com
sit upon,sentar-se em
sit well,caber bem
sit with,sentar com
sitting duck,presa fácil
sitting pretty,estar bem tranquilo
six and two threes,seis e dois três
six feet deep,um metro e oitenta e três centímetros de…
six feet under,seis pés abaixo
six of the best,os melhores seis
six ways to Sunday,muito tempo
six-pack of rolls,pacote de rolinhos
size down,diminuir o tamanho
size matters,o tamanho importa
size queen,rainha do tamanho
size up,avaliar
skank up,cheirar
skate around,patinar
skate by,passar
skate on,patinar em
skate on thin ice,arriscar
skate one's lane,fazer a sua parte
skate over,patinar por cima
skeeve out,deixar desconfortável
skeeze out,relaxar
skeleton at the feast,esqueleto no banquete
skeleton crew,equipe mínima
skeleton in the closet,segredo vergonhoso
skeleton in the cupboard,segredo obscuro
sketch out,esboçar
ski-jump nose,nariz de rampa de esqui
skibidi Ohio rizz,Não consigo traduzir isso
skill up,aprimorar habilidades
skim off,raspar
skim through,folhear
skimp and save,economizar e poupar
skin and bones,pele e ossos
skin and grin,sorrir e exibir os dentes
skin back,costas
skin in the game,ter participação ativa
skin trade,comércio de órgãos
skin up,preparar o cachimbo
skinny down,emagrecer
skinny Liz,Liz magra
skinny Minnie,magricela
skinny out,afinar
skinny up,emagrecer
skip a beat,pular uma batida
skip out,faltar
skip rope,corda
skirt around,evitar
skirt chaser,pegador(a
skittle out,desestabilizar
skittles party,festa de Skittles
skive off,faltar
skunk at a garden party,um guaxinim em uma festa no jardim
skunk up,arruinar
skurry away,escapar rapidamente
slack off,preguiçar
slack up,afrouxar
slacken off,relaxar
slag off,criticar
slam back,beber rapidamente
slam down,bater com força
slam dunk,cesta certeira
slam out,arrombar
slap and tickle,bater e fazer cócegas
slap around,bater
slap down,reprovar
slap leather,bater palmas
slap someone around,bater
slap the salami,dar um tapa no salame
slap together,montar rapidamente
slattern away,esbanjar
slava Ukraini,Gloria à Ucrânia
slave away,trabalhar arduamente
slave to fashion,escravo da moda
sleep a wink,dormir profundamente
sleep around,namorar por aí
sleep camel,camelo dorminhoco
sleep funny,dormir engraçado
sleep in,dormir até tarde
sleep in heavenly peace,dormir em paz celestial
sleep in with,dormir com
sleep it out,dormir para resolver
sleep off,dormir para recuperar
sleep on,dormir em
sleep one off,dormir uma noite
sleep out,dormir ao ar livre
sleep over,dormir
sleep rough,dormir na rua
sleep tight,durma bem
sleep together,dormir juntos
sleep with,dormir com
sleep with the fishes,dormir com os peixes
sleeping at the switch,negligência
sleeping giant,gigante adormecido
sleeping policeman,redutor de velocidade
sleeveless errand,recado sem mangas
sleeves from one's vest,mangas do colete
slender reed,junco fino
slice and dice,cortar em pedaços
slice up,fatiar
slick back,pentear para trás
slick down,alisar
slick Rick,Rick Ross
slick up,alisar
slide into the DMs,entrar em contato por mensagem direta
slide off,deslizar
slim down,emagrecer
slim jim,salsicha
slime out,sair do limo
sling about,jogar
sling along,levar consigo
sling for,correia
sling in,colocar dentro
sling it in,jogue-o dentro
sling off,jogar fora
sling one up,tomar um drink
sling one's hook,desaparecer
sling out,lançar
sling over,jogar por cima
sling to,lançar para
sling up,levantar
slings and arrows,dardos e flechas
slip away,escapar
slip back,escorregar para trás
slip by,escapar
slip down,escorregar
slip in,escorregar
slip into,escorregar para
slip it to,entregue
slip of the keyboard,erro de digitação
slip of the pen,erro de digitação
slip of the tongue,deslize da língua
slip off,escorregar
slip one past,enganar
slip out,escapar
slip past,escapar
slip someone's mind,escapar da memória
slip the cable,deslizar o cabo
slip through,escapar
slip through the cracks,escapar
slip under,escorregar para baixo
slip up,escorregar
slippery as an eel,escorregadio como uma enguia
slit someone's throat,cortar a garganta de alguém
slob about,falar sem parar
slob around,preguiçar
slob out,cuspir
slog away,trabalhar arduamente
slop bowl,tigela de ração
slop out,limpar
slope off,inclinar
sloppy toppy,desleixado
slot in,ranhura
slough off,descartar
slow and steady wins the race,devagar e sempre
slow burn,queima lenta
slow but sure wins the race,Devagar e sempre se chega lá
slow down,diminua a velocidade
slow in,lentamente
slow march,marcha lenta
slow off,desacelerar
slow off the mark,lento para começar
slow on the uptake,lento para entender
slow out,começar devagar
slow study,estudo lento
slow up,diminua a velocidade
slowed and throwed,diminuído e lançado
slower than molasses,mais lento que melaço
sludge out,desentupir
slug away,afaste-se
slug it out,lutar bravamente
slug out,desligar
sluice out,descarregar
slump down,abaixar
slur over,arrastar
slurp up,sugar
slush up,derreter
slut it up,termine
slut's wool,lã de puta
smack around,bater
smack down,derrubar
smack out,apagar
smack up,beijar
small change,troco
small dick energy,energia de pessoa insegura
small fry,pequenos peixes
small potatoes,batata pequena
small print,letra miúda
small rain lays great dust,chuva leve levanta muita poeira
small talk,conversa fiada
small wonder,não é de admirar
small world,mundo pequeno
smart arse,babaca
smart as a whip,esperto como um raio
smart chance,oportunidade inteligente
smart off,desligar
smarten up,esforce-se para ser mais esperto
smash and dash,entrar e sair rapidamente
smash down,esmagar
smash hit,sucesso estrondoso
smash someone's face in,esmurrar a cara de alguém
smash someone's head,esmagar a cabeça de alguém
smash up,destruir
smear campaign,campanha de difamação
smell a fox,cheirar uma raposa
smell a rat,desconfiar
smell blood,cheirar sangue
smell fishy,cheirar mal
smell like a rose,cheirar a rosa
smell like a tart's handbag,Cheirar como a bolsa de uma prostituta
smell of an oily rag,cheiro de um pano oleoso
smell of the lamp,cheiro da lâmpada
smell of the shop,cheiro da loja
smell one's own farts,cheirar os próprios gases
smell out,detectar
smell the barn,cheirar o celeiro
smell up,cheirar mal
smell what someone is stepping in,sentir o cheiro do que alguém pisou
smells and bells,cheiros e sons
smile a thousand smiles,sorrir mil vezes
smile from ear to ear,sorrir de orelha a orelha
smite hip and thigh,golpear a coxa e a virilha
smoke around,fumaça ao redor
smoke like a chimney,fumar como uma chaminé
smoke my pole,fumar meu cigarro
smoke one's own dope,fumar maconha
smoke out,desmascarar
smoke signal,sinal de fumaça
smoke the whole pack,fumar o maço inteiro
smoke up,fumar
smoke-filled room,sala cheia de fumaça
smoking gun,prova irrefutável
smoking ponies,pôneis fumando
smooth away,alisar
smooth down,alisar
smooth operator,operador habilidoso
smooth out,alisar
smooth over,suavizar
smooth sailing,navegação tranquila
smooth up,alisar
smuggle past,contrabandeá-lo
snack down on,comer
snaffle up,apanhar
snail's pace,ritmo lento
snake eyes,cobra
snake oil,óleo de cobra
snake out,desenrolar
snake up,subir como uma cobra
snap at,rosnar
snap at someone's heels,perseguir
snap back,recuperar
snap in,encaixar
snap it up,compre-o rapidamente
snap judgment,julgamento precipitado
snap of the fingers,estalar os dedos
snap out of,sacudir a poeira
snap someone's head off,reprovar alguém asperamente
snap to,encaixar
snap to attention,prestar atenção
snap trap,armadilha de pressão
snap up,aproveitar
snarl up,complicar
snatch the pebble,roubar a pedrinha
snazz up,melhorar
sneak around,espreitar
sneak in,entrar sorrateiramente
sneak out,sair sorrateiramente
sneak past,passar sorrateiramente
sneak up,esgueirar-se
sneaking suspicion,suspeita vaga
sneaky beaky,esperto ardiloso
sneaky Pete,Pete sorrateiro
sneck posset,Não consigo traduzir isso
sneck up,espreitar
sneeze on the truth,espirrar na verdade
snick or snee,cortar
sniff around,cheirar ao redor
sniff out,detectar
sniff up,cheirar
snipe hunt,caça às galinhas
snitch up,fofocar
snitches get stitches,Delatores levam castigo
snod up,entortar
snoop around,bisbilhotar
snootle around,farejar
snooze off,dormir
snork down,mergulhar com snorkel
snort up,aspirar
snot up,nariz entupido
snow down,nevar
snow in,neve em
snow job,embuste
snow on the mountaintop,neve no topo da montanha
snow on the rooftop,neve no telhado
snow out,neve
snow over,neve sobre
snow under,neve embaixo
snow up,nevar
snowball effect,efeito cascata
snowball in hell,bola de neve no inferno
snowball's chance in hell,chance mínima
snowed under,sobrecarregado
snuff out,apagar
snug as a bug,aconchegante
snug down,aconchegar-se
snuggle bunny,coelhinho fofinho
snuggle up,aconchegar-se
so and so,assim ou assado
so as to,para que
so be it,que seja
so crazy it just might work,tão louco que pode funcionar
so crazy it might just work,tão louco que pode funcionar
so far,até agora
so far so bad,Até agora, muito ruim
so far so good,Até agora, tudo bem
so help me,que Deus me ajude
so help me Bob,Que Deus me ajude, Bob
so help me cat,que me ajude Deus
so help me God,Que Deus me ajude
so help me tater,ajuda-me
so help me tatur,que Deus me ajude
so help my tater,ajude meu batata
so help you God,Que Deus te ajude
so is life,assim é a vida
so it goes,assim vai
so it seems,parece que sim
so long,até logo
so long as,contanto que
so mote it be,Assim seja
so much for,tanto assim
so much the better,tanto melhor
so much the worse,tanto pior
so much the worse for,tanto pior para
so much win,tanta vitória
so there,então
so they say,assim dizem
soak away,dissolver
soak in,mergulhar em
soak up,absorver
soaked to the skin,Encharcado até os ossos
soaking wet,encharcado
soap down,lavar com sabão
soap off,desligar o sabão
soap up,ensaboar
sob story,história triste
sober down,calmo
sober up,sóbrio
social death,morte social
social ladder,escada social
social lubricant,lubrificante social
sock away,guardar
sock in,meia em
sock into,colocar dentro
sock it to,derrotar completamente
sod off,Vai te catar
sod this for a lark,Que se dane
soda jerk,vendedor de refrigerantes
soft kill,morte branda
soft Mick,Mick macio
soft sawder,elogio
soft shoe,sapato macio
soft spot,fraqueza
soft touch,toque suave
soft underbelly,parte vulnerável
soften someone's cough,acalmar a tosse de alguém
soften the blow,suavizar o impacto
soften the ground,amolecer o solo
soften up,suavizar
sold again and got the money,vendido novamente e recebi o dinheiro
soldier on,persista
some mothers do have them,algumas mães têm
some old,alguns velhos
some people,algumas pessoas
some people have all the luck,algumas pessoas têm toda a sorte
some pumpkins,algumas abóboras
some rights reserved,alguns direitos reservados
somebody's in here,alguém está aqui
somebody's right-hand man,braço direito
somebody's right-hand woman,braço direito
someone's arse off,dar trabalho
someone's ass off,até a exaustão
someone's butt off,trabalhar muito
someone's cup of tea,gosto pessoal
someone's face doesn't fit,não combina
someone's goose is cooked,está perdido
someone's headlights are on,os faróis de alguém estão ligados
someone's heart goes out,sentir compaixão
someone's heart is in,está com a cabeça em
someone's jaw dropped,A mandíbula de alguém caiu
someone's luck is in,a sorte está a favor de alguém
someone's number is up,o número de alguém expirou
someone's star falls,a estrela de alguém cai
something awful,algo horrível
something is better than nothing,algo é melhor que nada
something is rotten in Denmark,algo está podre na Dinamarca
something is up,aconteceu alguma coisa
something like,algo como
something tells one,algo sugere
something to,algo para
something's up,aconteceu alguma coisa
sometimes a cigar is a cigar,às vezes, um charuto é apenas um charuto
somewhere along the line,em algum momento
somewhere over the rainbow,algum lugar além do arco-íris
son of Adam,filho de Adão
son of the morning,filho da manhã
song and dance,canto e dança
sooner or later,mais cedo ou mais tarde
sop up,absorver
sore boob means more boob,peito dolorido significa mais peito
sore point,ponto sensível
sorry I'm late,desculpe pelo atraso
sorry not sorry,sinto muito mas não me arrependo
sort oneself out,organizar-se
sort out,resolver
sort through,separar
sound as a pound,soar como uma libra
sound asleep,dormindo profundamente
sound mind,mente sã
sound off,fazer barulho
sound out,pronunciar
sounds about white,parece branco
sounds good,Parece bom
sounds like a plan,Parece um bom plano
soup sandwich,sanduíche de sopa
soup to nuts,de tudo
soup up,turbinar
soup's on,A sopa está pronta
sour grapes,uvas verdes
sour note,nota dissonante
sour on,amargo em
sour stomach,dor de estômago
sour tooth,dente sensível
sow dragon's teeth,plantar dentes de dragão
sow one's wild oats,se divertir
sow the seeds of,plantar as sementes de
soy out,desisto
sp. nov.,esp. nov
space case,espaço
space out,espaçar
spaghetti up,macarrão embolado
spank out,chamar a atenção
spank the monkey,dar uma surra
spank you,bater você
spank you very much,muito obrigado
spanner in the works,um obstáculo
spare no effort,não poupar esforços
spare someone the details,economizar a alguém os detalhes
spare someone's blushes,evitar que alguém se sinta envergonhado
spark off,desencadear
spark out,apagar
spark spread,propagação de faíscas
spark up,acender
sparkle up,brilhar
sparks fly,faíscas voam
spaz out,pirar
spazz out,pirar
speak down to,falar com condescendência
speak for,falar por
speak for oneself,falar por si só
speak in circles,falar em círculos
speak of,falar de
speak of the devil,ora, quem é que chegou
speak one's mind,falar o que pensa
speak out,falar abertamente
speak someone's language,falar a língua de alguém
speak to,falar com
speak up,fale mais alto
speak with a forked tongue,falar com a língua bifurcada
spear carrier,portador de lança
spec out,especificar
spec up,especificar
special delivery,entrega especial
special military operation,operação militar especial
special needs,necessidades especiais
special relationship,relação especial
special treatment,tratamento especial
specialty crop,cultura especializada
spectator sport,esporte de observação
speed merchant,traficante de drogas
speed up,acelerar
spell it out,escreva por extenso
spell off,desfazer
spell out,escrever por extenso
sperg out,espirrar
sperm donor,doador de esperma
spew up,vomitar
spice up,apimentar
spicy tooth,dente sensível
spiff up,melhorar a aparência
spike up,aumentar rapidamente
spill ink,derramar tinta
spill juice,derramar suco
spill one's guts,desabafar
spill one's seed,derramar esperma
spill out,derramar
spill over,transbordar
spill the beans,revelar
spilt milk,leite derramado
spin a yarn,contar uma história
spin doctor,porta-voz
spin down,reduzir a velocidade
spin off,derivado
spin one's wheels,perder tempo
spin out,desenrolar
spin round,girar
spin someone's wheels,perder tempo
spin up,iniciar
spiral out,descontrolar
spirit away,levar embora
spirit off,desligar o espírito
spit feathers,tirar de letra
spit fire,cuspir fogo
spit in the ocean,cuspir no oceano
spit in the wind,cuspir ao vento
spit into the wind,cuspir contra o vento
spit it out,diga logo
spit nails,cuspir pregos
spit on,cuspir em
spit out,cuspir
spit the dummy,fazer birra
spit up,cuspir
spitters are quitters,os que reclamam desistem
spitting distance,distância de cuspir
spitting image,cópia fiel
splash about,salpicar
splash around,brincar na água
splash down,aterrissagem na água
splash out,gastar muito
splice the mainbrace,dar um trago na garrafa
splinter up,dividir em lascas
split hairs,discutir detalhes sem importância
split off,separar
split on a rock,rachar em uma rocha
split one's sides,morrer de rir
split the baby,dividir o bebê
split the breeze,dividir a brisa
split the difference,ceder um pouco
split up,separar
Spock ears,Orelhas de Spock
spoil market,prejudicar o mercado
spoil somebody rotten,mimar demais
spoil someone rotten,mimar demais
spoil the market,desestabilizar o mercado
spoiling for a fight,querer brigar
spoilt for choice,indeciso por ter muitas opções
sponge down,limpar com esponja
sponge out,esfregar
sponge up,absorver
spook out,assustar
spool down,desenrolar
spool out,desenrolar
spool up,enrolar
spoon bowl,tigela
spoon out,colher
sport away,fora de casa
spot check,verificação aleatória
spot of bother,pequeno problema
spout off,falar sem parar
spout out,despejar
spray and pray,borrifar e rezar
spread one's legs,abrir as pernas
spread one's wings,estender as asas
spread oneself thin,espalhar-se demais
spread out,espalhar
spread the word,divulgar
spring back,recuperar
spring fever,febre da primavera
spring for,pagar
spring has sprung,A primavera chegou
spring in one's step,alegria nos passos
spring out,saltar
spring to life,ganhar vida
spring to mind,vir à mente
spring up,aparecer
sprout up,brotar
spruce up,melhorar
sprucen up,melhorar
sprunt up,crescer rapidamente
spunk off,desaparecer
spur of the moment,por impulso
spur on,incentivar
sputter out,apagar
spy on,espionar
spy out,espiar
squad up,formar um grupo
square around,ao redor de um quadrado
square away,organizar
square meal,refeição completa
square off,enfrentar
square on,quadrado em
square one,do zero
square peg in a round hole,alguém que não se encaixa
square shooter,atirador preciso
square up,alinhar
squash the beef,resolver a questão
squeak out,gaguejar
squeak through,passar por
squeaky wheels get oiled,As rodas que rangem precisam de óleo
squeal on,delatar
squeeze in,espremer
squeeze into,espremer
squeeze off,cortar
squeeze one out,espremer
squeeze out,espremer
squeeze under,espremer por baixo
squeeze up,apertar
squig out,espremer
squint like a bag of nails,cantar como um pássaro
squirrel around,mexer
squirrel away,guardar
squirrels in the attic,esquilos no sótão
stab in the back,traição
stab in the dark,palpite no escuro
stab yourself and pass the dagger,esfaqueie-se e passe a adaga
stack off,desempate
stack the cards,manipular as cartas
stack up,acumular
staff of life,alimento básico
staff out,equipe de plantão
staff up,contratar funcionários
stage business,negócios imobiliários
stage of the game,fase do jogo
stage right,direita do palco
stage-door Johnny,João, o bajulador de atores
Staggers and Naggers,Embriagados e irritantes
staircase wit,sacristia
stake a claim,fazer uma reivindicação
stake out,reservar
stalking horse,cavalo de troia
stall for time,ganhar tempo
stall out,parar
stamp out,erradicar
stance up,levantar-se
stand a chance,ter uma chance
stand and deliver,parar e entregar
stand around,ficar parado
stand aside,afaste-se
stand back,afaste-se
stand behind,apoiar
stand between,estar entre
stand by,estar pronto
stand corrected,estou corrigido
stand down,ceder o lugar
stand fast,mantenha-se firme
stand fire,suportar
stand firm,manter-se firme
stand for,representar
stand from under,levantar-se debaixo
stand in,estar em
stand in for,substituir
stand in one's own light,prejudicar a si mesmo
stand in someone's shoes,colocar-se no lugar de alguém
stand in the gap,preencher a lacuna
stand in the gate,ficar no portão
stand off,parar
stand on,ficar em cima de
stand on ceremony,ser formal demais
stand on its own,ficar sozinho
stand on one's head,fazer a ponte
stand on one's own two feet,ser independente
stand on someone's shoulders,apoiar-se nos ombros de alguém
stand on the shoulders of,apoiar-se nos ombros de
stand on the shoulders of giants,apoiar-se nos ombros de gigantes
stand one's ground,manter a posição
stand out,destacar-se
stand over,estar sobre
stand pat,manter a posição
stand shilly-shally,hesitar
stand tall,ficar ereto
stand the test of time,resistir ao tempo
stand to,estar em pé
stand to reason,fazer sentido
stand together,estar juntos
stand treat,pagar a conta
stand trial,ser julgado
stand under,ficar embaixo
stand up,levantar
stand up against,opôr-se a
stand up and be counted,levantar-se e fazer-se presente
stand up for,defender
stand up on one's hind legs,ficar em pé sobre as patas traseiras
stand up to,enfrentar
stand up to one's lick log,enfrentar
stand up with,levantar-se com
stand upon,estar em cima de
stand with,estar ao lado de
standard fare,comida comum
standing room only,lotado
stands to reason,faz sentido
star in the east,estrela do oriente
star turn,momento de destaque
star up,começar
star vehicle,filme de destaque
stare down,encarar
stare out,olhar fixamente
stars align,os astros se alinham
Stars and Bars,Estrelas e barras
stars are aligned,as estrelas estão alinhadas
stars in one's eyes,estrelas nos olhos
start a family,formar uma família
start a fresh hare,começar de novo
start and park,iniciar e estacionar
start back,começar de novo
start back in,começar de novo
start back on,começar de novo
start from scratch,começar do zero
start from where you are,comece de onde você está
start in,começar em
start in on,começar a
start into,começar a
start off,começar
start on,começar em
start on at,começar em
start out,começar
start over,começar de novo
start up,iniciar
start up on,começar em
start with a clean sheet,começar do zero
start with a clean slate,começar do zero
startle up,assustar
starvin' Marvin,Marvin faminto
starving artist,artista faminto
stash away,guardar
stat out,divulgar estatísticas
state of affairs,situação
statically scoped,com escopo estático
statistical tie,empate estatístico
stave in,entortar
stave off,adiar
stay and play,ficar e brincar
stay away,mantenha distância
stay back,fique atrás
stay behind,ficar para trás
stay hungry,mantenha-se faminto
stay in,ficar
stay in one's lane,ficar no seu lugar
stay in touch,manter contato
stay on,permanecer
stay out,fique fora
stay over,passar a noite
stay put,fique onde está
stay the course,manter o curso
stay together,permanecer juntos
stay tuned,fique ligado
stay up,ficar acordado
steady as she goes,mantenha o curso
steady Eddie,Eddie estável
steady hand on the tiller,mão firme no leme
steady the ship,estabilizar o navio
steal a glance,dar uma olhada rápida
steal a march,tirar uma vantagem
steal away,roubar
steal in,entrar furtivamente
steal someone's heart,roubar o coração de alguém
steal someone's identity,roubar a identidade de alguém
steal someone's thunder,roubar a cena
steal the show,roubar a cena
steal up,esgueirar-se
steam ahead,seguir em frente
steam off,desengordurar
steam up,vaporizar
steaming hot,quentíssimo
steel up,reforçar
steer clear of,evitar
stem from,decorrer de
stem the rose,talo da rosa
stem the tide,contar a maré
step aside,afaste-se
step back,dar um passo para trás
step between,passo entre
step down,demitir-se
step forward,avance
step in,entrar
step in it,pisar em
step into,entrar
step into someone's shoes,colocar-se no lugar de alguém
step lively,anime-se
step off,descer
step on,pisar
step on a rake,pisar em um rastelo
step on it,pise no acelerador
step on someone's toes,pisar nos calcanhares de alguém
step out,sair
step out on someone,trair
step over,pisar em cima
step to,passo para
step up,avançar
step up on,subir em
step up one's game,melhorar o desempenho
step up to the plate,assumir a responsabilidade
stepping razor,passo em falso
stepping stone,degrau
stew in one's juices,ficar remoendo
stew up,ensopar
stick 'em up,assaltar
stick a fork in something,está perdido
stick around,ficar por perto
stick at,insistir em
stick by,permanecer fiel
stick down,colar
stick in someone's craw,prejudicar
stick in the mud,conservador
stick it out,aguentar
stick it to,derrotar
stick it to the man,fazer oposição ao sistema
stick on,colar
stick one on,cole um adesivo
stick one's dick in crazy,foder alguém loucamente
stick one's foot in it,meter a pata
stick one's foot in one's mouth,colocar o pé na boca
stick one's head in the sand,ficar com a cabeça na areia
stick one's neck out,arriscar
stick one's nose into,meter o nariz
stick one's oar in,meter o nariz
stick out,sobresair
stick out a mile,so sobressair
stick the knife in,enfiar a faca
stick the landing,aterrissar bem
stick to,seguir
stick to one's knitting,ficar no seu
stick to one's last,ficar no seu
stick to one's text,manter-se fiel ao texto
stick to someone's ribs,ser gostoso
stick together,ficar junto
stick up,assalto
stick up for,defender
stick with,permanecer
sticker shock,choque de preços
sticking plaster,curativo
sticking point,ponto crítico
sticks and stones,palavras são apenas palavras
sticks in a bundle are unbreakable,Os galhos juntos são inquebráveis
sticky fingers,dedos grudentos
stiff up,endurecer
stiff upper lip,lábios firmes
stiffen up,endurecer
still got one's communion money,ainda tem o dinheiro da primeira comunhã…
still water runs deep,A calma não é bobagem
still waters run deep,águas paradas correm profundas
stinge out,apagar
stink eye,olhar feio
stink on ice,cheiro de fedor no gelo
stink out,cheirar mal
stink the joint out,encher o ambiente de mau cheiro
stink up,encher de mau cheiro
stir shit,causar problemas
stir someone's blood,excitar
stir the embers,mexer as brasas
stir up,agitar
stitch and bitch,bordar e fofocar
stitch incoming,costura próxima
stitch together,costurar junto
stitch up,costurar
stock down,queda na bolsa
stock out,faltar estoque
stock phrase,frase pronta
stock up,estoquear
stoke up,encher
stomp for,pisar para
stomp off,ir embora com raiva
stomp on,pisar em
stomp out,apagar
stomping ground,território
stone cold,frio como pedra
stone dead,morto
stone deaf,surdo como pedra
stone's throw,uma pedra de distância
stoop and roop,abaixamento e elevação
stop a bullet,parar uma bala
stop and chop,pare e corte
stop and smell the flowers,pare e sinta o cheiro das flores
stop and smell the roses,aproveite os momentos
stop at nothing,não medir esforços
stop by,passe
stop cold,parar bruscamente
stop dead,parar bruscamente
stop down,reduzir
stop in,pare
stop into,entrar
stop off,parar
stop out,eliminar
stop over,parar
stop press,urgente
stop someone in their tracks,parar alguém
stop the bleeding,pare o sangramento
stop the car,Pare o carro
stop the lights,apague as luzes
stop the presses,parem as máquinas
stop up,entupir
store away,guardar
store up,acumular
storm in,em
storm off,sair furioso
storm out,sair furioso
storm out of the blocks,começar com tudo
stormy weather,tempo tempestuoso
story of my life,história da minha vida
stove up,entupir
stovepipe hat,chapéu de cartola
stow away,esconder-se
straight and narrow,caminho reto
straight away,imediatamente
straight face,cara séria
straight from the horse's mouth,diretamente da fonte
straight from the shoulder,sem rodeios
straight goods,produtos originais
straight man,homem hétero
straight out of the chute,diretamente do início
straight out of the gate,diretamente do início
straight shooter,pessoa direta
straight-face test,teste de poker face
straighten out,resolver
straighten up,alinhar
straighten up and fly right,corrigir-se e seguir o caminho certo
strain a point,insistir em um ponto
strain at a gnat,apear-se em ninharias
strain at the leash,esticar a coleira
strain every nerve,esforçar-se ao máximo
strange bedfellows,aliados improváveis
strange bird,pássaro estranho
strangely warmed,aquecido estranhamente
stranger things have happened,coisas estranhas já aconteceram
strangle the parrot,asfixiar o papagaio
strap in,aperte os cintos
strap on,colocar
strap on a pair,coloque um par
strap on the boots,coloque as botas
strap up,prender
straw poll,pesquisa de opinião informal
straw that stirs the drink,canudo que mexe a bebida
street appeal,atração visual
streets ahead,muito à frente
streets behind,ruas atrás
strengthen up,fortalecer
stress out,estar estressado
stretch forth,esticar
stretch it out,esticar
stretch one's legs,esticar as pernas
stretch out,esticar
stretch the truth,exagerar
strickly dickly,rigorosamente
strictly better,melhor definitivamente
strictly dickly,rigorosamente
strictly proper,estritamente adequado
strictly roots,raízes estritas
strictly speaking,estritamente falando
stricto sensu,em sentido estrito
strike a blow,desfer um golpe
strike a chord,tocar uma fibra
strike a false note,falsificar
strike a light,acender um fósforo
strike back,revidar
strike down,derrubar
strike in,atacar
strike it lucky,ter sorte
strike it rich,ficar rico
strike me pink,me deixa cor-de-rosa
strike off,riscar
strike oil,encontrar petróleo
strike one's flag,render-se
strike out,riscar
strike someone when they are down,explorar a fraqueza de alguém
strike tallies,contagem de votos
strike the tent,desmontar a barraca
strike through,riscar
strike up,iniciar
strike while the iron is hot,aproveitar o momento
string along,enganar
string attached,corda presa
string on,ligado a
string out,esticar
string to one's bow,algo fácil
string together,ligar
string up,pendurar
string with,com uma corda
strip away,remover
strip down,despir
strip off,remover
strip out,remover
stroke of business,negócio fechado
stroke of luck,sorte
stroke of work,golpe de trabalho
stroke out,riscar
strong suit,ponto forte
strongly connected,fortemente conectado
strung out,exaurido
strut one's stuff,exibir seus talentos
stub out,apagar
stubborn up,teimoso
stuck in a rut,Preso em uma rotina
stuck in the mud,atravancado na lama
stuck in the Stone Age,Preso na Idade da Pedra
stuck in time,preso no tempo
stuck like Chuck,grudado como chiclete
stuck on,preso em
stuck up,arrogante
stud muffin,gatinho
student union politics,política estudantil
studs up,com tachas
study up on,estudar a fundo
stuff it,cala a boca
stuff one's face,comer demais
stuff out,encher
stuff the ballot box,manipular a votação
stuff up,estragar
stuff you,vá para o inferno
stuffed like a turkey,recheado como um peru
stuffed shirt,pedante
stuffed to the gills,cheio até rebentar
stumble across,encontrar por acaso
stumble against,tropeçar em
stumble into,tropeçar em
stumble on,deparar-se com
stumble onto,deparar-se com
stumble upon,deparar-se com
stumbling block,obstáculo
stump and rump,toco e nádega
stump it,impede
stump out,eliminar
stump up,contribuir
stupid is as stupid does,burro é burro
style it out,supere
style up,melhorar o estilo
sua sponte,de ofício
sub in,substituir
sub out,substituir
sub specie aeterni,sob a espécie do eterno
subject to,sujeito a
subsequent to,posteriormente
success is a great deodorant,o sucesso é um ótimo desodorante
success story,história de sucesso
such as,como
such is life,assim é a vida
such that,de modo que
suck a big one,chupar um pau grande
suck a lemon,chupar um limão
suck and blow,chupar e lamber
suck donkey balls,chupar o pau do burro
suck down,sugar
suck dry,secar
suck face,beijar
suck hind tit,chupar o peito de trás
suck in,sugar
suck into,sugar
suck it,chupa
suck it up,Aguenta
suck my balls,chupa meus ovos
suck my cock,Chupa meu pau
suck my dick,chupa meu pau
suck my penis,Chupa meu pau
suck my Richard,Chupa meu Richard
suck off,chupar
suck on that,chupa isso
suck out,sugar
suck the kumara,chupar a batata doce
suck the mop,espremer o esfregão
suck tits,chupar peito
suck under,ser inferior
suck up,lambe botas
suck your mum,chupa a sua mãe
sucks to be you,que azar o seu
sucks to suck,que chateia
suds up,fazer espuma
sue out,entrar com uma ação judicial
suffer fools gladly,tolerar idiotas
suffer from,sofrer de
suffer in silence,sofrer em silêncio
suffice it to say,basta dizer que
suffice to say,basta dizer
sugar and spice,açúcar e especiarias
sugar and spice and everything nice,açúcar e especiarias e tudo de bom
sugar coated,revestido de açúcar
sugar down,açúcar baixo
sugar off,desligar o açúcar
sugar out,açúcar fora
sugar up,adoçar
sugarcoat a bitter pill,adoçar a pílula
sugarcoat the pill,adoçar a pílula
suit down to the ground,descer ao nível do solo
suit one's book,ser do agrado de
suit the action to the word,agir de acordo com o que se diz
suit up,vestir
suited and booted,vestido e calçado
sull up,levantar
sum up,resumir
summer and winter,verão e inverno
summon up,reunir
sun up,nascer do sol
sun worshipper,adorador do sol
Sunday best,Roupa de domingo
Sunday driver,Motorista lento
Sunday-go-to-meeting clothes,roupa de domingo para a igreja
sunder out,separar
sunlight is the best disinfectant,A luz do sol é o melhor desinfetante
sunshine and rainbows,sol e arco-íris
suo motu,de acordo com sua própria vontade
super trouper,super estrela
supply and demand,oferta e demanda
supply up,aumentar
suppose that,supor que
sure as shit,com toda a certeza
sure enough,certamente
surf and turf,carne e frutos do mar
surf's up,As ondas estão boas
suspend one's disbelief,Suspender a descrença
suspended congress,congresso suspenso
suss out,descobrir
Sussex Drive,Avenida Sussex
swab down,limpar
swack up,beijar
swaddling clothes,pano de enrolar
swag it out,arrogância
swag it up,Deixar mais estiloso
swag out,arrogância
swag up,aparecer
swallow a bitter pill,engolir um amargo
swallow down,engolir
swallow one's pride,engolir o orgulho
swallow the dictionary,engolir o dicionário
swallow the leek,engolir o alho-poró
swallow up,engolir
swallow whole,engolir inteiro
swamp out,drenar
swan song,última canção
swap horses in midstream,trocar de cavalo na correnteza
swap in,trocar
swap out,substituir
swap over,trocar
swear at,xingar
swear by,confiar plenamente em
swear down,juro
swear in,jurar
swear off,abandonar
swear on,jurar por
swear out,jurar
swear upon,jurar por
sweat bricks,suar em bica
sweat bullets,suar em bicas
sweat equity,participação societária
sweat it out,suar
sweat of one's brow,suor da testa
sweat off,suar
sweat out,suar
sweat the small stuff,preocupar-se com ninharias
sweater up,aumentar
sweep along,varrer
sweep aside,ignorar
sweep away,varrer
sweep in,varrer
sweep out,varrer
sweep someone off their feet,conquistar
sweep something under the rug,encobrir
sweep the board,varrer tudo
sweep the deck,varrer o convés
sweep up,varrer
sweet dreams,sonhos doces
sweet fuck all,que merda
sweet hereafter,vida após a morte feliz
sweet home Alabama,lar doce Alabama
sweet Jesus,Jesus amado
sweet Mary,Santa Maria
sweet Mary mother of God,Nossa Senhora
sweet nothings,bobagens
sweet smell of success,cheiro de sucesso
sweet stuff,doces
sweet summer child,criança do verão
sweet tooth,dente de leite
sweet young thing,jovem encantadora
sweeten the pill,adoçar a pílula
sweeten the pot,tornar mais atraente
sweeten up,adoçar
sweetheart deal,acordo vantajoso
sweetness and light,doçura e luz
swell out,inchar
swell up,inchar
swill down,Engolir
swill up,misturar
swim upstream,nadar contra a corrente
swim with sharks,nadar com tubarões
swing and a miss,errou o alvo
swing away,vá embora
swing back,balanço
swing both ways,ser versátil
swing by,passar
swing for,balanço para
swing for the fences,arriscar tudo
swing of things,ritmo das coisas
swing off,balançar
swing out,balançar para fora
swing over,balançar
swing round the circle,girar em círculo
swing through,passar por
switch off,desligar
switch on,ligar
switch out,trocar
switch up,mudar
sword and sorcery,fantasia e magia
swords to ploughshares,espadas em arados
swords to plowshares,espadas em arados
swot up on,estudar para
sympathy is between shit and syphilis,A simpatia está entre merda e sífilis
sync up,sincronizar
syphon the python,bombear a cobra
tab out,sair da aba
table scrap,sobras de comida
table talk,conversa à mesa
tach up,chegar
tack about,obrigado
tack down,fixar
tack together,juntar
tack up,subir
tackle on,lidar com
TACO out,Tchau
tag along,acompanhar
tag off,desligar
tag on,etiqueta
tag out,substituir
tag up,marcar
tail away,afastar-se
tail between one's legs,com o rabo entre as pernas
tail down,rabo baixo
tail in,cauda em
tail off,diminuir
tail wagging the dog,a cauda a abanar o cão
take a back seat,ceder lugar
take a bath,tomar banho
take a bead on,mirar
take a Bex,tome um Bex
take a bite,morder
take a bite out of,morder
take a bow,fazer uma reverência
take a breath,respirar
take a breather,respirar
take a bullet,sofrer um tiro
take a chance,arriscar
take a cotton to,pegar algodão
take a crack at,tentar
take a deep breath,respire fundo
take a dim view of,ver com maus olhos
take a dive,mergulhar
take a dookie,fazer cocô
take a fancy to,apaixonar-se por
take a flyer,pegar um folheto
take a gamble,arriscar
take a gander,dar uma olhada
take a hand in something,participar
take a hike,vá passear
take a hit,sofrer um golpe
take a joke,entender uma piada
take a leaf out of somebody's book,aprender com alguém
take a liking to,gostar
take a load off,aliviar o peso
take a look,dê uma olhada
take a nap,tirar uma soneca
take a pew,sente-se
take a picture,tirar uma foto
take a piss,fazer xixi
take a powder,vá embora
take a ride to Tyburn,fazer uma viagem para Tyburn
take a risk,assumir um risco
take a run at,tentar
take a shine to,gostar muito de
take a shit,fazer cocô
take a shot in the dark,chutar
take a stab at,tentar
take a stand,tomar uma posição
take a tumble,cair
take a turn,esperar a vez
take a turn for the better,melhorar
take a turn for the worse,piorar
take a walk,dar um passeio
take a walkout powder,desistir
take a whack at,tente
take a while,demorar um pouco
take a wife,casar
take a wrong turn at Albuquerque,virar na direção errada em Albuquerque
take aback,surpreender
take account of,considerar
take across,atravessar
take advantage of,aproveitar
take after,assemelhar-se
take against,ter aversão a
take ages,demorar muito
take aim,mirar
take air,respirar
take an axe to,usar um machado em
take an interest in,ter interesse em
take apart,desmontar
take away,retirar
take away from,retirar
take back,recuperar
take bread and salt,aceitar pão e sal
take by storm,conquistar rapidamente
take by surprise,pegar de surpresa
take care of business,resolver os problemas
take care of yourself,cuide-se
take centre stage,ser o destaque
take charge,assumir o controle
take check,verificar
take cover,cobrir-se
take credit,assumir o crédito
take delight in,sentir prazer em
take down,derrubar
take down a notch,diminuir um pouco
take down a peg,derrubar
take drugs,usar drogas
take easy,fique tranquilo
take effect,entrar em vigor
take fire,pegar fogo
take flight,decolar
take for,pegar por
take for a ride,enganar
take for a spin,experimentar
take for granted,dar como certo
take form,assumir forma
take French leave,faltar sem avisar
take from behind,pegar por trás
take great pains,tomar muitos cuidados
take guard,ficar de guarda
take heed,tenha cuidado
take hold,tomar posse
take huff,ofegar
take ill,ficar doente
take in,aceitar
take into account,considerar
take into consideration,considerar
take it away,leve isso
take it easy,fique tranquilo
take it on the lam,fugir
take it or leave it,aceita ou deixa
take it or leave it alone,aceite ou deixe como está
take it out in,tire isso com
take it out of,retirar de
take it out on,desabafar com
take it outside,saia de casa
take it up the ass,enfiado no cu
take it upon oneself,assumir
take its rise,começar a subir
take its toll,fazer seu efeito
take kindly,receber bem
take leave of one's senses,perder os sentidos
take liberties,abusar
take lightly,não levar a sério
take matters into one's own hands,assumir a responsabilidade
take measures,tomar medidas
take no for an answer,aceitar um não como resposta
take no notice of,não dar atenção a
take no prisoners,não fazer prisioneiros
take note of,anotar
take notice,prestar atenção
take occasion,aproveitar a oportunidade
take off,descolar
take offence,ofender-se
take on,assumir
take on faith,aceitar com fé
take on the chin,aceitar com resignação
take on water,encher de água
take one day at a time,vá um dia de cada vez
take one for the team,assumir a responsabilidade
take one up,aceitar
take one's ball and go home,ir embora
take one's chance,aproveitar a oportunidade
take one's courage in both hands,tomar coragem
take one's eye off the ball,desviar a atenção
take one's eyes off,desviar o olhar
take one's hat off to,elogiar
take one's hook,pegar o anzol
take one's leave,despedir-se
take one's medicine,tomar a medicação
take one's pick,escolher
take one's sweet little time,demorar
take one's time,tomar seu tempo
take out,retirar
take out an onion,retirar uma cebola
take out in trade,trocar
take out of context,tirar do contexto
take out the trash,tirar o lixo
take over,assumir
take part,participar
take place,acontecer
take precedence,ter prioridade
take pride,orgulhar-se
take refuge,buscar refúgio
take responsibility,assumir a responsabilidade
take risks,correr riscos
take roll,fazer a chamada
take several seats,sente-se
take shape,tomar forma
take sides,tomar partido
take silk,fazer seda
take soil,coletar amostras de solo
take somebody under one's wing,acolher sob sua proteção
take somebody's breath away,deixar sem fôlego
take somebody's mind off somebody,distrair alguém
take somebody's mind off something,distrair alguém de algo
take someone for all they've got,explorar alguém ao máximo
take someone out back,levar alguém para trás
take someone to brown town,levar alguém para a cidade marrom
take someone to the grave,levar alguém ao túmulo
take someone's arm,pegar no braço de alguém
take someone's breath away,deixar sem fôlego
take someone's head off,cortar a cabeça de alguém
take someone's life,tirar a vida de alguém
take someone's part,defender
take someone's word for it,confiar em alguém
take something as it comes,aceitar como vem
take something as read,considerar algo como certo
take something in one's stride,aceitar com naturalidade
take something in stride,aceitar com naturalidade
take something with a pinch of salt,tomar com reservas
take steps,tomar medidas
take stock,fazer um balanço
take the biscuit,roubar a cena
take the bitter with the sweet,aceitar o bom e o ruim
take the cake,roubar a cena
take the count,fazer a contagem
take the cure,tomar a cura
take the fall,assumir a culpa
take the fifth,invocar o quinto amendamento
take the flak,receber as críticas
take the front seat,sente-se no banco da frente
take the game to,levar o jogo para
take the gilt off the gingerbread,tirar a ilusão
take the hint,entender a insinuação
take the initiative,tomar a iniciativa
take the lead,liderar
take the liberty,tomar a liberdade
take the mask off,tire a máscara
take the meaning,entender o significado
take the Michael,pegar o Michael
take the mick,zoar
take the mickey,zoar
take the offensive,tomar a ofensiva
take the pee,zoar
take the piss,zoar
take the plunge,arriscar
take the point,aceitar o ponto
take the rap,assumir a culpa
take the red pill,aceitar a verdade
take the reins,assumir o controle
take the ride,faça a viagem
take the shadow for the substance,confundir a aparência com a realidade
take the stand,depor
take the veil,casar
take the wheel,assumir o volante
take time,tenha tempo
take time by the forelock,aproveitar a oportunidade
take time off,tirar folga
take time out,reserve um tempo
take to,levar
take to court,entrar com uma ação judicial
take to heart,tomar a sério
take to one's heels,fugir
take to task,repreender
take to the bank,depositar no banco
take to the cleaners,levar para a lavanderia
take to the grave,levar ao túmulo
take to the hills,ir para as montanhas
take to the stage,entrar no palco
take turns,alternar
take under,abaixo de
take up,ocupar
take up a collection,fazer uma coleta
take up for,defender
take up the cudgel for,defender
take up the cudgels,levantar a voz
take up the gauntlet,aceitar o desafio
take up the hatchet,retomar a luta
take up the running,começar a correr
take up with,namorar
take upon oneself,assumir
take with,levar com
take with a grain of salt,tomar com reservas
take with a pinch of salt,tomar com reservas
take your change out of that,pegue o troco disso
take your oil,pegue seu óleo
takes one to know one,É preciso ser para entender
talent management,gestão de talentos
talk a blue streak,falar sem parar
talk a good game,falar muito
talk a mile a minute,falar sem parar
talk about,falar sobre
talk about the weather,falar sobre o tempo
talk around,falar sobre
talk at,falar sobre
talk back,responder
talk dirty,falar coisas sujas
talk down,menosprezar
talk down to,falar com condescendência
talk in circles,dar voltas
talk into,convencer
talk is cheap,falar é fácil
talk jockey,locutor
talk like an apothecary,fale como um boticário
talk of the devil,ora, que coincidência
talk out,falar abertamente
talk out of,convencer
talk out of one's ass,falar besteira
talk out of one's ear,falar sem parar
talk out of turn,falar fora de ordem
talk over,conversar
talk over someone's head,falar por cima de alguém
talk past,passado
talk round,conversar
talk someone under the table,enganar alguém
talk someone's ear off,falar pelos cotovelos
talk the legs off a pot,falar sem parar
talk the talk,falar e agir
talk through,discutir
talk through one's hat,falar besteira
talk to,conversar com
talk to a brick wall,conversar com uma parede
talk to God,falar com Deus
talk to oneself,falar sozinho
talk to the hand,fale com a mão
talk trash,falar bobagem
talk turkey,falar abertamente
talk up,elogiar
talking head,entrevista
tall in the saddle,alto na sela
tall oaks from little acorns grow,Grandes carvalhos vêm de pequenas bolota…
tall order,tarefa difícil
tall story,história inventada
tall tale,história exagerada
tall trees catch much wind,árvores altas captam muito vento
tally on,somar
tally up,somar
tamp down,abafar
tan out,bronzeamento
tan someone's hide,humilhar
tan up,bronzeamento
tank up,abastecer
tant pis,que pena
tap dance,sapateado
tap in,conectar
tap into,acessar
tap off,desligar
tap on,toque em
tap or nap,bater ou cochilo
tap out,desistir
tap up,tocar
tape off,colar fita adesiva
tape out,descartar
tape over,cobrir com fita
tape up,fitar com fita adesiva
taper off,diminuir
tar out,remendar
tart up,embelezar
task failed successfully,tarefa concluída com sucesso
taste of one's own medicine,provar a própria medicina
taste of one's own poison,provar o próprio veneno
tat up,roupa de ginástica
tattle on,delatar
teach away,afastar o medo
teach grandma how to suck eggs,ensinar a avó a chupar ovos
teach out,ensinar
teach somebody a lesson,ensinar uma lição
teach someone a lesson,ensinar uma lição
teacher's pet,bambino
team up,unir forças
team up with,unir forças com
teamwork makes the dream work,o trabalho em equipe faz o sonho se torn…
tear a cat,rasgar um gato
tear along,rasgar
tear and wear,desgaste
tear apart,rasgar
tear at,rasgar
tear away,rasgar
tear down,demolir
tear into,rasgar
tear it up,rasgar
tear off,rasgar
tear one's hair out,arrancar os cabelos
tear out,arrancar
tear to shreds,rasgar em pedaços
tear up,rasgar
tear up the dance floor,animar a pista de dança
tear up the pea patch,arrancar a plantação de ervilhas
tears before bedtime,lágrimas antes de dormir
tease apart,separar
tease out,desvendar
tech up,atualização tecnológica
tee off,iniciar a tacada
tee up,preparar
teed off,irritado
teem down,descer em abundância
teem with,estar repleto de
teensy weensy,minúsculo
teeny weeny,minúsculo
teething issues,problemas iniciais
teething problem,problema inicial
teething trouble,dificuldades iniciais
teething troubles,dificuldades iniciais
telephone tag,telefone sem fio
tell against,denunciar
tell all,conte tudo
tell apart,distinguir
tell fortunes,prever o futuro
tell it like it is,diga a verdade
tell it to Sweeney,diga isso ao Sweeney
tell it to the hand,diga isso para a mão
tell it to the judge,diga ao juiz
tell it to the marines,diga para os fuzileiros navais
tell its own story,contar sua própria história
tell its own tale,contar sua própria história
tell me about it,me diga mais sobre isso
tell me another one,me diga outra
tell me something I don't know,Diga-me algo que eu não saiba
tell of,contar sobre
tell off,repreender
tell on,denunciar
tell someone where to shove it,cala a boca
tell tales,contar histórias
tell tales out of school,contar segredos
tell the truth,diga a verdade
tell us another,conte-nos outro
tell us another one,conte outra
tell you the truth,para te dizer a verdade
tell you what,deixa eu te contar
temper temper,temperamento
tempest in a teapot,tempestade num copo d'água
temple of immensity,templo da imensidão
tempt fate,desafiar o destino
tempus fugit,o tempo voa
ten a penny,tenha um centavo
ten points for Gryffindor,dez pontos para Grifinória
ten points from Gryffindor,dez pontos para a Grifinória
ten points to Gryffindor,dez pontos para a Grifinória
ten to one,dez para um
ten will get you twenty,dez te dará vinte
ten-cent word,palavra de dez centavos
ten-dollar word,palavra difícil
tend to,tender
tenpence to the shilling,dez pence por xelim
tens across the board,pontuações gerais
tense up,esticar
tentpole movie,filme de grande sucesso
term of years,prazo de anos
term of years absolute,prazo determinado absoluto
term of years determinable,prazo determinado
term out,terminar
terminally ill,em estado terminal
terms and conditions,termos e condições
terra firma,terra firme
territorial pissing,marcação de território
tertium non datur,terceira opção não é possível
test bed,bancada de testes
test out,testar
test someone's patience,testar a paciência de alguém
test the waters,testar as águas
textbook case,caso clássico
than a bygod,do que
thank one's lucky stars,agradecer aos céus
thank you all,obrigado a todos
thank you very much,muito obrigado
thanks a bunch,muito obrigado
thanks a heap,muito obrigado
thanks a ton,muito obrigado
thanks be,agradeça
thanks for coming,obrigado por vir
thanks for nothing,obrigado por nada
thanks for your help,obrigado pela sua ajuda
thanks to,graças a
thar she blows,lá está
that ain't hay,Isso não é feno
that ain't it,Não é isso
that cock won't fight,aquele galo não vai lutar
that does it,Isso é tudo
that dog don't run,aquele cachorro não corre
that dog won't hunt,isso não vai funcionar
that ever walked on two legs,que já andou sobre duas pernas
that figures,isso não surpreende
that is to say,isto é
that old dog won't hunt,aquele cachorro velho não vai caçar
that said,dito isso
that ship has already sailed,já passou
that ship has sailed,aquilo já passou
that train has left the station,aquele trem já partiu
that was then; this is now,Isso era antes; agora é diferente
that way,daquela maneira
that way madness lies,assim reside a loucura
that'll be the day,isso acontecerá
that'll be the frosty Friday,será o Friday gelado
that'll do,isso serve
that'll do it to you,isso vai te afetar
that'll learn someone,isso vai ensinar a alguém
that'll teach someone,isso vai ensinar a alguém
that's a bar,aquele é um bar
that's a pity,que pena
that's a shame,que pena
that's a wrap,Acabou
that's about the size of it,mais ou menos isso
that's all Greek to me,Is grego para mim
that's all she wrote,é isso
that's all there is to it,é só isso
that's as may be,isso pode ser
that's done it,já acabou
that's flat,Está achado
that's Greek to me,é grego para mim
that's how the cookie crumbles,assim é a vida
that's just me,é só eu
that's life,essa é a vida
that's me told,esse sou eu
that's my,é meu
that's news to me,Isso é novidade para mim
that's on period,aquele período
that's on periodt,Isso é demais
that's right,Isso mesmo
that's saying something,Isso significa muito
that's someone's funeral,é problema de outra pessoa
that's that,é isso
that's that on that,é isso
that's the bunny,é o coelho
that's the spirit,esse é o espírito
that's the story of one's life,essa é a história da vida de alguém
that's the thing,é isso
that's the ticket,acertou em cheio
that's the tip,aquilo é a ponta
that's the way it goes,assim é
that's the way life is,assim é a vida
that's the way the ball bounces,assim é a vida
that's the way the cookie crumbles,assim é a vida
that's the way the mop flops,é assim que a vassoura balança
that's too bad,que pena
that's wassup,o que está acontecendo
that's what he said,é o que ele disse
that's what I call,Isso é o que eu chamo
that's what I'm talking about,é isso que eu estou dizendo
that's what she said,Isso que ela disse
that's what's up,isso é ótimo
that's why,é por isso
that's why they play the game,é por isso que eles jogam
that's your lot,é tudo o que você tem
that's your sort,é o seu tipo
thaw out,descongelar
the arse is out of 'er,o traseiro está à mostra
the ayes have it,a votação foi favorável
the bad penny always comes back,A moeda ruim sempre volta
the bad penny always turns up,A má sorte sempre volta
the ball is in someone's court,a bola está com você
the bee's knees,o máximo
the beginning of the end,o começo do fim
the best defence is attack,a melhor defesa é o ataque
the big picture,o panorama geral
the breath of life,o sopro da vida
the bride at every wedding,a noiva em cada casamento
the British are coming,os britânicos estão chegando
the buck stops here,a responsabilidade é minha
the burnt child dreads the fire,a criança que se queimou tem medo do fog…
the burnt child fears the fire,a criança que se queimou tem medo do fog…
the cake is a lie,o bolo é uma mentira
the camera never lies,a câmera nunca mente
the carpet matches the drapes,o tapete combina com as cortinas
the case rests,o caso está encerrado
the cat's out of the bag,O segredo foi revelado
the cat's pajamas,o máximo
the cat's pyjamas,a melhor coisa do mundo
the chickens come home to roost,as consequências aparecem
the chuff,o resfolego
the closet is glass,o armário é de vidro
the closet is made of glass,o armário é feito de vidro
the coast is clear,está tudo limpo
the cobbler's children go barefoot,os filhos do sapateiro andam descalços
the computer says no,o computador diz não
the corpse at every funeral,o cadáver em cada funeral
the cupboard is bare,o armário está vazio
the curtain falls,a cortina cai
the curtains match the drapes,as cortinas combinam com as cortinas
the customer is always right,O cliente sempre tem razão
the cutting edge,a ponta de lança
the damage is done,o estrago está feito
the dear knows,o querido sabe
the deuce you say,o que você disse
the devil,o diabo
the devil a one,o diabo pessoalmente
the devil is a liar,o diabo é um mentiroso
the devil is in the detail,o diabo está nos detalhes
the devil is in the details,o diabo está nos detalhes
the devil looks after his own,o diabo ajuda quem ele quer
the Devil take the hindmost,Que o diabo leve o último
the devil you know,o diabo que conheces
the devil you say,o diabo que o diga
the dickens you say,Que droga
the die is cast,a sorte está lançada
the dog ate my homework,O cachorro comeu minha tarefa
the dose makes the poison,a dose faz o veneno
the drinks are on me,Eu pago as bebidas
the early bird catches the worm,Quem cedo madruga, Deus ajuda
the early bird gets the worm,Quem cedo madruga, Deus ajuda
the Earth kept spinning,A Terra continuou girando
the end,o fim
the end justifies the means,os fins justificam os meios
the end of one's rope,estar no limite
the ends justify the means,os fins justificam os meios
the fact that,o fato de que
the fat hit the fire,a gota bateu na água
the fat is in the fire,a polêmica está instalada
the feathers fly,as penas voam
the feezy,o congelado
the fewer the better fare,quanto menos, melhor
the final straw,a gota d'água
the finest,o melhor
the finger,o dedo
the fish rots from the head,O peixe podre começa pela cabeça
the fix is in,a solução já está definida
the forbidden fruit tastes the sweetest,A fruta proibida tem o sabor mais doce
the freaks come out at night,os esquisitos aparecem à noite
the frosting on the cake,A cobertura do bolo
the fuck,porra
the fuckola,o caralho
the fur flies,a discussão esquenta
the future is now,o futuro é agora
the game is up,O jogo acabou
the genie's out of the bottle,a caixa de Pandora foi aberta
the ghost walks,o fantasma anda
the girls are fighting,as meninas estão brigando
the gods smile on someone,os deuses sorriem para alguém
the good die young,os bons morrem jovens
the good doctor,o bom doutor
the good old days,os bons velhos tempos
the grapes are sour anyway,as uvas estão azedas de qualquer forma
the grass is always greener,a grama do vizinho é sempre mais verde
the half of it,a metade disso
the handbags come out,as bolsas são lançadas
the handwriting is on the wall,está escrito nas paredes
the hard way,com dificuldade
the Hatfields and the McCoys,Os Hatfields e os McCoys
the heart wants what it wants,O coração quer o que quer
the heat is on,o calor aumentou
the heat of the moment,o calor do momento
the heavens open,os céus se abrem
the hell you say,que diabos você disse
the hit dog hollers,o cão que foi atingido late
the house always wins,a casa sempre ganha
the icing on the cake,o toque final
the ink was not even dry,A tinta ainda não tinha secado
the Internet never forgets,A internet nunca esquece
the jig is up,o jogo acabou
the job is oxo,o emprego é ótimo
the job's a good 'un,o emprego é bom
the joke is on someone,a piada é com alguém
the joke's on someone,a piada é com alguém
the jokes write themselves,as piadas se escrevem sozinhas
the juice is worth the squeeze,vale a pena o esforço
the jury is still out,o júri ainda não se decidiu
the knives are out,as facas foram desembainhadas
the lady doth protest too much,a senhora protesta demais
the last gasp of something,o último suspiro de algo
the last I heard,pelo que me lembro
the last of pea-time,o último do horário de ervilhas
the last straw,a gota d'água
the latchstring is out,A porta está aberta
the law is a ass,a lei é uma idiota
the law is an arse,a lei é uma idiota
the law is an ass,a lei é uma idiota
the length of the Flemington straight,o comprimento da reta de Flemington
the line is busy,a linha está ocupada
the lion's share,a maior parte
the long way around the barn,o caminho mais longo
the longest pole knocks the persimmon,o poste mais comprido derruba a fruta ka…
the longest purse knocks the persimmon,a carteira mais comprida derruba a caqui
the Lord works in mysterious ways,Deus age de maneiras misteriosas
the man of one's dreams,o homem dos sonhos
the map is not the territory,o mapa não é o território
the math ain't mathing,a matemática não está fazendo sentido
the math is mathing,a matemática está funcionando
the measles,o sarampo
the middle ground,o meio termo
the middle of nowhere,no meio do nada
the mind boggles,a mente fica perplexa
the mixture as before,a mistura como antes
the moment that,o momento em que
the moon on a stick,a lua num palito
the moral high ground,a posição moral superior
the more the merrier,quanto mais, melhor
the more you know,quanto mais você sabe
the natives are getting restless,os nativos estão ficando inquietos
the natives are restless,os nativos estão inquietos
the nerve of,a audácia
the night is young,a noite é jovem
the nose knows,o nariz sabe
the old guard,a velha guarda
the oldest trick in the book,o truque mais antigo do mundo
the one that got away,aquela que escapou
the other day,outro dia
the other white meat,a outra carne branca
the pantaloons off,as calças de baixo
the pants off,as calças
the party is over,A festa acabou
the penny drops,a ficha cai
the pick of something,o melhor de algo
the pleasure is all mine,o prazer é todo meu
the plot thickens,a trama se complica
the powers that be,os que mandam
the promised land,a terra prometida
the proof is in the eating,a prova está no sabor
the proof is in the pudding,a prova está nos resultados
the quality,a qualidade
the rabbit died,o coelho morreu
the race that stops a nation,a corrida que paralisa um país
the rest is gravy,o resto é moleza
the rest is history,o resto é história
the revolution will not be televised,a revolução não será televisionada
the rich get richer,os ricos ficam mais ricos
the rubber hits the road,a hora da verdade
the rubber meets the road,a prática
the same mixture as before,a mesma mistura de antes
the schoolmaster is abroad,o diretor da escola está no exterior
the second mouse gets the cheese,O segundo rato pega o queijo
the seven bells,os sete sinos
the shape of things to come,a forma do que está por vir
the sharp end,a ponta
the shirt off one's back,a camisa do corpo
the shoemaker's children go barefoot,os filhos do sapateiro andam descalços
the shoemaker's son always goes barefoot,o filho do sapateiro sempre anda descalç…
the show must go on,o espetáculo deve continuar
the sky fell in,o céu caiu
the sky is the limit,o céu é o limite
the sky's the limit,o céu é o limite
the something of one's dreams,algo dos seus sonhos
the spirit moves someone,o espírito move alguém
the spoils belong to the victor,o vencedor leva tudo
the squeaky wheel gets the grease,Quem reclama, consegue o que quer
the squeaky wheel gets the oil,Quem reclama, consegue o que quer
the story goes,a história diz
the streets are paved with gold,as ruas são pavimentadas de ouro
the struggle is real,a luta é real
the sun is over the yardarm,já passou da hora de começar a trabalhar
the sun sets on something,o sol se põe sobre algo
the tackies hit the tar,os tênis atingiram o asfalto
the tail wags the dog,a cauda abana o cão
the terrorists will have won,os terroristas terão vencido
the thick plottens,as grossas manchas
the thing is,o problema é
the thing of it,a questão disso
the thumbs down,o polegar para baixo
the thumbs up,o polegar para cima
the time has come,O momento chegou
the tip of the iceberg,a ponta do iceberg
the toilet is clogged,o vaso está entupido
the trash takes itself out,o lixo sai sozinho
the truth is in the wine,a verdade está no vinho
the truth that,a verdade que
the turns have tabled,as voltas foram adiadas
the upper hand,a vantagem
the very thing,a própria coisa
the victor gets the spoils,quem vence leva
the vultures are circling,os abutres estão circulando
the way things are going,como as coisas estão indo
the wheel has come full circle,o ciclo se completou
the wheel turns,a roda gira
the wheels came off,as rodas se soltaram
the wheels came off the bus,as rodas caíram do ônibus
the wheels came off the wagon,as rodas se soltaram da carroça
the wheels fall off,as rodas caem
the wheels fell off,as rodas caíram
the wheels fell off the bus,as rodas do ônibus caíram
the wheels fell off the wagon,as rodas caíram da carroça
the whistle doesn't pull the train,O apito não puxa o trem
the whole world and his dog,todo o mundo e seus cachorros
the winner takes it all,o vencedor leva tudo
the wolf is at the door,o lobo está à porta
the woman of one's dreams,a mulher dos sonhos
the word is go,ir
the world is one's lobster,o mundo é seu
the world is someone's oyster,o mundo é seu
the world kept spinning,o mundo continuou girando
the world over,em todo o mundo
the world owes one a living,o mundo deve sustentar alguém
the worse for wear,desgastado
the writing is on the wall,está escrito
the wrong side of,o lado errado de
them that has gets,aqueles que têm
them what has gets,o que eles têm
them's the breaks,faz parte da vida
them's the facts,aqueles são os fatos
then again,entretanto
then and in that event,então e nesse caso
then and there,naquele momento
there and back,ida e volta
there are no atheists in foxholes,Não existem ateus em trincheiras
there are no stupid questions,não existem perguntas estúpidas
there for everyone to see,visível a todos
there goes the neighborhood,Está tudo perdido
there goes the neighbourhood,Está tudo perdido
there is no doubt that,não há dúvida que
there is no free lunch,não existe almoço grátis
there is no honor among thieves,não há honra entre ladrões
there is no honour among thieves,não há honra entre ladrões
there is no Planet B,Não existe um planeta B
there is no replacement for displacement,não há substituto para o deslocamento
there is no spoon,não existe colher
there is no telling,não se pode dizer
there is safety in numbers,há segurança em números
there is something in the water,tem algo na água
there is strength in numbers,a união faz a força
there is the rub,aí está o problema
there lies the rub,aí está o problema
there one has it,lá está
there ought to be a law,deveria haver uma lei
there oughta be a law,deveria haver uma lei
there oughtta be a law,deveria haver uma lei
there she blows,lá está
there we go,vamos lá
there you are,você está aí
there you go,voilà
there you have it,eis aqui
there's a first time for everything,Tudo tem um começo
there's a good time coming,Um bom tempo está por vir
there's a lid for every pot,para cada panela há uma tampa
there's a sucker born every minute,Nasce um tolo a cada minuto
there's a thought,uma ideia
there's always a bigger fish,sempre há alguém maior
there's been an accident,houve um acidente
there's more where that came from,há mais onde isso veio
there's no "there" there,não existe "lá" ali
there's no accounting for taste,Não se pode agradar a todos
there's no business like show business,Não existe negócio como o do entretenime…
there's no I in team,Não existe "eu" em equipe
there's no place like home,não há lugar como o lar
there's no shame in my game,Não tenho nada a esconder
there's no smoke without fire,Onde há fumaça, há fogo
there's no there there,não há nada ali
there's no time like the present,Não há tempo como o presente
there's no use,não adianta
there's nothing to it,não tem nada de difícil
there's nowt so queer as folk,Não há nada mais estranho que as pessoas
there's one born every minute,há um idiota para cada minuto que passa
there's the rub,aí está o problema
thereby hangs a tale,é aí que está o problema
therein lies the rub,ali reside o problema
these things happen,coisas assim acontecem
they say,eles dizem
they should have sent a poet,eles deveriam ter enviado um poeta
they'll do it every time,eles farão isso sempre
they're only after one thing,eles só querem uma coisa
thick and thin,na alegria e na tristeza
thick and threefold,espesso e triplo
thick as a brick,grosso como um tijolo
thick as thieves,inseparáveis
thick end,extremidade grossa
thick of things,no meio da confusão
thick skin,pele grossa
thicken up,engrossar
thicker than a Snickers,mais grosso que um Snickers
thief in the night,ladrão na noite
thieve out,roubar
thin air,ar rarefeito
thin down,diluir
thin end of the wedge,ponta do iceberg
thin out,afinar
thin the herd,reduzir o número
thin up,emagrecer
thing is,a questão é
thing of the past,coisa do passado
think about,pense em
think again,pense de novo
think aloud,pensar em voz alta
think back,repensar
think better of something,repensar algo
think for oneself,pensar por si mesmo
think highly of,considerar muito
think nothing of doing something,não pensar duas vezes em fazer algo
think nothing of it,não tem problema
think of,pense em
think of England,pense na Inglaterra
think on,pensar em
think on one's feet,pensar rápido
think one hung the moon,achou que alguém pendurou a lua
think one is God's own cousin,achar que alguém é primo de Deus
think one's shit doesn't stink,achar que a própria opinião é a única vá…
think out,pensar
think out loud,pensar em voz alta
think outside the box,pensar fora da caixa
think over,refletir
think tank,centro de estudos
think the world of,achar ótimo
think through,refletir
think twice,repense
think up,inventar
think with one's little head,pensar muito
thinking cap,chapéu do pensamento
thinking man's,homem pensador
third hand,terceira mão
third string,terceira corda
third time is the charm,À terceira tentativa é a vez
third time lucky,terceira tentativa é a boa
third time pays for all,terceira vez que paga tudo
third time's a charm,a terceira tentativa é a boa
third time's the charm,À terceira tentativa é a vez
third wheel,terceiro no barco
thirteenth reason why,décima terceira razão
this day six months,este dia, seis meses
this is not a drill,isto não é um simulacro
this is someone,esta é alguém
this is the life,esta é a vida
this is war,isto é guerra
this is where I came in,é aqui que eu entrei
this is where we came in,é aqui que começamos
this mean time,hora local
this means war,isto significa guerra
this minute,neste minuto
this much,tanto
this too shall pass,isso também vai passar
this too shall pass away,isso também vai passar
thorn in someone's side,espinho na carne
thorn in the flesh,espinho na carne
those that have get,aqueles que têm
those that have get more,quem tem recebe mais
those were the days,aqueles eram os bons tempos
those who have get,aqueles que têm
those who have get more,quem tem recebe mais
those who know,aqueles que sabem
thought bubble,balão de pensamento
thoughts and prayers,pensamentos e orações
thrash about,se debater
thrash out,discutir acaloradamente
thread of thought,fio de pensamento
thread the needle,passar a agulha com o fio
three green,três verdes
three guys in a garage,três caras em uma garagem
three hots and a cot,acomodação e alimentação básicas
Three Musketeers,Os Três Mosqueteiros
three score and ten,noventa
three sheets to the wind,bem bêbado
three skips of a louse,três pulos de uma piolha
three squares,três quadrados
Three Stooges,Os Três Palhaços
three strikes and you're out,três erros e você está fora
three times a charm,à terceira tentativa
three's a crowd,em três, aperta
three-dog night,noite de três cachorros
three-martini lunch,almoço com muitos martinis
three-ring circus,circo de três pistas
thresh out,separar
thrill kill,emoção e morte
thrill killer,assassino em série
thrill of the hunt,emoção da caçada
thrills and spills,emoções e percalços
throttle down,reduzir a velocidade
through and through,de cabo a rabo
through the ceiling,através do teto
through the eyes of,através dos olhos de
through the floor,pelo chão
through the gate,pelo portão
through the hawsehole,pelo orifício de lastro
through the lens of,através da lente de
through the looking glass,através do espelho
through the looking-glass,através do espelho
through the mill,passar pelo processo
through the roof,pelo teto
through the wazoo,muito
through thick and thin,na alegria e na tristeza
throw a bone to,jogar um osso para
throw a fit,fazer birra
throw a kiss,beijar à distância
throw a spanner in the works,complicar
throw a tantrum,fazer birra
throw a wet blanket on,arruinar
throw a wobbly,ter um ataque de raiva
throw a wrench in,complicar
throw a wrench in the gears,prejudicar
throw a wrench in the works,complicar
throw about,jogar por aí
throw an ant into a sty,jogar uma formiga em um chiqueiro
throw an eye,olhar
throw aside,jogar fora
throw away,jogar fora
throw away the key,jogar a chave fora
throw back,jogar para trás
throw by,lançado por
throw caution to the wind,jogar a cautela ao vento
throw cold water on,arruinar
throw down,jogar fora
throw down the gauntlet,lançar um desafio
throw dust in someone's eyes,enganar
throw good money after bad,jogar dinheiro bom em algo ruim
throw in,jogar
throw in at the deep end,jogar na água logo de cara
throw in the towel,desistir
throw in with,unir-se a
throw it back,rejeitar
throw light on something,esclarecer algo
throw money away,jogar dinheiro fora
throw of the dice,lance dos dados
throw off,desviar
throw off balance,desequilibrar
throw off on,desviar
throw off the trail,desviar o rastro
throw on,jogar
throw one's cap over the windmill,desistir
throw one's hat in the ring,entrar na disputa
throw one's hat over the fence,declarar-se candidato
throw one's hat over the wall,jogar a toalha
throw one's hat over the windmill,lançar a toalha
throw one's hotdog down someone's hallway,jogar um cachorro-quente no corredor de …
throw one's voice,modificar a voz
throw one's weight around,usar a influência
throw one's weight behind,apoiar fortemente
throw oneself at,se jogar em
throw oneself behind,apoiar-se em
throw oneself into,mergulhar em
throw out,jogar fora
throw over,jogar por cima
throw overboard,jogar no mar
throw shapes,fazer poses
throw someone a rope,ajudar alguém
throw spaghetti at the wall,testar várias ideias
throw stones,jogar pedras
throw stones in a glass house,jogar pedras em casa de vidro
throw the book at,aplicar a lei com rigor
throw the bull,jogar o touro
throw the bull around,inventar coisas
throw them bows,lance-os
throw to the dogs,jogar aos cães
throw to the wind,jogar ao vento
throw to the wolves,jogar aos lobos
throw together,misturar
throw up,vomitar
throw up one's hands,levantar as mãos
throw up the sponge,desistir
throw up to,vomitar
throw wobblies,desestabilizar
thrust out,proferir
thrutch up,empurrar para cima
thud and blunder,trovão e erro
thug it out,aguentar
thumb a ride,pegar carona
thumb down,polegar para baixo
thumb on the scale,influenciar o resultado
thumb one's nose,mostrar o dedo
thumb through,folhear
thus and so,assim e portanto
thus and such,assim e tais
thus far,até agora
tib out,saiu
tick a lot of boxes,satisfazer muitos requisitos
tick all the boxes,marcar todas as caixas
tick and flick,clicar e mover
tick and tie,gravata e camisa
tick and toy,carrapato e brinquedo
tick away,passar
tick by,passar
tick down,contagem regressiva
tick off,marcar
tick on,marcar
tick over,funcionar lentamente
tick past,passar
tick-tock biological clock,relógio biológico
ticket to ride,passagem
tickle pink,divertir muito
tickle someone's funny bone,fazer rir
tickle someone's pickle,provocar
tickle the dragon's tail,provocar o dragão
tickle the ear,coçar a orelha
tickle the sausage,cutucar a salsicha
tickle the wire,cutucar o fio
tickled pink,muito feliz
tidally locked,em rotação síncrona
tide nor time tarrieth no man,nem a maré nem o tempo esperam por ningu…
tide over,ajudar a superar
tidy up,organizar
tie back,amarrar para trás
tie down,amarrar
tie in,empate
tie in knots,amarrar em nós
tie in with,estar relacionado com
tie into,conectar
tie off,amarrar
tie one on,beber demais
tie oneself in knots,enrolar-se
tie out,amarrar
tie over,amarrar
tie someone's hands,amarrar as mãos de alguém
tie the knot,casar
tie to,laço para
tie up,amarrar
tie up loose ends,amarrar pontas soltas
tied in knots,amarrado em nós
tiger of a different stripe,um tipo diferente
tight as Dick's hatband,muito apertado
tight lips,lábios selados
tight ship,organização
tight spot,situação difícil
tight squeeze,aperto
tighten down,apertar
tighten the purse strings,apertar o orçamento
tighten up,apertar
tighter than Dick's hatband,muito apertado
tighty whities,cueca boxer branca
till all hours,até altas horas
till death do us part,até que a morte nos separe
till next time,Até a próxima vez
till the cow come home,enquanto isso
till the cows come home,até que as vacas voltem para casa
till time,até então
till we meet again,até a próxima vez
tilt at windmills,lutar contra moinhos de vento
time after time,repetidamente
time alone will tell,o tempo dirá
time and again,repetidamente
time and material,tempo e material
time and tide,maré e tempo
time and time again,repetidamente
time back,voltar no tempo
time bandit,ladrão de tempo
time burglar,ladrão de tempo
time crime,crime contra o tempo
time flies,o tempo voa
time flies when you're having fun,o tempo passa rápido quando você está se…
time forgot,tempo esquecido
time hangs heavily,o tempo passa lentamente
time hangs heavy,o tempo passa lentamente
time heals,o tempo cura
time heals all hurts,o tempo cura todas as feridas
time heals all sorrows,o tempo cura todas as tristezas
time heals all things,o tempo cura tudo
time heals all wounds,o tempo cura todas as feridas
time heals every wound,o tempo cura todas as feridas
time in,em
time is a flat circle,o tempo é um círculo plano
time is a great healer,o tempo cura
time is money,o tempo é dinheiro
time is of the essence,o tempo é essencial
time is on one's side,o tempo está a favor de alguém
time is ripe,o momento é oportuno
time is short,o tempo é curto
time is the great healer,o tempo cura
time is ticking,o tempo está passando
time is up,o tempo acabou
time it out,tempo limite
time of old,tempos antigos
time of one's life,o melhor momento da vida
time off,folga
time out,tempo limite
time out of mind,há muito tempo
time over,tempo esgotado
time past,tempo passado
time stands still,o tempo para
time thief,ladrão de tempo
time to make the donuts,hora de fazer os donuts
time will tell,o tempo dirá
time window out,tempo limite expirado
time you got a watch,tempo que você conseguiu um relógio
time's a-wasting,o tempo está passando
time's up,Acabou o tempo
times past,tempos passados
timing is everything,a questão do tempo é tudo
tin god,deus de lata
tin-pot dictatorship,ditadurazinha
Tinker to Evers to Chance,Tinker para Evers para Chance
tinker up,consertar
tip back,incline para trás
tip down,inclinar para baixo
tip it down,derrube-o
tip of the hat,tirar o chapéu
tip of the ice cube,ponta do cubo de gelo
tip of the iceberg,a ponta do iceberg
tip off,avisar
tip one's hat,tirar o chapéu
tip out,derramar
tip over,tombar
tip the scale,inclinar a balança
tip the scales,inclinar a balança
tip the wink,dar um jeito
tip up,inclinar para cima
tiptoe around,andar na ponta dos pés
tiptoe through a minefield,andar em ovos
tire fire,tiro
tire out,cansa
tired and emotional,cansado e emocionado
tit about,inclinação
tit for tat,olho por olho
tit up,levantar o bumbum
tits or GTFO,Seios ou vá embora
tits up,peitos para cima
tl dr,resumo rápido
to a degree,em certa medida
to a desire,a um desejo
to a fare thee well,adeus
to a fare you well,até logo
to a fare-thee-well,até a exaustão
to a fare-you-well,até a exaustão
to a fault,com exageros
to a fine fare-thee-well,adeus
to a first approximation,aproximadamente
to a great extent,em grande medida
to a greater extent,em maior medida
to a hair,a um fio
to a large extent,em grande parte
to a lesser extent,em menor medida
to a man,a um homem
to a nicety,com perfeição
to a T,perfeitamente
to a tee,perfeitamente
to a tick,para uma marca
to a tittle,até a última letra
to a turn,em uma curva
to all appearance,à primeira vista
to all appearances,à primeira vista
to all intents and purposes,na prática
to an extent,Até certo ponto
to and fro,para frente e para trás
to arms,aos braços
to be continued,a continuar
to be early days,ser cedo demais
to be fair,para ser justo
to be honest,para ser honesto
to be named later,a ser anunciado posteriormente
to be on the safe side,por precaução
to be precise,para ser preciso
to be reckoned with,ser temido
to be sure,para ter certeza
to be truthful,para ser honesto
to beat the band,superar
to begin with,para começar
to bits,em pedaços
to boot,além disso
to cap it all,para completar
to crown it all,para coroar tudo
to date,até agora
to death,até a morte
to die for,morrer por
to distraction,para distrair
to do with,a ver com
to each his own,cada um com o seu
to each their own,cada um com o seu
to err is human,erra-se sendo humano
to go,ir
to God,a Deus
to hand,à mão
to have and to hold,ter e manter
to heel,ao calcanhar
to hell,aos infernos
to hell and back,até o inferno e de volta
to hell in a handbasket,aos pedaços
to hell with,que se dane
to high heaven,até os céus
to let,alugar
to little avail,com pouco resultado
to make matters worse,para piorar as coisas
to meward,para mim
to my mind,na minha opinião
to name a few,para citar alguns
to no avail,em vão
to no purpose,inútil
to one's advantage,em seu benefício
to one's bone,até os ossos
to one's bones,até os ossos
to one's credit,Para o seu crédito
to one's dying day,até o último dia
to one's face,na cara de alguém
to one's feet,de volta aos pés
to one's heart's content,com todo o prazer
to one's knowledge,até onde sei
to one's mind,na opinião de alguém
to one's name,em nome de
to one's own cheek,na própria bochecha
to one's rescue,em socorro
to one's way of thinking,à sua maneira de pensar
to order,para pedir
to overflowing,transbordando
to perfection,À perfeição
to pieces,em pedaços
to reckon with,lidar com
to rights,direitos
to save one's life,salvar a vida
to say nothing of,sem falar de
to say the least,por dizer o mínimo
to scale,escalar
to some degree,em certa medida
to some extent,em certa medida
to someone's credit,Para o crédito de alguém
to someone's face,na cara de alguém
to someone's liking,de acordo com o gosto de alguém
to someone's taste,de acordo com o gosto de alguém
to spare,sobrar
to speak of,falar de
to sum up,em resumo
to taste,provar
to tell the truth,para dizer a verdade
to tell you the truth,para te dizer a verdade
to that effect,a esse respeito
to that end,para isso
to the backbone,à espinha dorsal
to the best of one's knowledge,até onde sei
to the bone,até os ossos
to the bones,até os ossos
to the brim,cheio até a borda
to the contrary,ao contrário
to the core,até a essência
to the day,até o dia
to the death,até a morte
to the effect,com o efeito de
to the end of the chapter,até o final do capítulo
to the end of time,até o fim dos tempos
to the exclusion of,excluindo
to the extent that,na medida em que
to the fore,na frente
to the full,integralmente
to the fullest,ao máximo
to the gills,cheio até a borda
to the gods,aos deuses
to the good,para o bem
to the gunnels,aos bordos
to the gunwales,até as bordas
to the hilt,até o fim
to the last,até o último
to the last man,até o último
to the left,à esquerda
to the letter,literalmente
to the life,à vida
to the limit,ao limite
to the marrow,até a medula
to the max,ao máximo
to the moon,à lua
to the moon and back,até a lua e volta
to the nines,com tudo
to the nth degree,até o enésimo grau
to the point,direto ao ponto
to the power of,elevado a
to the prejudice of,em prejuízo de
to the purpose,para o propósito
to the quick,direto ao ponto
to the rafters,até o teto
to the rescue,ao resgate
to the tee,perfeitamente
to the tonsils,nas amígdalas
to the top of one's bent,no limite das suas capacidades
to the touch,ao toque
to the tune of,à maneira de
to the turn of a hair,ao menor detalhe
to the victor belong the spoils,A quem vence a batalha, pertencem os des…
to the victor go the spoils,A quem vence, cabem os prêmios
to the victor the spoils,aos vencedores sejam os prêmios
to the wide,para o vasto
to thine own self be true,seja fiel a si mesmo
to this day,até hoje
to this effect,neste sentido
to this end,a este fim
to those it may concern,a quem possa interessar
to time,para agendar
to top it all,para piorar
to top it off,para completar
to what extent,até que ponto
to whom it may concern,a quem possa interessar
to whom this may concern,A quem possa interessar
to wit,isto é
to your health,à sua saúde
toast of the town,sensação do momento
toast up,tostar
today we are all,hoje estamos todos
toddle off,andar cambaleando
toe in,dedo do pé
toe out,pé virado para fora
toe the line,seguir as regras
toes up,morto
together with,juntamente com
toil and moil,trabalho árduo
toke up,ocupar
tokens get spent,tokens são gastos
told you,eu te disse
told you so,eu te avisei
tomayto tomahto,tomate tomate
tomorrow is another day,Amanhã é outro dia
tomorrow never comes,o amanhã nunca chega
tone down,suavizar
tone in,tomar
tone up,tonificar
tone with,em sintonia com
tonsil hockey,amigdalite
tonsil tennis,tênis das amígdalas
too bad,que pena
too big for one's boots,arrogante
too big for one's britches,arrogante demais
too clever by half,esperto demais
too cool for school,Muito legal para a escola
too good for this world,bom demais para este mundo
too good to be true,bom demais para ser verdade
too hot to hold,quente demais para segurar
too late,tarde demais
too little too late,pouco e tarde demais
too long; didn't read,muito longo não li
too many balls in the air,muitas coisas para fazer
too many chefs spoil the broth,muitos cozinheiros estragam o caldo
too many cooks spoil the broth,muitos cozinheiros estragam o caldo
too many cooks spoil the soup,muitos cozinheiros estragam o caldo
too many cooks spoil the stew,muitos cozinheiros estragam o ensopado
too many cooks spoils the broth,muitos cozinheiros estragam o caldo
too much,demais
too much of a good thing,demais é demais
too much water drowned the miller,Muita água afogou o moleiro
too rich for one's blood,caro demais
too right,exatamente
tool around,passear
tool up,equipar
tools of trade,ferramentas de trabalho
toot one's own horn,falar de si mesmo
toothpaste is out of the tube,A pasta de dente acabou
top and tail,começar e terminar
top banana,banana
top cat,gato topo
top dog,cão líder
top dollar,preço alto
top drawer,gaveta superior
top end of town,parte mais nobre da cidade
top it off,coroar
top notch,de primeira qualidade
top of mind,primeira opção
top of the hour,no ponto
top of the line,de primeira qualidade
top of the morning,bom dia
top of the shop,topo da loja
top off,completar
top oneself,superar-se
top out,atingir o limite
top shelf,prateleira superior
top the charts,liderar as paradas
top to bottom,de cima a baixo
top up,repor
top-heavy with drink,embriagado
topple over,tombar
torch down,telhado asfáltico
torch up,acender
torque off,desligar o torque
torque up,apertar
torqued off,irritado
tosh up,embelezar
toss and turn,dar voltas
toss around,jogar
toss away,jogar fora
toss down,jogar para baixo
toss in,acrescentar
toss in with,adicionar
toss it in,jogue dentro
toss off,descartar
toss out,jogar fora
toss together,misturar
toss up,cara ou coroa
tot lot,muito
tot up,somar
total package,pacote completo
total up,somar
totally disconnected,totalmente desconectado
totally ordered,totalmente ordenado
tote up,somar
totus porcus,todo porco
touch a nerve,tocar num ponto sensível
touch and go,por um fio
touch base,entrar em contato
touch down,aterrissagem
touch in,toque
touch off,iniciar
touch on,abordar
touch oneself,tocar-se
touch out,tocar a saída
touch the hem of someone's garment,tocar na bainha da roupa de alguém
touch up,retoque
touch upon,abordar
touch wood,bater na madeira
tough as nails,duro como pedra
tough bananas,bananas verdes
tough beans,difícil
tough break,que pena
tough call,decisão difícil
tough case,caso difícil
tough cookies,pessoas difíceis
tough going,difícil
tough it out,aguentar
tough love,amor rigoroso
tough luck,azar
tough out,superar
tough sledding,difícil
tough tacos,tacos crocantes
tough tarts,tortas difíceis
tough titty,que azar
tough titty said the kitty,que azar
tough toodles,difícil
tough tooshie,bunda dura
tough tuchus,bunda durona
tough tushie,bunda durona
toughen up,endurecer
toujours perdrix,sempre perdiz
towel down,tábuas
towel off,secar
towel up,enrole-se
tower over,dominar
town and gown,cidade e universidade
toy with,brincar com
toys in the attic,brinquedos no sótão
trace down,rastrear
trace out,traçar
track down,rastrear
track record,histórico
track with,acompanhar com
tractor out,trator para fora
trade away,trocar
trade down,baixar de qualidade
trade hands,mão a mão
trade in,troca
trade off,compromisso
trade up,melhorar
trail away,desaparecer gradualmente
trail behind,ficar para trás
trail off,desvanecer
trailer park trash,lixo de trailer
trailer trash,pessoas de má reputação que vivem em tra…
train up,treinar
train wreck,desastre
trample out,pisar
trance out,desmaiar
transform and roll out,transformar e lançar
trap and trace,armadilha e rastreamento
trap in,prender em
trap out,desativar
trash out,jogar fora
tread carefully,tenha cuidado
tread down,pisar
tread lightly,tenha cuidado
tread on,pisar em
tread on someone's toes,pisar nos pés de alguém
tread out,pisar
tread the boards,atuar no palco
tread upon,pisar em
treat of,tratar de
tremble and obey,tremer e obedecer
trench mouth,gengivite ulcerativa
trenything is possible,Tudo é possível
trial and error,tentativa e erro
trial balloon,sonda
trial by fire,prova de fogo
trial by media,julgamento pela mídia
trials and tribulations,provas e dificuldades
trice up,levantar rapidamente
trick of the trade,segredo de ofício
trick off,desligar
trick or treat,troca troca
trick out,personalizar
trick question,pergunta capciosa
trick up,truque
trick up one's sleeve,um ás na manga
tricked out,modificado
trickle down,efeito cascata
tried and tested,testado e comprovado
tried and trusted,testado e comprovado
trifle with,brincar com
trim down,aparar
trim up,aparar
trip out,viajar
trip over,tropeçar
trip over oneself,tropeçar uns nos outros
trip to the woodshed,viagem ao galpão
trip up,tropeçar
triple down,dobrar a aposta
trog off,sair de fininho
trolley off,desligado
troon out,expulsar
trophy wife,esposa troféu
trot off,correr
trot out,exibir
trotter case,caso de trote
trouble at mill,problemas na fábrica
trouble in paradise,problemas no paraíso
truck in,caminhão
truck out,descarregar
true blue,leal
true colours,cores verdadeiras
true stripes,listras verdadeiras
true to form,como esperado
true up,corrigir
truly yours,sinceramente seu
Trump bump,efeito Trump
Trump slump,Queda de Trump
trump up,inventar
trundle along,arrastar
truss up,amarrar
trust me bro,confia em mim irmão
trust someone to,confiar em alguém para
trust the process,confie no processo
truth be told,para ser honesto
truth is stranger than fiction,a verdade é mais estranha que a ficção
truth will out,A verdade sempre aparece
try as one may,por mais que se tente
try as one might,por mais que se tente
try it on,experimente
try on,experimentar
try on for size,experimente para ver
try one's hand,tentar
try one's hand at something,tentar fazer algo
try one's luck,tentar a sorte
try out,experimentar
try the veal,experimente o vitelo
tua culpa,sua culpa
tube steak,salsicha
tuck away,guardar
tuck in,meter para dentro
tuck into,enrolar
tuck out,esconder
tuck up,dobrar
tucker out,cansa
tug at,puxar
tug of war,cabo de guerra
tug one's forelock,puxar a crina
tulip mania,febre das tulipas
tumble down,cair
tumble in,cair
tumble on,tropeçar em
tumble to,cair
tumble together,cair juntos
tumble up,cair
tune down,abaixar
tune in,sintonizar
tune out,desligar
tune up,ajustar
tuned in,sintonizado
tuppence worth,um tostão
turd in the punchbowl,algo que estraga tudo
turf out,expulsar
turf war,guerra de territórios
turkey shoot,tiro ao peru
turn a blind eye,fechar os olhos
turn a blind eye to something,fechar os olhos a algo
turn a corner,virar a esquina
turn a deaf ear,ignorar
turn a hair,mudar de ideia
turn a phrase,expressar-se
turn a profit,obter lucro
turn a setback into a comeback,transformar um revés em uma reviravolta
turn a trick,fazer uma travessura
turn about,virar
turn about is fair play,olho por olho
turn against,virar contra
turn around,virar
turn aside,desviar
turn away,desviar
turn back,voltar
turn back the clock,voltar no tempo
turn down,diminuir
turn forth,sair
turn heads,chamar a atenção
turn in,entregar
turn in on oneself,voltar-se para si mesmo
turn in one's grave,virar-se no túmulo
turn into,transformar-se em
turn into a pumpkin,transformar-se em abóbora
turn loose,soltar
turn of events,reviravolta
turn of speed,aceleração
turn of the screw,o turno da chave
turn off,desligar
turn on,ligar
turn on its head,inverter
turn on one's heel,virar as costas
turn one's coat,virar o casaco
turn one's color,corar
turn one's nose up,torcer o nariz
turn or burn,virar ou queimar
turn out,acontecer
turn over,virar
turn over a new leaf,começar de novo
turn round,virar
turn someone's head,roubar a cena
turn tail,virar as costas
turn the air blue,fazer fúria
turn the boat,virar o barco
turn the corner,virar a esquina
turn the other cheek,virar a outra face
turn the page,virar a página
turn the scale,pesar
turn the screw,apertar o parafuso
turn the tables,inverter a situação
turn the tide,virar o jogo
turn to,virar
turn to dust,virar pó
turn to good account,aproveitar bem
turn together,virar juntos
turn turtle,virar de cabeça para baixo
turn two,virar dois
turn under,virar para baixo
turn up,aumentar
turn up for the book,aparecer para o livro
turn up one's nose,torcer o nariz
turn up the heat,aumentar a temperatura
turn up the volume on,aumentar o volume em
turn up trumps,ser decisivo
turn upon,depender de
turn upside down,virar de cabeça para baixo
turnabout is fair play,olho por olho
turned of,desligado
turning point,ponto de virada
turtle down,tartaruga para baixo
turtle head,cabeça de tartaruga
turtle up,tartaruga
twat about,falar besteira sobre
twat around,perder tempo
tweak on,ajustar
tweak out,extrair
twelve-ounce curls,cachos de doze onças
twenty bucks is twenty bucks,vinte dólares é vinte dólares
twenty dollars is twenty dollars,vinte dólares é vinte dólares
twenty to the dozen,vinte por dúzia
twenty whole dollars,vinte dólares inteiros
twenty winks,vinte piscadelas
twenty-twenty hindsight,análise retrospectiva
twiddle one's thumbs,namorar os dedos
twilight industry,indústria crepuscular
twilight years,anos de crepúsculo
twilight zone,zona crepúsculo
twinkle in one's daddy's eye,brilho no olhar do pai
twinkle in one's father's eye,brilho no olhar do pai
twinkle out,apagar
twist and turn,torcer e virar
twist in the wind,girar ao vento
twist of fate,reviravolta do destino
twist up,enrolar
twists and turns,reviravoltas
two a penny,muito comum
two birds with one stone,matar dois coelhos com uma cajadada
two birds/one stone,matar dois pássaros com uma pedrada
two birds—one stone,matar dois pássaros com uma pedrada
two bob,duas moedas
two can play at that game,dois podem brincar
two can play at this game,dois podem brincar
two can play that game,dois podem brincar desse jogo
two can play this game,dois podem jogar esse jogo
two cents,dois centavos
two for two,dois por dois
two ha'pennies for a penny,dois pence por um penny
two heads are better than one,dois são melhores que um
two left feet,desajeitado para dançar
two left hands,desajeitado
two penn'orth,dois centavos
two pennies to rub together,pouco dinheiro
two pennies' worth,minha opinião
two plus two equals five,dois mais dois é igual a cinco
two sides of the same coin,duas faces da mesma moeda
two slips of latinum,duas moedas de latinum
two steps ahead,um passo à frente
two tears in a bucket,duas lágrimas em um balde
two thumbs up,duas polegares para cima
two up,dois para cima
two upon ten,dois sobre dez
two wrongs don't make a right,dois erros não fazem um acerto
two wrongs make a right,duas coisas erradas não fazem uma certa
two's company and three is none,dois é companhia e três estraga a festa
two-fisted drinker,bebedor inveterado
two-forty on a plank road,duzentos e quarenta em uma estrada de tá…
two-hit wonder,sucesso meteórico
two-second rule,regra dos dois segundos
two-way street,rua de mão dupla
type out,digitar
type up,digitar
tyre kicker,pessoa que só quer dar trabalho
ugly American,estadunvense grosseiro
ugly customer,cliente feio
ugly duckling,pato feio
ugly up,degradar
ultra vires,além dos poderes
unable to can,incapaz de enlatar
under a cloud,sob uma nuvem
under a lucky star,sob uma estrela da sorte
under a spell,sob um feitiço
under arrest,sob prisão
under canvas,sob uma lona
under center,no centro
under construction,Em construção
under control,sob controle
under correction,sob correção
under cover,coberto
under cover of darkness,sob a cobertura da escuridão
under cover of night,sob a cobertura da noite
under erasure,riscado
under fire,sob fogo
under glass,sob vidro
under hack,sob ataque
under hatches,sob vigilância
under lock and key,sob sete chaves
under no circumstance,Sob nenhuma circunstância
under no circumstances,Sob nenhuma circunstância
under oath,sob juramento
under one roof,sob o mesmo teto
under one's arm,debaixo do braço
under one's belt,conquistado
under one's breath,em voz baixa
under one's feet,aos pés
under one's hand,assinado
under one's hat,em mente
under one's own steam,por conta própria
under one's thumb,sob o controle de
under one's very eyes,bem diante dos olhos
under one's very nose,bem debaixo do nariz
under one's wing,sob a proteção de
under pain of,sob pena de
under par,abaixo do esperado
under protest,Sob protesto
under sail,a vela
under seal,selado
under someone's nose,embaixo do nariz de alguém
under someone's roof,sob o teto de alguém
under the auspices of,sob a égide de
under the bootheel of,sob o domínio de
under the breath,em voz baixa
under the carpet,debaixo do tapete
under the cosh,sob pressão
under the counter,embaixo do balcão
under the covers,debaixo dos lençóis
under the fist of,sob o domínio de
under the gun,sob pressão
under the hammer,sob o martelo
under the hood,por baixo do capô
under the illusion,sob a ilusão
under the impression,com a impressão
under the influence,sob a influência
under the influence of,sob a influência de
under the jail,sob a prisão
under the knife,na mesa de operação
under the lee,abaixo do abrigo
under the mahogany,sob o mogno
under the microscope,sob a lupa
under the pump,Sob pressão
under the radar,discretamente
under the rose,sob a rosa
under the rug,debaixo do tapete
under the rule,sob a regra
under the saya,debaixo da saya
under the sheets,debaixo dos lençóis
under the stars,Sob as estrelas
under the sun,sob o sol
under the surface,abaixo da superfície
under the table,debaixo da mesa
under the terms of,de acordo com os termos de
under the weather,indisposto
under the weight of,sob o peso de
under the wire,no último minuto
under the yoke,sob o jugo
under water,subaquático
under way,em andamento
under wraps,em segredo
underneath one's breath,em voz baixa
underneath the hood,por baixo do capô
underpromise and overdeliver,prometer menos e entregar mais
understand the assignment,entender a tarefa
undress with one's eyes,despir com os olhos
unicorn barf,cuspe de unicórnio
unicorn puke,vômito de unicórnio
unicorn vomit,vômito de unicórnio
uniformly continuous,contínuo uniformemente
union is strength,a união faz a força
union makes strength,a união faz a força
unity is strength,a união faz a força
unity makes strength,a união faz a força
university of life,universidade da vida
university of the streets,universidade de rua
unknown quantity,quantidade desconhecida
unmask one's batteries,revelar suas cartas
uno ab alto,um ao alto
unring a bell,desfazer um mal entendido
unsung hero,herói anônimo
until all hours,até altas horas
until further notice,até novo aviso
until hell freezes over,até que o inferno congele
until Kingdom come,até o fim dos tempos
until next time,Até a próxima vez
until one's dying day,até o último dia
until proven otherwise,até prova em contrário
until the cows come,enquanto as vacas não voltarem
until the cows come home,até as vacas voltarem para casa
until the cows freeze over,enquanto as vacas não virarem gelo
until the last dog is hung,até que o último cachorro seja enforcado
until the pips squeak,até quebrar
until the wheels fall off,até quebrar
until we meet again,até a próxima vez
unto itself,para si mesmo
unto the ages of ages,até os tempos dos tempos
unto time,até certo ponto
unused to,não acostumado
up a close,próximo
up a creek,em apuros
up a creek without a paddle,em apuros
up a gum tree,em uma árvore de goma
up a height,em altura
up a storm,com muita força
up a stump,em cima de um toco
up a tree,na árvore
up against,contra
up against the ropes,em apuros
up and at 'em,vamos lá
up and away,para cima e para longe
up and coming,promissor
up and down,para cima e para baixo
up and running,funcionando
up close and personal,de perto e pessoalmente
up for,disposto a
up for grabs,à disposição
up front,antecipadamente
up goes the donkey,o burro levanta
up hill and down dale,subindo e descendo colinas
up in one's grill,em cima do seu pé
up in the air,no ar
up line,linha de cima
up on one's ear,de ouvido
up one's own ass,se gabar
up one's sleeve,na manga
up one's sleeves,na manga
up poo creek,em apuros
up shit creek,em apuros
up shit creek without a paddle,em apuros
up shit's creek,em apuros
up shit's creek without a paddle,em apuros
up someone's alley,ser do interesse de alguém
up someone's ass,ser chato
up someone's strasse,irritar alguém
up someone's street,na rua de alguém
up the aisle,pelo corredor
up the ante,aumentar a aposta
up the booai,para cima
up the boohai,para cima
up the creek,em apuros
up the creek without a paddle,em apuros
up the duff,grávida
up the flume,subir o canal
up the Oxo Tower,subir na Torre Oxo
up the pole,para cima do mastro
up the proverbial,até o limite
up the river,contra a corrente do rio
up the spout,pelo ralo
up the stick,subir o bastão
up the stump,subir no toco
up the wall,na parede
up the walls,nas paredes
up the wazoo,em excesso
up the yin-yang,para cima e para baixo
up the ying yang,fazer besteira
up the ying-yang,irritado
up to anything,capaz de tudo
up to eleven,até onze
up to no good,aprontando algo
up to one's ass in alligators,encrencado até o pescoço
up to one's chin,até o queixo
up to one's ears,até o pescoço
up to one's elbows,até os cotovelos
up to one's eyeballs,até o pescoço
up to one's eyebrows,até as sobrancelhas
up to one's eyes,até o pescoço
up to one's neck,até o pescoço
up to one's neck in alligators,Atolado em problemas
up to one's old tricks,voltar aos velhos hábitos
up to par,de acordo com o esperado
up to scratch,de acordo com o padrão
up to snuff,em bom estado
up to something,está tramando algo
up to speed,atualizado
up to the chin,até o queixo
up to the elbows,até os cotovelos
up to the hammer,até o martelo
up to the hub,até o centro
up to the knocker,até a maçaneta
up to the mark,de acordo com o esperado
up to the nines,vestido para impressionar
up to the tonsils,até as amígdalas
up to time,no prazo
up until,até
up what spring,para cima quebra
up with the chickens,acordar cedo
up with the lark,cedo
up with the larks,cedo
uphill battle,luta difícil
upon a sixpence,em um tostão
upon a stound,sobre um choque
upon a sudden,de repente
upon a time,Era uma vez
upon my sivvy,em meu conhecimento
upon my soul,por minha alma
upon one's legs,em suas pernas
upon one's speed,dependendo da velocidade
upon pain of,sob pena de
upon reflection,refletindo
upon the back of,na parte de trás de
upon the books,nos livros
upon the carpet,no tapete
upon the heels of,logo após
upon the instant,imediatamente
upon the matter,sobre o assunto
upon the pad,sobre o bloco
upon the point of,no ponto de
upon the square,na praça
upon the strength of,com base na força de
upon the tapis,sobre a mesa
upon the wing,em voo
upper crust,alta sociedade
upper hand,vantagem
upper storey,último andar
ups and downs,altibajos
upset the applecart,complicar
upward of,acima de
upwardly mobile,em ascensão
ur mum,sua mãe
urban fabric,tecido urbano
urge on,incentivar
urge to merge,impulso para unir
use in anger,use com raiva
use it or lose it,use ou perde
use one's coconut,usar o cérebro
use one's head,usar a cabeça
use one's noggin,usar a cabeça
use to,usar
use up,usar
use your words,use suas palavras
used to,costumado a
useful as a chocolate teapot,inútil como uma chaleira de chocolate
useful as tits on a bull,inútil como mamilos em um touro
useless as tits on a bull,inútil como tetas em um boi
usher in,inaugurar
uterine cancer,câncer de útero
vacuum up,aspirar
valar dohaeris,que os valar tenham piedade
vale of tears,vale de lágrimas
valley of death,vale da morte
valley of the shadow of death,vale da sombra da morte
vamp up,animar
vanish to the four winds,desaparecer pelos quatro cantos
vanishing act,sumir
variety is the spice of life,A variedade é o tempero da vida
vast majority,maioria absoluta
veg out,relaxar
vehicularly challenged,com dificuldades de mobilidade
vehicularly housed,abrigado em veículo
vel non,vel não
vel sim.,sim mesmo
velvet handcuffs,algemas de veludo
verb. sap.,verbo. suco
verbum sap,palavra de sabedoria
verbum sapienti,palavra de sabedoria
verbum sat,a palavra é
verge on,estar à beira de
vertically challenged,baixa estatura
very good,muito bom
very well,muito bem
vestra culpa,sua culpa
vibe out,relaxar
vibe with,se conectar com
victim of one's own success,vítima do próprio sucesso
victory at sea,vitória no mar
vide infra,veja abaixo
vide supra,veja acima
view from the top,vista do topo
vim and vigor,vigor e energia
Virtue is her own reward,A virtude é sua própria recompensa
virtue is its own reward,A virtude é sua própria recompensa
virtuous circle,círculo virtuoso
vision out,visão ampla
visually impaired,com deficiência visual
vive la difference,celebre a diferença
voice in the wilderness,voz no deserto
voices off,silêncio
vomit up,vomitar
vostra culpa,sua culpa
vote blue no matter who,vote azul não importa quem
vote down,votar contra
vote in,votar em
vote off the island,eliminar da ilha
vote out,votar para destituir
vote up,votar positivo
vote with one's feet,mudar de lugar
vote with one's wallet,comprar com consciência
vouch for,garantir
VR legs,pernas de realidade virtual
vulture culture,cultura de abutres
W-shaped recession,Recessão em forma de W
wack out,enlouquecer
wade in,entrar
wade through,navegar
waft off,pair
waft over,pairar sobre
wag a finger,balançar o dedo
wag the dog,desviar a atenção
wail on,reclamar
wait and see,esperar e ver
wait around,esperar
wait for,esperar
wait for Godot,esperar por Godot
wait for it,espere
wait for the ball to drop,esperar a bola cair
wait for the dust to settle,esperar a poeira baixar
wait in the wings,esperar nos bastidores
wait on,esperar
wait on someone hand and foot,atender a alguém em tudo
wait out,esperar que passe
wait till the clouds roll by,espere até que as nuvens passem
wait up,espere um pouco
wait upon,atender
wait upon hand and foot,atender a todas as necessidades
waiting game,jogo de espera
waiting in the wings,esperando nos bastidores
waiting to happen,que está para acontecer
wake and bake,acordar e fumar
wake the dead,despertar os mortos
wake up,acordar
wake up and die right,acordar e morrer imediatamente
wake up and smell the coffee,desperte e perceba a realidade
wake up one day,acordar um dia
wale on,nadadeira
walk a mile in someone's shoes,colocar-se no lugar de alguém
walk all over,explorar
walk around,caminhar
walk away,ir embora
walk away from,desistir de
walk away with,ir embora com
walk back,recuar
walk behind,andar atrás
walk down,descer
walk free,ser libertado
walk in,entrar
walk in on,flagrar
walk in the park,caminhar no parque
walk in the snow,caminhar na neve
walk into,entrar
walk of life,estilo de vida
walk off,sair andando
walk off with,roubar
walk on,andar em
walk on broken glass,andar sobre cacos de vidro
walk on by,passar por aqui
walk on eggshells,andar em ovos
walk on sunshine,caminhar sob o sol
walk on the wild side,arriscar
walk on water,andar sobre a água
walk one's chalks,caminhar
walk out,sair
walk out on,abandonar
walk out with,sair com
walk over,cruzar
walk the beat,patrulhar
walk the chalk,desenhar com giz
walk the dog,passear com o cachorro
walk the floor,andar pelo chão
walk the line,seguir as regras
walk the plank,andar na prancha
walk the streets,caminhar pelas ruas
walk the talk,agir de acordo com o que se diz
walk the walk,fazer acontecer
walk through,caminhar
walk with,caminhar com
wall in,dentro da parede
wall of silence,mural de silêncio
wall off,isolar
wall up,murar
walls have ears,As paredes têm ouvidos
Wally World,Mundo do Wally
wander off,desaparecer
wank off,masturbar
wanker's cramp,cãibra do ejaculador
wanna bet,quer apostar
want for,precisar de
want for nothing,não precisar de nada
want in,quero participar
want must be one's master,querer ser o mestre de alguém
want out,quer sair
want someone's nachos,quero as batatas fritas de alguém
want to,querer
want to bet,quer apostar
want to know,quero saber
wanton kittens make sober cats,gatinhos travessos fazem gatos sérios
war bride,noiva de guerra
war is hell,a guerra é um inferno
war of nerves,guerra psicológica
war of words,guerra de palavras
ward off,afastar
warm body,corpo quente
warm down,esfriar
warm over,aquecer novamente
warm regards,saudações afetuosas
warm the cockles of someone's heart,aquecer o coração
warm up,aquecimento
warmest regards,saudações afetuosas
warn off,afastar
warts and all,com todos os defeitos
wash a blackamoor white,clarear um negro
wash and squash,lavar e amassar
wash away,lavar
wash down,lavar
wash off,lavar
wash one's dirty laundry in public,expor assuntos íntimos em público
wash one's dirty linen in public,lavar roupa suja na frente dos outros
wash one's elbows,lavar os cotovelos
wash oneself of,lavar-se
wash out,desbotar
wash over,cobrir
wash up,lavar-se
wash with,lavar com
washed out,desbotado
wasp around,ao redor de
waste away,murchar
waste breath,perder o fôlego
waste of breath,perda de tempo
waste of space,perda de espaço
watch back,rever
watch it,veja isso
watch one's language,cuidado com a linguagem
watch one's mouth,cuidado com o que se diz
watch one's step,ter cuidado
watch out,cuidado
watch over,vigiar
watch the world burn,ver o mundo pegar fogo
watch the world go by,observar o mundo passar
watch this space,fique ligado
watched toast never burns,torrada que nunca queima
water down,diluir
water finds its level,a água encontra seu nível
water finds its own level,A água encontra o seu nível
water is wet,a água é molhada
water over the dam,água que passou da barragem
water seeks its level,a água busca seu nível
water seeks its own level,A água busca seu próprio nível
water to one's mill,ajudar os seus negócios
water under the bridge,água passada
waterfowl alignment,alinhamento de aves aquáticas
watering hole,bebedouro
watery grave,túmulo aquático
wave aside,afastar
wave away,acenar
wave down,acenar
wave goodbye,despedir-se com um aceno
wave goodbye to something,despedir-se de algo
wave in,acenar
wave of the hand,aceno de mão
wave off,despedir com um aceno
wave the white flag,levantar a bandeira branca
wave through,passar adiante
wax and wane,crescer e diminuir
wax down,encerar
wax on,cera para cima
wax the dolphin,golfinho de cera
way back when,há muito tempo
way of thinking,maneira de pensar
way out of a paper bag,muito fácil
we all bleed red,todos nós sangramos de vermelho
we all make mistakes,todos nós cometemos erros
we been knew,já sabíamos
we hardly knew ye,mal te conhecíamos
we haven't got all day,Não temos o dia todo
we live in a society,vivemos em uma sociedade
we wuz kangz,nós éramos reis
we wuz kangz n sheeit,Nós éramos reis e tal
we wuz kangz n shiet,Nós éramos reis e tal
weak sister,irmã mais fraca
weak tea,chá fraco
weaken up,acordar
weaker vessel,embarcação mais fraca
weakly cardinal,cardinalmente fraco
weakly contractible,fracamente contrátil
wean off,reduzir gradualmente
weaponized incompetence,incompetência instrumentalizada
weapons free,armas livres
weapons hold,armazenamento de armas
weapons tight,armas apreendidas
wear and tear,desgaste
wear away,desgastar
wear down,desgastar
wear in,desgastar
wear many hats,acumular muitas funções
wear off,desaparecer
wear on,desgastar
wear one's heart on one's sleeve,mostrar os sentimentos
wear out,desgastar
wear out one's welcome,exceder a boa vontade
wear rose-colored glasses,ver a vida com otimismo
wear sackcloth and ashes,vestir cilício e cinzas
wear the trousers,ter o controle
wear thin,desgastar
wear through,desgastar
wear too many hats,acumular muitas funções
wear two hats,acumular funções
wear up,usar
wear yellow stockings,usar meias amarelas
weary out,cansaço
weasel into,esgueirar-se
weasel out,escapar
weather out,superar
weather the storm,superar a crise
wedge up,entortar
weed out,eliminar
Weekend at Bernie's,Um fim de semana com o Bernie
weep Irish,chorar irlandês
weigh against,pesar contra
weigh down,pesar
weigh in,opinar
weigh off,pesar
weigh on,preocupar
weigh out,pesar
weigh up,pesar
weight down,pesar
weight of the world,peso do mundo
weird and wonderful,estranho e maravilhoso
weird flex but OK,Flex estranho mas tudo bem
weird out,deixar desconfortável
welcome back,bem-vindo de volta
welcome home,bem-vindo a casa
welcome to my life,bem-vindo à minha vida
welcome to my world,Bem-vindo ao meu mundo
welcome to the club,bem-vindo ao clube
weld together,soldar
welfare Cadillac,assistência social Cadillac
well and good,bem e bom
well and truly,de verdade
well begun is half done,Come bem, metade está feita
well done,bem feito
well played,bem jogado
well said,bem dito
well up,encher
well-oiled machine,máquina bem oleada
Welsh comb,pente galês
were it not for,se não fosse por
were you born in a tent,você nasceu em uma tenda
wet behind the ears,ingênuo
wet blanket,pessoa chata
wet boy,menino molhado
wet down,molhar
wet firecracker,palhaço
wet one's beak,molhar o bico
wet one's pants,molhar a calça
wet one's whistle,molhar o apito
wet out,molhado
wet the bed,molhar a cama
wet the shamrock,molhar o trevo
wet through,molhado até os ossos
whack off,cortar
whack on,bater em
whack one out,foder
whack out,bater
whack up,bater
whale away,gastar
whale on,baleia em
wham bam thank you ma'am,Acabou, pronto, obrigado
what a shame,que vergonha
what a small world,que mundo pequeno
what about the children,e as crianças
what am I bid,quanto oferecem
what am I looking at,O que estou vendo
what are the odds,quais são as chances
what are you like,como você é
what are you looking at,O que você está olhando
what are you smoking,o que você está fumando
what are you waiting for,O que você está esperando
what can I say,O que posso dizer
what can I tell you,O que posso te dizer
what cheer,que animação
what color is your Bugatti,De que cor é seu Bugatti
what colour is your Bugatti,De que cor é seu Bugatti
what comes around goes around,o que vai, volta
what did I tell you,o que eu te disse
what do I know,o que eu sei
what do you know,o que você sabe
what do you make the time,que horas são
what do you say,o que você diz
what do you want: blood?,o que você quer: sangue
what else is new,O que mais há de novo
what foot the shoe is on,em qual pé o sapato está
what gives,o que aconteceu
what go round come round,o que vai volta
what goes around comes around,o que vai, volta
what goes round comes round,O que vai, volta
what goes up must come down,o que sobe deve descer
what good is,qual é a utilidade
what happens twice happens thrice,O que acontece duas vezes acontece três …
what has someone done,o que alguém fez
what in tarnation,que diabos
what in time,que horas são
what is more,o que é mais
what is one to do,o que fazer
what is the matter,qual é o problema
what is the time,que horas são
what is your job,qual é o seu trabalho
what is your problem,qual é o seu problema
what it is,o que é
what it takes,o que é preciso
what next,o que vem a seguir
what o'clock is it,que horas são
what price,qual preço
what say you,o que você diz
what seems to be the problem,Qual parece ser o problema
what someone is about,sobre o que se trata
what someone said,o que alguém disse
what someone says goes,o que alguém diz vale
what that mouth do,o que essa boca faz
what the crap,que droga
what the deuce,que diabos
what the Devil,que diabo
what the doctor ordered,o que o médico prescreveu
what the ef,que merda
what the eff,que droga
what the fish,que peixe
what the flip,que droga
what the flying fuck,que merda
what the fuck,que merda
what the fudge,que droga
what the goodyear,o que é goodyear
what the hay,que droga
what the heck,que droga
what the hell,que droga
what the helly,que diabos
what the hey,que droga
what the shit,que merda
what time do you make it,que horas você faz
what time have you got,que horas são
what was someone smoking,o que essa pessoa estava fumando
what was someone thinking,em que estava pensando
what was your first clue,qual foi sua primeira pista
what would Jesus do,O que Jesus faria
what's cooking,o que está sendo preparado
what's doing,o que está acontecendo
what's done cannot be undone,o que foi feito não pode ser desfeito
what's done is done,o que foi feito, foi feito
what's eating,o que está comendo
what's eating you,O que te incomoda
what's going on,O que está acontecendo
what's in a name,o que há num nome
what's in it for me,O que eu ganho com isso
what's in the bag,O que tem na sacola
what's it to you,o que te interessa
what's more,o que é mais
what's new,O que há de novo
what's next,o que vem a seguir
what's not to like,o que não há para não gostar
what's not to love,o que não há para amar
what's occurring,o que está acontecendo
what's old is new again,O que é velho volta a ser novo
what's one's angle,qual é o ponto de vista de alguém
what's someone's damage,qual é o problema dele/dela
what's the beef,qual é o problema
what's the betting,qual é a aposta
what's the big idea,qual é a ideia
what's the crack,O que está acontecendo
what's the craic,Como vai
what's the damage,qual o prejuízo
what's the deal,qual é a situação
what's the difference,qual a diferença
what's the good of,qual a vantagem
what's the haps,O que está acontecendo
what's the matter,O que aconteceu
what's the scam,qual é a fraude
what's the story,qual é a história
what's the time,Que horas são
what's the use,qual a utilidade
what's up,O que está acontecendo
what's up Doc,E aí, doutor
what's up with,o que está acontecendo com
what's what,o que é o que
what's with,o que houve
what's yer poison,qual é a sua preferência
what's your game,qual é o seu jogo
what's your pleasure,qual é o seu prazer
what's your poison,qual é o seu veneno
what's your problem,qual é o seu problema
whatcha know good,o que você sabe fazer bem
whatever butters your biscuit,tanto faz
whatever butters your biscuits,tanto faz
whatever butters your bread,tanto faz
whatever butters your muffin,tanto faz
whatever butters your toast,tanto faz
whatever creams your twinkie,tanto faz
whatever floats your boat,tanto faz
whatever helps you sleep at night,o que te ajuda a dormir à noite
whatever humps your camel,tanto faz
whatever it takes,o que for preciso
whatever melts your butter,o que te faz feliz
whatever next,o que será a seguir
whatever sizzles your bacon,o que te faz feliz
whatever the case may be,independentemente do caso
whatever tickles your pickle,o que te agrada
whatever winds your clock,o que te faz feliz
whatever you do,o que você fizer
what’s wrong with this picture?,O que há de errado com esta imagem
wheat bread,pão de trigo
wheel about,virar
wheel and deal,fazer negócios
wheel around,girar
wheel away,afastar com rodas
wheel out,colocar em movimento
wheel round,girar
wheel within a wheel,roda dentro de roda
wheeler and dealer,traficante
wheeling and dealing,negociando e tramando
wheels are turning,as engrenagens estão girando
wheels of steel,rodas de aço
when Adam was an oakum boy,Quando Adão era um ajudante de limpeza
when all is said,quando tudo foi dito
when all is said and done,no final das contas
when everything is said and done,quando tudo estiver dito e feito
when Hell freezes over,quando o inferno congelar
when in Rome,Quando estiver em Roma
when it comes to,quando se trata de
when it's at home,quando está em casa
when opportunity knocks,quando a oportunidade surge
when pigs fly,quando os porcos voarem
when push comes to shove,na hora da verdade
when the balloon goes up,quando o balão sobe
when the cat's away,quando o gato não está
when the chips are down,quando as coisas estão difíceis
when the music stops,quando a música para
when the time comes,quando chegar a hora
when two Fridays come together,quando duas sextas-feiras coincidem
when two Sundays come together,quando dois domingos se juntam
when two Sundays meet,quando dois domingos se encontram
whenever one turns around,sempre que alguém se vira
where are the snows of yester-year,Onde estão as neves de outros tempos
where are the snows of yesteryear,Onde estão as neves de outrora
where are the toilets,onde ficam os banheiros
where away,para longe
where do I sign up,onde posso me inscrever
where do you live at,Onde você mora
where got,onde conseguiu
where I come from,de onde eu venho
where is the lie,onde está a mentira
where someone is coming from,de onde alguém vem
where the puck is going,onde o disco vai
where the puck is heading,para onde o disco está indo
where the shoe pinches,onde aperta
where the sun doesn't shine,onde o sol não brilha
where the sun don't shine,onde o sol não brilha
where there is a will,onde há vontade
where there's muck there's brass,Onde há sujeira há dinheiro
where's the beef,Onde está a carne
where's the fire,Onde está o fogo
where's the lie,onde está a mentira
where's the lie tho,onde está a mentira
whet one's appetite,despertar o apetite
whether or not,se ou não
which foot the shoe is on,em qual pé o sapato está
which way the wind is blowing,para que lado o vento está soprando
whichever way one slices it,de qualquer forma
while away,passar o tempo
while we're young,enquanto somos jovens
while you're down there,enquanto você estiver lá embaixo
whip down,bater rapidamente
whip hand,mão de cima
whip in,contribuir
whip into shape,colocar em forma
whip it on,bata-o
whip off,tirar rapidamente
whip out,sacar
whip the cat,chicotear o gato
whip through,passar rapidamente
whip together,misturar rapidamente
whip up,preparar rapidamente
whip up a storm,fazer um escândalo
whips and jingles,chicotes e sinos
whisk away,levar embora
whisk off,sumir rapidamente
whiskey dick,penis
whisper campaign,campanha de boatos
whistle Dixie,tocar o hino Dixie
whistle for,apitar para
whistle in the dark,apitar no escuro
whistle in the wind,apito no vento
whistle past,soprar
whistle past the graveyard,soprar apito perto do cemitério
whistle up,apitar
whistle walk,caminhada com apito
white as a sheet,branco como um lençol
white bread,pão branco
white coat hypertension,hipertensão de jaleco
white flight,fuga de brancos
white hat,chapéu branco
white knight,cavaleiro branco
white lie,mentira branca
white lives matter,vidas brancas importam
white magic,magia branca
white marriage,casamento branco
white night,noite branca
white on rice,branco sobre arroz
white out,apagão
white pee,urina clara
white rabbit,coelho branco
white rider,cavaleiro branco
white satin,cetim branco
white sheep,ovelha branca
white trash,cata-vento
white trashery,lixeira branca
white up,clarear
whither away,para onde
Whitman's sampler,Cesta de Whitman
whittle away,desgastar
whittle down,reduzir
who am I kidding,com quem estou brincando
who are you telling,a quem você está dizendo
who ate all the pies,quem comeu todas as tortas
who died and made you boss,quem morreu e te colocou no cargo
who died and made you king,quem morreu e te fez rei
who died and made you president,quem morreu e te fez presidente
who died and made you queen,quem morreu e te fez rainha
who do you think you are,Quem você pensa que é
who goes there,quem é você
who hurt you,quem te machucou
who knew,quem sabia
who knows,quem sabe
who put a quarter in you,quem colocou um quarto em você
who shot John,quem atirou em John
who wants to know,quem quer saber
who was your servant last year,quem foi seu empregado no ano passado
who watches the watchers,quem vigia os vigilantes
who would have guessed,quem diria
who would have known,quem poderia saber
who would have thought it,quem diria
who would have thunk it,quem diria
who would've thunk it,quem diria
who woulda thunk it,quem diria
who writes this stuff,quem escreve isso
who'd a thunk it,quem diria
who'd have thunk it,quem diria
who'd've thunk it,quem diria
who'da thunk it,quem diria
who's asking,quem pergunta
who's robbing this coach,quem está roubando este ônibus
who's to say?,quem diria
who's who,quem é quem
who's who in the zoo,quem é quem no zoológico
who's your daddy,quem é seu pai
whoever smelt it dealt it,quem fareja, deve ter feito
whole ball of wax,tudo
whole box of tricks,todo o conjunto de ferramentas
whole cloth,de um pedaço
whole enchilada,o pacote completo
whole package,pacote completo
whole shebang,tudo
whole shooting match,tudo
whom am I kidding,com quem estou brincando
whomp on,bater em
whomp up,inflar
whoop ass,dar uma surra
whoop it up,fazer festa
whore after,depois de
whore around,prostituir
whore out,prostituir
whore up,prostituir
whose foot the shoe is on,de quem é o sapato
whose ox is gored,quem sofre
why am I not surprised,não estou surpreso(a
why God invented,por que Deus inventou
why in God's name,por que, em nome de Deus
why in the world,por que no mundo
why in time,a tempo
why not Zoidberg,por que não Zoidberg
why oh why,por que
why on Earth,por que no mundo
why so serious,por que tão sério
wicked tongue,língua afiada
wide awake,bem acordado
wide berth,distância segura
wide of the mark,errado
wide open,aberto
widen one's horizons,alargar os horizontes
widen up,alargar
widow's mite,oferenda da viúva
wife up,casar
wig on to,conectar
wig onto,colar
wig out,pirar
wiggle out of,escapar de
wild blue yonder,céu azul vasto
wild child,criança selvagem
wild horses,cavalos selvagens
wild out,se soltar
wild-goose chase,perseguição inútil
wile out,gastar
wilful ignorance,ignorância deliberada
willing and able,disposto e capaz
willing horse,cavalo dócil
willow in the wind,salgueiro ao vento
wily beguily,astuto, ardiloso
wimp out,desistir
win around,vencer
win back,recuperar
win by a nose,vencer por pouco
win one for the Gipper,Jogar pelo Gipper
win or lose,ganhar ou perder
win out,prevalecer
win over,conquistar
win round,ganhar a rodada
win the day,vencer o dia
win the lottery,ganhar na loteria
win through,vencer
win up,concluir
wind at one's back,vento a favor
wind back,rebobinar
wind back the clock,voltar no tempo
wind down,relaxar
wind off,vento fraco
wind tunnel testing,testes em túnel de vento
wind up,enrolar
wind up one's bottoms,esticar as calças
window down,abaixar o vidro
window on the world,janela para o mundo
window out,janela para fora
window over,janela sobre
window up,janela para cima
windward of the law,a favor da lei
wine and dine,comer e beber
wine tosser,arremessador de vinho
wine up,enrolar
winged word,palavra alada
wink at,piscar o olho para
wink out,piscar
winkle out,descobrir
winning is a great deodorant,winning é um ótimo desodorante
winning ways,maneiras de vencer
winnow down,reduzir
winnow up,separar
winter rat,rato de inverno
winter wonderland,paraíso de inverno
wipe away,limpar
wipe down,limpar
wipe off,limpar
wipe out,eliminar
wipe someone's eye,limpar o olho de alguém
wipe someone's nose,limpar o nariz de alguém
wipe the floor with someone,derrotar completamente
wipe the slate clean,começar de novo
wipe up,limpar
wire away,transferir
wire in,fio
wire off,desligar
wise apple,maçã madura
wise beyond one's years,maduro para a idade
wise head on young shoulders,mente madura em corpo jovem
wise off,falar abobrinha
wise up,desperte
wish away,desejar que algo desapareça
wish one joy of it,desejo que você aproveite
wishful thinking,pensamentos ilusórios
with a bang,com um estrondo
with a bullet,com um ponto
with a bump,com um caroço
with a grain of salt,com reservas
with a high arm,com o braço alto
with a high hand,com autoridade
with a hint of,com um toque de
with a hook,com um gancho
with a quickness,rapidamente
with a vengeance,com violência
with a view to,com o objetivo de
with a wet finger,com o dedo molhado
with a will,com vontade
with ages,com idades
with all due respect,com todo o respeito
with all of one's heart,de todo o coração
with all one's ears,com muita atenção
with all one's eyes,com todos os olhos
with all one's heart,de todo o coração
with all one's might,com todas as forças
with an eye to,com o objetivo de
with an eye towards,com o objetivo de
with any luck,com sorte
with apologies to,com minhas desculpas
with arms wide open,de braços abertos
with bad grace,de mau grado
with bated breath,com a respiração suspensa
with bells on,com entusiasmo
with blackjack and hookers,com blackjack e prostitutas
with both hands,com as duas mãos
with brass knobs on,com botões de latão
with cause,por motivo
with child,grávida
with childe,com criança
with closed doors,com as portas fechadas
with dispatch,com rapidez
with due respect,com todo o respeito
with effect from,com efeito a partir de
with every bone in one's body,com todo o corpo
with every breath,a cada respiração
with every fiber of one's being,com todas as forças
with every fibre of one's being,com todas as forças
with every ounce of one's being,com todas as forças
with extra steps,com etapas extras
with flying colors,com louvor
with flying colours,com louvor
with foal,com potro
with God,com Deus
with God as my witness,Com Deus como testemunha
with good grace,com boa vontade
with good reason,com razão
with ill grace,com má vontade
with knobs on,com certeza absoluta
with leaden wings,com asas pesadas
with no further ado,sem mais delongas
with one consent,com um consentimento
with one shoulder,com um ombro
with one voice,de uma só voz
with one's bare hands,com as próprias mãos
with one's chest,com o peito
with one's dick in one's hand,com o pau na mão
with one's dying breath,no leito de morte
with one's finger in one's mouth,com o dedo na boca
with one's finger up one's ass,com o dedo no ânus
with one's head held high,com a cabeça erguida
with one's jaw in one's lap,com a mandíbula no colo
with one's last breath,com o último suspiro
with one's own eyes,com os próprios olhos
with one's pants down,de calças para baixo
with one's tail up,animado
with one's tongue in one's cheek,com ironia
with open arms,de braços abertos
with pleasure,com prazer
with prejudice,com preconceito
with reason,com razão
with reference to,em referência a
with regard to,em relação a
with regards to,em relação a
with respect,com respeito
with respect to,em relação a
with that in mind,com isso em mente
with the best,com o melhor
with the best of them,com os melhores
with the exception of,com exceção de
with the Lord,com o Senhor
with the manner,da maneira
with the passage of time,com o passar do tempo
with the passing of time,com o passar do tempo
with the skin of one's teeth,por um triz
with the spin,com a rotação
with this in mind,com isso em mente
with time,com o tempo
with tongue in cheek,com ironia
with whole skin,com pele intacta
with young,com jovens
wither away,murchar
wither on the vine,murchar na videira
within a bull's roar,dentro do alcance de um rugido de touro
within a whisker of,quase
within ames ace,dentro da área de ames ace
within an ace of,a um passo de
within an inch of one's life,por um triz
within an inch of one's skin,quase
within arm's reach,ao alcance do braço
within call,ao alcance
within cry,dentro do choro
within living memory,na memória das pessoas vivas
within one sigma,dentro de um desvio padrão
within one's fingers,na ponta dos dedos
within one's means,dentro das possibilidades
within one's rights,dentro de seus direitos
within reach,ao alcance
within reason,dentro do possível
within the agreed time,dentro do prazo combinado
within the four seas,dentro dos quatro mares
within the pale,dentro do círculo
within touching distance,ao alcance da mão
without a by your leave,sem sua permissão
without a by-your-leave,sem permissão
without a doubt,sem dúvida
without a hitch,sem problemas
without a murmur,sem reclamar
without a shadow of a doubt,sem a menor dúvida
without a trace,sem deixar vestígios
without a word of a lie,sem mentira alguma
without accident,sem acidente
without batting an eye,sem hesitar
without biscuits,sem biscoitos
without book,sem livro
without cause,sem motivo
without cease,sem parar
without coffee,sem café
without day,sem dia
without doubt,sem dúvida
without end,sem fim
without exception,sem exceção
without fail,sem falta
without fear or favor,sem medo nem favoritismo
without fear or favour,sem medo ou favoritismo
without further ado,sem mais delongas
without hesitation,sem hesitação
without incident,sem incidentes
without loss of generality,sem perda de generalidade
without number,sem número
without prejudice,sem prejuízo
without price,sem preço
without question,sem dúvida
without recourse,sem recurso
without so much as a by-your-leave,sem pedir licença
without tea and biscuits,sem chá e biscoitos
without tears,sem lágrimas
without trace,sem vestígios
without troubling the scorers,sem marcar gol
without welt or guard,sem protetor nem armadura
woe betide,que azar
woe to,ai de
wolf back,volta do lobo
wolf down,devorar
wolf guarding the sheep,lobo guardando as ovelhas
wolf in one's stomach,fome de lobo
wolf in sheep's clothing,lobo em pele de ovelha
wolf of Wall Street,O lobo de Wall Street
wolf up,aproximar-se
wolve down,devorar
woman among women,mulher entre mulheres
woman of few words,mulher de poucas palavras
woman of the hour,mulher do momento
woman of the people,mulher do povo
woman on the street,mulher na rua
woman up,seja forte
women and children first,mulheres e crianças primeiro
won't someone think of the children,alguém pensará nas crianças
wonders never cease,nunca se sabe o que pode acontecer
wonk out,desmaiar
wooden ear,orelha de madeira
wooden spoon,colher de pau
wooden spoonist,colher de pau
word gets around,se espalha
word has it,dizem por aí
word is,palavra
word is bond,minha palavra é lei
word it,escreva
word of finger,dedo
word of mouth,boca a boca
word on the street,boatos
word on the wire,notícia urgente
word to the wise,um conselho
word up,beleza
words cut deep,palavras que machucam
words fail someone,as palavras faltam a alguém
words of one syllable,palavras de uma sílaba
work around,contornar
work at,trabalhar em
work away,trabalhar
work back,trabalhar para trás
work in,trabalhar em
work into the ground,trabalhar até a exaustão
work it,faça funcionar
work it out on the remix,resolva isso na remix
work its magic,fazer seu efeito
work like a dog,trabalhar como um louco
work like a dream,funciona perfeitamente
work like a horse,trabalhar como um burro
work like hell,trabalhar como um louco
work of art,obra de arte
work off,compensar
work on,trabalhar em
work one's fingers to the bone,trabalhar até cansar
work one's magic,fazer milagres
work out,malhar
work over,trabalhar em cima de
work round,contornar
work someone's arse off,trabalhar muito
work someone's ass off,trabalhar muito
work spouse,colega de trabalho
work the crowd,conquistar a plateia
work the room,circular por
work through,resolver
work to rule,trabalhar rigorosamente
work together,trabalhar juntos
work up,desenvolver
work up to,progredir gradualmente
work with one's hands,trabalhar com as mãos
work wonders,fazer maravilhas
worked up,animado
working girl,mulher trabalhadora
working hard or hardly working,trabalhando muito ou trabalhando pouco
world of difference,uma grande diferença
world record,record mundial
worlds apart,muito diferentes
worlds away,muito distante
worm food,comida para minhocas
worm has turned,a maré virou
worm out,desinfestar
worm turns,a minhoca vira
worm's-eye view,perspectiva de baixo
worry along,preocupar-se
worry back,preocupação nas costas
worry down,preocupar-se menos
worse and worse,pior e pior
worse for liquor,pior para bebidas alcoólicas
worse for wear,desgastado
worse things happen at sea,coisas piores acontecem no mar
worship the ground someone walks on,adorar alguém
worship the porcelain god,adorar o deus de porcelana
worship the porcelain goddess,adorar a deusa de porcelana
worst comes to worst,no pior dos casos
worst of both worlds,o pior dos dois mundos
worst-kept secret,segredo mais bem guardado
worth a Jew's eye,muito valioso
worth every penny,Vale cada centavo
worth one's salt,valer a pena
worth one's weight in gold,valer ouro
worth one's while,valer a pena
would give a Jew's eye,dariam um tapa
would it hurt,Isso doeria
would it kill someone,mataria alguém
would you believe,você acreditaria
would you believe it,você acredita nisso
wouldn't be seen dead,Não faria isso nem se me pagassem
wouldn't you know,não é mesmo
wouldn't you know it,não é mesmo
wouldn't you say,não diria você
wowie kazowie,Uau
wowie zowie,uau
wrack and ruin,ruína
wrap around,enrolar
wrap around one's little finger,manipular
wrap in cotton wool,envolver em algodão
wrap in the flag,envolver na bandeira
wrap it before you tap it,embrulhe antes de bater
wrap up,embrulhar
wreathed in smiles,cercado de sorrisos
wrestle with,lutar com
wrestle with a pig,lutar com um porco
wriggle out of,escapar de
wring one's hands,bater palmas
wring out,torcer
write checks one can't cash,escrever cheques que não podem ser desco…
write down,escreva
write for the drawer,escreva para a gaveta
write in,escreva
write off,anular
write one's own ticket,fazer as próprias regras
write oneself into a corner,se enquadrar numa situação difícil
write out,escrever
write over,reescrever
write the book,escreva o livro
write up,relatório
writer's cramp,cãibra do escritor
writing on the wall,escrito na parede
written all over someone's face,escrito na cara de alguém
written in blood,escrito com sangue
written in someone's face,escrito na cara de alguém
written in the stars,escrito nas estrelas
wrong crowd,povo errado
wrong number,número errado
wrong side of the tracks,lado errado dos trilhos
wuss out,desistir
X factor,Fator X
X marks the spot,Onde o X marca
X out,Riscar
X's and O's,X e O
y'all means all,vocês
yabba dabba doo,Isto não pode ser traduzido
yack on,falar sem parar
yada yada yada,e tal
yadi yadi yada,e tal
yak on,bobeira
yammer on,tagarelar
yank around,puxar
yank off,arrancar
yank someone's chain,brincar com alguém
Yankee dime,Moeda americana
yard out,divulgar
yard up,levantar a saia
yardarm it,braço
yardarm to,braço da vela
yardarm to yardarm,de proa a popa
yarn on,fio em
ye gods,meus deuses
ye of little faith,de pouca fé
ye olde,antigo
year dot,há muito tempo
yeastie beastie,bichinho
yeasty beasty,fermentado e apetitoso
yell out,gritar
yell silently,gritar em silêncio
yellow brick road,caminho de tijolos amarelos
yellow grease,gordura amarela
yellow journalism,jornalismo sensacionalista
yellow journalist,jornalista sensacionalista
yellow light,luz amarela
yellow off,amarelo desbotado
yellow out,amarelar
yellow press,imprensa sensacionalista
yellow state,estado amarelo
yellow up,amarelar
yeoman's service,serviço exemplar
yes and amen,sim e amém
yes and no,sim e não
yes man,faz tudo
yes to death,sim à morte
yesterday is gone,Ontem já passou
yesterday's gone,Ontem passou
yield the ghost,revelar o fantasma
yield up,entregar
yield up the ghost,morrer
yikes on bikes,que susto
yippee skippy,uhuuu
you ain't seen nothing yet,você ainda não viu nada
you alright,tudo bem
you and what army,e com qual exército
you and which army,você e qual exército
you and whose army,você e o exército de quem
you are the doctor,você é o médico
you are what you eat,Você é o que você come
you beauty,que linda
you bet,com certeza
you bet one's boots,com certeza
you bet one's life,arriscar a vida
you better believe it,você pode acreditar
you call this,você chama isso de
you can say that again,Você pode dizer isso de novo
you can't be half pregnant,Você não pode estar meio grávida
you can't fight City Hall,Não se pode lutar contra o sistema
you can't fix stupid,Você não pode consertar a estupidez
you can't get something for nothing,Não se consegue nada sem dar nada em tro…
you can't go home again,Não se pode voltar para casa
you can't make this stuff up,é inacreditável
you can't outrun your fork,Você não pode escapar da sua alimentação
you can't polish a turd,Não se pode melhorar o que já é ruim
you can't polish shit,Você não pode melhorar o que é ruim
you can't say fairer than that,Não há como ser mais justo
you can't take it with you,você não pode levar isso com você
you can't unring a bell,Não se pode desfazer o que foi dito
you can't win them all,Você não pode ganhar todas
you cannot please everyone,Você não pode agradar a todos
you could have fooled me,você me enganou
you couldn't make it up,é inacreditável
you don't get owt for nowt,Não se consegue nada sem pagar
you don't get something for nothing,Não se consegue nada sem esforço
you don't know where it's been,você não sabe onde esteve
you don't want to know,você não quer saber
you gals,vocês meninas
you get that,você entende
you get what you pay for,Você recebe o que paga
you got it,Você entendeu
you got this,você consegue
you had one job,você tinha uma única tarefa
you had to be there,Você precisava ter estado lá
you happy jiu OK,você está feliz
you haven't lived,você não viveu
you hear what I'm saying,Você entende o que estou dizendo
you know it,você sabe
you know something,você sabe algo
you know what,você sabe
you know what I mean,você sabe o que eu quero dizer
you know what I'm saying,você entende o que estou dizendo
you know what they say,você sabe o que dizem
you knows it,você sabe
you learn something new every day,Você aprende algo novo todos os dias
you lot,vocês
you man,você cara
you must be fun at parties,você deve ser divertido em festas
you must be new here,você deve ser novo por aqui
you must spoil before you spin,é preciso estragar antes de girar
you name it,você escolhe
you never know,você nunca sabe
you only get what you give,Você só recebe o que dá
you only go around once,você só passa uma vez
you only live once,você só vive uma vez
you said a mouthful,você disse muita coisa
you said it,você disse
you shouldn't have,você não deveria ter
you snooze you lose,quem dorme perde
you the birthday,parabéns pelo aniversário
you think,você acha
you think what,você acha que
you want a cookie,você quer um biscoito
you welcome,de nada
you were saying,você estava dizendo
you win,você venceu
you wish,você deseja
you'd better believe it,você pode acreditar
you'll get yours,você terá o seu
you'll live,você viverá
you'll never guess,você nunca vai adivinhar
you're a long time dead,você vai morrer há muito tempo
you're all right,você está certo
you're alright,você está bem
you're good,você é bom
you're kidding,você está brincando
you're never too old to learn,nunca é tarde para aprender
you're on,você está conectado
you're telling me,você está me dizendo
you're the boss,você é o chefe
you're the doctor,você é o médico
you're welcome a million,de nada um milhão
you've got to be kidding me,você está brincando comigo
you've got to laugh,você tem que rir
you've gotta be kidding me,você está brincando comigo
you've said a mouthful,você disse muita coisa
young at heart,jovem de espírito
young blood,sangue novo
young fogey,jovem antiquado
young Turk,jovem turco
your arse,seu traseiro
your ass,seu traseiro
your barn door is open,a porta do seu celeiro está aberta
your blood's worth bottling,o seu sangue vale ouro
your boy,seu garoto
your chariot awaits,Seu carro está esperando
your girl,sua namorada
your good name,seu bom nome
your head,sua cabeça
your mileage may differ,os resultados podem variar
your mileage may vary,os resultados podem variar
your money is no good here,Seu dinheiro não serve aqui
your net worth is your network,seu valor está na sua rede de contatos
your network is your net worth,Sua rede de contatos é seu patrimônio
your place or mine,na sua casa ou na minha
your reputation precedes you,Sua reputação o precede
your vibe attracts your tribe,A sua energia atrai as pessoas certas
your wish is my command,Seu desejo é uma ordem
yours ever,sempre seu
yours faithfully,Atenciosamente
yours sincerely,Atenciosamente
yours trulies,atenciosamente
yours truly,atenciosamente
youth is wasted on the young,a juventude é desperdiçada pelos jovens
yuck fou,nojento
yuck it up,engasgar
yuck out,nojo
yuck someone's yum,arruinar a diversão de alguém
yuck up,vomitar
yuk it up,rir muito
zap over,enviar mensagem
zap up,chegar rapidamente
zero fucks given,tanto faz
zero in,focar em
zero out,zerar
zig when one should zag,agir de forma contrária ao esperado
zip down,descer o zíper
zip one's lip,calar a boca
zip up,fechar com zíper
zipper down,zíper aberto
zipper up,fechar o zíper
zoink out,retirar
zombie out,zumbi
zone in,concentrar-se
zone off,desligar
zone out,desligar
zonk out,desmaiar
zoom by,passar rapidamente
zoom in,aumentar o zoom
zoom in on,dar zoom
zoom out,afastar
zoot suit,terno de baile
zoot up,animar
