$20 is $20,20 dolar 20 dolar
'ark at 'ee,bana bak
'fess up,itiraf et
'fraid not,Sanırım olmuyor
'fraid so,Korkuyorum öyle
'nuff said,Daha fazla söylenecek bir şey yok
'til next time,Bir daha görüşmek üzere
'til the cows come home,inekler eve dönene kadar
'til we meet again,Tekrar görüşmek üzere
'tis the season,Şimdi tam zamanı
10 points to Gryffindor,Gryffindor'a 10 puan
11 Downing Street,Downing Sokağı 11 numara
110 proof,110 derece alkol oranı
11th commandment,11. emir
12-ounce curls,12 ons'luk bukleler
13th reason why,13 neden
15 minutes of fame,Ünlü olmak için 15 dakika
20 bucks is 20 bucks,20 dolar 20 dolar
20 dollars is 20 dollars,Yirmi dolar yirmi dolardır
20 whole dollars,Yirmi dolar
20% cooler,%20 daha serin
23 skidoo,Hemen buradan git
23 Skidoo Street,23 Skidoo Caddesi
51 percent,elli bir yüzde
800-pound gorilla,Çok büyük etki sahibi kişi veya kurum
a bad penny always comes back,Kötü alışkanlıklar kolay kolay bırakılma…
a bad penny always turns up,Kötü şeyler hep bir yolunu bulur
a balancing act,bir denge eylemi
a barking dog never bites,Havlayan köpek ısırmaz
a barking dog seldom bites,Havlayan köpek ısırmaz
a big ask,büyük bir talep
a big mouth,çok konuşan
a bird in the hand,elindeki kuş
a boon and a bane,hem bir lütuf hem de bir bela
a breath of fresh air,tazelik
a bridge too far,çok uzak bir köprü
a buck is a buck,bir dolar bir dolardır
a buck's a buck,bir dolar bir dolardır
a bumpy ride,Düzensiz bir yolculuk
a burnt child dreads the fire,köz yanığı çocuk ateşten korkar
a calorie is a calorie,bir kalori bir kaloridir
a case in point,bir örnek
a cash cow,para makinesi
a change of heart,fikir değişikliği
a cigar is a cigar,bir puro bir purodur
a cigar is just a cigar,bir puro sadece bir purodur
a closed mouth catches no flies,Ağzı kapalı olan sinek yakalamaz
a closed mouth doesn't get fed,Ağzı kapalı olan karnı doymaz
a closed mouth gathers no feet,Konuşmayan ağız yalan söylemez
a cold day in July,Temmuz ayında soğuk bir gün
a creaking door hangs longest,Gıcırtılı kapı daha uzun süre dayanır
a cut above,daha iyi
a cut above the rest,geride kalanlardan daha iyi
a danger foreseen is half avoided,Önceden görülen tehlike, yarısı engellen…
a dark horse,sürpriz isim
a dead end,çıkmaz sokak
a deal is a deal,söz bir sözdür
a dime a dozen,çok yaygın
a fact of life,hayatın bir gerçeği
a far remove,uzakta
a fault confessed is half redressed,İtiraf edilen hata, hatanın yarısının dü…
a fine line,ince bir çizgi
a fool and his money,aptalın parası
A for effort,Çaba için
a frame of mind,zihniyet
a free agent,serbest oyuncu
a full-time job,Tam zamanlı iş
a game plan,bir oyun planı
a good bet,iyi bir tahmin
a good deal,iyi bir fırsat
a gray area,gri alan
a great deal,çok fazla
a grey area,gri alan
a gut feeling,içgüdüsel bir his
a head start,bir avantaj
a hen night,bekarlığa veda partisi
a hen party,bekarlığa veda partisi
a high profile,dikkat çekici
a hit dog hollers,bir köpeğin havladığı
a hit dog will holler,Bir köpek acıdığında havlar
a horse apiece,birer at
a house is not a home,Bir ev, bir yuva değildir
a hundred and ten percent,yüz on oran
a into g,a'yı g'ye
a juggling act,denge aktiği
a la,Fransızca
a laughing stock,alay konusu
a leading light,öncü bir isim
a leopard can't change its spots,Bir leopar beneklerini değiştiremez
a leopard cannot change its spots,bir leopar lekesini değiştiremez
a level playing field,eşit rekabet koşulları
a lie has no legs,Bir yalanın dayanağı yoktur
a little bird told me,bir kuş kulağıma fısıldadı
a little birdie told me,bir kuş kulağıma fısıldadı
a little goes a long way,az miktarı bile çok işe yarar
a little pot is soon hot,Küçük tencere çabuk ısınıyor
a long shot,uzak ihtimal
a lump in one's throat,boğazda yumru
a magician never reveals his secrets,Bir sihirbaz asla sırlarını açığa vurmaz
a man's home is his castle,Bir erkeğin evi onun kalesi gibidir
a means to an end,bir araç
a mite,akarı
a mixed bag,karmaşık bir durum
a new broom sweeps clean,Yeni süpürge daha iyi temizler
a new lease of life,yeni bir başlangıç
a new man,yeni bir insan
a new woman,yeni bir kadın
a notch above,bir üst seviye
a number of,birkaç
a one-night stand,Tek gecelik ilişki
a pain in the arse,bir bela
a pain in the ass,bir bela
a pain in the neck,sinir bozucu
a pat on the back,sırtına dokunmak
a pecking order,hiyerarşi
a perfect storm,mükemmel fırtına
a picture paints a thousand words,Bir resim bin kelimeye bedeldir
a pit stop,pit stop
a plague o' both your houses,ikinizin de belası üzerine
a plague on both your houses,ikinizin de evine bela gelsin
a pound to a penny,bir kuruşa bir pound
a pox on both your houses,ikinizin de evine lanet etsin
a promise is a promise,Bir sözdür bir söz
a question mark over somebody,birinin hakkında soru işareti olması
a question mark over something,Bir şey hakkında soru işareti
a quick fix,hızlı çözüm
a race against the clock,zamana karşı yarış
a race against time,zamana karşı yarış
a red flag,kırmızı bayrak
a red herring,yanıltmaca
a rising tide lifts all boats,Büyüyen bir deniz herkesin gemisini yüks…
a rite of passage,geçiş töreni
a Roland for an Oliver,bir Oliver'e karşılık bir Roland
a roll of honour,şeref listesi
a rolling stone gathers no moss,Yuvarlanan taş yosun tutmaz
a rough ride,sarsıntılı bir yolculuk
a rule of thumb,pratik bir kural
a safe bet,güvenilir bir seçenek
a safety net,güven ağı
a sea change,büyük bir değişim
a slippery slope,kaygan zemin
a smooth ride,pürüzsüz bir yolculuk
a stitch in time saves nine,Bugünün işini yarına bırakma
a stumbling block,bir engel
a sucker is born every minute,Her dakka bir saf bir insan doğuyor
a tall order,zor bir istek
a thin line,ince bir çizgi
a thing or two,bir şeyler
a thousand,bin
a Trojan horse,Truva atı
a turkey voting for Christmas,bir hindinin Noel için oy kullanması
a turn of phrase,ifadenin şekli
a twinkle in someone's eye,gözünde bir parıltı
a vicious circle,kötü bir döngü
a vote of confidence,güven oyu
a wake-up call,uyanma çağrısı
a war of words,kelime savaşı
a watched kettle never boils,Gözetilen su ısıtıcısı asla kaynamaz
a watched pot never boils,Bekleyen tencere hiç kaynamaz
a watched pot never boils over,bekleyen tencere asla taşmaz
a wee bit,birazcık
a week from next Tuesday,önümüzdeki Salı'dan sonraki hafta
a wild card,joker
a wish list,istek listesi
a woman's work is never done,Kadının işi hiç bitmez
a year and a day,bir yıl ve bir gün
ab off,kapalı
aback of,arkada
abate of,azaltma
Abbot's Priory,Abbasın Manastırı
abide by,uygun olmak
abound in one's own sense,kendi düşüncesiyle dolu olmak
about one's ears,kulaklarının etrafı
about one's person,kişisel özellikler
about that life,o hayattan
about time,geç kalmak
about turn,dönüş
above all else,her şeyden önce
above and beyond,beklentilerin ötesinde
above average,Ortalamanın üzerinde
above board,dürüstçe
above grass,çimenin üzerinde
above ground,yer altında olmayan
above measure,beklentinin üzerinde
above one's bend,gücünün yettiği
above one's huckleberry,kendisinden büyük
above one's pay grade,Yetkisi dahilinde olmayan
above one's paygrade,Yetkisi olmadığı bir konu
above one's station,kendisine göre çok yüksek bir konumda
above par,beklentilerin üzerinde
above proof,kanıtın üstünde
above stairs,merdivenin üstü
above the curve,eğrinin üstünde
above the fold,ekranın üst kısmı
above the fray,karmaşanın dışında
above the law,yasanın üstünde
above the rim,çerçevenin üstünde
above the salt,tuzun üstünde
above the table,masanın üstünde
above water,su yüzünde
absence makes the heart fonder,uzaklık sevgiyi artırır
absence makes the heart go yonder,uzaklık kalbi burkar
absence makes the heart grow fonder,uzaklık sevgiyi artırır
absente reo,mazbut
absit invidia,çekinmeyin
absolutely convergent,mutlak yakınsak
absolutely summable,kesinlikle hesaplanabilir
absorb oneself in,kendini kaptırmak
absque hoc,bunun olmadan
absque impetitione vasti,geniş bir alan
abstract away from,soyutlamak
abuse of distress,acıdan yararlanma
abut on,bitişik olmak
ac etiam,aynı zamanda
academically disadvantaged,Akademik olarak dezavantajlı
accident of birth,doğumla gelen şans
accident waiting to happen,olası bir kaza
accidentally on purpose,kasıtlı olarak değil kasıtsız olarak
accidents will happen,Kazalar olabilir
according to,buna göre
according to Cocker,Cocker'e göre
according to Gunter,Gunter'e göre
according to Hoyle,Hoyle'a göre
according to one's lights,kendi aklıyla
according to one's understanding,kişinin anlayışına göre
according to plan,plan doğrultusunda
account for,hesap vermek
account of,hesap
account to,hesap vermek
accredit with,kaynak göstermek
ace in the hole,kilit taş
ace into,içine gir
ace out,üstün gelmek
ace up one's sleeve,kilitli kapı
ache for,özlem
aches and pains,ağrılar ve sızılar
acknowledge the corn,mısırı takdir etmek
acquired taste,Alışkanlıkla edinilen tat
across country,ülke çapında
across lots,birçok yer
across the board,genel olarak
across the ditch,çukurun karşısı
across the line,çizginin ötesinde
across the pond,denin ötesinde
across the way,karşı tarafta
act of Congress,Kongre kararı
act on,etki etmek
act one's age,yaşına uygun davranmak
act out,canlandırmak
act the hypocrite,ikiyüzlü davranmak
act up,arızalanmak
act upon,etki etmek
actions have consequences,eylemlerin sonuçları vardır
actions speak louder than words,Eylemler sözlerden daha fazladır
activist judge,aktif yargıç
activist justice,aktivist adalet
ad damnum,zarar
ad idem,aynı fikirde olmak
ad in,ilan
ad out,ilan ver
ad quod damnum,zararın miktarı
ad vitam aut culpam,ömür boyu veya suçlu bulunana kadar
ad vivum,canlı olarak
Adam's ale,Su
add fuel to the fire,ateşe körük atmak
add insult to injury,kül eklemek üzerine tuz ekmek
add oil,yağ ekle
add on,ekleme
add one's twopenn'orth,fikrini belirtmek
add up,toplamak
add up to,toplamak
added value,katma değer
address me,Bana hitap et
adequately wet,Yeterince ıslak
adhere to,uygun olmak
adopt out,uygun aileye vermek
adorn oneself with borrowed plumes,başkalarının başarılarıyla övünmek
adrenaline rush,adrenalin yükselişi
adversarial collaboration,rekabetçi işbirliği
advise against,karşı çıkmak
affair partner,ilişki ortağı
affinely independent,afin bağımsız
afraid of one's own shadow,kendi gölgesinden korkmak
after a fashion,bir nevi olarak
after all,her ne kadar
after all is said and done,her şey bittikten sonra
after dark,karanlıkta
after hours,iş saatleri dışında
after me the deluge,benden sonra tufan
after one's own heart,kendi kalbine yakın
after one's own soul,ruhunun özü gibi
after Saturday comes Sunday,Cumartesi'den sonra Pazar gelir
after the fact,sonradan
after the jump,atlamanın ardından
after the Lord Mayor's show,belediye başkanı gösterisinden sonra
after us the deluge,bizi takip eden sel
again and again,tekrar tekrar
against all odds,tüm zorluklara rağmen
against all the odds,tüm zorluklara rağmen
against nature,doğaya aykırı
against one's better judgment,vicdanın sesini dinlemeyerek
against the clock,zamana karşı
against the collar,yakaya karşı
against the grain,akıntıya karşı
against the hair,saça karşı
against the law,kanuna aykırı
against the run of play,oyunun akışına ters
against the world,dünyaya karşı
against time,zamana karşı
age ain't nothing but a number,Yaş sadece bir sayıdır
age before beauty,yaş güzelliğin önüne geçebilir
age is just a number,yaş sadece bir sayıdır
age out,yaş sınırını aşmak
age up,yaşlandırmak
agree to disagree,fikir ayrılığına saygı duymak
agree with,katılmak
aha moment,anlıyorum
ahead of,önünde
ahead of one's time,zamandan önce
ahead of schedule,Planlı zamandan önce
ahead of the curve,ileride olmak
ahead of the game,oyunda önde
ahead of the pack,grup önünde
ahead of time,önceden
aid and abet,yardım etmek ve desteklemek
aim at,hedef almak
ain't no shame in my game,Oyunumda utanacak bir şey yok
ain't no telling,kimse bilemez
ain't that the truth,işte öyle
ain't what it used to was,Eskisi gibi değil
air off,havalandırmak
air one's dirty laundry in public,özel meseleleri herkese açık etmek
air one's dirty linen in public,özel meseleleri herkese açık etmek
air out,havalandırmak
air rage,uçakla seyahat ederken öfke
air sandwich,havalı sandviç
air up,havalandırmak
alarums and excursions,uyarılar ve geziler
albatross around one's neck,boynuna asılan bir ağırlık
albatross round one's neck,boynuna asılan yük
alert and oriented,uyanık ve bilinçli
algebraically closed,cebirsel olarak kapalı
algebraically independent,cebirsel olarak bağımsız
alive and kicking,sağ salim
alive and well,sağ ve iyi
all aboard,Herkes bindi
all along,tüm zaman boyunca
all and sundry,herkes ve her şey
all at once,Hepsi birden
all bark and no bite,Havlamaya doyum olmaz ama ısırmaz
all bedlam breaks loose,Herkes birbirine giriyor
all bets are off,Her şey iptal
all cats are beautiful,tüm kediler güzeldir
all cats are gray at night,Geceleyin bütün kediler gri görünür
all cats are grey at night,Geceleyin bütün kediler gri görünür
all cats are grey by night,Gece olduğunda bütün kediler gri görünür
all correct,hepsi doğru
all cows eat grass,Tüm inekler ot yer
all cry and no wool,Çok gürültü ama hiç sonuç
all duck or no dinner,Ya ya ya ya ya ya ya ya ya ya ya ya ya y…
all ears,kulakları açık
all ends up,hepsi sonuçlanır
all eyes,tüm gözler
all eyes and ears,gözümüz kulaklarımız açık
all eyes are on,tüm gözler üzerinde
all eyes on somebody,Herkesin gözü üzerinde
all eyes on something,Herkesin dikkati bir şeye çevrilmiş
all fingers and thumbs,beceriksiz
all foam and no beer,Sıcak hava, soğuk içecek
all for nought,boşa
all fur and no knickers,Dışarıdan gösterişli ama içi boş
all fur coat and no knickers,Dış görünüşe çok önem veren ama içi boş …
all good,her şey yolunda
all good in the hood,her şey yolunda
all good things,her şey yolunda
all hands to the pump,Herkes pompanın başına
all hat and no cattle,Söylediği kadar değil
all hat and no cowboy,Söylediği kadar değil
all heart,hevesle
all hell breaks loose,Her şey birdenbire karışır
all holiday,tüm tatiller
all hollow,boşluklu
all in a day's work,gündelik işler
all in all,özetle
all in one piece,tamam sağlam
all in the family,aile içinde
all is not lost,her şey kaybolmadı
all it's cracked up to be,beklendiği kadar iyi değil
all kidding aside,şaka bir yana
all lives matter,tüm hayatlar önemlidir
all manner of,çeşit çeşit
all mouth and no trousers,Söylediği kadar yapmayan
all mouth and trousers,sözde ağızda laf çoktur ama uygulamada h…
all of a doodah,tam bir karmaşa
all of a heap,yığınla
all of a sudden,Aniden
all of the sudden,Aniden
all on one's own,tek başına
all one's born days,doğum günleri
all one's life's worth,ömür boyu
all out,tam güçle
all over,her yerde
all over bar the shouting,neredeyse bitti
all over but the shouting,Her şey bitti sadece bağrışmalar kaldı
all over hell's half acre,her yerde
all over someone like a rash,birinin peşinde olmak
all over the ballpark,stadın her yerinde
all over the board,her yerde
all over the gaff,her yerde
all over the lot,her yerde
all over the map,haritaya yayılmış
all over the place,her yerde
all over the shop,Tüm mağazada
all over the show,tüm gösteride
all over the world,tüm dünyada
all points of the compass,pusuladaki tüm yönler
all politics are local,Tüm siyaset yereldir
all politics is local,Tüm siyaset yereldir
all publicity is good publicity,Her ne kadar kötü görünse de her türlü t…
all quiet on the Western Front,Batı Cephesi sessiz
all rights reserved,tüm hakları saklıdır
all roads lead to Mecca,Bütün yollar Mekke'ye çıkar
all roads lead to Rome,Tüm yollar Roma'ya çıkar
all roads lead to Sydney,Tüm yollar Sidney'e çıkar
all rumors are true,Tüm dedikodular doğru
all set,hazır
all sixes and nines,her şey yolunda
all sixes and sevens,karmaşaya düşmek
all sizzle and no steak,Sıcak hava ama öz yok
all students take calculus,Tüm öğrenciler matematik analiz dersini …
all style and no substance,Sadece gösteriş, öz yok
all systems go,Her şey yolunda
all talk and no cider,Söylediği şeylere karşılık yok
all that glisters is not gold,Her parıldayan şey altın değildir
all that glitters,parlak olan her şey
all that glitters is not gold,Her parıldayan şey altın değildir
all that jazz,tüm o saçmalıklar
all that said,bütün bunlar söylendiğinde
all the best,en iyisi
all the gear and no idea,Ekipman var ama fikir yok
all the marbles,tüm toplar
all the rage,Çok moda
all the same,her ne kadar
all the sudden,Aniden
all the tea in China,Çin'deki tüm çay
all the while,bütün bu süre boyunca
all the world's a stage,Dünya bir sahnedir
all there,hepsi orada
all things,her şey
all things considered,her şeye rağmen
all things to all people,herkese her şey
all thumbs,beceriksiz
all to smash,hepsi parçalanacak
all to the better,daha da iyi
all told,toplamda
all very well,çok iyi
all wet,ıslak
all wool and a yard wide,tam yünlü ve bir metre eninde
all's fair in love and war,Aşkta ve savaşta her şey mübahtır
all's one,hepsi aynı
all's well that ends well,Her şey yoluna giriyor
all-weather friend,her koşulda arkadaş
alles anderes ist Menschenwerk,Her şey insan yapımıdır
allot upon,ayır
allow for,izin vermek
allude to,işaret etmek
almighty dollar,mutlak güç sahibi dolar
almost doesn't count,neredeyse sayılmaz
alone in a crowd,Kalabalığın içinde yalnız
along about,yaklaşık olarak
along of,yanında
along the lines of,şekilde
along the same vein,aynı doğrultuda
along the way,yol boyunca
along with,birlikte
alongside of,yanında
alpha up,yukarı alfa
alright me babber,tamam bebeğim
alright me lover,tamam sevgilim
alright my babber,tamam bebeğim
alright my lover,tamam sevgilim
also known as,bilinen olarak
am I right,Doğru muyum
amateur hour,amatör saatler
amber gambler,amber kumarbaz
amber light,sarı ışık
amber nectar,bal rengi içecek
American Dream,Amerikan Rüyası
Amish bus driver rule,Amish otobüs sürücüsü kuralı
ammo up,silahlanmak
amount to,tutar
amp down,sesi kıs
amp up,arttırmak
an angel passes,bir melek geçiyor
an arm and a leg,çok pahalı
an army marches on its stomach,Bir ordu karnı tokken yürür
an easy ride,kolay bir yolculuk
an Englishman's home is his castle,İngilizlinin evi onun kalesidir
an uphill battle,Çok zor bir mücadele
an uphill struggle,Zorlu bir mücadele
an uphill task,Zor bir görev
anaconda mortgage,anaconda ipoteği
anatomically correct,anatomiye uygun
ancient history,antik tarih
and a half,buçuk
and all the rest of it,ve gerisi
and another thing,bir de
and change,ve değiştir
and company,ve şirket
and counting,ve saymaya devam
and crap,ve saçmalık
and don't play one on TV,ve televizyonda oynamayın
and don't you forget it,ve bunu unutmayın
and everything,ve her şey
and finally,ve son olarak
and his mother,ve annesi
and how,ve nasıl
and I claim my five pounds,ve beş poundumu talep ediyorum
and I don't mean maybe,ve ben kesinlikle demek istiyorum
and I oop,ve ben de öyle
and no flies,ve sinek yok
and no mistake,ve hata yok
and nothing of value was lost,ve hiçbir değerli şey kaybolmadı
and shit,ve boktan şeyler
and so forth,ve benzeri
and so say all of us,bizi de dahil
and stuff,ve benzer şeyler
and such,ve benzeri şeyler
and that's flat,ve bu düz
and the church says amen,ve kilise amin diyor
and the like,ve benzerleri
and whatnot,ve diğerleri
and your little dog too,ve küçük köpeğiniz de
angel's advocate,savunucu
angle for,için açı
angle for farthings,yarımşilin açısı
angle iron,köşe demir
angles and dangles,sallantılı parçalar
another country heard from,başka bir ülkeden haber geldi
another county heard from,başka bir ilçeden haber geldi
another day in paradise,cennette bir başka gün
another nail in someone's coffin,birinin sonunu getirecek bir şey
another nail in the coffin,bir darbe daha
another string to one's bow,bir yetenek daha kazanmak
answer back,cevap vermek
answer for,cevap
answer on a postcard,kartpostal ile cevap ver
answer someone's prayers,birinin dileğini yerine getirmek
answer the call of nature,doğanın çağrısına cevap vermek
answer to,cevap
answer to someone's prayers,birinin dualarının kabul olması
answer up,cevap ver
ante in,önce
ante litteram,önceden
ante up,bahis koymak
ants in one's pants,heyecanlı
any day now,istediğimiz zaman
any exposure is good exposure,Herhangi bir tanıtım iyidir
any fule kno,herkesin bildiği
any given Sunday,herhangi bir pazar günü
any hole's a goal,Her delik gol sayılır
any more for any more,daha fazlası daha fazlası
any nook or cranny,herhangi bir köşe bucak
any number of,herhangi bir sayıda
any old,herhangi eski
any old kind of way,herhangi bir şekilde
any old nook or cranny,herhangi bir köşe bucak
any old thing,herhangi bir eski şey
any other business,başka bir konu var mı
any port in a storm,fırtınada her liman bir kurtuluştur
any press is good press,Her türlü tanıtım iyidir
any the wiser,daha bilgili
any time now,Şimdi her an
any time soon,yakında
any way one cuts it,ne olursa olsun
any way one slices it,ne olursa ne kadar olursa olsun
anybody who is anybody,kim varsa önemli olanlar
anyone's guess,kimsenin tahmini
anything goes,her şey serbest
apart from,ayrı olarak
ape in,maymuna
ape leader,maymun lideri
apothecary's Latin,apotekerin Latincesi
appearances are deceptive,Görünüşler yanıltıcıdır
appetite comes with eating,iştah yemekle gelir
apple of someone's eye,göz bebeği
apple polisher,riyakar
apple up,elma yukarı
apples and oranges,elma ve portakal
apples to apples,elma elmaya
apply oneself,uğraşmak
April showers bring May flowers,Nisan yağmurları Mayıs çiçeklerini getir…
apron string,önlük ipi
apron-string hold,önlük bağı tutuşu
apropos of,konuyla ilgili olarak
apropos of nothing,hiçbir şeye bağlı olmadan
arc up,kemerlemek
arch doxy,ana düşünce
are bears Catholic,ayılar katoliktir mi
are the Kennedys gun-shy,Kennedy ailesi travmadan mı etkilendi
are we deadass,cidden mi
are we there yet,Henüz müydük
are you blind,görmüyor musun
are you deaf,Sağır mısın
are you sure you're sure,emin misin emin misin
are your ears burning,kulakların mı çınlıyor
argle-bargle morble whoosh,anlamsız konuşma
argue down,tartışarak ikna etmek
argue out,tartışmak
ark at ee,bana bak
arm candy,kolye
arm out,kolu uzatmak
arm to the teeth,silahlanmış
arm up,kollarını kaldır
arm's length,uzaklık
armchair quarterback,koltuk eleştirmeni
army volunteer,ordu gönüllüsü
around one's ears,kulaklarının etrafında
around Robin Hood's barn,Robin Hood'un ahırı etrafında
around the bend,virajın etrafında
around the clock,7/24
around the corner,köşenin etrafında
around the Horn,Müskiden geçmek
around the traps,tuzakların etrafında
around the way,yakınlarda
around the wicket,raketten çevrilerek
around the world,dünya çapında
arrive at,ulaşmak
arrow in the quiver,yaylım
arse about,uğraşmak
arse around,boşuna uğraşmak
arse end of nowhere,çok uzak bir yer
arse over tip,tercih etmemek
arse over tit,önemsiz bir şey
arse up,berbat etmek
arsy versy,ters yüz
art imitates life,sanat hayatı taklit eder
art up,sanatla
artful dodger,kurnaz dolandırıcı
article of death,ölüm ilanı
artificially intelligent,yapay zeka
artificially sweetened,Yapay tatlandırılmış
as a duck takes to water,bir ördek suya girer gibi
as a lamb to the slaughter,kurbanlık bir kuzu gibi
as a matter of course,elbette
as a matter of fact,aslında
as a matter of facts,gerçekte
as a result,sonuç olarak
as a rule,genellikle
as a whole,bütün olarak
as all fuck,tamamen
as all get-out,çok fazla
as and when,ihtiyaç halinde
as anything,her şey gibi
as be damned,lanet olsun
as best one can,olabildiğince iyi
as big as life,canlı gibi
as cold as ice,buz gibi
as ever trod shoe leather,eskiden giydiği ayakkabılar
as ever trod shoe-leather,eskiden giydiği ayakkabılar
as far as,bildiğim kadarıyla
as far as I know,bildiğim kadarıyla
as far as one is concerned,birinin bakış açısına göre
as far as one knows,bildiği kadarıyla
as far one's concerned,kişinin bakış açısıyla
as fate would have it,kaderin bir cilvesiyle
as fine as Dick's hatband,çok iyi
as fit as a fiddle,sağlam
as for,neden dolayı
as God intended,Tanrı'nın istediği gibi
as God is my witness,Tanrı bana şahit olsun
as good as gold,uyumlu
as good as it gets,olabildiğince iyi
as good as new,Sıfır gibi
as good as the original,orijinal kadar iyi
as hard as nails,Çok sert
as I live and breathe,yaşadığım ve nefes aldığım sürece
as I see it,gördüğüm kadarıyla
as I was saying,söylediğim gibi
as if,sanki
as if by magic,Sanki sihirle olmuş gibi
as if I care,Umrumda değilmiş gibi
as if I cared,Umrumda değilmiş gibi
as if someone owns the place,Sanki buranın sahibiymiş gibi
as if there is no tomorrow,sanki yarın yokmuş gibi
as if there were no tomorrow,sanki yarın yokmuş gibi
as if there's no tomorrow,sanki yarın yokmuş gibi
as it comes,olduğu gibi
as it gets,olduğu gibi
as it goes,işler yolunda gidiyor
as it happens,olduğu gibi
as it stands,şu anda
as large as life,canlı gibi
as light as air,havadan hafif
as long as,sürece ki
as luck may have it,şaheser gibi
as luck would have it,şaheser gibi
as memory serves,hatırladığım kadarıyla
as much,olabildiğince
as much as possible,olabildiğince
as much sinning as sinned against,kötü yapan ve kötü yapılan
as near as matters,önemli olan ölçüde
as of late,son zamanlarda
as of right,şu anda
as often as not,çoğu zaman
as opposed to,aksine
as per,belirtildiği gibi
as previously mentioned,önceki gibi
as provided for,belirtildiği gibi
as regards,konuyla ilgili olarak
as right as rain,sağlamasıvı
as she is spoke,konuştuğu gibi
as soon as,en kısa sürede
as soon as look at someone,birine göz attığı anda
as soon as possible,Mümkün olan en kısa sürede
as such,böylece
as the case may be,duruma göre
as the crow flies,direkt olarak
as the day is long,gün uzun sürdükçe
as the fella said,adamın dediği gibi
as the fella says,adamın dediği gibi
as the gull flies,deniz kuşunun uçuş yoluyla
as the man said,adamın dediği gibi
as the man says,adamın dediği gibi
as the next girl,bir sonraki kız
as the next guy,bir sonraki kişi olarak
as the next person,bir sonraki kişi olarak
as the saying goes,dediği gibi
as the wind blows,rüzgar estiği gibi
as they come,geldikleri gibi
as they say,dedikleri gibi
as though,sanki
as time goes by,zaman geçtikçe
as times go,zaman geçtikçe
as to,konuyla ilgili olarak
as useful as a chocolate teapot,işe yaramaz
as we know it,bildiğimiz gibi
as well,ayrıca
as well as,aynı zamanda
as white as a sheet,beyaz bir kağıt gibi
as who should say,kimin söylemesi gerekirdi
as you go,giderken
as you know,biliyorsunuz
as you like,istediğin gibi
as you please,istediğin gibi
asap,mümkün olan en kısa sürede
Asian don't raisin,Asyalılar üzüm kurusu yetiştirmez
aside from,ek olarak
ask a stupid question,aptalca bir soru sormak
ask after,hal hatır sormak
ask around,soruşturmak
ask back,geri sormak
ask for,istemek
ask for it,onun için talep et
ask for the moon,ayı istemek
ask in,içinde
ask me one about sport,Bana sporla ilgili bir soru sor
ask me one on sport,bana sporla ilgili bir soru sor
ask my arse,Bana sor bakalım
ask out,davet etmek
ask over,soru sormak
ask round,soruşturmak
asked and answered,soruldu ve cevaplandı
asking for a friend,bir arkadaşım için
asleep at the switch,göz kulak olmamak
asphalt jungle,asfalt ormanı
asposed to,karşılaştırıldığında
ass in the grass,çimenlerdeki eşek
ass out,pantolonun dışı
ass over teakettle,kıç üstü düşmek
assault and battery,basma ve yaralama
assume room temperature,oda sıcaklığında kabul et
assume the mantle,Görev üstlenmek
assume the position,pozisyonunu al
astern of,geminin arkasında
astraddle of,üzerinde
at a canter,bir koşu hızıyla
at a clip,hızla
at a discount,indirimle
at a distance,uzakta
at a draft,taslak halinde
at a draught,taslak halinde
at a fast clip,hızlı bir şekilde
at a glance,bir bakışta
at a go,tek seferde
at a guess,tahmin etsem
at a loose end,boşta
at a loss,ne yapacağını bilemiyor
at a loss for words,Ne diyeceğimi bilemedim
at a low ebb,düşük bir seviyede
at a minimum,en azından
at a moment's notice,herhangi bir anda
at a pinch,zor durumda
at a premium,çok pahalı
at a price,bir fiyata
at a profit,kârla
at a push,zorlamayla
at a rate of knots,çok hızlı bir şekilde
at a run,koşarak
at a single stroke,tek seferde
at a stand,durak
at a stretch,peşin peşin
at a stroke,tek seferde
at a time,bireysel olarak
at a venture,deneme yoluyla
at adventure,macera
at all,hiçbir şekilde
at all adventures,tüm maceralar
at all costs,her koşulda
at all events,her koşulda
at all hands,herkese
at all hours,her saatte
at all points,her noktada
at anchor,demirlemiş
at antipodes,zıt kutuplarda
at any event,herhangi bir durumda
at any given moment,herhangi bir anda
at any hand,her koşulda
at any rate,her neyse
at arm's length,uzaktan
at bank,bankada
at bar,bardadır
at bat,vuruş sırası
at bay,kontrol altında
at best,en iyi durumda
at bottom,aşağıda
at call,talep üzerine
at command,komut
at cost,maliyetle
at cross-purposes,amaçsız
at daggers drawn,kılıç çekilmiş durumda
at dark,karanlıkta
at death's door,ölüm döşeğinde
at each other's throats,birbirine düşkün
at ease,rahat
at fault,kusurlu
at first,başlangıçta
at first bluff,önceki sahtekarlık
at first blush,ilk bakışta
at first glance,ilk bakışta
at first sight,ilk bakışta
at full pelt,tam güçle
at full steam,tam güçle
at full stretch,tam gergin
at full throttle,tam gazla
at full tilt,tam gazla
at gaze,bakış
at grips,mücadele etmek
at gunpoint,silah zoruyla
at hand,el altında
at heart,içtenlikle
at heck and manger,cehennem ve ahır
at Her Majesty's pleasure,kraliyetin takdirine göre
at home,evde
at intervals,aralıklarla
at issue,tartışma konusu
at knifepoint,bıçak tehdidi altında
at large,kaçak
at last,sonunda
at latter Lammas,sonraki Lammas
at least,en azından
at leisure,boş zamanınızda
at length,uzun uzadıya
at liberty,serbest
at loggerheads,tartışmalı
at long last,nihayetinde
at loose ends,boşta
at minimum,en azından
at most,en fazla
at night,gece
at no time,hiçbir zaman
at odd times,garip zamanlarda
at odds,anlaşmazlık içinde
at once,hemen
at one go,tek seferde
at one stroke,tek seferde
at one time,bir zamanlar
at one time or another,bir zamanlar
at one's best,en iyi haliyle
at one's ease,rahat
at one's elbow,yanında
at one's feet,ayaklarının önünde
at one's fingers' ends,parmakların ucunda
at one's fingertips,ulaşılabilir
at one's leisure,İsteğiyle
at one's own peril,kendi sorumluluğuyla
at one's own risk,kendi sorumluluğunuzda
at one's peril,tehlikenin farkında olarak
at one's risk,kendi sorumluluğuyla
at pace,hızla
at pains,zorlanarak
at peace,huzur içinde
at peace with,barış içinde
at places,yer yer
at play,oynarken
at pleasure,istek üzerine
at present,Şu anda
at rack and manger,raf ve ahır
at random,rastgele
at rest,dinleniyor
at right angles to,dik açıyla
at risk,risk altında
at rovers,gezginler
at scale,ölçekte
at school,okulda
at sea,denizde
at second hand,ikinci elden
at short notice,kısa sürede
at short sight,uzağı görememek
at sight,görünürde
at sixes and sevens,kargaşa içinde
at some point,bir noktada
at somebody's elbow,yanında
at somebody's heels,peşinden gitmek
at someone's disposal,emrinde
at someone's door,kapısının önünde
at someone's elbow,birinin yanında
at someone's heels,peşinden ayrılmamak
at someone's service,hizmetinizdeyim
at someone's throat,boğulmak
at spearpoint,uc noktasında
at speed,hızla
at stake,risk altında
at swordpoint,kılıç dayandırmakla
at swords' points,kılıç çekme noktasına gelmek
at table,masada
at ten and two,on bin iki
at that time,o zaman
at the back of one's mind,altında bir yerde
at the bank,bankada
at the best,en iyisiyle
at the best of times,en iyi zamanlarda bile
at the bottom of,altında
at the bottom of the pile,yığının altında
at the coal face,kömür ocağında
at the corner,köşede
at the cost of,maliyetine
at the discretion of,takdirine göre
at the disposal of,emrinde
at the door,kapıda
at the door of,kapının önünde
at the double,çift olarak
at the drop of a hat,anında
at the earliest,mümkün olan en kısa sürede
at the elbow,dirseğin yanında
at the end of one's tether,sabır sınırının ötesinde
at the end of the day,sonuç olarak
at the end of the rainbow,gökkuşağının sonunda
at the expense of,masrafları karşılığında
at the feet of,ayaklarının önünde
at the hand of,tarafından
at the hands of,tarafından
at the helm,yönetimin başında
at the high port,yüksek limanda
at the instance of,sayesinde
at the last,en son
at the last minute,son anda
at the last moment,son anda
at the latest,en geç
at the least,en azından
at the mercy of,merhametinde olmak
at the minimum,en azından
at the minute,şu anda
at the moment,Şu anda
at the money,paraya sahip
at the most,en fazla
at the outset,başlangıçta
at the outside,dışarıda
at the point of,noktada
at the prospect of,umutla
at the ready,hazır durumda
at the receiving end,alan taraf
at the risk of,risk altında
at the same time,aynı anda
at the sight of,gördüğünde
at the soonest,olabildiğince çabuk
at the tail,arkada
at the thought of,düşüncesiyle
at the time,o zaman
at the top of one's bent,en iyi yaptığı şey
at the top of one's game,en iyi performansı sergilemek
at the top of one's lungs,canın pahasına
at the top of one's voice,en yüksek sesle
at the top of the heap,en üstte
at the top of the pile,yığının en üstünde
at the top of the tree,ağacın tepesinde
at the very least,en azından
at the very most,en fazla
at the wheel,direksiyon başında
at the whim of,keyfine göre
at the worst,en kötü durumda
at third hand,dolaylı yoldan
at this juncture,şu anda
at this moment in time,Şu anda
at this point,bu noktada
at this point in time,şu anda
at this rate,bu hızla
at times,bazen
at times and again,bazen ve tekrar
at turns,sırayla
at twice,iki katı
at unawares,habersiz
at variance,uyumsuz
at war,savaşta
at will,istek üzerine
at work,işte
at worst,en kötü ihtimalle
at your service,hizmetinizdeyim
atomic cocktail,atom kokteyli
atta girl,Bravo kız
attend to,uğramak
attention whore,Dikkat çekmek isteyen
Attic salt,Çatı tuzu
attitude reflects leadership,tutum liderliği yansıtır
attribute to,atfetmek
au jus,sos
auction off,açık artırma ile satmak
audi alteram partem,karşı tarafı dinlemek
Augean stables,Avgan temizliği
auger in,içe doğru
auld lang syne,eski günler
aurally challenged,işitme engelli
autem cackler,bilmiyorum
autem diver,ama dalış
autem mort,ancak öldü
autumn romance,sonbahar aşkı
avant la lettre,mevcut zamandan önce
average bear,ortalama ayı
average down,fiyatı düşürmek
average Joe,sıradan insan
average out,ortalama
average up,ortalama olarak yükseltmek
away at the races,yarışlara gitti
away from home,Evden uzak
away game,deplasman maçı
away in a hack,taksiyle uzaklaştı
away to the races,yarışlara doğru
away with the fairies,hayallere dalmış
awful but lawful,kötü ama yasal
ax to grind,gündemi olan
ay up me duck,Beni kaldır
aye aye shepherd's pie,evet evet kuzu yahnisi
ayo chill,hadi takılalım
babe in arms,kucağındaki bebek
babe in the woods,ormanlık alanda kaybolmuş bebek
babe magnet,Çekici
babies in the eyes,gözlerde bebekler
baby and bathwater,banyo ve bebek suyu
baby elephant in the room,tartışılmayan ama herkesin farkında oldu…
baby needs new shoes,bebeğe yeni ayakkabı lazım
baby step,küçük adım
baby up,bebeği kaldır
babysitter test,bebek bakıcısı sınavı
back and edge,arka ve kenar
back and forth,gidip gelmek
back at ya,sen de öyle
back at you,size
back atcha,sen de
back away,geri çekil
back down,geri çekilmek
back forty,uzak tarlalar
back gammon player,tavla oyuncusu
back in,geri
back in the day,eski zamanlarda
back in the game,oyuna geri dönmek
back in the groove,tekrar yoluna girmek
back in the saddle,tekrar ata sırtına geçmek
back into,içeri
back of one's hand,elinin arkası
back off,geri çekil
back office,arka ofis
back on to,üstüne
back one out,geri çekilmek
back onto,tekrar üzerine
back out,geri çekilmek
back that train up,O treni geri çevir
back the right horse,doğru olanı desteklemek
back the wrong horse,yanlış tarafta yer almak
back then,o zamanlar
back to back,sırt sırta
back to back jack,ard arda iki as
back to square one,tekrar başa
back to the drawing board,tekrar sıfırdan
back to the wall,duvara sırt vermiş
back up,yedekleme
back up the truck,Kamyonu geriye doğru çek
back-cloth star,arka plan yıldızı
backhanded compliment,Yarı yolda bırakılmış övgü
backwards and forwards,ileri geri
bad actor,kötü oyuncu
bad apple,kötü elma
bad blood,Kötü kan
bad books,kötü kitaplar
bad business,kötü iş
bad company,kötü çevre
bad egg,kötü adam
bad facts make bad law,Kötü gerçekler kötü yasalara yol açar
bad hair day,Kötü saç günü
bad iron,kötü ütü
bad joke,kötü şaka
bad looker,Kötü görünüşlü
bad money drives out good,Kötü para, iyi parayı devre dışı bırakır
bad news,Kötü haber
bad news bears,kötü haberler ekibi
bad news travels fast,Kötü haberler hızlı yayılır
bad old days,kötü eski günler
bad penny,uğursuz para
bad scran to someone,Bana kötü bir şey söyleme
bad taste in one's mouth,ağzında kötü bir tat
bad things come in threes,Kötü şeyler üst üste gelir
bad trip,kötü deneyim
bad trot,kötü sindirim
bad up,kötüleşmek
bad word,kötü kelime
badge bunny,isim belirsiz
badge in,içine yerleştirilmiş rozet
badge of honor,onur madalyası
badge out,işten çıkış saati
badge up,isim etiketi
bag and tag,etiketle ve paketle
bag down,sertleştirmek
bag of bones,kemik yığını
bag of tricks,hileler
bag off,çantayı çıkar
bag out,torba doldurmak
bag up,paketlemek
bah humbug,sahtekarlık
bail on,devretmek
bail out,kurtarmak
bail out on,vazgeçmek
bail up,toplanmak
bait up,yemlemek
bake in,fırında pişirmek
bake off,yarışma
bake out,fırınlama
bake something blind,gözleri bağlıyken bir şeyler pişirmek
bake up,pişirmek
baker's dozen,on iki artı bir
baker's half dozen,fırıncı düzinesi
baking hot,çok sıcak
balance down,aşağı doğru denge
balance out,dengeli hale getirmek
balance the books,muhasebeyi dengelemek
balance up,dengelemek
bale out,kurtarmak
bale up,balya yapmak
ball down,yuvarlamak
ball hog,topu kapmacı
ball it off,yap
ball of fire,ateş topu
ball of malt,arpa topu
ball off,oyundan atma
ball out,paraya bolluk içinde olmak
ball up,toplamak
ballast up,dengelemek
ballistic podiatry,balistik podoloji
balloon goes up,balon yükseliyor
balloon knot,balon düğümü
ballpark estimate,kabaca tahmin
ballpark figure,yaklaşık rakam
balls about,umursamazlık
balls around,etrafta dolaşan
balls of steel,cesaret
balls on,üzerinde
balls to the wall,Her şeyi riske atmak
balls to the walls,Her şeyle
balls up,toplamak
bally about,konuşmak
baloney pony,sahtekarlık atı
balum rancum,Anlamadım
bamboo ceiling,bambu tavanı
banana nose,muz burun
banana republic,muz cumhuriyeti
band together,bir araya gelmek
band-aid solution,geçici çözüm
bandwagon fan,trende savuran
bandwagon jumper,trend tutucu
bandy about,savurmak
bandy around,savurmak
bane of someone's existence,varoluşunun sebebi
bang a uey,vurmak
bang about,gürültü yapmak
bang around,çarpmak
bang away,uzaklaştırmak
bang down the door,Kapıyı kırmak
bang for one's buck,paraya değer
bang for the buck,fiyatına göre performans
bang into,çarpmak
bang off,vurmak
bang on,tam olarak
bang out,çıkarmak
bang some heads together,fikir alışverişi yapmak
bang straw,saman çubuk
bang to rights,kesinlikle suçlu olduğunu kanıtlamak
bang up,çok iyi durumda
bank night,banko gece
bank on,güvenmek
bank up,yığılmak
banker's dozen,bankacıların on biri
bankers' hours,banka çalışma saatleri
bankrupt cart,iflas etmiş araba
banner year,olağanüstü yıl
banyan day,banyan günü
bar down,aşağı çubuk
bar none,tartışmasız
bar off,kapalı
bar out,barı kapatmak
bar sinister,sinsiyet
bar star,bar yıldızı
bar up,yukarı çek
barbecue up,ızgara yap
barber's sign,berber tabelası
bare one's soul,içini dökmek
bare one's teeth,dişlerini göstererek tehdit etmek
bare poles,çıplak direkler
barf out,kusmak
bargain away,pahasına satmak
bargain for,pazarlık yapmak
bargain on,pazarlık yapmak
barge in,giriş yapmak
barge into,giriş yapmak
bark up the wrong tree,yanlış yoldan gitmek
barking dogs never bite,Havlayan köpekler ısırmaz
barking dogs seldom bite,Havlayan köpekler ısırmaz
Barkis is willin',Barkis isteklidir
Barkis is willing,Barkis isteklidir
barn find,çürük depo
barrel of laughs,çok eğlenceli
barrel of monkeys,maymun gösterisi
base off,temel almak
base off of,dayanarak
base on,dayanmak
base over apex,taban üstten
base upon,temel üzerine
based on,dayanarak
basement battler,bodrum kat savaşçısı
bash about,etrafı dolaşmak
bash in,vurmak
bash into shape,şekle sokmak
bash one out,yazmak
bash out,vurmak
bash someone's face in,Birinin yüzüne yumruk atmak
bash someone's head,Birinin kafasına vurmak
bash the bishop,piskoposa eleştirmek
bash together,birleştirmek
bash up,dövmek
bask in the sunshine,güneşin tadını çıkarmak
basket house,sepet ev
bastardly gullion,pislik
baste up,dikmek
bat a thousand,binlik ortalama yakalamak
bat about,çevresinde uçmak
bat an eyelid,gözünü kırpmamak
bat around,uğraşmak
bat away,uzağa itmek
bat five hundred,beş yüz vuruş
bat for the other team,Rakip takım için atış
bat in,yarasa
bat of an eye,göz kırpmak
bat one's eyes,gözlerini kırpmak
bat out,vurmak
bat round,yarışma turu
bat the breeze,hafif esinti
batch up,toplu olarak hazırlamak
bate an ace,bir ası var
bathroom singer,banyo şarkıcısı
batten down,güvenli hale getirmek
batten down the hatches,Hazırlıklı olun
batter up,Hadi başla
battle it out,yarışmak
battle out,çıkışmak
bawl off,bağırıp çağırmak
bawl one's eyes out,gözyaşı dökmek
bawl out,bağırarak söylemek
be a bit much,fazla olmak
be a hundred years too early,Yüz yıl erken olmak
be a lost cause,umutsuz bir durum olmak
be a man,erkek ol
be a tall order,çok zor bir şey
be a thing of the past,geçmişte kalmak
be aces with,iyi olmakla
be alive with something,bir şeyle canlı olmak
be all in,tamamen dahil olmak
be all over somebody,birine yapışmak
be all very well,çok iyi olmak
be along,yanında olmak
be around,yakınlarda olmak
be at a loss,ne yapacağını bilememek
be at odds,anlaşmazlık içinde olmak
be at pains to do something,bir şey yapmaya çok çabalamak
be at the mercy of somebody,birinin merhametine kalmak
be at the mercy of something,bir şeyin insafına kalmak
be at the plague,vebaya yakalanmak
be beside oneself,kendinden geçmiş olmak
be called,isimlenmek
be careful,dikkatli olun
be careful what you wish for,istediğin şeye dikkat et
be cruel to be kind,acı çekerek iyilik etmek
be damned,Lanet olsun
be down with,katılmak
be fearful when others are greedy,başkaları açgözlüken korkak olun
be for the best,en iyisi olur
be greedy when others are fearful,başkaları korkarken açgözlü olun
be hard pressed,zor durumda olmak
be in and out,Giriş çıkış yapmak
be in for,hazır olmak
be in luck,Şanslı olmak
be in the balance,dengede olmak
be in the front line,ön saflarda olmak
be in the know,haberli olmak
be in the loop,bilgilendirilmek
be in the market for something,bir şey almak için araştırma yapmak
be in the money,paraya sahip olmak
be in the pipeline,plan aşamasında
be in the public eye,kamuoyunun dikkatini çekmek
be in the right place at the right time,doğru zamanda doğru yerde olmak
be in the same boat,aynı durumda olmak
be in touch,ile iletişimde olmak
be into,ilgi duymak
be larger than life,hayata daha büyük olmak
be left at the post,posta kutusuna bırakmak
be left holding the baby,çocukla baş başa kalmak
be left kicking,bekletilmek
be like,olmak gibi
be make or break for somebody,birinin kaderini etkileyebilir
be make or break for something,bir şey için belirleyici olmak
be mother,anne olmak
be my guest,Lütfen buyurun
be news to somebody,birine sürpriz olmak
be no match for,rakip olamamak
be no match for somebody,birinin karşısında yetersiz kalmak
be no match for something,bir şeyin karşısında yetersiz kalmak
be nothing short of,kesinlikle
be of one's own making,kendi eseriniz
be of the essence,önemli olmak
be off the mark,yanılgılı olmak
be off the wall,çok tuhaf
be on a roll,dizide olmak
be on about,ne demek istediğini söyle
be on bad terms with somebody,birisiyle kötü olmak
be on edge,gergin olmak
be on good terms with somebody,iyi ilişkiler içinde olmak
be on guard,tetikte olmak
be on hand,hazır olmak
be on hold,beklemekte olmak
be on one's best behaviour,En iyi davranışlarını sergilemek
be on one's guard,dikkatli olmak
be on the level,dürüst olmak
be on the line,hattay olmak
be on the loose,kaçak durumda olmak
be on the march,harekette olmak
be on the mend,iyileşmekte olmak
be on the receiving end,almak
be on the run,kaçmak
be on the up,yükselişte olmak
be on the wing,kanat altında olmak
be on to,anlamını kavramak
be one of a kind,eşsiz
be one step ahead,bir adım önde olmak
be one's own man,kendi adamı olmak
be one's own person,kendisi gibi olmak
be one's own woman,kendi yolunu çizmek
be one's own worst enemy,kendi en büyük düşmanı olmak
be oneself,kendisi olmak
be only a matter of time,Sadece zaman meselesi
be onto,farkında olmak
be out for,dışarıda olmak için
be out in force,yoğun olarak bulunmak
be out of action,Hareketsiz olmak
be out of bounds,sınırların dışında
be out of line,sınırların dışına çıkmak
be out of luck,Şanssız olmak
be out of order,bozuk
be out of place,yersiz
be out of pocket,harcamak
be out of the picture,resimde olmamak
be out of the way,yoldan çekil
be out of this world,inanılmaz
be out of touch,ile iletişimde olmamak
be over and done with,bitti geçti
be right back,Birazdan geri geliyorum
be right up somebody's arse,birinin peşinde olmak
be seeing you,görüşmek üzere
be set in stone,taşa yazılmış gibi
be somebody's strong point,birinin güçlü yönü olmak
be somebody's strong suit,birinin güçlü yönü
be someone's to lose,kaybetmek için bir şeyleri var
be still my heart,Kalbim durdu sanki
be taken ill,hastalanmak
be thankful for small mercies,Küçük iyiliklere minnettar olun
be that as it may,neyse ki
be the bigger man,daha olgun davran
be the order of the day,güncel olmak
be there and be square,orada ol ve dürüst ol
be there or be square,Ya ya ya ya ya
be up somebody's arse,peşinden ayrılmamak
be-all and end-all,her şeyin özü
beak off,koparmak
beam up,yukarı çek
bean counter,muhasebeci
bear a hand,yardım etmek
bear against,karşı koymak
bear away,uzaklaşmak
bear away the bell,Çan çalmak
bear down,azimle çalışmak
bear down on,üzerine gitmek
bear fruit,meyve vermek
bear in,içinde
bear in mind,unutmayın
bear in on,dikkat çekmek
bear in the air,havada asılı
bear in with,sabırla beklemek
bear off,yön değiştirmek
bear off from,uzaklaşmak
bear on,ilgilidir
bear oneself,davranmak
bear out,doğrulamak
bear something in mind,unutmamak
bear testimony to something,bir şeye tanıklık etmek
bear the brunt,en büyük darbeyi almak
bear up,dayanmak
bear upon,ilgilidir
bear with,sabır gösterin
bear witness to something,bir şeye tanık olmak
beard the lion in his den,aslanın kendi yuvasında yüzleşmek
Beast from the East,Doğudan gelen canavar
beast on,canavar üzerinde
beast with two backs,iki sırtlı canavar
beat a dead horse,boşa uğraşmak
beat a retreat,geri çekilmek
beat about,uğraşmak
beat around the bush,konuyu uzatmak
beat as one,birlikte ritim tutmak
beat back,geri çekilmek
beat Banaghan,Banaghan'ı yenmek
beat down,yenecek
beat feet,hızlıca gitmek
beat into,vurmak
beat it,Defet et
beat like a jungle drum,ormanın davul sesine benzer şekilde
beat off,uzaklaştırmak
beat off with a stick,Çubukla vurmak
beat on,vurmak
beat one's brain,beyin jimnastiği yapmak
beat one's meat,erkekliğe geçiş ritüeli
beat one's swords into ploughshares,kılıçları çapa yapmaya dönüştürmek
beat one's swords into plowshares,kılıçları çapa yapmaya dökmek
beat out,yenecek
beat someone round the ears,Kulaklarını çimdiklemek
beat someone's arse,birini dövmek
beat someone's ass,birini dövmek
beat someone's brains out,Birinin beynini dağıtmak
beat the bishop,piskoposu yenmek
beat the bushes,her kesmek
beat the clock,zamana karşı yarışmak
beat the cock,horoz dövüşü
beat the crowd,kalabalığı geçmek
beat the daylights out of,öpücük atmak
beat the drum for,savunmak
beat the dust,tozu almak
beat the meat,eti dövmek
beat the odds,İmkansızlıkları aşmak
beat the pants off,çok geride bırakmak
beat the poop out of,çok kötü yenmek
beat the shit out of,çok kötü dövmek
beat the stuffing out of,çok kötü yenmek
beat to,ritme uygun
beat to the punch,önceden davranmak
beat up,dövmek
beat up on,eziyet etmek
beat with the ugly stick,çirkin sopayla vurmak
beats me,Bilmiyorum
beautiful people,güzel insanlar
beauty is but skin-deep,Güzellik sadece yüzeindir
beauty is only skin deep,Görünüşe aldanmamak gerekir
beauty is only skin-deep,Görünüşe aldanmamak gerekir
beauty never boiled the pot,güzellik asla tencereyi kaynatmadı
beauty queen,Güzellik kraliçesi
beauty sleep,güzellik uykusu
beauty won't boil the pot,Güzellik tencereyi kaynatmaz
beauty won't make the pot boil,Güzellik tencereyi kaynatmaz
beaver away,gayretle çalışmak
because is why,çünkü
because reasons,çünkü sebepler var
because you touch yourself at night,Çünkü gece kendinize dokunuyorsunuz
become of,olmak
become one flesh,bir olmak
become one with one's inner self,içsel benliğiyle bütünleşmek
bed and breakfast,pansiyon
bed blocker,yatak meşgul eden
bed down,yatmak
bed in,yatağa gir
bed of roses,güllerle dolu yatak
bed out,yataklı
bee in one's bonnet,başkasıyla aynı fikirde olmak
bee tee dubs,bilgiler
beef out,tartışmak
beef to the hoof,tahıldan sofraya
beef up,güçlendirmek
been darkmans,karanlık adamlar
been to the rodeo,rodeoya gitmiş
beep out,sesini kesmek
beer and skittles,bira ve eğlence
beer goggles,sarhoşluk gözlüğü
beer muscles,bira kasları
beer up,birayı aç
before dark,karanlığa kadar
before GTA 6,GTA 6'dan önce
before it was cool,popüler olmasından önce
before long,uzun zaman geçmeden
before one can blink,göz kırpmadan önce
before one knows it,bilmeden
before one knows where one is,nerede olduğunu anlamadan
before one's eyes,gözlerinin önünde
before one's time,zamandan önce
before someone's time,birinin zamanından önce
before the fact,olaydan önce
before the ink was dry,mürekkep kurumadan
before you can say Jack Robertson,Çok hızlı bir şekilde
before you can say Jack Robinson,çok hızlı bir şekilde
before you can say knife,bıçak dediğin an
beg for one's life,hayata tutunmak
beg off,kaçmak
beg pardon,Afedersiniz
beg the question,sorunu gündeme getirmek
beg to differ,farklı düşünmek
beg yours,lütfet
beggar off,reddetmek
beggars can't be choosers,Dilencilere göre olmaz
begger off,kaçınmak
begging your pardon,afedersiniz
begin upon,başlamak
behind bars,hapiste
behind closed doors,Kapalı kapılar ardında
behind its time,Çağının gerisinde
behind someone's back,arkasından
behind the arc,yayın çizgisinin arkası
behind the bit,bitin arkası
behind the counter,tezgahın arkası
behind the curtain,perdenin arkası
behind the curve,geride kalmak
behind the eight ball,zor durumda
behind the eight-ball,zor durumda
behind the scene,Perde arkası
behind the scenes,Perde arkası
behind the times,geride kalmış
behind the wheel,direksiyon başında
behind the wire,telin arkasında
behind time,geç kalmış
behind-the-scenes,Perde arkası
bein darkmans,karanlık adamlar
being poor is a mindset,Yoksulluk bir zihniyet meselesidir
belay my last,Son komutum
belemnite battlefield,belemrit savaş alanı
believe it or not,inan veya inanma
believe me,bana güven
believe one's ears,kulaklarınıza inanamak
believe one's eyes,gözlerine inanmak
believe you me,inan bana
believing is seeing,Gördüğüne inanıyorsundur
bell out,çan çalmak
bell the cat,kediye çan takmak
bell up,çan çalar
bellow out,bağırarak söylemek
bellows to mend,tamir etmek için üfleyici
bells and smells,çanlar ve kokular
bells and whistles,ekstra özellikler
bellwether state,öncü eyalet
belly out,karın dışarı
belly up,yana yatmış
belly up to the bar,bara oturmak
below decks,Gemi altında
below ground,yer altında
below par,beklentilerin altında
below stairs,merdivenaltı
below the belt,Ahlaksızca
below the breadline,yoksulluk sınırının altında
below the fold,ekrana sığmayan kısım
below the gangway,şambronun altında
below the law,yasanın altında
below the mahogany,mahoganyın altında
below the radar,dikkat çekmeden
below the salt,tuzun altında
below the surface,yüzeyin altında
belt down,kayışı gevşet
belt out,sesini yükseltmek
belt up,emniyet kemerini tak
bench jockey,tribün futbolcusu
bend down,eğil
bend it like Beckham,Beckham gibi bük
bend one off,cinsel ilişki yaşamak
bend one's elbow,dirseğini bükmek
bend over,eğilmek
bend over backwards,elinden gelenin en iyisini yapmak
bend someone's ear,kulak asmak
bend someone's will,birinin iradesini kırmak
bend the brain,beyni yormak
bend the knee,diz çök
bend the truth,gerçeği çarpıtmak
bend to one's will,isteklerine boyun eğmek
bend to someone's will,birinin isteklerine boyun eğmek
bene darkmans,iyi geceler
bene lightmans,iyi ışıklandırmalar
beneath contempt,alaycıdan aşağı
beneath the hood,kaputun altında
beneath the surface,yüzeyin altında
benevolent overlord,iyiliksever egemen
bent on,kararlı
bent on a splice,birleşim yerinde eğri
beside oneself,kendinden geçmiş
beside the mark,konudan uzak
beside the point,konunun dışında
besides oneself,kendinden başka
best before,tarih geçmemeli
best bet,en iyi seçenek
best laid plans,en iyi planlar bile
best of both worlds,ikisi birden
best of the best,en iyinin iyisi
best of the bunch,en iyisi
best pleased,çok memnun
best regards,saygılarımla
best thing since sliced bread,ekmek dilimleneli beri en iyi şey
best thing since sliced pan,ekmek dilimleneli beri en iyi şey
best-kept secret,en iyi saklanan sır
bet on,bahis oynamak
bet one's boots,emin olmak
bet one's bottom dollar,emin olmak
bet out,bahis yapmak
bet round,bahis turu
bet the farm,her şeyi riske atmak
bet the house,evini riske et
bet the ranch,her şeyi riske atmak
bet up,bahis yapmak
betray with a kiss,öpücükle ihanet
better and better,daha iyi ve daha iyi
better angels,daha iyi yönler
better dead than red,Yaşamaktense ölmek
better for it,daha iyi
better is the enemy of good,Daha iyi, iyinin düşmanıdır
better late than never,geç olsun ama olsun
better luck next time,Bir dahaki sefere bol şans
better nature,daha iyi doğa
better place,daha iyi bir yer
better safe than sorry,Daha iyi güvenli olmak pişman olmamak
better than sex,cinsellikten daha iyi
better the devil you know,Tanıdığın şey kötüyse bile bilinmez olan…
between jobs,işler arasında
between Scylla and Charybdis,Scylla ve Charybdis arasında
between the ears,kulakların arasında
between the hammer and the anvil,çekiç ile örsün arasında
between the jigs and the reels,iki şeyin arasında
between the lines,satırlar arasında
between the pegs,çiviler arasına
between the pipes,boruların arasında
between the sheets,yatak örtüsü altında
between two stools,iki taburenin arasında
between wind and water,rüzgarla suyun arasında
betwixt and between,arasında
beware of Greeks bearing gifts,Yunanlıların getirdiği hediyelere dikkat…
beyond a joke,şaka değil
beyond a reasonable doubt,makul şüphenin ötesinde
beyond a shadow of a doubt,kesinlikle
beyond a shadow of doubt,kesinlikle
beyond belief,inanılmaz
beyond dispute,tartışmasız
beyond one's depth,konusuna hakim olmamak
beyond one's ken,anlamının dışında
beyond one's pay grade,Yetkinin üzerinde
beyond one's wildest dreams,en çılgın hayallerin ötesinde
beyond one's years,yaşına göre olgun
beyond question,şüphe yok ki
beyond reasonable doubt,makul şüphenin ötesinde
beyond seas,denizin ötesinde
beyond someone's grasp,ulaşılabilir olmama
beyond someone's scope,birinin yetki alanının dışında
beyond the beyonds,beklentilerin ötesinde
beyond the black stump,kara direğin ötesinde
beyond the call of duty,görevi aşmak
beyond the grave,öbür dünyada
beyond the pale,sınırların ötesinde
beyond the shadow of a doubt,şüpheye yer bırakmayacak şekilde
beyond words,kelimelerin ötesinde
bicycle chain,bisiklet zinciri
bid down,düşürmek
bid in,teklif vermek
bid off,teklif vermek
bid up,artırmak
bide one's time,vakit geçirmek
big boy,büyük çocuk
big boys,büyük çocuklar
big break,büyük fırsat
big bucks,büyük para
big cheese,önemli kişi
big deal,Büyük olay
big dick energy,Kendine güven enerjisi
big end of town,iyi yerler
big fat,şişman
big fish,büyük balık
big fish eat little fish,Büyük balık küçük balığı yer
big fish in a small pond,küçük havuzdaki büyük balık
big girl,büyük kız
big gun,büyük silah
big hand,büyük saat
big head,büyük kafa
big if true,eğer doğruysa
big kahuna,büyük patron
big mad,çok kızgın
big man ting,büyük adam tavırları
big money,büyük para
big mouth,ağzı büyük
big name,ünlü isim
big ol',çok büyük
big old,büyük eski
big ole,büyük kocaman
big picture,büyük resim
big rig,büyük kamyon
big screen,büyük ekran
big shop,büyük mağaza
big shot,önemli kişi
big sleep,büyük uyku
big spender,cömert
big talk,büyük laflar
big tamale,büyük tamale
big tent,büyük çadır
big things come in small packages,Büyük şeyler küçük paketlerde gelir
big up,desteklemek
big wheel,büyük tekerlek
bigger fish to fry,daha önemli işler
bigger than Ben Hur,Ben Hur'dan daha büyük
bill of goods,mal faturası
bill up,fatura oluşturmak
bin off,çalışmıyor
bind off,durdurmak
bind over,bağlamak
bind up,sarmak
bio queen,biyo kraliçe
bird in the bosom,kalp kuşları
bird in the hand,elindeki kuş
bird of ill omen,uğursuz kuş
bird of one's own brain,kendi kafasının ürünü
bird off,kuşu uzaklaştırmak
bird's-eye view,kuşbakışı
birds and bees,kuşlar ve arılar
birds of a feather,fikirleri bir olanlar
birds of a feather flock together,Benzerler bir araya gelir
birds of the feather flock together,Tıpkılarını bir araya gelenler
birthday suit,doğum günü kıyafeti
bis dat qui cito dat,Hızlı veren iki kez verir
bit by a barn mouse,bir ahır faresinin ısırması
bit by bit,parça parça
bitch and moan,şikayet etmek
bitch goddess,dişi tanrıça
bitch off,Sessiz ol
bitch out,pes etmek
bitch up,kızgınlaşmak
bite back,dudak ısırmak
bite down,ısırmak
bite in,ısırma
bite me,Isir beni
bite my ass,Siktir
bite my shiny metal ass,parlak metal kalçama ısır
bite of the cherry,kirazın tadı
bite of the reality sandwich,gerçekliğin tadı
bite off,ısırmak
bite one's lip,dişini sıkmak
bite one's nails,tırnak ısırmak
bite one's tongue,dişini sıkmak
bite someone's hand off,birinin elini ısırıp koparmak
bite someone's head off,başkalarının kafasına vurmak
bite the big one,ölmek
bite the biscuit,bisküviyi ısırmak
bite the bullet,zorla kabul etmek
bite the curb,kenara çarpmak
bite the dust,ölmek
bite the hand that feeds one,Besleyeni ısırmak
bite to eat,bir şeyler atıştırmak
bits and bobs,çeşit çeşit şeyler
bits and pieces,parçalar
bitten by the same bug,aynı sorunu yaşamak
bitter end,Acı son
blab out,ağzından kaçırmak
black and blue,mor ve mavi
black and white,siyah beyaz
black babies,siyah bebekler
black day,karanlık gün
black don't crack,siyahlar çatlamaz
black gold,siyah altın
black hat,siyah şapka
black in,içinde siyah
black lie,siyah yalan
black lives matter,siyahilerin hayatları önemlidir
black mark,siyah leke
black market,karaborsa
black out,karanlık
black over Bill's mother's,Bill'in annesinin üzerinde siyah
black oxide,siyah oksit
black rider,siyah binici
black sheep,siyah kuzu
black up,karartmak
blame Canada,Kanada'yı suçla
blame game,Suçlama oyunu
blanch up,beyazlamak
blank on,boşta
blank out,boşaltmak
blanket term,genel terim
blare out,yankılamak
blast away,patlatmak
blast from the past,geçmişten gelen bir şey
blast off,fırlatma
blast out,patlatmak
blast up,patlatmak
blaze a trail,yol açmak
blaze away,ateş et
blaze down,parıldamak
blaze on,parlamak
blaze up,yanmak
bleed for,için fedakarlık etmek
bleed out,kan kaybetmek
bleed red ink,kırmızı mürekkeple yazmak
bleeding edge,en son teknoloji
bleep out,ses çıkarmak
blend in,uyum sağlamak
blend into the woodwork,ortadan kaybolmak
blend up,karıştır
bless out,bereketli olması
bless someone with,birini nimetlendirmekle
bless someone's cotton socks,Tanrı korusun
bless someone's heart,Allah yardım etsin
bless someone's little cotton socks,birinin küçük pamuklu çoraplarını kutsal…
bless you,Allah seni korusun
blessed event,kutlu olay
blimp out,kaybolmak
blimp up,şişirmek
blind date,kör randevu
blind leading the blind,körün körü takip etmesi
blind with science,bilimle kör olmak
blinded by nostalgia,nostaljiye kapılmak
bling out,parlatmak
bling up,parlatmak
blink first,Önce sen göz kırp
blink of an eye,göz kırpması
blip out,kaybolmak
bliss out,mutluluk içinde olmak
blitz out,hızla ayrılmak
blob off,kaynak kesme
blob out,belirsizleştirmek
block off,engellemek
block out,engellemek
block up,tıkayıp
blocking and tackling,temel beceriler
blood and guts,kan ve iç organlar
blood in,içinde kan
blood in the water,suda kan
blood is thicker than water,Kan sulardan daha koyudur
blood out,kan akıtmak
bloody oath,kesinlikle
bloody up,kanlı
bloom is off the peach,Şeftali ağacının çiçekleri döküldü
bloom is off the rose,güz bitti
blossom forth,çiçek açmak
blossom out,çiçek açmak
blot on the escutcheon,namus lekesi
blot one's copy book,itibarını zedelemek
blot out,gizlemek
blot up,Sıvıyı emmek
blow a fuse,sigortayı atlamak
blow a hole through,bir delik açmak
blow a kiss,öpücük göndermek
blow apart,parçalamak
blow away,savurmak
blow chunks,kusmak
blow down,yıkmak
blow hot air,boş laf etmek
blow hot and cold,kararsız olmak
blow in,içeri girmek
blow into,içine üfle
blow me,öp beni
blow me down,inanılmaz
blow off,savurmak
blow off steam,Buharını çıkarmak
blow on,üfle
blow one's chance,fırsatı kaçırmak
blow one's load,tümünü söylemek
blow one's mind,şaşkınlığa uğratmak
blow one's own trumpet,Kendini övmek
blow one's wad,parasını harcamak
blow out,söndürmek
blow out of proportion,abartmak
blow out of proportions,abartmak
blow out of the water,şok etmek
blow over,geçmek
blow past,geçmek
blow someone's back out,birinin sırtını incitmek
blow someone's brains out,beynini patlatmak
blow someone's cover,kimliğini ortaya çıkarmak
blow someone's mind,Aklını başını dağıtmak
blow the cobwebs away,tozları temizlemek
blow the doors off,Kapıları açmak
blow the lid off,gerçeği ortaya çıkarmak
blow the whistle,ifşalamak
blow this for a lark,boşa harcamak
blow this pop stand,Bu dükkanı patlat
blow this popsicle stand,Burayı kapatmak
blow this taco stand,Bu taco standını havaya uçur
blow through,geçirmek
blow to kingdom come,çok büyük bir darbe
blow tomahawks,savunma amaçlı kullanılan mızraklar
blow town,kasaba
blow up,patlamak
blow up in one's face,ters tepeceği
blow upon,üzerine üflemek
blow wide open,genişçe açılmak
blue chamber,mavi oda
blue devils,mavi şeytanlar
blue lives matter,polislerin hayatı önemli
blue moon,mavi ay
blue note,mavi nota
blue ribbon,mavi kurdele
blue state,mavi eyalet
blue wall of silence,sessiz duvar
blue-eyed boy,mavi gözlü çocuk
blue-sky thinking,iyimser düşünce
bluebird of happiness,mutluluğun mavi kuşu
blues and twos,polis sireni
bluff out,aldatmak
blur the line,Sınırı bulanıklaştırmak
blurt out,ağzından kaçırmak
blush is off the peach,göz alıcı
blush is off the rose,güzelliği solmuş
bo pian,iyi uyku
board out,barındırmak
board up,tahtalamak
Bob is your uncle,Bob senin amcan
bob under,saçların altında
bob up,ortaya çıkmak
Bob's your father's brother,Babanın kardeşi
Bob's your mother's brother,Bob senin annenın kardesi
Bob's your uncle,İşte bu kadar
body blow,Vücut darbesi
body English,vücut dili
body forth,ortaya koymak
bog down,zorlamak
bog in,bataklıkta
bog into,batmak
bog off,Defol
bogged down,Takılıp kalmak
boh bian,bohbien
boh pian,bohpian
boh pien,bilinmiyor
boil away,kaynatmak
boil down,özetlemek
boil off,kaynatmak
boil over,kaynamaya başlamak
boil up,kaynatmak
boiling frog,kaynayan kurbağa
boiling hot,kaynar derecede sıcak
boiling mad,öfkeden deli divane
boiling point,kaynama noktası
bollix up,karıştırmak
bollocks to it,Sana söyleyeyim
bollocks up,saçmalık
bolster up,desteklemek
bolt bucket,cıvata kova
bolt down,sıkıca sabitlemek
bolt from the blue,mavi gökten düşen şimşek
bolt in,vida ile sabitlemek
bolt to the bran,arıza
bomb around,etrafta dolaşmak
bomb off,patlatmak
bomb out,patlamak
bon appétit,Afiyet olsun
bona nochy,iyi geceler
bond out,teminatla serbest bırakmak
bone apple teeth,kemik elma diş
bone down,kemikleşmek
bone dry,tamamen kuru
bone hard,kemik gibi sert
bone in her teeth,dişlerinde bir parça
bone in the throat,boğazda kemik
bone of contention,tartışma konusu
bone out,kemiksiz
bone to pick,tartışılacak bir konu
bone up,hazırlanmak
boo up,desteklemek
boob up,Göğüslerini büyütmek
booby prize,teselli ödülü
booger off,Defol
booger up,burun akıntısı
boogie down,eğlenmek
boogie on down,eğlenmek
book away,rezervasyon yaptır
book burning,kitap yakma
book dumping,kitap yığma
book in,içeri gir
book into,rezervasyon yaptırmak
book off,rezervasyon iptali
book on,kitap hakkında
book up,dolu
boom goes the dynamite,dinamit patlıyor
boom off,patlama
boon and bane,hem iyi hem kötü
boot camp,askeri eğitim kampı
boot out,dışarı atmak
boot up,açılış
booty down,popo aşağı
booze can,birası kutu
booze cruise,sarhoşluk gezisi
booze up,sarhoş olmak
bop around,etrafta dolaşmak
bop it up,Hadi kaldırın
bop the bishop,piskoposu vur
border on,sınırlamak
bore in,delmek
bore out,kanıtlamak
bored out of one's mind,çok sıkılmış
bored shitless,çok sıkılmış
born and bred,doğma büyüme
born and raised,doğup büyüdüğüm
born in a barn,ahırda doğmuş
born in a mill,değirmende doğmuş
born in the vestry,vaftiz odasında doğmuş
borrow trouble,Sorun yaratmak
borrowed time,ödünç alınmış zaman
boss about,hakkında
boss around,talimat vermek
boss up,liderlik yapmak
botch up,bozmak
bottle away,saklamak
bottle down,sıkıştırmak
bottle off,şişeyi açmak
bottle out,çekinmek
bottle up,içine atmak
bottom dollar,en son teklif
bottom drops out,dibine düşmek
bottom falls out,dibine çökmesi
bottom fishing,dip balıkçılığı
bottom line,özetle
bottom of the line,en düşük seviye
bottom of the ninth,dokuzuncu innin sonu
bottom on,altında
bottom out,dibini tutmak
bottom the house,evin altı
bounce around,zıplamak
bounce back,to parlamak
bounce in,içeri gir
bounce into,zıplayarak içeri girmek
bounce off,sekerek uzaklaşmak
bounce off the walls,duvarlara çarpmak
bounce on it,Üzerine zıpla
bounce to the ounce,grama göre ölçülmek
bound ahead,öne doğru ilerlemek
bound to,bağlı
bouquets and brickbats,Övgüler ve eleştiriler
bow and scrape,eğilmek ve sürünmek
bow down,eğilmek
bow down before the porcelain god,porselen tanrıya eğil
bow in,eğilmek
bow out,çekilmek
bow to,eğilmek
bow up,şişirmek
bow-legged wi' brass,pirinçli bacaklı
bowl a googly,göğüs germe
bowl down,eğilmek
bowl of cherries,vişne kasesi
bowl out,yıkmak
bowl over,şaşırtmak
bowl up,kabarmak
Box and Cox,Kutu ve Cox
box clever,zeki olmak
box in,içine koymak
box off,kutu dışı
box oneself into a corner,kendini köşeye sıkıştırmak
box out,ayırmak
box seat,loca
box someone's ears,kulaklarını çimdiklemek
box the compass,pusula kullanmak
box up,kutuya koymak
boy howdy,merhaba
boy in the boat,tekneyle olan çocuk
boy off,erkek çocuk
boy toy,Oyuncak
boys and girls,erkekler ve kızlar
boys and their toys,erkekler ve oyuncakları
boys will be boys,erkekler erkeklik yapar
brace aback,şaşırmak
brace about,yaklaşık olarak
brace by,tarafından desteklenen
brace in,içine yerleştir
brace of shakes,iki kadeh içki
brace up,diklenmek
brag on,övmek
bragging rights,övünme hakkı
brain blast,beyin fırtınası
brain bucket,kask
brain candy,beyin yiyeceği
brain drain,beyin göçü
brain surgeon,beyin cerrahı
brain surgery,beyin ameliyatı
branch off,ayrılmak
branch out,yayılmak
brass ceiling,pirinç tavan
brass farthing,pirinç farthing
brass it out,üstesinden gelmek
brass monkey,pirinç maymunu
brass monkeys,pirinç maymunlar
brass neck,yüzsüzlük
brass off,çekil
brass out,gıcık çıkarmak
brass up,parlatmak
brassed off,sinirlenmek
brave new world,yeni dünya
brave out,başarmak
brazen out,cesurca ortaya çıkmak
bread and butter,ekmek ve tereyağı
bread and circuses,ekmek ve şovlar
bread of life,hayat ekmeği
breadcrumb up,ekmek kırıntısı yukarı
break a leg,başarılar dilerim
break a sweat,terlemek
break apart,parçalanmak
break away,ayrılmak
break back,sırtını incitmek
break cover,örtüyü kaldırmak
break down,bozulmak
break even,dengeye gelmek
break from,ara vermek
break gates,geçitleri aç
break in,arıza
break into,içeri girmek
break into a run,Koşmaya başlamak
break it down,parçalayalım
break it to,Bunu söylemek
break new ground,yeni şeyler yapmak
break off,kesmek
break on,ara ver
break one off,kırmak
break one's back,sırtını kırmak
break one's chops,konuşmak
break one's duck,başarı elde etmek
break one's heart,kalbini kırmak
break one's lance,kılıcı kırık
break one's neck,boynunu kırmak
break one's promise,sözünü tutmamak
break out,ortaya çıkmak
break ranks,sırlarıbozmak
break reality,gerçekliği bozmak
break someone's back,sırta yük bindirmek
break someone's face,yüzüne geçmek
break someone's heart,kalbini kırmak
break the back of,zor kısmını aşmak
break the bank,bütçeyi aşmak
break the buck,mali yükü üstlenmek
break the cycle,döngüyü kırmak
break the deadlock,Durumu çözmek
break the fourth wall,dördüncü duvarı yıkmak
break the ice,ortamı yumuşatmak
break the Internet,interneti çökertmek
break the mold,kalıpları yıkmak
break the Sabbath,Cumartesi'yi ihlal etmek
break the seal,mühürü açmak
break the story,hikayeyi anlat
break the wheel,tekerleği kırmak
break through,aşmak
break up,ayrılmak
break wind,gaz çıkarmak
break with,kopmakla
breast down,Göğüsleri yere dönük
breast up,Göğsü dik tut
breath and britches,nefes ve pantolon
breath of fresh air,yeni bir soluk
breathe a sigh of relief,içini çekmek
breathe a word,bir kelime söylemek
breathe down someone's neck,başının etini sızlatmak
breathe easy,iç rahatlığıyla
breathe in,iç çek
breathe life into something,hayat vermek
breathe new life into something,Bir şeye yeni bir soluk getirmek
breathe one's last,hayata veda etmek
breathe out,nefes vermek
breathe upon,üzerine nefes vermek
breed in the bone,doğuştan gelen
breed up,yetiştirmek
breeze off,hafif esinti
breeze past,hızla geçmek
breeze through,kolayca başarmak
breeze up,canlanmak
brevity is the soul of wit,Kısa olmak zekanın özüdür
brew up,hazırlamak
brick in,tuğla
brick in one's hat,şapkayı doldurmak
brick off,tuğlayı sök
brick over,tuğla ile
brick up,tuğla ile kapatmak
bricks and mortar,tuğla ve harç
bridge over troubled waters,zorlukların üstesinden gelmek
bridge the gap,farkı kapatmak
bridge up,köprüyü kaldır
bridle up,dizginlemek
brief against,karşı dava
bright and early,sabahın erken saatlerinde
bright lights,parlak ışıklar
bright line,kesin sınır
bright side,iyi yönü
bright spark,zeki zıpır
bright young thing,parlak genç insan
bright-eyed and bushy-tailed,canlı ve enerjik
bright-line rule,kesin kural
brighten up,aydınlatmak
brim over,taşmak
bring a knife to a gunfight,gereksiz bir riske girmek
bring a lump to someone's throat,Boğaza düğüm atmak
bring about,meydana getirmek
bring along,beraber getirmek
bring around,getirmek
bring away,götürmek
bring back,geri getirmek
bring back to life,hayata döndürmek
bring down,düşürmek
bring down on,üstüne getirmek
bring down the curtain,Perdeyi indirmek
bring down the hammer,acıma göstermemek
bring down the house,Seyirciyi coşturmak
bring forth,ortaya çıkarmak
bring forward,ileri getirmek
bring home,eve getirmek
bring home the bacon,ekmek parası kazanmak
bring in,getirmek
bring it weak,zayıf getir
bring off,başarmak
bring on,başlat
bring one's arse to an anchor,demirlemek için gelmek
bring one's own hide to market,kendi derisini pazara getirmek
bring oneself away,kendini uzaklaştırmak
bring oneself to,kendini toparlamak
bring out,ortaya çıkarmak
bring out in a rash,kaşıntı yapma
bring out of oneself,içindeki potansiyeli ortaya çıkarmak
bring over,getirmek
bring owls to Athens,Atina'ya baykuş getirin
bring round,getirmek
bring someone to their knees,dizlerinin üzerine çökertmek
bring through,başarıya ulaştırmak
bring to,getirmek
bring to an end,sonlandırmak
bring to bear,uygulama
bring to heel,kontrol altına almak
bring to justice,adalete teslim etmek
bring to life,hayata geçirmek
bring to light,ortaya çıkarmak
bring to nought,boşa çıkarmak
bring to the hammer,çekiçe getirin
bring to the table,katkıda bulunmak
bring together,bir araya getirmek
bring under,kontrol altına almak
bring up,yetiştirmek
bring up against,karşı karşıya getirmek
bring up the rear,arkada kalmak
bring up to,artırmak
bring upon,getirmek
bring with,beraber getirmek
brisk up,canlandırmak
bristle up,kıvırmak
bro down,düşmek
bro out,dışarı çıkmak
broach to,bağlantı
broad and shallow,geniş ve sığ
broad brush,genel olarak
broad in the beam,geniş gövdeli
broad shoulders,geniş omuzlar
broad strokes,Genel hatlarıyla
broaden one's horizons,ufuklarını genişletmek
broaden someone's horizons,ufuklarını genişletmek
broil up,kızartmak
broken arrow,kırık ok
broken heart,kırık kalp
broken hearted,kalp kırık
broken home,dağılmış aile
broken man,kırık dökük insan
broken record,kırık plak
broken reed,kırık kamış
broken vessel,kırık kap
Bronx cheer,Tıslama
bronze up,bronzlaşmak
brood above,yukarıda yuvalamak
broom up,süpürmek
bros before hoes,Kardeşler önce kadınlardan önce
bros before hos,Erkek kardeşler önce kadınlardan önce
brother from another mother,başka anneden kardeş
brown bag,kahverengi çanta
brown bread,kahverengi ekmek
brown noser,riyakar
brown out,kesinti
brown power,kahverengi güç
brown study,derin düşünce
brown thumb,yeşile elverişsiz
brown up,kahverengileşmek
browned off,canı sıkılmış
Brownian motion,Brown hareketleri
brownie point,hoşnutluk puanı
bruise up,morarmak
brush aside,yana atmak
brush away,silerek temizlemek
brush back,geriye çekilmek
brush by,geçmek
brush down,temizlemek
brush off,savuşturmak
brush out,taramak
brush over,üzerine fırçalamak
brush past,geçmek
brush up,tazelemek
brush up to,tazelemek
bubble in,köpürme
bubble over,taşmak
bubble under,altında kabarcık
bubble up,yükselmek
buck down,huzur ver
buck fever,heyecan
buck for,karşılığında
buck in,para yatırmak
buck off,indirmek
buck out,dökülmek
buck the trend,alışılagelmişin dışına çıkmak
buck up,diklen
buck up one's ideas,fikirlere sahip çıkmak
buck up to,destek olmak
bucket about,kova hakkında
bucket down,kovayı aşağı
bucket list,yapılacaklar listesi
bucket of bolts,parça yığını
bucket of rust,pas paslı küvet
bucket of syrup,şekerli şıra kabı
buckle down,daha çok çalışmak
buckle in,kayışları bağlayın
buckle over,eğilmek
buckle to,bağlamak
buckle under,pes etmek
buckle up,kayışları bağlayın
Buckley's and none,Buckley's ve hiçbiri
Buckley's chance,Hiçbir şansı yok
bud off,filiz vermek
bud out,kaybolmak
bud up,uyan
buddy up,beraber olmak
budge up,biraz yer aç
buff down,azaltmak
buff nor stye,göz iltihabı
buff out,parlatmak
buff the muffin,pasta parlat
buff up,güçlendirmek
buffer up,geçici bellek alanı oluşturmak
buffing the muffin,pasta parlatmak
bug down,sıkılmak
bug in,hata
bug off,Defol
bug out,panik yapmak
bug storm,böcek fırtınası
bug up,arıştırmak
bugger about,uğraşmak
bugger around,oyuncak yapmak
bugger off,Defol
bugger up,bozulmak
buggerise about,sahtekarlık
Buggins's turn,Buggins'in sırası
build a better mousetrap,daha iyi bir fare kapanı yap
build a case,bir dava açmak
build bridges,köprüler inşa etmek
build castles in the air,hayaller kurmak
build character,karakter geliştirmek
build down,aşağı inşa et
build in,içine yerleştirmek
build into,içine inşa etmek
build on,üzerine inşa etmek
build on sand,kum üzerine inşa etmek
build out,geliştirmek
build the plane while flying it,Uçarken uçağı inşa etmek
build up,geliştirmek
build upon,üzerine inşa etmek
built different,farklı bir şekilde inşa edilmiş
built like a brick outhouse,kaslı
built like a brick shipyard,Tuğla fırını gibi yapılmış
built like a brick shithouse,çok sağlam yapılı
bulk billing,toplu faturalama
bulk out,doldurmak
bulk up,kütle yapmak
bull in a china shop,kaba saba biri
bull session,saksama görüşme
bull up,kasıtlı olarak zorlamak
bully off,zorlamak
bum around,gezinmek
bum out,üzmek
bum rap,yanlış suçlama
bum rush,aceleyle hücum etmek
bum steer,sahtekâr
bum's rush,kovulmak
bumble along,yavaşlamak
bump across,tesadüfen karşılaşmak
bump and grind,sürtüşmek
bump and jump,çarpmak ve zıplamak
bump down,indirin
bump in the road,Beklenmedik sorun
bump into,çarpmak
bump off,ortadan kaldırmak
bump on,şişkinlik
bump up,ileri taşımak
bumper crop,bol hasat
bun fight,kavga
bunch in,içine
bunch together,bir araya gelmek
bunch up,toplanmak
bundle of energy,enerji dolu
bundle of joy,mutluluk kaynağı
bundle of laughs,çok eğlenceli
bundle of nerves,sinir yumağı
bundle off,bağlamak
bundle together,bir araya getirmek
bundle up,üzerinizi giyin
bundy off,bundy çıkarmak
bundy on,Üzerinde bir şeyler var
bung it on,Bunu yap
bung on,monte edilmiş
bung out,dışarı çıkmak
bung up,tıkayıp bozmak
bunk down,yatmak
bunk in,yatağa gir
bunk into,çarpmak
bunk off,devamsızlık yapmak
bunk out,uyumak
bunk together,beraber yatmak
bunk up,bir araya gelmek
bunker out,sığınak yapmak
bunker up,siper alın
bunny hop,tavşan zıplaması
bunny hug,tavşan kucaklaması
buoy up,yüzdürmek
buried treasure,gömülü hazine
burn a hole in someone's pocket,cebe delik açmak
burn away,yakarak yok etmek
burn bread,Ekmek yakmak
burn daylight,güneşin batmasını beklemek
burn down,yakmak
burn in,yanmakta
burn off,yakmak
burn one down,yakmak
burn one's boats,köprüleri yakmak
burn one's bridges,köprüleri yakmak
burn one's fingers,parmak yakmak
burn out,tükenme
burn rubber,lastik yakmak
burn someone's ears,kulaklarını yakmak
burn the candle at both ends,iki uçtan da mum yakmak
burn the midnight oil,Geceye kadar çalışmak
burn the roof,çatıyı yak
burn through,tüketmek
burn time,yanma süresi
burn up,tüketmek
burning question,önemli soru
burr in one's saddle,sırta diken olmak
burst forth,patlamak
burst in,patlamak
burst into,patlamak
burst into tears,ağlamaklı olmak
burst out,patlamak
burst out laughing,Kahkahalarla gülmek
burst someone's bubble,Hayalleri kırmak
burst up,patlamak
bury one's head in the sand,gözlerini kapatmak
bury the hatchet,barışmak
bury the lede,asıl haberi gizlemek
bus plunge,otobüsün düşmesi
bush league,amatör
bush out,yaymak
bush telegraph,dedikodu
business as usual,her zamanki gibi
business before pleasure,İş önce, sonra keyif
business end,iş kısmı
business girl,iş kadını
business is business,İş, işledir
busman's holiday,işinden tatil
buss down,parçalara ayırmak
buss it down,parçalayıp atın
bust a cap,ateş etmek
bust a move,hareket et
bust a nut,boşalmak
bust a U,U dönüşü yapmak
bust around,etrafta dolaşmak
bust ass,çok çalışmak
bust chops,abartmak
bust down,parçalama
bust in,baskın yapmak
bust into,içine girmek
bust it down,açıkla
bust off,kopmak
bust on,yakalamak
bust one's balls,çok uğraşmak
bust one's butt,çok çalışmak
bust one's chops,alay etmek
bust out,patlamak
bust the dust,tozu almak
bust up,parçalamak
busted flush,bozuk dağıtım
busy around,yoğun
busy as a bee,arı gibi çalışan
busy as a nailer,Çok meşgul
busy work,boş iş
but for,ama
but for the grace of God,Tanrı'nın lütfu olmasaydı
but good,ama iyi
but me no buts,ama ben ama demem
but seriously folks,ama ciddiyim arkadaşlar
but who's counting,ama kim sayıyor ki
butch up,erkek gibi davranmak
butcher's bill,kasap faturası
butcher's thumb,kasap parmağı
butt heads,tartışmak
butt in,göbek
butt out,karışma
butt up,yakınlaşmak
butter down,yumuşatmak
butter face,sıska yüzlü
butter one's bread on both sides,ekmeğin her iki tarafını yağlamak
butter out,tereyağı sürmek
butter the cony,tereyağı sürmek
butter up,hoş görmek
butter won't melt in someone's mouth,kimsenin ağzında tereyağı erimez
butter wouldn't melt in someone's mouth,çok iyi ve masum biri
butterfly upon a wheel,tekerlekteki kelebek
button nose,düğme burun
button one's lip,dişini sıkmak
button pusher,düğme basan
button through,düğmeden geçmek
button up,düğmesini kapatmak
buy a dog and bark oneself,köpek alıp kendisi havlamak
buy a ticket to,bir bilet almak için
buy and hold,al ve tut
buy back,geri satın almak
buy down,indirim yapmak
buy in,katılmak
buy into,yatırım yapmak
buy it,al
buy nice or buy twice,Ucuz olsun diye iki defa almaktansa bir …
buy off,rüşvet vermek
buy off on,satın almak
buy out,satın almak
buy out from under,arkadan hançerlemek
buy over,satın almak
buy straw hats in winter,kışın saman şapka almak
buy the farm,hayatını kaybetmek
buy the rights,hakları satın almak
buy the rumor,dedikoduyu satın al
buy the same horse twice,aynı atı iki kere satın almak
buy time,zaman kazanmak
buy to let,satın alıp kiraya vermek
buy up,satın almak
buy yourself a hat,kendine bir şapka al
buyer beware,alıcı dikkat etsin
buzz about,dedikodu
buzz in,vızıltı
buzz off,Defol
buzz up,popüler hale getirmek
buzzin' dozen,arı dolu bir düzine
by a hair's breadth,bir tüy kadar az
by a landslide,büyük bir farkla
by a long chalk,uzak ihtimalle
by a long shot,kesinlikle değil
by a long way,uzak bir şekilde
by a time,bir zaman içinde
by a whisker,bir tüy farkla
by accident,Kazara
by all accounts,görünüşe göre
by all appearances,görünüşe göre
by all means,elbette
by all reports,tüm raporlara göre
by an eyelash,bir kirpik kadar
by and large,çoğunlukla
by any chance,eğer mümkünse
by any means,her koşulda
by any measure,herhangi bir ölçüyle
by any stretch,hiçbir şekilde
by any stretch of the imagination,hiçbir şekilde
by blood,kan yoluyla
by chalks,tebessümlerle
by chance,belki de
by cock,horoz tarafından
by cock and pie,çok yaşamak
by committee,komite tarafından
by comparison,karşılaştırma ile
by contrast,buna karşılık
by crumbs,ekmek kırıntılarıyla
by crums,kırıntılarla
by day,gündüz
by default,varsayılan olarak
by definition,tanımlı olarak
by degrees,derece derece
by design,tasarımla
by dint of,sayesinde
by ear,kulakla
by extension,uzantı olarak
by eye,gözle
by fair means or foul,düz yoldan veya hileyle
by far,kesinlikle
by far and away,kesinlikle
by foot,ayakla
by George,George tarafından
by God,Tanrı aşkına
by guess or by gosh,Tahmin ederek veya şans eseri
by gum,şaşkınlıkla
by gummy,gummy tarafından
by half,yarısı kadar
by halves,yarım ölçüde
by hand,elle
by heart,ezberden
by hell,cehennemle
by hook and by crook,Her türlü yolla
by hook or by crook,Her türlü yolla
by hook or crook,Her türlü yolla
by inches,biraz
by leaps and starts,birbirine yakın aralıklarla
by little and little,yavaş yavaş
by means of,vasıtasıyla
by mistake,yanlışlıkla
by name,isimle
by nature,doğal olarak
by night,geceleyin
by no manner of means,hiçbir şekilde
by no means,kesinlikle değil
by no stretch,kesinlikle değil
by no stretch of imagination,hiçbir şekilde
by no stretch of the imagination,hiçbir şekilde
by numbers,sayı olarak
by one's lights,elinden gelenin en iyisi olarak
by one's lonesome,yalnız başına
by one's own hand,kendi eliyle
by owner,sahibinden
by rail,trenle
by reason of,nedeniyle
by return mail,geri posta ile
by return of post,posta yoluyla
by right,hakkıyla
by right of,hakkıyla
by rights,haklı olarak
by sail,yelkenle
by sight,gözle
by some distance,bir hayli
by starts and leaps,başlangıçlarla ve sıçrayışlarla
by steam,buharla
by the book,kitaba göre
by the bye,bu arada
by the day,günde
by the ears,kulaktan dolma
by the eye,gözle
by the Grace of Allah,Allah'ın lütfuyla
by the Grace of God,Tanrı'nın lütfuyla
by the holy poker,kutsal poker
by the immortal powers,ölümsüz güçler tarafından
by the job,işe göre
by the lay,dinleyenler tarafından
by the minute,dakik dakika
by the moment,o anda
by the name of,adıyla
by the numbers,sayısal olarak
by the piece,adetle
by the rood,Tanrıya yemin ederim
by the same token,aynı şekilde
by the score,çok sayıda
by the skin of one's teeth,tüy sıyırarak
by the sound of it,duyduğuma göre
by the strong hand,güçlü bir elin etkisiyle
by the ton,tonla
by the way,bu arada
by the way of,aracılığıyla
by trade,mesleğiyle
by turns,sırayla
by vice of,yan etkisiyle
by virtue of,sayesinde
by way of,aracılığıyla
by way of example,örneğin
by wire,kablolarla
by your leave,izinle
c'est la vie,hayat böyledir
cable up,kabloyu bağla
cack on,gıcık
cack up,kahkahaya boğulmak
Cadillac problem,Cadillac sorunu
Caesar's wife must be above suspicion,Sezar'ın eşinin şüpheden uzak olması ger…
caf up,kahve fincanı
caffeine up,kafein takviyesi
cake and gingerbread,pasta ve zencefilli kurabiye
cake crumbs,pasta kırıntıları
cake up,toplanmak
cake walk,kolay iş
cakes and ale,pasta ve bira
calculate out,hesaplamak
Cali or bust,Ya ya ya ya ya ya ya ya ya ya ya ya ya y…
call a lid,kapak takmak
call a shovel a shovel,Kazmayı kazma olarak adlandırmak
call a spade a spade,olayları olduğu gibi söylemek
call ahead,Önceden haber verin
call an ambulance,bir ambulans çağırın
call an audible,sesli komut verme
call around,Çevresine sormak
call away,uzaklaştırmak
call back,geri aramak
call down,cezalandırmak
call for,çağrı
call forth,çağırmak
call in,çağırmak
call it,Bunu adlandır
call it a day,işi bırakmak
call it a night,Güne veda et
call it an early night,Erken yatın
call it as one sees it,Olduğu gibi söylemek
call it quits,pes et
call it stumps,Oyunu bitirelim
call off,iptal etmek
call off the dogs,Köpekleri geri çağır
call on,çağırmak
call out,bağırmak
call over,çağırmak
call roll,katılım kontrolü
call round,gezi yapmak
call someone's bluff,birinin yalanını ortaya çıkarmak
call someone's number,Birinin numarasını aramak
call the ball,topu çağırmak
call the fire brigade,İtfaiyeyi çağırın
call the fire department,İtfaiyeyi ara
call the police,polisi ara
call the shots,karar vermek
call time on something,bir şeye son vermek
call to,çağrı
call to account,hesap verme
call to the bar,savunma istemi
call together,toplamak
call up,arama yapmak
call upon,çağırmak
calm before the storm,fırtınanın öncesindeki sakinlik
calm down,Sakin ol
calm the farm,Sakinleştir
calm your farm,Sakin ol
cam out,camdan çıkmak
camel's nose,deve burnu
cammy up,yukarı çık
camo up,kamuflaj
camp as a row of tents,Çadırların sıralandığı kamp alanı
camp down,kamp kurmak
camp it up,abartmak
camp out,kamp yapmak
camp out on,kamp kurmak
can a duck,bir ördek
can a duck swim,bir kuğu yüzebilir mi
can of corn,mısır konserve
can of worms,karmaşıklık
can we say,diyebilir miyiz
can you not,yapamazsın
can't be arsed,umursamamak
can't complain,şikayet edemem
can't do right for doing wrong,yanlış yaptığında bile doğru bir şey yap…
can't get enough,yeterince alamıyorum
can't help,yardım edemem
can't keep one's eyes off somebody,gözlerini birinden ayıramamak
can't keep one's eyes off something,gözlerini bir şeyden alamamak
can't lie,yalan söyleyemem
can't stand,dayanamıyorum
can't stand the sight of,görmeye tahammül edememek
can't take one's eyes off somebody,gözlerini birinden alamamak
can't take one's eyes off something,Bir şeye gözlerini alamamak
can't wait,sabırsızlanıyorum
canary fit,kanarya uyumu
canary in a coal mine,kömür madenindeki saka kuşu
cancel out,iptal etmek
cancel someone's Christmas,Birinin Noelini bozmak
candle in the wind,rüzgarda mum
cannot away with,başkalarına zarar veremez
cannot make it,katılamıyorum
cap in hand,dizilmiş
cap it all off,bunları bir araya getir
cap it off,tamamlamak
cap off,tutup
cap on,kapak
cap over the windmill,rüzgar değirmeninin kapağı
cap up,büyük harfe çevir
captain's pick,kaptan tercihi
carb up,karbonhidrat takviyesi yapmak
carbon burning,karbon yakma
carbonated water,gazlı su
card of ten,onluk
care a button,bir düğmeye tıklamak
care a jackstraw,dikkatli
care a whit,umursamak
care for,bakmak
care killed a cat,aşırı ilgi bir kediyi öldürebilir
care killed the cat,aşırı ilgi kediye zarar verdi
care of,bakım
care package,hediye paketi
careful what you wish for,istediğin şeye dikkat et
carpe diem,anıyaşa
carriage forward,ileri hareket
carriage trade,lüks ürünler
carried away,büyülenmiş
carrot and stick,kaba kuvvet ve ödül
carry a torch,bayrak taşımak
carry away,götürmek
carry coals to Newcastle,bodumla denize su satmak
carry forward,aktarmak
carry me out,beni dışarı çıkar
carry off,başarmak
carry on,devam et
carry one's weight,kendi ağırlığını taşımak
carry oneself,davranmak
carry out,yapmak
carry over,aktarmak
carry someone's water,birinin ekmeğini yemek
carry the ball,topu taşımak
carry the can,suçu üstlenmek
carry the mail,postayı taşımak
carry the message to Garcia,Mesajı Garcia'ya ilet
carry through,tamamlamak
carry up,yukarı taşımak
carry water for,su taşımak
cart away,uzaklaştırmak
cart off,taşımak
carve out,oymak
carve up,parçalama
carved in stone,taşa oyulmuş
case closed,soruşturma tamamlandı
case out,kontrol etmek
case the joint,eklem sabitlemek
case up,kılıfı takmak
cash for crash,kaza karşılığı para
cash in,nakde çevirmek
cash in one's chips,oyunu bırakmak
cash is king,nakit her zaman önceliklidir
cash on the barrelhead,peşin ödeme
cash out,nakit çekmek
cash up,kasayı kapatmak
cashed up,paraya sahip
cast a chill,soğukluk yaymak
cast a shadow,gölge düşürmek
cast about,etrafına bakmak
cast around,etrafı kolaçan etmek
cast aside,bir kenara bırakmak
cast aspersions,ifşa etmek
cast away,kıyıya bırakmak
cast back,geri fırlatmak
cast down,düşürmek
cast in concrete,betona dökülmüş
cast in someone's teeth,diş dolgusu
cast loose,serbest bırakmak
cast of thousands,çok sayıda oyuncu
cast off,atmak
cast on,dökme
cast one's bread upon the waters,ekmeğini suya at
cast one's mind back,geçmişe dönmek
cast one's net wide,geniş bir çevreye yayılmak
cast one's vote,oy vermek
cast out,dışarı atmak
cast over,yaymak
cast pearls before swine,incilere değer vermeyenlere inci vermek
cast round,etrafı sar
cast snowballs,kar topu atmak
cast the first stone,ilk taşı atmak
cast up,kusmak
cast up one's accounts,hesapları kapatmak
castle in the air,havada kalma
cat and dog life,kedi ve köpek hayatı
cat around,etrafta dolaşmak
cat got someone's tongue,birinin dili mi kesildi
cat in the meal-tub,yemek kabındaki kedi
cat in the sack,torbaya konmuş kedi
cat piss,kedi idrarı
cat that ate the canary,serçe yiyen kedi
cat's cradle,İp atlama oyunları
cat's meow,harika
catbird seat,avantajlı konum
catch a body,birini yakalamak
catch a break,ihtiyacın olan molayı vermek
catch a case,davaya karışmak
catch a cold,soğumak
catch a date,bir randevu ayarlamak
catch a fade,dayak yemek
catch a falling knife,düşen bıçağı yakalamak
catch a packet,bir paket yakalamak
catch a stray,sokak hayvanını kurtarmak
catch a wave,bir dalgada sörf yapmak
catch air,havayı yakalamak
catch as catch can,gönül rahatlığıyla
catch big air,Büyük bir sıçrama yapmak
catch dust,toz tutmak
catch feelings,duygular beslemek
catch fire,yanmak
catch flies,sinek yakalamak
catch hands,tutmakla yakalamak
catch heat,eleştirilmek
catch hell,çok azar yemek
catch it,yakala
catch napping,uyumak
catch no ball,topu yakalamamak
catch no balls,hiçbir şey yakalamak
catch of the day,günün yemeği
catch on,anlamak
catch one's breath,nefes almak
catch one's death,ciğerini sökebilirsin
catch oneself on,kendine gelmek
catch out,yakalamak
catch red-handed,elini yakalamak
catch sight of,görmek
catch some rays,güneşlenmek
catch some z's,uyumak
catch someone napping,Uyuyan yakalamak
catch someone's drift,ne demek istediğini anlamak
catch someone's eye,dikkatini çekmek
catch the eye,dikkat çekmek
catch the sun,güneşlenmek
catch up,yetmek
catch wind of something,bir şeyden haberdar olmak
catch you later,Sonra görüşürüz
catch you on the flip side,tekrar görüşmek üzere
cattle call,toplu başvuru
cattle up,sığır sürüsü
caucus race,toplantı yarışı
caught between two stools,iki ateş arasında kalmak
caught short,yakalanmak
caught up,yakalanmış
caught with one's pants down,Hazırlıksız yakalanmak
caulk off,silerek kapatmak
cause a stir,Huzursuzluk yaratmak
cause and effect,neden ve sonuç
caution - slippery when wet,dikkat kaygan zemin ıslakken
cautionary tale,uyarı hikayesi
cave in,çökme
cave out,mağara açmak
caveat emptor,alıcıya dikkat
caveat lector,okuyucuya dikkat
caviar to the general,genel olarak havyar
cede the field,alanı bırakmak
cell up,hücreye alma
Celtic curse,Kelt laneti
cement together,birleştirmek
center field,orta saha
center part,orta kısım
Centrelink time,Centrelink saati
cerebrally challenged,zihinsel engelli
chacun a son gout,Herkesin zevki farklıdır
chain up,zincirlemek
chair up,kalk
chalk against,tebeşirle
chalk and cheese,üzüm ve peynir
chalk and talk,ders anlatmak
chalk down,tebeşirle yazmak
chalk it down,kaydetmek
chalk off,işaretlemek
chalk out,belirlemek
chalk something up to experience,tecrübe olarak görmek
chalk talk,tahta üzerinde anlatmak
chalk up,kaydetmek
chalk up to,sebep göstermek
champ down on,sıkmak
champ up,teşvik etmek
champagne taste on a beer budget,Şampanya zevki, bira bütçesiyle
chance on,şansa bağlı olarak
chance upon,tesadüfen karşılaşmak
chance would be a fine thing,keşke öyle olsaydı
chance'd be a fine thing,eğer mümkün olsaydı harika olurdu
chances are,muhtemelen
change around,değiştir
change collars,yakaları değiştirmek
change down,azaltmak
change hands,El değiştirmek
change horses in midstream,akıntıya karşı at değiştirmek
change of clothes,giysi değişimi
change of heart,fikir değişikliği
change of life,hayat değişimi
change of pace,Hız değişimi
change of scenery,manzara değişikliği
change of tack,yön değişikliği
change one's battery,pili değiştirmek
change one's mind,fikrini değiştirmek
change one's story,hikayesini değiştirmek
change one's tune,tavır değiştirmek
change out,değiştir
change over,değişim
change someone's mind,fikrini değiştirmek
change the channel,Kanalı değiştirmek
change the game,oyunu değiştirmek
change up,değiştirmek
change with the times,zamana ayak uydurmak
chaotic neutral,kaotik tarafsız
Chap laps,Dudak kenarları
chapter out,bölüm dışarı
char up,yukarı git
character assassination,karalama
charge down,aşağıya doğru hareket etme
charge off,silmek
charge up,şarj etmek
charity begins at home,iyilik önce evden başlar
charity mugger,hayırsever hırsız
charley horse,kas krampi
charm offensive,büyüleyici bir yaklaşım
charm the birds from the trees,kuşları ağaçlardan indirmek
charm up,çekici hale getirmek
charmed life,büyülü hayat
chase a rainbow,gökkuşağı kovalamak
chase after,koymak
chase away,uzağa göndermek
chase down,koymak
chase off,uzağa göndermek
chase one's tail,kuyruğunu kovalamak
chase rainbows,gökkuşaklarını kovalamak
chase tail,kuyruk kovalamak
chase the ace,as kovalama
chase the dragon,ejderhayı takip etmek
chase up,takip etmek
chat away,sohbete dalmak
chat up,flört etmek
chaw up,sakız çiğnemek
che sara sara,ne olacaksa olacak
che sera sera,yarın ne olacak
cheap and cheerful,ucuz ve hoş
cheap at half the price,yarısı fiyatına bile değmez
cheap drunk,ucuz sarhoşluk
cheap out,cimri olmak
cheap thrill,ucuz heyecan
cheap-arse Tuesday,ucuzsalı salı
cheapen out,daha ucuz hale getirmek
cheaper by the dozen,daha ucuz toplu alımlarda
cheat on,aldatmak
cheat out,hile yapmak
cheat out of,dolandırmak
cheat sheet,Hızlı rehber
cheaters never prosper,Hile yapanlar asla başarılı olmaz
cheats never prosper,Hile yapanlar asla başarılı olmaz
check and balance,denge ve kontrol
check in,kayıt yaptırmak
check in on,kontrol etmek
check in with oneself,iç sesini dinlemek
check into,içeri olmak
check is in the mail,Çek yolda
check off,işaretlemek
check on,kontrol etmek
check out,incelemek
check over,kontrol et
check the math,matematik hesaplarını kontrol et
check through,kontrol et
check up,kontrol
check up on,kontrol etmek
check you out,seni incelemek
check your privilege,ayrıcalığınızın farkında olun
check yourself before you wreck yourself,Kendini kontrol et yoksa kendini mahvede…
checks play,kontrol oyunları
checkup from the neck up,boyundan yukarı muayene
cheek by jowl,yana yana
cheek for chowl,yüz kızartmak
cheek it out,incele
cheek it through,kontrol et
cheek up,yüzü şişirmek
cheek up to,cesaret etmek
cheeky monkey,yaramaz maymun
cheer on,teşvik etmek
cheer up,neşe içinde ol
cheers my dears,sevgilerimle
cheese down,peynir aşağı
cheese it,Hadi gidelim
cheese off,peynir kesmek
cheese out,eğlenmek
cheese tax,peynir vergisi
cheese up,güzelleştirmek
cheesed off,sinirlenmek
chef up,hazırlamak
chemically imbalanced,Kimyasal dengesi bozuk
chemically impaired,Kimyasal olarak etkilenmiş
chemically inconvenienced,Kimyasal olarak rahatsız
cherry on top,tuzak
chess piece,satranç taşı
chest down,göğsü düşür
chest up,göğüs yukarı
chesterfield rugby,Çesterfild ragbi
chew off,kemirmek
chew on,kemirmek
chew out,azarlamak
chew over,tartışmak
chew the cud,düşünmek
chew the scenery,oyuncak çiğnemek
chew up,çiğnemek
chick with a dick,Seks yapan kadın
chicken feed,tavuk yemi
Chicken Licken,Tavuk Anka
chicken out,korkmak
chicken scratch,çizik yazı
chicks before dicks,Önce tavuklar sonra horozlar
child's play,çocuk oyuncağı
chill it with,onu bırak
chill out,rahatla
chill to the bone,derinden gelen bir soğukluk
chillin' like a villain,rahat tavırlar
chilly climate,soğuk iklim
chime in,katkıda bulunmak
chime up,çalmak
chimney's afire,şömine yandı
chimp out,kontrolünü kaybetmek
chin up,nefes al
China syndrome,Çin sendromu
China's final warning,Çin'in son uyarısı
Chinaman on one's back,Sırtta ağırlık hissi
Chinaman's chance,Çok düşük bir ihtimal
Chinese compliment,Çinçe övgü
Chinese green,Çin yeşili
Chinese overtime,Çin'de fazla mesai
Chinese puzzle,Çin bulmacası
Chinese Wall,Çin Duvarı
Chinese water torture,Çin işkencesi
chink in the armor,zırhtaki delik
chink up,bozmak
chip and charge,şarj et ve tak
chip at,parçalara ayırmak
chip away,parçalara ayırmak
chip in,katkıda bulunmak
chip into,parçalamak
chip off the old block,babasinin kopyası
chip on one's shoulder,ezik tavır
chip shot,yakın vuruş
chip up,moralini yükseltmek
chipper up,neşe vermek
chirk up,Neşelenmek
chisel in,oymak
chisel out,oymak
chisel up,oymak
chocolate teapot,çikolatalı çaydanlık
choke back,iç geçirmek
choke down,yutmak
choke off,kesmek
choke on,boğulmak
choke out,boğmak
choke the chicken,tavuğu boğmak
choke up,boğulmak
chomp at the bit,heyecanla beklemek
chomp down on,ısırmak
chonk up,şişkinleşmek
choose one's fighter,rakibini seçmek
choose out,seçmek
choose up,seçmek
choose violence,şiddeti seçmek
chop and change,değişiklik yapmak
chop and drop,kes ve bırak
chop down,kesmek
chop it up,doğramasını söyleyin
chop off,kesmek
chop out,kesmek
chop up,doğramak
chopped liver,sade karaciğer
chow down,yememek
Christmas came early,Noel erken geldi
Christmas come early,Noel erken geldi
Christmas comes but once a year,Noel yılda bir kez gelir
Christmas comes early,Noel erken geldi
Christmas graduate,Noel mezunu
Christmas is coming,Noel geliyor
Christmas tree bill,Noel ağacı faturası
chrome dome,krem rengi saç
chrome horn,krom boynuz
chub up,şişmek
chuck away,atmak
chuck down,atmak
chuck in,eklemek
chuck it,Bırak
chuck it down,İçine koy
chuck it in,İçine koy
chuck it up,bırak
chuck off,atmak
chuck out,dışarı atmak
chuck over,atmak
chuck up,kusmak
chug away,içmek
chum in,arkadaş
chum in the water,su samuru
chum up,sarılmak
chump change,değiş tokuş parası
chump off,kesmek
churn and burn,hızlı ve verimsiz
churn out,üretmek
churn up,karıştırmak
ciao bella,merhaba güzelim
circle back,geri dönmek
circle gets the square,daire kareyi kapsar
circle in,içine
circle out,daire içine almak
circle the drain,lavaboya doğru dönmek
circle the wagons,Çember oluşturmak
circle up,daire oluşturmak
circuit slugger,devreye müdahale eden
circular file,dairesel dosya
circular firing squad,döngüsel ateşleme düzeni
citation needed,kaynak belirtilmeli
civil tongue,nezaketli konuşma
clabber up,pıhtılaşmak
claim someone's life,hayatını almak
claim to fame,ünlü olma sebebi
clam up,sus olmak
clamp down on,sıkılaştırmak
clamp off,kesmek
clap back,karşı hamle yapmak
clap eyes on,görmek
clap in,içeri gir
clap on,alkışlamak
clap one's hands red,ellerini kızartmak
clap out,bitirmek
clap together,birbirine vurmak
clap up,alkışlamak
clash of the ash,kül çatışması
class clown,sınıfın palyaçosu
class up,sınıfı yükseltmek
claw away,tırmalamak
claw back,geri almak
claw off,soyma
clay up,çamurla kaplamak
clean as a bean,pırıl pırıl
clean as a hound's tooth,pırıl pırıl
clean as a whistle,pırıl pırıl
clean break,kesin ayrılık
clean down,temizlemek
clean hands,temiz eller
clean money,temiz para
clean off,temizlemek
clean out,temizlemek
clean someone's clock,yeneceğini göstermek
clean up,temizlemek
clean up after,temizlemek
clean up one's act,davranışını düzeltmek
cleanliness is next to godliness,Temizlik, dindarlığın yanında bulunur
cleanup in aisle,koridor temizliği
cleanup on aisle,sağlık ekibi
clear away,temizlemek
clear blue water,berrak mavi su
clear cut,kesin
clear off,boşaltmak
clear one's lines,hatları temizlemek
clear out,boşaltmak
clear somebody's name,Birinin adını temizlemek
clear the air,havayı temizlemek
clear the table,Masayı temizle
clear up,açıklamak
clew down,azaltmak
clew up,açığa çıkarmak
click for,tıklayın
click into gear,vitese geçmek
click of the fingers,parmak şıklatması
click off,kapatmak
click through,tıklayarak geçmek
clicks and bricks,çevrimiçi ve fiziksel
climb down,İnecek
climb into,içine girmek
climb the ladder,merdiveni tırmanmak
climb the walls,duvarlara tırmanmak
climb up,tırmanmak
cling on,tutunmak
cling to,yapışmak
clinically dead,klinik olarak ölü
clip in,klipsli
clip it,onu kes
clip someone's wings,kısıtlama getirmek
clip strip,klipsli şerit
clock down,saatleri ayarlamak
clock in,işe başlamak
clock is running,saat çalışıyor
clock is ticking,Saat tik tak ediyor
clock off,işten çıkış
clock on,işe başlamak
clock onto,anlamak
clock out,işten çıkış
clock the tea,çay saati
clock up,birikmek
clog up,tıkayıp kalmak
clogs to clogs in three generations,üç nesil boyunca yoksulluktan zenginliğe
close at hand,yakınlarda
close but no cigar,neredeyse ama olmadı
close by,yakınlarda
close down,kapatmak
close enough for government work,devlet işleri için yeterince iyi
close in,yakınlaşmak
close in on,yaklaşmak
close in upon,yaklaşmak
close off,kapamak
close on the heels of,ardından
close one eye,Bir gözünü kapat
close one's eyes,gözlerini kapatmak
close one's mind,zihnini kapatmak
close only counts in horseshoes,Sadece at nallarında yakın olmak önemlid…
close out,kapatmak
close round,yuvarlak olarak kapatmak
close season,Avlanma yasağı
close the book on,konuyu kapatmak
close the books,defterleri kapat
close the face,yüzü kapatmak
close to,yakın
close to home,evden yakın
close to one's heart,kalbin yakınında
close up,yakın çekim
close with,kapatmakla
closed book,Kapalı kitap
closely held,gizli
closet case,kısacık süreyle
clothes don't make the man,Giyim adamı tanımlamaz
clothes make the man,Giyim adamı tanımlar
clothes maketh the man,Giyim adamı tanımlar
clothespin vote,çamaşır mandalı oy
cloud nine,bulutların üzerinde
cloud over,bulutlu hava
cloud seven,bulutların üzerinde
cloud up,bulutlanmak
clout list,etki listesi
clout on,etki etmek
clown about,alay yapmak
clown around,alay yapmak
clown college,palyaço okulu
clown on,alaycı
clown school,palyaço okulu
club out,vurmak
club together,bir araya gelmek
clue in,ipucu vermek
clue stick,ipucu çubuğu
clue up,bilgilendirmek
clump up,toplanmak
clutch artist,büyük yetenekli oyuncu
clutter up,dağınıklık yaratmak
coach up,eğitmek
coals to Newcastle,kömür taşımak
coat up,örtmek
cobber up,örtbas etmek
cobble together,bir araya getirmek
cobble up,bir araya getirmek
cock a snook,burun kıvırmak
cock cheese,horoz peyniri
cock in a frock,tavuk kıyafeti giymiş
cock in the henhouse,horoz tavuklar arasında
cock it over,üstüne koymak
cock of the roost,havlayan köpek
cock of the walk,guruba dahil olanlar arasında en önemli …
cock off,çıkartmak
cock on,üzerine
cock one's toes,parmaklarını oynamak
cock up,berbat etmek
cock-and-bull story,uydurma hikaye
cocker up,kabarmak
code up,kodlamak
coffee money,kahve parası
coffee talk,kahve sohbeti
coffee up,kahve hazır
cog fog,beyin sisi
coil up,sarmak
coke dick,koka penis
Colbert bump,Colbert etkisi
cold as ice,buz gibi
cold cash,nakit
cold chills,üçmeler
cold comfort,teselli edici değil
cold day in Hell,Cehennemde soğuk bir gün
cold fish,soğukbalık
cold hand,soğuk el
cold hard cash,nakit
cold one,soğuk bira
cold shoulder,soğuk davranış
cold snap,soğuk hava dalgası
cold treatment,soğuk uygulama
cold turkey,ani bırakma
collar up,Yakanı kaldır
collect dust,tozlanmak
collect one's thoughts,düşüncelerini toplamak
collect up,toplamak
collectively exhaustive,kapsayıcı ve eksiksiz
color in,boyamak
color me,boya beni
color up,renklendirmek
colour in,renklendirmek
colour up,renklendirmek
comb down,tarakla düzeltmek
comb out,taraklamak
comb over,saç tarama
comb through,taramak
come a cropper,başarısız olmak
come a long way,uzak yol katetmek
come about,ortaya çıkmak
come across,karşılaşmak
come across with,karşılaşmak
come after,ardından gelmek
come again,tekrar gel
come alive,canlanmak
come along,Gel bakalım
come and go,Gelip gitmek
come apart,parçalanmak
come apart at the seams,dikişleri sökülmek
come around,gelmek
come as a surprise,şaşırtıcı olmak
come at,gelmek
come away,git
come back,geri gel
come back from the dead,Öldükten sonra dirilmek
come before,önce gelmek
come between,Arada olmak
come by,gelmek
come clean,gerçeği söylemek
come down,inmek
come down in stair rods,merdivenden inmek
come down in the last shower,son yağmura denk gelmek
come down on,aşağı inmek
come down to,özetle
come down to earth,gerçekliğe dönmek
come down to us,bize ulaşmak
come down upon,üzere gelmek
come down with,hastalık kapmak
come first,öncelikli olmak
come for,gelmek için
come forth,ortaya çıkmak
come forward,öne çıkmak
come from,gelmek
come from a Cracker Jack box,Cracker Jack kutusundan çıkmak
come from a good place,iyi niyetli olmak
come from behind,Geride gelmek
come from below,Aşağıdan gelmek
come full circle,Tamamlanmak
come hell or high water,Ne olursa olsun
come here to me,Buraya gel
come home by weeping cross,ağlayarak eve dönmek
come home to roost,sonuçlarını göstermek
come in,içeri gelin
come in for,için gelmek
come in from the cold,soğuktan gelmek
come in handy,faydalı olmak
come in hot,çok sıcak
come into,girmek
come into being,var olmak
come into effect,Yürürlüğe girmek
come into force,Yürürlüğe girmek
come into its own,kendini göstermek
come into one's own,kendini göstermek
come into play,oyuna girmek
come into the world,doğmak
come into view,Görünmek
come knocking,gelip çalmak
come of,sonuçlanmak
come of age,erginleşmek
come off,düşmek
come off it,Saçmalama
come on,haydi
come on in,içeri gel
come on over,Gel buraya
come on strong,çok iddialı
come on to,gel
come online,çevrimiçi olmak
come onto,gel
come out,ortaya çıkmak
come out in,ortaya çıkmak
come out in the wash,ortaya çıkmak
come out of one's shell,Kabuğundan çıkmak
come out of the broom closet,dolaptan çıkmak
come out of the closet,Kendini açmak
come out of the woodwork,ortadan kaybolup tekrar ortaya çıkmak
come out swinging,Saldırıya geçmek
come out with,ortaya çıkarmak
come over,Gel
come right,doğru gel
come round,gelmek
come the acid,asit gel
come the old soldier,yaşlı asker
come thick and fast,ard arda gelmek
come through,başarıp tamamlamak
come to,gelmek
come to a close,sona ermek
come to a halt,Durmak
come to a head,başını çekmek
come to a sticky end,kötü bir sona ulaşmak
come to an end,Bitiş
come to blows,kavga etmek
come to find out,sonradan ortaya çıktı
come to fruition,gerçekleşmek
come to grief,başarısız olmak
come to grips with,baş etmekle
come to Jesus,gerçekle yüzleşmek
come to life,canlanmak
come to light,ortaya çıkmak
come to mention it,bir de ne gezer
come to mind,aklıma gelmek
come to nothing,hiçbir şeye yaramamak
come to nought,boşa gitmek
come to one's senses,dengini bulmak
come to oneself,kendine gelmek
come to papa,baba gel
come to pass,gerçekleşmek
come to power,İktidara gelmek
come to someone's aid,yardım etmek
come to someone's rescue,Birinin kurtuluşuna koşmak
come to terms,uzlaşmak
come to terms with,uzlaşmak
come to the fore,öne çıkmak
come to think of it,düşünürsek
come to time,akıllanmak
come together,bir araya gelmek
come true,gerçek olmak
come under,kapsamak
come under fire,Ateşe maruz kalmak
come under pressure,Baskı altında olmak
come unhinged,akıllanmamak
come unstuck,yapışması çözülmek
come up,ortaya çıkmak
come up against,karşılaşmak
come up and bite,Gel ve ısır
come up from behind,Arkadan gelmek
come up roses,güzel sonuçlanmak
come up to,yaklaşmak
come up with,bulmak
come up with snake eyes,yılan gözü elde etmek
come up with the goods,beklentileri karşılamak
come upon,karşılaşmak
come upon the parish,kiliseye gelmek
come upon the town,Şehre gelmek
come what may,Ne olursa olsun
come with,beraber gel
come with it,beraber gel
come with the territory,işin gereği
comedy equals tragedy plus time,Komedi, trajediye zamana eklendiğinde or…
comedy gold,komedi şöleni
comedy of errors,komik hatalar
comfort girl,rahatlatıcı kız
comfort woman,rahatlatıcı kadın
comfort zone,konfor alanı
comfortable in one's own skin,Kendini rahat hissetmek
comfortably off,rahat ve iyi durumda
coming and going,Gelip gitmek
coming into the world,dünyaya gelmek
coming right up,hemen geliyor
command performance,emirle yapılan gösteri
comme moi,benim gibi
comment out,yorum satırı haline getirmek
common ground,ortak zemin
common or garden variety,sıradan
common purse,ortak hesap
common run,normal koşu
common touch,samimiyet
company town,fabrika kasabası
compare and despair,karşılaştırmak ve umutsuzluğa kapılmak
compare notes,notları karşılaştırmak
comparison is the thief of joy,Karşılaştırma mutluluğu çalan bir hırsız…
compass out,pusula aç
complete and utter,tamamen ve kesinlikle
completely and utterly,tamamen ve kesinlikle
completely metrizable,tam olarak metriklenmiş
compliments of the house,evimizin ikramı
computationally secure,hesaplama açısından güvenli
computer says no,bilgisayar izin vermiyor
conclusively presumed,kesin olarak varsayıldı
concrete jungle,beton orman
condemn to,cezalandırmak
condescend upon,küçük görmek
cone off,ayır
confide in,güvenmek
conflict out,çatışma sona erdi
confront one's demons,kendi şeytanlarıyla yüzleşmek
conjure up,canlandırmak
conk off,ölmek
conk out,uyumak
connect the dots,noktaları birleştirmek
connect up,bağlamak
connecting rod,bağlantı çubuğu
conscience money,vicdan parası
conscious and oriented,bilinçli ve yönelmiş
consenting adult,rıza gösteren yetişkin
conservatively correct,muhafazakarca doğru
consider it done,Haloldu
considering cap,kap dikkate alarak
considering that,göz önünde bulundurarak
consist in,içermek
consist of,içermek
conspicuous by one's absence,Yokluğuyla dikkat çeken
cont p.94,devam ediyor 94. sayfa
cont p94,devam 94. sayfa
cont. p.94,devam ediyor 94. sayfa
cont. p94,devam 94. sayfa
contain multitudes,çok yönlü olmak
contend with,baş etmekle
continued on page 94,94. sayfada devam ediyor
continued page 94,devam sayfa 94
contract in,içeri çek
contract out,dış kaynak kullanmak
contract out of,sözleşmeden çekilmek
contrary to,tersine
contrary to popular belief,yaygın inanışın aksine
cook back,tekrar pişirmek
cook off,pişirme yarışması
cook out,ızgara yapmak
cook someone's goose,birinin planlarını bozmak
cook the books,defterleri tutmak
cook through,içine doğru pişmek
cook up,uydurmak
cook up a storm,harikalar yaratmak
cooking on gas,gazla pişirmek
cooking with gas,gazla yemek pişirmek
cool cat,havalı kedi
cool down,soğumak
cool head,sakin zihin
cool heads must prevail,Sakinliğin hakim olması gerekir
cool heads prevail,sakinler galip geliyor
cool heads will prevail,Sakıncalı durumlar sakinlikle aşılır
cool off,soğumak
cool one's heels,beklemek
cool one's jets,Sakin ol
cool out,sakin ol
cooler heads must prevail,Akılcı düşüncelerin ön plana çıkması ger…
cooler heads prevail,akıl başta
cooler heads prevailed,Akıl başını tuttu
cooler heads will prevail,Akıl başa gelecektir
coon's age,sincap yaşı
coop in,kooperatif
coop up,hapsetmek
cop off,polisten yakalanmak
cop off with,birlikte kaçmak
cop on,polislerle işbirliği yapmak
cop one's whack,birini dövmek
cop oneself on,kendini teselli etmek
cop onto,anlamak
cop out,kaçmak
cope and seethe,başa çıkmak ve öfkelenmek
cope with,başa çıkmak
copper chopper,bakır doğrayıcı
copy down,not etmek
copy out,kopyalamak
corbel out,konsol çıkıntı
cordon off,kordon çekmek
cork off,mantarını çıkarmak
cork out,mantarını çıkarmak
cork up,tıkaçlamak
corner the market,piyasayı ele geçirmek
corner up,köşeye sıkışmak
corporate ladder,kari merdiveni
corporate welfare bum,kurumsal destek yiyen parazit
corporation pop,kurumsal müzik
correct me if I'm wrong,yanlışsam düzeltin
cost out,maliyetini hesaplamak
cost the earth,çok pahalıya mal olmak
cost up,maliyet artışı
cosy along,sımsıkı sarılmak
cosy up,sımsıkı sarılmak
cosy up to,yakınlaşmak
cotton on,anlamak
cotton on to,anlamak
cotton onto,anlamak
cotton to,pamuk
couch down,indirgenmiş
couch potato,dizi bağımlısı
couch up,kusmak
cough down,öksürerek yutmak
cough out,öksürmek
cough over,öksürmek üzerine
cough up,öksürmek
could go all day,Tüm gün gidebilirim
could have fooled me,bana bir şey dememiş olsaydın
could hear a pin drop,iğne düşse duyulur
could I get the bill,hesabı alabilir miyim
could not get elected dogcatcher,belediye başkanı bile seçilemedi
could we get the bill,Hesabı alabilir miyiz
coulda fooled me,bana ters düşebilirdi
couldn't be more different,daha farklı olamazdı
couldn't care less,umursamam
couldn't happen to a nicer,daha iyi birine olamazdı
couldn't organise a chook raffle,tavuk çekilişi bile düzenleyemezdi
couldn't organise a two-ticket raffle,iki biletlik bir çekiliş bile düzenleyem…
count 'em,sayın
count against,zararına olmak
count angels on pinheads,boş işlerle uğraşmak
count down,geri sayım
count in,saymak
count noses,kişi sayımı yapmak
count off,saymak
count on,güvenmek
count one's blessings,şükretmek
count one's days,günlerini saymak
count out,saymak
count sheep,koyun saymak
count to five,Beşe kadar say
count to ten,ona kadar say
count to three,üçe kadar say
count towards,sayılmak
count up,saymak
count upon,güvenmek
countably additive,sayılabilir toplamsal
countably infinite,sayılabilir sonsuz
country mile,uzak mesafe
couple up,birleşmek
courage of one's convictions,inançlarına bağlılık
court of public opinion,kamuoyu
covenant of salt,tuz sözleşmesi
cover one's bases,her ihtimale karşı hazırlıklı olmak
cover one's feet,ayaklarını örtmek
cover someone's ass,sorumluluğunu üstlenmek
cover up,örtbas etmek
cow juice,inek sütü
cowboy killer,kovboy katili
cowboy shower,kovboy duşu
cowboy up,cesaretini topla
cowgirl position,kızgınlık pozisyonu
Cox and Box,Cox ve Box
cozy up,sımsıkı sarılmak
cozy up to,yakınlaşmak
crab mentality,yengeç zihniyeti
crack a crust,kabuğu çatlamak
crack a fat,kırık bir şey
crack a smile,gülümsemek
crack along,boyunca yayılmak
crack down,sıkılaştırmak
crack hardy,sağlam
crack kills,uyuşturucu öldürür
crack of dawn,sabahın ilk ışıkları
crack off,kırılmak
crack on,çatlamak
crack one off,bir tane içmek
crack onto,flört etmek
crack out,çatlamak
crack through,aşırmak
crack up,gülmek
cradle robber,evlilik dışı ilişkiler yaşayan kişi
cradle snatcher,bebek hırsızı
cram together,sıkıştırmak
cramp someone's style,havayı bozmak
cramp up,kramplar geçirmek
crank off,çalıştırmak
crank one out,üretmek
crank one's hog,motoru gaza basmak
crank out,üretmek
crank the handle,Kolunu çevir
crank up,artırmak
crap around,boş konuşmak
crap on,pislik atmak
crap out,bozulmak
crap up,bozulmak
crash course,hızlı başlangıç
crash dive,derinlere dalış
crash in,çarpışmak
crash out,uyumak
crawl before one walks,Önce emekle, sonra yürür
crawl into a hole,Bir deliğe girip saklanmak
crawl over each other,birbirinin üzerinden geçmek
crawl with,tırmanmakla
crazy enough to work,İşe yarayacak kadar çılgın
crazy up,çok heyecanlı
cream in one's coffee,kahveye krema koymak
cream in one's jeans,pantolonunun üzerine krema sürmek
cream of the crop,en iyisi
cream off,en üst katı almak
cream the crop,en iyilerini seçmek
cream up,krema sürmek
crease up,gülmek
creature comfort,konfor
creature feature,canavar özelliği
creature of habit,alışkanlıkları olan
creature of statute,yasal düzenlemeyle oluşturulmuş varlık
creature of the night,gece yaratığı
credit where credit's due,Hak ettiğini almak
creep in,sızmak
creep on,taciz etmek
creep out,rahatsız etmek
creep up,süzülmek
creep up on,sessizce yaklaşmak
creepy weepy,korkunç ağlayarak
crescent spanner,yarımel
crew up,ekip oluşturmak
crime doesn't pay,Suç işlemenin bir bedeli vardır
Crimea river,Kırım nehri
Crip out,Çıkmak
crip up,daha havalı yapmak
criss-cross applesauce,çapraz bacaklar
crit out,eleştirmek
critically damped,kritik olarak sönümlenmiş
crock of gold,altın testi
crock off,sahtecilik yapmak
crock up,bozulmak
crocodile tear,timsah gözyaşı
crony capitalism,kayırmacılıkla yürütülen kapitalizm
crop out,kesmek
crop up,ortaya çıkmak
cross lots,Çapraz parseller
cross my heart,kalbime koyarak
cross of gold,altın haç
cross off,işaretlemek
cross one's fingers,parmaklarını çaprazlamak
cross one's mind,aklıma gelmek
cross out,üzerini çizmek
cross over,geçmek
cross paths,kesişmek
cross someone's palm,elini öpmek
cross someone's path,karşılarına çıkmak
cross swords,kılıçları çakmak
cross the aisle,karşı tarafa geçmek
cross the line,sınırı geçmek
cross the Rubicon,Rubicon'ı geçmek
cross the Thames,Temze'yi geçmek
cross the Tiber,Tiber'i geçmek
cross to bear,taşımak zorunda olmak
cross to take up,geçmek başlamak
cross up,karıştırmak
crotch down,bacak arası
crow over,uğulama
crow to pick,seçmek
crow to pluck,tüyünü yolmak
crow to pull,çekmek için karga
crowd in,kalabalıklaşmak
crowd in on,içeri sızmak
crowd out,bastırmak
crowd sail,kalabalık yelken
crowd together,bir araya gelmek
crowd up,yoğunlaşmak
cruel mistress,acımasız sevgili
cruisin' for a bruisin',Tartışmaya davetiye çıkarmak
cruising for a bruising,tartışmaya açık olmak
crum up,buruşturmak
crumb down,parçalanmak
crumb up,ufalanmak
crumble up,parçalamak
crumple up,buruşturmak
crunch numbers,hesap yapmak
crush it,yok et
crush on,aşık olmak
crush out,söndürmek
cry and seethe,ağlamak ve öfkelenmek
cry cupboard,ağlama dolabı
cry down,eleştirmek
cry for help,yardım çağrısı
cry foul,hile yapmak
cry harder,daha çok ağla
cry in one's beer,birasına ağlamak
cry it out,ağlayarak rahatlamak
cry off,iptal etmek
cry on,ağlamak üzerine
cry one's eyes out,gözyaşı dökmek
cry oneself to sleep,uykuya dalana kadar ağlamak
cry out,bağır
cry out for,bağırarak yardım istemek
cry over spilt milk,geçmişe takılıp kalmak
cry someone a river,çok abartılı bir şekilde üzülmek
cry the blues,hüzünlü şarkılar söylemek
cry up,övmek
cry wolf,kurt ağlaması
crying shame,Utanılacak şey
crystal clear,berrak
crystal dick,Kristal penis
crystally clear,berrak
crème de la crème,en iyinin iyisi
cube out,küp yapmak
cuddle up,sarılmak
cue in,başlamak
cue off,ışığı kapat
cue up,hazırla
cuff out,manşeti dışarı
cuff up,kelepçelemek
culinarily challenged,yemek konusunda yetersiz
culminate in,doruk noktasına ulaşmak
culturally appropriative,kültürel olarak uygunsuz
culture hero,kültürel kahraman
cum grano salis,biraz tuzla
cup of joe,kahve
cup of tea,çay fincanı
curate's egg,tartışmalı konu
curb appeal,Dış görünüş
curb crawler,serseri
cure down,azaltmak
cure up,iyileşmek
curiosity killed the cat,Merak bazen felakete yol açar
curiouser and curiouser,daha da meraklı
curl one off,bir tane daha yapmak
curl one out,bir topuk atmak
curl someone's hair,saçını maşa yapmak
curl up,burulmak
curls for the girls,kızlar için maşalar
curry favor,hoşlanmak
curse out,alay etmek
curtain off,perde açmak
cushion for the pushin',destek
cuss out,alay etmek
cut a dash,dikkat çekmek
cut a deal,anlaşma yapmak
cut a figure,figür kesmek
cut a rug,dans etmek
cut a swath,bir yol açmak
cut a wide swath,geniş bir alan kaplamak
cut about,yaklaşık olarak
cut above,bir üstünlük
cut across,boydanboya
cut along,boyunca kes
cut and carve,kes ve oy
cut and dried,hazır ve düzenlenmiş
cut and thrust,saldırı ve savunma
cut away,keserek ayırmak
cut away one's soul,ruhunu kırmak
cut back,azaltmak
cut bait,tuzak kurmak
cut below,aşağıdan kes
cut both ways,iki yönlü
cut corners,köşe kesecek
cut down,kesmek
cut down the tall poppy,başarılı kişiyi aşağılamak
cut down to size,boyutunu küçültmek
cut from the same cloth,aynı kumaştan kesilmiş
cut in,kesmek
cut into,kesmek
cut it,kes
cut it out,Bunu bırak
cut it up,kes
cut loose,serbest bırakmak
cut of one's jib,davranış biçimi
cut off,kesmek
cut on,kesmek
cut one loose,serbest bırakmak
cut one's teeth,işe başlamak
cut out,kesmek
cut red tape,bürokrasiyi azaltmak
cut round,yuvarlak kesim
cut someone cold,soğumak
cut someone dead,öldürmek
cut someone loose,serbest bırakmak
cut someone some slack,birine biraz hoşgörü göstermek
cut swathes,şeritler halinde kesmek
cut the cheese,gaz çıkarmak
cut the cord,bağlantıyı kesmek
cut the mustard,başarmak
cut the pigeon wing,güvercinin kanadını kes
cut the umbilical cord,Göbek bağını kesmek
cut through,kesmek
cut to pieces,parçalara ayırmak
cut to the chase,Konuya gir
cut under,altından kes
cut up,kesilmiş
cut up nasty,kötü kokulu
cut up rough,kaba davranmak
cut with a knife and fork,bıçak ve çatalla kesmek
cutting edge,en son teknoloji
cycle off,kapatmak
dab out,silmek
dab up,silmek
dag out,gezmek
daily grind,günlük işler
dam up,baraj yapmak
damn by association,ilişki yoluyla suçlanmak
damn right,kesinlikle doğru
damn straight,kesinlikle doğru
damn the torpedoes,şeytanı bırakın torpidoları
damn with faint praise,övmekle alay etmek
damp down,azaltmak
damp off,çürüme
damp squib,beklentileri karşılamayan şey
dampen down,azaltmak
dampen off,ıslatmak
dance around,etrafında dönmek
dance attendance,dans katılımı
dance of the seven veils,Yedi peçeli dans
dance on nothing,hiçbir şeyin üzerinde dans etmek
dance on someone's grave,birinin mezarında dans etmek
dance out,dans etmek
dance with the devil,şeytanla dans etmek
dandy as candy,çok güzel
dandy shandy,dandy şendi
dandy up,süslemek
danger is one's middle name,Tehlike onun soyadıdır
danger past and God forgotten,tehlike geçmiş ve Tanrı unutuldu
dangle after,sarkmak sonra
Daniel come to judgement,Daniel gelerek yargılanacak
dap up,ulaşmak
dark cloud,karanlık bulut
dark horse,sürpriz at
dark up,karanlık hale getir
darken a church door,Bir kilise kapısını karartmak
darken down,koyu renk vermek
darken someone's door,ziyaret etmek
darken up,koyu yapmak
darn tootin',kesinlikle
dart about,koşturmak
darwaza band,kapı
darwaza bund,kapı kapalı
Darwin out,Darwin çıktı
das rite,sağ
dash down,aceleyle inmek
dash off,hızlıca yazmak
dash on,üzerine çizgi çekmek
dash someone's hopes,umutlarını kırmak
date back,tarihlenmek
date out,buluşmak
date up,güncelle
date with destiny,kaderle buluşmak
daughter of Eve,Havva'nın kızı
daughter out,kızım dışarıda
Davy Jones's locker,Deniz dibi
dawn of a new day,yeni bir günün başlangıcı
dawn of time,zamanın başlangıcı
dawn on,anlamak
dawn upon,ortaya çıkmak
day after day,günden güne
day and age,çağ
day and night,gündüz ve gece
day at the beach,sahilde bir gün
day in the sun,güneşte geçen bir gün
day lark,gündüz serçesi
day of days,en özel gün
day or night,gündüz veya gece
day out,günübirlik gezi
day to day,gündelik
daylight robbery,Açık saçma bir durum
days of yore,geçmiş zamanlar
de die ad diem,günden güne
de minimis non curat lex,Kanun, önemsiz şeylerle ilgilenmez
dead 'n' buried,bitti geçti
dead against,kesinlikle karşı
dead air,sessiz yayın
dead and buried,Ölü ve gömülü
dead asleep,derin uyku
dead cat bounce,yanılgılı yükseliş
dead center,tam ortada
dead duck,ölü ördek
dead end,çıkmaz sokak
dead fish,ölü balık
dead giveaway,Açık ipucu
dead heat,beraberlik
dead inside,içten boş
dead last,sonuncu
dead loss,boşa harcanmış
dead meat,ölü et
dead men can tell no tales,Ölülerin ağzından kimse bir şey çıkarama…
dead men tell no tales,Ölüler sır açmaz
dead men's shoes,ölülerin ayakkabıları
dead of night,gecenin en karanlık saati
dead of winter,kışın en soğuk ayları
dead on,tam isabetli
dead ringer,tam benzeyen
dead silence,sessizlik
dead soldier,ölü asker
dead to rights,kesin kanıt
dead to the world,dünyadan habersiz
dead tree edition,basılı versiyon
deadbeat dad,sorumsuz baba
deadstick landing,Helikopterle iniş
deafening silence,kulakları sağır eden sessizlik
deal a bad hand,kötü bir kart dağıtmak
deal a good hand,iyi bir kart dağıtmak
deal a hand,bir deste dağıtmak
deal in,iş yapmak
deal it out,dağıtmak
deal out,dağıtmak
deal to,anlaşma
deal with,baş etmekle
dear diary,sevgili defterim
dear Sir,Sayın Bay
dear Sir or Madam,Sayın Bay veya Bayan
dear Sir/Madam,Sayın Bay/Bayan
dear sirs,sayın baylar
Dear Sirs or Madams,Sayın Baylar veya Hanımlar
dear to one's heart,kalbe yakın
death and taxes,ölüm ve vergiler
death by a thousand paper cuts,binlerce küçük kesikle ölmek
death by PowerPoint,PowerPoint'le yapılan sıkıcı sunumlar
death is the great leveller,Ölüm herkesi eşitleyen bir şeydir
death on,üzerine ölüm
death rattle,ölüm sesleri
death warmed up,ölüm yeniden canlanmak
deathbed conversion,ölüm yatağında tövbe
debris field,enkaz alanı
December bride,Aralık ayında evlenen gelin
deceptively misdescriptive,yanıltıcı şekilde yanlış tanımlayıcı
decide on,karar vermek
decide upon,karar vermek
decimal dozen,ondalık düzine
deck out,süslemek
deck over,üst güverte
deck up,süslemek
declare against,karşı beyan etmek
deep cut,derin kesik
deep dive,derinlemesine inceleme
deep down,içten içe
deep six,imha etmek
deep thinker,derin düşünür
deep water,derin su
deer in the headlights,şaşkın
degrade gracefully,zarifçe düşmek
delay no more,artık beklemeyin
Delhi belly,Delhi ishalı
delight in,zevk almak
deliver on,vaat etmeyi yerine getirmek
deliver over into,teslim etmek
deliver over to,teslim etmek
deliver the goods,malı teslim etmek
deliver the message to Garcia,Mesajı Garcia'ya ilet
deliver up,teslim etmek
deliver up to,kadar teslim et
Delivered Ex Quay,İskeleden teslim
Delivered Ex Ship,Liman vergisi dahil
democratic wedding,demokratik düğün
denial ain't a river in Egypt,reddetmek Mısır'da bir nehir değildir
denial is a river in Egypt,inkar Mısır'daki bir nehirdir
denial isn't a river in Egypt,inkar bir Nil nehri değil
deny of,reddetmek
depart with,ayrılmakla
depends who's asking,soran kişiye göre değişir
Derangement Syndrome,Dağınıklık sendromu
descend on,üzerine inmek
descend upon,üzerine inmek
desk jockey,masa başı çalışan
desperate times call for desperate measures,Çaresiz zamanlarda çaresiz önlemler alın…
desperate times require desperate measures,Çaresiz zamanlarda çaresiz önlemler alma…
despite of,rağmen
despite the fact that,her ne kadar
detective work,dedektiflik çalışmaları
deuces wild,ikiler yüksek
devil dancing,şeytan dansı
devil in disguise,kılık değiştirmiş şeytan
devil in one's eyes,gözlerinde şeytanlık
devil is kissing his wife,şeytan karısını öpüyor
devil lies in the details,Detaylarda gizli bir şey var
devil take the hindmost,Sonunculuk kimin olacaksa şeytan onu als…
devil to pay,ödenecek bedel
devil's advocate,şeytanın avukatı
devil's beating his wife,şeytan karısını dövüyor
devil's luck,şeytanın şansı
devote to,adamak
dey play,onlar oynuyor
dial back,azaltmak
dial down,azaltmak
dial in,bağlanmak
dial into,bağlanmak
dial it in,ayırmak
dial out,dışarıya arama yapmak
dial towards,doğruya çevir
dial up,bağlantı kurmak
diamonds are a girl's best friend,Elmaslar bir kızın en iyi arkadaşıdır
diamonds are forever,elmaslar sonsuza dek var
diarrhea of the mouth,ağızdan laf salmak
dice roll,zar atışı
dice up,küp küp kesmek
dick about,hakkında
dick around,boşuna uğraşmak
dick down,Aşağıya
dick milk,sperm
dick munch,sallantı
dick off,Defol
dick out,sallandırmak
dick up,Sertleşmek
dicks before chicks,Bencilce davranışlar
dicky up,bozulmak
dictated but not read,Okundu ama okunmadı
did my back hurt your knife,Sırtım ağrıdı bıçağınız mı vurdu
did not bat,vazgeçmedi
did the journal factory explode,dergi fabrikası patladı mı
diddle for middle,orta seviye
die a thousand deaths,binlerce kez ölmek
die away,sönmek
die back,kurumak
die down,sönmek
die hard,azimli
die in harness,görevde ölmek
die liao,öldü
die off,ölmek
die on,ölmek üzerine
die on one's arse,ölmek
die on the vine,asada ölmek
die out,sönmek
die the way one lived,yaşadığın gibi öl
different breed of cat,Farklı bir kedi türü
different drummer,Farklı bir ritimde çalan
different strokes,Herkesin farklı zevkleri var
different strokes for different folks,Herkesin zevki farklıdır
differently able,farklı yeteneklere sahip
differently abled,engelli
dig a hole for oneself,kendine kuyu kazmak
dig around,kazmak
dig deep,derinlemesine araştırmak
dig down,kazmak
dig in,kazmak
dig in one's heels,direnmek
dig into,derinlemesine incelemek
dig on,kaz
dig one's heels in,direnmek
dig one's own grave,kendine mezar kazmak
dig oneself in a hole,kendini bir zor duruma sokmak
dig out,ortadan kaldırmak
dig out of a hole,Bir çukurdan çıkmak
dig over,kazmak
dig round,kazmak
dig up,kazmak
dig up dirt,sırları ortaya çıkarmak
dig yourself,kendini kaz
digital courage,dijital cesaret
dike out,savunmak
dike up,yükseltmek
dim and distant,Karanlık ve uzak
dim out,kısma
dime out,sessiz kalmak
dime's worth,on dolar değerinde
diminishing returns,azalan getiriler
dine and dash,hesap ödemeden kaçmak
dine in,içmek
dine on ashes,kül yemek
dine out,dışarıda yemek yemek
dine out on,dışarıda yemek yemek
ding up,çıkartmak
dip a toe into,biraz deneyimlemek
dip into,batmak
dip one's finger in,parmağını batırmak
dip one's toe in,denemeye başlamak
dip one's wick,mumunu kısaltmak
dip out,düşmek
diplomatic flu,diplomatik nezle
dire straits,zor durum
directly proportional,doğrudan orantılı
director of first impressions,ilk izlenim yöneticisi
dirt file,çöp dosyası
dirt sticks,toprak yapışır
dirty down,kirli aşağı
dirty Gertie,kirli Gertie
dirty laundry,kirli çamaşır
dirty look,pis bakış
dirty money,kirli para
dirty pool,kirli su
Dirty Thirties,Otuzlu yaşlar
dirty up,kirletmek
dirty word,kötü söz
dirty work,kirli iş
disagree with,farklı düşünmek
Disgusted of Tunbridge Wells,Tunbridge Wells'ten iğrenerek
dish off,tabak çıkarmak
dish out,servis etmek
dish the dirt,sırları açığa vurmak
dish up,servis etmek
dishpan hands,bulaşık elleri
dismal science,karanlık bilim
dispense with,bırakmak
dispose of,imha et
ditch out,ipten çekmek
dive in,içine dalmak
diversity is perversity,Çeşitlilik sapıklıktır
divide and conquer,böl ve yönet
divide up,paylaştırmak
divvy up,paylaştırmak
divy up,paylaştırmak
do a bunk,yatak yapmak
do a number on,şapşallaştırmak
do a slow burn,Yavaş yavaş alevlenmek
do away with,kaldırmak
do bears shit in the woods,ayılar ormanda dışkı yapar mı
do by,yapmakla
do by halves,yarım bırakmak
do cartwheels,hamle yapmak
do down,aşağı in
do drugs,uyuşturucu kullanmak
do fish swim,Balıklar yüzer mi
do for,için yapmak
do ill,hasta olmak
do in,içinde
do it tough,zorla yapmak
do it up,yapmak
do justice,adalet yapmak
do me a favour,Bana bir iyilik yap
do me a lemon,Bana limon yap
do not want,istemiyorum
do numbers,sayılar
do off,iptal et
do one's best,elinden geleni yapmak
do one's business,işlerini yapmak
do one's damnedest,elinden geleni yapmak
do one's darnedest,elinden geleni yapmak
do one's homework,ödevini yapmak
do one's own thing,İstediğini yapmak
do one's own time,kendi zamanını geçirmek
do one's utmost,elinden geleni yapmak
do or die,ya yapmak ya ölmek
do out,dışarı çıkmak
do out of,yapmamak
do over,tekrar yapmak
do porridge,yulaf lapası yap
do right by,doğru davranmak
do somebody wrong,birine haksızlık yapmak
do somebody's dirty work,birinin kirli işini yapmak
do someone like that,Bunu yapan biri
do someone one better,Birini geçmek
do someone proud,birini gururlandırmak
do someone's head in,kafayı takmak
do tell,söyleyin
do the dash,tireyi çek
do the decent thing,doğru olanı yap
do the dirty on,hile yapmak
do the honors,şerefe
do the mahi,yapmak
do the math,hesabı yap
do the most,elini taşın altına koy
do the needful,gerekli olanı yapın
do the right thing,doğru olanı yap
do the talking,konuşmayı yap
do the trick,işe yarar
do the work,İşi yap
do up,düzeltmek
do want,istiyor musun
do well by doing good,iyilik yaparak iyi olmak
do well for oneself,kendine iyi yapmak
do with mirrors,aynalarla ilgili
do without,intisarda kalmak
do you know what I'm saying,Ne demek istediğimi anlıyor musun
do you know who I am,Ben kimim biliyor musun
do you mind,sorun olur mu
do you need an invitation,Davetiye gerekiyor mu
dob in,ihbar etmek
dob on,ihbar etmek
doctor up,iyileştirmek
doctors make the worst patients,Doktorlar en kötü hastalar olur
dodge a bullet,bir tehlikeden kıl payı kurtulmak
dodge up,öne atılmak
does Macy's tell Gimbel's,Macy's Gimbel's'e haber veriyor mu
does not compute,hesaplanamıyor
does someone look like,birine benziyor mu
dog and cat,köpek ve kedi
dog and pony show,şov
dog around,etrafında dolaşmak
dog eat dog,hayvanlar arasında rekabet
dog in the hunt,avcı köpeği
dog in the manger,ahırda ki köpek
dog my cats,köpeğim kedilerim
dog out,köpeği gezdir
dog that caught the car,arabayı yakalayan köpek
dog who caught the tire,Lastiği yakalayan köpek
dog's breakfast,karmaşa
dog's chance,bir şans
dog's life,köpeğin hayatı
dogs are barking,köpekler havlıyor
dogs have masters; cats have staff,köpeklerin sahipleri vardır; kedilerin ç…
dole out,dağıtmak
doll up,süslemek
dollar out,ödeme yapmak
dollar up,dolar yükseldi
dollar-sign eyes,para işareti gözler
dollars to donuts,bahis
Don the Con,Donald Trump
don't @ me,Bana etiketleme
don't ask,soru sorma
don't ask me,Bana sorma
don't be a stranger,Yabancı olma
don't be that guy,O tür bir insan olma
don't bite the newbie,yeni gelenleri ezmeyin
don't buy green bananas,yeşil muzları almayın
don't change a winning team,kazanan bir takımı değiştirmeyin
don't count your chickens,kırk tavuğu düşürmeden yumurtlamayın
don't count your chicks,civrelerini sayma
don't cry over spilled milk,Dökülen sütü arama
don't cut yourself on that edge,O kenarın ucuna dikkat et kesilme
don't do anything I wouldn't do,Ben yapmayacağım şeyleri sen de yapma
don't drop the soap,sabunu düşürme
don't even think about it,Bunu bile düşünme
don't feed the troll,Trolü beslemeyin
don't feed the trolls,Trollleri beslemeyin
don't fight the tape,kayıpla mücadele etme
don't fish off the company dock,Şirket rıhtımından balık tutmayın
don't get above your raising,kendini aşma
don't get me wrong,yanlış anlamayın
don't get someone started,Birini kışkırtmayın
don't get your hopes up,Umutlanma
don't give me that,Bana onu verme
don't give up the day job,işinizi bırakmayın
don't give up your day job,işini bırakma
don't go there,Oraya gitme
don't hold your breath,sabırla bekle
don't knock yourself out,kendini yormasın
don't know,Bilmiyorum
don't let the bedbugs bite,uyurken böcekler tarafından ısırılmayın
don't look at me,Bana bakma
don't look now,Şimdi bakmayın
don't make me laugh,Beni güldürme
don't mention it,rica ederim
don't mess with success,başarıya dokunma
don't mind if I do,istifa etsem sorun olur mu
don't pass go,burayı geçme
don't quit your day job,işinizi bırakmayın
don't quote me,bana güvenmeyin
don't real,gerçek değil
don't say gay,eşcinsel demeyin
don't shit in your own nest,kendi yuvasına çiş yapma
don't shit where you eat,pislik yapma yediğin yere
don't shoot the messenger,mesajı taşıyanı suçlama
don't spare the horses,durdurmayın atları
don't spend it all at once,hepsini aynı anda harcamayın
don't sweat it,üzülme
don't sweat the small stuff,Küçük şeyleri takmayın
don't take any wooden nickels,bozuk para almayın
don't tell me,Bana söyleme
don't touch that dial,O radyo düğmesini çevirmeyin
don't tread on me,Bana saldırma
don't try this at home,Bunu evde denemeyin
don't worry,merak etme
don't worry your pretty little head,merak etme güzel kafan
don't you know,bilmiyor musun
Donald Ducking it,Donald Duck'ı kullanmak
donde esta la biblioteca,kütüphane nerede
done and dusted,Bitti ve tamamlandı
done deal,Tamamlandı
donkey work,aptalca işler
donkey's ears,eşeğin kulakları
donkey's years,çok uzun zaman
dont tread on me,Bana saldırma
donut steel,donut çelik
doodie up,kirlenmek
doom and gloom,karanlık ve kasvetli
doomy and gloomy,karanlık ve kasvetli
dope off,uyuşturucu bırakmak
dope out,anlamak
dope sheet,uyuşturucu listesi
dope up,uyuşturmak
dork out,salaklaşmak
dormitive principle,uyku getirici etken madde
dormitive virtue,uyku getirici erdem
doss about,gezmek
doss around,etrafta dolaşmak
doss down,dinlen
doss off,işten ayrılmak
doss out,tatile çıkmak
dot down,not et
dot or feather,nokta veya tüy
dote over,hayran olmak
double back,geri dönmek
double booked,çift rezervasyonlu
double bookkeeping,çift taraflı kayıt
double bubble,çift kabarcık
double down,bahis artırmak
double Dutch,Anlamsız
double in brass,pirinç trombon
double off,çift olarak kapatmak
double over,eğilmek
double taker,hileci
double tap,çift tıklama
double up,ikiye katlamak
doubly even,çift çift
doubly incontinent,Çift idrar kaçırma
doubly infinite,çift sonsuz
doubly magic,çift sihirli
doubting Thomas,Şüpheci Tomas
douche down,duş almak
dowdy up,süslemek
down and out,yoksul ve umutsuz
down at heel,perişan
down but not out,Düşmüş ama pes etmemiş
down cellar,boduma
down cold,soğuktan
down for the count,bayrak düşürmek
down home,köyde
down in the dumps,moral bozuk
down in the mouth,üzgün
down line,aşağı hat
down on one's knees,dizlerinin üzerine çömelmek
down on one's luck,şanssız
down on one's uppers,yoksul durumda
down someone's alley,ilgi alanına giren
down the banks,nehir kıyılarından
down the cludgie,küçük kanal
down the drain,boşuna
down the gurgler,boğulmak
down the hatch,yutmak
down the khazi,tuvalete inmek
down the line,ileride
down the middle,ortaya
down the pan,lavaboya
down the plughole,lavabo deliğinden
down the road,yolun aşağısında
down the shitter,berbat bir şekilde
down the toilet,Tuvalete
down the track,yolda ilerlerken
down the tube,mahvolmak
down the tubes,başarısız olmak
down the way,yolun aşağısında
down the wind,rüzgarla birlikte
down to a fine art,mükemmel bir düzeye getirmek
down to a science,bilime dönüştürülmüş
down to earth,yerli
down to the short strokes,kısa vuruşlara kadar
down to the wire,son ana kadar
down tools,işi bırakmak
down under,Avustralya
down with the kids,gençlerle birlikte
doze off,uykuya dalmak
draft in,taslak
draft up,taslak hazırlamak
drag and drop,sürükle bırak
drag ass,sürüklemek
drag down,aşağı çekmek
drag in,sürüklemek
drag into,sürüklemek
drag on,sürüklemek
drag one's balls across,testislerini sürtmek
drag one's feet,çekingen davranmak
drag out,uzatmak
drag the chain,zinciri çekmek
drag through the mud,çamurla sürüklemek
drag up,yukarı çekmek
dragged through the garden,bahçede sürüklenerek
drain away,tahliye etmek
drain out,boşaltmak
drain the dragon,ejderhayı boşalt
drain the python,pythonu boşalt
drain the snake,yılanı boşalt
drama king,dramacı
drama queen,dramatik
drape off,dökülmek
drastic times call for drastic measures,Kötü zamanlar, sert önlemler gerektirir
draw a blank,boşlukta kalmak
draw a line,bir çizgi çiz
draw a line under something,bir konuyu kapatmak
draw a long bow,abartmak
draw a straight furrow,düz bir çukur açmak
draw ahead,öne geçmek
draw away,uzaklaşmak
draw back,geri çekmek
draw down,azaltmak
draw even,beraberliği sağlamak
draw fire,ateş açmak
draw in,çekmek
draw into,iç çekmek
draw off,boşaltmak
draw on,üzerine çizmek
draw one's last breath,Son nefesini vermek
draw out,çekmek
draw stumps,ağaç köklerini çekmek
draw the line,çizgiyi çekmek
draw the long bow,abartmak
draw the short straw,kısa çubuk çekmek
draw through,çekmek
draw together,bir araya getirmek
draw up,hazırlamak
draw upon,faydalınmak
drawing card,çekiliş kartı
dream come true,hayal gerçek oldu
dream on,hayal kur
dream up,uydurmak
dredge up,ortadan kaldırmak
dress down,rahat giyinmek
dress off,elbise çıkarmak
dress out,giymek
dress to kill,Etkileyici giyinmek
dress up,giyinmek
dressed to kill,Çok şık giyinmek
dressed to the nines,Şık giyinmiş
dribs and drabs,parçalar halinde
dried-fish woman,kurufishli kadın
drift along,süzülmek
drift apart,uzaklaşmak
drift off,uykuya dalmak
drill and kill,sert ve acımasız
drill down,detaylandırmak
drill in,derinlemesine incelemek
drill out,delmek
drill through,delmek
drill up,yukarı doğru delmek
drink and drive,içki içip araç kullanmak
drink down,içmek
drink from a firehose,Aşırı bilgi yüklemesi
drink in,içmek
drink off,içki içmek
drink out,içmek
drink someone's bathwater,birinin banyo suyunu içmek
drink to,içki içmek için
drink under,altında içmek
drink up,iç
drink with the flies,uçlarla içmek
drinking hole,içme yeri
drinks o'clock,içki vakti
dripping water hollows a stone,damlayan su taşları aşındırır
drive a coach and horses through,tamamen yok etmek
drive a hard bargain,zor pazarlık yapmak
drive a stake through its heart,kalbine kazık sokmak
drive a wedge,bir çatlak sokmak
drive at,şekilde sürmek
drive away,uzaklaştırmak
drive back,geri gitmek
drive down,düşürmek
drive in,arabaşı
drive off,uzaklaşmak
drive out,dışarı çıkarmak
drive someone crazy,Çılgına döndürmek
drive someone to drink,içmeye teşvik etmek
drive someone up the wall,sinir bozmak
drive the porcelain bus,porselen otobüsü kullanmak
drive to drink,içki içme isteği
drive up,yaklaşmak
drive-by media,geçişli medya
drone on,uzun uzadıya anlatmak
drool bucket,sulu kap
drop a bollock,hata yapmak
drop a bomb,bomba atmak
drop a bombshell,Beklenmedik bir şey söylemek
drop a brick,tuğla düşürmek
drop a dime,bir telefon açmak
drop a hint,İp vermek
drop a log,bir günlük kaydet
drop away,uzaklaşmak
drop back,geri çekilmek
drop behind,geride kalmak
drop by,geçmek
drop down,açılır menü
drop in,düşüş
drop in the bucket,bardaca su vermek
drop in the ocean,okyanusta bir damla
drop in the pond,gölün içine düşmek
drop in the sea,denize düşmek
drop into,düşmek
drop off,indirme
drop off the hooks,bağlantıyı kesmek
drop off the radar,görüş dışına çıkmak
drop out,düşmek
drop round,yuvarlak damla
drop someone a line,bir not göndermek
drop someone in it,içine sokmak
drop the ball,topu düşürmek
drop the bomb,gerçeği söylemek
drop the f-bomb,küfür etmek
drop the gloves,eldivenleri çıkarmak
drop the mic,Mikrofonu bırak
drop the pilot,pilotu düşürmek
drop the topic,Konuyu kapat
drop the writ,dava açmak
drop top,açık tavanlı
drop trow,bırakmak düşürmek
drown out,bastırmak
drown the miller,değirmenciyi boğmak
drug of choice,tercih edilen ilaç
drug on the market,pazarda bulunan ilaç
drum into,beyinlemek
drum out,dışarı çıkarmak
drum up,toplamak
drunk as a skunk,sarhoş
drunk words are sober thoughts,Sarhoşken söylenen sözler, ayıkken düşün…
drunkard's walk,sarhoşun yolu
drunken words are sober thoughts,Sarhoşken söylenen sözler, ayıkken düşün…
dry behind the ears,kulak arkası kuru
dry eye,göz kuruluğu
Dry January,Ocak ayında alkol tüketmemek
dry off,kurumak
dry one's eyes,gözlerini silmek
dry out,kurumak
dry run,prova çalıştırması
dry up,kurumak
dry up and blow away,kuruyup uçmak
dub out,seslendirmek
dub over,seslendirme
dub up,çiftlemek
duces tecum,benimle birlikte
duck and dive,sıçrama
duck down,eğil
duck off,Defol
duck or no dinner,ya ördek ya da akşam yemeği
duck out,kaçmak
duck soup,çok kolay
ducked off,kaçtı
ducks and drakes,kazlar ve ördekler
dude up,kalk
due course,doğru zaman
due to,nedeniyle
due to the fact that,çünkü
duff up,dövmek
duke in,içeride
duke it out,kavgaya tutuşmak
duke out,dövüşmek
duke up,geliştirmek
duly noted,dikkatle not edildi
dumb as a box of rocks,çok aptal
dumb as a post,aptal
dumb down,basitleştirmek
dumb luck,şaşkın şans
dumb out,basitleştirmek
dumb shit,aptalca şey
dummy out,sağmal yapmak
dummy run,deneme koşusu
dummy spit,saçmalık
dummy up,sahtecilik yapmak
dump on,dökmek
dump one's load,yükünü indirmek
dump out,dökmek
dunk on,eleştirmek
dunk out,sıçmak
Dunkirk spirit,Dunkirk ruhu
Dunner stunner,Bilinmeyen güzel
durance vile,korkunç işkence
durwaza bund,kapı duvarı
dust down,tozunu almak
dust mouse,toz sıçanı
dust off,tozunu almak
dust off a batter,bir oyuncuyu hazırlamak
dust out,tozunu almak
dust settles,toz diner
dust up,kavga
dusty miller,tozlu miller
Dutch courage,Cesaret sarhoşluğu
Dutch reckoning,Holland hesaplama sistemi
duty calls,Görev çağırıyor
dwell upon,düşünmek
dyed in the wool,derinden etkilenmiş
dying quail,ölmekte olan bıldırcın
dyke out,kanalizasyon
dyke up,seturmak
dynamite charge,dinamit yükü
e pluribus unum,birtensinizbirsiniz
E ticket,Elektronik bilet
each to his own,Her zevki farklıdır
each to their own,Herkesin kendi tercihleri var
eager beaver,heves
eagle eye,dikkatli göz
eagle out,kartal dışarı
eagle up,kartal yukarı
ear to the ground,dedikodu yapmak
ear tunnel,kulak tüneli
early bath,Erken banyo
early bird,erken kalkan
earn one's crust,geçimini sağlamak
earn one's keep,geçimini sağlamak
earn out,kazanmak
ears are burning,kulaklarım kızarıyor
Earth to someone,Hey sen
earth up,yukarı
ease down,yavaşla
ease off,yavaşlamak
ease up,yavaşla
easier said than done,Söylenmesi kolay yapılmasi zor
easy as kiss my hand,Tıpkı elime öpücük vermek gibi kolay
easy does it,yavaşça
easy for you to say,Söylerseniz kolay olur
easy mark,kolay hedef
easy money,kolay para
easy on the eye,göz alıcı
easy on the eyes,göz yormayan
easy peasy Japanesey,çok kolay
easy peasy lemon squeezy,Çok kolay
easy pickings,kolay lokma
easy street,kolay hayat
eat and leave no crumbs,hiç kırıntı bırakmamak
Eat at Joe's,Joe's'te yemek ye
eat away,aşındırmak
eat away at,aşındırmak
eat crow,hata yapmak
eat dirt,toprak yemek
eat down,bitirmek
eat for two,ikisi için yemek
eat humble pie,alçakgönüllülükle hatalarını kabul etmek
eat in,içeride yemek yemek
eat into,erimek
eat it,Ye
eat my shorts,Pantolonumu ye
eat one's feelings,duygularını yemeğe dökmek
eat one's gun,silahını yutmak
eat one's hat,kelime yemeği
eat one's head off,ağzından laf çıkarmak
eat one's heart out,öfkeyle yemek
eat one's own,kendini tüketmek
eat one's own dog food,kendi ürününü kullanmak
eat one's seed corn,geleceği tehlikeye atmak
eat one's Wheaties,çok iyi olmak
eat one's young,yavrularını yemek
eat out,dışarıda yemek yemek
eat out of someone's hand,elinden düşürmemek
eat shit,Siktir et
eat someone's dust,peşinden gitmek
eat someone's lunch,öğle yemeğini yemek
eat the mic,mikrofonu ye
eat the onion,Soğanı ye
eat the rich,zenginleri yiyin
eat up,yiyip bitirmek
eat up with a spoon,kaşıkla yemek
eaten bread is soon forgotten,Yenen ekmek çabuk unutulur
ebb and flow,dalgalanma
ecologically friendly,Çevre dostu
economical with the truth,Gerçeği çarpıtmak
Eddie would go,Eddie gidecekti
edge in,kenarda
edge of the earth,dünyanın ucu
edge of the world,dünyanın kenarı
edge out,ön geçmek
edge up,yakınlaşmak
edit in,düzenle
edit out,silmek
eff and jeff,eff ve jeff
eff off,Defol
eff up,berbat etmek
eff why eye,neden ne için
effluxion of time,zamanın akışı
egg on,teşvik etmek
eggs in moonshine,rakıya yumurta
eid mubarak,Bayramınız mübarek olsun
either do or die,ya yap ya öl
ejaculate and evacuate,boşaltmak ve tahliye etmek
ejusdem generis,aynı türden
eke out,kazanmak
El Tel,Elektrik kablosu
elbow grease,emek
elbow mentality,dirseklik
elbows up,dirsekleri yukarı
electronic superhighway,elektronik otoban
element of surprise,beklenmedik unsur
elephant in the room,odada fil var
eleventh hour,son an
Elvis has left the building,Elvis binadan ayrıldı
Elysian Fields,Yunan cenneti
embarrassingly parallel,şaşırtıcı derecede benzer
embarrassment of riches,bolluk içinde yüzmek
embrace the penguin,pengueni kucakla
emotional cripple,duygusal engelli
emperor's new clothes,imparatorun yeni kıyafetleri
emphasize everything and nothing is emphasized,her şeyi vurgula hiçbir şeyi vurgulama
empty barrels make the most noise,Boş variller en çok ses çıkarır
empty cans make the most noise,Boş kutular en çok ses çıkarır
empty out,boşaltmak
empty suit,boş kostüm
empty the clip,şarjörü boşalt
empty the tank,depoyu boşalt
empty vessels make the most noise,Boş kabağı en çok ses gelir
empty vessels make the most sound,Boş kaplar en çok ses çıkarır
empty words,boş laflar
en croix,çapraz
en route,yolda
en route to,yolda
end in,bitmekle
end in smoke,duman içinde bitmek
end in tears,gözyaşıyla bitmek
end of,son
end of discussion,Tartışmanın sonu
end of story,hikayenin sonu
end of the line,sırınsonu
end of the world,dünyanın sonu
end off,bitirmek
end out,bitiş
end up,sonuçlanmak
endorse out,dışarı
Energizer bunny,Energizer tavşanı
engage in,katılmak
engage with,ile etkileşim kurmak
English or Spanish,İngilizce veya İspanyolca
enjoy your meal,Afiyet olsun
enlarge up,büyüt
enough is enough,yeter artık
enough is too much,yeter artık
enough said,çok şey söylendi
enough to choke a horse,bir atı boğacak kadar çok
enough to go around,yeterli sayıda
enough to make a cat laugh,Kediyi bile güldürecek kadar komik
enough to make the angels weep,Meleklerin bile ağlayabileceği kadar güz…
enough to put in one's eye,gözüne sokmak
enquire after,halini sormak
enter into,girmek
enter on the boards,sahneye çıkmak
environmental storytelling,çevresel anlatım
environmentally friendly,çevre dostu
equal pay for equal work,Eşit işe eşit ücret
Erin go bragh,İrlanda'ya zafer
err on the side of,yanlış olma ihtimaline karşı
err on the side of caution,dikkatli olmak
error out,hata vermek
escape fire,yangından kaçmak
esprit de corps,kolektif ruh
est modus in rebus,Her işte bir ölçü vardır
esthetically challenged,Estetik açıdan yetersiz
et al,ve diğerleri
et al.,ve diğerleri
et alia,ve diğerleri
et aliae,ve diğerleri
et alibi,başka bir yerde olduğu iddiası
et alii,ve diğerleri
et alios,ve diğerleri
et cetera,ve diğerleri
et con,birleş
et con.,cinsiyet ilişkisi
et conjunx,eş
et hoc genus omne,ve bunun gibi her şey
et id genus omne,ve her türlü tür
et pass.,lütfen geçin
et passim,ve benzer yerlerde
et seq.,ve devamı
et seqq.,ve devamı
et sim.,veya
et uxor,ve eşi
eternal sleep,ebedi uyku
eternal triangle,ebedi üçgen
ethically challenged,ahlaki açıdan sorunlu
ethnically challenged,etnik kökeni konusunda sorun yaşayan
eureka moment,keşif anı
even a worm will turn,Hatta bir solucan bile döner
even Homer nods,büyükler bile hata yapabilir
even Jove nods,Hatta Jüpiter bile onaylar
even keel,dengeli
even money,beraber parı
even steven,beraberlik
even the score,skorunu eşitlemek
evenly divisible,eşit şekilde bölünebilir
everlasting staircase,sonsuz merdiven
every accusation is a confession,Her suçlama bir itiraftır
every barrel has a rotten apple,Her sandıkta çürük bir elma vardır
every bit,her bir parçası
every cloud,her bulut
every cloud has a silver lining,Her bulutun gümüş bir kenarı vardır
every day is a school day,Her gün bir şeyler öğreniyoruz
every dog has his day,Her köpeğin günü gelir
every dog has its day,Her köpeğin günü gelir
every dog must have his day,Her köpeğin de bir günü vardır
every dog must have its day,Her köpeğin de bir günü vardır
every good boy deserves favor,her iyi çocuk liyakat sahibi olmalı
every good boy deserves favour,her iyi çocuk liyakat sahibi olmalı
every good boy deserves food,iyi her çocuk yemek hak ediyor
every good boy deserves fudge,her iyi çocuk çikolata hak ediyor
every good boy deserves fun,her iyi çocuk eğlenmeyi hak ediyor
every good boy does fine,her iyi çocuk başarılı olur
every inch,her santim
every Jack has his Jill,Her Jack'in bir Jill'i vardır
every king needs a queen,Her kralın bir kraliçesi olmalı
every last,son bir
every law has a loophole,Her yasanın bir boşluğu vardır
every law has its loophole,Her yasanın bir boşluğu vardır
every little bit helps,Her küçük yardım işe yarar
every little helps,Her küçük yardım işe yarar
every man for himself,Herkes kendi derdine düşmüş
every man for hisself,Herkes kendi derdine düşkün
every man has a price,Her insanın bir bedeli vardır
every man has his price,Her insanın bir bedeli vardır
every man Jack,her biri
every old nook and cranny,her eski köşe ve bucak
every rose has a thorn,Her gülde bir diken vardır
every rose has its thorn,Her gülde bir diken vardır
every rule has an exception,Her kuralın bir istisnası vardır
every shut eye isn't asleep,Her uyku hali, uyku anlamına gelmez
every silver lining has a cloud,Her iyi şeyin bir de kötü yanı vardır
every single time,her seferinde
every so often,arada bir
every stick has two ends,Her çubuğun iki ucu vardır
every time,her seferinde
every time one farts,Her gazlandığında
every time one turns around,her döndüğünde
every woman for herself,her kadın kendi için
every woman Jill,her bir kadın Jill
Every. Single. Time.,Her seferinde
everybody and his brother,herkes ve akrabaları
everybody and his mother,herkes ve ailesi
everybody and their dog,herkes ve hatta köpekleri bile
everybody who is anybody,önemli herkes
everybody who's anybody,önemli herkes
everyone and his mother,herkes ve ailesi
everything and the kitchen sink,her şey ve fazlası
everything but the kitchen sink,her şey ama mutfak lavabosu hariç
everything happens for a reason,Her şeyin bir nedeni vardır
everything in the garden is lovely,bahçedeki her şey çok güzel
everything in the garden is rosy,bahçedeki her şey yolunda
everything is everything,her şey her şeydir
everything is rosy in the garden,bahçede her şey yolunda
everything old is new again,Eski her şey yeniden yeni oluyor
everything one touches becomes gold,dokunduğu her şey altın olur
everything one touches becomes shit,dokunduğu her şey berbatlaşıyor
everything one touches turns to gold,dokunduğu her şey altın oluyor
everything one touches turns to shit,dokunduğu her şey berbat oluyor
everything under the sun,güneşin altında her şey
evil to him that evil thinks,Kötü düşünen kişiye kötülük olur
evil twin,kötü ikiz
ex abundante cautela,aşırı dikkatle
ex cathedra,resmi olarak
ex nihilo,hiçten
ex nihilo nihil fit,hiçten hiçbir şey doğmaz
ex opere operato,etki yoluyla
ex pede Herculem,Herküles'in ayağından
ex tunc,o zamandan beri
ex vi termini,ifadenin içeriğiyle
except for,hariç
except that,ancak
exceptio non numeratae pecuniae,sayılan paralar dışında
exceptio quod metus causa,korku nedeniyle yapılan istisna
excess baggage,fazla bagaj
exchange contracts,sözleşme imzalamak
exchange flesh,et değişimi
exchange of contracts,sözleşme imzalanması
excuse me,afedersiniz
excuse you,Afedersiniz
exempli gratia,örneğin
exeunt omnes,hepsi çıkıyor
exit stage left,sahneden soldan çıkmak
expand one's horizons,ufuklarını genişletmek
expensive drunk,pahalı sarhoş
experience is the best teacher,Tecrübe en iyi öğretmendir
explain away,açıklamak
expose oneself,kendini göstermek
express elevator,hızlı asansör
expressio unius est exclusio alterius,Birinin ifade edilmesi diğerinin dışlanm…
exsqueeze me,Afedersiniz
extend one's hand,elini uzatmak
extra pair of hands,ekstra yardım eli
extract the urine,idrar almak
extraordinary claims require extraordinary evidence,olağanüstü iddialar olağanüstü kanıtlar …
eye for an eye,göz parası
eye in the sky,gökyüzünden göz
eye of the beholder,gözde olan
eye of the storm,fırtınanın gözü
eye sex,gözleriyle cinsel ilişki
eye up,göz ucu
eyes on the ground,yerdeki gözler
eyes on the prize,ödüle odaklanmak
F in the chat,F harfi yazın
F off,Defol
f/8 and be there,f/8 ve orada olun
face down,yüzü aşağıya
face facts,gerçekleri kabul et
face off,karşılaşma
face out,öne doğru
face that would stop a clock,saati durduracak yüz
face the music,hesabı ödemek
face to face with,yüz yüze
face up,yüzü yukarı
face up to,karşılamak
face value,yüz değeri
faceless bureaucrat,yüzsüz bürokrat
faceless man,yüzsüz adam
fack off,Defol
fact is,gerçek
fact is stranger than fiction,Gerçek bazen kurgudan daha garip
fact of life,hayatın gerçeği
factor in,hesaplamakaydırmak
factor out,çarpanlarına ayırmak
factor space,faktör uzayı
factor through,çarpanlarına ayırmak
facts and figures,rakamlar ve bilgiler
facts don't care about your feelings,Gerçekler duygularınızla ilgilenmez
facts on the ground,yerel koşullar
facts speak louder than words,Eylemler sözlerden daha yüksek sesle kon…
fade away,kaybolmak
fade in,kaybolmak
fade out,solmak
faff about,uğraşmak
faff around,uğraşmak
fag out,tükenmek
fail at life,hayatta başarısız olmak
fail of,başarısızlık
fail out,düşmek
fail over,yedekleme
fail up,başarısızlıkla yükselmek
fail upwards,başarıya ulaşmak
failure is the best teacher,Başarısızlık en iyi öğretmendir
failure to launch,başarısızlık
faint heart ne'er won fair lady,Cesur olmayan asla güzel bir kadını elde…
faint heart never won fair lady,Cesur olmayanlar güzel kadınların kalbin…
faint heart never won fair maiden,Cesur olmayanlar güzel kızları asla kaza…
fair and square,Adil ve dürüst
fair coin,düzgün yazı tura
fair crack of the whip,sert bir şekilde cezalandırmak
fair enough,haklısın
fair exchange is no robbery,Adil takas hırsızlık değildir
fair game,adil rekabet
fair is fair,adalet yerinde olmalı
fair off,uzakta adil
fair play,dürüstlük
fair sex,kadınlar
fair shake,adil muamele
fair share,Adil pay
fair to middling,orta düzeyde
fair up,iyileşmek
fair's fair,adalet yerinde olmalı
fair-haired boy,Sarı saçlı çocuk
fair-weather fan,Hava durumu yüzünden taraftar olan
fair-weather friend,Hava dostu
fairly and squarely,dürüstçe ve açıkça
fairy money,peri parası
faites vos jeux,oyunlarınızı hazırlayın
faith can move mountains,iman dağları yerinden oynatabilir
faith will move mountains,iman dağları yerinden oynatır
fake it till one makes it,Başarana kadar öyle yap
fake out,aldatmak
fake up,sahte yapmak
fall about,düşmek etrafına
fall apart,parçalanmak
fall around,etrafı düşürmek
fall asleep,uyumak
fall at the last hurdle,Son anda başarısız olmak
fall away,uzaklaşmak
fall back,geri çekilmek
fall back into,tekrar düşmek
fall back on,geri dönmek
fall back upon,geri dönmek
fall behind,geride kalmak
fall below,Aşağı düşmek
fall between the cracks,gözden kaçmak
fall between two stools,İki sandık arasından düşmek
fall by,düşüş
fall by the wayside,yolun dışına düşmek
fall down,düşmek
fall down on,düşmek üzerine
fall for,aşık olmak
fall foul,tartışmak
fall from grace,düşüş
fall in,düşmek
fall in line,sıraya girmek
fall in with,uyum sağlamak
fall into,düşmek
fall into a trap,Tuzak kurşuna düşmek
fall into line,sıraya girmek
fall into oneself,içine kapanmak
fall into place,Yerine oturmak
fall into someone's lap,Kucağına düşmek
fall into the wrong hands,yanlış kişilerin eline geçmek
fall off,düşmek
fall off a truck,Bir kamyondan düşmek
fall off one's chair,sandalyeden düşmek
fall off one's perch,iktidardan düşmek
fall off the turnip truck,karnabahar kamyonundan düşmek
fall off the twig,dalları düşmek
fall off the wagon,Tekrar başlamak
fall on,düşmek üzerine
fall on a grenade,el bombasına atlamak
fall on one's face,yüzüstü düşmek
fall on one's sword,intihar etmek
fall on someone's neck,boynuna sarılmak
fall out,tartışmak
fall out upon,üzerine düşmek
fall over,devrilmek
fall over oneself,birbirinin üzerine düşmek
fall short,yetersiz kalmak
fall through,düşmek
fall through the cracks,gözden kaçmak
fall to,düşmek
fall to pieces,parçalanmak
fall together,birlikte düşmek
fall under,kapsamak
fall up,yukarı düşmek
fall upon,üzerine düşmek
fall victim,kurban olmak
falling off the bone,kemikten ayrılıyor
falling out,tartışma
false alarm,yanıltıcı alarm
false light,yanıltıcı ışık
false note,yanlış nota
familiarity breeds contempt,Alışmak iğrenmeyi getirir
family jewels,aile yadigarı
fan dance,telli gösteri
fan out,yaymak
fan the flames,alevleri körüklemek
fancy one's chances,şansını yüksek görmek
fancy seeing you here,İşte seni görmek ne güzel
fancy up,süslemek
fanny about,saçma sapan
fanny around,boşuna dolaşmak
fans are slans,taraftarlar
fap off,mastürbasyon yapmak
far and away,uzak ve ayrı
far and wide,uzağa uzağa
far be it,uzak olsun
far cry,uzak bir ihtimal
far far away,çok uzakta
far from it,ondan çok uzak
far post,uzak direk
far removed,uzak
fare thee well,hoşça kal
farm down,çiftliğe inmek
farm nigger,Çiftlikteki zenci
farm out,dış kaynak kullanmak
farmer's tan,çiftçi bronzu
fart about,boş konuşmak
fart around,boşuna harcamak
fart fan,gazcı
fart in a windstorm,rüzgarın önünde salınan bir bez
fart in an elevator,Asansörde gaz çıkarmak
fart off,uzağa git
fart out,gaz çıkarmak
fas est et ab hoste doceri,Düşman tarafından bile olsa öğrenmek öne…
fash one's thumb,parmak ısırmak
fashionably late,Modaya uygun bir şekilde geç kalmak
fast and furious,hızlı ve öfkeli
fast asleep,derin uyku
fast sheet,hızlı kağıt
fast times,Hızlı zamanlar
fasten down,bağlamak
fasten up,sıkılaş
fat as a barrel,Tüple aynı kalınlıkta
fat as a pig,domuz gibi şişman
fat cat,Şişman kedi
fat chance,pek olası değil
fat finger,kaba parmak
fat is flavor,Yağ lezzettir
fat is flavour,Yağ lezzettir
fat lip,dudak şişliği
fat of the land,en iyi ürün
fat up,şişirmek
fatten up,şişirmek
fatty boombalatty,Kalın tombul
Faustian bargain,Mephistofeles'le yapılan anlaşma
Faustian deal,Mephistofelesvari anlaşma
Faustian dilemma,Faust eylemi
faux queen,sahte kraliçe
favorite person,favori kişi
fawn over,hoşlanmak
fear not,korkma
feast or famine,bereket veya kıtlık
feather in one's cap,gurur kaynağı
feather one's nest,yuvasını doldurmak
feathered friend,tüylü dost
feathered oof-bird,tüylü karga
featherless biped,tüysüz iki ayaklı
fed up,bıkmış
fed up to the back teeth,çok bıktım
fed up to the teeth,çok bıktım
federal case,federal dava
fee simple absolute in possession,kesin mülkiyet
feed back,geri bildirim
feed into,beslemek
feed off,enerji almak
feed on,beslenmek
feed the dragon,Ejderhayı besle
feed the fire,ateşi körüklemek
feed the meter,sayacı beslemek
feed the troll,trolü beslemek
feed through,geçirmek
feed two birds with one scone,Tek taşla iki kuş vurmak
feed up,bıkmak
feeding frenzy,yemek telaşı
feel around,etrafı yoklamak
feel for,empati duymak
feel free,çekinmeyin
feel like,hissetmek gibi
feel like death,Ölmek üzereymiş gibi hissetmek
feel one's way,yolunu bulmak
feel oneself,kendini hissetmek
feel out,keşfetmek
feel someone's collar,yakalamak
feel the pinch,zorlanmak
feel up,heyecanlandırmak
feels before reals,hissederek algılar
feels over reals,duygular gerçeklerden ağır basar
feet dry,kuru ayaklar
feet first,ayaklar önce
feet of clay,kil tabanı
feet wet,işe başlamak
fence in,çit çekmek
fence off,ayırmak
fence the tables,masaları çevirmek
fencepost problem,çit direği sorunu
fend and prove,savunmak ve kanıtlamak
fend away,uzaklaştırmak
fend for oneself,kendini idare etmek
fend off,savuşturmak
ferret about,araştırmak
ferret around,araştırmak
ferret out,ortaya çıkarmak
fertile as a turtle,kaplumbağa kadar verimli
fess up,itiraf et
fetch a compass,bir pusula getirin
fetch about,getirmek hakkında
fetch and carry,getir ve taşı
fetch away,uzaklaştırmak
fetch in,getirmek
fetch off,almak
fetch up,getirmek
fetch way,getirme yolu
fetus deletus,fetüs silindi
fever pitch,yoğun heyecan
few and far between,nadiren
few sandwiches short of a picnic,biraz deli
fiat lux,olsun ışık
fickle mistress,Değişken sevgili
fiddle about,oyalanmak
fiddle around,oyuncakla oynamak
fiddle away,boşa harcamak
fiddle while Rome burns,Roma yanarken keman çalmak
fiddle with,oyuncakla oynamak
fie away,uzaklaş
field day,alan günü
field off,kapat
field out,alan dışına
field up,alanı yükselt
fiercen up,canlanmak
fifth wheel,fazladan tekerlek
fifty-cent tour,elli sentlik tur
fig out,çözmek
fight a losing battle,kaybedeceği bir mücadele vermek
fight back,Karşı koymak
fight down,bastırmak
fight fire with fire,ateşle ateşe karşı koymak
fight fires,yangınla mücadele etmek
fight for one's life,hayatı için mücadele etmek
fight it out,Çekişmek
fight like hell,Canın pahasına mücadele et
fight off,savunmak
fight one's corner,Hakını savunmak
fight out,çıkmak
fight shy,çekingen olmak
fight up,direniş
fighting chance,umar
fighting spirit,mücadele ruhu
figure away,hesapla
figure on,hesaplamak
figure out,çözmek
figure up,hesaplamak
file away,arşivlemek
file down,azaltmak
file in,dosyaya
file off,kaydırmak
file off the serial numbers,seri numaralarını sil
file out,doldurmak
file past,geçmiş kayıtlar
file with,birlikte dosyalama
fill and fly,doldur ve uçur
fill away,doldurmak
fill in,doldurmak
fill in the blank,boşluğu doldur
fill one's boots,istediğini yapmak
fill one's face,yüzünü doldurmak
fill one's hand,elini doldurmak
fill or kill,doldur veya yok et
fill out,doldurmak
fill someone's shoes,birinin yerini almak
fill up,doldurmak
film at 11,sabah 11'de
film at eleven,akşam haberleri
film out,çekim yapmak
filter down,azaltmak
filter out,ayıklamak
filter up,yukarı filtrele
filthy lucre,kirli para
filthy rich,çok zengin
final cut,son düzenleme
final nail in the coffin,son darbe
final say,son karar
find another gear,başka bir vites bulun
find fault,kusur bulmak
find forth,bulmak ortaya çıkarmak
find in,bulmak içinde
find it in one's heart,içinden gelmek
find it in oneself,içinde bulmak
find no bones in,içinde kemik bulmamak
find one's feet,ayağa kalkmak
find one's place,yerini bulmak
find one's tongue,konuşmaya başlamak
find one's voice,sesini bulmak
find oneself,kendini bulmak
find out,keşfetmek
find the net,ağı bul
find your height,boyunuzu bulun
fine and dandy like sour candy,harika ve yolunda gibi ekşi şeker gibi
fine feathers make fine birds,Guzel tüy, güzel kuş demektir
fine line,ince çizgi
fine print,küçük harflerle yazılmış kısım
fine words butter no parsnips,İyi sözler havuçları yağlamaz
fine-feathered friend,tüylü dost
finer things,daha güzel şeyler
finest hour,en iyi an
finger in the pie,işin içine burnunu sokmak
finger on the pulse,olayları takip etmek
finger pointing at the moon,aya işaret etme
finger to the wind,rüzgarın yönünü anlamak için parmağı hav…
fingers and toes crossed,parmaklar ve ayak parmakları çapraz bağl…
fingers crossed,umarım
fingers were made before forks,Parmaklar çatallardan önce vardı
finish off,bitirmek
finish out,bitirmek
finish up,bitirmek
finish with,bitirmekle
fink out,korkaklık yapmak
fire at will,istediğin zaman ateş et
fire away,Başlayın
fire drill,yangın tatbikatı
fire hose,yangın hortumu
fire in the belly,içindeki ateş
fire off,fırlatmak
fire on all cylinders,tam güçle çalışmak
fire out,çıkarma
fire sale,indirimli satış
fire the starting gun,Başlangıç tabancasını ateşlemek
fire up,çalıştırmak
firing line,atış sırası
firing on all cylinders,tam güçle çalışmak
firm up,pekiştirmek
first among equals,eşitler arasında birincisi
first and foremost,öncelikle
first and last,ilk ve son
first annual,ilk yıllık
first catch your hare,Önce tavşanını yakala
first loser,ilk kaybeden
first love,ilk aşk
first mile,ilk kilometre
first of all,öncelikle
first of never,asla değil
first off,öncelikle
first port of call,ilk uğrak
first thing's first,Öncelikle
first things first,Öncelikle
first up,öncelikle
first-mover disadvantage,öncü olma dezavantajı
fish and chips,balık ve patates kızartması
fish down,aşağıya doğru yüzmek
fish in troubled waters,kötü niyetli fırsatçı davranmak
fish one's wish,isteklerini yerine getirmek
fish or cut bait,Ya ya ya ya ya ya ya ya ya ya ya ya ya y…
fish out,çıkarıp almak
fish out of water,uyumsuz
fish to fry,halletmek
fish up,balık çıkarmak
fish-eating grin,balık yiyen gülüş
fishing expedition,balık tutma gezisi
fist magnet,yumruk mıknatısı
fit as a fiddle,sağlam
fit for a king,bir krala yakışır
fit in,uyum sağlamak
fit into,uygun olmak
fit out,donatmak
fit the bill,işe yarar
fit to be tied,çok sinirli
fit to wake the dead,ölüleri bile uyandıracak kadar iyi
fit together,birbirineuygunolmak
fit up,monte etmek
fits and starts,Düzensiz aralıklarla
five will get you ten,beş tane alırsanız on tane alırsınız
fix on,odaklanmak
fix someone's wagon,araba tamiri yapmak
fix to,yapıştırmak
fix up,tamir etmek
fix upon,belirlemek
fizz out,sönmek
fizzle out,sönmek
flag away,bayrak çekmek
flag down,durdurmak
flag up,dikkat çekmek
flail about,savurma
flake down,pul pul dökülmek
flake off,pul pul dökülmek
flake out,devamsızlık yapmak
flame out,sönmek
flame up,alevlenmek
flannelled fool,keten giymiş aptal
flap off,sökülmek
flap one's gums,diş etlerini oynatmak
flare out,genişlemek
flare up,alevlenmek
flash around,etrafı aydınlatmak
flash back,geriye dönüş
flash for cash,nakit karşılığında fotoğraf çekmek
flash over,parlaması
flash the ash,külü serpmek
flash the cash,parayı gösterip övünmek
flash up,parlamak
flat as my hat,Şapkam kadar düz
flat as your hat,şapka kadar düz
flat chat,azami hızla
flat down,yere yat
flat is justice,adalet eşitliktir
flat on one's back,sırt üstü yatmak
flat out,tamamen
flat strap,düz kayış
flatten down,düzeltmek
flatten out,düzeltmek
flavor of the week,haftanın favorisi
flavor up,lezzetlendirmek
flea in one's ear,kulak çekmek
fleet up,hızlandırmak
flesh and blood,et ve kan
flesh one's maiden sword,kılıcını ilk kez kullanmak
flesh out,detaylandırmak
flex off,kas göstermek
flex on,öğünmek
flex out,germe
flex up,esneyip gerinmek
flick off,kapatmak
flick on the afterburners,son gazı vermek
flick over,çevirmek
flick through,hızlıca göz atmak
flight of fancy,hayal gücü
fling off,uçurmak
fling out,fırlatmak
flip off,ortadan ikiye ayırmak
flip one's lid,Çılgına dönmek
flip one's wig,saçını başını dağıtmak
flip out,şaşmak
flip over,ters çevirmek
flip shit,sinirlenmek
flip the bird,orta parmak göstermek
flip through,karıştırmak
flirt with,flört etmek
float around,etrafta dolaşmak
float at,üstte yüzmek
float someone's boat,Birinin hoşuna gitmek
flock together,birlikte toplanmak
flog a dead horse,boşa uğraşmak
flog a dead pony,boşa uğraşmak
flog the dolphin,denizatıne daya
flog the log,günlük tut
flood out,taşmak
flood the zone,bölgeyi doldurmak
floor it,gaz vermek
floor one could eat off,pırıl pırıl temiz zemin
flop down,yığılma
flop for,için beğenilmemek
floppy infant syndrome,gevşek bebek sendromu
flotsam and jetsam,yüzen enkaz
flout at,alay etmek
flow from,akmakten
flow out,akmak
flower of the flock,sürüdeki en güzel hayvan
flub up,berbat etmek
fluff about,boş laflar
fluff off,bekletmek
fluff out,kabartmak
fluff up,kabartmak
fluke out,şanssızlık
fluke up,şaşırtmak
flump down,yumuşakça oturmak
flunk out,sınırı geçmek
flush out,temizlemek
flute around,flüt çalmak
flutter in the dovecote,güvercinlikte telaş
flutter the dovecote,güvercinliği hareket ettirmek
fly apart,parçalanmak
fly at,üstüne uçmak
fly blind,kör bir şekilde uçmak
fly by,geçerek
fly in,gelmek
fly in the face of,aksine olmak
fly in the ointment,tuzak
fly into,uçmak
fly low,Düşük irtifada uçmak
fly off,uçmak
fly off at a tangent,konuyu saptırmak
fly off the handle,kontrolünü kaybetmek
fly off the shelves,Çok hızlı satmak
fly on the wall,duvarın arkasındaki gözlemci
fly out,uçmak
fly out of the blocks,Başlangıçta iyi olmak
fly out of the traps,başlangıçta hızlı çıkmak
fly solo,yalnız uçmak
fly the flag,bayrak asmak
fly too close to the sun,güneşe çok yaklaşmak
fly under the radar,dikkat çekmemek
fly up,yukarı uçmak
fly upon,üzerine uçmak
flying start,Hızlı başlangıç
flying visit,hızlı ziyaret
fo sheezy,çok havalı
fo shizzle,kesinlikle
fo sho,kesinlikle
fo' sheezy,çok havalı
fo' sho',kesinlikle
foam up,köpürmek
fob off,satmak
fog a mirror,ayna buğu yapmak
fog out,sis dağıtmak
fog up,buharlaşmak
fogged out,sisli
foist off,dayatmak
fold away,katlanabilir
fold down,aşağı indirmek
fold like a cheap suit,ucuz bir takım gibi çöküş
fold one's tent,çadırını toplamak
fold out,açılır
fold under zero pressure,sıfır basınç altında katlanmak
fold up,katlamak
folk devil,halk düşmanı
follically challenged,saçsız
follicly challenged,saçsız
follicularly challenged,kellik sorunları olan
follow along,takip etmek
follow on,takip et
follow someone off a cliff,birinin uçuruma doğru gitmesini izlemek
follow suit,aynısını yapmak
follow the crowd,kalabalığın peşinden gitmek
follow the money,paranın peşinden git
follow through,tamamlamak
follow to the grave,mezara kadar takip etmek
follow up,takip
follow up on,takip etmek
following along,takip etmek
food baby,gaz sancısı
food chain,Besin zinciri
food for thought,düşünce malzemesi
food noise,yemek sesi
fool about,eğlenmek
fool along,aldatmak
fool around,eğlenmek
fool away,boşa harcamak
fool me once,Bana bir kez aldanırsın
fool up,aptalca yapmak
fool with,alay etmek
fool's bargain,aptalca anlaşma
fool's errand,boşa koşuşturma
fool's paradise,aptalın cenneti
fools rush in,Acelekarlar hep hata yapar
foot the bill,fatura ödemek
foot up,ayağı yukarı
foot voting,ayak oyu
foot-in-mouth disease,ayak-ağza hastalığı
footle about,boşuna uğraşmak
footle around,boşuna uğraşmak
footle away,boşa harcamak
for a change,farklı bir şey için
for a fact,gerçekten
for a laugh,gülmek için
for a minute,bir dakika için
for a song,bedavaya
for Africa,Afrika için
for all intents and purposes,temel olarak
for all money,tüm paralar için
for all of someone,birinin için
for all one is worth,elinden gelenin en iyisi
for all one knows,belki
for all practical purposes,pratikte
for all somebody knows,herkesin bildiği gibi
for all someone cares,kimin umurunda
for all that,buna rağmen
for all the world,tüm dünya için
for all the world to see,tüm dünyanın görebilmesi için
for all time,her zaman
for another thing,bir başka şey ise
for any sake,her ne sebeple olursa olsun
for any sakes,her ne sebeple olursa olsun
for beans,fasulye için
for best,en iyi için
for better or worse,iyi ya da kötü
for Britain,İngiltere için
for cause,nedenle
for certain,kesinlikle
for chrissake,tanrım
for crying out loud,aferin
for days,günlerce
for dear life,canını dişine takarak
for England,İngiltere için
for example,örneğin
for fake,sahte için
for fear of,endişe ederek
for fear that,için ki
for free,ücretsiz
for fuck's sake,artık yeter
for fucking out loud,çok saçma
for fudge's sake,artık yeter
for good,için
for good and all,kesin olarak
for good measure,ihtiyat olması için
for good or ill,iyi ya da kötü olarak
for goodness' sake,allah aşkına
for goodness' sakes,allah aşkına
for goodness's sake,Lütfen
for grins,eğlenmek için
for heaven's sake,tanrı aşkına
for hellery,helleri için
for instance,örneğin
for Ireland,İrlanda için
for keeps,kalıcı olarak
for kicks,eğlence için
for lack of,yeterince
for lack of trying,denememek yüzünden
for laughs,eğlence için
for life,ömür boyu
for long,uzun süre
for love nor money,para veya sevgi için bile olsa
for me and not for thee,Benim için ama senin için değil
for mercy's sake,lütuf için
for my money,benim için
for my sins,günahlarım yüzünden
for name's sake,isim adına
for no good reason,hiçbir geçerli sebep olmaksızın
for nothing,boşuna
for old sake's sake,eski hesaplar yüzünden
for old time's sake,geçmişin hatırına
for old times' sake,eski güzel günler için
for old times' sakes,eski güzel günler için
for once,bazen
for once and for all,bir kereye mahsus
for one thing,birincisi
for one's foams,köpükleri için
for one's heart,kalp için
for one's life,hayatı için
for one's liking,hoşa gitmek için
for one's own hand,kendi elinden
for one's own part,kendisi açısından
for one's part,tarafından
for one's particular,kişisel olarak
for one's trouble,uğraştığı için
for Pete's sake,Tanrı aşkına
for pity's sake,lütfen
for real and for true,gerçekten ve dürüstçe
for real life,gerçek hayatta
for reasons,nedenlerden dolayı
for rent,kiralık
for sake of,için
for sale,satılık
for Scotland,İskoçya için
for shame's sake,utanmak için
for sheezy,için
for shit,aptalca
for shits and giggles,eğlenmek için
for shits and grins,eğlence amaçlı
for short,kısaca
for show,göstermek için
for some reason,bir nedenle
for someone,birisi için
for sour apples,ekşi elmalar için
for sure,kesinlikle
for that matter,bu konuda
for the ages,zamana meydan okuyan
for the asking,istek üzerine
for the best,en iyisi için
for the better,daha iyiye
for the birds,uğursuz
for the book,kitap için
for the cheap seats,ucuz yerler için
for the children,çocuklar için
for the chop,doğramalık
for the craic,eğlenmek için
for the foreseeable,görünür gelecekte
for the fuck of it,boşuna
for the fun of it,eğlence için
for the Gipper,Gipper için
for the gods,tanrılar için
for the heck of it,eğlence için
for the hell of it,eğlence için
for the high jump,yüksek atlama için
for the last time,son kez
for the life of one,birinin ömrü boyunca
for the lols,eğlence amaçlı
for the lolz,eğlence amaçlı
for the lose,kayıp için
for the loss,kayıp için
for the love of,için
for the love of me,elimden gelenin en iyisi
for the love of the game,oyunun sevgisi için
for the lulz,eğlence amaçlı
for the main,esas olarak
for the mean time,şimdilik
for the meantime,şimdilik
for the most part,çoğunlukla
for the nonce,şimdilik
for the plot,hikaye için
for the present,şimdilik
for the record,kayıt için
for the rest,geri kalanlar için
for the sake of,için
for the taking,alınabilecek
for the time being,şimdilik
for the want of,ihtiyaçtan dolayı
for the win,kazanmak için
for the world,dünya için
for the worse,kötüye doğru
for this once,bu sefer için
for toffee,için
for two pins,iki iğne için
for very shame's sake,utanılacak bir durum için
for Wales,Galler için
for want of,yeterli olmaması nedeniyle
for weal or woe,iyi ya da kötü
for what it's worth,değeri ne olursa olsun
for worlds,dünyalar için
for XYZ reasons,XYZ nedenleriyle
for ya,senin için
for your eyes only,sadece sizin için
for your information,bilginize
forbidden fruit,yasak meyve
forbidden fruit is the sweetest,Yasak olan meyve en tatlısıdır
force down someone's throat,Başkasına bir şeyi zorla dayatmak
force in,içeriye
force of habit,alışkanlık
force out,dışarı atmak
force someone's hand,elini kolunu bağlamak
forever and a day,sonsuzluk
forewarned is forearmed,Önceden uyarılmış olmak, hazırlıklı olma…
forge ahead,ilerlemek
forge over,üzerinden geçmek
forget about,unut
forget it,unut gitsin
forget oneself,kendini unutmak
forget you,seni unutmak
forgive and forget,bağışla ve unut
forgive but don't forget,af et ama unutma
fork found in kitchen,mutfak çatalları
fork off,ayrılmak
fork out,ödemek
fork over,ödemek
forked tongue,çatal dilli
fort up,güçlendirmek
fortune favors the bold,Cesur olanı şans esirger
fortune favors the brave,Cesur olanı şans esirger
fortune favors the daring,Cesur olanı şans destekler
fortune favours the bold,Cesur olanı şans esirger
fortune favours the brave,Cesur olanı şans esirger
fortune favours the daring,Cesur olanı şans destekler
forty minutes of hell,kırk dakikalık cehennem
forty winks,kısa bir uyku
forward and backward,ileri ve geri
foster up,desteklemek teşvik etmek geliştirmek
foul out,diskalsifiye olmak
foul up,bozmak
fountain of youth,gençlik çeşmesi
Four Floors of Whores,Dört Katlı Fuhuş
Four Horsemen of the Apocalypse,Kıyametin dört atlısı
four more years,daha dört yıl
four score and seven years ago,Seksen yedi yıl önce
four sheets to the wind,sarhoş
four-leaf clover,dört yapraklı yonca
four-minute warning,dört dakikalık uyarı
fourth estate,dördüncü güç
fourth gear,dördüncü vites
fourth wall,dördüncü duvar
fox in the henhouse,tavukların arasında tilki
fox sleep,tilki uyku
fox's socks,tilki çorapları
frame in,çerçeveye yerleştirmek
frame out,çerçevelemek
frame up,korkuluk
freak flag,acayip bayrak
freak off,uzaklaş
freak out,panik yapmak
freaking gosh,valla
freckle up,çilli olmak
free alongside ship,liman yanına ücretsiz
free alongside ships,gemilerin yanında serbest
free hand,serbest el
free lunch,Ücretsiz öğle yemeği
free ride,ücretsiz geçiş
free up,boşaltmak
freedom ain't free,özgürlük bedava değil
freedom is not free,özgürlük bedava değildir
freedom isn't free,özgürlük bedava değildir
freedom's not free,özgürlük bedava değil
freeze on to,yapışmak
freeze onto,yapışmak
freeze out,dışlamak
freeze over,donmak
freeze to,donmak
freeze up,donmak
freezing cold,dondurucu soğuk
French fact,Frans gerçek
French leave,İzinli ayrılmak
frequent flyer,sık seyahat eden
fresh legs,taze bacaklar
fresh off the boat,denizden yeni gelmiş
fresh out of,yeni mezun
fresh start,Yeni başlangıç
fresh up,yenilenmek
freshen up,yenilenmek
fret the gizzard,midye
friend of Bill W.,Bill W.'nin arkadaşı
friend with benefits,Fayda ilişkisi
friends in high places,etkili kişilerle ilişkiler
friends in low places,düşük seviyedeki arkadaşlar
friendship with benefits,Fayda ilişkisi
frig around,eğlenmek
frig it,Bunu yapma
frig off,soğuk
frig up,soğutmak
frigg up,mahvetmek
frit away,boşa harcamak
fritter away,boşa harcamak
fritz out,bozulmak
fritz up,karıştırmak
frizz up,kıvırmak
frog in one's throat,gırtlak kuruluğu
from a distance,uzaktan
from a mile away,çok uzaktan
from a standing start,duran yerden
from A to B,A'dan B'ye
from A to izzard,A'dan izzarda
from A to Z,A'dan Z'ye
from A to Zed,A'dan Z'ye
from A to Zee,A'dan Z'ye
from aardvark to zymurgy,aşağıdaki gibi
from all accounts,görünüşe göre
from all reports,tüm raporlara göre
from an early age,erken yaşlardan itibaren
from away,uzaktan
from beginning to end,başlangıcından sonuna kadar
from can see to can't see,görünebilirden görünemiyene
from central casting,merkezi oyuncu ajansından
from cover to cover,baştan sona
from cradle to grave,doğumdan ölüme
from first to last,başlangıçtan bitişe
from good hands,iyi ellerden
from hand to hand,elden ele
from hell,cehennemden
from here to Sunday,buradan pazara kadar
from hereon out,bundan sonra
from home,evden
from hunger,açlıktan
from jump street,polis akademisinden
from Kashmir to Kanyakumari,Keşmir'den Kanyakumari'ye
from me born,benden doğma
from memory,hafızadan
from Missouri,Missouri'dan
from Murphy to Manteo,Murphy'den Manteo'ya
from now on,bundan sonra
from nowhere,hiçbir yerden
from on high,yukarıdan
from one day to the next,bir günden diğerine
from pillar to post,bir yerden bir yere
from post to pillar,direkten direğe
from power,güçten
from scratch,sıfırdan
from sea to shining sea,denizin ötesine
from side to side,yan yana
from soda to hock,gazlı içecekten şaraba
from someone's mouth to God's ears,Tanrı'nın kulağına fısıldamak
from soup to nuts,her şeyle birlikte
from start to finish,başlangıcından sonuna kadar
from stem to stern,baştan sona
from the bottom of one's heart,kalbinin derinliklerinden
from the cradle to the grave,doğumdan ölüme
from the dead,ölülerden
from the East German judge,Doğu Alman hakemden
from the face of the earth,yeryüzünden
from the first,baştan
from the get,başlangıçtan itibaren
from the get-go,başlangıçtan itibaren
from the git,gitten
from the git-go,başlangıçtan itibaren
from the ground up,temelden
from the heart,kalpten
from the hip,bel hizasından
from the jump,başlangıçtan itibaren
from the outset,başlangıçtan itibaren
from the river to the sea,nehirden denize
from the rooter to the tooter,kökten uca
from the start,başlangıçtan itibaren
from the top,yukarıdan
from the womb to the tomb,doğumdan ölüme
from the word go,başlangıçtan itibaren
from time to time,zaman zaman
from top to bottom,yukarıdan aşağıya
from top to toe,baştan ayağa
from week to week,haftadan haftaya
from where one is sitting,oturduğu yerden
from where one sits,oturduğu yerden
from womb to tomb,doğumdan ölüme
from your lips to God's ears,Sizden Tanrı'nın kulağına
front and center,ön planda
front of mind,ön planda
front off,önden kapat
front on,önden
front oneself off,kendini göstermek
front runner,ön sıralarda olan
front up,karşı çıkmak
frost up,buzlanmak
froth up,köpürmek
frown at,buruşturmak
frown on,eleştirme
frown upon,hoş görmemek
fruit of one's loins,soy
fruit of the poisonous tree,zehirli ağacın meyvesi
fruit of the union,birliğin sonucu
fruit up,meyvelemek
fruity in the booty,kalçası dolgun
fry up,kızartmak
fuck 12,siktir 12
fuck about,alay etmek
fuck and chuck,sallamak ve atmak
fuck around,uğraşmak
fuck around and find out,Denemeye devam et pişman olacaksın
fuck away,defet et
fuck if I know,Eğer bilsem ne iyi olurdu
fuck it,Siktir et
fuck it up,Berbat etmek
fuck knows,kimin ne dediği önemli değil
fuck off,Defol
fuck over,aldatmak
fuck round,uğraşmak
fuck someone upside down,Başkasıyla ters pozisyonda cinsel ilişki…
fuck someone's brains out,beyinlerini dağıtmak
fuck that noise,Ona yeter
fuck this,Buna yeter artık
fuck this for a lark,Bunu eğlence için yapalım
fuck up,berbat etmek
fuck with,başkalaşmak
fuck y'all,Siz hepiniz gidin
fuck you,Siktir
fuck yourself,kendine iyi bak
fuck's sake,Lanet olsun
fucked off,Defolmuş
fucked over,aldatılmış
fucking hell,Lanet olsun
fucking oath,kesinlikle
fucking shit,lanet olası bok
fudge factor,payanda
fudge the issue,konuyu örtbas etmek
fudge together,birlikte tatlı yapmak
fuel up,yakıt ikmali yapmak
fuh sheezy,çok iyi
fujo out,kaçmak
fujoshi out,fujoshi çık
fuk u,Siktir
full blast,Tam güçle
full butt,dolu kalça
full circle,tam daire
full marks,Tam not
full of,dolu
full of beans,çok enerjik
full of hot air,abartılı
full of it,abartılı
full of oneself,kendini beğenmiş
full of piss and vinegar,Enerjik ve hevesli
full pelt,tam güçle
full ride,tam burs
full speed ahead,Tam gaz ileri
full steam,tam güçle
full tide,Yüksek gelgit
full tilt,tam gazla
full tilt boogie,tam gaz eğlence
full to the gills,öpücüklerle dolu
full whack,tam güçle
full-time job,Tam zamanlı iş
fully briefed,Tamamen bilgilendirilmiş
fully fledged,tam teşekküllü
fully rigged,tamamen donatılmış
fun and games,eğlence ve oyunlar
fun in a bun,topuzdaki eğlence
fun on a bun,hot dog
fun up,eğlenceyi artır
functionally complete,işlevsel olarak tamamlanmış
funk out,şaşkınlık geçirmek
funk up,bozulmak
funny as a barrel of monkeys,Maymun iğnesi gibi komik
funny bone,komik düğme
funny man,komik adam
funny stuff,komik şeyler
funny that,çok komik ki
fur out,yayılmak
fur up,tüy çıkarmak
furbish up,yenilemek
furnish out,donatmak
fuss around,uğraşmak
fuss over,uğraşmak
futt about,yaklaşmak
futz around,oyalanmak
futz with,kurcalamak
fuzz out,bulanıklaştırmak
fuzzy over,bulanıklaşmak
G. O. A.,Genel Oylama Anketleri
gaff off,beklemek
gag me with a spoon,Bana bir kaşıkla ağzımı kapatın
gagging for it,çok istediğini
gain momentum,ivme kazanmak
gain on,kazanç
gain over,üzerinde üstünlük sağlamak
gain time,zaman kazanmak
gain upon,kazanmak üzerine
gall and wormwood,kibir ve acılık
gallows humor,kara mizah
game face,Ciddi yüz ifadesi
game is game,oyun oyundur
game on,başlayalım
game out,oyunlaştırmak
game over,Oyun bitti
game plan,oyun planı
gandy dancer,ray göstericisi
gang up,birleşmek
gang up on,birleşip saldırmak
gape for,şaşkınlıkla bakmak
gapers' block,ağız açık kalma durumu
garden variety,sade tür
garner up,toplamak
gas and air,gaz ve hava
gas and go,hızlı servis
gas out,gaz salmak
gas up,benzin almak
gate off,kapalı giriş
gateway drug,giriş uyuşturucu
gather dust,tozlanmak
gather oneself together,kendini toplamak
gather rosebuds,gül tomurcuklarını toplamak
gather up,toplamak
gather way,toplanma yolu
gavel out,çekiçle vurmak
gavel to order,toplantıyı açmak
gay for pay,Ücret karşılığında ilişki
gay for the stay,orada kalmak için heyecanlı
gay up,canlandırmak
gear down,vites küçültmek
gear to,vitese geçmek
gear towards,odaklanmak
gear up,hazırlanmak
gee along,devam et
gee up,hızlanmak
geek chic,nerd şıklığı
geek out,heveslenmek
geez Louise,İyice
geeze up,canlandırmak
geg in,başlangıç
gen up,doğurmak
gen. et sp. nov.,Yeni tür ve yeni cins
gender bender,cinsiyet değiştirme
genetic lottery,genetik miras
genetically engineered,Genetik olarak mühendislik yapılmış
genetically modified,Genetik olarak modifiye edilmiş
gentle as a lamb,kuzu gibi nazik
gentle giant,nazik dev
gentle sex,yumuşak cinsiyet
genuine article,orijinal ürün
geographically challenged,coğrafyada zorlanan
German goiter,Alman guatrı
German virgin,Alman bakire
get a charge out of,eğlenmek
get a clue,İpucu al
get a fix,düzeltmek
get a grip,Sakın ol
get a horse,bir at edin
get a kick out of,eğlenmek
get a leg up,fırsat yakalamak
get a life,hayatınaodaklan
get a line on,haber almak
get a move on,hareket et
get a pair,bir çift al
get a rise out of,gülümsemek
get a room,bir odaya girin
get a wiggle on,Harekete geç
get a wriggle on,hızlan
get about,etrafı dolaşmak
get above oneself,kendini beğenmek
get across,iletebilir
get after,peşinden gitmek
get ahead,öne geçmek
get ahead of,öne geçmek
get ahead of oneself,kendini aşmak
get along,yarışmak
get amongst it,içine dal
get around,etrafı dolaşmak
get around to,uğramak
get at,ulaşmak
get away,uzaklaşmak
get away with,yüzünden sıyrılmak
get back,geri dönmek
get back at,intikam almak
get back on the horse,tekrar ata binmek
get back to,geri dönmek
get beans,fasulye almak
get behind,desteklemek
get bent,Siktir et
get bent out of shape,sinirlenmek
get better,iyileşmek
get between,arasında kalmak
get big or get out,ya büyük ol ya da git
get blood out of a stone,taşta su çıkarmak
get busy,yoğunlaşmak
get by,geçinmek
get by with,iç etmek
get changed,giysilerini değiştir
get down,inmek
get down on,inmek üzerine
get down to,başlamak
get down to bedrock,temele inmek
get down to brass tacks,işe girişmek
get down to business,işe koyulmak
get down to cases,işe başlamak
get even,intikam almak
get even or get even worse,daha da kötü olmak
get fresh,yenilenmek
get grey hair from,...nedeninden dolayı saçları beyazlamak
get high,sarhoş olmak
get hold of,ulaşmak
get in,gir
get in on,katılmak
get in the boat and row,Tekneye bin ve kürek çek
get in the way,Engel olmak
get in touch,iletişime geçmek
get in trouble,Sorun yaşamak
get in with,içeri girmekle
get ink,mürekkep almak
get into,girmek
get into it,içine girmek
get into one's stride,İşin içine girmek
get into someone's pants,birinin altina girmek
get into the act,oyuna dahil olmak
get into the wrong hands,yanlış kişilerin eline geçmek
get into trouble,Sorunlara karışmak
get it,elde et
get it how one lives,insanların nasıl yaşadığını anlamak
get it in,içeri al
get it in ya,içine çek
get it on,elde et
get it together,Kendini topla
get it up,kaldır
get late,geç kalmak
get life,hayat sürmek
get lost,kaybolmak
get misty,sisli olmak
get moving,harekete geç
get off,inmek
get off lightly,hafif ceza almak
get off of someone's cloud,birinin etkisinden kurtulmak
get off on,uyandırmak
get off one's chest,içini ferahlatmak
get off one's high horse,Kendini beğenmişliği bırakmak
get off the ground,yere düşmek
get off the mark,işe başlamak
get off with,yüzleşmek
get on,binmek
get on at,bina
get on it,bunu yap
get on somebody's nerves,sinirlendirmek
get on someone's grill,birini sıkmak
get on someone's nerves,sinirlendirmek
get on the end of,sonuna gelmek
get on the stick,işe giriş
get on to,başlamak
get on up,kalkmak
get on with,devam etmek
get one over on,aldatmak
get one up on,öne geçmek
get one's act together,Kendini topla
get one's ass in gear,hareket et
get one's bowels in an uproar,bağırsakları altüst olmak
get one's butt somewhere,bir yere gitmek
get one's claws into,pençesini sokmak
get one's claws out,tırmaklarını çıkarmak
get one's clock cleaned,mağlup olmak
get one's feet wet,deneyim kazanmak
get one's fill,doymak
get one's finger out,hareket et
get one's fingers burnt,zarar etmek
get one's fingers onto,ulaşmak
get one's foot in the door,ayağı girmeyi başarmak
get one's freak on,kendini bırakmak
get one's fuck on,Cinsellikle ilgili bir şey yapmak
get one's hands dirty,ellerini kirletmek
get one's hands on something,bir şeye sahip olmak
get one's head around something,Bir şeyi anlamak
get one's head straight,başına gelenleri kabullenmek
get one's hopes up,umutlanmak
get one's juices flowing,heyecanlanmak
get one's kicks,eğlenmek
get one's knickers in a knot,Telaşlanmak
get one's knickers in a twist,sinirlenmek
get one's marching orders,emir almak
get one's mind around something,bir şeyi anlamak
get one's monkey up,sinirlenmek
get one's panties in a bunch,gereksiz yere telaşlanmak
get one's panties in a pretzel,gergin olmak
get one's panties in a wad,Telaşlanmak
get one's priorities right,öncelikleri doğru belirlemek
get one's priorities straight,öncelikleri belirlemek
get one's shine box,parlatma kutusu
get one's shirt out,gömleğini çıkarmak
get one's shit together,Kendini topla
get one's shorts in a knot,Telaşlanmak
get one's skates on,acele et
get one's teeth into something,bir şeye odaklanmak
get one's tits in a wringer,çok üzülmek
get one's undies in a bundle,çok telaşlanmak
get one's way,istediğini yapmak
get one's wires crossed,yanlış anlaşılmak
get oneself together,kendini toplamak
get onto,bine çıkmak
get out,çık
get out from under,dışarı çıkmak
get out of,çıktı
get out of Dodge,Oradan uzaklaş
get out of hand,kontrolden çıkmak
get out of here,buradan git
get out of jail free card,hapisten çıkarma kartı
get out of my face,Beni rahat bırak
get out of my sight,Gözümün önünden çekil
get out of someone's hair,devamlı peşinde olmamak
get out the vote,Oy kullanmayı teşvik etmek
get out while the getting's good,Fırsat varken kaçın
get outta here,burdan git
get over,aşağıya inmek
get over on,aldatmak
get over oneself,kendini toparlamak
get past,Aşmak
get past oneself,kendini aşmak
get rekt,yok ol
get rid of,kurtulmak
get right,doğru yapmak
get right into it,direkt başlamak
get round,etrafını dola
get round to,uğramak
get some air,hava almak
get somebody the green light,izin vermek
get someone at it,bunu ona yaptır
get someone's back up,birinin sırtını sıvazlamak
get someone's dander up,sinirlendirmek
get someone's goat,sinirlendirmek
get someone's neurons firing,Birinin zihnini harekete geçirmek
get something over with,Bittiğini görmek
get something the green light,onay almak
get started,başlamak
get straight,düzeltmek
get stuck in,sıkışmak
get stuck into,kendini vermek
get taken in,aldatılmak
get the ball rolling,işe başlamak
get the band back together,grubu yeniden bir araya getirmek
get the better of,yenmek
get the boot,işten çıkarılmak
get the bullet,mermiyi al
get the chop,işten çıkarılmak
get the door,kapıyı aç
get the drawers,çekmeceleri al
get the drift,anlamını kavramak
get the feeling,hissi oluşmak
get the goods on,bilgi edinmek
get the green light,izin almak
get the hang of,almayı öğrenmek
get the idea,fikri anlamak
get the impression,izlenim edinmek
get the lead out,hızlan
get the memo,bilgiyi almak
get the message,Mesajı almak
get the nod,onay almak
get the noggin joggin',düşünmeye teşvik etmek
get the point,anlamını kavramak
get the runaround,kovalamaca
get the sack,işten çıkarılmak
get the show on the road,Gösteriyi başlatalım
get the wind up,tedirgin etmek
get the word out,Haberin yayılmasını sağlamak
get thee behind me,Benden uzaklaş
get there,oraya ulaşmak
get this,bunu al
get through,başarmak
get through one's head,aklına kazınmak
get to,ulaşmak
get to first base,birinci üsse ulaşmak
get to grips with,başa çıkmak
get to one's feet,ayağa kalkmak
get to the bottom of,olayın özünü çözmek
get to the fireworks factory,havai fişek fabrikasına ulaşmak
get to the point,Konuya gir
get to work,İşe başla
get together,bir araya gelmek
get under it,altına gir
get under somebody's skin,sinirlendirmek
get under someone's skin,sinirlendirmek
get underneath someone's skin,sinirlendirmek
get up,uyanmak
get up in,içinde
get up into,içine çıkmak
get up off,kalkmak
get up the yard,bahçeyi temizle
get up to,kadar
get up to speed,bilgi almak
get up with the chickens,sabah erken kalkmak
get used,alışmak
get well,geçmiş olsun
get well soon,geçmiş olsun
get wet,Islanmak
get what one asked for,isteklerini yerine getirmek
get what's coming to one,hak ettiğini yaşamak
get wind,duymak
get wind in one's jaws,dişlerinin arasından hava geçirmek
get wind of,duymak
get wind of something,bir şeyden haberdar olmak
get with,ilişki yaşamak
get with it,uyum sağla
get with the program,işin içine girmek
get with the times,zamana ayak uydur
get you,seni anlamak
GG no re,iyi oyun
ghetto bird,getto kuşu
ghetto lottery,getto çekilişi
ghost at the feast,şenlikteki hayalet
ghost from one's past,geçmişin hayaleti
ghost home,hayalet ev
gift from above,yukarıdan gelen hediye
gift from heaven,cennetten bir hediye
gift from the goddesses,tanrıçalardan gelen hediye
gift from the heavens,gökten gelen hediye
gift horse,hediyeyi kabul etmek
gift of the gab,konuşma yeteneği
gift that keeps on giving,Sürekli fayda sağlayan hediye
gild the lily,zarafeti bozmak
gimme a break,Bana bir şans ver
gimme a five,beş ver
gin up,uydurmak
ginger knob,zencefil düğümü
ginger up,canlandırmak
gingerbread up,zencefilli kurabiye
gird up one's loins,kendini hazırlamak
give a damn,umursamak
give a fuck,umursamak
give a good account of oneself,kendini iyi ifade etmek
give a hang,umursamak
give a hoot,umursamak
give a light,ışık ver
give a man a fish,birine balık vermek
give a monkey's,umursamak
give a nod,başını sallamak
give a rat's arse,umursamamak
give a rip,önem vermek
give a shit,umursamak
give a sneck posset,bir fincan süt ver
give about,hakkında bilgi ver
give against,karşı koymak
give and take,ver vermek
give as good as one gets,karşılık vermek
give away,hediye etmek
give away the farm,Çiftliği vermek
give away the store,Tüm malı vermek
give back,geri vermek
give birth,doğurmak
give by,vermek
give chase,kırakoşmak
give credit where credit is due,Layık olan kişiye layık olduğu değeri ve…
give curry,köri ver
give dome,kubbe
give ear,dikkatlice dinle
give face,saygı göstermek
give forth,yaymak
give head,öpücük vermek
give heed,dikkat etmek
give in,pes vermek
give into,taviz vermek
give it a red-hot crack,şiddetle vurmak
give it a shot,Denemek
give it a whirl,Denemek
give it one's best shot,Elinden geleni yapmak
give it the big one,büyük bir şey vermek
give it the gun,ona silah ver
give it to someone,birine ver
give it up,bırak
give life to,hayat vermek
give lip,alay etmek
give me,ver
give me a break,bana bir şans ver
give notice,bildirimde bulunmak
give of oneself,kendinden bir şeyler vermek
give off,yaymak
give one's all,elinden geleni yapmak
give one's head a shake,başı sallamak
give one's life,ömrünü vermek
give oneself airs,kendini beğenmek
give or take,artı eksi
give out,dağıtmak
give over,teslim et
give pause,duraklama
give rise to,meydana getirmek
give somebody a hard time,zorluk çıkarmak
give somebody the benefit of the doubt,Şüpheyi bir kenara bırakmak
give somebody the green light,izin vermek
give someone a bloody nose,burnun kanamasını ettirmek
give someone a break,birini rahat bırakmak
give someone a hand,yardım etmek
give someone a hard time,zorluk çıkarmak
give someone a ring,telefon etmek
give someone a shout,bağırarak seslenmek
give someone a speaking to,azarlamak
give someone an earful,azarlamak
give someone beans,birine azar işitmek
give someone enough rope,biri için yeterli fırsat yaratmak
give someone grey hair,saçlara beyaz tel getirmek
give someone grief,zorluk çıkarmak
give someone Hail Columbia,Hail Columbia'ı söylemek
give someone hell,birine cehennem yaşatmak
give someone line,birine yalan söylemek
give someone something to think about,Düşünmesi için bir şey vermek
give someone the bag,çantayı vermek
give someone the boot,işten çıkarmak
give someone the brush-off,havayla alay etmek
give someone the business,laf atmak
give someone the chair,sandalyeyi vermek
give someone the cold shoulder,soğuk davranmak
give someone the creeps,ürkeklik hissettirmek
give someone the eye,flört etmek
give someone the heave-ho,işten çıkarmak
give someone the old heave-ho,kovmak
give someone the runaround,Oyalamak
give someone the slip,kaybolmak
give someone their cards,kişiye kartlarını vermek
give someone their flowers,biriye hakettiği değeri vermek
give someone their head,serbest bırakmak
give someone time,birine zaman vermek
give someone to understand,Anlamasını sağlamak
give someone what for,azarlamak
give someone what-for,azarlamak
give someone wood,şaşırtmak
give something a go,Denemek
give something a miss,kaçırmak
give something a try,Denemek
give something a whirl,Denemek
give something the green light,onay vermek
give the axe,işten çıkarma
give the devil his due,şeytana hakkını vermek
give the elbow,dirsek atmak
give the game away,Oyunu bozmak
give the green light,izin vermek
give the lie,yalan söylemek
give the lie to,yalanlamak
give the royal treatment,kraliyet muamelesi yapmak
give the sack,işten çıkarma
give the time of day,günün saatini belirt
give up,pes etmek
give up the ghost,hayata veda etmek
give way,yer vermek
give weight,ağırlık vermek
give what for,ne ceza vermek
give your head a wobble,başını sallayın
give zero fucks,Umurumda değil
given that,göz önüne alındığında
given time,verilen süre
glad tidings,iyi haberler
glam up,parlatmak
glance away,gözlerini kaçırmak
glance off,çarpmak
glance over,gözden geçirmek
glass ceiling,cam tavan
glaze over,parlak yüzey oluşturmak
glaze up,parlamak
glitch out,arıza yapmak
glom on,yapışmak
glom onto,yapışmak
glomb on,yapışmak
glomb onto,yapışmak
glomp on,sarılmak
glomp onto,yapışmak
gloom and doom,karanlık ve felaket
glory be,Al sanağım
gloss over,gözden kaçırmak
glove up,eldiven giymek
gloves are off,eldivenler çıkarıldı
glow up,güzelleşmek
glutton for punishment,cezaya katlanmaktan zevk alan
gnash one's teeth,dişlerini gıcırdatmak
gnash up,sertleşmek
gnaw someone's vitals,birinin içini kemirmek
go a long way,uzaklara gitmek
go about,devam etmek
go about to,yapmak üzere
go after,ardından gitmek
go against,karşı çıkmak
go against the grain,akıntıya karşı yüzmek
go ahead,devam et
go ahead with,devam et
go all around the Wrekin,Wrekin'in etrafını dola
go all out,Her şeyi ortaya koymak
go all the way,sonuna kadar git
go along,beraber gitmek
go along for the ride,gidişata ayak uydurmak
go along to get along,uyum sağlamak
go along with,katılmak
go along with the gag,şakaya katılmak
go and boil your head,git ve kafanı kaynat
go and eat coke,git ve kola iç
go around,etrafında dolaşmak
go around in circles,Döngü içinde dönmek
go around the houses,evlerin etrafında dola
go around with,beraber olmak
go at,git
go at a good clip,hızlı ilerlemek
go at it,başla
go away,git
go back,geri dön
go back in time,Geçmişe dönmek
go back on,geri dönmek
go back to,geri dön
go back to the drawing board,başa dönmek
go back to your country,ülkenize dönün
go bail,teminat vermek
go ballistic,Çılgına dönmek
go bananas,Çılgın olmak
go batshit,Çılgınlaş
go begging,dilenmek
go below,aşağı git
go berserk,deli olmak
go between,arabuluculuk yapmak
go beyond,aşmak
go big or go home,Ya büyük düşün ya da pes et
go by,geçmek
go by the board,başarısız olmak
go by the wayside,yolun dışına çıkmak
go climb a tree,Bir ağaca tırman
go commando,pantolonsuz
go commit,işleme al
go down,inmek
go down in flames,başarısız olmak
go down on,inmek
go down that road,O yolu takip et
go down the drain,berbat olmak
go down the khazi,Tuvalete git
go down the pan,berbat olmak
go down the road,yola inmek
go down the toilet,Tuvalete git
go down the tubes,başarısız olmak
go down the wrong way,yanlış yöne gitmek
go down with,yanmak
go downhill,aşağı doğru gitmek
go downtown,merkeze git
go Dutch,hesap ayırmak
go easy on somebody,Birine karşı nazik olmak
go far,uzağa git
go fig,anlamı yok
go figure,anlamını çöz
Go Fish,Balık tutma
go fly a kite,Uçurtma uçur
go for,gitmek için
go for a song,çok ucuza
go for broke,Her şeyi riske atmak
go for it,yap
go for the gold,altını hedefle
go for the kill,son darbeyi vurmak
go for the throat,boğaza saldırmak
go forth,ilerle
go forth and multiply,gidin ve çoğalın
go free,ücretsiz git
go from strength to strength,günden güne gelişmek
go from zero to hero,sıfırdan kahramana yükselmek
go fuck oneself,kendini sik
go fuck your mother,senin anneni siktir
go fuck yourself sideways,kendine iyi bak
go Galt,Galt'a git
go get 'em,Hadi onları al
go great guns,harika olmak
go green,yeşile geçmek
go halfsies,yarışmak
go halves,paylaşmak
go hang,git as
go hard or go home,Ya kazan ya da pes et
go hard with someone,birine karşı sert olmak
go Hollywood,Hollywood'a gitmek
go horribly right,inanılmaz şekilde iyi gitmek
go in,gir
go in for,katılmak
go in for the kill,son darbeyi vurmak
go in off,içeri gir
go in on,katılmak
go in the out door,kapıdan içeri gir
go in with,içeri gir
go into,girmek
go into one's shell,içe kapanmak
go it alone,yalnız başına git
go jump in the lake,göle atla
go jump off a bridge,bir köprüden atla
go jump off a building,bir binadan atla
go jump off a cliff,kendini uçuruma at
go left,sola dön
go moggy,git
go native,yerel olmak
go nowhere,hiçbir yere gitmemek
go nowhere fast,hiçbir yere gitmemek
go off,çıkmak
go off at score,skorla ilgili
go off half-cocked,plansız
go off into the weeds,konuyu dağıtmak
go off on one,konuyu saptırmak
go off the boil,soğumak
go on,devam et
go on by,devam et
go on one's merry way,keyifle yoluna devam etmek
go on sale,indirime girmek
go on the mitch,Mitch'e git
go on the scout,keşfe çıkmak
go on then,devam et
go one's own way,kendi yoluna gitmek
go or blow,git veya uç
go out,dışarı çıkmak
go out of business,İşten çıkmak
go out of one's way,elinden gelenin fazlasını yapmak
go out with a bang,Büyük bir olayla bitmek
go out with the ark,çarkla gezmek
go over,üzerinden geçmek
go over someone's head,yetki aşmak
go over to the majority,çoğunluğa katılmak
go overboard,abartmak
go past,geçmek
go pear-shaped,şeklini bozmak
go places,yerleri gezmek
go play in the traffic,Trafikte oyna
go public,halka açılmak
go rogue,kontrolden çıkmak
go round,dönmek
go round in circles,Döngü içinde dönmek
go round with,beraber olmak
go shit yourself,Kendine işe git
go snake,yılan git
go so far as,kadar gitmek
go soak your head,başını suya sok
go south,güney yönüne git
go straight,düz devam et
go the distance,uzun yolu gitmek
go the extra mile,elinden gelenin ötesini yapmak
go the way of,aynı yolu izlemek
go the way of the dinosaurs,dinozorların yolunu izlemek
go the way of the dodo,tarihe karışmak
go the whole hog,tamamen dahil olmak
go their separate ways,ayrı yollara ayrılmak
go through,geçmek
go through hell,cehennemi yaşamak
go through the gears,vitesleri geçmek
go through the mill,zorlu bir süreçten geçmek
go through the motions,gereğini yapmak
go through with,tamamlamak
go to,git
go to bat,sahaya çıkmak
go to Canossa,Canossa'ya gitmek
go to great lengths,elinden geleni yapmak
go to great lengths to do something,Bir şeyi yapmak için her şeyi yapmak
go to ground,yere inmek
go to one's head,başa gelmek
go to pieces,parçalanmak
go to Prestwich,Prestwich'e git
go to sea,denize gitmek
go to seed,tohumlanmak
go to sleep,uyu
go to someone's head,başa gelmek
go to the bow-wows,köpeklere git
go to the dogs,kötü bir duruma düşmek
go to the mat,halıya gitmek
go to the mattresses,silahlanmak
go to the polls,sandığa gitmek
go to the scaffold,idam sehpasına gitmek
go to the wall,duvara git
go to the well,kuyuya git
go to town,şehre gitmek
go to town on,harcamak
go to war,savaşmak
go to work,İşe gitmek
go together,birlikte gitmek
go too far,çok ileri gitmek
go towards,doğruya
go tutti-frutti,tutti frutti aromalı
go under,içine girmek
go up,yukarı çıkmak
go up against,karşı koymak
go up for,yukarı gitmek için
go up in flames,alev almak
go up in smoke,duman olup gitmek
go walking,yürüyüşe çıkmak
go wild,deli ol
go with,beraber gitmek
go with one's gut,içgüdüyle hareket etmek
go with the flow,akışa kapılmak
go with the flow of traffic,Trafikte akışa uygun hareket etmek
go with the wind,rüzgarla gitmek
go without,eksiksiz olmak
go without saying,söylene söylene
go wrong,yanlış gitmek
gob off,git
gob up,yutmak
gobble down,yutmak
gobble off,yutmak
gobble up,yutmak
God bless someone's cotton socks,Tanrı kimsenin çoraplarını korusun
God does not play dice,Tanrı zar oynamaz
God doesn't give with both hands,Tanrı iki elinden vermez
God forbid,Allah korusun
God forfend,Tanrı korusun
God hates a coward,Tanrı korkakları sevmez
God helps them that help themselves,Tanrı, kendine yardım edenlere yardım ed…
God helps them who help themselves,Tanrı, kendine yardım edenlere yardım ed…
God helps those who help themselves,Tanrı, kendine yardım edenlere yardım ed…
God is in the detail,Detaylarda gizli
God knew,Tanrı biliyordu
God knows,Tanrı bilir
God love someone,Tanrı onu sevsin
God loves a trier,Deneyenleri Tanrı sever
God only knows,Tanrı bilir
God rest her soul,Ruhu şad olsun
God rest his soul,Ruhu şad olsun
God rest their soul,Ruhları şad olsun
God rest their souls,Tanrı ruhlarını şifa versin
God Shave the Queen,Tanrı Kraliçe'yi korusun
god that failed,başarısız tanrı
God works in mysterious ways,Tanrı gizemli yollarla çalışır
God's eye,Tanrı'nın gözü
God's gift,Tanrı'nın hediyesi
God's gift to men,İnsanlığa Tanrı'nın armağanı
God's gift to women,Kadınlara Tanrı'nın armağanı
God's green earth,Tanrı'nın yeşil yeryüzü
God's honest truth,Tanrı aşkına
God's work,Tanrı'nın işi
Goddess knows,Tanrı bilir
Goddess only knows,Tanrı bilir
gods bless you,allah sizi korusun
going away,ayrılmak
going on,oluyor
going rate,mevcut fiyat
going to,gidiyorum
gold in them thar hills,orada o dağlarda altın var
gold is where you find it,Altın nerede bulunursa orada
gold mine,altın madeni
gold over,altın kaplama
golden age,altın çağ
golden duck,altın ördek
golden goose,altın ördek
golden handcuffs,altın kelepçeler
golden handshake,altın el sıkışması
golden hello,altın merhaba
golden mean,altın oran
golden opportunity,altın fırsat
golden parachute,altın yumurta
golden rule,altın kural
golden thread,altın iplik
golden ticket,altın bilet
golden touch,altın dokunuş
golden years,altın yıllar
golf widow,golf eşi
gone by lunchtime,Öğle yemeği zamanına kadar biter
gone case,Çözümsüz durum
gone fishing,balık tutmaya gitti
gone north about,kuzeye doğru yaklaşık
gone with the wind,rüzgarla savrulup giden
Gong Xi Fa Cai,Mutlu yıllar
gonk out,bozulmak
good afternoon,iyi öğleden sonra
good and,iyi ve
good as gold,uyumlu
good as new,Sıfır gibi
good black don't crack,iyi siyah çatlamaz
good books,iyi kitaplar
good boy,iyi çocuk
good boys deserve fudge always,iyi çocuklar her zaman çikolata tatlısı …
good coin,iyi para
good day,iyi günler
good deal,iyi fırsat
good doctor,iyi doktor
good drunk,iyi sarhoş
good egg,iyi insan
good enough for government work,devlet işleri için yeterli
good enough for jazz,jazz için yeterli
good enough to eat,Yenilebilir kadar güzel
good eve,iyi akşamlar
good fences make good neighbors,İyi sınırlar, iyi komşuluklar yaratır
good fences make good neighbours,İyi sınırlar, iyi komşuluklar yaratır
good game,iyi oyun
good girl,iyi kız
good God,allah allah
good graces,iyi niyet
good gracious,aman tanrım
good head on one's shoulders,akıllı olmak
good job,iyi iş
good life,iyi hayat
good looker,Çekici
good luck,başarılar
good morn,günaydın
good morning,günaydın
good night,iyi geceler
good night nurse,iyi geceler hemşire
good noon,iyi öğlenler
good old days,geçmiş güzel günler
good on someone,Bravo
good riddance,görüşmek üzere
good run,iyi koşu
Good Samaritan,İyiliksever insan
good sense,akıl
Good Thing,İyi şey
good things come in small packages,Küçük şeylerle büyük mutluluklar gelir
good things come in threes,İyi şeyler genellikle üçerli gelir
good time coming,iyi zamanlar gelecek
good times,güzel zamanlar
good turn,iyilik
good value,iyi fiyatlı
good voice to beg bacon,domatesli yumurtalı sandviç
good wine needs no bush,İyi şarap kendini belli eder
good-time Charlie,eğlence düşkünü
goodness gracious,aman tanrım
goodness gracious me,aman tanrım
goodness knows,kim bilir
goodness me,aman tanrım
goodnight Irene,iyi geceler Irene
goodnight nurse,iyi geceler hemşire
goodnight Vienna,iyi geceler Viyana
goof around,saçmalık
goof off,boşuna zaman geçirmek
goof on,aptalca davranmak
goof up,yanlış yapmak
Google is your friend,Google sizin arkadaşınızdır
google up,google'da ara
gook up,araştır
goon out,dışarı çıkmak
goon squad,hayran topluluğu
goose up,şaşkınlık yaratmak
gooseberry eye,kuş üzümü gözü
gooseberry season,kuşburnu mevsimi
gorilla in the room,odada olan goril
gosh knows,kim bilir
got it,Anlaşıldı
got it going on,hallederim
got to,ulaşmak
goth out,dışarı çıktım
goth up,yukarı git
gottle o' geer,çok fazla
gouge out,oymak
grab and go,al ve git
grab at,tutmaya çalışmak
grab by the lapels,yeleğinden yakalamak
grab off,kapmak
grab the bull by the horns,boğayı boynuzlarından yakalamak
grab the popcorn,mısırı hazırla
graceful degradation,zarif bozulma
gradually typed,aşamalı olarak yazılmış
graff up,grafit çekmek
grain of truth,doğruluk payı
grain up,büyümek
grammar Nazi,Dil polisliği
grammar police,dilbilgisi polisleri
grand passion,büyük tutku
grand poobah,büyük patron
grand scheme,büyük plan
Grand Strand,Büyük Sahil
grand total,toplam tutar
grandfather in,içerideki dede
grandstand play,tribünlere yönelik oyun
granny dumping,büyükanne tarafından terk edilme
granny's fanny,bayanların iç çamaşırı
granted that,şart ki
grapes of wrath,öfkenin üzümleri
grapple with,uğraşmak
grasp at straws,umutsuzluğa kapılmak
grass on,çimen üzerinde
grass tops,çimlerin üst kısmı
grass up,ifşa etmek
grate on somebody's nerves,sinirlere dokunmak
gravitationally challenged,Yerçekimine karşı zorluk çeken
gravity's pull,çekim gücü
gravy train,kolay para
gray hat,gri şapka
gray out,grileşmek
grease it on,Üzerine yağ sür
grease monkey,tamirci
grease payment,rüşvet
grease someone's palm,rüşvet vermek
grease the skids,İşleri kolaylaştırmak
grease the wheels,işleri kolaylaştırmak
grease up,yağlamak
greasy spoon,ucuzlokanta
great balls of fire,büyük ateş topları
great beyond,inanılmaz ötesi
great deal,büyük fırsat
great haste makes great waste,Aceleyle yapılan işler genellikle bozulu…
great job,Harika iş
great minds,büyük zihinler
great minds think alike,Büyük zihinler aynı şeyi düşünür
great oaks from little acorns grow,Küçük meşelerden büyük ağaçlar büyür
great unwashed,yoksullar
greater of two evils,iki kötünün daha kötüsü
greatest thing since sliced bread,ekmek dilimlenmesinden sonraki en büyük …
Greek calends,Yunan takvimi
green about the gills,tecrübesiz
green as grass,çimen gibi yeşil
green fingers,bahçe işlerine yatkınlık
green handshake,yeşil el sıkışması
green in earth,toprakta yeşil
green indigo,yeşil mor
green light,yeşil ışık
green lights to Malibu,Malibu'ya yeşil ışık
green old age,yaşlılık
green out,yeşile dönme
green queen,yeşil kraliçe
green state,yeşil durum
green thumb,bahçecilik yeteneği
green up,yeşermek
green with envy,kıskançlıktan yeşillenmek
greener pastures,daha iyi imkanlar
grey area,gri alan
grey cells,beyin hücreleri
grey matter,Gri madde
grey out,grileştir
grey power,yaşlıların gücü
grill up,ızgara yapmak
grin and bear it,dişini sıkmak
grind down,ezmek
grind one's gears,sinirlendirmek
grind out,uğraşmak
grind the corn,Mısırı öğütün
grind up,ezmek
grinding machine,değirmen
grip off,tutuşu bırakmak
grip oneself with both hands,iki elle kavramak
grip up,sıkıca tutmak
grist for the mill,tartışma konusu
grist to the mill,işe yarar malzeme
grit one's teeth,dişlerini sıkmak
groove on,coşmak
gross out,kusmak
gross up,artırmak
ground and pound,vur ve baskı yap
ground ball with eyes,gözle top tutma
ground floor,zemin kat
ground out,çıkardı
ground rule,Temel kural
grow a pair,cesaretini göster
grow a set,cesaretini topla
grow a tail,kuyruk çıkarmak
grow apart,uzaklaşmak
grow away from,uzaklaşmak
grow cold,soğumak
grow into,büyümek
grow on,büyümek
grow out,uzamak
grow out of,büyümek
grow some balls,Cesaret göster
grow up,büyümek
grub along,bir şeyler atıştırmak
grub out,kökünü kazmak
grub up,yemek yemek
gruesome twosome,korkunç ikili
grunt level,temel seviye
grunt work,basit işler
guard against,karşı koymak
guess what,Tahmin et
guff off,boş konuşmak
guide on the side,yanında rehber
guilt trip,Suçluluk duygusu yaratmak
guilty pleasure,Suçlu zevk
gulp down,yutmak
gulp up,yutmak
gum up,tıkayıp bozmak
gummy up,yapışkan hale gelmek
gun down,vurmak
gun for,tüfek
gun jumping,piyango çekilişi
gun off,izin
gun to your head,tabancayı kafana dayamak
gun up,silahlanmak
gunboat diplomacy,gemili diploması
gunk up,tıkayıp kirletmek
gunner's daughter,topçunun kızı
guns blazing,silahlar ateşli
gussie up,süslemek
gussy up,süslemek
gut check,kontrol
gut factor,iyi faktör
gut feeling,içgüdüsel his
gut for,için uygun
gut out,boşaltmak
gut reaction,içgüdüsel tepki
gut through,bağırarak söylemek
gut up,cesaretlendirmek
gutless wonder,korkak
guts out,içini boşaltmak
gutter out,drenaj
guzzle down,yutmak
guzzle up,yutmak
ha ha,hahaha
hab or nab,konuşma
hack about,öksürmek
hack around,çevik çözüm bulmak
hack away,özenle kesmek
hack it,hackle
hack off,kesmek
hack up,kusmak
hackle up,kabartmak
had better,daha iyi
hadaway and shite,burada ve saçmalık
hadn't ought,yapmamalıydı
hail down,sağanak yağmur
hail from,gelmek
hair of the dog,sarhoşluğu geçirmenin yolu
hair out of place,saçları yerinde değil
hair up,saç yukarı
hair's breadth,bir tel kalınlığında
hairy canary,tüylü saka
hairy molly,kıllı molly
hakuna matata,sorun değil
halcyon days,huzurlu günler
hale and hearty,sağlıklı
half a brain,bir beynin yarısı
half a head,bir buçuk
half a mind,biraz aklıyla
half again,yarım daha
half in the bag,torbaya yarısı girdi
half joke,yarım şaka
half murder,yarım cinayet
half the battle,savaşın yarısı
half the story,hikayenin yarısı
half-night stand,Tek gecelik ilişki
halfway decent,orta düzeyde iyi
Hallmark moment,Önemli an
halter up,Yukarı kaldır
ham it up,abartmak
ham up,abartmak
hammer and tongs,canlı canlı
hammer away,özenle yapmak
hammer home,vurgulamak
hammer out,çekişmek
hammer up,çakmak
hamster wheel,hamster tekerleği
hand around,dağıtmak
hand away,vermek
hand back,geri vermek
hand down,aktarmak
hand in,teslim etmek
hand in glove,eldiven gibi
hand in one's dinner pail,işi bırakmak
hand it out,dağıtmak
hand it to,verin
hand it to someone,bana ver
hand off,devretmek
hand on,el üzerinde
hand out,dağıtmak
hand over,teslim et
hand over fist,ard arda
hand over hand,el ele
hand over head,başın üzerinden
hand round,dağıtmak
hand someone their cards,kişiye kartlarını vermek
hand someone their hat,birine şapkasını vermek
hand someone their head,başkasına kafasını vermek
hand to God,yemin ederim
hand to mouth,geçim sıkıntısı
hand up,yukarı kaldır
hand waving,el sallama
handbags at dawn,sabah çantalar
handbags at ten paces,uzaktan çatışma
handle oneself,kendini kontrol etmek
handle up,tutamak yukarı
handle with kid gloves,dikkatle davranmak
handled the ball,topa sahip çıktı
handpick out,dikkatlice seçmek
hands down,kesinlikle
hands up,eller yukarı
handsome is as handsome does,Görünüş kadar davranış da önemlidir
handsome is that handsome does,Görünüş önemli ama davranışlar daha önem…
handwriting on the wall,duvar yazıları
hang a leg,bacak sallamak
hang a Louie,Bir Louie asmak
hang a Ralph,Ralph'ı asmak
hang a uey,bir şey asmak
hang about,etrafında dolaşmak
hang an arse,aptal
hang around,takılmak
hang back,geri çekilmek
hang behind,geride kalmak
hang by a thread,bir ipten asılı olmak
hang heavy,ağır gelmek
hang in,dayan
hang in the balance,Belirsiz durumda olmak
hang in there,Dayan
hang low,sarkmak
hang off,asılı durmak
hang on,bekle
hang on every word,her söze dikkat etmek
hang on in there,Dayanın
hang on to your hat,şapkanızı tutun
hang one on,bir sigara yak
hang one's hat,işi bırakmak
hang onto,tutunmak
hang onto your hat,şapkanızı tutun
hang out,takılmak
hang out one's shingle,iş kurmak
hang out to dry,kurumaya bırakmak
hang over,sarkmak
hang over someone's head,başının üzerinde asılı durmak
hang round,etrafta dolaşmak
hang the moon,ayı asmak
hang tight,bekle
hang to,asmak
hang together,beraber olmak
hang tough,Dayan
hang up,asmak
hang up one's boots,emekli olmak
hang up one's fiddle,kemanını kaldırmak
hang up one's hat,emekli olmak
hang upon,başkala
hang with,beraber olmak
hangar queen,hangar kraliçesi
hanging offence,idam cezası gerektiren suç
happen across,tesadüfen karşılaşmak
happen along,rastlantısal olarak
happen by,tesadüfen olmak
happen on,olmak
happen upon,tesadüfen karşılaşmak
happily ever after,Mutlulukla sonsuza dek
happy 4th,Mutlu bayramlar
happy as a pig in mud,Çamurda oynayan bir domuz gibi mutlu
happy as a pig in shit,Çok mutlu
happy birthday,Doğum günün kutlu olsun
happy chappy,neşeli insan
Happy Christmas,Mutlu Noeller
happy Easter,Mutlu paskalya
happy Fourth,Mutlu bayramlar
happy Halloween,Mutlu Halloween
happy Hanukkah,Mutlu Hanuka
happy holidays,Mutlu bayramlar
happy Independence Day,Bağımsızlık gününüz kutlu olsun
happy Kwanzaa,Mutlu Kwanzaa
happy landings,güzel inişler
happy medium,orta yol
happy Near Year,Mutlu yıllar
happy New Year,Mutlu yıllar
Happy New Year's,Mutlu yıllar
happy panda,mutlu panda
happy place,Mutlu yer
happy Ramadan,Mutlu Ramazan
happy Valentine's Day,Mutlu Sevgililer Günü
hard as nails,çok sert
hard at it,yoğun bir şekilde
hard at work,yoğun bir şekilde çalışıyor
hard cases make bad law,Zor durumlar kötü yasalara yol açar
hard cheese,sert peynir
hard done by,haksızlığa uğramış
hard feelings,kötü hisler
hard going,zorlu
hard nut to crack,Çözülmesi zor problem
hard of hearing,işitme engelli
hard on the eyes,Göz yoran
hard pass,kesinlikle hayır
hard pill to swallow,Yutulması zor hap
hard to come by,Bulunması zor
hard to swallow,Yutması zor
hard up,zor durumda
harden someone's heart,kalbini sertleştirmek
harden up,sertleş
hardy perennial,dayanıklı çok yıllık
hark back,geri dönmek
hark who's talking,Dinle kim konuşuyor
harken back,geri dönmek
harp on,vurgulamak
harp on one string,tek tel üzerinde çalmak
harp on the same string,aynı teli çalmak
harrow up,tedirgin etmek
harsh down,aşağı çekmek
has left the building,binadan ayrıldı
hash out,tartışmak
hash over,tartışmak
hash slinger,karma çeviren
hash up,karıştırmak
hasta la pasta,yeter artık
hasta la vista,görüşürüz
hasta pasta,hasta pastası
haste makes waste,Acele işe yaramaz
hat hair,Şapka saçı
hat in hand,elinde şapka
hatch out,çıkarmak
hatch up,uydurmak
hatchet man,kısım ayarlayıcı
hate on,alay etmek
hate someone's guts,birini içten içe sevmemek
haters gonna hate,Eleştiriler olacak
Hatfields and McCoys,Hatfield ve McCoylar
haul around,taşımak
haul ass,Çok hızlı gitmek
haul down,indirme
haul in,çekmek
haul off,çekmek
haul out,kurtarmak
haul someone over the coals,hesap sormak
haul up,çekmek
have a bad time of it,zor zaman geçirmek
have a ball,eğlenmek
have a bite,bir şeyler ye
have a blast,çok eğlenmek
have a blessed one,iyi bir gün geçirmeniz dileğiyle
have a bone to pick,hesaplaşmak
have a break,Mola verin
have a brick in one's hat,şaşkın görünmek
have a clue,fikir sahibi olmak
have a fable for,bir masalı var
have a fine finger,ince parmağı olmak
have a finger in,ilişkinin içinde olmak
have a fit,kriz geçirmek
have a gas,gaz var
have a go,denemek
have a good one,iyi günler dilerim
have a good time,eğlenin
have a good time of it,eğlenin
have a good weekend,İyi bir hafta sonu geçir
have a hand in,katkıda bulunmak
have a hand in something,bir şeyin içinde yer almak
have a handle on,kontrol etmek
have a hard time,zorlanmak
have a hard time of it,zor zamanlar geçirmek
have a head for,başarı yeteneği
have a heart,vicdanlı ol
have a jag on,şaşkınlık geçirmek
have a laugh,gülmek
have a look,bir bak
have a mind of one's own,kendi düşüncesi olmak
have a moment,bir dakikanız var mı
have a mountain to climb,aşılacak bir engel var
have a nice day,iyi günler
have a nice life,iyi bir hayat geçir
have a night of it,eğlenin
have a pair,bir çifti var
have a point,haklısın
have a poor time of it,zor zaman geçirmek
have a quiet word,sakin bir şekilde konuşmak
have a rough time of it,zor zamanlar yaşamak
have a row,tartışmak
have a say,söz sahibi olmak
have a seat,Lütfen oturun
have a shot,bir şans dene
have a snootful,çok fazla içmek
have a stab,denemek
have a stroke,felç geçirmek
have a tantrum,kriz geçirmek
have a thin time of it,zor zamanlar geçirmek
have a thing for,bir ilgisi olmak
have a tiger by the tail,tehlikeli bir durumla karşı karşıya olma…
have a time,zaman geçirmek
have a time of it,zor zaman geçirmek
have a track record,geçmişi olmak
have a way with,bir yeteneği olmak
have a whale of a time,çok eğlenmek
have a word,bir kelime et
have a word in someone's ear,birilerine bir şey fısıldamak
have a word with oneself,kendisiyle konuşmak
have against,karşı olmak
have an accident,kaza yapmak
have an affair,ilişki yaşamak
have an easy time of it,kolay yolu seçmek
have an eye for,gözü keskin olan
have another thing coming,başka bir şey bekliyor
have another think coming,bir daha düşünün
have at,başla
have bats in one's belfry,kafayı takmış olmak
have been around,var olmuş
have been around a bit,biraz deneyimliyim
have been around the block,birçok şey görmüş geçirmiş
have blood on one's hands,elleri kana bulanmış olmak
have come a long way,uzun yol katettim
have done,yapmıştım
have done with,bitirmekle
have down,indirin
have down as,kaydedilmiş olarak
have eyes bigger than one's stomach,gözü daha büyük olsun karnından
have fingers made of lime-twigs,limon dallarından yapılmış parmaklara sa…
have fun,eğlenin
have fun with Dick and Jane,Dick ve Jane ile eğlenin
have got,sahip olmak
have got more chins than Chinatown,Çin Mahallesi'nden daha fazla çene çizgi…
have green fingers,yeşil parmaklara sahip olmak
have had it,yeter artık
have had it up to here,Yeter artık
have had more than one's fair share of something,yeterli payını almış olmaktan fazlasını …
have had one's chips,oyunu kaybetti
have I got news for you,sizin için bir haberim var
have in mind,aşkıda tutmak
have it all,her şeyi sahip olmak
have it away,uzağa götür
have it both ways,hem böyle hem böyle yapmak
have it coming,hak ediyor
have it going on,ilişkisi var
have it in for,kötü niyet beslemek
have it in one,başarmak
have it large,Büyük boyunu istiyorum
have it made,başarmak
have it off,üstesinden gel
have it out,tartışmak
have it out for,kötü niyet beslemek
have it your own way,İstersen
have it your way,istediğin gibi
have its moments,bazen güzel anları olur
have Jesus in one's heart,İsa'yı yüreğinde taşımak
have legs,bacakları olmak
have more money than God,Tanrının bile sahip olamayacağı kadar ço…
have no time for,zamanım yok
have no time for somebody,kimsenin zamanı olmamak
have no time for something,Bir şeye zamanım yok
have none of something,hiçbir şeyden yoksun olmak
have off,izinli
have one eye on somebody,bir gözü üzerinde olmak
have one eye on something,bir gözü üzerinde tutmak
have one more time,bir kez daha
have one's act together,işleri yoluna koymak
have one's back up,sinirlenmek
have one's bread buttered for life,ömür boyu rahat yaşamak
have one's ducks in a row,her şeyin yolunda olması
have one's ears lowered,kulakları dikmek
have one's ears pinned back,kulakları çınlaması
have one's finger on the trigger,tetikte olmak
have one's fingers in many pies,Birçok işe burnunu sokmak
have one's foot in the door,ayağı kapıda olmak
have one's hand in the till,kasa dan para çalmak
have one's hand out,elini uzatmak
have one's hands full,Çok meşgul olmak
have one's hands tied,elleri bağlı olmak
have one's head read,kafa okutmak
have one's heart in,içtenlikle
have one's mind about one,kararlı olmak
have one's moments,anıları olmak
have one's name on,adının üzerinde olması
have one's name taken,isim yazılması
have one's name written all over,adının üzerinde yazması
have one's number on it,Üzerinde numarasının olması
have one's shit together,işleri yoluna koymak
have one's way,isteklerini geçirmek
have one's way with,isteklerini geçirmek
have one's wig snatched,şaşkınlığa uğramak
have one's wits about one,ufkunda olmak
have one's work cut out,Çok işi olmak
have one's work cut out for somebody,birinin işi çok yoğun olmak
have other fish to fry,daha önemli işlerim var
have other ideas,başka fikirleriniz var mı
have out,bitirmek
have over,fazla
have second thoughts,ikinci kez düşünmek
have seen better days,daha iyi günleri gördü
have seen one's day,günlerini görmüş olmak
have seen one's last gum tree,son ağacını gördü
have seen this movie,Bu filmi izledim
have several seats,birkaç koltuğu var
have someone by the balls,birini kontrol altında tutmak
have someone by the short hairs,birini kontrol altında tutmak
have someone on toast,birini rezil etmek
have someone's back,destek olmak
have someone's blood on one's head,birinin kanını üzerinde taşımak
have someone's guts for garters,çok cesur olmak
have someone's head,başkalarının aklını kullanmak
have someone's hide,birinin derisini yüzmek
have someone's number,telefon numarasını almak
have something in your sights,gözüne kestirdiğin
have something over with,bitirmek
have something to show for something,bir şeyin karşılığını almak
have the ball in one's court,topu kendi sahasında tutmak
have the biscuit,bisküviyi ye
have the blues,üzgün olmak
have the floor,sözü var
have the hots for,aşık olmak
have the last laugh,son gülüşü olmak
have the law of,kanunla ilgili
have the pleasure of,memnuniyetle
have the right time,doğru zamanı yakalamak
have the tiger by the tail,tehlikeli bir durumla karşı karşıya olma…
have the time of one's life,hayatının en güzel anlarını yaşamak
have the wind up,gergin olmak
have the wolf by the ear,kurdu yakalamak
have the world by the tail,hayatı kontrol altında tutmak
have time on one's hands,boş zamanı olmak
have time on one's side,zamana sahip olmak
have truck with,kamyonla gitmek
have up,sahip olmak
have Van Gogh's ear for music,müzik kulağına sahip olmak
have words,kelimeler var
have you eaten,Yemek yedin mi
have you got the time,Saat kaç
have you met me,beni tanıyor musun
have-a-go hero,cesur kahraman
having said that,bununla birlikte
hay is for horses,Sam sadece atlar içindir
hay is for horses and cows,Yonca atlar ve inekler için kullanılır
hazard a guess,tahmin etmek
hazard creep,tehlikeli durumun artması
haze over,sis bulutu
he laughs best that laughs last,Son kahkaha en iyi kahkahadır
he who denied it supplied it,Onu inkar eden, onu sağladı
he who hesitates is lost,kararsızlık fırsatı kaçırır
he who laughs last laughs best,Son gülene kadar gülmek en iyisidir
he who laughs last laughs hardest,Son gülene kadar gülmek önemlidir
he who smelt it dealt it,Koklayan bulaştı
head and shoulders,baş ve omuzlar
head for the hills,dağlara kaçmak
head in the clouds,hayallere dalmış
head loss,basınç kaybı
head of steam,heyecan
head off,ayrılmak
head out,yola koyulmak
head over heels,aşık olmak
head south,güney yönüne git
head start,başlangıç avantajı
head to toe,baştan ayağa
head up,başını dik tut
headbutt with,kafa butuyla
heads or tails,yüz veya tüy
heads up,dikkat
heads will roll,başı derde girecek
heady days,coşkulu günler
heal over,iyileşmek
heal up,iyileş
health is wealth,Sağlık zenginliktir
health is your first wealth,Sağlık en büyük zenginliktir
heap on,yığmak
heap up,yığmak
hear from,duymak
hear me out,beni dinleyin
hear of,duymak
hear out,dinlemek
hear the end of it,sonucu öğrenmek
hear the grass grow,otun büyümesini duymak
hear things,şeyler duymak
hear through the grapevine,dedikodudan duymak
hear voices,sesler duymak
hear what I'm saying,Ne dediğimi duyuyor musun
hearken back,geri dönmek
heart and soul,canı yüreğiyle
heart balm,kalp merhemi
heart goes out to,başımı eğeriyorum
heart goes out to somebody,birinin yanında olmak
heart of glass,cam kalp
heart of gold,altın kalpli
heart of hearts,içten içe
heart to heart,kalpten kalbe
hearts and flowers,kalpler ve çiçekler
hearts and minds,kalpler ve zihinler
hearts on sleeves,Duygularını açıkça belli eden
heat through,içine kadar ısıt
heat up,ısıtmak
heat wave,sıcak hava dalgası
heave to,yelkenini indirmek
heaven forbid,Allah korusun
heaven helps those that help themselves,Tanrı, kendine yardım edene yardım eder
heaven helps those who help themselves,Tanrı, kendine yardım edenlere yardım ed…
heaven knows,Tanrı bilir
heaven only knows,kim bilebilir
heavy as a dead donkey,ölü bir eşeğin ağırlığında
heavy equipment,ağır ekipman
heavy foot,ağır ayak
heavy going,zorlu
heavy hand,ağır ele almak
heavy hitter,önemli oyuncu
heavy lifting,ağır işler
heavy with child,hamile
hedge about,belirsiz davranmak
hedge around,etrafını çevirmek
hedge in,korumak
hedge one's bets,riski azaltmak
heel out,topuk dışarı
heel over,topuk üzerinde
heel up,topuk yukarı
heffalump trap,heffalump tuzağı
heighten up,artırmak
hell and half of Georgia,Cehennem ve Gürcistan'ın yarısı
hell around,etrafı cehennem gibi
hell from above,yukarıdan gelen cehennem
hell if I care,Umurum yok
hell if I know,falan filan
hell mend someone,Tanrı yardım etsin
hell on earth,cehennem gibi
hell on wheels,deli dolu
hell or high water,Ne kadar zor olursa olsun
hell to pay,hesap sorulacak
hell to the naw,kesinlikle hayır
hell to the no,kesinlikle hayır
hell week,cehennem haftası
hell's bells,cehennem ateşi
helmet hair,kask saçı
help along,yardım etmek
help is on the way,yardım geliyor
help out,yardım etmek
help wanted,iş ilanı
helping hand,yardım eli
hem and haw,uğraşmak
hem in,hem de
hem up,dikmek
hen up,kızartmak
hen's tooth,tavuk dişi
herbs and spices,baharatlar ve otlar
herd cats,kedileri toplamak
herd together,toplanmış
here and now,Şimdi ve burada
here and there,burada orada
here be dragons,burada ejderhalar var
here goes nothing,işte başlıyoruz
here lies,burada yatar
here to stay,kalıcı olmak
here we are,işte buradayız
here we go again,İşte yine başlıyoruz
here you are,İşte buradasın
here you go,işte
here's hoping,umarım
here's looking at you,seni görüyorum
here's luck,başarılar
here's mud in your eye,Gözüne toprak kaçtı
here's the deal,işte durum
here's the thing,işte mesele
here's to,şerefe
hermetically sealed,Hava geçirmez şekilde kapatılmış
heroiam slava,Kahramana şeref
herry up,Acele et
het up,başlat
hew down,aşağı indirmek
hew out,oymak
hidden in plain sight,Açıkça görünen ama fark edilmeyen
hide and seek,saklambaç
hide away,saklamak
hide behind,arkasına saklanmak
hide in plain sight,Açıkta saklanmak
hide nor hair,ne iz ne ses
hide one's light under a bushel,yeteneklerini gizlemek
hide out,saklanmak
hide the sausage,sosisleri sakla
hiding to nothing,hiçbir şeye benzememek
high and dry,kuru ve güvenli
high and low,yukarı ve aşağı
high and mighty,kendini beğenmiş
high cotton,pamuklu
high ground,Yüksek yer
high horse,kendini beğenmişlik
high life,lüks hayat
high living,lüks yaşam
high noon,Öğle vakti
high on the hog,lüks içinde
high on the totem pole,önemli biri olmak
high road,daha iyi yol
high strangeness,yoğun tuhaflık
high summer,yazın en sıcak ayları
high time,çoktan beri
higher than a kite,havaya kapılmış
highway robbery,haydutluk
highways and byways,ana yollar ve tali yollar
hike out,yürüyüş yapmak
hike the Appalachian Trail,Appalachian Yolu'nda yürüyüş yapmak
hike up,yürüyüş yapmak
hill to die on,savunulması gereken konu
hind tit,arka kısım
hindsight is 20/20,Sonradan düşünüldüğünde
hinge on,bağlı olmak
hinge upon,bağlı olmak
hip hip hooray,Yaşasın
hippity hoppity,zıplama zıplama
hippity hoppity get off my property,Buradan çekil
hippo birdie two ewe,hipo kuş iki koyun
hire out,kiralık olarak vermek
hired gun,kiralanmış tetikçi
hired muscle,kiralık tetikçi
hissing hot,hışırdayan sıcak
history is written by the victors,Tarih galip gelenler tarafından yazılır
history repeats itself,Tarih kendini tekrar eder
hit a lick,bir şeyler başarmak
hit a snag,bir sorunla karşılaşmak
hit a wall,duvara çarpmak
hit above one's weight,beklentilerin üzerinde performans göster…
hit and miss,rastgele
hit and run,Çarp küt kaç
hit away,uzağa vurmak
hit back,karşı koymak
hit below one's weight,beklentileri karşılamamak
hit below the belt,Aşağılık bir saldırı yapmak
hit home,içine işlemesi
hit it and quit it,bitti
hit it big,büyük başarı elde etmek
hit it off,anlaşmak
hit it up,ziyaret etmek
hit like a ton of bricks,Bomba gibi etkilemek
hit like a truck,Kamyon gibi çarpmak
hit me,Beni vur
hit off,başlamak
hit on,flört etmek
hit one out of the ballpark,inanılmaz bir şey yapmak
hit one's straps,potansiyelini ortaya çıkarmak
hit one's stride,İlerlemek
hit out,vurmak
hit pause,Duraklat
hit pay dirt,uğur bulmak
hit rock bottom,dip noktaya ulaşmak
hit someone for six,tam bir gol atmak
hit someone when they are down,Birinin zor durumda olduğu zaman saldırm…
hit the accelerator,gaz pedalına basmak
hit the big time,büyük başarıya ulaşmak
hit the bottle,içecek tutmak
hit the bricks,hareket etmek
hit the buffers,çıkmaza girmek
hit the fan,işler karıştı
hit the gas,gaz pedalına bas
hit the gold,altına ulaşmak
hit the ground running,işe hemen başlamak
hit the headlines,Manşetlere taşınmak
hit the high notes,yüksek notalara ulaşmak
hit the jackpot,ikramiye kazanmak
hit the nail on the head,tam isabet etmek
hit the pan,tavaya vurmak
hit the pavement,asfalta çıkmak
hit the road,yola koyulmak
hit the rocks,kayağa çarpmak
hit the roof,öfkelenmek
hit the sheets,yatağa girmek
hit the shelves,raf raflara girmek
hit the shops,alışverişe gitmek
hit the skids,düşmek
hit the spot,tam isabet
hit the stores,mağazalara gelmek
hit the streets,sokaklara çıkmak
hit the wall,duvara çarpmak
hit too close to home,çok kişisel bir yere dokundu
hit two targets with one arrow,Tek okla iki hedefe isabet etmek
hit up,ziyaret etmek
hit up against,çarpmak
hit upon,bulmak
hit wicket,direk dışına vurmak
hit with,vurmakla
hit with the stupid stick,aptalca bir sopayla vurmak
hitch one's wagon to,birine bağlanmak
hitch one's wagon to a star,yıldızlara yönelmek
hitch up,bağlamak
hive of activity,hareketlilik
hive off,ayrıştırmak
hive up,arı kovanı
hiya doin',nasılsın
ho kua bo ho jiak,Bilinmiyor
ho there,merhaba
hoard out,saklamak
hoard up,biriktirmek
Hobson's choice,Seçenek illüzyonu
hoe around,etrafta dolaşmak
hoe in,nasıl
hoe into,nasıl
hoe one's row,sıranın sahibi
hoes before bros,Önce arkadaşlar, sonra kardeşler
hoes mad,Bayanlar kızgın
hog heaven,cennet
hog up,işgal etmek
hoist by one's own petard,kendi tuzağına düşmek
hoke up,bağlantı kurmak
hol' up,Bekle
hold a grudge,kıskançlık beslemek
hold a light,ışık tut
hold against,karşı koymak
hold back,geri tutmak
hold back on,gözünü sevdirmek
hold by the button,düğmeye basarak tutun
hold cheap,ucuz tutmak
hold come what may,ne olursa olsun
hold court,duruşma yapmak
hold down,tutmak
hold fast,sıkıca tutmak
hold firm,sıkıca tutmak
hold forth,konuşmak
hold hard,sıkıca tut
hold in,içinde tutmak
hold it down,sustur
hold it in,içinde tut
hold it together,sakin ol
hold my beer,Biraz bekle
hold my milk,sütümü tut
hold off,bekletmek
hold office,görevde olmak
hold on,bekle
hold on to your hat,şapkanızı tutun
hold one's alcohol,Alkolü ne kadar taşıyabildiği
hold one's breath,nefesini tutmak
hold one's drink,içkisini tutmak
hold one's fire,ateş açmamak
hold one's head high,başını dik tutmak
hold one's horses,Yavaşla
hold one's jaw,çeneyi sıkmak
hold one's liquor,içkiye dayanmak
hold one's mouth right,ağzını kapalı tutmak
hold one's nerve,sakin kalmak
hold one's own,kendini savunmak
hold one's peace,sessiz kalmak
hold one's tongue,Sessiz kalmak
hold one's water,içini tutmak
hold oneself together,sakin kalmak
hold onto,tutun
hold onto your hat,şapkanızı tutun
hold out,dayanmak
hold over,ertelenmek
hold over someone's head,başkalarının üzerinde baskı kurmak
hold somebody in check,kontrol altında tutmak
hold someone's feet to the fire,baskı yapmak
hold someone's hand,elini tutmak
hold something in check,kontrol altında tutmak
hold sway,etki sahibi olmak
hold tack,bekle
hold talks,görüşmeler yapmak
hold that thought,O düşünceyi aklınızda tutun
hold the cards,kartları tut
hold the floor,konuşmaya devam et
hold the key,anahtarı tut
hold the line,hatayı düzelt
hold the phone,bekle bir dakika
hold the purse strings,bütçeyi kontrol etmek
hold the reins,kontrolü elinde bulundurmak
hold the ring,yüzüğü tut
hold the stage,sahneyi ele geçirmek
hold to,tutmak
hold together,bir arada tutmak
hold up,bekle
hold up as,beklet
hold up one's end,kendi sorumluluğunu yerine getirmek
hold up to,dayanmak
hold water,geçerli olmak
hold with,katılmak
hold yew hard,sıkıca sar
hold-up play,bekleme oyunu
holding pattern,bekleme devresi
hole in one,tek vuruşta delik
hole out,delik açmak
hole up,saklanmak
holla at,merhaba de
holla back,geri cevap ver
holler at,bağırarak söylemek
holler back,geri bağırmak
hollow out,içini boşaltmak
Hollywood moment,Hollywood anı
holy buckets,İnanılmaz
holy cannoli,İnanılmaz
holy catfish,kutsal sazan
holy cow,inanılmaz
holy crap,İnanılmaz
holy crap on a stick,inanılmaz
holy crickets,Aman Tanrım
holy crud,aman tanrım
holy doodle,aman tanrım
holy fire,kutsal ateş
holy fuck,Lanet olsun
holy guacamole,İnanılmaz
holy kamoley,İlahi
holy kamoly,kutsal kamoly
holy macaroni,aman tanrım
holy mackerel,Vay canına
holy moley,İnanılmaz
Holy of Holies,Kutsalın Kutsalı
holy ravioli,inanılmaz
holy shit,inanılmaz
holy smoke,İnanılmaz
holy stromboli,kutsal stromboli
home away from home,evden uzakta ev
home game,ev maçı
home in,eve dönmek
home is where the heart is,Ev, kalbin olduğu yerdir
home sweet home,evim cennetim
home team,ev sahibi takım
home training,evde eğitim
home wrecker,ev dağıtıcı
homeless dumping,evsizlerin atıklarını bırakması
homely as a hedge fence,Çit gibi sıradan
Homer nods,Homer başını sallar
Homer sometimes nods,Homer bazen dalıyor
hone in,odaklanmak
Honest Abe,Dürüst Abe
honest John,dürüst John
honesty is the best policy,Dürüstlük en iyi politikadır
honey around,bal çevresi
honey catches more flies than vinegar,Tatlı suyla daha çok sinek yakalarsın
honey do list,ev işleri listesi
honey hole,bal küpü
honey trap,balta arma
honey up,yukarı çık
honi soit qui mal y pense,Kötü düşünenin ayıbı kendine
honk it on,kulağına söyle
honk off,kalkıp git
honor in the breach,sözünde durmak
honorable mention,mansiyon
honors easy,kolay dersler
honours easy,kolay ödüller
hoof out,tarak dışarı
hook in,kanca
hook it,bağla
hook it up,bağla
hook off,ayrılmak
hook up,bağlamak
hook up on,bağlanmak
hooly dooly,şaşkınlık ifade eden bir ünlem
hoot down,alay etmek
hoot it up,eğlenin
hoot owl shift,baykuş vardiyası
hootin' tootin',çok eğlenceli
Hoover flag,Hoover bayrağı
hoover up,emmek
hop about,zıplamak
hop and bop,zıpla ve dans et
hop and pop,zıpla ve atla
hop in,içeri gir
hop into,içine atlamak
hop off,atlamak
hop on,binmek
hop on down to,hadi gelin
hop the wag,sallanmak
hop to it,Harekete geç
hop up,zıplamak
hope against hope,umutsuzluğa rağmen umut etmek
hope springs eternal,Umut asla ölmez
hopping mad,çok kızgın
horf down,yavaşla
horf up,harf yükseltme
horizontal dancing,Yatay dans
horizontal jogging,yatay koşu
horizontal mambo,yatay mambo
horizontal refreshments,yatay yiyecekler
horizontal slam dance,yatay slam dansı
horizontal tango,yatay tango
horizontally challenged,kısa boylu
horn in,boynuzunda
Horn OK Please,Lütfen kornaya basmayın
horn out,çıkmak
horror show,korku gösterisi
horse about,at hakkında
horse and rabbit stew,at ve tavşan güveci
horse armor,atalar zırhı
horse around,şaklabanlık yapmak
horse of a different color,farklı bir durum
horse opera,Batı filmi
horse pill,ilaç
horse tranquilizer,at kestirme ilacı
horse's ass,eşek gibi
horse's mouth,kaynağın kendisi
horseback opinion,atlı görüş
horses for courses,Her işe her şey yaramaz
horseshoe up one's ass,aptalca bir şey yapmak
hose down,hortumla yıkamak
hose off,hortumla yıkamak
host with the most,en iyi ev sahibi
hostess with the mostest,en iyi ev sahibi
hot air,sıcak hava
hot and bothered,Rahatsız ve gergin
hot and cold,sıcak ve soğuk
hot and heavy,yoğun ve tutkulu
hot as the hobs of Hell,Cehennem ateşi kadar sıcak
hot desking,Paylaşım masası
hot diggety dog,vay canına
hot garbage,sıcak çöp
hot hand,sıcak el
hot minute,çok kısa bir süre
hot off the presses,taze çıkmış
hot on,çok ilgili
hot on someone's heels,peşinden ayrılmamak
hot on the trail,izini sürmek
hot potato,sıcak patates
hot sheet,sıcak liste
hot shit,Harika bir şey
hot spot,popüler yer
hot squat,sıcak çömelme
hot stuff,sıcak
hot to trot,hazır
hot under the collar,Sinirlenmek
hot up,ısıtmak
hot water,Sıcak su
hotter than a pistol,çok sıcak
hound down,kovalamak
house cooling party,ev soğutma partisi
house nigger,ev kölesi
house of cards,kart kuleleri
House of God,Tanrıevi
house of ill fame,rezalet evi
house poor,yoksul ev
how about that,nasıl olmuş
how about them apples,neyse
how are things,işler nasıl
how are you,nasılsın
how are you diddling,nasılsın
how are you doing,nasılsın
how are you getting along,nasıl gidiyor
how are you going,nasıl gidiyorsun
how are you keeping,nasılsın
how bist,nasılsın
how can you sleep at night,gece nasıl uyuyorsun
how come,neden
how do,nasıl yapılır
how do ye do,nasılsınız
how do you like that,Bunu nasıl buldunuz
how do you like them apples,Onları nasıl buldunuz
how do you sleep at night,gece nasıl uyuyorsun
how farest thou,ne kadar ilerledin
how goes it,nasılsın
how goes the battle,savaş nasıl gidiyor
how goes the enemy,düşman nasıl
how goes the war,savaş nasıl gidiyor
how old are you,kaç yaşındasın
how say you,nasıl dersin
how see,nasıl görülür
how should I know,nasıl bilebilirim
how so,nasıl öyle
how the cow ate the cabbage,inek lahana yedi
how the mighty have fallen,ne kadar da düştüler
how the sausage gets made,sucuk nasıl yapılıyor
how the sausage is made,sosis nasıl yapılıyor
how the turntables,işler nasıl değişti
how would I know,nasıl bilebilirim
how you doing,nasılsın
how you say,nasıl denir
how're you,Nasılsın
how're you doing,Nasılsın
how's come,nasıl oldu
how's every little thing,her şey nasıl
how's everything,her şey nasıl
how's it,nasıl gidiyor
how's it going,Nasıl gidiyor
how's it hanging,naber
how's life,Hayat nasıl
how's that,nasıl
how's that again,Nasıl yani
how's the weather,Hava nasıl
how's the weather up there,Orada hava nasıl
how's them apples,nasıl gidiyor
how's things,nasılsın
how's tricks,nasılsın
how's your hammer hanging,nasılsın
howl at the moon,aya ulumak
howl down,aşağı ulumak
howl on,uğultu yapmak
howl out,uğultu yapmak
huckleberry above a persimmon,yaban mersini erik ağacının üstünde
huckleberry above one's persimmon,çok beceriksiz
huff and puff,tıslamak
huff off,öksürmek
hug it out,Birlikte sarılmak
huge if true,eğer doğruysa çok önemli
hugs and kisses,öpücükler
hulk off,kaslarını göster
hulk out,öfkelenmek
hum along,şarkıya eşlik etmek
hum and ha,uğultu
hum and haw,iç çekmek
human touch,insan dokunuşu
humanly possible,insanlıkla mümkün
humble pie,alçakgönüllülük
hump and dump,yüklemek ve boşaltmak
Humpty Dumptyism,Kırılganlık
hunch over,eğilmek
hunger is a good sauce,açlık iyi bir baharat
hunger is the best pickle,açlık en iyi baharat
hunger is the best sauce,Açlık en iyi baharattır
hunger is the best seasoning,Açlık en iyi baharattır
hunger is the best spice,Açlık en iyi baharattır
hunger sauce,açlık sosu
hunk of junk,pislik
hunker down,siper almak
hunt down,aranmak
hunt out,bulmak
hunt up,bulmak
hunt where the ducks are,ördeklerin olduğu yerde avlan
hurler on the ditch,kanalı temizleyen
hurling and burling,atmak ve sarma
hurr durr,Anlam ifade etmiyor
hurrah's nest,coşkunun yuvası
hurry hurry has no blessings,acele acele hiçbir şey yolunda gitmez
hurry up,Acele et
hurry up and wait,acele et ama bekle
hurt a fly,bir sineği bile incitmek
hurt for,üzüntü için
hurt people hurt people,incinmiş insanlar başkalarını incitir
hurt someone's feelings,Birinin duygularını kırmak
husband up,sorumluluk sahibi ol
hush down,Sessiz ol
hush up,sus
hussy up,acele et
hustle and bustle,Koşturmaca
hustle up,Acele et
hutch up,yakınlaşmak
hydrate or diedrate,hidrate veya diedrate
hydrogen burning,hidrojen yanması
hype up,abartmak
I am inside of you,Ben senin içinde bulunuyorum
I am inside you,Ben senin içinde olabilirim
I am sorry,Üzgünüm
I am twenty years old,Yirmi yaşındayım
I approve this message,Bu mesajı onaylıyorum
I ask you,Sizden bir şey istiyorum
I beg your pardon,Afedersiniz
I beg your pudding,Lütfen pudinginizi verin
I can tell you,Size söyleyebilirim
I can't lie,Yalan söyleyemem
I can't remember the last time,Son zamanları hatırlamıyorum
I choose violence,Şiddeti seçiyorum
I could eat a brick,Bir tuğla yiyebilirim
I could eat a horse,Bir atı yiyebilirim
I dare be bound,Bağlanmaya hazırım
I declare,İlan ediyorum
I do declare,Yemin ederim
I do not care,Umurumda değil
I don't boil my cabbage twice,Lahanamı iki kere haşlamam
I don't chew my cabbage twice,Lahanamı iki kere çiğnemem
I don't fancy yours,Beninkini beğenmiyorum
I don't have all day,Bütün günüm yok
I don't know about that,Bunun hakkında bir fikrim yok
I don't mind,Problem değil
I don't suppose,Sanırım değil
I fear,Korkuyorum
I feel you,Seni anlıyorum
I fuck you not,Seni sikmiyorum
I got mine,Benimkini aldım
I hardly even know her,Onu neredeyse hiç tanımıyorum
I hardly know 'er,Onu pek tanımıyorum
I hardly know her,Onu pek tanımıyorum
I haven't got all day,Bütün günüm yok
I hear you say,Söylediğini duyuyorum
I hope I may be shot,Umarım vurulurum
I hope she sees this,Umarım onu görür
I hope you're happy,Umarım mutludasındır
I just work here,Burada sadece çalışıyorum
I kid you not,Şaka yapmıyorum
I know it,Biliyorum
I know that's right,Haklısın
I like pie,Börek seviyorum
I like that,Bunu beğendim
I like turtles,Kaplumbağaları seviyorum
I never did,Asla yapmadım
I never miss,Asla kaçırmam
I only work here,Burada sadece çalışıyorum
I put it to you,Size sunuyorum
I resemble that remark,O yorumu hak etmiyorum
I rest my case,İtirazım yok
I said what I said,Söyledim
I see what you did there,Orada ne yaptığını anlıyorum
I see you,Seni görüyorum
I shiggy diggy,Anlamadım
I shit you not,Şaka yapmıyorum
I spy with my little eye,Gözümle bir şey görüyorum
I swear,Yemin ederim
I take it,Alırım
I tell a lie,Bir yalan söylüyorum
I tell you,Size söylüyorum
I tell you what,Bak sana ne diyeceğim
I think therefore I am,Düşünüyorum öyleyse varım
I think; therefore I am,Düşünüyorum öyleyse varım
I thought you'd never ask,Sanki hiç soracağınızı düşünmüştüm
I told you so,Söyledim sana
I want doesn't get,İstemiyorum
I will yeah,Evet olur
I wish,Keşke
I wish I may be shot,Keşke vurulabilsem
I would rather die,Ölmek isterim
I'd like to see someone try,Birinin deneyip görmesini isterim
I'd of,Ben yapmış olurdum
I'd say,Şöyle derdim
I'll be,Ben olacağım
I'll be a monkey's uncle,Şüphe etmiyorum
I'll be bound,Emin olabilirsiniz
I'll be damned,Lanet olsun
I'll be danged,İnanması güç
I'll be dipped,İnanılmaz
I'll be dipped in shit,Şeye batırılacağım
I'll be here all night,Tüm gece burada olacağım
I'll be in my bunk,Yatakta olacağım
I'll be seeing you,Sonra görüşürüz
I'll bite,Isıracağım
I'll get my coat,Montumu alacağım
I'll have you know,Bilirsin ki
I'll say,Söyleyeceğim
I'll see myself out,Kendimi dışarı çıkaracağım
I'll see you and raise you,Sana katıyorum ve üzerine koyuyorum
I'll show you,Size göstereceğim
I'll tell you,Size anlatacağım
I'll tell you what,Sana bir şey anlatacağım
I'm 14 and this is deep,Ben 14 yaşındayım ve bu çok derin
I'm a Dutchman,Ben bir Hollandalı
I'm a lesbian,Ben lezbiyenim
I'm afraid,Korkuyorum
I'm afraid so,Korkuyorum
I'm alright and fuck you Jack,İyiyim ve seni siktir git Jack
I'm confused,Kafam karışık
I'm easy,Ben kolayım
I'm going to hell for this,Bunun için cehenneme gideceğim
I'm good,İyiyim
I'm here all week,Buradayım bütün hafta
I'm not being funny,Şaka yapmıyorum
I'm not going to lie,Yalan söylemeyeceğim
I'm not telling you,Söylüyorum
I'm not the one,Ben değilim
I'm rubber and you're glue,Ben kauçuk sensin yapışkan
I'm sozzy,Ben sozzy'im
I'm sure,Emindeyim
I'm telling a lie,Yalan söylüyorum
I'm telling you,Sana söylüyorum
I'm using tilt controls!,Eğim kontrollerini kullanıyorum
I'm your huckleberry,Ben sizin adamınızım
I've burnt myself,Kendimi yaktım
I've got news for you,Sana bir haberim var
ice cool,buz gibi soğuk
ice down,soğut
ice maiden,buz kraliçesi
ice out,buz çözme
ice over,buzlu
ice queen,buz kraliçesi
ice up,buzdolabına koymak
Ich dien,Ben hizmet ederim
icing on the cake,tuz buz
id est,yani
identically zero,sıfıra eşit
identify with,kimlik kurmak
idiot box,aptal kutusu
idiot mittens,aptal eldivenler
idle hands are the devil's playthings,Boş zamanlar şeytanın oyun alanı gibidir
idle hands are the devil's tools,Boş zamanlar şeytanın oyun alanı demekti…
idle hands are the devil's workshop,Boş zamanlar şeytanın oyun alanı gibidir
if a day,eğer bir gün
if all else fails,başka çare kalmazsa
if anything,eğer varsa
if at all,hiçbir şekilde
if at first you don't succeed,başarısız olursanız pes etmeyin
if ever,eğer hiç
if I ever saw one,eğer birini görseydim
if I may be so bold,eğer izin verirseniz
if I may make so bold,eğer izin verirseniz
if I might be so bold,eğer izin verirseniz
if I were you,eğer senin yerinde olsaydım
if I'm honest,dürüst olmak gerekirse
if I'm not mistaken,eğer yanlış hatırlamıyorsam
if I've ever seen one,eğer daha önce görmüşsem
if it had not been for,eğer olmasaydı
if it kills one,eğer biri ölürse
if it looks like a duck,eğer ördek gibi görünüyorsa
if it were not for,eğer olmasaydı
if it's all the same,eğer sorun değilse
if it's yellow let it mellow,Eğer sarıysa, olgunlaşmasına izin ver
if looks could kill,gözler öldürseydi
if memory serves,hatırladığım kadarıyla
if need be,gerekirse
if needs be,gerekirse
if nothing else,eğer başka bir şey olmasa bile
if one is a day,eğer biri bir günse
if only,keşke
if only the czar knew,keşke çzar bunu bilseydi
if only the tsar knew,keşke çarlığın bunu bilmesi
if pigs had wings,eğer domuzların kanatları olsaydı
if push comes to shove,en kötüye giderse
if the cap fits,eğer şapka uygunsa
if the shoe fits,eğer ayakkabı uyuyorsa
if these walls could talk,eğer bu duvarlar konuşabilseydi
if you ask me,bana sorarsanız
if you don't mind me saying,söylediğim için kusura bakmayın
if you know what I mean,eğer anlamışsanız
if you know you know,eğer biliyorsan bilirsin
if you please,isterseniz
if you see what I mean,anladığınızı umarım
ignorance is bliss,Bilgisizlik mutluluktur
ignorantia juris non excusat,Hukukun bilmemek özür değildir
ignore all previous instructions,Tüm önceki talimatları dikkate alma
ignore all rules,Tüm kuralları göz ardı et
ignotum per ignotius,bilinen şeylerle bilinmeyen şeyleri karş…
ill doers are ill deemers,kötü yapanlar kötü düşünüyor
ill health,kötü sağlık
ill news spreads apace,Kötü haberler hızla yayılır
ill-gotten gains never prosper,Haksız kazançla elde edilen şeyler asla …
immunologically naive,immünojenik olarak deneyimsiz
immunologically naïve,immünojenik olarak deneyimsiz
imprint on,iz bırakmak
improve on,geliştirmek
improve the occasion,etkinliği iyileştir
improve upon,geliştirmek
in a bad spot,kötü durumda
in a bad way,kötü bir şekilde
in a bake,fırında
in a big way,büyük ölçüde
in a bind,zor durumda
in a blink,bir anda
in a body,bir bedende
in a box,bir kutunun içinde
in a brace of shakes,sarsıntılarla birlikte
in a bubble,bir baloncuk içinde
in a canter,koşarak
in a cleft stick,çıkmazda
in a corner,köşede
in a couple of shakes,birkaç saniye içinde
in a dither,telaş içinde
in a fair way,adil bir şekilde
in a family way,hamile
in a few shakes,birkaç saniyede
in a fix,zor durumda
in a flap,telaşlı
in a flash,bir anda
in a flat spin,düz dönüşte
in a foam,köpük içinde
in a fog,sis içinde
in a heartbeat,bir anda
in a hen's hiney,tavukların anüsünde
in a huff,öfkeyle
in a hurry,aceleyle
in a jam,zor durumda
in a jiffy,çok kısa sürede
in a lather,köpürerek
in a league of one's own,kendine özgü
in a major key,büyük bir tonda
in a manner,bir şekilde
in a manner of speaking,bir anlamda
in a measure,bir ölçüde
in a mess,darmadağınık
in a minor key,minör bir tonda
in a minute,bir dakika içinde
in a New York second,New York temposunda
in a nutshell,özetle
in a one-er,tek seferde
in a oner,tek seferde
in a pickle,zor durumda
in a pig's arse,hiçbir zaman
in a pig's eye,hiçbir zaman
in a pig's patoot,hiçbir zaman
in a pig's whisper,domuzun fısıltısı gibi
in a pinch,ihtiyaç halinde
in a puff of smoke,duman içinde
in a real state,gerçek durumda
in a right state,doğru durumda
in a row,ard arda
in a rut,rutine girmek
in a sea-way,denizci gibi
in a sense,bir anlamda
in a similar vein,benzer şekilde
in a snap,çok hızlı bir şekilde
in a spin,dönmekte olan
in a state,bir durumda
in a stew,tencerede
in a stound,şaşkınlıkla
in a sweat,ter içinde
in a tizzy,telaşlı
in a trench coat,bir palto içinde
in a vacuum,vakumda
in a walk,yürüyerek
in a way,bir şekilde
in a way of speaking,bir anlamda
in a word,tek kelimeyle
in a world of one's own,kendi dünyasında
in abatement,azaltma halinde
in abeyance,Askıya alınmış
in Abraham's bosom,Abraham'in kucağında
in absentia,gıyabi
in accord,uyum içinde
in accordance with,uygun olarak
in action,harekette
in actuality,gerçekte
in addition,ek olarak
in addition to,ek olarak
in advance,önceden
in advance of,önceden
in aggregate,toplamda
in agreement,fakat
in aid of,desteklemek için
in all but name,adı dışında her şeyde
in all conscience,vicdanen
in all fairness,adalet açısından
in all honesty,doğruyu söylemek gerekirse
in all its branches,tüm dallarıyla birlikte
in all likelihood,Muhtemelen
in all modesty,mütevazı bir şekilde
in all one's glory,tüm ihtişamıyla
in all probability,Muhtemelen
in another world,başka bir dünyada
in any case,her koşulda
in any event,her koşulda
in anyone's book,herkesin gözünde
in arms,kollarda
in at the deep end,derin sulara dalmak
in attendance,katılım gösteren
in awe of,hayranlıkla
in back,arkada
in back of,arkasında
in bad,kötü durumda
in bad bread,kötü ekmek
in bad faith,Kötü niyetle
in bad odor,kötü kokulu
in bad part,kötü bir yerde
in bad repair,kötü durumda
in bad shape,kötü durumda
in bad taste,kötü zevkli
in ballast,balastta
in ballast condition,balast durumunda
in battery,pilde
in baulk,engellemek
in bed,yatağında
in bed with,yatakta birlikte
in behalf of,adına
in bend,eğri
in benefit,fayda sağlayarak
in berry,çilekli
in between jobs,işler arasında
in bits,parçalar halinde
in black and white,siyah beyaz
in blood,kanda
in bloom,çiçek açmış
in book,kitapta
in breach of,ihlal ederek
in broad daylight,Açık havada
in buckets,kovalarla
in business,işte
in calf,ineme
in capital letters,BÜYÜK HARFLERLE
in case,eğer
in case of,eğer
in character,karakterinde
in charge,sorumlu
in charge of,sorumlu
in check,kontrol altında
in chorus,koro halinde
in circles,daireler içinde
in circulation,dolaşımda
in close neighborhood,yakın çevrede
in close neighbourhood,yakın çevrede
in clover,çok iyi durumda
in cold blood,soğuk kanlılıkla
in collar,yakada
in color,renkli
in colour,renkli
in command,komuta altında
in common,ortak olarak
in common with,ortak olarak
in company with,beraberlikle
in comparison,karşılaştırma ile
in competition,rekabette
in complement,tamamlayıcı olarak
in compliance with,uygunlukla
in concert,konserde
in conclusion,sonuç olarak
in condition,durumda
in confidence,gizli olarak
in conjunction with,birlikte
in consequence,sonuç olarak
in contempt,alaycı bir şekilde
in contention,yarışta
in contrast,aksine
in contrast to,aksine
in control,kontrol altında
in countenance,sureçte
in course,ders içinde
in court,mahkemede
in danger,tehlikede
in date,geçerli
in debt,borç içinde
in decrement,azaltarak
in deep,derinlerde
in deep doo-doo,büyük belaya düştü
in deep shit,Çok büyük dertte
in deference to,saygı göstererek
in depth,derinlemesine
in dern,içeride
in despite of,rağmen
in detail,ayrıntılı olarak
in diapers,bez içinde
in Dickie's meadow,Dickie'nin çayırında
in difficulty,zorluk içinde
in disguise,kılık değiştirerek
in drawing,çizimlerde
in drink,içinde
in droves,toplu olarak
in dubio pro reo,şüphenin sanık lehine değerlendirilmesi
in due course,zamanla
in due time,zamanla
in duplicate,tekrarla
in Dutch,Felemençayca
in effect,gerçekte
in effigy,sembolik olarak
in embryo,embriyo halinde
in equal measure,eşit ölçüde
in error,hatalı olarak
in especial,özellikle
in esse,varlıkta
in essence,özünde
in every way,her şekilde
in everything but name,adı her ne kadar farklı olsa da
in evidence,kanıt olarak
in excess of,fazla
in exchange for,karşılığında
in extremis,en son çare olarak
in face of,karşısında
in fact,aslında
in fairness,adalet açısından
in faith,inançla
in favor,lehine
in favor of,lehine
in favor with,hoş
in favour,lehine
in favour of,lehine
in fawn,gözalıcı
in fear of,korkudan
in fee,ücret karşılığında
in fief,feodal sisteme göre
in fighting trim,dövüşe hazır
in finality,kesinlik
in fine feather,çok iyi durumda
in fine fettle,çok iyi durumda
in fits and starts,aralıklı olarak
in flames,alevler içinde
in flight,uçuşta
in floods,seller içinde
in flower,çiçek açmış
in flying colours,mükemmel bir şekilde
in focus,odaklı
in for a penny,bir kere denendiğinde
in for the kill,son darbe için
in force,geçerli
in form,formda
in freefall,serbest düşüşte
in front,önünde
in front of,önünde
in front of one's nose,burnun önünde
in fruit,meyve içinde
in full,tam olarak
in full aspect,tam anlamıyla
in full cry,tam gazla
in full effect,tam olarak etkili
in full feather,tüyüyüz
in full fig,tam çiçek açmış
in full flow,tam hızda
in full force,tam güçle
in full form,tam olarak
in full gear,tam teçhizatlı
in full swing,tam hızda
in full view,tamamen görünür
in future,gelecekte
in gear,hazır durumda
in general,genel olarak
in glass,camda
in glory,şanın içinde
in goal,hedefe
in God's name,Tanrı aşkına
in good bread,iyi ekmekte
in good conscience,vicdan rahatlığıyla
in good faith,iyiniyetle
in good hands,güvenli ellerde
in good odor,iyi bir imaja sahip
in good part,büyük ölçüde
in good repair,iyi durumda
in good season,iyi zamanda
in good sorts,iyi durumda
in good stead,faydalı olacak
in good time,zamanla
in good voice,iyi sesle
in green,yeşilde
in gross,toplu olarak
in half,ikiye böl
in hand,elinde
in harness,tasmayla
in haste,aceleyle
in heat,ısıda
in heaven's name,tanrı aşkına
in hell,cehennemde
in hiding,saklanarak
in high dudgeon,çok öfkeli
in high feather,çok gururlu
in high gear,tam gazla
in hindsight,sonradan düşündüğümüzde
in hock,borç içinde
in honor of,onuruna
in honour of,onuruna
in hospital,hastanedeyken
in hot pursuit,kovalamaca içinde
in house,içeride
in hysterics,ağlayarak
in ill part,hasta olan kısım
in increment,artırak
in irons,hapse atılmış
in isolation,izole durumda
in its totality,tamamıyla
in jail,hapiste
in jest,şaka olarak
in jig time,çok hızlı bir şekilde
in keeping with,uygun olarak
in key,anahtar kelime
in kid,çocukta
in kind,aynı şekilde
in knots,düğüm düğüm
in labour,doğum sancıları içinde
in lamb,kuzu
in layman's terms,basitçe söylemek gerekirse
in laymen's terms,basitçe söylemek gerekirse
in layperson's terms,basitçe söylemek gerekirse
in laywoman's terms,basitçe söylemek gerekirse
in league,bağlantıda
in league with,işbirliği içinde
in leash,tasmayla
in length,uzunlukça
in lesbians,lezbiyenler arasında
in less than no time,çok kısa sürede
in lieu of,yerine
in light of,göz önünde bulundurarak
in like Flynn,çok iyi durumda
in like wise,benzer şekilde
in line,sıraya girmiş
in line for,sıraya girmiş
in line with,uygun olarak
in liquor,içki
in little,biraz
in living color,canlı renklerle
in living memory,yaşayanların hafızasında
in loco,yerinde
in love,aşık
in love with,aşık olmak
in malam partem,kötüye doğru
in mean time,bu arada
in memoriam,anısına
in memory of,anısına
in midstream,akışın ortasında
in mind,akılda
in Minecraft,Minecraft'ta
in miniature,minyatür olarak
in moderation,iktarla
in mora,morina
in motion,harekette
in my honest opinion,dürüstçe söylemek gerekirse
in my humble opinion,modest tavrımla söylemek gerekirse
in my opinion,bana göre
in name,isim olarak
in nappies,bez içinde
in neat,düzenli bir şekilde
in need of,ihtiyacı olan
in no small measure,önemli ölçüde
in no small part,bir nebze de olsa
in no time,çok kısa sürede
in no time at all,hiçbir zaman içinde
in no uncertain terms,kesinlikle
in no way,kesinlikle değil
in nothing flat,çok kısa sürede
in nubibus,bulutların üzerinde
in office,görevde
in one bite,tek lokmada
in one foul swoop,tek hamlede
in one go,tek seferde
in one piece,bütün halinde
in one sitting,tek seferde
in one stroke,tek seferde
in one voice,tek sesle
in one's altitudes,kişinin yükseklikleri
in one's back pocket,cebinde
in one's backyard,bahçesinde
in one's bare skin,çıplak tenle
in one's bones,içtenlikle
in one's book,kitabında
in one's born days,doğduğu zamanlar
in one's corner,köşesinde
in one's cups,sarhoş
in one's dreams,rüya da
in one's element,kendini rahat hissediyor
in one's feelings,duygusal
in one's fingers,parmaklarda
in one's head,beyinde
in one's hip pocket,cebinde
in one's infinite wisdom,sonsuz bilgeliğiyle
in one's midst,içinde
in one's mind's eye,zihinde
in one's opinion,fikrine göre
in one's own backyard,kendi bahçesinde
in one's own good time,istediği zaman
in one's own hands,kendi elinde
in one's own little way,kendi küçük yolunda
in one's own little world,kendi dünyasında
in one's own right,kendisi olarak
in one's own world,kendi dünyasında
in one's pocket,cebinde
in one's right mind,sağduyu sahibi olarak
in one's sight,görüş alanında
in one's sights,gözüne takmak
in one's sleeve,kollarında
in one's stead,yerine
in one's teens,ergenlik çağında
in one's teeth,dişlerinin arasında
in one's tracks,izini sürmek
in one's wildest dreams,en çılgın hayallerde
in open court,Açık mahkemede
in open store,açık mağazada
in operation,işletimde
in opposition to,karşı olarak
in order,için
in order for,için ki
in order that,böylece
in ordinary,sıradan
in other news,diğer haberlerde
in other words,başka bir deyişle
in pairs,çiftler halinde
in pampers,pampers içinde
in parallel,paralel olarak
in parallel with,paralel olarak
in part,kısmen
in particular,özellikle
in passing,geçerken
in peace,barış içinde
in perpetuity,sonsuza kadar
in person,şahsen
in perspective,bakış açısıyla
in phase,fazda
in piety,takvayla
in pig,domuz
in place,yerinde
in place of,yerine
in places,yer yer
in plain sight,Açıkça
in plain view,Açıkça görülebilir şekilde
in play,oyunda
in plenty,bol miktarda
in pocket,cebette
in point,nokta olarak
in point of,açısından
in point of fact,aslında
in pole position,en iyi konumda
in poor taste,kötü zevkli
in possession of,sahibi olmak
in power,iktidarda
in practice,uygulamada
in prejudice of,önyargıyla
in present,şu anda
in pride,gururla
in prime twig,en iyi dalda
in principle,prensipte
in print,basılı olarak
in prison,hapiste
in private,özel olarak
in profile,profilde
in progress,devam ediyor
in proper,uygun şekilde
in proportion to,orantılı olarak
in protest,protesto olarak
in public,kamuya açıkta
in pup,köpeğin yavrusu
in pursuit,peşinde
in pursuit of,peşinde olmak
in quantity,miktarda
in question,soruda
in quick sticks,çok hızlı
in quick succession,ard arda
in rag order,karışık şekilde
in rags,perişan halde
in rare form,nadiren
in reach,ulaşılabilir
in reaction,tepkide
in real life,gerçek hayatta
in reality,gerçekte
in reason,akılca
in recent memory,son zamanlarda
in recognition of,takdirle
in record time,rekor sürede
in reference to,ilişkin olarak
in regard of,konusunda
in regard to,konuyla ilgili olarak
in regards to,konuyla ilgili olarak
in relation to,ilişkin olarak
in reserve,yedekte
in respect,saygı ile
in respect of,bakımından
in retreat,geri çekilme
in retrospect,geriye dönüp bakıldığında
in return,karşılığında
in return for,karşılığında
in reverse,tersine
in right of,doğru olarak
in Roblox,Roblox'ta
in rough,kaba
in route,yolda
in ruins,harabe durumda
in safe hands,güvenli ellerde
in school,okulda
in search of,aranmakta
in season,mevsiminde
in season and out of season,mevsiminde ve mevsimi dışında
in secret,gizlice
in series,seriye göre
in service,serviste
in session,oturumda
in shape,şeklinde
in sheets,tabakalar halinde
in shit,içindeyim
in short,özetle
in short order,kısaca
in short pants,kısa pantolonla
in short supply,az miktarda
in short trousers,kısa pantolonlu
in sickness and in health,hastalıklı ve sağlıklı olduğunuzda
in sight,görünürde
in silence,sessizce
in silhouette,siluet içinde
in silico,bilgisal ortamda
in small doses,küçük miktarlarda
in so far as,şartıyla ki
in so many words,özetle
in someone's black books,karanlık listede olmak
in someone's boots,birinin yerinde
in someone's corner,yanında olmak
in someone's day,birinin zamanında
in someone's debt,borçlu olmak
in someone's eyes,gözünde
in someone's face,yüzüne karşı
in someone's light,birinin ışığında
in someone's pocket,cebinde
in someone's shoes,birinin yerinde olmak
in someone's time,birinin zamanında
in someone's view,birinin görüşüne göre
in someone's vocabulary,birinin kelime dağarcığında
in someone's way,karşısında
in something's way,karşısında
in sooth,gerçekten
in sort,sırayla
in spades,bol miktarda
in special,özel olarak
in spirit,ruhtan
in spite of,rağmen
in spite of someone's teeth,birinin dişlerinin önünde
in splendor,şatafatla
in splendour,muhteşem bir şekilde
in splits,parçalar halinde
in state,durumda
in steam,buharda
in step,adım adım
in stitches,dikilmiş
in stock,stokta
in store,mağazada
in stride,rahatlıkla
in style,stil sahibi
in succession,ard arda
in sum,özetle
in summary,özetle
in sunder,parçalamak
in suspense,Merak içinde
in sync,senkronize
in tandem,birlikte
in tandem with,birlikte
in tatters,paramparça
in terms of,bakımından
in that,orada
in that regard,bu konuda
in the absence of,eksikliği halinde
in the abstract,soyut olarak
in the act,işin içinde
in the aggregate,toplamda
in the air,havada
in the altogether,tamamen çıplak
in the arms of Morpheus,Morpheus'ın kollarında
in the arms of Murphy,Murphy'nin kollarında
in the article of death,ölümle ilgili makalede
in the ascendant,yükselişte
in the back seat,arka koltukta
in the bag,kesin
in the ballpark,yaklaşık olarak
in the bargain,ek olarak
in the barrel,fıçıda
in the bed,yatakta
in the bedroom,yatak odasında
in the biblical sense,İncil anlamında
in the black,kârda
in the blink of an eye,göz açıp kapayıncaya kadar
in the books,kitaplarda
in the bottom of the bag,torbanın dibinde
in the bucket,kovada
in the buff,çıplak
in the business of,işin içinde olmak
in the can,hazır
in the cards,kartlarda
in the clear,açıkça
in the closet,dolabın içinde
in the clouds,bulutların üzerinde
in the club,kulüpte
in the cold light of day,güneşin soğuk ışığında
in the course of time,zamanla
in the crosshairs,Hedefte
in the dark,karanlıkta
in the dead of night,gecenin ortasında
in the dead of winter,kışın ortasında
in the depths of,derinliklerinde
in the dock,mahkemede
in the dogbox,köpeğin kulübesi
in the doghouse,köpeğin kulübesinde
in the doldrums,durgunluk içinde
in the drink,içinde
in the driver's seat,sürücü koltuğunda
in the driving seat,direksiyon başında
in the dumps,moral bozuk
in the end,sonuç olarak
in the event,eğer
in the event of,eğer
in the event that,eğer
in the extreme,aşırı durumda
in the eye of the wind,rüzgarın gözünde
in the eyes of,gözünde
in the eyes of the law,kanun gözünde
in the face of,karşısında
in the family way,hamile
in the fast lane,hızlı şeritte
in the field,alanında
in the final analysis,sonuç olarak
in the first instance,öncelikle
in the first place,öncelikle
in the flesh,bizzat
in the flower of one's youth,gençlik çağında
in the foothills,eteklerde
in the footsteps of,ayak izlerinde
in the frame,çerçevede
in the front row,ön sırada
in the furtherance of justice,adaletin sağlanması için
in the future,gelecekte
in the game,oyunda
in the grand scheme of things,genel olarak bakıldığında
in the great scheme of things,genel olarak
in the green,yeşilde
in the green tree,yeşil ağaçta
in the grip of,tutuşunda
in the gristle,kıkırdakta
in the groove,ritme girmiş
in the gross,brüt olarak
in the ground,toprakta
in the hand,elde
in the hands of,ellerinde
in the heat of,ateşin içinde
in the heat of the moment,anlık heyecanla
in the hole,delikte
in the hope of,umutla
in the hope that,umut ederek
in the hopper,beklemede
in the hospital,hastanedeyken
in the hot seat,sıkışmış durumda
in the house,evde
in the hunt,avlanırken
in the interest of,menfaatı doğrultusunda
in the interest of justice,adaletin sağlanması için
in the interest of time,zaman kaybını önlemek için
in the interests of,menfaatleri doğrultusunda
in the interim,bu arada
in the know,haberli olan
in the lap of the gods,tanrıların insafına kalmak
in the last analysis,sonuç olarak
in the lead,ön sırada
in the least,en azından
in the light of,ışığında
in the limelight,Spot ışığında
in the limit,sınırda
in the line of duty,görev sırasında
in the long run,uzun vadede
in the long term,uzun vadede
in the loop,bilgilendirilen
in the lump,toplu olarak
in the main,asıl olarak
in the making,yapım aşamasında
in the mean time,bu arada
in the meantime,bu arada
in the meanwhile,bu arada
in the middle of,ortasında
in the midst of,ortasında
in the mix,karışık
in the moment,o anda
in the money,parada
in the mood,içinde olmak
in the name of,adına
in the name of heaven,tanrı aşkına
in the name of something,bir şeyin adına
in the name of the law,kanun adına
in the nature of,türden
in the nature of things,şeylerin doğası gereği
in the near future,yakın gelecekte
in the neighborhood of,yakınlarda
in the neighbourhood of,yakınlarda
in the nick,son anda
in the nick of time,son anda
in the nip,göğüs bölgesinde
in the nuddie,çıplak
in the nuddy,çıplak
in the nude,çıplak
in the offing,ileride
in the old times,eski zamanlarda
in the open,açıkta
in the original German,orijinal Almanca olarak
in the oven,fırında
in the palm of one's hand,elinin avuç içinde
in the pay of,maaşlı olarak
in the person of,kişiliğiyle
in the picture,resimde
in the pink,sağlıklı
in the pink of health,sağlıklı
in the pipeline,planlama aşamasında
in the pocket,cebette
in the post,post içinde
in the process of,işin içinde
in the pudding club,puding kulübünde
in the racket,rakette
in the rattle,gürültünün içinde
in the raw,işlenmemiş
in the rear with the gear,arka tarafta ekipmanla
in the red,zararda
in the refrigerator,buzdolabında
in the region of,bölge içinde
in the reign of Queen Dick,Kraliçe Dick'in hükümdarlığı sırasında
in the right,doğru
in the room,odada
in the rough,kaba taslak
in the round,yuvarlak olarak
in the running,yarışta olan
in the sack,torbaya
in the saddle,seleye oturmak
in the sales,satışlarda
in the same boat,aynı durumda
in the same breath,aynı anda
in the same shoes,aynı durumda
in the same vein,aynı şekilde
in the seven hells,yedi cehennemde
in the shadow of,gölgesinde
in the shit,dikenli durumda
in the shitter,berbat durumda
in the shoes of,aynı durumda olmak
in the short run,kısa vadede
in the short term,kısa vadede
in the snap of one's fingers,bir anda
in the soup,çorbada
in the space of,içinde
in the spotlight,Spot ışığında
in the stars,yıldızlarda
in the stead of,yerine
in the stratosphere,stratosferde
in the straw,samanda
in the streets,sokaklarda
in the swim,yüzmeyi bilmek
in the swim of things,olayların içinde olmak
in the tank,depoda
in the teeth of,karşına dikilerek
in the thick of,yoğunlaşmak
in the thick of it,olayın ortasında
in the throes of,koşuşturmanın içinde
in the throes of something,bir şeyin içinde olmak
in the toilet,tuvalette
in the trenches,siperlerde
in the twinkling of a bedpost,bir göz kırpması kadar kısa sürede
in the twinkling of a bedstaff,bir göz kırpması kadar kısa sürede
in the twinkling of an eye,göz açıp kapayıncaya kadar
in the vein of,tarzında
in the vicinity of,yakınında
in the wake of,ardından
in the way,önünde
in the way of,engellemek
in the weeds,konuda derinlemesine
in the wild,doğada
in the wind,rüzgarda
in the wind's eye,rüzgarın gözünde
in the wink of an eye,göz açıp kapayıncaya kadar
in the works,ilerde
in the world,dünyada
in the worst way,en kötü şekilde
in the wrong,yanlış
in the zone,bölgede
in theory,teoride
in there like swimwear,orada mayo gibi
in this connection,bu bağlamda
in this day and age,günümüzde
in this essay I will,bu denemede
in this regard,bu konuda
in this respect,bu açıdan
in thunder,gök gürültüsü içinde
in thunderation,gök gürültüsüyle
in time,zamanında
in times,zamanlarda
in token of,nişan olarak
in too deep,çok derine girmiş
in total,toplamda
in totality,tamamen
in touch,ile iletişimde
in tow,beraberinde
in town,şehirde
in train,trend içinde
in transit,taşımada
in trian aspect,üç yönlü açıdan
in triplicate,üç nüsha halinde
in trouble,zor durumda
in true,gerçekte
in truth,gerçekte
in tune,uyumlu
in tune with,uyum içinde
in turn,sırayla
in twain,ikiye bölmek
in two,ikide
in two jumps,iki atlayışla
in two minds,kararsız
in two shakes,bir anda
in twos,ikililer halinde
in unison,birlikte
in use,kullanımda
in vain,boşuna
in very deed,gerçekten de
in view,görüş açısı
in view of,göz önünde bulundurarak
in vigilance,uyanıklıkla
in vino veritas,sarhoşken gerçeği söylersin
in virtue of,sayesinde
in virtue of which,sayesinde
in voice,sesle
in waiting,beklemede
in waves,dalgalar halinde
in ways,çeşitli şekillerde
in weal and woe,iyi ve kötü günlerde
in what universe,hangi evrende
in what world,hangi dünyada
in wine,şarapta
in with a chance,şanslı
in witness whereof,bu sebeple
in words of one syllable,tek heceli kelimelerle
in writing,yazılı olarak
in your dreams,rüyalarında
in your face,işte
in your wildest dreams,en çılgın hayallerinizde
inch along,yavaşça ilerlemek
inch away,bir inç kadar
inch back,geri çekil
inch by inch,santim santim
inch forward,bir inç ileri
inch up,yakınlaşmak
independently wealthy,Bağımsız olarak zengin
Indian sign,Hint işaretleri
indict a ham sandwich,bir hindi sandviçi hakkında suçlama yapm…
inform on,ihbar etmek
ink in,mürekkep
ink isn't dry on,henüz kurumamış
ink up,mürekkep doldurmak
inner circle,iç çevre
inner ear,iç kulak
inner strength,iç güç
innocently divorced,masumca boşanan
inquire after,hal hatır sormak
inquire of,sormak
ins and outs,iç ve dış yüzeyler
insane in the membrane,zihinsel olarak dengesiz
inside baseball,kulak içi bilgi
inside job,iç işi
inside joke,iç şaka
inside of,içinde
inside out,iç dış
inside scoop,içeriden bilgi
inside the box,kutu içinde
insofar as,şartıyla ki
inspite of,rağmen
installed base,mevcut kullanıcı tabanı
instance in,içinde
instead of,yerine
insult one's intelligence,Birinin aklıyla dalga geçmek
intellectually challenged,Zihinsel engelli
intents and purposes,amaç ve niyet
inter al.,arasında
inter alios,diğerlerinin arasında
inter pocula,şaraplar arasında
interact with,etkileşimde bulunmak
interpret away,yurt dışına göndermek
into detail,detaya inmek
into power,iktara
into shape,şekle
into space,uzaya
into the bargain,ek olarak
into the stratosphere,stratosfere
into thin air,havaya karışmak
into time,zaman içinde
intra legem,yasanın kapsamında
invalid out,geçersiz çıktı
inversely proportional,ters orantılı
invited to the cookout,pikniğe davet edildim
ipsissima verba,tam tam sözler
iris in,içeri gir
iris out,kaybolmak
Irish hint,İrlandalı ipucu
Irish up,İrlandalılaştırmak
iron eagle,demir kartal
iron out,düzeltmek
ironing board,ütü masası
irons in the fire,işler çevirmek
irrespective of,dikkat etmeksizin
is a bear Catholic,ayı katoliktir
is my middle name,benim soyadım
is someone cutting onions,birisi soğan mı kesiyor
is that the time,o saat mi
is the bear Catholic,ayı katoliktir
is the Pope a Catholic,Papa bir Katolik mi
is the Pope a Muslim,Papa Müslüman mı
is the Pope Catholic,Papa katoliktir
is the Pope Jewish,Papa Yahudi mi
is the Pope Muslim,Papa Müslüman mı
is the sky blue,gökyüzü mavi mi
is this a safe space,Burada güvenli bir ortam var mı
is your head cold,başın ağrıyor mu
ish ka bibble,balıkçılık
isms and schisms,mezhepler ve ayrılıklar
isn't it,değil mi
isn't it so,değil mi
it ain't over till it's over,Henüz bitmedi
it can't be helped,yapacak bir şey yok
it does not matter,önemli değil
it figures,bekleniyordu
it happens,böyle şeyler oluyor
it is and it isn't,hem öyle hem de değil
it is darkest before the dawn,En karanlık saatler, şafağın hemen önces…
it is how it is,işte böyle
it is important to note that,dikkat edilmesi gereken bir nokta
it is no accident,Bu bir tesadüf değil
it is not even funny,Hiç de komik değil
it is not every day,her gün değil
it is not funny,Bu komik değil
it is said,dediği gibi
it is to laugh,gülmek
it is what it is,olduğu gibi
it is worth noting that,belirtilmesi gereken bir şey var
it isn't even funny,Hiç de komik değil
it isn't funny,Bu komik değil
it never rains but it pours,Bolluk içinde yaşarsın ya da hiç yaşamaz…
it pays to advertise,reklam yapmak işe yarar
it takes a village,bir köyün çabasıyla olur
it takes all kinds,herkes farklıdır
it takes all sorts,Herkes farklıdır
it takes one to know one,Benzerleri tanırsın
it takes two to quarrel,Tartışmak için iki kişinin olması gereki…
it takes two to tangle,İki tarafın çabasıyla olur
it takes two to tango,İki kişi gerekir
it was like this,Böyleydi
it was this way,böyleydi
it wasn't only only,sadece bu değildi
it's a date,bu bir randevu
it's a deal,anlaşma
it's a free country,Bu özgür bir ülke
it's a jungle out there,orada çok karmaşık bir durum var
it's a long story,Bu uzun bir hikaye
it's a man's world,Bu bir erkeklerin dünyası
it's a matter of time,Zaman meselesi
it's a question of time,zaman meselesi
it's a small world,dünya çok küçük
it's about time,artık zamanı geldi
it's all Chinese to me,Bana Çince gibi geliyor
it's all g,her şey yolunda
it's all go,her şey yolunda
it's all good,her şey yolunda
it's all Greek to me,Bana Çince gibi
it's an ill wind,Bu kötü bir şey
it's been 84 years,84 yıl geçti
it's been a slice,görüşmek üzere
it's been real,Bu çok güzeldi
it's early days,henüz erken
it's everywhere,Her yerde
it's five o'clock somewhere,Her yerde saat beş
it's going,ilerliyor
it's Greek to me,Anlamıyorum
it's grim up north,Kuzeyde durum pek iç açıcı değil
It's high time,Artık çok geç olmadan
it's lonely at the top,zirvede yalnız olmak
it's never too late to mend,her zaman telafi etme fırsatı vardır
it's no use,boşuna
it's none of your business,Bu seni ilgilendirmez
it's not even funny,Hiç de komik değil
it's not every day,Her gün değil
it's not funny,Bu komik değil
it's nothing,önemli değil
it's on,açık
it's only a matter of time,Sadece zaman meselesi
it's only a question of time,Sadece zaman meselesi
it's someone's funeral,Bu birinin cenazesi
it's the hit dog that howls,havlayan köpek ısırdığı için
it's the story of one's life,hayat hikayesi
it's the thought that counts,niyet önemlidir
it's too late for sorry,üzgünüm demenin artık bir anlamı yok
it's what's inside that counts,İçindeki şeyler önemlidir
itch the ditch,çatlatan
itchy feet,ayak kaşıntısı
itchy trigger finger,tetiği çekme isteği
iura novit curia,Mahkeme hukuku bilir
ivory tickler,fildişi kaşıyıcı
ivory tower,kulesi
jack around,şaka yapmak
jack in,jak
jack into,bağlamak
jack of all trades,her işe yarar insan
jack off,el mastürbasyonu yapmak
Jack Tar,Denizci
jack up,yükseltmek
jacket up,montoyu giy
jag off,kovalamaca
jake brake,jak freni
jam out,coşmak
jam today,Şimdi
jam tomorrow,yarınki reçel
jam up,tıkanmak
Jane Average,Ortalama Jane
Jane Doe,Örnek isim
Jane Wayne,Cane Wayne
JAQ off,JAQ'ı kapat
jaw away,ağzını kapama
jaw down,ağzını kapat
jazz around,etrafı dolaşmak
jazz up,canlandırmak
Jedi mind trick,Jedi zihin hilesi
jeepers creepers,aman tanrım
jeepers peepers,amaaan tanrım
jell out,soğumak
jerk around,Şaklabalık yapmak
jerk off,kendini okşamak
jerk one off,kendini boşaltmak
jerk one out,sertleşmek
jerk over,öne doğru çekme
jerk up,yukarı çekmek
jerkin the gherkin,turşu
jerky up,sarsıntı
jerry to,Jerry'a
jet off,yola çıkmak
jet set,sosyeteci
Jew crew,Yahudi mürettebat
Jew down,İndirim yap
jew out,çıkar
jew up,süslemek
jewel in the crown,taçın incisi
jiak kentang,patates kızartması
jib out,çıkıntı
jig up,kurulum yapmak
jill of all trades,her şeyden biraz bilen
jill off,Jill'i kapat
jim up,yukarı kaldır
jimmy up,sabitlemek
jive around,oyalanmak
jive turkey,sahtekar
jizz up,canlandırmak
job's a good 'un,iş iyi gidiyor
job's a good'un,iş iyi gidiyor
job's a goodun,iş iyi gidiyor
jock off,mastürbasyon yapmak
Joe Average,Ortalama Joe
Joe Citizen,Ortalama vatandaş
joe job,iş
Joe Public,Ortalama insan
Joe Random,Herhangi birisi
Joe Schmo,Sıradan insan
Joe Schmoe,Sıradan insan
Joe Shmo,Kimse
Joe Shmoe,Sıradan insan
jog on,koş
jog someone's memory,birinin aklına bir şeyi getirmek
John Citizen,John Vatandaş
John Q. Public,Ortalama insan
Johnny Appleseed,Johnny Elma Tohumu
join forces,kuvvetleri birleştirmek
join hands,el ele tutuşmak
join in,katılmak
join issue,tartışma
join out,katılın
join the club,kulübe katıl
join up,katılmak
joined at the hip,birbirine çok yakın
joke around,şaka yapmak
joke it up,eğlenceye dönüştür
joke up,şaka yapmak
jolly along,neşeyle ilerlemek
jot and tittle,nokta
jot down,not etmek
Jove nods,Jüpiter başını sallar
judge a book by its cover,Kitabın kapağınına bakarak karar vermek
jug ears,büyük kulaklar
juggling act,jonglör gösterisi
juice up,şarj etmek
jumble together,karıştırmak
jumble up,karıştırmak
jump about,zıplamak
jump and dump,atlamak ve terk etmek
jump around,zıplamak
jump at,atlamak
jump at the chance,fırsatı değerlendirmek
jump at the opportunity,fırsatı değerlendirmek
jump before one is pushed,itici bir şey olmadan önce harekete geçm…
jump down,Aşağı atla
jump down someone's throat,başkalarının üzerine atlamak
jump for joy,sevinçten zıplamak
jump in,atlamak
jump in one's skin,deriden geçmek
jump off,atlamak
jump on,atlamak üzerine
jump on the bandwagon,trendlere ayak uydurmak
jump onto,atlamak üzerine
jump out,dışarı atlamak
jump salty,zıplamak tuzlu
jump someone's bones,başkasına yanaşmak
jump street,eğitim alanı
jump the gun,işi aceleye getirmek
jump the queue,Sıraya girmeden önüne geçmek
jump the shark,kalitesini kaybetmek
jump through hoops,iplerden atlamak
jump to,atla
jump to conclusions,sonuç çıkarmak
jump to it,hızla başla
jump up,zıplamak
jump up behind,arkadan zıpla
jump upon,atlamak üzerine
jumpers for goalposts,kaleler yerine direkler
jungle telegraph,dedikodu
junk in the trunk,fazla kilolu olmak
junkyard dog,hurdalık köpeği
jure divino,tanrısal hak
jury is out,karar henüz verilmedi
just a minute,Bir dakika
just a second,Bir saniye
just another pretty face,sadece güzel bir yüz
just as well,iyidir
just deserts,hak ettiği ceza
just folks,insanlar
just friends,sadece arkadaş
just in case,ihtiyat olarak
just in the nick of time,Son anda
just in time,tam zamanında
just like that,öylece
just my luck,Tam da benim şansıma
just say no,sadece hayır
just shy of,neredeyse
just the job,tam iş
just the same,aynı
just you wait,bekle gör
justice delayed is justice denied,Adalet gecikirse adalet tecelli etmez
justice is blind,adalet kördür
jut out,öne çıkmak
kak on,nasıl
kangaroo court,sahte mahkeme
kao peh kao bu,Bana ne dedin
karma is a bitch,karma acımasızdır
karma's a bitch,karmaya dikkat et
Katy bar the door,Kapıyı kilitle Katy
keel over,devrilmek
keen as a bean,çok hevesli
keep a close watch,dikkatle takip etmek
keep a cool head,sakin kalmak
keep a lid on,kontrol altında tutmak
keep a lid on something,bir şeyi gizlemek
keep a low profile,dikkat çekmemek
keep a straight face,düz yüzlü olmak
keep a weather eye open,dikkatli olmak
keep across,haberdar olmak
keep ahead,öne geçmek
keep an eye on,gözetlemek
keep an eye on something,gözetlemek
keep an eye open,dikkatli olmak
keep an eye out,dikkatli olun
keep an eye out for somebody,birinin peşinde olmak
keep an eye out for something,bir şeye dikkat etmek
keep an eye peeled,dikkatli olun
keep around,yakınlarda tutmak
keep at,devam etmek
keep away,uzağa dur
keep away from,uzağa dur
keep back,geri çekil
keep company,beraber olmak
keep count,sayım yapmak
keep down,sustur
keep from,engellemek
keep good time,doğru saat tutmak
keep hope alive,umutları canlı tutmak
keep house,ev işleri yapmak
keep in,içinde tutmak
keep in touch,iletişimde kalın
keep in with,uyum içinde olmak
keep it between the ditches,Kenarda tutmak
keep it in the family,aile içinde kalması
keep it moving,hareket devam etsin
keep it one hundred,dürüst ol
keep it real,dürüst ol
keep it together,sakin ol
keep it up,devam et
keep off,uza kalın
keep off the streets,sokaklardan uzak durun
keep on,devam et
keep on about,sürekli olarak bahsetmek
keep on truckin',devam et
keep one eye on somebody,bir gözü üzerinde tutmak
keep one eye on something,bir gözü üzerinde tutmak
keep one's chin up,umutlu olmak
keep one's cool,sakin kalmak
keep one's ears open,dikkatli olmak
keep one's eye on the ball,işin takibini yapmak
keep one's eyes peeled,dikkatli olmak
keep one's fingers crossed,parmaklarını çaprazlamış olmak
keep one's hair on,saçlarını dökmemek
keep one's head,sakin kalmak
keep one's head above water,sıkıntıdan kurtulmak
keep one's head down,dikkat çekmemek
keep one's head on a swivel,dikkatli olmak
keep one's head up,umutlu olmak
keep one's knickers on,sakin ol
keep one's lips sealed,Ağzını kapatmak
keep one's mouth shut,Ağzını kapatmak
keep one's nose clean,düzgün davranmak
keep one's options open,Seçenekleri açık tutmak
keep one's pants on,sakin olmak
keep one's pecker up,moralini yüksek tutmak
keep one's powder dry,tetikte olmak
keep one's stick on the ice,buzda kalmak
keep one's temper,sakin kalmak
keep one's tits on,dik durmak
keep one's voice down,Sesini kıs
keep one's word,sözünü tutmak
keep oneself to oneself,yalnız kalmak
keep out,giriş yasaktır
keep out of,içine girmeyin
keep pace,aynı tempoda ilerlemek
keep quiet,Sessiz kal
keep shtum,sessiz kal
keep somebody in check,kontrol altında tutmak
keep somebody on their toes,Kişiyi tetikte tutmak
keep somebody posted,bilgilendirmek
keep somebody's eyes peeled,dikkatli ol
keep somebody's eyes skinned,dikkatli olmak
keep someone amused,Birini eğlendirmek
keep someone busy,Meşgul etmek
keep someone company,yanında olmak
keep someone in the loop,Bilgilendirmek
keep someone on ice,beklemeye almak
keep someone on their toes,Kişiyi tetikte tutmak
keep someone posted,bilgilendirmek
keep someone sweet,başkalarını memnun etmek
keep something at bay,Bir şeyi uzak tutmak
keep something in check,kontrol altında tutmak
keep something in mind,unutmamak
keep straight,düz devam et
keep tabs on,takip etmek
keep tabs on somebody,birinin peşinde olmak
keep tabs on something,bir şeyi takip etmek
keep telling yourself that,kendine sürekli olarak şunu söyle
keep the ball rolling,işleri yolunda tutmak
keep the bones green,kemikleri yeşil tut
keep the change,Bakkaliyesi alabilirim
keep the home fires burning,evdeki ateşi canlı tutmak
keep the peace,barışı koru
keep the pot boiling,tencerenin kaynamasını sağlamak
keep the rent down,kira fiyatlarını düşürmek
keep the rent low,kira fiyatlarını düşük tutmak
keep the show on the road,işleri yürütebilmek
keep the wolf from the door,geçinip gitmek
keep to,uygun olmak
keep to oneself,içine kapanmak
keep together,bir arada tutmak
keep track of,takip etmek
keep under,altında tutmak
keep up,ayakta kalmak
keep up appearances,dış görünüşü korumak
keep up with,yetişmek
keep up with the Joneses,komşunun kuyruğuna kuyruk takmak
keep up with the times,zamana ayak uydurmak
keep watch,gözetlemek
keep yourself safe,Kendinizi güvende tutun
ken oath,yemin töreni
kernel of truth,doğruluk çekirdeği
kettle of fish,karmaşaya neden olan durum
key down,tuşa basma
key in,tuşuna basmak
key in on,odaklanmak
key into,girin
key off,kontak kapalı
key on,açık
key out,çıkarma
key up,hazır olmak
keys to the kingdom,krallığın anahtarları
kick a dog when it's down,Zayıf olanı aşağılamak
kick about,oynamak
kick against,karşı çıkmak
kick against the pricks,otoriteye karşı gelmek
kick around,oynamak
kick ass,harika
kick ass and take names,Harika işler yapmak ve dikkat çekmek
kick at an open door,açık kapıya vurmak
kick at the can,tenekeye vurmak
kick back,rahatlamak
kick bollocks scramble,saçmalık
kick butt,Harika olmak
kick down,aşağı indirmek
kick in,devreye girmek
kick in the teeth,dişlere tekme
kick into the long grass,uzun otlara doğru vurmak
kick into touch,taç çizgisine atmak
kick it,rahatlamak
kick loose,gevşetmek
kick off,başlamak
kick on,çalışmaya başlamak
kick one's heels,ayaklarını oynamak
kick out,dışarı atmak
kick out the jams,coşmak eğlenmek
kick over,devirmek
kick rocks,taş atmak
kick some tail,rakiş vermek
kick some tires,lastiklere göz atmak
kick someone when they are down,Birinin zor durumda olduğu sırada onu aş…
kick someone's ass,Birini alt etmek
kick the beam,ışığı kesmek
kick the bucket,hayatını kaybetmek
kick the can down the road,Sorunu ertelemek
kick the habit,alışkanlıktan vazgeçmek
kick the tires,lastiklere vurmak
kick the tyres,lastiklere vurmak
kick to,vurmak
kick to the curb,Kenara itmek
kick up,kaldırmak
kick up a fuss,gürültü çıkarmak
kick up one's heels,rahatlamak
kick upstairs,yukarı göndermek
kick with,içmekle birlikte
kick with the other foot,diğer ayakla vurmak
kicking and screaming,bağırıp çağıra
kicking boots,botları tekmelemek
kicks and giggles,tepeler ve kahkahalar
kid around,şaka yapmak
kid on,alay et
kiddie table,çocuk masası
kids will be kids,Çocuklar çocuktur
kill me,beni öldür
kill off,yok etmek
kill one's darlings,sevdiği şeylerden vazgeçmek
kill the fatted calf,en iyi yemeği hazırlayın
kill trees,Ağaçları kesmek
kill two birds with one stone,İki kuşla bir taş atmak
kill your heroes,kahramanlarını öldür
kill your idols,idollerinizi yok edin
killer diller,harika diller
killer instinct,Öldürme içgüdüsü
Kilroy was here,Kilroy buradaydı
kind of,türde
kind regards,saygılarımla
kindest regards,saygılarımla
kindred soul,ruh kardeşi
kindred spirit,ruh ikizi
king of all one surveys,gördüğünün tamamının efendisi
king of beasts,hayvanların kralı
king of birds,kuşların kralı
king of the castle,şatonun kralı
king of the hill,tepede duran
King of the Jungle,Ormanın kralı
King Shit of Turd Island,Kakalı adanın kralı
king's cushion,kral yastığı
king's ransom,bir servet
kink on,bükülme
kink out,kıvrılmak
Kiong Hee Huat Chai,Mutlu yıllar
kip down,azalt
kip in,giriş
kip out,devam etmek
kip up,uyanmak
kirk out,Çıkış yap
kiss and cry,gül ve ağla
kiss and make up,barışmak
kiss and tell,öpüp anlatmak
kiss arse,yaltaklanmak
kiss ass,göz kırpmak
kiss goodbye to something,Bir şeye veda etmek
kiss me,Öp beni
kiss my ass,Siktir
kiss my balls,Siktir
kiss of death,ölüm öpücüğü
kiss of life,sunii solunum
kiss off,göndermek
kiss out,öpüşmek
kiss someone's ass,aşağılık davranmak
kiss someone's ring,birinin yüzüğüne öpücük vermek
kiss the gunner's daughter,top mermici taşıyanın kızını öp
kiss up,yaranmak
kiss up to,yaranmak
kissing goes by favor,öpüşmek lütuf eseriyle olur
kit out,donatmak
kit up,donanımını tamamlamak
kitchen table software,mutfak masası yazılımı
kite around,etrafta dolaşmak
kitty's titties,kedi memeleri
Klaatu barada nikto,Bunu çeviremem
kludge out,düzeltmek
klunk out,çarpma sesi çıkarmak
knee-deep in the Big Muddy,Büyük Nehir'in içinde dizlerine kadar
knee-high by the Fourth of July,Bayramın dördüncü gününe kadar diz boyun…
knee-high to a grasshopper,çok küçük
knee-jerk reaction,ani tepki
kneel before,diz çök
kneel down,diz çökmek
knick off,kesmek
knife up,bıçak yukarı
knight of the post,postacı şövalyesi
knit one's brows,kaşlarını çatmak
knit one's eyebrows,kaşlarını çatmak
knit together,bir araya getirmek
knit up,birleştirmek
knive up,bıçak çekmek
knob job,sürtünme
knock about,savurmak
knock around,etrafı dolaşmak
knock back,reddetti
knock down,yıkmak
knock down a peg,bir basamak gerilemek
knock for a loop,şaşırtmak
knock in,çarpma
knock into,çarpmak
knock it off,Bunu bırak
knock it out of the park,inanılmaz bir başarı elde etmek
knock off,taklit etmek
knock on,çarp
knock on heaven's door,cennetin kapısını çalmak
knock on wood,Ahşaba vurmak
knock one out,bayıltmak
knock oneself out,kendini tüketmek
knock out,bayıltmak
knock out of the box,kutudan çıkarmak
knock over,devirmek
knock round,vurmak
knock some sense into,akıl vermek
knock someone down with a feather,Tüy gibi hafif bir şeyle devirmek
knock someone flat,Yere sermek
knock someone off their perch,Birini tahtından indirmek
knock someone over with a feather,Tüy gibi hafif bir şeyle devirmek
knock someone's block off,bayıltmak
knock someone's socks off,şaşkınlığa uğratmak
knock someone's wind out,havasini almak
knock the living daylights out of,çok etkilemek
knock the stuffing out of,çok etkilemek
knock together,bir araya getirmek
knock under,altında vurmak
knock up,hamile bırakmak
knocking on heaven's door,cennetin kapısını çalmak
knot off,bağlamak
know a thing or two,bir şeyler bilmek
know about,bilmek hakkında
know beans about,hiçbir şey bilmemek
know every trick in the book,Her numarayı bilmek
know from a bar of soap,sabundan anlamak
know how many beans make five,kaç tane fasulyenin beş ettiğini bilmek
know inside and out,içine kadar bilmek
know no bounds,sınır tanımak
know of,bilmek
know one's own mind,kendi düşüncelerini bilmek
know one's shit,işini bilmek
know one's stuff,işine hakim olmak
know one's way around,Çevresini iyi bilmek
know someone,birini tanımak
know someone from Adam,Ona çok iyi tanıdığını söylemek
know someone from Eve,Eve'den beri tanıyorum
know someone in the biblical sense,Bireysel olarak tanımak
know the drill,İşin aslını bilmek
know the score,Durumu anlamak
know thyself,kendini tanı
know what,ne olduğunu bilmek
know what I'm saying,Ne demek istediğimi anlıyor musun
know what is what,ne olduğunu bilmek
know where the bodies are buried,nerede gömüldüklerini bilmek
know where you stand,nerede olduğunuzu bilmek
know which end is up,hangi tarafın üstte olduğunu bilmek
knowledge is power,bilgi güçtür
knuckle down,azimle çalışmak
knuckle dragger,ilkel insan
knuckle sandwich,yumruk
knuckle to,dirseğe
knuckle under,boyun eğmek
knuckle up,yumruk sıkmak
Kojak with a Kodak,Kojak ile Kodak
konk out,bayıltmak
Kool-Aid smile,Sahte gülümseme
Kung Hei Fat Choi,Mutlu yıllar
kung pow penis,Kung fu penis
L in the chat,Sohbetin içinde L var
l'istesso tempo,aynı anda
lab rat,deney hayvanı
labor of love,sevgiyle yapılan iş
labour of love,sevgiyle yapılan iş
labour the point,konuyu uzatmak
lace into,dantel süslemek
lace up,bağlamak
laced mutton,baharatlı kuzu
ladies and gentlemen,hanımlar ve beyler
ladies first,Hanımlar öncelikli
ladies' man,kadınlara düşkün adam
lady garden,bahçe
lady or tiger,tavşan veya kaplan
lady's man,kadınlara düşkün adam
lag behind,geride kalmak
lag off,gecikme
lair it up,havalı hale getir
lair up,yükseltmek
lam into,lam
lam off,ışığı kapat
lam out,yazmak
lamb down,kuzu eti
lamp along,yanında lamba
land down,İnecek yer
land in someone's lap,kucağına düşmek
land legs,kara ayakları
land of opportunity,fırsat ülkesi
land on,inandı
land on one's feet,ayağa kalkmak
land poor,toprak fakiri
land the plane,Uçağı indirmek
land up,karaya çıkmak
land upon,üzerine inmeli
land with,ile
landing strip,pisti
lands preserved,Korunmuş araziler
lang may yer lum reek,Anlayamadım
lang may your lum reek,Umarım ışığın uzun süre parlar
lap of luxury,lüksün kucağı
lap up,emmek
lard down,aşağı indirmek
lard up,yağlamak
large and in charge,büyük ve etkili
large it up,büyüt
lark about,şaklabanlık yapmak
lark around,şaklabanlık yapmak
laser in on,odaklanmak
lash back,karşı koymak
lash down,bağlamak
lash off,dövmek
lash out,hırçınlık etmek
lash together,birleştirmek
lash up,bağlamak
lasso up,bağlamak
last burst of fire,son ateşleme
last cast,son atış
last full measure,son fedakarlık
last hurrah,son şölen
last I checked,son kontrol ettiğimde
last I heard,son duyduğum
last known good,son bilinen iyi durum
last mile,son kilometre
last minute,son dakika
last nail in the coffin,son darbe
last of the big spenders,büyük harcama yapanların sonuncusu
last out,sonraki çıkış
last refuge,son sığınak
last resort,son çare
last roundup,son toplanma
last straw,son damla
Last Supper,Son akşam yemeği
last thing,son şey
last thing one needs,ihtiyacı olan son şey
last time I checked,Son kontrol ettiğimde
last trump,son trompet
last word,son kelime
latch on,bağlamak
latch onto,yapışmak
late in the game,oyunun sonlarına doğru
late model,son model
late to the party,partiye geç kalmak
latest and greatest,en yeni ve en iyi
lather up,köpürtmek
lathered up,köpürtmek
lato sensu,geniş anlamda
laugh a minute,dakikada gülme
laugh and grow fat,gül ve şişmanla
laugh at,gülmek
laugh away,gülerek geçiştir
laugh down,alaycı bir şekilde gülmek
laugh in one's sleeve,içten gülmek
laugh off,gözden kaçırmak
laugh one's head off,kıkır kıkır gülmek
laugh out of court,duruşmada gülmek
laugh up one's sleeve,kısık gülüş
laugh with,birlikte gülmek
laughing stock,alay konusu
laughing tackle,gülünç hamle
laughter is the best medicine,Gülmek en iyi ilaçtır
launch forth,başlatmak
launch into,başlamak
laundry list,işler listesi
law and order,hukuk ve düzen
lawful but awful,yasal ama berbat
lawyer up,avukat tutmak
lax up,gevşemek
lay a finger on,dokunmak
lay about,etrafı temizlemek
lay an anchor to the windward,rüzgar yönüne doğru demir atmak
lay an egg,yumurtlamak
lay aside,bir kenara koymak
lay at someone's door,birinin üzerine yıkmak
lay away,peşin ödeme
lay back,arkasına yaslanmak
lay bare something,Bir şeyi açığa çıkarmak
lay behind,arkasında olmak
lay by,kenara koymak
lay by the heels,yan yatmak
lay claim,hak iddia etmek
lay down,yatmak
lay down on,yatmak üzerine
lay down the law,Kuralları koymak
lay down the marker,bir sınır çizmek
lay eggs,yumurtlamak
lay eyes on,görmek
lay eyes on somebody,birini görmek
lay eyes on something,görmek
lay for,yatmak için
lay hands on,el koymak
lay in,yatmak
lay in lavender,lavantaya yatmak
lay into,azarlamak
lay it on,bana anlat
lay it on thick,abartmak
lay odds,bahis oynamak
lay of the land,coğrafya
lay off,işten çıkarma
lay on,yatmak
lay on the line,açık olmak
lay one down,yatırmak
lay one's hands on something,eline geçirmek
lay one's head,başını koymak
lay one's tongue to,dilini vurmak
lay out,düzenlemek
lay over,aktarma
lay something at the feet of,ayağına koymak
lay something on the line,Her şeyi riske atmak
lay store by,önem vermek
lay the groundwork,Temel atmak
lay the wood,odunu yerleştir
lay to,yatmak
lay to rest,toprağa vermek
lay up,sertifika
lay up with,yatarak tedavi olmak
layer up,Kat kat giyin
laze about,tembellik etmek
laze around,tembellik etmek
lead by the nose,burnun ucundan tutmak
lead foot,ağır ayak
lead in,öncülük etmek
lead nowhere,hiçbir yere varmamak
lead off,başlamak
lead on,devam et
lead out,dışarı çıkarmak
lead someone to the altar,birini nikah masasına götürmek
lead someone up the garden path,yanıltmak
lead the line,hücum hattının önünde olmak
lead the way,Öncü olun
lead through,yönlendirmek
lead time,teslim süresi
lead to,yol açmak
lead up to,önceki
lead with one's chin,Aptalca davranmak
leading light,öncü kişi
leaf out,yaprak açmak
leaf through,karıştırmak
leak out,sızmak
lean and mean,zayıf ve güçlü
lean in,eğilmek
lean into,eğilmek
lean on,dayanmak
lean towards,eğilim göstermek
leap ahead,öne geçmek
leap at,atlamak
leap out,atlamak
leap to mind,aklıma gelmek
leap up,zıplamak
leaps and bounds,umak atak yapmak
learn one's lesson,dersini öğrenmek
learn one's place,yerini bilmek
learned profession,öğrenilmiş meslek
lease out,kiralık vermek
least of all,en azından
leave aside,bir kenara bırak
leave at the door,kapıda bırak
leave behind,arkada bırakmak
leave for dust,toza terk etmek
leave home,evden ayrılmak
leave it all on the field,Her şeyi ortaya koymak
leave it alone,ona dokunma
leave it at that,Şimdilik o kadar
leave it be,bırak
leave it out,bırak
leave me alone,Beni yalnız bırak
leave no crumbs,Hiç kırıntı bırakmamak
leave no stone unturned,taşı üstüne taş bırakmamak
leave off,bırakmak
leave on,açık bırakmak
leave out,hariç bırakmak
leave over,artırmak
leave someone at the altar,düğün salonunda terk etmek
leave someone high and dry,yalnız bırakmak
leave someone holding the baby,sorunla baş başa bırakmak
leave someone in the dust,yeni bırakmak
leave someone in the lurch,zor durumda bırakmak
leave someone no choice,kişiye seçenek bırakmamak
leave someone out in the cold,soğukta bırakmak
leave someone to their fate,kaderine terk etmek
leave someone to their own devices,kişiyi kendi haline bırakmak
leave something to be desired,İstenilen düzeyde değil
leave the ball in someone's court,kararı onlara bırakmak
leave the door open,Kapıyı açık bırak
leave the nest,yuvasını terk etmek
leave things alone,işleri bırakın
leave things be,şeyleri olduğu gibi bırak
leave to the imagination,hayal gücüne bırakmak
lede to kum,öncüden kuma
left hook,sol kroşe
left turn,sola dönüş
left-handed compliment,Solak iltifat
leg around,bacak etrafından
leg out,bacağı uzatmak
leg over,bacak üzerinden
leg up,destek
legal beagle,hukuk uzmanı
legal duty,yasal yükümlülük
legal eagle,hukuk uzmanı
legally binding,hukuki olarak bağlayıcı
legend in one's own lifetime,Kendi döneminde efsane olmak
legend in one's own lunchtime,öğle yemeği molasında efsaneleşmek
lemon law,tüketici hakları
lend a hand,yardım etmek
lend an ear,dikkatle dinlemek
lend itself to,uygun olmak
lend somebody a hand,el vermek
length and breadth,uzunluk ve genişlik
lengthen down,aşağı doğru uzat
lengthen out,uzatmak
lengthen up,uzatmak
les jeux sont faits,oyun bitti
less is a bore,Azlık sıkıcıdır
less is more,daha az daha iyidir
less than nothing,hiçbir şeyden daha az
lesser of two evils,iki kötünün daha az kötüsü
lessons learned,edinilen dersler
let a sleeping dog lie,uyuyan köpeği uyandırma
let a thousand flowers bloom,Bin çiçek açsın
let alone,hele ki
let bygones be bygones,geçmişi unut
let down,üzmek
let drive,sürüşe izin ver
let fly,uçur
let George do it,George'a yaptırın
let go and let God,Teslim ol ve Tanrı'ya bırak
let in,içeri almak
let in on,içeri almak
let into,içeri bırakmak
let it all hang out,her şeyi olduğu gibi bırak
let it alone,ona dokunma
let it be,olsun
let it snow,kar yağsın
let loose,serbest bırakmak
let me count the ways,sayıları saymamı istiyorum
let me see,göster
let me tell you,sana bir şey anlatayım
let nature take its course,doğanın akışına bırak
let off,serbest bırakmak
let on,açık bırakmak
let one go,serbest bırakmak
let one off,serbest bırakmak
let one's fingers do the walking,parmaklarınızı hareket ettirin
let one's hair down,saçını salmak
let oneself go,kendini bırakmak
let out,serbest bırakmak
let past,geçsin
let sleeping dogs lie,uyuyan köpekleri uyandırmayın
let slide,kaymayı kabul et
let slip,kaçırmak
let slip something,bir şeyin farkına varmak
let someone down gently,Yavaşça hayal kırıklığına uğratmak
let someone go,bırakmak
let someone have it,başkasına vermek
let something slip,bir şeyin ağzından kaçması
let that sink in,Bunu iyice düşünün
let the buyer beware,alıcıyı bilgilendirin
let the dog see the rabbit,köpeğin tavşanı görmesini sağla
let the matter drop,konuyu kapatın
let them eat cake,onları pasta yesinler
let there be light,ışık olsun
let things alone,şeyleri olduğu gibi bırak
let things be,işleri bırak
let this cup pass from me,bu kadehi benden uzak tut
let through,geçirmek
let up,serbest bırakmak
let us count the ways,sayıları sayalım
let us go,gidelim
let us see,görelim
let well alone,dokunmayın bozmayın
let's be having you,seni görmek isteriz
let's face it,gerçekleştiği gibi
let's get the party started,partiyi başlatalım
let's get this party started,Bu partiyi başlatalım
let's go,gidelim
let's go Brandon,Brandon gidiyor
let's have it,Hadi bakalım
let's hear it for someone,biri için alkışlayalım
let's know,öğrenelim
let's not and say we did,yapmayın ve yaptık gibi davranın
let's roll,hadi gidelim
let's say,diyelim ki
let's see,görelim
letters after one's name,ünvanlar
level best,en iyi şekilde
level down,seviye düşürmek
level off,düzeltmek
level out,düzeltmek
level to the ground,yerle bir etmek
level up,Seviye yükseltmek
level with,aynı seviyede
lex dubia non obligat,Belirsiz yasa bağlamaz
lexically scoped,kelimelik kapsamlı
lez out,çıkar
lez up,yukarı çık
liar liar pants on fire,yalan söyleyenin pantolonu tutuşur
lib out,serbest bırak
libel chill,sakinlik
licence to print money,Para basma yetkisi
lick and a promise,bir öpücük ve bir söz
lick into shape,şeklini alması
lick log,dilini çıkarmak
lick my balls,senin bacaklarını yalayabilirim
lick one's chops,ağzını şapırdatmak
lick one's lips,dudaklarını ıslatmak
lick one's wounds,yaralarını sarmak
lick out,diliyle temizlemek
lick someone's ass,aşağılık davranmak
lick someone's balls,birinin yumurtalarını yalamak
lick the pants off,rakipten üstün olmak
lick up,emmek
lie above,üstünde olmak
lie ahead,önümüzde olmak
lie along,uzanmak
lie around,yatar kalkar
lie at someone's door,Birinin kapısına yatmamak
lie back,arkaya yaslan
lie back and think of England,arkanıza yaslanın ve İngiltere'yi düşünü…
lie before,önünde yalan söyle
lie behind,arkasında olmak
lie by,yanında yat
lie down,yatmak
lie ill in one's mouth,ağzında bir şeyler olmak
lie in,yatmak
lie in one's throat,boğulmak
lie in wait,pusuya yatm
lie low,sakinleşmek
lie off,uzakta durmak
lie over,üstüne yatmak
lie through one's teeth,Ağzından laf çıkarmak
lie to,yalancılık yapmak
lie upon,yatmak üzerine
lie with,yatakta olmak
lies beget more lies,Yalanlar daha fazla yalan doğurur
life and limb,can ve mal
life and soul of the party,partinin canı
life goes on,hayat devam eder
life happens,hayat böyle
life imitates art,hayat sanatı taklit eder
life is short,hayat kısa
life is too short,hayat çok kısa
life is what you make it,Hayat sizin onu nasıl şekillendirdiğiniz…
life of its own,Kendi başına bir yaşam
life of Riley,rahat bir hayat
life of the party,partinin neşesi
life off,hayattan kopma
life's a bitch,Hayat bir işkence
life's too short,Hayat çok kısa
lift a finger against,bir şey yapmamak
lift all boats,Herkesin refahını artırmak
lift and shift,taşımak ve çalıştırmak
lift down,aşağı indirme
lift off,kalkış
lift one's game,performansı yükseltmek
lift one's hand against,kalkışmak
lift someone's spirits,moralini yükseltmek
lift the lid on something,Bir şeyi açığa çıkarmak
lift up,kaldırmak
light a fire under,bir şeyi hızlandırmak
light along,boyunca
light as air,hafif gibi
light at the end of the tunnel,Tünelin sonunda bir ışık
light bucket,ışıklı kova
light down,hafif tutmak
light in the loafers,mokasenlerdeki ışık
light into,içeri
light of one's life,hayatının anlamı
light off,Işık kapalı
light on,açık
light out,ışıklar söndü
light skirt,Hafif etek
light someone's ass up,birini kızdırmak
light the blue touchpaper,mavi düğmeye basmak
light up,parlatmak
light up a room,Bir odayı aydınlatmak
light upon,ışık tutmak
light-bulb moment,Aydınlanma anı
lighten someone's purse,cebini boşaltmak
lighten up,rahatla
lightning fast,çok hızlı
lightning in a bottle,şişeye hapsedilmiş yıldırım
lightning never strikes twice,şimşek iki kere aynı yere düşmez
lightning strike,yıldırım düşmesi
lights out,ışıkları kapat
like a bag of ferrets,sincap torbası gibi
like a bat out of hell,çok hızlı bir şekilde
like a big dog,Büyük bir köpeğe benzer şekilde
like a bitch,bir orospu gibi
like a bitch on heat,ısıda olan bir dişi köpek gibi
like a boss,usta gibi
like a bug to a zapper,bir böceğin elektrikli sinek yakalayıcıy…
like a bull at a gate,Kapıya çarpan boğa gibi
like a champ,bir şampiyon gibi
like a charm,kolayca
like a chicken with no head,Kafası olmayan bir tavuk gibi
like a chicken with the pip,yumurtadan çıkmaya çalışan civciv gibi
like a demon,şeytan gibi
like a dog on heat,isli
like a dog with two dicks,iki pençeli köpek gibi
like a dog with two tails,iki kuyruklu köpek gibi
like a dose of salts,tuzlu bir doz gibi
like a dream,rüya gibi
like a drowned rat,ıslanmış bir fare gibi
like a duck takes to water,tavşan gibi suya atlamak
like a duck to water,içine su gibi girmek
like a fart in church,Kilisede birinin bağırması gibi
like a hawk,kart gibi
like a headless chicken,kafası kopmuş tavuk gibi
like a headless chook,kafası kopmuş tavuk gibi
like a hole in one's head,ağzından laf düşürmemek
like a hole in the head,başa bela
like a hot knife through butter,Tereyağının içinde bir bıçağın gibi
like a kid at Christmas,Noel sabahı gibi
like a kid on Christmas morning,Noel sabahı gibi
like a knife through butter,Tereyağının içine bıçak batırır gibi
like a lamb to the slaughter,kuzu gibi kurban yerine
like a man,erkek gibi
like a man possessed,bir deli gibi
like a martin to his gourd,bir martin gibi kabuğuna
like a martin to its gourd,bir serçenin kabak çiçeğine olan bağlılı…
like a million bucks,çok iyi
like a million dollars,milyon dolarlık
like a million pounds,yaklaşık bir milyon pound
like a monkey on a stick,bir sopaya tutturulmuş maymun gibi
like a moth to a flame,ateşe düşen kelebek gibi
like a moth to flame,ateşe düşen kelebek gibi
like a moth to the flame,ateşe düşen kelebek gibi
like a mother hawk,anne kartal gibi
like a pakapoo ticket,bir pakapoo bileti gibi
like a phoenix from the ashes,kül yığınından yükselen bir feniksi gibi
like a raped ape,tecavüze uğramış bir maymun
like a rat up a drain,bir lağım deliğinden yukarı tırmanan bir…
like a rat up a drainpipe,bir lağım borusunun içindeki fare gibi
like a ripe plum,olgun bir şeftali gibi
like a scalded cat,yanmış kedi gibi
like a scalded dog,yanmış köpek gibi
like a shot,çok hızlı bir şekilde
like a stuck pig,yapışkan bir domuz gibi
like a ton of bricks,çok sert bir şekilde
like a train,bir tren gibi
like a wet weekend,Islak bir hafta sonu gibi
like a wolf on the fold,kovukta bir kurt gibi
like all possessed,tümün aksine
like anything,her şeye benziyor
like atomic clockwork,atomik hassasiyetle
like Blackpool Illuminations,Blackpool Işıklandırmaları gibi
like breaking sticks,dalları kırmak
like buggery,pislik gibi
like butter on a bald monkey,çok kolay
like candy,şeker gibi
like cats and dogs,kedi ve köpek gibi
like cheese at fourpence,dört pensiye peynir gibi
like clockwork,saat gibi
like crack,tıpkı
like crazy,deli gibi
like father like son,babasına çekmiş
like ferrets in a bag,torba içindeki sincaplar gibi
like flies on a rib roast,kemik kavrulmuş etin üzerinde sinekler g…
like flies on pie,pastaya yapışan sinekler gibi
like fuck,çok saçma
like fudge,füme gibi
like fun,eğlenceli
like fury,öfkeyle
like gangbusters,çok hızlı
like grease through a goose,kazın içinden yağ gibi geçmek
like grim death,korkunç ölüm
like heck,kesinlikle
like hell,kesinlikle değil
like hey-go-mad,deli gibi
like hot cakes,Çok hızlı
like I care,Umrumda değil
like I cared,umrumda değilmiş gibi
like it or leave it,Beğen veya beğenme
like it or lump it,Beğen ya da kabullen
like it's going out of fashion,modası geçiyormuş gibi
like it's going out of style,modası geçiyormuş gibi
like lightning,gibi yıldırım
like mad,çok kızgın
like magic,sihir gibi
like merry hell,şeytani bir şekilde
like molasses,akçaağaç şurubu gibi
like molasses in January,Ocak ayında pekmez gibi
like mushrooms,mantar gibi
like new,Sıfır gibi
like no other,eşsiz
like of,gibi
like old boots,eski botlar gibi
like one means it,bunun anlamı budur
like one o'clock,bir gibi
like one o'clock half struck,bir buçuk gibi
like one owns the place,sanki kendi yeriymiş gibi
like one's life depended on it,ömrüne bağlıymış gibi
like painting the Forth Bridge,sonsuz bir iş
like peas and carrots,tuzla biber gibi
like peas in a pod,aynı kalıptan çıkma
like rats from a sinking ship,batırılan gemiden sıyrılan fareler gibi
like rats in a sack,torpuzda sıkışmış fareler gibi
like riding a bike,Bisiklet sürmek gibi
like robbing a baby,bir bebeği soymak gibi
like shelling peas,bezelye ayıklamak
like shit through a goose,Çok kötü
like shooting fish in a barrel,Tıpkı varil içindeki balıklara ateş etme…
like sin,günah gibi
like smack,tokatlamak
like someone owns the place,Sanki buranın sahibiymiş gibi
like speaking to a brick wall,duvara konuşmak
like speaking to a wall,Duvara konuşmak gibi
like stink,berbat
like stink on shit,bok gibi
like strange bulldogs,garip bulldoglar gibi
like taking candy from a baby,Çocuktan şeker almak gibi
like talking to a brick wall,duvara konuşmak
like talking to a wall,Duvara konuşmak gibi
like that,Şöyle gibi
like the bottom of a birdcage,Bir kafesin alt kısmı gibi
like the clappers,çok hızlı
like the devil,şeytan gibi
like the man said,adamın dediği gibi
like the man says,adamın dediği gibi
like the new time,yeni zamana göre
like the wind,rüzgar gibi
like the wrath of God,Tanrı'nın öfkesi gibi
like there is no tomorrow,ymiş gibi
like turkeys voting for Christmas,Kendilerine zarar veren bir şeyi destekl…
like two peas in a pod,çok benzerler
like water,su gibi
like water off a duck's back,Tavuğun sırtından su gibi kayıp gitmek
like white on rice,beyazın pilava karışması gibi
like winkin,göz kırpmak gibi
like winking,göz kırpar gibi
likker up,temizlemek
limber up,ısınmak
limit out,kotaşıp
limp in,topallamak
line in,içine
line in the sand,kesin sınır
line of attack,saldırı hattı
line of country,kırsal bölge
line of fire,Ateş hattı
line of questioning,soru sorma biçimi
line off,hattı kapat
line one's pockets,cebini doldurmak
line out,çizmek
line someone's pockets,cebini doldurmak
line up,sıraya girmek
line up behind,arkasına sıra olmak
line up one's ducks,işleri yoluna koymak
linearly dependent,doğrusal olarak bağımlı
linearly independent,lineer olarak bağımsız
linger on,uzun süre kalmak
linger out,uzamak
link in,içeri
link out,çalışmıyor
link up,bağlantı kurmak
lion's den,aslanın inği
lion's share,aslan payı
lip off,dudak kapat
lip out,dudak dışarı
lip service,lafselop
liquid courage,cesaret verici içecek
liquor up,sarhoş ol
listen after,dinledikten sonra
listen in,dinlemek
listen out,dikkatlice dinlemek
listen to you,sana katılmak
listen up,dikkatlice dinleyin
little emperor,küçük imparator
little girl,küçük kız
little hand,küçük el
little head,küçük kafa
Little Joe from Kokomo,Kokomo'dan Küçük Joe
little mad,biraz kızgın
little old,küçük yaşlı
little pitcher,küçük sürahi
little pitchers have big ears,Küçükler duyar, büyükler anlar
little pitchers have long ears,dedikoduyu çabuk duyarlar
little shit,pislik
little strokes fell great oaks,Küçük darbeler bile büyük meşeleri devir…
live a lie,bir yalan içinde yaşamak
live and die by,yaşamak ve ölmek için
live and learn,yaşayıp öğrenmek
live and let live,yaşayın ve başkalarını da yaşatın
live beyond one's means,imkanlarının üzerinde yaşamak
live down,yaşamak
live down to,hayal kırıklığına uğratmak
live for,için yaşamak
live in,ikamet etmek
live in sin,günah içinde yaşamak
live in the past,Geçmişte yaşamak
live in the shadow of,gölgesinde yaşamak
live it up,eğlenmek
live large,bol eğlenmek
live long and prosper,uzun yaşa ve esen kal
live off,geçinmek
live on,yaşamak
live on the edge,uçurumun kenarında yaşamak
live one,yaşamak
live out,yaşamak
live over the brush,fırçanın üzerinde yaşamak
live paycheck to paycheck,maaşla geçinmek
live rent-free in someone's head,birinin aklında sürekli yaşamak
live rent-free in someone's mind,birinin zihninde yaşamaya devam etmek
live rough,zorlu bir hayat sürmek
live the dream,hayali yaşamak
live through,atlatmak
live to tell the tale,hayatta kalıp hikayesini anlatmak
live together,birlikte yaşamak
live up,beklentileri karşılamak
live with,birlikte yaşamak
live with oneself,kendiniyle yaşamamak
liven up,canlandırmak
living death,ölü gibi yaşamak
living end,yaşamın sonu
living proof,kanıt
load down,aşağı yükle
load of shit,saçmalık
load out,donatmak
load up,yüklemek
load up on,bol bol almak
loaded for bear,hazır ol
loaded language,yüklü dil
loaded word,yüklü kelime
loaf about,gezmek
loaf around,tembellik etmek
lobby out,lobi dışı
lobby up,toplanmak
locally compact,yerel olarak kompakt
locally finite,yerel olarak sonlu
locally indicable,yerel olarak belirtilebilir
lock and key,kilit ve anahtar
lock and load,Hazır ol ve ateş et
lock away,kilit altında tutmak
lock down,karantina
lock horns,tartışmak
lock in,kilitlemek
lock into,kilitlemek
lock off,kapatmak
lock on,kilitlenme
lock out,dışarı atmak
lock through,geçiş sağlamak
lock under,kilidin altında
lock up,kilitlemek
locked up,kilitli
locker room humor,Soyunma odası esprileri
locks only keep honest people honest,Kilitler sadece dürüst insanları dürüst …
log in,giriş yapmak
log into,giriş yapmak
log off,çıkış yapmak
log on,giriş yapmak
log onto,giriş yapmak
log out,çıkış yapmak
loll about,eğlenmek
loll around,tahammül etmek
lolly up,tatlı
lone gunman,yalnız saldırgan
lone it,bırakın
Lone Ranger,Yalnız Atlı
long arm,uzun kol
long arm of the law,adaletin elinin uzanması
long betwixt the fingers,parmakların arasından süzülen
long drink,uzun içecek
long finger,uzun parmak
long for,özlem duymak
long fuse,uzun fitil
long green,uzun yeşil
long hair don't care,Uzun saç sorun değil
long hour,uzun saat
long in coming,Geç gelmek
long in the tooth,yaşlı
long long ago,çok çok önce
long odds,uzun olasılıklar
long off,uzak dur
long pork,insan eti
long row to hoe,yapılacak çok iş var
long run,uzun mesafe
long screwdriver,uzun tornavida
long shot,uzak ihtimal
long since,çok uzun zaman önce
long story,uzun hikaye
long story short,özetle
long time,uzun süre
long time no hear,Çok uzun zamandır görüşemedik
long time no see,Çok uzun zaman geçti
look after,bakmak
look ahead,ileriye bakmak
look ahead to,beklemekle
look ahere,dikkat et
look around,Etrafına bak
look askance,Şüpheyle bakmak
look at,bak
look at it this way,Bunu şu şekilde düşünün
look away,yana bakın
look back,geriye bakmak
look before one leaps,İki defa düşün bir defa zıpla
look beyond,ötesine bakmak
look both ways,her iki yöne de bak
look down,aşağı bak
look down on,küçük görmek
look down one's nose,burnu havada olmak
look down upon,küçük görmek
look for,ara
look for a dog to kick,dövmek için bir köpek ara
look for number one,bir numara ara
look forward to,beklemekle birlikte
look here,buraya bak
look in,içine bakmak
look in on,ziyaret etmek
look into,incelemek
look off,bakmak
look on,bakmak
look on as,izlemek
look on the bright side,olayların iyi yanına bakın
look on the dark side,kötü tarafı düşün
look out,dikkat et
look out for number one,kendine bak
look out for someone,birinin peşinde olmak
look over,gözden geçirmek
look over one's shoulder,omuzunun üzerinden bakmak
look past,göz ardı et
look right through,içinden geçmek
look round,etrafı dolaşmak
look the other way,gözlerini başka yöne çevirmek
look the part,o roleye uygun olmak
look through,içinden geçmek
look through one's fingers,Parmaklarının arasından bakmak
look to,bakmak
look up,ara
look up and down,yukarı aşağı bakmak
look up to,hayran olmak
look upon,bakmak
look what the cat dragged in,İşte kedi ne getirdi
look what the cat drug in,bak ne getirdi kedi
look what the cat's dragged in,bak ne getirdi kedi
look what the wind blew in,rüzgar ne getirdi
look who the cat dragged in,İşte kimin geldi
look who's talking,bak kim konuşuyor
lookers-on see most of the game,Seyirciler maçın çoğunu görür
looks can be deceiving,Görünüşler yanıltıcı olabilir
loom ahead,görünmekte olan
loom large,öne çıkmak
loop in,döngüye dahil et
loop off,döngüyü kapat
loop up,ara
loose cannon,dengesiz kişi
loose end,çözülmemiş sorun
loose ends,çözülmemiş sorunlar
loose lip,söze düşkün
loose lips sink ships,Ağızın bozulursa işler ters gider
loose off,gevşetmek
loose tongue,sözü fazla olan
loosen someone's lips,Ağzını açmasını sağlamak
loosen someone's tongue,Söze başlamasını sağlamak
loosen the apron strings,kontrolü bırakmak
loosen the purse strings,harcamaları artırmak
loosen up,gevşemek
lop down,yığılmak
lop off,kesmek
lord it over,hakim olmak
Lord knows,Tanrı bilir
Lord love you,Tanrı aşkla kutsusun
lord of gingerbread,zencefilli kurabiye lordu
lord of the flies,Uçkunların Efendisi
Lord only knows,Tanrı bilir
lord over,egemen olmak
Lord rest his soul,Tanrı ruhunu dinlendirsin
Lord's Supper,Son akşam yemeği
lose count,sayıyı kaçırmak
lose face,rezil olmak
lose ground,kaybetmek
lose it,kontrolünü kaybetmek
lose one's battle,savaşını kaybetmek
lose one's bottle,cesaretini kaybetmek
lose one's cool,sakinliğini kaybetmek
lose one's head,akıllanmamak
lose one's heart,kalbini çalmak
lose one's mind,akıllanmak
lose one's shirt,gömleğini kaybetmek
lose one's shit,Çıldırmak
lose one's temper,Sakınmak
lose one's tongue,düşmek
lose one's touch,formunu kaçırmak
lose one's virginity,namusunu kaybetmek
lose one's wits,akılını yitirmek
lose out,kaybetmek
lose patience,sabır kaybetmek
lose sight of something,bir şeyi gözden kaçırmak
lose the bell,çanını kaybetmek
lose the bubble,kabarcığı kaybetmek
lose the number of one's mess,sayısını kaybetmek
lose the plot,konuyu kaçırmak
lose touch,ile iletişimini kesmek
lose track,kaybetmek
loss and gain are brothers twain,kayıp ve kazanç birbirinin kardeşidir
loss of face,itibar kaybı
lost cause,kayıp dava
lost errand,kayıp iş
lost for words,Kelime bulamamak
lost in the shuffle,karmaşada kaybolmak
lost in translation,Çeviride kaybolmak
lost on,kayıp
lost to the world,dünyadan uzak
lost to time,zamanın kaydettiği
lotion up,losyon sürmek
loud and clear,açık ve net
louse around,tembellik etmek
louse up,bozmak
love at first sight,İlk görüşte aşk
love away,uzaklaşmak
love buzz,aşk heyecanı
love cannot be forced,Aşk zorla olmaz
love conquers all,aşk her şeyi yener
love goggles,aşk gözlüğü
love is blind,Aşk kördür
love is love,aşk aşktır
love it or lump it,Ya sev ya da kabullen
love muscle,aşk kası
love nest,aşk yuvası
love of one's life,hayattaki aşkı
love on,aşık olmak
love up,sevgi göstermek
love ya,Seni seviyorum
love you,Seni seviyorum
low and slow,Yavaş ve sakin
low blow,alaycı davranış
low on the totem pole,hiyerarşide aşağıda
low road,kolay yol
low-hanging fruit,kolay lokma
lower one's sights,hedeflerini düşürmek
lower the bar,Çubuğu düşür
lower the boom,acı haberi vermek
lube up,Yağlamak
lubrication payment,rüşvet
luck in,içinde şans
luck into,şansa bağlı
luck of the draw,şans eseri
luck out,şanslı olmak
luck through,şansla
lucky break,şanslı bir an
lucky dip,şanslı çekiliş
lucky dog,şanslı köpek
lucky duckie,şanslı ördek
lucky duckling,şanslı civciv
lucky ducky,şanslı ördek
lucky star,şanslı yıldız
lucky you,şanslısın
lucus a non lucendo,ışık almayan yer
luff up,yükseltmek
lug in,takmak
lug out,Çekmek
lumber with,birlikte
lump in one's throat,Boğazda yumru
lump it,kabullenmek
lump to one's throat,Boğaza takılmak
lump together,bir araya getirmek
lump up,şişmek
lunatics have taken over the asylum,deli evini deliler ele geçirdi
lunch in,öğle yemeği
lunch out,dışarıda öğle yemeği
luncheon truncheon,öğle yemeği sopa
lush around,etrafı yemyeşil
lush it up,süslemek
lush up,canlandırmak
lust after,hasret duymak
ma non troppo,çok değil
macho up,erkekleşmek
mack down,cezalandırmak
mack on,başkasıyla flört etmek
mack out,uyumak
mad money,ekstra para
made for each other,birbirine uygun
made for life,yaşam için üretilmiş
made in China,Çin malı
made in Japan,Japon malı
made in the shade,gölgede üretildi
made of sterner stuff,daha sert maddeden yapılmış
made to fade,solmaya bırakılmış
magic asterisk,büyülü yıldız
magic box,sihirli kutu
magic bullet,mucizevi çözüm
magic touch,büyülü dokunuş
magic up,ortaya çıkarmak
mail it in,postayla gönderin
main character,baş karakter
main event,ana etkinlik
main man,ana adam
Main Street,Ana cadde
major in,bölüm
make a big thing out of,abartmak
make a break for it,kaçmak
make a career of,kariyer yapmak
make a case,dava açmak
make a case for,savunmak
make a clean breast,gerçeği açıklamak
make a comeback,dönüş yapmak
make a day of it,günü değerlendirin
make a difference,fark yaratmak
make a face,sırıtmak
make a fist of,yumruk yapmak
make a fool of,aptal yapmak
make a fuss,gürültü çıkarmak
make a go of,başarmak
make a grab,yakalamak
make a killing,çok para kazanmak
make a leg,bacak yapmak
make a light,bir ışık yak
make a living,geçim sağlamak
make a meal of,yemek yapmak
make a mess of something,bir şeyi berbat etmek
make a mockery of,alay etmek
make a monkey out of,alay etmek
make a move,hamle yapmak
make a name for oneself,Kendine bir isim yapmak
make a night of it,Geceyi değerlendirin
make a noise in the world,dünyada ses getirmek
make a pig of oneself,kendini beğenmek
make a pig's ear of,berbat etmek
make a point,bir noktayı vurgulamak
make a poor fist of,başarısız olmak
make a rabbit bite a bulldog,bir tavşanı bir bulldogun ısırmasını sağ…
make a return,iade etmek
make a run for it,kaçmak
make a scene,sağma
make a show of oneself,Kendini göstermek
make a spectacle of oneself,kendini rezil etmek
make a splash,büyük etki yaratmak
make a start,başlamak
make a statement,bir açıklama yapmak
make a Virginia fence,Virginia çitini yap
make a virtue of necessity,zorunluluğu erdem haline getirmek
make after,ardından yapmak
make against,karşı koymak
make all the difference,çok fark yaratmak
make amends,tazmin etmek
make an appearance,görünmek
make an ass of,aptalca davranmak
make an example of,bir örnek oluşturmak
make an exhibition of oneself,kendini rezil etmek
make an honest woman,dürüst bir kadın yapmak
make away,kaçmak
make away with,çıkarmak
make baby Jesus cry,Bebek İsa'yı ağlatmak
make beautiful music together,Birlikte güzel müzik yapın
make believe,hayal etmek
make biscuits,bisküvi yapmak
make bones about,tartışmak
make book,kitap yapmak
make both ends meet,geçinip geçmek
make bricks without straw,Samandan yoksun tuğla yapmak
make do,iç etmek
make do and mend,tamir etmek ve onarmak
make down,aşağı indirmek
make ends meet,geçinmek
make every effort,elinden geleni yapmak
make eye contact,Göz teması kurmak
make faces,yüz yapmak
make for,yönelmek
make friends,arkadaş edinmek
make from scratch,sıfırdan yapmak
make fun of,alay etmek
make game of,alay etmek
make garden,bahçe yapmak
make good,telafi etmek
make good on,sözünü tutmak
make good on something,sözünü tutmak
make ground,yer edinmek
make happen,gerçekleştirmek
make hard work of,zorlamak
make haste slowly,Acele et ama yavaş
make hay while the sun shines,Güneş parıldarken saman yap
make head or tail of,anlam çıkarmak
make headway,ilerleme kaydetmek
make heavy going of,zorlaştırmak
make heavy weather,zor hava koşulları
make history,tarih yazmak
make interesting,İlginç hale getirmek
make into,dönüştürmek
make it do or do without,yap veya vazgeç
make it interesting,İlginç hale getir
make it make sense,Anlamlı hale getir
make it rain,yağmur yağdırmak
make it snappy,Hızlı ol
make it so,Bunu sağla
make it up to,telafi etmek
make light of,hafif görmek
make light work of,kolaylıkla başarmak
make like a banana and split,ayrılın
make like a tree and leave,git ve gitme
make love to the camera,Kameraya poz vermek
make matters worse,Durumu daha da kötüleştirmek
make me,yap
make mention of,bahsetmek
make mincemeat out of,ezmek
make money,para kazanmak
make muffins,muffin yapmak
make news,haber yapmak
make no bones about,açıkça söylemek
make no mistake,yanılmayın
make noise,gürültü çıkarmak
make of,yapılmak
make off,kaçmak
make off with,kaçırmak
make one's bow,eğilmek
make one's hand,elini kullanmak
make one's mark,iz bırakmak
make one's presence felt,varlığını hissettirmek
make one's way,yolunu bulmak
make oneself at home,Kendini rahat hisset
make oneself clear,Kendini açık hale getirmek
make or break,başarıya götüren veya başarısızlığa yol …
make out,anlamak
make out like a bandit,haydut gibi davranmak
make out of,yapmak
make out with,öpüşmek
make over,yenilemek
make peace,barış yapmak
make pigs and whistles of,alay etmek
make quick work of,kolayca başa çıkmak
make room,yer açmak
make sense,mantıklı olmak
make shit of,anlamını yitirmek
make short work of,kolayca başa çıkmak
make somebody's day,Birinin gününü güzelleştirmek
make someone's blood boil,Kan kaynatmak
make someone's day,Birinin gününü güzelleştirmek
make someone's ears sad,Kulakları üzmek
make someone's head spin,başını döndürmek
make someone's jaw drop,Ağzını açık bırakmak
make someone's skin crawl,Tirnaklarını geçirmek
make someone's teeth itch,dişleri sızlatmak
make something of oneself,kendini geliştirme
make sport of,alay etmek
make strange,garip hale getirmek
make strides,ilerleme kaydetmek
make the bald man cry,kel adamı ağlat
make the best of,En iyisini yapmak
make the best of one's way,en iyi şekilde ilerlemek
make the best of something,En iyisini yapmak
make the call,arama yap
make the case for,savunmak
make the cut,eleme aşamasını geçmek
make the difference,farkı yaratmak
make the grade,başarmak
make the headlines,Manşetlere girmek
make the most of,en iyi şekilde kullanmak
make the move,hamleyi yapmak
make the point,noktayı vurgulamak
make the running,koşmayı başlat
make the weather,havayı etkilemek
make the welkin ring,gökleri inletmek
make the world go around,dünyayı döndürmek
make time,zaman ayırmak
make time with,beraber vakit geçirmek
make to order,özel sipariş üzerine
make to stock,stoka dönüştürmek
make tracks,hareket et
make tracks for,yola koyulmak
make trial of,deneme yapmak
make up,makyaj yapmak
make up for lost time,Kaybedilen zamanı telafi etmek
make up one's mind,karar vermek
make up the numbers,sayıları uydurmak
make up to,telafi etmek
make waves,dalga yaratmak
make way,yer açın
make with,birlikte yapmak
make yourself at home,Kendinizi rahat hissedin
makes you think,düşündürüyor
mama's boy,anneden çok etkilenen erkek
mama's girl,annesinin kızı
man about town,şehirde söz sahibi kimse
man among men,insanların arasında bir insan
man bites dog,köpek insanı ısırdı
man down,düşmüş durumda
man in the street,sokaktaki insan
man is a wolf to man,insan insana bir kurt gibi
man it out,yap
man of few words,Az konuşan adam
man of parts,çok yönlü insan
man of the people,halkın adamı
man on the street,sokaktaki insan
man overboard,denize düşen
man plans and God laughs,İnsan plan yapar, Tanrı güler
man the fort,nöbet tutmak
man up,erkek ol
manage down,azaltmak
manage out,işten çıkarma
manage up,üst yönetime rapor vermek
manage with,başarmak
manners maketh man,Davranış insanı tanımlar
manoeuvre the apostles,haverileri yönlendirmek
many a mickle makes a muckle,Küçük şeylerin bir araya gelmesi büyük b…
many a time and oft,birçok kez
many hands make light work,İşbirliğiyle işler kolaylaşır
many happy returns,nice mutlu yıllar
many moons ago,çok uzun zaman önce
many moons from now,ileride
many such cases,böyle birçok durum
many thanks,çok teşekkürler
map onto,eşlemek
map out,planlamak
march on,yürüyüş yapmak
march past,geçit töreni
mare's fart,at denizindeki gaz
marginalize out,kenara itmek
marinate on,düşünmek
mark as,işaretlemek
mark down,indirim yapmak
mark down as,işaretlemek olarak
mark my word,sözümü unutma
mark my words,sözümü dinle
mark off,işaretlemek
mark one's own homework,ödevini kendin düzelt
mark out,işaretlemek
mark someone's card,birinin kartını işaretlemek
mark up,fiyatınıartırmak
marriage bed,düğün yatağı
marriage penalty,evlilik cezası
marry in,içinde evlenmek
marry into,evlenmekle
marry me,Beni evlendir
marry off,evlendirmek
marry out,evlenmek
marry the ketchup,ketçabı evlenmek
marry up,evlenmek
marshal together,bir araya getirmek
mash it up,karıştır
mash up,karıştırmak
mask off,maskeyi çıkarmak
mask up,Maske tak
mass destruction,kitlesel yıkım
massively parallel,yoğun paralel
Master John Goodfellow,Usta John Goodfellow
Master of the Universe,Evrenin Efendisi
master out,yayınlamak
master plan,ustalık planı
match made in heaven,cennetten gönderilmiş bir çift
match made in hell,cehennemde yazılmış bir aşk hikayesi
match up,uygun olmak
matter at hand,konu
matter of course,olağan şey
matter of fact,gerçekte
matter of life and death,hayat memat meselesi
matter of time,zaman meselesi
max out,azami seviyeye getirmek
may as well,olabilir
may God be my witness,Tanrı şahidim olsun
may I help you,Size yardımcı olabilir miyim
may I pass through,geçebilir miyim
May the 4th Be With You,4 Mayıs sanaolsun
may the Force be with you,Mayıs Gücü seninle olsun
may the Force be without you,Güç sizinle olsun
May the Fourth Be With You,Dördüncü gün sizinle olsun
may you live in interesting times,ilginç zamanlarda yaşayasınız
me gusta,beğeniyorum
me thinketh,ben düşünüyorum
me three,ben de
meal deal,yemek paketi
meal ticket,geçim kaynağı
meals on wheels,mobil yemek hizmeti
mean business,ciddiyim
mean machine,kötü makine
mean people suck,Kötü insanlar berbat
mean streak,kötü niyetli
mean the world to,çok önemli olmak
mean to,anlamına gelmek
meant to,kastetilmiş
measure for measure,ölçü ölçüye
measure off,ölçmek
measure out,ölçmek
measure swords with,kılıç dövüşmekle
measure the drapes,perde ölçülerini al
measure twice and cut once,Ölç, sonra kes
measure up,uygun olmak
meat market,kasap dükkanı
meat off,etinden ayırmak
meat on one's bones,kilolu olmak
meat on the bones,kemiklere yapışmış et
meat rack,et rafı
meat sweats,et yiyince oluşan terleme
media darling,medyanın gözdesi
medical out,tıbbi izin
medicine up,ilaçları kaldır
meet a sticky end,kötü bir sonla karşılaşmak
meet halfway,ortak bir noktada buluşmak
meet one's maker,ölüm
meet up,buluşmak
meet with,buluşmak
meeting of the mindless,akılsızların toplantısı
meeting of the minds,fikir birliği
mellow out,sakinleşmek
mellow yellow,sarımsı
melon head,karpuz kafalı
melt away,erimek
melt down,erime
melt in the mouth,ağızda eritir
melt into,erimek
melt out,erimek
melt up,erimek
member for Barkshire,Barkshire temsilcisi
meme on,mem paylaşımı
memory lane,hatıralar sokağı
mend fences,çitleri onarmak
mend one's ways,davranışlarını düzeltmek
mene mene tekel upharsin,Belirsiz
mental gymnast,zihinsel jimnastikçi
mentally challenged,zihinsel engelli
mentally ill,akıl hastası
mentally retarded,zihinsel engelli
merc up,merhaba
merchant of death,ölüm tüccarı
mercy bucket,şefkat kovası
mercy buckets,merhamet kovaları
mercy fuck,merhametle sikmek
mercy sake's alive,mercy sake yaşıyor
mere mortal,fani varlık
Merry Andrew,Palyaço
merry Christmas,Mutlu Noeller
merry dance,neşeli dans
merry men,neşeli adamlar
merry Xmas,Mutlu Noeller
mess about,oyuncak
mess around,şaklabokluk yapmak
mess of pottage,yulaf lapası
mess over,karıştırmak
mess up,bozmak
mess with,karıştırmak
metabolically challenged,metabolik sorunları olan
mete out,uygulama
methinks thou dost protest too much,Bana göre çok fazla savunma yapıyorsun
method to one's madness,deliliğe bir yöntem bulmak
mew up,miyavlamak
Mexican breakfast,Meksika kahvaltısı
mic drop,Mik düşürmek
mic up,mikrofon tak
micky off,Micky'nin ayrılması
microwave up,mikrodalgada ısıt
Midas touch,Altın dokunuş
middle for diddle,orta
middle of nowhere,kimsenin olmadığı yer
middle of the road,orta yol
might as well,belki de
might is right,güçlü olan haklıdır
might makes right,Hak güçle elde edilir
mighty oaks from little acorns grow,Küçük meşe palamutlarından büyük meşeler…
mike off,mikrofonu kapat
mike up,miklemek
mile a minute,dakikada bir mil
milieu control,ortam kontrolü
milk before meat,Önce süt sonra et
milk can,süt kutusu
milk drinker,süt içen
milk of human kindness,insanlık sütü
milk the clock,zamanı harcamak
mill about,değirmenlemek
mill around,etrafta dolaşmak
Miller of Dee,Dee değirmeni
milling machine,freze makinesi
million and one,bir milyon bir
mime out,taklit etmek
mince up,doğramak
mince words,sözleri kısaltmak
mind how you go,dikkatli ol
mind one's language,kelimelerine dikkat etmek
mind one's own business,kendine karışmamak
mind one's P's and Q's,huyarlı olmak
mind one's ps and qs,dikkatli olmak
mind out,dikkat et
mind the gap,boşluğa dikkat edin
mind the store,mağazayı açık bırakmak
mind you,dikkat et
mind your own beeswax,kendinize bakın
mind's ear,iç ses
mind's eye,zihnin gözü
miners' canary,madencilerin kullandığı serçe
mines and minerals,madenler ve mineraller
minor in,yan dal
minor miracle,küçük mucize
mint condition,sıfır gibi
misery enjoys company,Acı ekşi tatlanır
misery loves company,Acı çeken insan, başkasının da acı çekme…
misfortunes never come alone,Kötülükler tek başına gelmez
misfortunes never come singly,Kötülükler tek başına gelmez
miss off,eksik bırakmak
miss out,kaçırmak
Miss Priss,Aşırı çekingen kız
Miss Right,Doğru kişi
miss the forest for the trees,Ağaçları görüp ormanı kaçırmak
miss the mark,hedefe ulaşmamak
miss the memo,bilgiyi kaçırmak
miss the point,konuyu kaçırmak
miss the wood for the trees,Ormanı ağaçlar yüzünden göremiyor olmak
miss the woods for the trees,Ormanı ağaçlar yüzünden göremiyor olmak
Miss Wrong,Yanlış hanım
misses and kisses,öpücükler
missing stair,eksik basamak
mission accomplished,Görev tamamlandı
mission creep,görev kayması
mist over,sis bulutu
mist up,buharlaştırmak
mistake windmills for giants,devleriyle yel değirmenlerini karıştırma…
Mister Right,Doğru kişi
Mister Wrong,Yanlış adam
misters before sisters,Baylar önce hanımlardan önce
mists of time,zamanın sisleri
mitten onto,üzerine geçirmek
mix and match,karıştırıp eşleştir
mix apples and oranges,elma ve portakalı karıştır
mix down,karıştırmak
mix it up,karıştır
mix up,karıştırmak
mixed bag,karmaşık durum
mixed blessing,hem iyi hem kötü
mixed herbs,karışık baharatlar
mixed message,Çelişkili mesaj
mixed picture,Karışık tablo
mob up,temizlemek
mobilia sequuntur personam,Mobilyalar kişiye göre değişir
mock out,alay etmek
mock up,maket
mocking is catching,alay etmek bulaşıcıdır
modern as next week,birbirinden farklı
modern up,modernleştirmek
modest proposal,alçakgönüllü teklif
molehill mountaineer,tünel kazıcı dağcı
molon labe,Gel al
moment in the sun,güneşin altında bir an
moment of truth,gerçek an
mommy brain,anne beyni
Monday-morning quarterback,Eleştirmen
money can't buy happiness,Para mutluluğu satın alamayabilir
money cannot buy happiness,Para mutluluğu satın alamaz
money does not smell,para kokmaz
money does not stink,Para kokmaz
money doesn't grow on trees,Para ağaçta yetişmez
money for jam,çok para
money for old rope,boşuna para vermek
money has no smell,Paranın kokusu yoktur
money is no object,Para önemli değil
money makes the world go around,Para dünyayı döndürür
money makes the world go round,Para dünyayı döndürür
money pit,para tuzağı
money talks,Para konuşur
money talks and bullshit walks,Para konuşur saçmalık yürür
money's worth,paranın karşılığı
mong out,beklemek
monkey about,şaklabanlık yapmak
monkey around,maymunluk yapmak
monkey business,sahtekarlık
monkey paw,maymun pençesi
monkey up,maymunluk yapmak
monkey wrench,çıngırak anahtar
monkey's paw,maymunun patisi
monkeys humping a football,maymunların futbol topuna atlama eylemi
Monopoly money,Monopoly parası
month of Sundays,Pazar günleri
Moo U,İnek sesi
mooch off,parazitlik yapmak
moonlight and roses,ay ışığı ve gül
moonlight flit,ay ışığında dans
moor up,demirlemek
mop down,süpürmek
mop up,silmek
mope about,şikayet etmek
mope around,somurtmak
moral bankruptcy,ahlaki çöküş
moral high ground,ahlaki üstünlük
moral low ground,ahlaki olarak yanlış davranış
moral of the story,hikayenin özü
morally bankrupt,ahlaki olarak yozlaşmış
morbidly obese,şiddetli obez
more at eleven,saat on ikide daha fazla
more betoken,daha fazla anlam ifade etmek
more by token,token başına daha fazla
more confusing than a Rubik's cube,Rubik küpünden daha karmaşık
more cry than wool,yünden daha çok ağlama
more cushion for the pushin',daha fazla destek
more dollars than sense,aklı başında değil
more equal,daha eşit
more honored in the breach,ihlal edildiğinde daha çok saygı duyulan
more is more,daha çok daha iyidir
more like,daha çok
more like it,ona benzer
more money than brains,Parası aklı kadar fazla
more money than sense,Akılsızlıktan zengin
more often than not,çoğu zaman
more or less,artı veya eksi
more power to someone,bana güç ver
more than meets the eye,Göründüğünden daha fazlası
more than one bargained for,beklenenden fazlası
more than one cares to mention,bahsedilmek istenmeyen şeyler
more to the point,daha önemli olarak
more's the pity,ne yazık ki
morning person,sabah insanı
morris off,Morris ayrıldı
moss out,yosun
most an end,çoğunlukla bir son
mother hen,tavuk ana
Mother Hubbard,Anne Hubbard
mother lode,ocak
mother of all,en büyüklerinden
mother up,anne olmak
motion of someone's ocean,birinin okyanus hareketi
mount up,binmek
mouse around,fareyle gezinmek
mouse over,fareyle üzerine gelmek
mouth breather,ağız soluyan
mouth of a sailor,denizcinin ağzı
mouth off,ağzı boalıp konuşmak
mouth the words,kelimeleri dudaklarından çıkarmak
mouthful of marbles,ağız dolusu bilye
move about,Çevresinde hareket etmek
move ahead,ilerlemek
move along,İlerleyin
move around,Çevresinde hareket etmek
move away,uzaklaşmak
move back,geri çekil
move down,aşağı inmek
move furniture,Mobilya taşımak
move heaven and earth,gökleri yerleri inletmek
move house,taşınmak
move in,taşınmak
move in on,yakınlaşmak
move into,taşınmak
move it or lose it,Ya da kaybedersin
move off,uzaklaşmak
move on,devam et
move one's body,vücudunu hareket ettirmek
move out,taşınmak
move over,biraz yer aç
move someone to tears,Gözyaşı döktürmek
move the goalposts,Hedefi değiştirmek
move the needle,ilerleme sağlamak
move the yardsticks,ölçüleri kaydırın
move through the gears,vitesleri geçmek
move to,taşınmak
move together,birlikte hareket etmek
move up,ileri gitmek
move up in the world,hayatta yükselmek
move with,birlikte hareket etmek
move with the times,zamana ayak uydurmak
movie jail,film hapishane
mow down,eğmek biçmek
much ado about nothing,boş tartışma
much good may it do someone,Umarım birilerine faydası olur
much less,daha da az
much of a muchness,çok büyük bir fark yok
much the same as,neredeyse aynı
much to be said,söyleyecek çok şey var
muck about,şaklabokluk yapmak
muck around,Eğlenmek
muck in,katkıda bulunmak
muck out,temizlemek
muck up,karıştırmak
mud and stud,çamur ve çivi
mud fence,çamurlu çit
mud monkey,çamur maymunu
mud out,çamur çıkarmak
mud sticks,çamur yapışır
muddle along,zorlukla devam etmek
muddle on,uğraşmak
muddle through,zorlukla başa çıkmak
muddle up,karıştırmak
muddy the waters,karmaşıklık getirmek
muddy up,çamurlamak
muff up,boğmak
muffle up,sarmak
mug off,bardak kapatmak
mug up,öğrenmek
mug's game,anlamsız uğraş
mugged by reality,gerçekle yüzleşmek
mukluk telegraph,mukluk telsizi
mull over,düşünmek
mull up,düşünmek
multum in parvo,çok şey az yerde
mum's the word,sır saklıyorum
munch on,tıraş etmek
murder will out,cinayet açığa çıkar
murderers' row,katiller sokağı
murk out,bulanıklaştırmak
muscle in,kas
muscle in on,işe karışmak
muscle up,çekilmek
mush it up,karıştır
mush up,karıştırmak
music to one's ears,kulakların bayramı
music to someone's ears,kulakların bayramı
muss up,bozmak
must get in front,öne geçmeli
must have been the wind,Rüzgar olmalıydı
must have killed a Chinaman,Bir Çinliyi öldürmüş olmalı
must've been the wind,Rüzgarın esiyor olması gerekirdi
muster in,toplanmak
muster out,askerden ayrılmak
muster up,toplanmak
mustn't grumble,şikayet etmemeli
mutual admiration society,karşılıklı hayranlık topluluğu
mutually exclusive,birbirini dışlayan
mutually intelligible,Karşılıklı anlaşılabilir
my arse,saçmalık
my back teeth are floating,arka dişlerim düşüyor
my bad,yanlışım oldu
my bloody oath,lanet olsun
my body is ready,vücudum hazır
my culture is not your costume,Kültürüm senin kostümün değil
my dog ate my homework,köpeğim ödevimi yedi
my enemy's enemy is my friend,düşmanımın düşmanı benim dostumdur
my eye,gözüm
my eyes are up here,gözlerim burada
my foot,ayak
my head's a shed,kafam karışık
my kingdom for a horse,bir at için krallığımı verirdim
my sides,yanlarım
my skull's afly,kaşımın üzerinde
my spider sense is tingling,Örümcek duyumlarım tetiklendi
my teeth are floating,dişlerim yüzüyor
my watch has ended,Vaktim doldu
my way or the highway,Ya benim istediğim gibi ya da hiç
my word,benim kelimem
n'est-ce pas,değil mi
Nader's raider,Nader'in akıncıları
naff off,Defol
nail down,kesinleştirmek
nail in one's coffin,son darbe olmak
naked ape,çıplak maymun
name after,isimlendirmek
name and shame,isimsiz eleştiri
name for,için isim
name names,isim vermek
name of the game,oyunun adı
name one's poison,zehir seçmek
nanny nanny boo boo,Bana bak bana bak aptal
Nantucket sleigh ride,Nantucket kızak turu
narrow down,daraltmak
narrow up,daraltmak
native soil,yerli toprak
nature abhors a vacuum,doğanın boşluğu sevmediği
nature beckons,doğa çağırıyor
nature calls,doğanın çağrısı
nature of the beast,canavarın doğası
nature versus nurture,doğuştan gelen ve çevreden gelen etkiler
nature vs nurture,doğuştan gelen ve çevreden gelen etkiler
nature vs. nurture,doğuştan gelen ve çevreden gelen etkiler
nause up,kusma
ne bis in idem,aynı şeyin iki kez yapılmaması
near and dear,çok sevilen
near at hand,yakın
near beer,Alkolsüz bira
near post,direk dibi
near the knuckle,eklem yakını
near the mark,işaretin yakınında
nearest and dearest,en yakınlar
nearly man,neredeyse adam
nearly never bulled a cow,neredeyse hiç inek sağmadım
nearly never won the race,yarışı neredeyse hiç kazanmadı
neat and tidy,düzenli ve temiz
neato burrito,ilginç dürüm
neato mosquito,hafif sivrisinek
neato torpedo,şık torpido
necessary evil,gereken kötü
necessity is the mother of innovation,Zorunluluk, icadı doğurur
necessity is the mother of invention,Zorunluluk icadı doğurur
necessity knows no law,Zorunluluktan daha güçlü bir şey yoktur
neck and neck,berabere
neck down,boyundan aşağı
neck of the woods,yakın çevrede
neck up,boyun üstü
necker's knob,boyun çıkıntısı
necktie party,fularlı parti
need I say more,Daha fazla söylesem gerekecek mi
need one's eyes checked,gözlerini kontrol ettirmek
needle drop,iğne düşmesi
needle in a haystack,iğne aramak
needle mover,iğne hareket ettiren
needless to say,söylemeye gerek yok
needs must,zorunluluk
needs must when the devil drives,zor zamanlarda çözüm bulunmalı
negative Nancy,Olumsuz insanlar
neither employed nor retired,ne çalışıyor ne de emekli
neither fish nor flesh,ne balık ne et
neither fish nor fowl,ne balık ne kuş
neither here nor there,ne burada ne de orada
nerd out,yoğunlaşmak
nerve out,tedirgin etmek
nerve up,cesaretlendirmek
nerves of steel,demir gibi sinirler
nervous hit,sinirsel darbe
nervous Purvis,sinirli Purvis
nest together,birlikte yuva yapmak
net out,netleştirmek
never a dull moment,Asla sıkıcı bir an yok
never change a running system,çalışan bir sistemi değiştirmemek
never eat shredded wheat,asla yulaf gevreği yeme
never eat soggy waffles,Islak waffleleri asla yeme
never eat soggy Weet-Bix,Islak Weet-Bix yemeyin
never eat soggy wheat,Islak buğday yeme
never fear,asla korkma
never in a million years,asla asla
never in a month of Sundays,asla asla
never meet your heroes,Kahramanlarınızı asla tanımayın
never mind,önemli değil
never say never,asla asla deme
never sick at sea,deniz tutması olmayan
never the twain shall meet,birlikleri asla bir araya gelmeyecek
never trust me,bana asla güvenme
never waste a crisis,krizleri boşa harcamayın
never you mind,önemseme
new brooms sweep clean,Yeni süpürgeler daha iyi temizler
new dawn,yeni şafak
new hotness,yeni trend
new kid in town,Şehre yeni gelen çocuk
new kid on the block,mahalledeki yeni çocuk
new normal,yeni normal
new school,yeni okul
new territory,Yeni topraklar
new up,yeni gelişme
new wine in an old bottle,eski şişede yeni şarap
new wine in an old wineskin,eski testinin içine yeni şarap
News of the Screws,Vidaların haberi
newspaperman's newspaper,gazetecinin gazetesi
next door,yanında
next thing one knows,bir bakmışsınız ki
next to,yanında
next to no time,neredeyse hiç zaman
next to nothing,neredeyse hiç
nice guy,iyi adam
nice guys finish last,iyi insanlar her zaman sonuncu gelir
nice knowing you,tanıştığımıza memnun oldum
nice to meet you,tanıştığıma memnun oldum
nicen up,iyi akşamlar
nick off,burun çekmek
nick up,kayıt olmak
nickel and dime,ucuzatmak
nickel nurser,nikel emzik
nickel tour,bedava gezi
nigger nose,Bu ifadeyi çeviremem
nigger rich,zengin
nigh on,neredeyse
night and day,gündüz gece
night out,dışarı çıkma
night owl,gece kuşu
night person,gece insanı
nighty night,iyi geceler
Nikon choir,Nikon korosu
nil by mouth,ağızdan hiçbir şey
nil per os,ağız yoluyla
Nina from Pasadena,Pasadena'dan Nina
nine times out of ten,on kezde dokuz
nine-day wonder,dokuz günlük merak
ninjas cutting onions,Ninja'lar soğan kesiyor
nip and tuck,estetik operasyon
nip at,ısırıp bırakmak
nip in the bud,Başlangıçta engellemek
nishtaneh hateva,doğal kaynaklar
nix off,iptal et
Nixon goes to China,Nixon Çin'e gidiyor
Nixon in China,Çin'de Nixon
Nixon to China,Nixon'ın Çin'e ziyareti
no and low,hayır ve düşük
no big deal,önemli değil
no biggie,önemli değil
no bigs,önemli değil
no bones about it,açıkçası
no brown in town,şehirde kahverengi yok
no buts,tartışma yok
no chance,hiçbir şans yok
no cigar,oldu bitti
no comment,yorum yapmak istemiyorum
no contest,tartışmasız zafer
no deal,anlaşma yok
no dice,söylemiyor
no diggity,kesinlikle olamaz
no entry,giriş yasaktır
no eye see,görmüyorum
no fear,korku yok
no fixed abode,sabit bir adresi yok
no flies on,ufak tefek kusurlar
no free lunch,bedavaya bir şey yok
no fun at parties,partilere hiç eğlenmiyorum
no further action,daha fazla işlem yok
no gain without pain,Ağrı olmadan kazanç olmaz
no glove no love,eldiven yoksa sevgi de yok
no go,olmaz
no good deed ever goes unpunished,Hiçbir iyi niyet cezasız kalmaz
no good deed goes unpunished,Her iyi işin karşılığını almak zordur
no great scratch,önemsiz bir çizik
no great shakes,büyük bir şey değil
no hard feelings,üzülme
no harm done,zarar yok
no horse in this race,Bu yarışta at yok
no human involved,insan dahil değil
no johns,johns yok
no joke,şaka değil
no joy,neşesizlik
no love lost,kötü niyet yok
no man is an island,kimse bir ada değildir
no matter,farketmez
no matter how,ne olursa olsun
no matter what,ne olursa olsun
no me gusta,beğenmiyorum
no means no,hayır demek hayır demektir
no more,daha fazla değil
no more Mister Nice Guy,Artık nazik adam değilim
no more Mr Nice Guy,Artık nazik adam değilim
no more Mr. Nice Guy,Artık nazik adam değilim
no news is good news,iyi haber yoksa iyi demektir
no notes,notlar yok
no offence,kötü niyetim yok
no offense,kıyamet değil
no one is born a master,Kimse usta olarak doğmaz
no parking,Park etmek yasaktır
no peace for the weary,yorgunlar için hiç huzur yok
no picnic,keyifli değil
no pressure,sıkıntı yok
no prize for guessing,tahmin etmeye gerek yok
no problem,Sorun değil
no probs,Sorun değil
no promo homo,hiçbir promosyon yok
no pun intended,kastetmedim
no question,sorun değil
no rest for the weary,yorgun için dinlenme yok
no rest for the wicked,kötülerin asla dinlenmesi mümkün değil
no rights reserved,hiçbir hakkı saklıdır
no rose without a thorn,Her güzel şeyin bir de kötü yanı vardır
no score,skor yok
no screaming hell,bağırış yok cehennem yok
no sense no feeling,anlamsız hissiz
no shame in my game,Oyunda utanacak bir şeyim yok
no shot,hiç şansı yok
no show without Punch,Punch olmadan hiçbir gösteri yok
no skin off one's back,önemli değil
no skin off one's nose,önemli değil
no skin off one's teeth,önemli değil
no sleep for the wicked,kötülerin huzur içinde uyuyamayacağı
no smoke without fire,Duman tütmeden ateş olmaz
no smoking,Sigara içmek yasaktır
no soap,sabun yok
no sooner said than done,sözden eyleme
no sooner than,henüz daha önce değil
no soup for you,Senin için çorba yok
no spring chicken,genç değil
no string attached,şartı olmayan
no strings attached,şartsız
no such thing,Böyle bir şey yok
no thanks to,sayesinde değil
no time,zaman yok
no time like the present,Şimdi gibi bir zaman yok
no time to lose,Kaybedecek zaman yok
no trespassing,Giriş yasaktır
no two ways about it,tartışmasız olarak
no way,imkansız
no way Jose,Kesinlikle değil
no ways,imkansız
no word of a lie,Hiçbir yalan yok
no word of lie,yalansız
no wrong answers,yanlış cevap yok
no wuckas,Sorun değil
no wuckaz,sorun değil
no wuckers,olumsuzluk ifade eden bir kelime grubu
no wuckies,sorun değil
no wuckin' furries,hayvanseverlere saygı duyulmalı
no wucking furries,hiçbir türde furryler
no wucks,çalışmıyor
no wukkas,iş yok
no wukkaz,çalışmıyor
no-good ass,beceriksiz
no-hit wonder,Tek şarkılık yıldız
noah fence,Noah çit
nobody's perfect,kimse kusursuz değil
nod in,içine
nod off,uykuya dalmak
nod out,uykuya dalmak
nod through,onaylamak
nodding acquaintance,tanıdık yüz
noise up,gürültü
noli illegitimi carborundum,Haksızların seni üzmesine izin verme
nome sane,sağlıklı isim
non constat,kanıtlanmamıştır
non est factum,geçerli değil
non est inventus,bulunamadı
non possumus,yapamayız
non prosequitur,kovuşturma olmaz
non-denial denial,reddetme reddi
none of someone's business,kimsenin işi değil
none of your bee's wax,Umurumda değil
none of your bees' wax,Umurumda değil
none of your beeswax,senin işin değil
none other than,başka değil
none taken,rica ederim
none the wiser,daha da habersiz
none the worse,daha kötü değil
noodle up,makarna yapmak
nook and cranny,köşe bucak
nook or cranny,köşe
nope out,hayır
normally black,genellikle siyah
normally white,genellikle beyaz
north forty,kuzey kırık yüz
north of,kuzeyinde
nose about,burnu
nose around,etrafı dolaşmak
nose count,sayım
nose out,burnun dışarı çıkması
nose out of joint,burun kıvırmak
nose over,burun üzerinden
nose to the grindstone,yoğun çalışmak
nosh off,atıştırmak
nostra sponte,kendiliğinden
not a bother on someone,kimseyi rahatsız etmemek
not a chance,hiçbir şans yok
not a minute too soon,çok geç değil
not a patch on,hiçbir şey değil
not a pretty sight,görünüşte pek hoş olmayan bir şey
not a word,kelime değil
not a word of a lie,Hiçbir yalanım yok
not all heroes wear capes,Her kahramanlar pelerin takmaz
not at all,hiçbir şekilde
not be caught dead,asla yapmam
not before time,zamanında
not break the bank,çok pahalı olmamak
not by a jugful,bir bardakla değil
not by any manner of means,hiçbir şekilde
not by any means,kesinlikle değil
not care beans,umursamazlık
not cricket,Dürüst değil
not do someone any favors,kimseye iyilik yapmak
not do someone any favours,kimseye iyilik yapmak
not feeling it,içimde bir şey yok
not for attribution,kaynak belirtilmeyecek
not for nothing,boşuna değil
not for the world,dünyanın bilgisi olmadan
not grow on trees,Ağaçta yetişmiyor
not half bad,Çok da kötü değil
not have a prayer,hiç umut yok
not here to fuck spiders,Burada örümceklerle ilişki kurmak için d…
not if I see you first,Eğer ben seni önce görürsem
not in a million,milyonda bir şansla bile değil
not in a million years,asla asla
not in Kansas anymore,Artık Kansas'ta değiliz
not in the least,hiçbir şekilde
not in the slightest,hiçbir şekilde
not invented here,burada icat edilmemiş
not just a pretty face,sadece güzel değil
not know one is born,doğduğu bilinmiyor
not know what hit one,neye isabet ettiğini anlamamak
not know what one is missing,neyin eksik olduğunu bilmemek
not know which way to turn,nereye gideceğini bilememek
not least,en azından
not leave one's thoughts,düşüncelerinden vazgeçmemek
not likely,Muhtemel değil
not long for this world,Bu dünyada fazla ömrü kalmamak
not look a day over,gözle görülür bir yaşlanma belirtisi gös…
not miss a trick,hiçbir şeyi kaçırmamak
not much of anything,Çok değil
not my Nigel,Benim Nigel'im değil
not necessarily,gerekli değil
not on any account,kesinlikle değil
not on your life,hayır asla
not on your nellie,Asla olmaz
not on your nelly,kesinlikle hayır
not one's first rodeo,Bu işlere yeni başlamadı
not only,sadece değil
not quite,neredeyse
not saying much,Çok konuşmayan
not see someone for dust,kimseyi görmemek
not so fast,Acele etme
not so much,pek çok değil
not the end of the world,dünyanın sonu değil
not to be outdone,rekabetten kaçınmamak
not to brag,övünmek istemiyorum
not to mention,hele ki
not to say,söylemek gerekirse
not to worry,merak etmeyin
not touch with a barge pole,Hiç alakam yok
not touch with a ten-foot pole,kesinlikle dokunmam
not want to do that,Bunu yapmak istemiyorum
not wanted on voyage,seyahate kabul edilmemiş
not win for losing,kaybeden için kazanmak
not worth a brass farthing,hiçbir şey etmez
not worth a Continental,bir Continental etmez
not worth a dime,bir kuruş etmez
not worth a plug nickel,hiçbir şeye değmez
not worth a whistle,hiçbir şeye değmez
not worth beans,hiçbir şeyin karşılığı değil
not worth hell room,cehennem odası kadar değmez
not worth salt,tuzsuz
not worth the powder,değmeyecek bir şey
not worth the powder and shot,Değmeyecek bir şey
not worth writing home about,bahsetmeye değer değil
not wrapped too tight,Çok sıkı sarılmamış
not your father's,babanızınkinden farklı
nota bene,dikkat edin
notch on one's bedpost,yatağın direğinde çizik
notch up,kaydetmek
note down,not alın
nothing about us without us,Bizim hakkımızda, biz olmadan hiçbir şey
nothing doing,olur olmaz
nothing for it,onda bir şey yapılamaz
nothing gold can stay,hiçbir altın kalıcı değildir
nothing if not,eğer değilse de
nothing less than,bundan daha az değil
nothing more than,ondan fazlası değil
nothing new under the sun,güneş altında yeni bir şey yok
nothing short of,tam olarak
nothing succeeds like success,başarıya başarı eşittir
nothing to choose between,arasında bir fark yok
nothing to it,önemsiz
nothing to see here,Burada görmeye değer bir şey yok
nothing to write home about,özel bir şey değil
nourish a viper in one's bosom,kocayı kucağında beslemek
now and again,bazen
now and then,bazen
now hear this,şunu dinleyin
now I've heard everything,artık her şeyi duydum
now I've seen everything,artık her şeyi gördüm
now or never,Şimdi ya da asla
now that's what I call,işte dediğim şey bu
now there's a thought,İşte bir fikir
now we're talking,işte şimdi bir şeyler oluyor
now you mention it,Şimdi bahsettiğin gibi
now you're cooking,işte şimdi oldu
now you're talking,işte şimdi oldu
nowhere to be found,Bulunamaz durumda
Nubian queen,Nubyalı kraliçe
nuclear option,nükleer seçenek
nudge ahead,öne geçmek
nudge nudge wink wink,göz kırpıp ima etmek
nudge out,itmek
nudie rudie,çıplak kaba
nudy rudy,çıplak kırmızı
nugget of truth,doğruluk kırıntısı
nuke it out,Yok et
nuke the fridge,buzdolabını yok et
null and void,geçersiz
nulla bona,hiçbir iyilik
nulla poena sine lege,Ceza kanunla belirlenir
numb out,uyuşmak
number games,sayı oyunları
number one,birinci
number one with a bullet,bir numara
nunc pro tunc,şimdiden itibaren
Nuremberg defense,Nürnberg savunması
nut out,çözmek
nut up,sertleşmek
nut-cutting time,fındık kesme zamanı
nuts and bolts,vida ve somun
nuts to,aptalca
nuts to butts,cevizlerden kalçalara
nuttier than squirrel poop,daha çılgın
nuttier than squirrel shit,daha deli
o algo,bir şeyler
O me of little faith,Az inancım olan ben
O ye of little faith,Az inançlı olanlar
O'Malley's Alley,O'Malley'nin Sokağı
o. b. o.,başka bir şey
oat opera,yul opera'sı
object to,itiraz etmek
obscurum per obscurius,karanlıkların karanlığı
obtusely umbonate,körelmiş yuvarlak
occur to,aklıma gelmek
occurs to one,aklıma gelir
odd and curious,Garip ve merak uyandırıcı
odd bod,Tuhaf kişi
odd duck,garip karakter
odd fish,garip balık
odds and bods,saçmalar
odds and ends,çeşit çeşit şeyler
odds and sods,çeşit çeşit şeyler
of a blood,kanla ilgili
of a certain,belirli bir
of a certain age,Belirli bir yaşta
of a feather,aynı türden
of a kind,bir türden
of a lifetime,ömür boyu
of a piece,bütünleşik
of a piece with,bütünün bir parçasıyla
of a sudden,Aniden
of a surety,kesinlikle
of a truth,gerçekten
of age,yaşında
of all loves,tüm sevgilerin
of all people,hele ki
of all places,beklenmedik bir şekilde
of all things,beklenmedik bir şekilde
of all time,tüm zamanların
of any use,faydalı
of blessed memory,rahmetle anılan
of choice,tercihe bağlı
of consequence,önemli
of counsel,danışman avukat
of course,elbette
of course my horse,elbette benim atım
of coz,elbette
of even date,aynı tarihli
of hers,onun
of interest,ilgi çekici
of its hand,elinden
of its kind,türünün
of its own head,kendiliğinden
of its own study,kendi araştırmasıyla
of its part,tarafından
of its proper movement,doğru hareketinin
of Koranic proportions,Kur'an boyutlarında
of late,son zamanlarda
of means,kaynaklara sahip
of mine,benim
of modest means,düşük gelirli
of note,dikkat çekici
of old,eski
of one mind,fikir birliği içinde
of one's choice,seçimlik
of one's choosing,Seçim sizin
of one's making,kendi eseriniz
of one's own,kendi
of one's own accord,kendiliğinden
of one's own making,kendi yarattığı
of one's word,sözünde durmak
of ours,bizim
of record,kayıtlara göre
of service,hizmetten
of some use,biraz işe yarar
of someone's dreams,birinin hayalleri
of someone's life,birinin hayatı
of sorts,türde bir
of that ilk,o ilk
of the best water,en iyi sulardan
of the century,yüzyılın
of the colors,renklerin
of the colours,renklerin
of the deepest dye,en derin türden
of the essence,özünde
of the finest water,en iyi sudan
of the first water,birinci sınıf
of the like,benzer şekilde
of the moment,anlık
of the order of,yaklaşık olarak
of the same leaven,aynı mayadan
of the same stripe,aynı türden
of the world,dünyanın
of theirs,onların
of two minds,kararsız
of use,kullanım
of value,değerli
of yore,geçmişten
of yours,senden
off air,Yayından kaldırılmış
off and running,başlangıç yaptı
off at the races,yarışa başladı
off balance,dengesi bozuk
off base,yanlış
off board,dışarıda
off book,ezberden
off camera,kamera dışında
off chance,uzak ihtimal
off course,rotada dışarı
off duty,Görevde değil
off guard,dikkatini dağıtılmış
off keel,dengeyi kaybetmek
off kilter,dengesiz
off label,etikette belirtilmeyen
off like a bride's nightie,çok hızlı
off one's block,dengesi bozulmak
off one's box,kutusundan çıkmak
off one's chump,aptalca davranmak
off one's dot,akıllanmak
off one's face,yüzünden
off one's feed,beslemek
off one's game,formsuz
off one's guard,dikkatinin dağılması
off one's head,akıl sağlığını yitirmek
off one's hinge,dengesini kaybetmek
off one's hinges,kontrolünü kaybetmek
off one's meds,ilaçlarını kesmek
off one's nut,akıllanmak
off one's nuts,akıllanmak
off one's onion,kötü durumda
off one's own bat,kendi başına
off one's rocker,dengesini kaybetmek
off one's rocket,roketinden inmek
off one's tits,sarhoş
off one's tree,dengesini kaybetmek
off one's trolley,akıl sağlığını yitirmek
off pat,yanlış
off record,resmi olarak
off rip,hemen
off service,servisten kaldırılmış
off someone's hands,ellerinden çıkarmak
off sync,senkron dışı
off tap,musluktan
off target,hedef dışı
off the air,yayından kaldırılmış
off the back foot,geride kalmak
off the bat,başlangıçta
off the beam,konudan sapmak
off the beaten path,popüler yerlerden uzak
off the beaten track,popüler olmayan yerler
off the boil,ısınmayı bırakmak
off the books,resmi kayıtlarda olmayan
off the chain,inanılmaz
off the chart,ölçüm aralığının dışında
off the charts,beklenenin çok üzerinde
off the clock,Çalışma saatleri dışında
off the cuff,anlık olarak
off the deep end,uçuruma savrulmak
off the derech,yoldan sapmış
off the dome,anında
off the face of the earth,yeryüzünden
off the grid,şebekeden bağımsız
off the ground,yerden
off the hinges,menteşelerinden
off the hizzy,Çılgın
off the hook,sorunlardan kurtulmak
off the hooks,sorumluluktan kurtulmak
off the horn,korna sesi kesmek
off the lay,izinli
off the mark,hedefinden şaşırmış
off the nut,deli
off the plan,plan aşamasında
off the radar,gözden uzak
off the radio,radyodan
off the rails,raydan çıkmış
off the record,resmi olarak değil
off the reservation,rezervasyon dışı
off the rip,başlangıçta
off the scale,ölçüden kaçan
off the shelf,hazır
off the shits,sinirleri yatmış
off the table,gündemden düşürüldü
off the tools,işi bırakmak
off the top of one's dome,aklıma gelen ilk şey
off the top of one's head,aklı ilk gelen
off the track,konudan sapmak
off the wagon,diyetten çıkmak
off the water cart,su arabasından
off to the races,yarışa başladı
off with someone's head,başını kes
off with their head,başlarını kesin
offer affordances,sunabilme imkanları
offer one can't refuse,reddedilemez teklif
offer one's condolences,başsağlığı dilemek
offer up,sunmak
office up,yukarı ofis
officer down,Görevli yere düştü
Officer Friendly,Dost polis
oh dark hundred,karanlık yüz
oh dark thirty,sabahın körü
oh me of little faith,ben az inançlıyım
oh my,ağzım açık kaldı
oh my God,aman tanrım
oh my goodness,aman tanrım
oh my goodness gracious,aman tanrım
oh my gosh,aman tanrım
oh my life,ah hayatım
oh well,olsun
oh ye of little faith,imanı az olanlar
oi oi saveloy,merhaba
oil and water,su ile yağ
oil and water don't mix,yağ ve su karışmaz
oil burner,yağlı ısıtıcı
oil trash,yağlı atık
oil up,yağlamak
oink out,domuz sesi çıkarmak
OK yah,Tamam
okey dokey smokey,oldu bitti
okey-dokey artichokey,oldu bitti
okey-dokey Smokey,oldu bitti
old as the hills,çok eski
old boy network,erkek egemen çevre
old chestnut,eski hikaye
old enough to vote,Oy kullanmaya yetenekli yaşta
old fart,yaşlı öküz
old flame,eski sevgili
old fogey,eski moda insan
old habits die hard,Eski alışkanlıklar kolay kolay terk edil…
old hand,tecrübeli kişi
old hat,eski moda
old head on young shoulders,Genç omuzlarda yaşlı bir kafa
old man yells at cloud,Yaşlı adam buluta bağırıyor
old man yells at clouds,yaşlı adam bulutlara bağırıyor
old money,eski para
old salt,denizci
old saw,eski testere
old school,eski tip
old sins cast long shadows,Geçmiş günahlar uzun gölgeler bırakır
old sins have long shadows,Geçmiş günahların uzun gölgeleri vardır
old song,eski şarkı
old stager,tecrübeli
old stick,eski çubuk
old wine in a new bottle,eski şarap yeni şişe
old-fashioned look,Eskiyen görünüm
olive juice,zeytinyağı
oll korrect,her şey yolunda
olly olly oxen free,olay olay öküz serbest
on a bell,bir çan üzerinde
on a collision course,çarpışma yolunda
on a daily basis,günde
on a day-to-day basis,gündelik olarak
on a different note,farklı bir konuyla
on a dime,çok hızlı bir şekilde
on a first-name basis,ismiyle
on a full stomach,tok karnına
on a go-slow,yavaşlama
on a good wicket,iyi durumda
on a kick,bir heyecan içinde
on a lark,eğlence için
on a losing wicket,kaybetme tehlikesi olan bir durum
on a mission,bir görevde
on a need-to-know basis,bilmesi gerekenlere göre
on a pair,bir çift halinde
on a par,aynı düzeyde
on a par with,aynı düzeyde
on a plate,tabağa
on a platter,tarafta
on a promise,bir söz üzerine
on a regular basis,düzenli olarak
on a roll,dizide
on a shoestring,çok kısıtlı bütçeyle
on a silver platter,gümüş tepside
on a sixpence,çok ucuz
on a stick,sap üzerinde
on a string,bir ip üzerinde
on a sudden,ani bir şekilde
on a tear,çok heyecanlı
on a tight leash,sıkı bir denetim altında
on a time,bir zamanlar
on a whim,içinden gelen bir dürtüyle
on a wing and a prayer,umutla
on a wonder,şaşkınlıkla
on accident,Kazara
on account,nedeniyle
on account of,nedeniyle
on acid,uyuşturucu etkisi altında
on air,Yayında
on alert,tetikte
on all counts,her açıdan
on all fours,dört ayak üzerinde
on all hands,herkes tarafından
on all-fours,dört ayak üzerinde
on an empty stomach,aç karna
on an equal footing,eşit şartlarda
on an impulse,bir dürtüyle
on an irregular basis,Düzensiz aralıklarla
on and off,açık kapalı
on and on,bitmek bilmeden
on another note,başka bir konuyla ilgili olarak
on any view,herhangi bir bakış açısıyla
on average,ortalama olarak
on background,arka planda
on bad terms,kötü ilişkilerde olmak
on bail,teminat altında
on balance,sonuç olarak
on base,üzerinde
on behalf of,tarafından
on bended knee,dizlerinin üstünde
on blast,patlamaya hazır
on board,tahta
on butt,popo üzerine
on call,nöbetçi
on camera,kamera önünde
on cloud nine,bulutların üzerinde
on cloud seven,bulutların üzerinde
on command,komutla
on condition,koşulla birlikte
on contact,temas halinde
on course,yolda
on course for,yolda olmak
on course to do something,bir şeyi yapma yolunda
on credit,taksitlerle
on cue,planlı olarak
on death's doorstep,ölümle burun buruna
on deck,üst güverte
on demand,istek üzerine
on display,sergide
on duty,görevde
on earth,dünyada
on edge,gergin
on end,bitişik
on equal footing,eşit şartlarda
on equal terms,eşit şartlarda
on eternal patrol,sürekli devriye gezme
on everybody's lips,Herkesin dilinde
on everyone's lips,Herkesin dilinde
on familiar ground,tanıdık bir ortamda
on file,kayıtlarda
on fire,yangın
on firecall,yangın çağrısı
on first-name terms,samimiyet içinde
on fleek,mükemmel
on foenem grave,fonetik mezar
on foot,ayakla
on form,form üzerinde
on fours,dört ayak üzerinde
on God's green earth,Tanrı'nın yarattığı dünya
on good terms,iyi ilişkilerde olmak
on hand,el altında
on heat,ısıda
on high,yukarıda
on hire,kiralık
On HMS,HMS üzerinde
on hold,beklemede
on horseback,at üzerinde
on ice,beklemede
on impulse,dürtüyle
on in years,yaşça
on instruments,enstrümanlarda
on it like a car bonnet,araba kaputu gibi
on its merits,özelliklerine göre
on its way out,bitmek üzere
on Jah,Jah üzerine
on keel,kıç
on level terms,eşit şartlarda
on like Donkey Kong,Donkey Kong gibi
on line,çevrimiçi
on lobby terms,lobicilik açısından
on location,çekim alanında
on long-term sick,uzun süreli hastalık izni
on loop,tekrar tekrar
on main,ana sayfada
on memo,not defterine
on net,internet üzerinden
on no account,kesinlikle asla
on nodding terms,tanıdık olmak
on notice,bildirim altında
on oath,yeminli olarak
on occasion,bazen
on offer,sunulan
on one hand,bir yandan
on one's back,sırt üstü
on one's beam ends,dengesini kaybetmek
on one's behaviour,davranışıyla ilgili
on one's bill,faturasında
on one's conscience,vicdanında
on one's deathbed,ölüm döşeğinde
on one's feet,ayağa kalkmak
on one's game,formunda olmak
on one's guard,tetikte olmak
on one's hands and knees,dizlerinin üzerinde
on one's head,başkasına ait
on one's high horse,kendini beğenmiş
on one's honor,namus sözüyle
on one's Jack Jones,Jack Jones üzerinde
on one's L's,kendi haline bırakmak
on one's last legs,son nefesinde
on one's lee-lane,rüzgarın korumasında
on one's legs,bacaklarında
on one's lonesome,yalnız başına
on one's Ls,birinin harflerinin baş harfleri
on one's mark,Yerine
on one's mettle,cesaretini gösterme zamanı
on one's mind,aklında
on one's ones,kendi başına
on one's own,yalnız başına
on one's own account,kendi hesabına
on one's own bat,kendi başına
on one's own ground,kendi alanında
on one's own hook,kendi haline
on one's own time,İstediği zaman
on one's P's,uyumakta
on one's part,tarafından
on one's pat,kendi yolunda
on one's Pat Malone,Pat Malone'da olmak
on one's period,Adet görmek
on one's person,üzerinde
on one's plate,yapılacaklar listesi
on one's Ps,dikkatli olmak
on one's side,yanında
on one's tod,yalnız başına
on one's todd,yalnız başına
on one's toes,tetikte olmak
on one's uppers,maaşının sonuna gelmek
on one's watch,gözetiminde
on one's way,yolda
on ones,birinin üzerinde
on opposite sides of the barricades,Engellerin karşı tarafında
on order,sipariş halinde
on pain of,cezasıyla
on paper,kağıt üzerinde
on parade,marşta
on pins and needles,ipler üzerinde
on point,kusursuz
on principle,prensip olarak
on pump,pompada
on purpose,amaçlı olarak
on rails,raylar üzerinde
on rare form,olağan dışı bir şekilde
on read,okumak
on record,kayıtlarda
on reflection,düşüncelerden sonra
on remand,geri gönderilmek üzere
on report,rapor üzerinde
on sale,indirimde
on schedule,plan dahilinde
on second thought,peki ya
on second thoughts,düşünceli olarak
on seen,görülmüş
on serve,servis
on shaky ground,dayanaksız
on shipboard,gemide
on short notice,kısa sürede
on show,sergide
on sight,görünürde
on site,yerinde
on skibidi,skibidi üzerinde
on sleep,uyku üzerine
on solid ground,sağlam zeminde
on somebody's account,birinin hesabına göre
on somebody's agenda,birinin gündeminde
on somebody's mind,ağlında
on someone's account,birinin adına
on someone's ass,birinin peşinde
on someone's back,sırının üzerinde
on someone's books,kayıtlarda
on someone's dime,birinin parasını kullanarak
on someone's doorstep,Eşikte
on someone's good side,iyi niyetli olduğu zaman
on someone's hands,ellerinde
on someone's mind,ağlında
on someone's own dime,kendi parasıyla
on someone's radar,dikkat çekmek
on someone's radar screen,dikkat çekmek
on someone's side,yanında olmak
on someone's tail,peşinde olmak
on song,şarkı söylemek
on speaking terms,konuşabiliyor olmak
on spec,sipariş üzerine
on special,indirimde
on steroids,steroidlerle
on strike,Greve
on stun,Şaşkın
on sufferance,izinle
on suspicion of,şüphesi üzerine
on sync,senkronize
on tag,etiket üzerinde
on talking terms,konuşulan kişiler
on tap,musluktan
on tape,kayıda
on target,hedefe uygun
on task,görevde
on television,televizyonda
on tender hooks,hassas kancalar üzerinde
on tenterhooks,gergin
on tenters,tentere üzerinde
on terms with,şartlarla
on that basis,o temele dayanarak
on that note,bu bağlamda
on that score,bu konuda
on the agenda,gündemde
on the air,yayın da
on the alert,tetikte
on the anvil,çekiç üzerinde
on the assumption that,varsayımın üzerine
on the back burner,beklemeye bırakılmış
on the back foot,savunmacı durumda
on the back of,arkasında
on the ball,işleri yoluna koyan
on the bash,pedallara basmak
on the basis of,temelinde
on the batter,hamurun üzerinde
on the beach,sahilde
on the beat,ritimde
on the bench,yedekte
on the bias,eğik olarak
on the blanket,battaniyenin üzerinde
on the blink,bozulmak
on the blob,kürede
on the block,blok üzerinde
on the boil,kaynıyor
on the boob,göğsünde
on the book,kitabın üzerinde
on the books,kayıtlarda
on the bounce,sıçrayarak
on the bow,gemi başı
on the brain,beyinde
on the breadline,yoksulluk sınırında
on the brew,hazırlanıyor
on the brink,eşikte
on the brink of,eşikte
on the bubble,sınırda
on the bum,sokakta yaşamak
on the bung,mantar üzerine
on the burst,patlamayla
on the button,düğmenin üzerinde
on the cadge,paraya sıkışmış
on the canvas,tuval üzerinde
on the cards,olası
on the carpet,halının üzerinde
on the case,olaya el koymak
on the cheap,ucuzca
on the clock,zamanla yarışmak
on the contrary,Bunun aksine
on the couch,koltukta
on the count of,sayıya göre
on the critical list,hayati tehlikede
on the crook,eğri üzerinde
on the cross,çarmıhta
on the cuff,manşetinden
on the cusp,eşikte
on the cutting room floor,kurgu odası
on the debit side,borç tarafında
on the deck,gemi güvertesinde
on the defensive,savunmaya çekilmiş
on the district,ilçede
on the DL,gizli olarak
on the docket,gündemde
on the door,kapıda
on the dot,tam olarak
on the double,çift hızla
on the down-low,gizlice
on the downlow,gizlice
on the drum,davulun üzerinde
on the dry,kuru üzerinde
on the earie,kulakta
on the edge,kenarda
on the edge of,kenarında
on the edge of one's seat,Heyecanla
on the eve of,akşamı
on the face of,yüzeyde
on the face of it,görünüşe göre
on the face of the earth,yeryüzünde
on the fence,kararsız
on the fiddle,keman çalarak
on the flat,düz alanda
on the flip side,öte yandan
on the flipside,öte yandan
on the floor,zeminde
on the fly,anında
on the fritz,bozulmuş
on the front burner,öncelikli olarak
on the front foot,ön planda
on the full,tam olarak
on the game,oyunda
on the go,yolda
on the grid,ızgaranın üzerinde
on the gridiron,sahada
on the gripping hand,sıkılan el üzerinde
on the grog,sarhoş
on the ground,yerde
on the grounds of,gerekçesiyle
on the grounds that,gerekçe olarak
on the half hour,yarım saatte bir
on the heels of,ardından
on the high rope,yüksek ip üzerinde
on the high ropes,yüksek iplerde
on the hog,domuzun üzerinde
on the hog train,domuz treninde
on the hoof,hala canlı
on the hook,kancada
on the hop,telaş içinde
on the horizon,ufukta
on the horn,korna üzerinde
on the horns of a dilemma,ikilem içinde
on the hour,her saat başı
on the house,ücretsiz
on the huh,ne oldu
on the hunt,avlanmakta
on the hurry up,aceleyle
on the hush,gizli olarak
on the hush-hush,gizli gizli
on the hustle,koşturmaca içinde
on the improve,iyileşiyor
on the inside,içeride
on the instant,hemen
on the internet,internette
on the jar,kavanozun üzerinde
on the job,işte
on the jump,zıplarken
on the knocker,çan üzerine
on the ladder,merdivende
on the lam,kaçak
on the lash,makyajlı
on the latch,mandala
on the level,seviyede
on the line,hattın üzerinde
on the lines of,şekilde
on the lookout,tetikte olmak
on the loose,kaçak
on the low,sessizce
on the make,kötü niyetli
on the mark,hedefe
on the market,pazarda
on the mat,paspasın üzerinde
on the mend,iyileşiyor
on the mending hand,tamir elinde
on the money,doğru
on the mop,süpürge üzerinde
on the move,hareket halinde
on the muscle,kas üzerinde
on the nail,tam isabet
on the needle,iğnenin üzerinde
on the nick,az önce
on the nod,başını sallayarak
on the nose,tam isabetli
on the nut,fındığın üzerinde
on the off-chance,belki de
on the one hand,bir yandan
on the order of,yaklaşık olarak
on the other bus,diğer otobüste
on the other hand,öte yandan
on the other paw,diğer yandan
on the other side of,diğer tarafında
on the outlook,bekleyiş içinde
on the outs,tartışmak
on the outside,dışarıda
on the outside looking in,dışarıdan bakan
on the outskirts of,Şehrin kenarlarında
on the pad,pedin üzerinde
on the panel,panel üzerinde
on the part of,tarafından
on the Pat and Mick,Pat ve Mick'in üzerinde
on the pdq,pdq üzerinde
on the phone,telefonla
on the pill,doz kullanıyor
on the piss,sarhoş
on the plus side,artı olarak
on the point of,konunun özünde
on the premises,tesislerde
on the prod,üretimde
on the prowl,Avlanmakta olan
on the pull,çekme
on the Q.T.,gizlice
on the qt,gizlice
on the quarter,çeyrekte
on the rack,zor durumda
on the radar,radar altında
on the rag,adetli
on the rail,rayın üzerinde
on the rails,rayların üzerinde
on the rampage,kontrolden çıkmış
on the ran tan,koşarak
on the razz,dedikodu
on the razzle,coşkun
on the razzle-dazzle,şaşaşlıkla
on the ready,hazır durumda
on the real,gerçekten
on the receiving end,alan taraf
on the record,resmi olarak
on the reg,düzenli olarak
on the reggo,resmi olarak
on the regs,düzenli olarak
on the regular,düzenli olarak
on the right foot,doğru başlangıçla
on the right side of history,Tarihin doğru tarafında
on the right track,doğru yolda
on the rise,artıyor
on the rivet,dikkatle
on the road,yolda
on the rob,hırsızlıkla
on the rocks,buzlu
on the ropes,zor durumda
on the run,kaçak
on the safe side,güvenli tarafta olmak
on the same page,aynı sayfada
on the same wavelength,aynı dalga boyunda
on the sauce,soslu
on the scene,olay yerinde
on the scoot,kaykay üzerinde
on the scrounge,para bulmaya çalışmak
on the shady side of,gölgede kalan tarafta
on the shelf,rafın üzerinde
on the sick,hastalıklı
on the side,yanında
on the side of the angels,meleklerin yanında
on the skids,kötü durumda
on the slide,kaydırağa
on the sly,gizlice
on the sniff,koklayarak
on the spectrum,otizm spektrumunda
on the spin,dönüşte
on the spot,hemen
on the square,meydanda
on the stand,sehpada
on the stock,borsada
on the stocks,beklemede
on the street,sokakta
on the streets,sokaklarda
on the strength of,sayesinde
on the stroke of,tam olarak saat
on the stump,sahnedeyken
on the surface,yüzeyde
on the table,masanın üzerinde
on the take,rüşvet alan
on the tap,musluğun üzerinde
on the tapis,gündemde
on the telephone,telefonda
on the tenterhooks,gergin
on the tenters,çerçevelerde
on the tiles,fayansların üzerinde
on the tip of one's tongue,dilin ucunda
on the tools,iş başında
on the toss of a coin,bir zar atışı ile
on the town,şehirde
on the trot,ard arda
on the turf,çim üzerinde
on the turn,sıra
on the turps,turşuda
on the up-and-up,dürüst
on the uptake,gelişiyor
on the verge,eşikte
on the verge of,eşiğinde
on the viretot,viret üzerinde
on the wagon,vagon üzerinde
on the wallaby,kayıplarda
on the wallaby track,duvarda kanguru izi
on the wane,azalan
on the warpath,savaşmaya hazır
on the watch,gözetim altında
on the way,yolda
on the way out,Çıkışta
on the whole,genel olarak
on the wind,rüzgarda
on the wing,kanat üzerinde
on the wings of the wind,rüzgarın kanatlarında
on the wrong foot,yanlış bir başlangıç yapmak
on the wrong side of history,tarihin yanlış tarafında
on the wrong track,yanlış yolda
on thin ice,tehlikeli durumda
on this score,bu konuda
on threes,üçler üzerinde
on tick,tıklamakla
on tilt,gergin
on time,zamanında
on tiptoe,ucu üzerinde
on top,üstünde
on top of,ünün üzerinde
on top of one's game,en iyi performansı sergilemek
on top of that,Üstelik
on top of the world,dünyanın zirvesinde
on tour,turne de
on track,yolda
on trial,yargılanıyor
on trial for one's life,ömür boyu hapis cezası
on TV,televizyonda
on twos,ikilerde
on velvet,kadife üzerinde
on view,sergide
on watch,nöbetçi
on what planet,hangi gezegende
on what score,hangi konuda
on wheels,tekerlekli
on wing,kanat üzerinde
on yer bike,Bisikletine
on your head be it,umarım işe yarar
once again,tekrar
once and for all,bir kereye mahsus
once in a blue moon,çok nadiren
once in a lifetime,ömür boyu
once in a purple moon,çok nadiren
once in a while,bazen
once more into the breach,tekrar göreve
once or twice,bir veya iki kez
once upon a time,Bir zamanlar
once you go black,bir kere siyahı tattıktan sonra
once-in-a-lifetime,ömür boyu
one after another,ard arda
one age with,bir yaşla birlikte
one and all,hepsi birden
one and only,tek ve eşsiz
one and the same,aynı şey
one at a time,tek tek
one bad turn deserves another,Bir kötülüğe karşı kötülükle karşılık ve…
one big happy family,büyük ve mutlu bir aile
one could hear a pin drop,iğne düşse duyulur
one day,bir gün
one engine in steam,buharlı bir motor
one fell swoop,tek hamlede
one flesh,bir beden
one for the road,bir kadeh daha
one good turn deserves another,Bir iyiliğe karşılık iyilik yapılır
one hand can't hold two watermelons,Bir el iki karpuzu taşıyamaz
one hundred and one,yüzbir
one in the eye for,gözüne sokmak
one man and his dog,bir adam ve köpeği
one moment,Bir dakika
one more again,tekrar bir tane daha
one must give to get,verdiğin kadar alırsın
one nail drives out another,Bir çivi bir diğerini çıkarır
one of a kind,eşsiz
one of His Majesty's bad bargains,Majestelerinin yaptığı kötü anlaşmalarda…
one of those things,onlardan biri
one should be so lucky,Birinin o kadar şanslı olması gerekirdi
one should live so long,insanın o kadar uzun yaşamasını gerekmez
one should never meet one's heroes,Bir insanın asla kahramanlarıyla tanışma…
one side,bir taraf
one step ahead,bir adım önde
one step at a time,Adım adım
one strike and you're out,Bir hata ve eleniyorsun
one swallow doesn't a spring make,Bir serçenin baharı getiremeyeceği
one swallow doesn't a summer make,Bir serçe yazın gelmediğini gösterir
one swallow doesn't make a spring,Bir serçenin baharı getiremeyeceği
one swallow doesn't make a summer,Bir serçe yaz gelmez
one thing leads to another,Bir şey diğerini beraberinde getirir
one thing led to another,bir şey diğerini getirdi
one thing or another,bir şey ya da başka bir şey
one too many,bir fazlalık
one up,üstünlük
one way or another,bir şekilde ya da başka bir şekilde
one way or the other,bir şekilde ya da başka bir şekilde
one who hesitates is lost,Kararsız olan kaybeder
one will know the reason why,nedeni herkes bilecek
one word leads to another,Bir kelime diğerine yol açar
one's ass is dragging,arka kısmı yere sürtmek
one's ass is grass,Her biri birer ot
one's back is up,sırtı dik
one's blood is up,kan beynine girmek
one's blood runs cold,kanı donmak
one's cake is dough,birinin pastası hamurdan ibaret
one's cotton socks off,çok etkilemek
one's days are numbered,ömrünün sayılı günleri kalmış
one's door is open,kapısı açık
one's egg breaks,yumurtası kırılıyor
one's egg cracks,yumurtanın çatlaması
one's father was born before one,babanız sizin doğumunuzdan önce doğmuştu…
one's fingers are all thumbs,parmakları beceriksiz
one's fingers itch,parmaklar kaşınmak
one's flabber is gasted,şaşkınlık içinde kalmak
one's heart bleeds,kalp acısı
one's heart in one's mouth,Kalp çarpıntısı
one's heart out,canı gönülden
one's heart sinks,kalp kırılması
one's hour,birinin saati
one's house in order,işlerini yoluna koymak
one's jig is up,oyunun bitti
one's last,son
one's lips are sealed,ağzı kapalı
one's name is mud,itibarı zedelenmiş durumda
one's own boss,kendi patronu
one's own master,kendi efendisi
one's race is run,yarışı bitirmek
one's ship comes in,şans yüzüne gülmek
one's socks off,şaşkınlıktan
one's teeth water,ağız sulanmak
one's time is one's own,Zaman kişinin kendi zamanıdır
one's way,yolunda
one's word is law,sözü kanundur
one-hit wonder,Tek şarkılık sanatçı
one-horse race,rekabetin olmadığı yarış
one-horse town,kasaba
one-man band,tek kişilik grup
one-night stand,Tek gecelik ilişki
one-track mind,tek düşünceye takılı kalmak
one-trick pony,tek numaralı at
one-way ticket to Palookaville,Palookaville'e tek yön bilet
only a mother could love,Sadece bir anne sevebilir
only fools and horses work,Sadece aptallar ve atlar çalışır
only game in town,tek seçenek
only Nixon can go to China,Sadece Nixon Çin'e gidebilir
only Nixon could go to China,Sadece Nixon Çin'e gidebilirdi
only the good die young,Sadece iyi olanlar genç yaşta ölür
only time will tell,zaman gösterecek
ontogeny recapitulates phylogeny,ontogenez filogenezi tekrarlar
onward and upward,ilerlemek ve yükselmek
onwards and upwards,ilerlemeye devam
ooga booga,Anlam ifade etmiyor
ookie cookie,çerez
open a can of whoop ass,ağzını burnunu dağıtmak
open book,açık kitap
open doors,açık kapılar
open field,açık alan
open fire,açık ateş
open invitation,açık davet
open it up,Açın
open one's legs,bacaklarını açmak
open one's mind,zihnini açmak
open one's mouth,ağzını açmak
open out,açılmak
open Pandora's box,Pandoranın kutusunu açmak
open season,av sezonu
open sesame,Açık susam açıl
open someone's eyes,birine göz açtırmak
open the batting,vuruşu başlat
open the door,Kapıyı aç
open the floodgates,kapıları açmak
open the kimono,gerçeği ortaya çıkarmak
open the schools,okulları açmak
open up,açmak
open wide,ağzını aç
open-door policy,açık kapı politikası
opening of an envelope,zarf açma
opinio juris sive necessitatis,hukuki görüş veya zorunluluk
opinions are like assholes,Herkesin bir fikri var
opportunity comes knocking,fırsat kapıyı çalıyor
opportunity knocks,fırsat kapısı çalıyor
opportunity knocks at every man's door,Her insana fırsat gelir
opportunity makes a thief,Fırsat hırsızı yaratır
opportunity makes the thief,Fırsat hırsızı yaratır
opportunity seldom knocks twice,Fırsatlar genellikle iki kez gelmez
opposite number,karşıt sayı
opposites attract,Zıtlar birbirini çeker
opt in,kayıt olmak
opt out,çekilmek
optically active,optik aktif
optimize out,optimize etmek
or anything,veya başka bir şey
or bust,ya da batma
or else,aksiyle
or it didn't happen,veya olmadı
or should I say,veya acaba demeli miyim
or something,veya bir şey
or words to that effect,veya benzer şekilde
Orange Man bad,Turuncu Adam kötü
orange wine,turuncu şarap
oranges with oranges,portakallı portakallar
order about,sipariş hakkında
order around,düzenlemek
order in,sipariş ver
order out,yiyecek sipariş etmek
order to cash,siparişten paraya
order up,Hemen getirin
orders are orders,emir, emir demektir
Oreo cookie,Oreo
orphan off,yetim bırakmak
ostrich policy,Devekuşu politikası
other end of the ball,topun diğer ucu
other fish in the sea,denizde başka balıklar var
other half,diğer yarısı
other head,başka bir baş
other man,başka bir adam
other side,diğer taraf
other than,haricinde
other than that,onun dışında
other woman,başka kadın
otherly abled,engelli
otherwise engaged,başka bir işle meşgul
our era,çağımız
out and about,dışarıda gezmek
out cold,baygın
out for a duck,başarısız olmak
out for blood,intikam peşinde
out loud,Sesli olarak
out of a job,işsiz
out of a nightmare,bir kabustan
out of action,iş dışı
out of all proportion,orantısız
out of book,kitaptan
out of bounds,sınırların dışında
out of breath,nefes nefese
out of central casting,tamamen gerçekçi olmayan
out of character,karakter dışı
out of collar,yakadan aşağı
out of commission,iş dışı
out of conceit with,...ile uyumsuz
out of condition,formsuz
out of control,kontrol dışı
out of countenance,tedirgin
out of course,elbette
out of date,eski
out of drawing,çizimden
out of fashion,modası geçmiş
out of favor,dışlanmış
out of favour,dışlanmış
out of fix,düşünce dışı
out of focus,odak dışı
out of form,formsuz
out of frame,çerçeve dışında
out of gas,benzin bitmiş
out of gauge,ölçü dışı
out of gear,vitesde değil
out of hand,kontrol dışı
out of harness,koşumdan
out of heart,kalpten
out of heat,ısıdan
out of house and home,evden dışarı
out of humour,keyifsiz
out of joint,ekleği çıkmış
out of keeping with,uygunsuz
out of kelter,düzensizlik içinde
out of key,nokta dışı
out of kilter,dengesiz
out of line,sınırın dışında
out of luck,Şanssız
out of nowhere,hiçbir yerden
out of one's box,kısıtlı düşünceden uzak
out of one's cotton-picking mind,ağzından köpükler saçan
out of one's depth,konuşmaktan aciz kalmak
out of one's element,uyumsuz
out of one's face,dengesini kaybetmek
out of one's fingers,parmaklarından düşmek
out of one's gourd,ağzından kaçırmak
out of one's hands,kontrol dışında
out of one's head,akıllarını kaçırmak
out of one's league,çekilecek seviyenin altında
out of one's mind,akıllısını yitirmek
out of one's own pocket,Kendi cebinden
out of one's senses,dengini yitirmek
out of one's sight,gözünün önünden gitmek
out of one's skin,derinden etkilenmek
out of one's system,sisteminden atmak
out of one's time,vaktini harcamak
out of one's tree,Çılgın
out of order,bozuk
out of place,yerinde değil
out of play,oyundan
out of plumb,dikeyden sapmış
out of pocket,cebelerden
out of power,elektriksiz
out of practice,pratikten uzak
out of preparation,hazırlık aşamasında
out of print,baskıdan kalkmış
out of process,süreç dışı
out of proportion,orantısız
out of question,sorun değil
out of rack,raf dışı
out of reach,ulaşılabilir olmayan
out of season,mevsim dışı
out of service,kullanım dışı
out of shape,formsuz
out of sight,görünmez
out of someone's hands,kontrolünün dışında
out of someone's way,önünden çekilmek
out of sorts,keyifsiz
out of spirits,moral bozuk
out of spoons,kaşık yok
out of station,nöbet dışında
out of step,uyumsuz
out of stock,stokta yok
out of suits,elbise yok
out of suits with,ile takım elbise giymek
out of sync,senkronize değil
out of temper,Sinirli
out of the ark,arktan dışarı
out of the blue,beklenmedik bir şekilde
out of the box,kutu dışı
out of the chute,başlangıçta
out of the common,alışılmadık
out of the gate,başlangıçta
out of the loop,Bilgilendirilmemiş
out of the money,paranın bitmesi
out of the mouths of babes,çocukların ağzından
out of the ordinary,sıradışı
out of the picture,karenin dışında
out of the question,imkansız
out of the running,yarıştan çekilmiş
out of the starting gate,başlangıç çizgisinden
out of the way,yoldan çekil
out of the window,pencereden dışarı
out of the woods,tehlikeden kurtulmak
out of thin air,havadan
out of this world,inanılmaz
out of time,vakit kalmaması
out of touch,iletişimsiz
out of town,Şehir dışında
out of true,yanlış
out of tune,yanlış akortlu
out of turn,sıra dışı
out of use,kullanım dışı
out of view,Görüş açısı dışında
out of wedlock,düğün dışında
out of whack,bozulmuş
out of wind,ruzgardan mahrum
out of work,işsiz
out on a limb,risk almak
out on one's feet,ayağa kalkmak
out on the tiles,dışarıda
out over one's skis,kontrolü kaybetmek
out sick,rahatsız
out the ass,arkadan
out the blue,birden
out the wazoo,çok fazla
out the window,pencereden dışarı
out to lunch,öğle yemeğinde
out-paramour the Turk,Türk'ü aşarak
outpope the Pope,Papadan daha üstün olmak
outrun the constable,polisi yakalamadan kaçmak
outside chance,çok düşük ihtimal
outside job,dışarıdan yapılan iş
outside of,dışında
outside the box,kalıpların dışında
outside world,dış dünya
outta town,Şehir dışında
over a barrel,çaresiz durumda
over and out,bitiş
over and over,sürekli olarak
over and over again,sürekli olarak
over easy,göz kırık
over hard,çift sarılı
over light,hafif üzerine
over medium,orta pişmiş
over my dead body,Ölümlerimin üzerinde
over nine thousand,dokuz binden fazla
over one's head,başının üzerinde
over one's skis,yeteneklerinin üzerinde
over open sights,açık nişantı ile
over the counter,reçetesiz
over the edge,kenarın ötesinde
over the fence,çit üzerinden
over the head,kafa üzerinden
over the hill,tepelerin ötesinde
over the hills and far away,tepelerin ötesine çok uzaklara
over the hump,tepelerin üzerinden geçmek
over the left,sola doğru
over the left shoulder,Sol omuza doğru
over the line,sınırı aşmak
over the moon,çok mutlu
over the odds,oldukça yüksek ihtimalle
over the rainbow,gökkuşağının ötesinde
over the top,abartılı
over the transom,kapıdan içeri
over the way,karşı tarafta
over the wire,kablodan
over time,zamanla
over well,iyi durumda
over-the-counter,reçetesiz
overstep the mark,sınırı aşmak
owe it to oneself,kendine borçlu olmak
owe out,borçlu olmak
owing to,nedeniyle
own up,itiraf etmek
ox is in the ditch,Öküz çukura düştü
oxygen burning,oksijenle yanma
p'd off,Sinirlenmiş
pace off,mesafe ölçmek
pace out,mesafe ölçmek
pack away,kapatmak
pack fudge,fudje paket
pack heat,silah taşımak
pack in,ambalajlamak
pack it in,bitir
pack of lies,yalanlar dizisi
pack off,defol
pack on,artırmak
pack out,ambalajlamak
pack shit,aptalca şeyler
pack up,toplamak
packaged goods,ambalajlı ürünler
packed to the gills,taşmış
packed to the rafters,taşmış durumda
packing for Perth,Perth için hazırlık
pact of silence,sessizlik anlaşması
pacta sunt servanda,sözleşmelerin yerine getirilmesi
pad down,bastırmak
pad out,doldurmak
pad up,dolgu yapmak
padded cell,yastıklı oda
paddle one's own canoe,kendi işini kendin yapmak
page down,Sayfayı aşağı kaydır
page in,içeri
page out,sayfayı dışarı at
page up,Sayfa yukarı
pagoda tree,Çin ağacı
pain in the ass,uğraşması zor
pain in the neck,boyun ağrısı
painful on the eyes,Gözleri yoran
paint a rosy picture,gül rengi bir tablo çizmek
paint down,boyayı çıkarmak
paint oneself into a corner,kendini çıkmaz bir duruma sokmak
paint out,boyamak
paint over,üzerini boyamak
paint the town red,Şehri inletmek
paint the wagon,vagonu boyamak
paint up,boyamak
paint with a broad brush,genel olarak ele almak
painting rocks,taşlara resim yapmak
pair and share,paylaş ve tartış
pair of shoes,ayakkabı çifti
pair off,çift olmak
pair up,eşleşmek
paisa vasool,paraya değer
pal around,takılmak
pal up,arkadaş olmak
palace intrigue,saray entrikaları
palace politics,saray siyaseti
pale in comparison,karşılaştırmada solmak
pale rider,soluk binici
pall on,yük bindirmek
palm off,satmak
palm out,avuç içiyle
palmately compound,parmaksı bileşik
pam off,Pam kapat
pan and scan,kaydırma ve tarama
pan out,başarıya ulaşmak
Pandora's box,Pandora'nın kutusu
pansy up,yumuşak olmak
pants on fire,yalan söylüyor
paper bag,kağıt torba
paper over,örtbas etmek
paper tiger,kağıttan kaplan
paper trail,belge izi
par avion,uçakla
par delictum,suç nedeniyle
par for the course,olağan bir durum
par off,kapat
parade of horribles,korkunçluklar sergisi
parade passed someone by,yürüyüş birinden geçti
paradise on earth,yeryüzündeki cennet
paralysis by analysis,analiz felci
parcel out,paylaştırmak
parcel up,paketlemek
pardon me,afedersiniz
pardon my French,afedersiniz
pare down,azaltmak
parentally challenged,ebeveynlikle ilgili sorunlar yaşayan
park and bark,park ve havlama
park in,parkta
park that thought,o düşünceyi
park the bus,Otobüsü park etmek
park up,park etmek
part and parcel,ayrılamaz bir parça
part off,ayır
part out,parçalara ayırmak
part with,ayrılmak
partial out,kısmen dışarı
partially ordered,Kısmen sıralı
parting of the ways,ayrılık
parting shot,veda çekimi
partner up,ortaklık kurmak
party animal,parti canavarı
party cry,parti sloganı
party down,eğlen
party hardy,coşkuyla eğlenmek
party hearty,coşkuyla eğlenmek
party in one's mouth,ağızda parti
party like it's 1999,1999'muş gibi eğlen
party on,partiye devam
party to,katılımcı
party up,gruplara katılmak
pas devant les enfants,Çocukların önünde
pass along,iletmek
pass around,dolaştırmak
pass as,geçmek
pass away,vefat etmek
pass by,geçmek
pass down,aktarmak
pass for,geçmek
pass muster,başarılı olmak
pass off,sahtecilik yapmak
pass off as,kendini geçirmek
pass on,aktarmak
pass oneself off as,kendini öyle göstermek
pass out,bayılmak
pass over,atlamak
pass round,dağıtmak
pass the bottle of smoke,duman şişesini ver
pass the buck,sorumluluğu devretmek
pass the hat,şapkayı geçir
pass the river,nehri geç
pass the torch,bayrağı devretmek
pass through,geçmek
pass under the yoke,yoke altında kalmak
pass up,kaçırmak
past it,geçmişte
past one's prime,en iyi zamanını geçmek
past the point of,noktanın ötesinde
paste away at,yapıştırmak
paste up,yapıştırmak
pasture out,otlak
pat down,aranma
pat on the back,sırtına vurmak
pat somebody on the back,sırtını sıvazlamak
pat. pend.,patent bekliyor
patch over,yamak
patch together,birleştirmek
patch up,tamir etmek
patience is a virtue,sabır bir erdemdir
patience of a saint,aziz sabrı
patience of an angel,meleğin sabrı
patience of Job,Eyüp sabrı
patience of Mother Teresa,Mother Teresa'nın sabrı
patriotically correct,vatanseverce doğru
pattern up,desen oluşturmak
pave the road to hell,Cehenneme giden yolu açmak
pave the way,önce yolu açmak
pave the way for something,Bir şey için zemin hazırlamak
paw at,patalla
paw off,itibara almak
paw up,pati kaldır
pawn off,satmak
pawn off as,satmak için
pawn upon,söz vermek üzerine
pay a visit,ziyaret etmek
pay and display,ücretli otopark
pay attention,dikkat et
pay back,ödemek
pay dividends,kâr dağıtmak
pay down,ödemek
pay heed,dikkat etmek
pay homage to,saygı göstermek
pay its way,kendini finanse etmek
pay off,ödeme yapmak
pay off old scores,Eski hesapları kapatmak
pay one's debt to society,topluma borcunu ödemek
pay one's dues,borcunu ödemek
pay or okay,olur
pay out,ödeme yapmak
pay packet,maaş
pay the bills,faturaları ödemek
pay the fiddler,mızıkacıya para vermek
pay the freight,nakliye ücretini ödemek
pay the penalty,cezayı ödemek
pay the piper,bedelini ödemek
pay the price,bedelini ödemek
pay the rent,kira ödemek
pay through the nose,ağzından para düşürmek
pay to play,ücretli katılım
pay towards,ödemek için
pay tribute to,saygılarını sunmak
pay up,ödeme yapmak
pea patch,bezelye tarlası
pea-time is past,Bezelye zamanı geçti
peace of mind,iç huzur
peace out,hoşça kalın
peace through strength,güçle barış
peaches and cream,şeftali ve krema
peal out,kükremek
peanut butter,fıstık ezmesi
peanut gallery,tribün
pearl of wisdom,bilgelik incisi
pearls before swine,domuzlara inci vermek
pearly whites,beyaz dişler
pebble in one's shoe,ayakta rahatsızlık
peck at,tırmalamak
pecker checker,tokmak kontrol cihazı
pedal to the metal,gazı körmeden
pedals to the metal,gazı körmeden
peddle out,satmak
pee in someone's cornflakes,birine hayatını zorlaştırmak
pee off,Rahatsız etmek
pee on someone's cornflakes,Birinin mısır gevreği üzerine işemek
pee one's pants,pantolonunu ıslatmak
peed off,Defol
peel away,soyulmak
peel me a grape,Bana bir tane üzüm soy
peel off,soyulmak
peel out,lastik yakmak
peel the onion,Soğanı soy
peep of day,güneşin ilk ışığı
peep out,göz atmak
peeve off,sinirlendirmek
peg away,çalışmak
peg back,geri çekmek
peg down,sabitlemek
peg out,sabitlemek
peg the needle,iğneyi sabitlemek
pellet moulding,Granül kalıplama
pelt down,sağanak yağmur
pelt of the dog,köpeğin derisi
pen in,içine
pen picture,kelimelerle resim çizmek
pen up,açmak
penalty box,Ceza sahası
pencil in,kalemle çizilmiş
pencil out,hesaplamak
pencil whip,kalemle çırpmak
pendente lite,dava devam ederken
penny for them,onlara bir kuruş vermeyeceğim
penny for your thoughts,Aklından neler geçiyor
penny in the fusebox,sigorta kutusundaki bozukluk
penny pincher,cimri
penny wedding,bakır düğün
penny wise and pound foolish,cimri
pension off,emeklilik
people person,insanlarla iyi ilişkiler kuran
people sit on chairs,İnsanlar sandalyelerde oturur
pep in one's step,canlılık
pep up,canlandırmak
pepper up,baharatlamak
Pepperidge Farm remembers,Pepperidge Farm hatıraları
per annum,yıllık
per cent,yüzde
per curiam,mahkeme kararı
per nocte,gece boyunca
per stirpes,soy yoluyla
perfect is the enemy of good,Mükemmel olmak, iyinin düşmanıdır
perfect storm,mükemmel fırtına
perfection is the enemy of good,mükemmeliyet, iyinin düşmanıdır
perish the thought,Düşünmek bile istemiyorum
perk up,canlanmak
permanent shave,kalıcı tıraş
perp walk,polis nezaretinde yürüyüş
persist down,devam etmek
persist it down,işaret et
person from Porlock,Porlocklu kişi
person up,kalk
personal capital,kişisel sermaye
pertaining to,ilişkin
pet peeve,sinir bozucu şey
peter out,sönmek
Peter Pan syndrome,Peter Pan sendromu
Pfizer riser,Pfizer yükselişi
phase down,azaltmak
phase in,aşamalı olarak uygulamak
phase out,kademeli olarak kaldırmak
philatelically inspired,fildelayle ilham alınmış
phone ahead,Önceden haber verin
phone in,telefonda
phone tag,telefonla iletişim kurma
phone up,arayıp haber almak
phoney up,sahtecilik yapmak
phony up,uydurmak
physical break,fiziksel dinlenme
physically challenged,engelli
pick a fight,kavga etmek
pick and pack,ayıp paketle
pick apart,parçalara ayırmak
pick at,oyalamak
pick away at,yavaş yavaş tüketmek
pick corners,köşeleri seçmek
pick holes,kusur bulmak
pick it up,al
pick of the crop,en iyisi
pick of the litter,yavruların en iyisi
pick off,ayırmak
pick on,alay etmek
pick on someone your own size,kendine uygun birini seç
pick one's battles,savaşlarını seçmek
pick one's nose,burnu karıştırmak
pick out,seçmek
pick out of a hat,kura çekmek
pick over,ayırmak
pick someone's brain,birinin aklından yararlanmak
pick through,ayırmak
pick up,almak
pick up on,anlamak
pick up stitches,ilmek almak
pick up the pace,Hızı artır
pick up the pieces,parçaları toplamak
pick up the tab,hesabı ödemek
pick up the threads,işleri devralmak
pick your poison,zehirini seç
pickin' and grinnin',gülümseyerek eğlenmek
pickle up,turşu yapmak
pics or it didn't happen,Kanıt lazımsa
pictures or it didn't happen,Fotoğraf çekilmezse olmadı
piddle away,boşa geçirmek
pie in the sky,havada kapma
pie off,pasta
piece by piece,parça parça
piece of ass,aptal kadın
piece of cake,çok kolay
piece of crap,işe yaramaz şey
piece of shit,aptal
piece of someone,bir parça
piece of tail,kuyruk parçası
piece of the action,işin bir parçası
piece of the pie,paylaşım
piece of the puzzle,Bulmacanın bir parçası
piece of work,iş
piece out,parçalara ayırmak
piece together,bir araya getirmek
piece up,parçalara ayırmak
Pierian spring,Piyeriasuyu
piffy on a rock bun,kayalık bir tepede küçük bir kek
pig in a poke,gözü kapalı alma
pig off,domates soslu
pig out,şımartmak
pigs can fly,domuzlar uçabilir
pigs may fly,domuzlar uçabilir
pigs might fly,domuzlar uçabilir
pile in,yığılmak
pile on,yığmak
pile out,dışarı çıkmak
pile Pelion on Ossa,Pelion'u Ossa'nın üzerine yığmak
pile up,yığılmak
pill in the pocket,cebette hap
pill mill,ilaç fabrikası
pill up,ilaçları almak
pillow talk,yatak sohbeti
pilly willy,sallantılı
pimp out,süslemek
pimp up,süslemek
pin a rose on your nose,Burnuzuza bir gül yapıştırın
pin back,sabitletmek
pin down,belirlemek
pin money,cebire para
pin on,iğnelemek
pin up,sabitlemek
pinch at,sıkmak
pinch off,koparmak
pinch one off,koparmak
pinch out,sıkıştırmak
pine away,özlemek
pink slip,işten çıkarma bildirimi
pink up,pembeleştirmek
pins and needles,uyuşma
pip to the post,son saniyede
pipe down,Sessiz olun
pipe dream,hayal
pipe in,boru
pipe off,sigara içmek
pipe the eye,göz makyajı yapmak
pipe up,konuş
piping hot,Çok sıcak
piping times,borulama zamanları
piping times of peace,barış zamanı konserleri
piss about,boşuna harcamak
piss and moan,şikayet etmek
piss around,oyuncak yapmak
piss away,boşa harcamak
piss down,sağanak yağmur
piss in someone's cereal,Birinin yulaf ezmesine işemek
piss in someone's cornflakes,birinin mısır gevreğini bozmak
piss it down,sağanak yağmur
piss like a racehorse,at gibi idrar yapmak
piss money up the wall,boşa para harcamak
piss more than one drinks,içtiğinden daha fazlasını boşaltmak
piss off,Defol
piss on,siktir et
piss on someone's cornflakes,Birinin mısır gevreğini bozmak
piss on someone's parade,Keyiflerini bozmak
piss up,boşuna harcamak
piss up a wall,boşa harcamak
pissed off,Sinirli
pissing war,gereksiz tartışma
pit against,karşı karşıya getirmek
pit out,oymak
pitch and pay,sunmak ve ödemek
pitch around,etrafında dönmek
pitch in,katkıda bulunmak
pitch into,atlamak
pitch on,sunum
pitch out,dışarı atmak
pitch up,gelmek
pitch upon,üzerine düşmek
pitch woo,flört etmek
pitchers have ears,kup yapanların kulakları var
pity fuck,merhametten kaynaklanan cinsel ilişki
pixel peeper,piksel inceleyici
pizza table,pizza masası
place of business,iş yeri
place to be,gitmek istediğin yer
plain dealing,Dürüstlük
plan ahead,Önceden plan yapmak
plan on,planlamak
plan out,planlamak
plank down,ödemek
plank up,desteklemek
plant a seed,bir tohum ekmek
plant one's feet,ayağını yere basmak
plant out,dikmek
plastic fantastic,plastik harika
plate away,taraftan ayırmak
plate out,servise koymak
plate up,tabağa koymak
play a double game,çift taraflı oyun oynamak
play a part,rol oynamak
play a role,rol oynamak
play about,oyun
play all one's cards,elindeki tüm kartları kullanmak
play along,oyuna katılmak
play around,oyuncak
play at,oynamak
play away,deplasman maçı
play back,geri çal
play ball,toprakmaç
play booty,popoyla oynamak
play both sides against the middle,iki tarafı birbirine karşı kullanmak
play by ear,duruma göre
play chicken,tavşan korkutmak
play Cupid,Aşkı getirmek
play down,küçümsemek
play dumb,aptal gibi davranmak
play fast and loose,riske etmek
play first fiddle,ön planda olmak
play for love,sevgi için oynamak
play for time,zaman kazanmak
play games,oyun oynamak
play hard to get,zor beğenmek
play hardball,kesin yaklaşım
play hob with,oyuncakla
play hooky,devamsızlık yapmak
play in,içinde olmak
play in Peoria,Peoria'da oynamak
play into,içine girmek
play it cheap,ucuzluk yapmak
play it cool,Sakin ol
play it for all it's worth,elinden geleni yapmak
play it safe,güvenli tarafta olmak
play it straight,dürüst ol
play merry havoc with,şaşkınlık yaratmak
play merry hell with,tam bir karmaşa yaratmak
play off,playoff
play Old Gooseberry,Eski Kuşburnu oyna
play Old Harry,Old Harry oynayın
play Old Harry with,Old Harry ile oynamak
play on,oyun oynamak
play on someone's heartstrings,kalbi etkilemek
play on words,kelime oyunları
play one against another,birini diğerine karşı oynatmak
play one's cards right,işleri yoluna koymak
play one's part,rolünü oynamak
play or pay,oyna veya öde
play out,gerçekleşmek
play politics,siyasi oyun oynamak
play possum,ölü takılmak
play safe,güvenli olmak
play second fiddle,ikincil rol oynamak
play silly buggers,aptallık yapmak
play someone like a fiddle,birini kukla gibi kullanmak
play someone like a violin,birini kukla gibi kullanmak
play the angles,Açıları kullanmak
play the cat and banjo with,kedi ve banjo ile oyna
play the deuce with,deuce oynamak
play the devil with,şeytanla dans etmek
play the dickens with,işleri karıştırmak
play the field,flört etmek
play the fool,aptal gibi davranmak
play the gender card,cinsiyet kartını oynamak
play the hand one is dealt,eldeki kartlarla oynamak
play the mischief with,şakayla yaklaşmak
play the Nazi card,Nazi kartını oynamak
play the ponies,ataları oynamak
play the race card,ırk kartını oynamak
play the same tape,aynı kaseti çal
play the something card,bir kart oynamak
play the victim card,kurban rolü yapmak
play the wag,havlamak
play through,tamamlamak
play to,oynamak için
play to the gallery,Seyirciye oynamak
play to win,kazanmak için oynamak
play up,abartmak
play up to,abartmak
play upon,oynamak
play well with others,başkalarıyla iyi geçinmek
play with,oyna
play with a full deck,tam desteyle oynamak
play with fire,ateşle oynamak
play with house money,kaybetmekten korkmadan oynamak
play with oneself,kendisiyle oynamak
plead down,indirgemek
plead out,itiraf etmek
plead over,rica etmek
plead up,itiraf etmek
please excuse my dear Aunt Sally,lütfen sevgili halamı affedin
please find attached,ekte bulabilirsiniz
please help me,Lütfen bana yardım edin
please repeat after me,Lütfen benimle birlikte tekrar edin
please say that again,Lütfen tekrar söyleyin
please sit down,lütfen oturun
please speak more slowly,Lütfen daha yavaş konuşun
please turn left,Lütfen sola dönün
please turn right,sağa dönün
please yourself,İsteğini yerine getir
pleased to meet you,tanıştığıma memnun oldum
pleased with oneself,kendinden memnun
pleasure oneself,eğlenmek
plop down,oturmak
plot out,planlamak
plough a lonely furrow,yalnız bir çukur açmak
plough ahead,ilerlemek
plough back,geri yatırmak
plough down,sürmek
plough in,sürüş
plough into,sokmak
plough money,yatırım yapmak
plough on,devam etmek
plough one's own furrow,Kendi yolunu çizmek
plough one's way,zorluklarla başa çıkarak ilerlemek
plough over,tarla sürmek
plough the back forty,Arka kırk dönüme çim sürmek
plough through,uğraşmak
plough under,toprağa göm
plough up,sürüklemek
plow ahead,ilerlemek
plow back,geri yatırmak
plow down,sürerek düzeltmek
plow in,sürüklemek
plow into,sürüş yapmak
plow on,sürmek
plow one's way,yol açmak
plow over,sürerek geçmek
plow the sands,kumları sürmek
plow through,başa varmak
plow under,toprağa göm
plow up,sürüklemek
plow with one's heifer,inekleriyle sürüm yapmak
pluck out,koparmak
pluck up,cesaretlenmek
plug and chug,otomatikleştirilmiş
plug and play,tak ve çalıştır
plug away,çözüme ulaşmak için çalışmak
plug in,takmak
plug into,bağlamak
plug out,çıkarmak
plug up,tıkayıp
plumb in,dikey olarak
plumber up,tesisatçı
plumber's helper,Tesisatçı yardımcısı
plump down,yumuşakça oturmak
plump for,tercih etmek
plump up,şişirmek
plunge in,dallmak
plunge into,batmak
poach up,kaynatmak
poacher turned gamekeeper,avcıdan bekçiye
pobody's nerfect,kimse mükemmel değil
pocket dial,yanlışlıkla arama
pocket up,cebe koymak
poetry in motion,hareket halindeki şiir
pogi point,puan
point blank,açıkça
point fingers,suçlamak
point man,öncü
point out,belirtmek
point Percy at the porcelain,Percy'yi porselene doğrult
point the finger at,suçlamak
point the finger at somebody,suçlamak
point up,vurgulamak
poison pen,iftira yazarı
poison-pen letter,iftira mektubu
poisoned chalice,zehirli kadeh
poke about,sorgulamak
poke along,yavaşlamak
poke around,araştırmak
poke holes in,delik açmak
poke one's nose into,burnamak
poke out,çıkarma
poke someone's eye out,gözünü çıkarmak
poke the bear,ayı kışkırtmak
poker up,hazırlan
poles apart,tamamen farklı
police lives matter,polislerin de hayatı önemli
police up,polisleri çağır
polish a turd,bir bok parçasını parlatmak
polish off,parlatmak
Polish parliament,Polonya parlamentosu
polish up,parlatmak
polish up on,parlatmak
polite fiction,nazik kurgu
political football,siyasi malzeme
politically correct,siyasi olarak doğru
politically incorrect,siyasi olarak yanlış
Polly want a cracker,Papağan bir kraker ister
poney up,para ödemek
pony in the barn,ahırda bir at
pony up,para ödemek
pooch out,çıkarma
poon up,şişirmek
poop factory,dışkı fabrikası
poop in one's pants,pantalonuna kakalamak
poop machine,dışkı makinesi
poop oneself,korkudan altına sıçmak
poop out,tükenmek
poophole loophole,aptalca boşluk
poor as a church mouse,çok fakir
poor as a rat,çok fakir
poor door,fakir kapısı
poor is a mindset,Yoksulluk bir zihniyet meselesidir
poor is a state of mind,Yoksulluk bir zihniyet halidir
poor little rich boy,fakir küçük zengin çocuk
poor little rich girl,fakir küçük zengin kız
poor man's shilling,fakirin lirası
poor power,düşük güç
poorness is a state of mind,Yoksulluk bir zihniyet halidir
pootle along,yavaşlamak
pop down,inmek
pop for,patlama
pop in,beklemek
pop off,patlamak
pop on,çıkmak
pop one's cork,öfkelenmek
pop one's wad,sakız çiğnemek
pop out,öne çıkmak
pop someone's cherry,birinin ilk cinsel deneyimini yaşatmak
pop the cherry,ilk defa yapmak
pop the question,evlenme teklifinde bulunmak
pop up,açılır pencere
popcorn movie,mısır patlağı film
pope's nose,papa burnu
popper up,açılır pencere
porcelain god,porselen tanrı
porcelain goddess,porselen tanrıça
porcelain skin,porselen cilt
pore over,dikkatlice incelemek
pork out,harcamak
pork up,şişirmek
porn and prawn,porno ve karides
portion off,ayırmak
portion out,paylaştırmak
posh nosh,şık atıştırmalıklar
posh up,daha şık hale getirmek
positive Polly,olumlu Polly
possession is nine-tenths of the law,Sahip olmak, hukukun dokuz ondalık kısmı…
post mortem auctoris,yazarın ölümünden sonra
post off,postalamak
post up,dikmek
postally used,posta yoluyla kullanılan
poster boy,örnek kişi
poster child,örnek kişi
poster girl,reklam yüzü
pot calling the kettle black,tencere dibine vuran
pot kettle black,tencerenin dibini karartmak
pot of gold,altın testi
pot on,tencereye
pot out,söndürmek
pot up,dikmek
potato chaser,patates avcısı
Potemkin village,Potemkin köyü
potter about,etrafta dolaşmak
potter around,etrafta dolaşmak
potter's clay,çömlekçi kilı
potter's field,fakirler mezarlığı
potty mouth,küfürbaz
pound a beat,ritmi tutmak
pound for pound,kilo başına
pound of flesh,bedelini ödetmek
pound one's flounder,çıkmazda kalmak
pound out,öğütmek
pound sand,kum yiyin
pound the pavement,kapı kapı dolaşmak
pour cold water on,soğuk su dökmek
pour cold water over,soğuk su dökmek
pour down,dökülmek
pour down the drain,lavaboya dökmek
pour encourager les autres,diğerlerini teşvik etmek için
pour forth,dökülmek
pour fuel on the fire,ateşe körük atmak
pour gasoline on the fire,alevleri körüklemek
pour honey in one's ear,kulaklarına bal damlatmak
pour honey into one's ear,kulaklarına bal dökmek
pour honey on,bal dökmek
pour in,dökmek
pour into,dökmek
pour oil on troubled waters,kazanı pişirmek
pour one out,bir kadeh kaldırın
pour one's heart out,Kalbini dökmek
pour out,dökmek
poverty is a mindset,Yoksulluk bir zihniyet meselesidir
poverty is a state of mind,Yoksulluk bir zihniyet halidir
powder keg,barut fıçısı
power ahead,ilerlemek
power behind the throne,tahtın arkasındaki güç
power coffee,enerji kahvesi
power down,kapatmak
power grab,iktidar ele geçirme
power lunch,öğle yemeği toplantısı
power luncher,öğle yemeği toplantısı
power lunching,öğle yemeğiyle iş görüşmesi
power of the pencil,kalemin gücü
power of the purse,bütçe yetkisi
power off,Kapatmak
power on,açma
power up,güçlendirmek
powers that be,yetkililer
poz up,pozisyon al
practice makes perfect,pratik mükemmelleştirir
practice makes progress,pratik mükemmelleştirir
prairie dog,çita sıçanı
praise to the skies,göklere övgüler
praise with faint damns,hafifçe küfür ederek övmek
prang out,dışarı çıkmak
prat about,anlatmak
prat around,şaklabanlık yapmak
prawn cocktail offensive,karides kokteyli saldırısı
pray away the gay,eşcinselliği dua ederek yok etmek
pray tell,lütfen söyleyin
pray the gay away,eşcinselliği tedavi etmek
pray to the porcelain god,tuvalete gitmek
pray to the porcelain goddess,tuvalete gitmek
preach down,aşağılamak
preach in the desert,çöllede vaaz etmek
preach to deaf ears,duymaz kulaklara anlatmak
preach to the choir,boşuna anlatmak
preach up,abartmak
preach water and drink wine,vaaz vermek ama uygulamamak
precious little,çok az
prep out,hazırlık
prep up,hazırlanmak
prepare ahead,Önceden hazırlık yapmak
prepare the ground,zemini hazırlamak
prepare up,hazırlanmak
present company excepted,buradakiler hariç
present company excluded,buradakiler hariç
preserved in aspic,aspen içinde korunmuş
press ahead,ilerlemek
press down,aşağı bastır
press F to pay respects,F tuşuna basarak saygılarınızı sunun
press into service,hizmete sokmak
press on,ısrar et
press out,dışarı itmek
press the flesh,el sıkışmak
press the panic button,panik düğmesine basın
pressed for time,Zamanı kısıtlı
pressure makes diamonds,Basınç elmas oluşturur
pretty penny,yüksek fiyat
pretty pictures,güzel resimler
pretty please with sugar on top,lütfen çok rica ediyorum
pretty Polly,sevgili Polly
pretty up,süslemek
pretzel up,bükülmüş
prevail upon,ikna etmek
prevention is better than a cure,Önlem almak tedavi etmekten iyidir
prevention is better than cure,Önlemek tedavi etmekten iyidir
previously disadvantaged,önceden dezavantajlı durumda olanlar
prey on,avlamak
prey upon,avlamak
price in,içinde fiyat
price is right,fiyat uygun
price of eggs,yumurta fiyatı
price of tea in China,Çin'deki çayın fiyatı
price on someone's head,başına ödül konulmuş olması
price out,fiyatını hesaplamak
price up,fiyat artışı
prick out,delmek
prick up,dikkatini çekmek
pride comes before a fall,Gurur düşüşten önce gelir
pride comes before the fall,gurur düşüşten önce gelir
pride cometh before a fall,Gurur düşüşten önce gelir
pride goes before a fall,Gurur düşüşten önce gelir
pride goeth before a fall,Gurur düşüşten önce gelir
pride wenteth before a fall,gurur düşüşten önce gelir
prim and proper,asal ve terbiyeli
prime of life,hayatının en güzel dönemi
prime the pump,pompaya ilk hareketi vermek
prime up,hazırlamak
primitive type,temel tür
primp up,süslemek
primrose path,sarı papatya yolu
prink up,süslemek
print off,yazdır
print out,yazdırma
print up,yazdır
prior to,önceden
prior to that,ondan önce
prior to this,Bunun öncesinde
priss around,havalandı
private credit,özel kredi
private eye,özel dedektif
privately held,özel sermayeli
prize pig,ödüllü domuz
pro bono,ücretsiz
pro parte,kısmen
pro re nata,gerektiğinde
pro tip,ipucu
problem child,Sorunlu çocuk
procrastination is the thief of time,ertelemeler zamanın hırsızıdır
procure to pay,ödeme yapmak
professional suicide,profesyonel intihar
professional victim,sürekli mağdur rolü oynayan
proffer up,sunmak
progressive love,ilerici aşk
Promised Land,Vaat edilen toprak
prone out,öne eğilmiş
prop forward,ileri oyuncu
prop up,desteklemek
prop up the bar,Barı desteklemek
prophet of doom,kıyamet peygamberi
pros and cons,artıları ve eksileri
pros ton kairon,doğru zaman
protest too much,çok fazla itiraz etmek
Protestant work ethic,Protestan çalışma etiği
proud as a peacock,tavşan gibi gururlu
prove out,kanıtlamak
proverbs come in pairs,atasözleri genellikle çiftler halinde bu…
proverbs go in pairs,atasözleri genellikle çiftler halinde bu…
proverbs hunt in pairs,atasözleri çiftler halinde aranır
proverbs often come in pairs,atasözleri genellikle çiftler halinde ge…
proverbs run in pairs,atasözleri genellikle çiftler halinde bu…
proverbs should be sold in pairs,atasözleri çiftler halinde satılmalı
proverbs should be writ in pairs,atasözleri çiftler halinde yazılmalıdır
proverbs should come in pairs,atasözleri genellikle çiftler halinde ge…
proverbs should go in pairs,atasözleri genellikle çiftler halinde ol…
provided that,eğer ki
psych out,korkutmak
psych up,moral vermek
psyched up,heyecanlı
psychological warfare,psikolojik savaş
pub grub,pub yiyecekleri
public intellectual,kamuoyu entelektüeli
public purse,kamu hazinesi
publicity hound,dedikodu meraklısı
publicly held,kamuya açık
publish or perish,yayınla veya yok ol
pucker up,öpmek
pudding and tame,pudding ve uysal
puddle jumper,sıçrama maymunu
puddle up,birikmek
puff out,şişirmek
puff up,şişirmek
puke up,kusmak
pull a face,yüz yapmak
pull a fast one,hile yapmak
pull a lever,Bir kolu çekmek
pull about,çekip çevirmek
pull ahead,öne geçmek
pull an all-nighter,Tüm gece uyanık kalmak
pull apart,ayrı yapmak
pull aside,yana çekmek
pull away,uzaklaşmak
pull back,geri çekmek
pull back the curtain,perdeyi aralamak
pull down,indirmek
pull faces,yüz yapmak
pull for,çekmek için
pull in,çekmek
pull in one's horns,Kendini dizginlemek
pull into,içe çekmek
pull it out,Çek onu
pull my finger,Parmagımı çek
pull off,başarmak
pull on,çekmek
pull one over,aldatmak
pull one's finger out,kendini toparlamak
pull one's pud,kendini beğenmek
pull one's punches,kendini tutmak
pull one's socks up,kendini toplamak
pull one's weight,Kendi yükünü taşmak
pull oneself together,Kendini toplamak
pull oneself up by one's bootstraps,kendi kendine yetmek
pull out,çekmek
pull out all the stops,Her şeyi yapmak
pull out of one's arse,gözünden akan
pull out of one's ass,sıkıntıdan
pull out of the fire,ateşten çekmek
pull out of the hat,şapkadan tavşan çıkarmak
pull over,Kenara çekmek
pull punches,yumuşak olmak
pull rank,makamını kullanmak
pull round,düzeltmek
pull someone's leg,ayaklarını çekmek
pull someone's plumes,kimsenin kuyruğunu çekişmek
pull strings,etki sahibi olmak
pull teeth,diş çekmek
pull the ladder up after oneself,Merdiveni çekip arkasından gelmek
pull the ladder up behind oneself,Merdiveni yukarı çekmek
pull the long bow,abartmak
pull the other leg,diğer bacağından da çek
pull the other one,birini kandırmak
pull the plug,fişi çekmek
pull the rug out from under,altını kaydırıp gitmek
pull the shutters down,Panjurları kapat
pull the strings,iplerini çekmek
pull the trigger,tetiği çekmek
pull the wool over someone's eyes,gözlerini boyamak
pull through,başarmak
pull together,bir araya gelmek
pull up,çekmek
pull up on,çekmek
pull up stakes,yer değiştirmek
pull up your pants,Pantolonunuzu çekin
pulling power,çekiş gücü
pulling the plug,fişi çekmek
pump and dump,pompalamak ve satmak
pump and jump,pompa ve zıpla
pump out,pompalama
pump someone's tires,lastiklerini şişirmek
pump up,şişirmek
pumpkin head,kabak kafalı
punch above,beklentileri aşmak
punch above one's weight,beklentilerin üzerinde performans göster…
punch below one's weight,beklentilerin üzerinde performans göster…
punch down,aşağı indirmek
punch in,işe başlamak
punch it,vur
punch out,işten çıkmak
punch someone's lights out,Birini bayıltmak
punch someone's ticket,birinin yolculuğunu bitirmek
punch up,canlandırmak
punch-up session,tartışma
punk out,punklaşmak
purchase to pay,satın almaktan ödemeye
purely imaginary,Tamamen hayali
purple monkey dishwasher,mor maymun bulaşık makinesi
push about,itmek hakkında
push against an open door,Açık bir kapıya doğru itmek
push along,ileri itmek
push around,itip itelemek
push aside,yana çekmek
push away,İttirmek
push back,ertelenmek
push down,aşağı it
push for,ısrar etmek
push in,içeri it
push it,İtiş
push off,itmek
push on,devam et
push one's luck,şansını denemek
push one's way,Kendini dayatma
push out,dışarı itmek
push over,devirmek
push past,aşmak
push the boat out,harcamak
push the envelope,sınırları aşmak
push through,başarmak
push together,bir araya itmek
push under,altına itmek
push up,şınav
push up against,karşı koymak
push up daisies,çiçek açmak
push up on,yukarı doğru itmek
push water uphill,suyu yukarı doğru itmek
puss out,pes etmek
pussy out,korkaklık yapmak
put 'em up,ellerini kaldır
put a blanket over,bir battaniye ört
put a bug in someone's ear,birine bir şey fısıldamak
put a damper on,soğutmak
put a finger to the wind,rüzgarın yönünü anlamak
put a foot wrong,yanlış bir şey yapmak
put a gun to someone's head,birinin kafasına silah dayamak
put a hat on a hat,şapka üzerine şapka takmak
put a lid on,kapağı kapatmak
put a lid on it,Bunu örtün
put a shift in,vardiya girmek
put a slight upon,hakaret etmek
put a sock in it,Sessiz ol
put a stop to,durdurmak
put about,yaymak
put across,iletebilir
put ahead,öne geçirmek
put an end to,son vermek
put around,yaymak
put aside,yana bırakmak
put at risk,Risk altına almak
put away,koymak
put back,geri koymak
put batteries in someone's back,sırtta taşımak
put before,önce koymak
put behind one,birini geride bırakmak
put butter on one's bread,ekmeğe tereyağı sürmek
put by,biriktirmek
put case,kılıf
put daylight between oneself and someone,Kendini birinden uzak tutmak
put down,indir
put down as,belirtmek olarak
put down for,kaydetmek için
put down roots,kök salmak
put down to,bağlamak
put facts on the ground,gerçekleri ortaya koymak
put food on the table,geçinmek
put foot to ass,ayaksırtına basmak
put forth,ileri sürmek
put forward,ileri sürmek
put hair on someone's chest,sakal vermek
put her there,Orasını ona bırak
put in,koymak
put in a position,bir konuma yerleştirmek
put in mind,unutmamak
put in place,yerine koymak
put in pledge,taahhütte bulunmak
put in the ground,toprağa koymak
put in with,eklemek
put into one's own head,ağzına almak
put into practice,uygulama
put it about,yaymak
put it down,Bırak
put it off on,ertelenmek
put it past,beklerdim
put it there,Oradan koy
put it to,uygulayın
put lipstick on a pig,domatese ruj sürmek
put new wine in old bottles,eski şişelere yeni şarap koymak
put off,ertelemek
put on,giy
put on a clinic,klinik açmak
put on a pedestal,Bir yere koymak
put on airs,kendini beğenmişlik
put on frills,süslemek
put on hold,Beklemeye alınmak
put on one's dancing shoes,dans ayakkabılarını giymek
put on the dog,havlayıp ısırmamak
put on the long finger,ertelemek
put on the map,dikkat çekmek
put on the red light,Kırmızı ışığı yak
put on the ritz,lüks yaşamak
put one across,şaka yapmak
put one over,aldatmak
put one past,bir gol atmak
put one's affairs in order,işlerini yoluna koymak
put one's ass on the line,Her şeyini riske atmak
put one's back into,elini sürmek
put one's best foot forward,En iyi yüzünü göstermek
put one's cards on the table,ellerini açmak
put one's feet up,ayaklarını uzatmak
put one's finger in the dyke,barajı delmek
put one's finger in the fire,ateşe elini sokmak
put one's finger on,parmağını koymak
put one's finger on something,bir şeye parmak basmak
put one's foot down on,kararlılıkla karşı çıkmak
put one's foot down upon,ayağını basmak
put one's foot in it,Ağızdağırmak
put one's foot in one's mouth,Ağzından yanlış bir şey çıkarmak
put one's foot in someone's ass,götüne tekmek
put one's foot up someone's ass,Birinin arkasına geçmek
put one's hand in one's pocket,cebine elini sokmak
put one's hand to the plough,işe girişmek
put one's head in the sand,başını kuma gömmek
put one's heart in,kalbini koymak
put one's house in order,evini düzenlemek
put one's legs under someone's mahogany,birinin altına girmek
put one's mind to it,için elinden geleni yapmak
put one's name in the hat,aday olmak
put one's neck out,riske girmek
put one's shoulder into,elini sürmek
put one's stamp,damgalamak
put oneself about,etrafta dolaşmak
put oneself across,kendini ifade etmek
put oneself out,elinden geleni yapmak
put onto,koymak
put out,söndürmek
put out a fire,Yangını söndürmek
put out feelers,ön araştırma yapmak
put over,üstüne koymak
put paid to,sona erdirmek
put paid to something,bir şeye son vermek
put past,geçmişte kaldı
put pen to paper,yazmaya başlamak
put round,yuvarlak hale getirmek
put simply,basitçe söylemek gerekirse
put some timber on,odun koy
put somebody out of their misery,Acılarını dindirmek
put someone hip,moda olmak
put someone in a box,Birini bir kutuya koymak
put someone in mind of,hatırlatmak
put someone in their place,Yerini göstermek
put someone on blast,Açığa vurmak
put someone on ice,Beklemeye almak
put someone on to,tanıtmak
put someone out of their misery,Acılarını dindirmek
put someone to their trumps,Birini zor durumda bırakmak
put someone's back up,sinirlendirmek
put someone's lights out,ışıklarını söndürmek
put something behind one,bir şeyi geride bırakmak
put something into perspective,Bir şeyi doğru bir bakış açısıyla değerl…
put something on the line,riske atmak
put something out of their misery,Acılarını dindirmek
put store by,saklamak
put store in,mağaza koymak
put that in your hat,Onu şapka içine koy
put the bad mouth on,ağzını açmak
put the bee on,arıyı yerleştir
put the beggar on the gentleman,fakiri beyefendiye bindirin
put the boot in,ayak koymak
put the bottom rail on top,alt rayı üste koyun
put the brakes on,frenlemek
put the cart before the horse,öncekiyi sonra yapmak
put the cat among the pigeons,tartışma çıkarmak
put the clock back,saati geri almak
put the clock forward,saati öne almak
put the fear of God into,içini ürpertmek
put the finger on,parmağı koymak
put the hammer down,çekiç bırakmak
put the moves on,flört etmek
put the pedal to the metal,gazı körmek
put the plug in the jug,şişeye takmayı
put the record straight,Gerçeği ortaya koymak
put the screws,vidayı sıkmak
put the wood in the hole,Odunu deliğe koy
put through,bağlamak
put through hoops,zorlamamak
put through the mangle,yoğurmak
put through the wringer,çok zor durumda bırakmak
put to,uygulama
put to bed,yatağa yatırmak
put to good use,iyi kullanmak
put to the sword,kılıçla öldürmek
put to the test,test edilmek
put to use,kullanıma sunmak
put to work,işe koymak
put together,bir araya getirmek
put two and two together,bir artı bir eşittir iki mantığını uygul…
put under,altına koymak
put under pressure,baskı altında olmak
put up,kurmak
put up a brick,tuğla yerleştirmek
put up on,aldatmak
put up one's dukes,yumruklarını havaya kaldırmak
put up or shut up,Ya ya yapma ya da sus
put up to,teşvik etmek
put up with,tahammül etmek
put words in someone's mouth,birinin ağzına söz koymak
put-up job,sahte iş
putter about,etrafta dolaşmak
putter around,etrafta dolaşmak
putty in someone's hands,birine yetki vermek
putz around,etrafta dolaşmak
putz round,temizlik yapmak
puzzle out,çözmek
puzzle over,şaşkınlık içinde düşünmek
puzzle through,bulmaca çözmek
pyramid down,piramit şeklinde aşağı
pyramid up,piramit oluşturmak
Q. E. D.,Kanıtlandı
quad out,dörtlü
quake in one's boots,korkudan titremek
Quaker gun,Quaker silahı
qualify out,eleme turunda elenmek
quality over quantity,Kalite öncelikli
quantum tunnel,kuantum tüneli
quarrel out,tartışmayı bitirmek
quarrel with,tartışmakla
que sera sera,olacak o olacak
Queen Anne is dead,Kraliçe Anne öldü
Queen Anne's dead,Kraliçe Anne öldü
queen bee,kraliçe arı
queen of beasts,hayvanların kraliçesi
queen out,kraliçe gitti
queen up,kraliçe gibi
queer bashing,eşcinsel düşmanlığı
queer fish,garip balık
queer someone's pitch,bozmak
Queer Street,Garip sokak
queer up,eşcinsel hale getir
quelle surprise,ne kadar da sürpriz
queue up,sıraya girmek
quick as a flash,Çakmak gibi hızlı
quick as lightning,çok hızlı
quick buck,Kolay para
quick off the mark,çevik
quick on one's feet,çevik
quick on the draw,çabuk davranan
quick on the uptake,Çevik
quick read,Hızlı okuma
quick study,Çok hızlı öğrenen
quicken up,hızlandırmak
quidquid Latine dictum sit altum videtur,Latince söylenen her şey derinmiş gibi g…
quiet as a church mouse,kilise faresinin sessizliği
quiet as a mouse,fareli gibi sessiz
quiet down,Sessiz olun
quiet quit,sessizce ayrılmak
quieten down,Sakinleşin
quit scores,sonuçlar
quit while one is ahead,İleride kalana kadar bırak
quite a bit,biraz fazla
quite so,kesinlikle
quite some,biraz fazla
quite the opposite,tam tersi
quoad sacra,dini konularla ilgili olarak
quod erat demonstrandum,kanıtlanması gerekenin kanıtlanması
quod google,google
quoin up,köşe taşı
quote unquote,tırnak içinde
qwerty syndrome,qwerty sendromu
R. S. V. P.,Lütfen cevap verin
rabbit on,hareket et
rabble rouser,kışkırtıcı
rabz kebabz,bilmiyorum
raccoon eyes,tilki gözleri
race against the clock,zamana karşı yarış
race against time,zamana karşı yarış
race of truth,doğruluk yarışı
race off,yarışmak
race out of the traps,başlangıçta hızlı çıkmak
race queen,yarış kraliçesi
race riot,Irk çatışması
racially challenged,Irkçı önyargıları olan
rack and ruin,yıkıntı
rack off,Vazgeç
rack one's brain,kafa yormak
rack one's brains,kıvranmak
rack out,rafına yerleştirmek
rack up,biriktirmek
radio ahead,önceden haber ver
rafter snapper,çatı kırıcı
rag bagger,hurda toplayıcı
rag off,alay etmek
rag on,alay etmek
rag out,yırtmak
rag the puck,püğü çekmek
rail out,rayın dışına çıkmak
rain buckets,bardaktan boşanırcasına
rain cats and dogs,bardaktan boşanırcasına
rain death,yağmur ölüm
rain dogs and cats,bardaktan boşanırcasına yağmur
rain down,yağmak
rain fire and brimstone,ateş ve kükürt yağdırmak
rain follows the plough,Tarlayı sürenin ardından yağmur gelir
rain follows the plow,Tarlayı sürenin ardından yağmur gelir
rain off,yağmuru durdurmak
rain on someone's parade,Birinin planlarını bozmak
rain or shine,yağmur veya güneş
rain out,ertelendi
rain pitchforks,yağmur çatal
rain stopped play,oyun durdu
rainbow baby,gökkuşağı bebeği
rainbows and unicorns,gökkuşakları ve tekboynuzlu atlar
rainy day,Yağmurlu gün
raise awareness,farkındalık yaratmak
raise Cain,büyük gürültü koparmak
raise concerns,endişeleri dile getirmek
raise eyebrows,kaş kaldırmak
raise funds,fon toplamak
raise hell,bembeliği çıkarmak
raise its head,başını kaldırmak
raise its ugly head,çirkin yüzünü göstermek
raise money,para toplamak
raise one's eyebrows,kaşlarını kaldırmak
raise one's game,performansı artırmak
raise one's voice,sesini yükseltmek
raise questions,soru sormak
raise someone's hackles,sinirlendirmek
raise someone's shag,saçını kaldırmak
raise someone's spirits,moralini yükseltmek
raise the ante,bahsi yükseltmek
raise the bar,standartları yükseltmek
raise the line,hatayı düzelt
raise the possibility,olanağı gündeme getirmek
raise the roof,Çılgınca eğlenmek
raise the spectre,korkuyu uyandırmak
raise the stakes,bahsi yükseltmek
raise to the purple,mor renge yükseltmek
raise up,yükseltmek
raised by wolves,kurda kuşa büyütülmüş
raised in a barn,ahırda büyütülmüş
rake in,kazanmak
rake it in,kazanmak
rake off,kazımak
rake out,temizlemek
rake over,kazımak
rake over the coals,külleri karıştırmak
rake together,bir araya getirmek
rake up,ortaya çıkarmak
rally around,destek vermek
rally behind,destek vermek
rally round,destek vermek
rally round the flag,bayrak etrafında toplanmak
Ram Ram,Merhaba
ram something down someone's throat,Bir şeyi zorla birinin kabul ettirmesi
Ramadan mubarak,Ramazanınız mübarek olsun
rame over,çerçeve üzerinde
ramp along,yana doğru
ramp up,artırmak
range out,uzaklara ulaşmak
rank and file,sıra sıra dizilmiş insanlar
rank and yank,sıralamak ve çekmek
rant and rave,ağlamakla gülmek arasında
rap and rend,rap ve rendele
rap at,vurmak
rap back,cevap vermek
rap down,aşağı inmek
rap someone's knuckles,Parmaklarını vurmak
rare animal,Nadir hayvan
raring to go,hazır olmak
rark up,arkaya doğru
rash up,kızarıklık
rat on,ihbar etmek
rat out,ihbar etmek
rat run,faresin yolu
rat through,içinden geçmek
rat's nest,kemirgen yuvası
Ratatouille moment,Ratatouille anı
ratchet up,artırmak
rather than,bunun yerine
ratione temporis,zamanlama
rattle about,gürültü çıkarmak
rattle around,sallanmak
rattle off,sıralamak
rattle on,konuşmak durmak bilmeden
rattle through,sallamak
raunch out,kaba
ravel out,çözmek
ravin down,aşağıya doğru akmak
raw deal,haksızlık
ray of light,ışık huzmesi
razz someone's berries,sallamak
reach down,aşağıya uzanmak
reach for,ulaşmak için
reach for the sky,göğe ulaşmak
reach for the stars,yıldızlara ulaşmak
reach out,ulaşmak
reach past,geçmek
read across,okumak
read along,birlikte okumak
read between the lines,satır arasına bakmak
read for,için okumak
read in,içeri aktar
read into,anlam çıkarmak
read lips,dudak okumak
read minds,aklını okumak
read my lips,dudaklarımdan dinle
read off,okumak
read oneself in,kendini hazırlamak
read out,okumak
read over,tekrar okumak
read somebody's mind,birinin aklını okumak
read someone to filth,birini acımasızca eleştirmek
read someone's lips,birinin dudaklarından anlam çıkarmak
read someone's mind,birinin aklını okumak
read the car,arabayı okumak
read the green,yeşili oku
read the room,ortamı okumak
read through,okumak
read up,araştırmak
reading is tech,okumak tekniktir
ready and waiting,hazır ve bekliyor
ready as Freddy,Freddy kadar hazır
ready or not,hazır veya değil
ready to roll,hazırız
ready up,hazırlan
real deal,gerçek anlaşma
real live,canlı yayın
real McCoy,aslı
real men don't eat quiche,Gerçek erkekler kiş yemeği yemez
real quick,çok hızlı
reality check,gerçek kontrolü
reality distortion field,gerçeklik çarpıtma alanı
ream out,azarlamak
reap the harvest,hasat etmek
reap the whirlwind,fırtınanın sonuçlarını görmek
rear back,öne eğilmek
rear its head,yüzünü göstermek
rear its ugly head,yüzünü göstermek
rear one's head,öne çıkmak
rear up,dikilmek
reason out,anlamak
reason with,mantıkla ikna etmek
rebound relationship,sarsıntılı ilişki
recipe for disaster,felaketin tarifi
reckon for,hesaplamak için
reckon on,hesaplamak
reckon out,hesaplamak
reckon up,hesaplamak
reckon upon,hesap etmek
reckon with,hesaplaşmak
reckon without,hesap etmeden
reckon without one's host,ev sahibiyle görüşmeksizin hesap yapmak
reclaim one's time,zamanını geri almak
record book,kayıt defteri
recursively enumerable,özyinelemeli olarak sayılabilir
Red Baron,Kızıl Baron
red face test,kızarıklık testi
red flag,kırmızı bayrak
red ink,kırmızı mürekkep
red letter day,unutulmaz gün
red light,kırmızı ışık
red lives matter,kırmızıların hayatı önemli
red meat,kırmızı et
red rider,kırmızı binek
red tape,bürokratik engeller
red up,kırmızıya çevirmek
redd up,temizle
redeem oneself,kendini affettirmek
rediscover fire,ateşi yeniden keşfetmek
reduce someone to tears,Ağlatmak
reduce to,azaltmak
reef and beef,resif ve et
reel in,çekmek
reel off,sıralamak
reel out,sarmak
reel up,sarmak
reet pleat,rıhtım kıvrımı
refer to,başvurmak
refiddle with,oyuncakla
reflect on,düşünmek
reflect upon,düşünmek
refresh someone's memory,Birinin aklını canlandırmak
refrigerator mom,buzdolabı annesi
refrigerator mother,buzdolabı anne
regardless of,fark etmeksizin
reheat someone's nachos,Birinin nachosunu ısıtmak
reign supreme,hüküm sürmek
rein in,kontrol etmek
rein up,durdurmak
reinvent the wheel,tekerleği yeniden icat etmek
relate to,ilişkilidir
relative to,göre
relatively prime,görelice asal
release the kraken,canavarı serbest bırak
rely on,güvenmek
rely upon,güvenmek
rem out,unutma
remain to be seen,görülecek
remark on,yorum yapmak
remark upon,yorum yapmak
remote in,uzaktan
rend one's garments,giysilerini yırtmak
render down,indirgemek
render off,kesmek
render unto Caesar,Sezara olanı verin
rent out,kiralamak
rent-lowering gunshot,kira düşürme girişimi
reopen old wounds,Eski yaraları tekrar açmak
repeat on,tekrarla
report back,geri bildirimde bulunmak
report out,raporlamak
report to,rapor vermek
requiescant in pace,huzur içinde uyusun
requiescat in pace,uyusun huzur içinde
res ipsa loquitur,olay kendi kendini açıklar
reset the dial,düğmeyi sıfırla
resonate with,yankı uyandırmak
respice finem,Amacıgör
rest and vest,dinlenmek ve yelek
rest assured,rahat kalın
rest easy,iç huzuru bul
rest his soul,Ruhuna rahmet
rest in peace,huzur içinde uyu
rest in pieces,parçalara ayrılmış halde dinlen
rest in piss,pis içinde dinlen
rest in power,güç içinde dinlen
rest on,dinlenmek
rest on one's laurels,laurel'e güvenmek
rest one's soul,ruhunu dinlendirmek
rest up,dinlen
rest upon,dayanmak
result in,sonuçlanmak
retain and explain,saklamak ve açıklamak
retrace one's steps,Adımlarını takip etmek
return the favor,bedelini ödemek
return to form,forma dönmek
return to one's muttons,konuya geri dönmek
returns to scale,ölçek ekonomileri
rev up,hızlanmak
revenge is sweet,intikam tatlıdır
reverse charge,ters yükleme
reverse course,yön değiştirmek
reverse Midas touch,Ters Midas dokunuşu
reverse out,geri manevra yapmak
revert back,geri dönmek
revolutions are not made with rosewater,devrimler gül suyuyla yapılmaz
revolve around,etrafında dönmek
revolving door syndrome,Dönüşümlü personel devir hızı
rhyme off,uyak yapmak
rhyme or reason,mantık
rhyme out,uyaklamak
rhyme up,uyak oluşturmak
rice chaser,pirinç takıntısı olan
rice out,pirinç
rich bitch,zengin ve ukala kadın
rid of,kurtulmak
rid out,atlatmak
rid up,yukarı doğru gitmek
ridden hard and put away wet,aşırı kullanılmış ve bakımsız bırakılmış
riddle me this,Bana bir bilmece sor
riddle wrapped in an enigma,bilmecenin içinde bir bilmece
ride along,birlikte gitmek
ride by,geçmek
ride down,aşağı inmek
ride down on,aşağıya doğru inmek
ride fence,kararsız kalmak
ride for,için yarışmak
ride hard and put away wet,sert kullan ve ıslakken kaldır
ride herd on,gözetmek
ride high,gurur duymak
ride off,uzaklaşmak
ride off into the sunset,güneşin batışına doğru uzaklaşmak
ride on,binmek
ride on a rail,ray üzerinde gitmek
ride on the back of,arkasına binmek
ride one's bumper,arka tampona yapışmak
ride one's luck,şansını denemek
ride out,atlatmak
ride over,üzerinden geçmek
ride roughshod over,ezmek
ride shotgun,yan koltuğa oturmak
ride tall in the saddle,at üzerinde gururla oturmak
ride the coattails,başkasının başarısından yararlanmak
ride the crest of the wave,dalganın zirvesinde olmak
ride the pine,Kenarda beklemek
ride the rails,trenle seyahat etmek
ride the short bus,özel araçla taşınmak
ride the tiger,kaplanı dizginlemek
ride the wave,dalga üzerinde olmak
ride up,kalkmak
ride up on,üzerine binmek
ride with,birlikte gitmek
rien ne va plus,hiçbir şey yolunda değil
rifle is fine,tüfek iyidir
rig out,donatmak
rig up,kurmak
right as rain,sağlam
right away,hemen
right back,hemen geri
right back at you,sen de öyle
right now,Şu anda
right of Genghis Khan,Cengiz Han'ın hakkı
right off the bat,başlangıçta
right on,doğru
right out of the gate,başlangıçta
right up someone's alley,tam aradığınız şey
right you are,haklısın
rightly or wrongly,doğru veya yanlış olarak
rile up,kışkırtmak
rim out,kenara çekmek
ring a bell,bir şeyler çağrıştırmak
ring around,daire şeklinde
ring back,geri arama
ring down the curtain,Perdeyi indirin
ring false,sahte görünmek
ring hollow,boşuna
ring in,çan çaldırmak
ring of truth,doğruluk halkası
ring off,telefonu kapatmak
ring off the hook,telefona cevap vermemek
ring one's bell,çanını çaldırmak
ring out,çalmak
ring round,daire şeklinde
ring someone's bell,telefon etmek
ring sting,halka sokma
ring through,geçmek
ring true,doğru olmak
ring up,arama yapmak
ringside seat,tribün koltuğu
rinse and repeat,Yıka ve tekrarla
rinse down,iyice yıkamak
rinse off,yıkamak
rinse out,iyice yıkamak
rip along,hızla gitmek
rip apart,parçalara ayırmak
rip down,yıkmak
rip into,azarlamak
rip it up,yırtmak
rip off,soymak
rip off the band-aid,Bandajı çekmek
rip off the bandage,Bandajı çek
rip on,alay etmek
rip out,koparmak
rip someone's head off,Birinin başını koparmak
rip to shreds,parçalara ayırmak
rip up,yırtmak
rip-snorting mad,çok öfkeli
ripe for the picking,kolay lokma
ripe for the plucking,kolay lokma
ripe old age,uzun ve sağlıklı yaşam
ripen up,olgunlaşmak
rise above,Yukarı çıkmak
rise and fall,yükselme ve düşme
rise and shine,uyan ve parılda
rise from the ashes,küllerinden yeniden doğmak
rise over run,yükselme bölü yataydaki mesafe
rise to the challenge,zorluğa göğüs germek
rise to the occasion,Duruma yakışmak
rise to the purple,mor renge yükselmek
rise up,ayağa kalkmak
rise with the lark,sabahın erken saatlerinde uyanmak
risk creep,risk artışı
risk it for the biscuit,riski göze almak
risk it to get the biscuit,riski alıp ödülü kapmak
rivet counter,cıvata sayacı
rizz up,başkalarını etkilemek
roach coach,mobil yemek arabası
roach out,bakarak
road hog,trafik terörü estiren
road less traveled,daha az kullanılan yol
road to Damascus,Şam yolu
roar ahead,öne atılmak
roar away,uzaklara doğru gürlememek
roar back,tepki vermek
roar off,hızla uzaklaşmak
roar on,coşkuyla desteklemek
roar out,bağırarak söylemek
roast up,kavurmak
rob out,soymak
rob Peter to pay Paul,Bir elden alıp diğerine vermek
rob the cradle,beşik çalmak
robber baron,rant açgözlü iş adamı
Robert is your father's brother,Robert babanızın kardeşidir
Robert is your mother's brother,Robert annenizın kardesidir
Robert is your uncle,Robert senin amcan
Robert's your father's brother,Robert babanın kardeşidir
Robert's your mother's brother,Robert senin annenın kardesidir
Robert's your uncle,Robert senin amcan
rock along,ilerlemek
rock bottom,dip noktası
rock hound,kaya avcısı
rock on,başarılar
rock out,Coşmak
rock out with one's cock out,pantolonunu indirerek eğlenmek
rock someone's socks,şaşırtmak
rock the boat,dengeyi bozmak
rock up,gelmek
rocket science,roket bilimi
rocket scientist,roket bilimcisi
rocket surgery,çok basit bir şey
rocket up,roket gibi yükselmek
rocking horse shit,sahtekarlık
rocking-horse shit,sahtekarlık
rocks for jocks,sporcular için kaya malzemeleri
rod for one's back,sırtı sıvazlamak
rod in pickle,turşuda çubuk
roger that,anlıyorum
rogues' gallery,haydutlar galerisi
rola bola,top top
roll about,yuvarlanmak
roll around,yuvarlanmak
roll away,yuvarlanmak
roll back,geri alma
roll back the years,zamanı geriye sarmak
roll down,İniyor
roll in,yuvarlanmak
roll in the aisles,gülmekten yerlere yuvarlanmak
roll in wealth,zenginlik içinde yaşamak
roll of the dice,zar atışı
roll off,düşmek
roll off the tongue,akıcı olmak
roll on,ilerlemek
roll one's eyes,gözlerini devirmek
roll one's own,kendin sarma
roll out,yaymak
roll out the red carpet,kırmızı halı sermek
roll over,devrilmek
roll tape,kaydı başlat
roll the pitch,sahayı düzeltmek
roll tide,Hadi Alabama
roll up,sarmak
roll up on,ortaya çıkmak
roll up one's sleeves,kollarını sıvamak
roll up the sidewalks,Caddeleri kaldırın
roll with,gidermek
roll with it,akışına bırak
rolled into one,tek bir araya getirilmiş
rolling in it,paraya boğulmak
rolling stone,göçebe taş
Rome wasn't built in a day,Roma bir günde inşa edilmedi
Rome wasn't burned in a day,Roma bir günde yıkılmadı
romp home,zafer kazanmak
roof over,çatı
roof over one's head,başı üstünde bir çatı
room for doubt,Şüpheye yer bırakmak
room in,içeri
room of doom,korku odası
root about,kök salmak
root around,kazıp araştırmak
root cause,temel neden
root for,taraftarlık etmek
root out,ortadan kaldırmak
root up,kökünden sökmek
rootin' tootin',çok havalı
rooting interest,taraftarlık
rope in,çekmek
rope into,ikna etmek
rope of sand,kum torbası
rope off,ayırmak
rope out,ip çekmek
rope up,halat bağlamak
rose garden,gül bahçesi
rose-colored glasses,pembe gözlük
roster on,görevde olmak
rot away,Çürümek
rot in hell,cehennemde çürüsün
rot off,Çürümek
rot through,çürümek
rotten apple,çürük elma
rotten egg,bozuk yumurta
rough and ready,kaba saba ama kullanışlı
rough around the edges,pürüzlü
rough justice,kaba adalet
rough out,taslak hazırlamak
rough patch,Zor dönem
rough sledding,zorlu bir süreç
rough sleeper,sokakta yaşayan
rough trot,sert koşu
rough up,kaba davranmak
roughen up,pürüzlendirmek
round about,etrafı
round and round,Yuvarlak yuvarlak
round down,yuvarlamak
round in,yuvarlak
round of applause,Alkış tufanı
round off,yuvarlamak
round on,karşı çıkmak
round out,tamamlamak
round the bend,virajın etrafından
round the clock,7/24
round the Horn,Güney Ucu'nu dolaşmak
round the twist,akıllanmış
round the wicket,raketten
round to,yuvarlamak
round up,toplamak
round upon,etrafında
roving eye,gezgin göz
row back,geri çekilmek
row in the same boat,aynı gemide olmak
row of pins,iğne sırası
row up,yukarı çekmek
royal bumps,taçlı çıkıntılar
rub along,uzlaşmak
rub away,ovuşturarak silmek
rub down,ovuşturmak
rub elbows,omuz omuza gelmek
rub in,sürmek
rub it in,Vurgulamak
rub off,silinmek
rub off on,Sürmek
rub one off,mastürbasyon yapmak
rub one out,mastürbasyon yapmak
rub one's hands together,Ellerini ovuşturmak
rub oneself off,kendini ovmak
rub out,silmek
rub salt in someone's wounds,yaraları üzerine tuzakmak
rub salt in the wound,yarayı daha da kabartmak
rub shoulders,omuz omuza olmak
rub shoulders with,omuz omuza olmak
rub someone the wrong way,sinirlendirmek
rub the fear of God into,korku salmak
rub up,ovmak
rub up against,sürtünmek
rub up on,sürtünmek
rub up the wrong way,yanlış anlamak
rubber hose,kauçuk hortum
rubber johnny,kauçuk bebeğim
rubber room,kauçuk oda
rubber up,kaymayı önlemek için kauçuk kaplama yapm…
ruby slippers,büyülü ayakkabılar
ruck up,hizalanmak
rue the day,o günü pişmanlıkla hatırlamak
ruffle someone's feathers,sinirlendirmek
ruffle up,karıştırmak
rug up,üzerini giymek
rule in,yönetmek
rule of cool,havalı olma kuralı
rule of thumb,pratik kural
rule off,iptal etmek
rule OK,kural tamam
rule on,kural koymak
rule out,dışlamak
rule the day,günü yönetmek
rule the roost,Efendi olmak
rule the school,okulu yönetmek
rules are made to be broken,Kurallar çiğnenmek içindir
rules are meant to be broken,Kurallar çiğnenmek içindir
rules are rules,Kurallar kurallardır
rules are there to be broken,Kurallar çiğnenmek içindir
rules is rules,Kurallar kurallardır
rumble on,devam etmek
rumor campaign,dedikodu kampanyası
rumor has it,dedikoduya göre
rumor mill,dedikodu
rumour has it,dedikoduya göre
rump and stump,popo ve sap
rumple up,buruşturmak
run a mile,bir mil koşmak
run a risk,risk almak
run a temperature,ateş yükselmek
run about,yaklaşık olarak
run about with,etrafta dolaşmakla
run across,karşılaşmak
run afoul of,tartışmaya yol açmak
run after,koşmak
run against,karşı aday olmak
run ahead,öne koş
run along,koş
run amok,kontrolden çıkmak
run and gun,hızlı saldırı
run around,koşturmak
run around after,koşturmak
run around in circles,daireler içinde koşmak
run around with,etrafta dolaşmakla
run at,çalışmakla
run at the mouth,ağzı boalırmak
run away,kaçmak
run away from,kaçmak
run away together,Birlikte kaçmak
run away with,kaçmakla
run back,geri koş
run before,önce koş
run behind,geride kalmak
run by,yönetilen
run down,bitmek
run down the clock,Süreyi tüketmek
run for it,kaç
run for one's life,Canı pahasına kaçmak
run for one's money,parayla yarışmak
run for the hills,dağlara kaç
run for the roses,zafer için yarışmak
run high,yüksek olmak
run hot and cold,içinde bir ateş bir buz
run in,içeride koşmak
run in the family,aileden gelen
run in with,ilişki kurmak
run into,karşılaşmak
run into a brick wall,duvara çarpmak
run into one,karşılaşmak
run into the ground,bitirmek
run it up,artır
run its course,İlerleyişini tamamlamak
run late,geç kalmak
run like hell,canın pahasına kaç
run of play,oyunun akışı
run off,kaçmak
run off at the mouth,ağzı boalırmış gibi
run off on,kaçmak
run off with,kaçmakla
run on,çalışmak
run on empty,boşta çalışmak
run one on,birini dolandırmak
run one's name,adaylığını koymak
run out,tükenmek
run out of steam,heyecanını kaybetmek
run out of town,Kasabadan kaçmak
run out on,terk etmek
run out the clock,Maçı bitirmeye çalışmak
run over,Üstünden geçmek
run past,geçmek
run rampant,kontrolden çıkmak
run rings around,oyunu çevirmek
run riot,kontrolden çıkmak
run round in circles,daireler içinde koşmak
run scared,korkudan kaçmak
run someone off their feet,yorgun düşürmek
run someone ragged,yormak
run someone's file,birinin dosyasını incelemek
run something up the flagpole,Bir fikri test etmek
run the clock down,Süreyi kısaltmak
run the gamut,tüm yelpazeyi kapsamak
run the gauntlet,zorlu bir sınavdan geçmek
run the rule over,incelemek
run the show,işleri yürütmek
run through,içinden geçmek
run through the garden,bahçede koşmak
run to,koşmak için
run to earth,tükenmek
run up,tırmanmak
run up against,karşılaşmak
run up in,yukarı koşmak
run up in it,içine dalmak
run up on,üstüne koşmak
run wild,kontrolden çıkmak
run with,beraber koşmak
run with scissors,makasla koşmak
runners and riders,yarışmacılar
running and racing,koşma ve yarışma
running start,başlangıç avantajı
running target,hareketli hedef
runt of the litter,yavruların en küçüğü
rush hour,yoğun saatler
rush in,aceleyle girmek
rush off,aceleyle gitmek
rush one's fences,çitlerini hızla yapmak
rush out,Çabucak çıkmak
rush to judgement,Acele karar vermek
Russian roulette,Rus ruleti
rust off,pası gidermek
rust out,paslanmak
rust through,paslanmak
rustle up,hızlıca hazırlamak
sac up,cesaretini toplamak
sack drill,torba egzersizi
sack of crap,sahtekarlık
sack off,işten çıkarma
sack out,uyumak
sack up,cesaretini toplamak
sacked out,yattı
sacred cow,kutsal inek
sad drunk,üzgün sarhoş
sad panda,üzgün panda
sadden up,üzmek
saddle tramp,at gezgin
saddle up,hazırlan
saddle with,yüklemek
safe and sound,sağ salim
safe in the knowledge,bilerek güvende
safety in numbers,sayıların güvenliği
sag bag,sağ çanta
sag off,sarkmak
sage on a stage,sahnedeki bilge
sage on the stage,sahnedeki bilge
said and done,söz söylendi bitti
said no one ever,hiç kimsenin asla demediği
said the actress to the bishop,aktörün rahibe söylediği
said the bishop to the actress,Piskopos oyuncuya şöyle dedi
said the thing,şeyi söyledi
sail the high seas,engin denizlerde yelken açmak
sail the Red Sea,Kızıldeniz'de yelken açmak
sail through,kolayca başarmak
sail under false colors,yanlış bayrak altında yelken açmak
salaam alaikum,Selamun aleyküm
salad days,gençlik yılları
salad year,salata yılı
salami slicing,salam dilimleme
sally forth,hareket etmek
salt away,saklamak
salt down,tuzlamak
salt in the wound,tuzak ekmek
salt of the earth,toprak gibi insanlar
salt out,çökelme
salt the earth,toprağı tuzlamak
salt up,tuzlamak
salty tooth,tuzlu krep
same boat,aynı durumda
same difference,önemli bir fark yok
same here,bende de öyle
same old,aynı şeyler
same old story,Her zamanki hikaye
same same but different,aynı ama farklı
same to you,size de öyle
san fairy ann,san peri annesi
sand down,zımparalamak
sand off,zımparalamak
saner heads prevail,daha akılcı kararlar alınır
saner heads prevailed,daha akılcı yaklaşımlar galip geldi
saner heads will prevail,daha akılcı yaklaşımlar galip gelecek
sans nombre,sayısız
Santa's workshop,Noel Baba'nın atölyesi
satanic panic,şeytan çılgınlığı
Satyameva Jayate,Doğruluk zafer kazanır
sauce for the goose,kaz için ne ise
sauce up,baharatlamak
saute up,kızartmak
sauté up,kavurmak
save as,farklı kaydet
save back,geri kaydet
save by the bell,çan sesiyle kurtulmak
save down,kaydet
save face,saygınlığını korumak
save for,için biriktirmek
save for a rainy day,gelecek için biriktirmek
save it,kaydet
save one's breath,nefesini boşa harcamamak
save over,üstüne yaz
save someone's face,saygınlığını korumak
save someone's life,Birinin hayatını kurtarmak
save something for a rainy day,gelecek için bir şeyler ayırmak
save that,onu kaydet
save the best for last,en iyisini sona bırak
save the day,günü kurtarmak
save the drama for your mama,Tüm dramı annenle yaşa
save the drama for your momma,Tüm dramı annenle yaşa
save the furniture,mobilyaları kurtar
save up,biriktirmek
saved by the bell,Çan sesiyle kurtulmak
savor of,tadı
savour of,tadı
saw logs,kütükler
saw off,kesmek
saw wood,kerespe
sawdust trail,testereli
say again,Tekrar et
say cheese,peynir de
say goodbye,hoşça kalın
say goodbye to something,Bir şeye veda etmek
say grace,şükretmek
say hello to my little friend,küçük arkadaşıma merhaba de
say it ain't so,öyle olmasın
say it all,Her şeyi söyle
say la vee,demek istiyorum
say less,daha az konuş
say no more,Daha fazla bir şey söyleme
say none,hiçbir şey söyleme
say nothing,hiçbir şey söyleme
say on pay,sözde değil özde
say one's prayers,namaz kılmak
say someone's prayers,dua etmek
say that again,Tekrar et
say the quiet part loud,Sessiz olan kısmı yüksek sesle söyleyin
say the word,kelimeyi söyle
say to oneself,kendine söylemek
say uncle,amca söyle
say what,ne dedin
say what you like,İstediğini söyle
say what you want,İstediğini söyle
say what you will,ne dilersen de
say when,ne zaman
says me,beni söylüyor
says who,kim diyor
says you,dediğin gibi
scalding hot,ıstırak
scale back,azaltmak
scale down,küçültmek
scale in,içe doğru
scale off,pullmak
scale out,yol vermek
scale up,artırmak
scales fall from someone's eyes,gözleri açılmak
scantily clad,Yarısı çıplak
scare away,uzaklaştırmak
scare into,korkutarak
scare off,uzaklaştırmak
scare someone to death,Birini korkudan öldürmek
scare story,korku hikayesi
scare straight,düzeltmek
scare the life out of,canından korkutmak
scare the living daylights out of,çok korkutmak
scare the pants off,korkutmak
scare up,korkutmak
scared green,yeşilden korkmak
scared shitless,Çok korkmuş
scared to death,ömrümün sonuna kadar korkmuş
scarf and barf,eşarp ve kusma
scarf down,yutmak
scarf up,sarmak
scent out,kokuyu takip etmek
schizz out,kaybolmak
schmaltz up,abartmak
scholar and gentleman,bilgin ve beyefendi
school of hard knocks,hayat okulu
schoolboy error,öğrenci hatası
Schrödinger's douchebag,Schrödinger'in pislik
science up,bilimsel gelişme
scientia potentia est,bilgi güçtür
scoff down,alay etmek
scoff up,öksürmek
scooch over,biraz yana çekil
scoop in,kaşıkla almak
scoop up,toplamak
scoot over,biraz yer aç
scoot up,hızla yukarı çık
scope in,kapsam içinde
scope out,incelemek
scorch up,yakmak
score off,reddetmek
score on oneself,kendine puan vermek
score out,silmek
score through,boydan boya
score up,skor yükseltmek
scot and lot,kayıp ve grup
Scotch mist,İskoç sisi
scour down,temizlemek
scour out,temizlemek
scour up,temizlemek
scout out,keşfetmek
scramble up,tırmanmak
scrape along,zorlukla geçinmek
scrape by,zorlukla geçinmek
scrape down,kazımak
scrape off,kazımak
scrape someone off the ceiling,Birini tavandan indirmek
scrape the bottom of the barrel,son çareye başvurmak
scrape through,zorlukla başarmak
scrape together,toparlamak
scrape up,toparlamak
scratch an itch,kaşıntıyı gidermek
scratch beneath the surface,yüzeyin altında araştırmak
scratch by,tarafından çizilmiş
scratch one's head,kafa karıştırmak
scratch one's own itch,kendi sorununu çözmek
scratch out,kazımak
scratch that,Bunu unutun
scratch the itch,kaşıntıyı gidermek
scratch the surface,yüzeyi çizmek
scratch together,bir araya getirmek
scratch up,çizmek
scrawl down,karalamak
scrawl off,çizmek
scrawl out,çizmek
scrawl up,çizik çizmek
scream bloody murder,kanlı canlı bağırıp çağırmak
scream for,için bağır
scream loudest,en yüksek sesle bağırmak
scream one's head off,canından bağırmak
screaming trots,bağırarak koşma
screech out,bağırarak söylemek
screen door on a submarine,denaltı perdesi
screen in,ekrana alma
screen off,ekranı kapat
screen out,eleme yapmak
screw about,ihtiyaç duyulmayan
screw around,eğlenmek
screw back,geri takmak
screw it,Siktir et
screw off,defol
screw over,aldatmak
screw the pooch,köpeği fena halde sinirlendirmek
screw this,Bunu siktir et
screw this for a lark,Bunu eğlence amaçlı yapalım
screw up,berbat etmek
screw with,kurcalamak
screw you,Siktir
screwed up,berbat ettik
scribble down,not etme
Scrimblo Bimblo,Anlamsız bir ifade
scrimp and save,tasarruf etmek
scrimp together,biriktirmek
script out,senaryoyu yazmak
scrounge down,kazımak
scrounge out,kazımak
scrounge up,toplamak
scrub down,yıkayıp temizlemek
scrub in,ameliyat hazırlığı
scrub out,ovmak
scrub up,yıkanmak
scrum up,toplanmak
scrump up,buruşmak
scrunch up,buruşturmak
scuff up,çizmek
scum of the earth,yeryüzünün en kötüleri
scummy mummy,pis anne
scurry away,Çabucak uzaklaşmak
scuzz up,pisletmek
scythe down,biçmek
sea change,deniz değişimi
sea legs,den dengesi
sea load,deniz yoluyla taşımacılık
seagull approach,denizkuşu yaklaşımı
seagull manager,denizkuşu yöneticisi
seal in,mühürlemek
seal off,izole etmek
seal the deal,Anlaşmayı imzalamak
seal up,mühürlemek
search for,ara
search me,Bana sorarsan
search out,araştırmak
search up,ara
season's greetings,iyi bayramlar
seat down,otur
seat out,oturmak
second banana,ikinci adam
second childhood,ikinci çocukluk
second fiddle,ikinci keman
second gear,ikinci vites
second nature,ikinci doğa
second string,yedek oyuncu
second to none,eşsiz
second Tuesday of the week,haftanın ikinci salısı
secretary spread,sekreter yayılımı
security by obscurity,gizlilik yoluyla güvenlik
security through obscurity,gizliliğe dayalı güvenlik
see a man,bir adamı görmek
see a man about a dog,bir köpek yüzünden bir adamla görüşmek
see a man about a horse,bir at meselesi yüzünden bir adamla görü…
see about,hakkında bilgi almak
see after,sonra görmek
see also,ayrıca bakınız
see an argument,bir tartışmayı görmek
see beyond,ötesini görmek
see daylight,güneş ışığını görmek
see eye to eye,fikirbirliği yapmak
see for oneself,kendisi görsün
see how,nasıl
see if I care,Umurumda mı
see in,içinde
see into,içeri bakmak
see into a millstone,değirmende çalışmak
see Naples and die,Napoli'yi gör ve öl
see off,uğurlamak
see one's way clear to,gerekli koşulların oluşması
see oneself out,kendini dışarı çıkarmak
see out,görmek
see over,üstünden bak
see past,geçmişi görmek
see red,kızarmak
see someone's etchings,birinin baskılarını görmek
see something green in one's eye,gözünde bir yeşil görmek
see stars,yıldızları görmek
see the forest for the trees,Bütün resmi görmek
see the light,aydınlanmak
see the light of day,görünür olmak
see the trees through the forest,Ormanın ağaçlarını görmek
see the wood for the trees,Ormanı ağaçları görmemek
see things,şeyleri görmek
see through,içine görmek
see to,dikkat etmek
see to it,bununla ilgilen
see what sticks,neyin işe yaradığını görmek
see which way the cat jumps,Kedinin nasıl sıçrayacağını görmek
see with half an eye,bir gözü açıkla bakmak
see yellow,sarı görme
see you,Görüşürüz
see you around,Sonra görüşürüz
see you in hell,Cehennemde görüşürüz
see you later,Sonra görüşürüz
see you next Tuesday,Salı gününe kadar görüşürüz
see you round,Sonra görüşürüz
see you tomorrow,yarın görüşürüz
see you when I see you,görüşmek üzere
seed down,tohum ekmek
seeing as,gördüğümüz kadarıyla
seeing is believing,Gördüğün gibi olduğuna inanırısın
seeing that,gördüğümüz kadarıyla
seek and ye shall find,aranan bulunur
seek for,aranmak
seek out,aranmak
seismic shift,deprem gibi değişim
seize on,yakalamak
seize out,çıkarmak
seize the day,anı yakala
seize the opportunity,Fırsatı değerlendir
seize up,kilitlenmek
seize upon,yakalamak
select out,seçmek
selectively mute,Seçici olarak susturmak
self-check out,kendi kendine ödeme
self-praise is no recommendation,övmek kendini övmek yeterli değildir
sell away,satmak
sell bargains,indirimli ürünler satmak
sell dearly,pahalıya satmak
sell down,azaltmak
sell down the river,satmak
sell ice to Eskimos,Eskimo'lara buz satmak
sell in May,May ayında sat
sell in May and go away,May ayında sat ve uzaklaş
sell in May and stay away,May ayında sat ve uzak dur
sell in May then go away,May ayında satıp uzaklaş
sell like hot cakes,Çok hızlı satmak
sell off,satışa çıkarmak
sell on,satış yapmak
sell one's body,vücudunu satmak
sell one's life dearly,ömrünü feda etmek
sell one's own grandmother,kendi annesini bile satmak
sell one's soul,ruhunu satmak
sell oneself short,kendini değersiz görmek
sell out,tükenmek
sell out from under,arkasından hançerlemek
sell someone a bill of goods,birini kandırmak
sell the family silver,aile yadigarı gümüşleri satmak
sell the pass,bileti sat
sell up,satmak
sell-by date,Son kullanma tarihi
seller's market,satıcıların piyasası
selling point,Satış noktası
semper fi,her zaman hazır
Semper Gumby,Her zaman Gumby
semper idem,her zaman aynı
semper ubi sub ubi,her zaman her yerde
send a message,bir mesaj göndermek
send around,dağıtmak
send away,göndermek
send away for,sipariş vermek
send back,geri gönder
send below,aşağıdaki
send down,Göndermek
send down for,göndermek için
send for,göndermek
send for a toss,havaya atın
send forth,göndermek
send in,göndermek
send off,göndermek
send on,gönder
send out,göndermek
send out for,dışarıdan getirmek
send shivers down someone's spine,Tirnakları ürpertmek
send someone packing,göndermek
send someone to the showers,Birini duş almaya göndermek
send to Coventry,Coventry'ye göndermek
send to dorse,dorse'ye gönder
send to the glue factory,yapıştırıcı fabrikasına gönder
send up,göndermek
send word,haber gönder
sense of craft,zanaat bilgisi
sensu lato,geniş anlamda
sensu stricto,tam anlamıyla
separate out,ayrılaştırmak
separate the wheat from the chaff,ayırmak
sequential analysis,sıralı analiz
sequential reaction,sıralı reaksiyon
servabo fidem,sadakatımı koruyacağım
serve notice,ihbar etmek
serve out,bitirmek
serve somebody right,hak etmek
serve someone right,hak etmek
serve the turn,sırayı beklemek
serve time,hapis cezası çekmek
serve two masters,iki efendiye hizmet etmek
serve up,servis etmek
set a spell,bir süre için
set aback,şaşırtmak
set about,başlamak
set after,sonra
set against,karşıt
set ahead,ileri almak
set apart,ayrı tutmak
set aside,ayır
set back,geri adım atmak
set by,belirlenmiş
set by the ears,kulakları çınlatmak
set down,koymak
set eyes on,görmek
set eyes on somebody,birine göz koymak
set eyes on something,görmek
set foot,ayağını basmak
set for life,ömür boyu yeterli
set forth,belirtmek
set in,ayarlanmış
set in motion,harekete geçirmek
set in one's ways,alışkanlıklara bağımlı
set in stone,taşa kazınmış
set of pipes,boru grubu
set of wheels,tekerlek takımı
set off,çıkarmak
set on,ayarlamak
set one's cap at,hedefe koymak
set one's hair on fire,saçını yakmak
set one's heart on,çok istemek
set one's shoulder to the wheel,işe el vermek
set one's sights on,hedefe koymak
set one's watch back,saatini geri almak
set one's watch by someone,saatini ona göre ayarlamak
set onto,üzerine yerleştirmek
set out,başlamak
set out one's stall,tezgah açmak
set over,üzerine yerleştirilmiş
set pulses racing,kalpleri hızlandırmak
set store by,önem vermek
set straight,düzeltmek
set the bar,standart belirlemek
set the pace,ritmi belirlemek
set the record straight,Gerçeği ortaya koymak
set the scene,sahneyi hazırlamak
set the scene for something,Bir şey için zemin hazırlamak
set the stage,sahneyi hazırlamak
set the Thames on fire,Temseyi yakmak
set the wheels in motion,işleri başlatmak
set the world on fire,dünyayı ateşe vermek
set to,ayarlamak
set to work,işe koyulmak
set up,kurmak
set up one's staff,ekibini kurmak
set up shop,dükkan açmak
set up to oneself,kendine göre ayarlamak
set upon,saldırmak
set with,birlikte
settle a score,hesabını görmek
settle down,yerleşmek
settle for,uzlaşmak
settle in,yerleşmek
settle into,yerleşmek
settle on,karar vermek
settle one's account,hesabını kapatmak
settle someone's hash,sorununu çözmek
settle up,hesaplaşmak
settle upon,yerleşmek
settle with,anlaşmak
seven come eleven,yedi gelince on bir
seven out,yedi tane
sew buttons,düğme dikmek
sew up,dikiş yapmak
sex in,içinde
sex machine,cinsiyet makinesi
sex on legs,bacaklı seks
sex pact,Cinsiyet anlaşması
sex sells,Cinsellik satar
sex talk,Cinsellik hakkında konuşmak
sex up,Cazip hale getirmek
sexual congress,cinsel ilişki
sexual relation,Cinsel ilişki
sexual relations,Cinsel ilişki
sexual tension,Cinsel gerilim
sexually anorexic,cinsel açlık
sexually mature,Cinsel olgunluk
sexy up,daha çekici hale getirmek
Shabbat shalom,Şabat şalom
shack up,bir arada yaşamak
shacked up,birlikte yaşamaya başlamak
shade up,gölge oluşturmak
shadow of one's former self,eski halinin gölgesi
shagging wagon,belirsiz
shake a leg,hareket et
shake a stick at,sopa sallamak
shake and bake,karıştırıp pişir
shake down,soyma
shake it up,karıştır
shake like a leaf,yaprak gibi titremek
shake off,törenmek
shake on it,sözleşme
shake out,sarsmak
shake over,üzerine sallamak
shake the pagoda tree,pagoda ağacını sallamak
shake the plum tree,Erik ağacını sallamak
shake together,karıştır
shake up,karıştırmak
shallow brooks are noisy,Sığ dereler gürültülüdür
sham Abraham,sahte Abraham
shame on me,Benden utanın
shame on you,Sana yazıklar olsun
shame upon me,Utanmam gerek
shanks' mare,Shanks'ın atı
shanks' nag,Şank'in eşeği
shanks' pony,şaka
shape for,şekil için
shape or form,şekil
shape up,şekil almak
shape up or ship out,ya ya da defol
share and share alike,paylaş ve eşit olarak paylaş
share in,paylaşmak
share out,paylaşmak
share up,paylaşım
shared joy is double joy,Paylaşılacak sevinç, iki kat sevinçtir
shared sorrow is half sorrow,Paylaşılacak acı, yarı acıdır
sharing is caring,paylaşmak önemlidir
shark bait,köstek
shark up,saldır
sharp cookie,keskin kurabiye
sharp elbows,sivri dirsekler
sharp tongue,keskin dil
sharpen up,keskinleştirmek
shatter the ice,Buzu kırmak
shave down,düzeltmek
shave off,traş etmek
shave up,tıraş olmak
shavua tov,iyi haftalar
she'll be apples,Ona çok sevecekler
she'll be right,her şey yoluna girecek
she's apples,o elmalar
she's the cat's mother,o kediye bakan kişi
sheathe the sword,kılıcı kınında tutmak
shed a tear,gözyaşı dökmek
shed blood,kan dökmek
shed find,dökümhane
shed light on something,Bir şeye ışık tutmak
shed light upon,ışık tutmak
shed out,dökme
shell out,ödemek
shew forth,göstermek
shift about,kayma
shift and drift,kayma ve sapma
shift gears,vites değiştirmek
shift in,kayma
shift off,devamlılık
shift out,kaydırmak
shift the dial,düğmeyi çevirmek
shilly and shally,iç çekmek
shimmy on down,aşağıya doğru sallan
shin out,parlamak
shine down on,üzerine parlamak
shine down upon,üzerine ışık saçmak
shine off,parlatmak
shine on,parlakla
shine through,parlamak
shine up,parlatmak
shingle up,çatıyı kaplamak
ship and let ship,gemi ve bırak gitsin
ship out,göndermek
ship over,Göndermek
shirtsleeves to shirtsleeves in three generations,üç nesilde yoksulluktan yoksulluğa
shit a brick,şaşkınlıktan ne yapacağımı bilemedim
shit happens,bazen şeyler ters gider
shit in someone's cereal,Birinin yulaf ezmesine kakayı koymak
shit in someone's Cheerios,Birinin kahvaltasına lahana koymak
shit in someone's cornflakes,Birinin kahvaltasına lahana koymak
shit it in,Bunu yapma
shit just got real,İşler ciddi bir hal aldı
shit off,kapat
shit on,defet etmek
shit on toast,kızarmış ekmek üzerine dışkı
shit one's pants,pantolonunu ıslatmak
shit or get off the can,Harekete geç ya da defol
shit or get off the pot,Karar ver ya da çekil
shit out,dışarı çıkarmak
shit out of luck,çok şanssız
shit rolls downhill,Her şey aşağı doğru akar
shit sandwich,boklu sandviç
shit stain,pis lekke
shit sticks,pislik çubukları
shit the bed,şaşkınlık içinde kalmak
shit up,temizle
shit upon,dışkılamak üzerine
shit with,berbat bir şeyle
shit-eating grin,pislik sırıtışı
shitting match,kaka dövüşü
Shitty Kitty,Pis kötü kedi
shiver me timbers,şaşkınım
shock to the system,sisteme şok
shoe up,ayakkabı giymek
shome mishtake shurely,Kesinlikle bir hata var
shoo away,uzağa göndermek
shoo off,uzağına it
shoot 'em up,ağır isabetli atışlar
shoot around,atış yapmak
shoot back,karşılık ateş etmek
shoot down,düşürmek
shoot first and ask questions later,Önce ateş et, sonra soruları sor
shoot from the lip,ağzından düşürmemek
shoot holes,delik açmak
shoot it out,Ateş et
shoot off,fırlatmak
shoot off at the mouth,ağzı boalırmak
shoot one's bolt,Enerjisini tüketmek
shoot one's load,tüfeğini doldurmak
shoot oneself in the foot,ayağına sıkarak kendini vurmak
shoot out,vurmak
shoot the boots,ayakkabıları çıkarmak
shoot the breeze,sohbet etmek
shoot the bull,boş konuşmak
shoot the gold,altına ateş et
shoot the messenger,haberciye saldırmak
shoot through,içinden geçmek
shoot up,yükselmek
shop around,fiyat araştırması yapmak
shore up,pekiştirmek
short accounts make long friends,Kısa hesaplar uzun arkadaşlıklar getirir
short down,kısalt
short end of the stick,kötü durum
short for,kısaltma
short fuse,kısa sabır
short hairs,kısa saçlar
short leash,kısa tasma
short of,eksik
short of a length,uzunluktan eksik
short on looks,görünüş olarak yetersiz
short out,kısa devre
short reckonings make long friends,Kısa hesaplaşmalar uzun süren arkadaşlık…
short strokes,Kısa vuruşlar
short temper,Kısa sabır
shorten down,kısaltmak
shorten up,kısalt
shot across the bow,gemi başından atılan ateş
shot heard 'round the world,dünyayı inleten silah sesi
shot heard round the world,dünyayı inleten silah sesi
shot in the dark,işe yarayıp yaramayacağı belirsiz bir de…
shotgun approach,hedefe rastgele ateş etme
shotgun wedding,mecburi evlilik
shots fired,Ateş açıldı
should see the other guy,diğerini de görmelisin
should've would've could've,şunun olmalıydı olabilirdi olabilirdi
shoulder to cry on,ağlayabileceği bir omuz
shoulder to shoulder,omuz omuza
shout down,susturmak
shout fire in a crowded theater,kalabalık bir tiyatroda yangın diye bağı…
shout out,teşekkür etmek
shove about,itmek
shove around,itmek
shove down,İtmək
shove it up your ass,Siktirin gidin
shove off,defol
shove on,devam et
shove over,biraz yer aç
shove something down someone's throat,Bir şeyi zorla birinin yutmasına neden o…
shove up,itmek
shovel out,kazmak
shovel up,kazmak
show a clean pair of heels,Hızlı bir şekilde uzaklaşmak
show a leg,bacak göster
show ankle,bileğini göstermek
show around,gezdirme
show away,gösterip uzaklaştırmak
show colour,renk göster
show don't tell,göster anlatma
show down,karşılaşma
show forth,göstermek
show in,içinde göster
show off,öğlen
show one's ass,pantolondan dışarı çıkmak
show one's butt,Arkasını göstermek
show one's cards,ellerini açmak
show one's teeth,dişlerini göstermek
show one's true colors,Gerçek yüzünü göstermek
show one's true stripes,asıl yüzünü göstermek
show out,görünmek
show pony,şov atı
show round,gezdirme
show someone a good time,İyi vakit geçirmelerini sağlamak
show someone a thing or two,bir şeyler öğretmek
show someone one's etchings,birine baskılarını göstermek
show someone the door,Kapıya koymak
show the flag,bayrağı göster
show up,belirmek
show who's boss,kimin patron olduğunu göstermek
shower down,yağmur yağmak
shower of shit,işemlemek
shower of shite,saçmalıklar
shower thought,aniden gelen düşünce
shower up,duş almak
shower with,birlikte duş almak
shrimp up,küçült
shrink away,çekinmek
shrink back,geri çekilmek
shrink down,küçülmek
shrink up,küçülmek
shrinking violet,utangaç
shrivel up,buruşmak
shrub out,çalıları budamak
shrub up,canlanmak
shrug off,umursamazlıkla karşılamak
shuck down,dökülmek
shuck off,soyma
shucky ducky,Şeytanın bacağını kır
shuffle off,kaybetmek
shuffle off this mortal coil,bu dünyadan gitmek
shurely shome mishtake,Kesinlikle bir hata var
shut away,izole etmek
shut down,kapatmak
shut in,içeri almak
shut it,sustur
shut my mouth,Ağzımı kapat
shut of,kesme
shut off,kapatmak
shut one's eyes,gözlerini kapatmak
shut one's face,Ağzını kapatmak
shut one's gob,Ağzını kapat
shut one's mouth,Ağzını kapatmak
shut one's trap,Ağzını kapat
shut out,dışlamak
shut the fridge,Buzdolabını kapat
shut the front door,İnanması güç
shut up,Sessiz ol
shut up and take my money,Sus ve paramı al
shy away,çekinmek
shy away from,kaçınmak
shy bairns get noot,utanılgan çocuklar hiçbir şey elde edeme…
shy bairns get nowt,çekingen çocuklar hiçbir şey elde edemez
shy bladder,utanık mesane
sic passim,burada ve başka yerlerde
sic pro,bunun için
sic semper tyrannis,Böyle olsun zalimlere de
sick and tired,bıkmış usanmış
sick as a parrot,çok hasta
sick at heart,kalbi kırık
sick list,izin listesi
sick man,hasta adam
sick person,hasta
sick puppy,serseri köpek
sick to the back teeth,çok sıkılmış
sick up,kusmak
sickly sweet,tatlı ve mide bulandırıcı
side against,karşıt
side issue,yan konu
side out,dışarı
side part,saç ayrımı
side with,yana olmak
sides reversed is,tarafları ters çevrildi
sieve out,ayıklamak
sift out,ayırmak
sift through,ayırmak
sig. fig.,önemli rakam
sigh of relief,iç çekiş
sight for sore eyes,gözümüze ilaç gibi gelmek
sight in,içeri
sight to behold,görmeye değer bir manzara
sight unseen,görmeden
sign away,imza atmak
sign in,giriş yapmak
sign into,giriş yapmak
sign of the times,zamanın işareti
sign off,imzalamak
sign on,imza koymak
sign on the dotted line,imzayı atın
sign onto,kayıt olmak
sign out,çıkış yapmak
sign over,devretmek
sign up,kayıt olmak
silence is consent,Sessizlik onay demektir
silence is golden,Sessizlik altındır
silence is oppression,sessizlik baskı demektir
silence is violence,Sessizlik şiddettir
silent as the grave,mezarın sessizliği gibi
silent killer,Sessiz katil
silky smooth,ipek gibi pürüzsüz
silly me,aptal ben
silly money,saçma para
silly season,saçma sapan dönem
silt up,birikmek
silver handshake,gümüş el sıkışması
silver plate,gümüş kaplama
silver screen,gümüş perde
silver sheet,gümüş levha
silver spoon,gümüş kaşık
silver tongue,gümüş dil
simmer down,Sakin ol
simmer up,kaynatmak
Simon says,Simon diyor
simper out,sırıtmak
simple as a pimple,çok kolay
simple as kiss your hand,Tıpkı elini öpmek gibi kolay
simplicity itself,çok basit
simply connected,basit bağlantılı
sin tax,günah vergisi
since Adam was a boy,Adam çocukken beri
since Adam was an oakum boy,Adam'ın bir pamuk temizleyici olduğu zam…
since God was a boy,Tanrı bir çocukken
since Hector was a pup,Hector yavruyken beri
since Skippy was a pup,Skippy yavruyken beri
sing a different tune,farklı bir şarkı söylemek
sing along,şarkı söylemek
sing for one's supper,emek karşılığı yemek yemek
sing from the same hymnbook,aynı şiir kitabından şarkı söylemek
sing like a bird,kuş gibi şarkı söylemek
sing off the same hymn sheet,aynı fikirde olmak
sing out,seslenmek
sing small,küçük şarkı
sing soprano,soprano ses
sing the praises of,övmek
sing the same tune,aynı melodiyi söyle
sing up,kayıt olmak
singe one's wings,kanatlarını çırpmak
singing soprano,soprano şarkıcısı
single and ready to mingle,bekarım ve tanışmaya açığım
single as a Pringle,bekar
single out,ayırmak
single up,bekar kalmak
singly even,tek tek hatta
singuli in solidum,bireysel olarak
sink in,içine işlemesi
sink into,batmak
sink of iniquity,günah yuvası
sink one's teeth into something,bir şeye kendini kaptırmak
sink or swim,yaşar ya da ölür
sinking ship,batmakta olan gemi
siphon the python,pitoanı boşalt
siren song,siren şarkısı
sister from another mister,arkadaş
sisters before misters,Kız kardeşler önce, erkekler sonra
sit about,oturmak
sit around,etrafta dolaşmak
sit back,geriye yaslanmak
sit by,yanında oturmak
sit down,otur
sit for,oturmak için
sit in,oturmak
sit in for,yerine oturmak
sit in on,katılmak
sit in with,katılmak
sit off,uzaklaşmak
sit on,oturmak üzerine
sit on a tack,çivi üzerine oturmak
sit on it,Üzerine otur
sit on one's ass,tembelce oturmak
sit on one's hands,ellerini bağlamak
sit on the fence,kararsız kalmak
sit one's ass down,otur
sit out,oyundan çekilmek
sit over,üstüne oturmak
sit right,doğru oturun
sit still,sakin dur
sit through,katlanmak
sit tight,sakin olun
sit under,altına oturmak
sit up,dik oturmak
sit up with,uyanık kalmakla
sit upon,oturmak üzerine
sit well,iyi geçmek
sit with,oturmakla
sitting duck,kolay hedef
sitting pretty,rahat olmak
six and two threes,altı ve iki tane üç
six feet deep,iki metre derinlikte
six feet under,altı fit derinlikte
six of the best,en iyisi altısı
six ways to Sunday,Pazar gününe kadar
six-pack of rolls,rulo paketi
size down,bir beden küçük
size matters,boyut önemlidir
size queen,boy queen
size up,değerlendirmek
skank up,pislik yapmak
skate around,kaymak
skate by,geçmek
skate on,kaymak
skate on thin ice,tehlikeli bir durumla karşı karşıya olma…
skate one's lane,Kendi yolunda ilerlemek
skate over,kaymak
skeeve out,iğrendirmek
skeeze out,rahatlamak
skeleton at the feast,şenlikteki iskelet
skeleton crew,az sayıda personel
skeleton in the closet,gizli utanç verici sır
skeleton in the cupboard,dolaptaki iskelet
sketch out,taslak hazırlamak
ski-jump nose,kayakla atlama burun kısmı
skibidi Ohio rizz,Bilinmeyen bir ifade
skill up,yeteneklerini geliştirmek
skim off,yüzeyden almak
skim through,gözden geçirmek
skimp and save,tasarruf etmek ve cimri olmak
skin and bones,derme çatma
skin and grin,gülümse ve eğlen
skin back,sırt
skin in the game,riski üstlenmek
skin trade,insan kaçakçılığı
skin up,kayak bağlamak
skinny down,inceltmek
skinny Liz,zayıf Liz
skinny Minnie,zayıf minik kız
skinny out,inceltmek
skinny up,zayıflamak
skip a beat,kalp atışı durmak
skip out,kaçmak
skip rope,ip atlama
skirt around,etrafından dolaşmak
skirt chaser,etek peşinde koşan
skittle out,bozmak
skittles party,Skittles partisi
skive off,devamsızlık yapmak
skunk at a garden party,bahçe partisine gelen skunk
skunk up,kokutmak
skurry away,Çabucak uzaklaşmak
slack off,tembel olmak
slack up,gevşemek
slacken off,gevşemek
slag off,eleştirmek
slam back,sertçe kapatmak
slam down,Çarpıp bırakmak
slam dunk,sert smaç
slam out,vurmak
slap and tickle,to slap and tickle
slap around,Çarpıp durmak
slap down,azarlamak
slap leather,deri şaplak atmak
slap someone around,Birini dövmek
slap the salami,sucukları vurmak
slap together,aceleyle yapmak
slattern away,savurganlık yapmak
slava Ukraini,Ukrayna'ya selamlar
slave away,köle gibi çalışmak
slave to fashion,modaya köle
sleep a wink,hiç uyumamak
sleep around,etrafta dolaşmak
sleep camel,uyuyan deve
sleep funny,komik uyku
sleep in,uyumak
sleep in heavenly peace,göklerde huzur içinde uyu
sleep in with,birlikte uyumak
sleep it out,uyuyarak atlatmak
sleep off,uyuyarak geçirmek
sleep on,uyumak üzerine
sleep one off,bir gece uyumak
sleep out,dışarıda uyumak
sleep over,konaklamak
sleep rough,sokakta uyumak
sleep tight,iyi uyumalar
sleep together,birlikte uyumak
sleep with,uyumakla
sleep with the fishes,balıklarla uyumak
sleeping at the switch,görevini ihmal etmek
sleeping giant,uyanık dev
sleeping policeman,uyuyan polis
sleeveless errand,kolları olmayan iş
sleeves from one's vest,yelekten çıkan kollar
slender reed,ince kamış
slice and dice,doğramak
slice up,dilimlemek
slick back,geriye taramak
slick down,parlatmak
slick up,parlatmak
slide into the DMs,özel mesaj göndermek
slide off,kaymak
slim down,zayıflamak
slim jim,sosis
slime out,sümüksü akıntı
sling about,savurmak
sling along,beraber gitmek
sling for,askı
sling in,atarak
sling it in,İçine koy
sling off,fırlatmak
sling one up,Bir kadeh içmek
sling one's hook,oltu atmak
sling out,fırlatmak
sling over,üzerine atmak
sling to,atarak
sling up,asmak
slings and arrows,saldırılar ve hakaretler
slip away,kaybolmak
slip back,geri kaymak
slip by,kaçmak
slip down,kaymak
slip in,kayma
slip into,kaymak
slip it to,ona ver
slip of the keyboard,klavye hatası
slip of the pen,yazım hatası
slip of the tongue,dil sürçmesi
slip off,kaymak
slip one past,birini kandırmak
slip out,kaçmak
slip past,geçmek
slip someone's mind,unutulmak
slip the cable,kabloyu çekmek
slip through,kaçmak
slip through the cracks,gözden kaçmak
slip under,kaymak altına
slip up,hataya düşmek
slippery as an eel,Yılan gibi kaygan
slit someone's throat,boğazını kesmek
slob about,konuşkan
slob around,tembellik etmek
slob out,dökülmek
slog away,uğraşmak
slop bowl,yemek kabı
slop out,boşaltmak
slope off,eğimlenmek
sloppy toppy,dağınık düzensiz
slot in,yuva
slough off,dökülmek
slow and steady wins the race,Yavaş ve istikrarlı kazanır
slow burn,yavaş yavaş yanan
slow but sure wins the race,Yavaş ama emin ilerlemek yarışta galibiy…
slow down,yavaşla
slow in,yavaşça
slow march,Yavaş yürüyüş
slow off,yavaşla
slow off the mark,yavaş başlamak
slow on the uptake,Yavaş anlamayan
slow out,yavaşlamak
slow study,yavaş çalışma
slow up,yavaşla
slowed and throwed,yavaşladı ve attı
slower than molasses,akçasından daha yavaş
sludge out,çamurlu hale getirmek
slug away,uzaklaş
slug it out,Çekişmek
slug out,yavaşlamak
sluice out,boşaltmak
slump down,eğilmek
slur over,büzülü söylemek
slurp up,yutmak
slush up,erimek
slut it up,bitir
slut's wool,aptalca yün
smack around,dövmek
smack down,vurmak
smack out,vurmak
smack up,öpüşmek
small change,küçük para
small dick energy,küçük erkeklik enerjisi
small fry,küçük balık
small potatoes,önemsiz şeyler
small print,küçük yazı
small rain lays great dust,Küçük yağmur büyük tozu bastırır
small talk,sohbet
small wonder,şaşırmamak gerekir ki
small world,küçük dünya
smart arse,Aptalca zeki
smart as a whip,çok zeki
smart chance,akıllı bir fırsat
smart off,akıllı cihazı kapat
smarten up,akıllan
smash and dash,hızlı giriş hızlı çıkış
smash down,yıkmak
smash hit,büyük başarı
smash someone's face in,Birinin yüzüne yumruk atmak
smash someone's head,Birinin kafasına vurmak
smash up,paramparça etmek
smear campaign,karalama kampanyası
smell a fox,tilki kokusu almak
smell a rat,bir işin koku alıp şüphelenmek
smell blood,kan kokusu almak
smell fishy,Şüpheli gelmek
smell like a rose,gül kokusu
smell like a tart's handbag,Bir fahişenin çantasındanmış gibi kokmak
smell of an oily rag,Yağlı bir bezin kokusu
smell of the lamp,lamba kokusu
smell of the shop,Dükkanın kokusu
smell one's own farts,kendi gazını koklamak
smell out,koklamak
smell the barn,ahırın kokusunu almak
smell up,kokmak
smell what someone is stepping in,Birinin neye bastığını koklamak
smells and bells,kokular ve çanlar
smile a thousand smiles,binlerce kez gül
smile from ear to ear,kulaktan kulaktan gülmek
smite hip and thigh,kalçayı ve uyluğu vurmak
smoke around,etrafında duman
smoke like a chimney,şömine gibi duman çıkarmak
smoke my pole,Çubuğumu içmek
smoke one's own dope,kendi uyuşturucusunu kullanmak
smoke out,duman çıkarmak
smoke signal,duman sinyali
smoke the whole pack,tüm paketi tüttür
smoke up,dumanlamak
smoke-filled room,dumanlı oda
smoking gun,kesin kanıt
smoking ponies,sigara içen midilli
smooth away,yumuşatmak
smooth down,düzeltmek
smooth operator,usta kurnaz
smooth out,düzeltmek
smooth over,yumuşatmak
smooth sailing,kolaylık
smooth up,düzeltmek
smuggle past,geçirmek
snack down on,atıştırmak
snaffle up,kapmak
snail's pace,yavaş
snake eyes,yılan gözleri
snake oil,sahte ilaç
snake out,yılan gibi kıvrılmak
snake up,yılan gibi kıvrılmak
snap at,ısırmak
snap at someone's heels,peşinden ayrılmamak
snap back,geri çekilmek
snap in,takılabilir
snap it up,yakala
snap judgment,hızlı karar
snap of the fingers,parmak şıklatmak
snap out of,kendine gel
snap someone's head off,Başkasına bağırmak
snap to,çıtlatmak
snap to attention,dikkate eğilmek
snap trap,tuzak
snap up,yakalamak
snarl up,karmaşaya sokmak
snatch the pebble,Çakılı kapmak
snazz up,güzelleştirmek
sneak around,gizlice dolaşmak
sneak in,içeri sızmak
sneak out,Sessizce çıkmak
sneak past,gizlice geçmek
sneak up,sessizce yaklaşmak
sneaking suspicion,gizli şüphe
sneaky beaky,kurnaz çevik
sneaky Pete,kurnaz Pete
sneck posset,bilinmiyor
sneck up,Yaklaşmak
sneeze on the truth,gerçeğe hapşırmak
snick or snee,tıknaz
sniff around,koklamak
sniff out,ayırt etmek
sniff up,koklamak
snipe hunt,bıldırcın avı
snitch up,ifşa etmek
snitches get stitches,İhbarcılar cezalandırılır
snod up,bağlamak
snoop around,aramak
snootle around,aramak
snooze off,uykuya dalmak
snork down,şnorkelle dalmak
snort up,burnetmek
snot up,burnout
snow down,kar yağışı
snow in,içinde kar
snow job,karıştırma
snow on the mountaintop,dağ tepesindeki kar
snow on the rooftop,Çatıdaki kar
snow out,kar örtüsü
snow over,karla kaplı
snow under,karın altında
snow up,kar fırtınası
snowball effect,kartopu etkisi
snowball in hell,cehenneme kar topu atmak
snowball's chance in hell,hiçbir şansı yok
snowed under,boğulmak
snuff out,söndürmek
snug as a bug,çok rahat
snug down,sıcacık olmak
snuggle bunny,sevimli tavşan
snuggle up,kucaklamak
so and so,Şu veya bu
so as to,böylece
so be it,olsun
so crazy it just might work,Bu kadar çılgın ki belki işe yarar
so crazy it might just work,Bu kadar çılgınca ki belki işe yarar
so far,şimdilik
so far so bad,Şimdilik kötü
so far so good,şimdilik her şey yolunda
so help me,Bana yardım et
so help me Bob,Bob beni affetsin
so help me cat,bana yardım et
so help me God,Tanrı bana yardım etsin
so help me tater,Beni patatesle tanıklık etsin
so help me tatur,Bana yardım et
so help my tater,patatesimi kurtar
so help you God,Tanrı yardımcın olsun
so is life,işte hayat böyle
so it goes,işte böyle
so it seems,Görünüşe göre
so long,görüşürüz
so long as,sürece ki
so mote it be,böyle olsun
so much for,işte böyle
so much the better,ne kadar iyi olursa olsun
so much the worse,ne kadar kötü olursa olsun
so much the worse for,ne kadar kötü olursa olsun
so much win,çok güzel
so there,orada
so they say,dediği gibi
soak away,emdirerek çözmek
soak in,ıslatmak
soak up,emmek
soaked to the skin,ıslanmış
soaking wet,ıslak
soap down,sabunlamak
soap off,sabunlamak
soap up,sabunlamak
sob story,duygusal hikaye
sober down,sakin ol
sober up,ayık olmak
social death,sosyal ölüm
social ladder,sosyal merdiven
social lubricant,sosyal bağlayıcı
sock away,biriktirmek
sock in,çoraba
sock into,çorabı içine sokmak
sock it to,cezalandırmak
sod off,Defol
sod this for a lark,eğlenmek için
soda jerk,şuruplu içecek hazırlayıcısı
soft kill,yumuşak öldürme
soft Mick,yumuşak Mick
soft sawder,yumuşak konuşma
soft shoe,yumuşak tabanlı ayakkabı
soft spot,zafiyet
soft touch,nazik dokunuş
soft underbelly,zayıf nokta
soften someone's cough,öksürüğü hafifletmek
soften the blow,Etkisini azaltmak
soften the ground,Toprağı yumuşatmak
soften up,yumuşatmak
sold again and got the money,Tekrar satıldı ve para alındı
soldier on,devam etmek
some mothers do have them,bazı annelerin de öyleleri var
some old,bazı eski
some people,bazı insanlar
some people have all the luck,Bazı insanlar çok şanslı
some pumpkins,birkaç kabak
some rights reserved,bazı haklar saklıdır
somebody's in here,İçeride biri var
somebody's right-hand man,sağ kolu
somebody's right-hand woman,sağ kolu
someone's arse off,çok uğraşmak
someone's ass off,çok çalışmak
someone's butt off,çok çalışmak
someone's cup of tea,hoşuna giden bir şey
someone's face doesn't fit,yüzüne uygun değil
someone's goose is cooked,işler berbat
someone's headlights are on,Birinin farları açık
someone's heart goes out,içini çekmek
someone's heart is in,kalbi bir şeyde
someone's jaw dropped,Ağzı açık kaldı
someone's luck is in,şansı açık
someone's number is up,Numarası geldi
someone's star falls,Birinin yıldızı söner
something awful,çok kötü bir şey
something is better than nothing,Hiçbir şey iyidir bir şeyden
something is rotten in Denmark,Danimarka'da bir şeyler yolunda değil
something is up,Bir şeyler oluyor
something like,Bunun gibi
something tells one,bir şeyler gösteriyor
something to,bir şey vermek
something's up,Bir şeyler oluyor
sometimes a cigar is a cigar,bazen bir puro sadece bir purodur
somewhere along the line,bir yerde
somewhere over the rainbow,gökkuşağının üzerinde bir yerde
son of Adam,Adem'in oğlu
son of the morning,sabahın oğlu
song and dance,şarkı ve dans
sooner or later,er ya da geç
sop up,Sıvıyı emmek
sore boob means more boob,daha büyük göğüs
sore point,hassas nokta
sorry I'm late,Geç kaldığım için özür dilerim
sorry not sorry,üzgün değilim
sort oneself out,kendini toparlamak
sort out,halletmek
sort through,ayırmak
sound as a pound,sesi duyuluyor
sound asleep,derin uyku
sound mind,sağlam akıl
sound off,seslenmek
sound out,söylenememek
sounds about white,beyaz gibi duruyor
sounds good,İyi geliyor
sounds like a plan,Plan gibi duruyor
soup sandwich,çorbalı sandviç
soup to nuts,A'dan Z'ye
soup up,güçlendirmek
soup's on,Çorba hazır
sour grapes,ekşi üzüm
sour note,ekşi tat
sour on,ekşi
sour stomach,mide ekşimesi
sour tooth,diş ağrısı
sow dragon's teeth,ejderha dişlerini ekmek
sow one's wild oats,dengesini bulmak
sow the seeds of,tohumları ekmek
soy out,dışarı çıkmak
sp. nov.,Yeni tür
space case,boşluklu büyük harf
space out,dağıtmak
spaghetti up,spagetti yapmak
spank out,dövmek
spank the monkey,Maymunu dövmek
spank you,Sana teşekkür ederim
spank you very much,çok teşekkür ederim
spanner in the works,işleri bozmak
spare no effort,elinden gelenin en iyisini yapmak
spare someone the details,Detayları anlatmaktan kaçınmak
spare someone's blushes,yüzünü kızartmasını engellemek
spark off,başlatmak
spark out,sönmek
spark spread,kıvılcım yayılımı
spark up,yakmak
sparkle up,parlatmak
sparks fly,kıvılcımlar uçuyor
spaz out,Çılgınlaşmak
spazz out,Çılgınlaşmak
speak down to,küçük görmek
speak for,konuşmak için
speak for oneself,kendini ifade etmek
speak in circles,uğraşmak
speak of,bahsetmek
speak of the devil,şeytanı konuşurken
speak one's mind,Düşüncelerini söylemek
speak out,konuşmak
speak someone's language,birinin dilinden anlamak
speak to,konuşmak
speak up,sesinizi yükseltin
speak with a forked tongue,çift dilli olmak
spear carrier,mızrak taşıyan
spec out,belirtmek
spec up,özellikleri belirtmek
special delivery,özel teslimat
special military operation,özel askeri operasyon
special needs,özel ihtiyaçlar
special relationship,özel ilişki
special treatment,özel muamele
specialty crop,özel ürün
spectator sport,Seyirci sporu
speed merchant,hızlı araba sürücüsü
speed up,hızlandırmak
Speedy Gonzales,Hızlı Gonzales
spell it out,yazarak açıklayın
spell off,yazı yazma yarışması
spell out,yazarak açıklamak
sperg out,boşalmak
sperm donor,Sperm bağışçısı
spew up,kusmak
spice up,canlandırmak
spicy tooth,baharatlı yiyecekleri seven
spiff up,güzelleştirmek
spike up,ani yükseliş
spill ink,mürekkep dökmek
spill juice,meyve suyu dökmek
spill one's guts,Her şeyini anlatmak
spill one's seed,tohumunu saçmak
spill out,dökülmek
spill over,taşmak
spill the beans,sırrını açığa vurmak
spilt milk,dökülen süt
spin a yarn,hikaye anlatmak
spin doctor,medyatik danışman
spin down,yavaşlatmak
spin off,ayrılma
spin one's wheels,boşuna çabalamak
spin out,uzamak
spin round,dönmek
spin someone's wheels,boşuna uğraşmak
spin up,hızlandırmak
spiral out,kontrolden çıkmak
spirit away,göz kamaştırmak
spirit off,sarhoşluktan kurtulmak
spit feathers,öfkelenmek
spit fire,ateş saçmak
spit in the ocean,denize tükürmek
spit in the wind,boşa konuşmak
spit into the wind,rüzgara tükürmek
spit it out,Söyle bakalım
spit nails,tükürmek
spit on,sürmek
spit out,kusmak
spit the dummy,ağzını kapatmak
spit up,kusma
spitters are quitters,Söyleneni unuturlar
spitting distance,tükürük mesafesi
spitting image,tıpkısı
splash about,saçma sapan davranmak
splash around,saçma sapan davranmak
splash down,denize çöküş
splash out,harcamak
splice the mainbrace,gemisini yelkenini tamir etmek
splinter up,parçalamak
split hairs,gereksiz tartışma
split off,ayrılmak
split on a rock,kaya üzerinde ayrılmak
split one's sides,gülmekten ölmek
split the baby,bebeği ikiye ayırmak
split the breeze,esintiyi böl
split the difference,Ortak bir noktada buluşmak
split up,ayrılmak
Spock ears,Spock kulakları
spoil market,pazarı bozmak
spoil somebody rotten,Şımartmak
spoil someone rotten,havalılığa düşürmek
spoil the market,piyasayı bozmak
spoiling for a fight,kavgaya açık
spoilt for choice,seçenekler arasında kalmak
sponge down,süngerlemek
sponge out,süngerlemek
sponge up,Suyu emmek
spook out,ürkütmek
spool down,sarmak
spool out,sarmak
spool up,sarmak
spoon bowl,kaşık kase
spoon out,kaşıkla çıkarmak
sport away,deplasman
spot check,kontrol
spot of bother,küçük bir sorun
spout off,ağzını açmak
spout out,savurmak
spray and pray,sağ olsun bitsin
spread one's legs,bacaklarını açmak
spread one's wings,kanatlarını açmak
spread oneself thin,kendini çok fazla şeye yaymak
spread out,yayılmak
spread the word,haberi yay
spring back,geri dönmek
spring fever,bahar telaşı
spring for,bahar için
spring has sprung,bahar geldi
spring in one's step,neşeli adımlar
spring out,fışkırmak
spring to life,canlanmak
spring to mind,aklıma gelmek
spring up,ortaya çıkmak
sprout up,filizlenmek
spruce up,Yenilemek
sprucen up,Yenilemek
sprunt up,filizlenmek
spunk off,enerji harcamak
spur of the moment,anıksı
spur on,teşvik etmek
sputter out,sönmek
spy on,Casusluk yapmak
spy out,keşfetmek
squad up,ekip ol
square around,etrafı kare şeklinde
square away,düzenlemek
square meal,toklu yemek
square off,karşı karşıya gelmek
square on,karenin üzerine
square one,sıfırdan
square peg in a round hole,uyumsuz
square shooter,düzgün nişan alan
square up,düzeltmek
squash the beef,tartışmayı bitirmek
squeak out,cık cık ses çıkarmak
squeak through,zorlukla başarmak
squeaky wheels get oiled,Gıcırtı çıkaran tekerlekler yağlanır
squeal on,ihbar etmek
squeeze in,sıkıştırmak
squeeze into,sıkışmak
squeeze off,kesmek
squeeze one out,sıkmak
squeeze out,sıkmak
squeeze under,altından geçmek
squeeze up,sıkıştırmak
squig out,sıkıştırmak
squint like a bag of nails,gözlerini kırpıştırarak
squirrel around,uğraşmak
squirrel away,saklamak
squirrels in the attic,çatıdaki sincaplar
stab in the back,sırtına bıçak saplamak
stab in the dark,kör tahmin
stab yourself and pass the dagger,kendini bıçakla yarala ve bıçağı başkası…
stack off,yığılma
stack the cards,kartları üst üste koymak
stack up,yığılmak
staff of life,hayatın kaynağı
staff out,personel çıkışı
staff up,personel almak
stage business,sahne işleri
stage of the game,oyunun aşaması
stage right,sahne sağı
stage-door Johnny,sahne kapısı önünde bekleyen
Staggers and Naggers,Sendelemeler ve söylenmeler
staircase wit,merdiven mizahı
stake a claim,hak iddia etmek
stake out,belirlemek
stalking horse,mağara aslanı
stall for time,zaman kazanmak
stall out,durgunlaşmak
stamp out,bastırmak
stance up,duruşunu düzelt
stand a chance,bir şansı olmak
stand and deliver,dur ve teslim et
stand around,etrafta dolaşmak
stand aside,bir kenara çekil
stand back,geri çekil
stand behind,desteklemek
stand between,arasında olmak
stand by,beklemek
stand corrected,yanıldığımı kabul ediyorum
stand down,çekilin
stand fast,sabit dur
stand fire,ateş altında olmak
stand firm,dik durmak
stand for,temsil etmek
stand from under,altından kalkmak
stand in,durmak
stand in for,yerine geçmek
stand in one's own light,Kendine engel olmak
stand in someone's shoes,Birinin yerine geçmek
stand in the gap,boşluğu doldurmak
stand in the gate,kapıda beklemek
stand off,uzlaşmazlık
stand on,ayağa kalkmak
stand on ceremony,gereksiz gösteriş yapmak
stand on its own,bağımsız olarak durmak
stand on one's head,tek ayak üzerinde durmak
stand on one's own two feet,bağımsız olmak
stand on someone's shoulders,birinin omzunda durmak
stand on the shoulders of,birinin üzerine basmak
stand on the shoulders of giants,devlerin omuzlarında durmak
stand one's ground,Haklılığını savunmak
stand out,dikkat çekmek
stand over,üstünde durmak
stand pat,beklemek
stand shilly-shally,kararsız durmak
stand tall,boyun eğme
stand the test of time,zamanın sınavından geçmek
stand to,ayakta durmak
stand to reason,mantıklı olmak
stand together,birlikte durmak
stand treat,ikram etmek
stand trial,yargılanmak
stand under,altında durmak
stand up,ayağa kalkmak
stand up against,karşı çıkmak
stand up and be counted,ayağa kalk ve sayıldığını göster
stand up for,savunmak
stand up on one's hind legs,arka ayakları üzerine kalkmak
stand up to,direnmek
stand up to one's lick log,kendini savunmak
stand up with,yan yana durmak
stand upon,ayağa kalkmak
stand with,yanında olmak
standard fare,standart menü
standing room only,doluluk
stands to reason,mantıklıdır
star in the east,doğudaki yıldız
star turn,parlak performans
star up,yıldız olmak
star vehicle,yıldız oyuncu rolü
stare down,aşağı bakmak
stare out,dışarı bakmak
stars align,yıldızlar hizalanmak
Stars and Bars,Yıldızlar ve çubuklar
stars are aligned,yıldızlar hizalanmış
stars in one's eyes,gözleri parlamak
start a family,bir aile kurmak
start a fresh hare,yeni bir kurnazlık yapmak
start and park,başlat ve park et
start back,başlangıç
start back in,başlangıca dön
start back on,tekrar başlamak
start from scratch,sıfırdan başla
start from where you are,neredesen oradan başla
start in,başlamak
start in on,başlamak
start into,başlamak
start off,başlamak
start on,başlamak
start on at,başlamak
start out,başlamak
start over,baştan başla
start up,başlamak
start up on,başlamak üzere
start with a clean sheet,sıfırdan başlamak
start with a clean slate,boş bir sayfa ile başlamak
startle up,şaşırtmak
starvin' Marvin,açgözlü Marvin
starving artist,aç yoksul sanatçı
stash away,saklamak
stat out,istatistik
state of affairs,Durum
statically scoped,statik kapsamlı
statistical tie,istatistiksel beraberlik
stave in,çiviyle sabitlemek
stave off,erteləmək
stay and play,kal ve oyna
stay away,uzağa dur
stay back,geri çekil
stay behind,geride kalmak
stay hungry,aç kal
stay in,kalmak
stay in one's lane,kendi yolunda kalmak
stay in touch,iletişimde kalın
stay on,kalmak
stay out,içeri girmeyin
stay over,konaklamak
stay put,yerinizde kalın
stay the course,aynı yolda devam etmek
stay together,beraber kalın
stay tuned,Takipte kalın
stay up,uyanık kalmak
steady as she goes,sabırlı olun
steady Eddie,sakin adam
steady hand on the tiller,yöncüde sabit el
steady the ship,Gemiyi sabitleyin
steal a glance,bir bakış atmak
steal a march,öncelik elde etmek
steal away,kaçırmak
steal in,içeri sızmak
steal someone's heart,kalbi çalmak
steal someone's identity,birinin kimliğini çalmak
steal someone's thunder,Birinin tanıtımını çalmak
steal the show,Dikkatleri üzerine çekmek
steal up,sessizce yaklaşmak
steam ahead,ilerlemek
steam off,buharla temizlemek
steam up,buharlaştırmak
steaming hot,buharlı sıcak
steel up,güçlenmek
steer clear of,uzak durmak
stem from,kaynaklanmak
stem the rose,gülün gövdesini kesmek
stem the tide,akışı durdurmak
step aside,biraz yer aç
step back,geri çekil
step between,arasında
step down,görevden ayrılmak
step forward,ileri adım at
step in,adım atmak
step in it,içine girmek
step into,içeri adım atın
step into someone's shoes,birinin yerine geçmek
step lively,daha canlı
step off,inmek
step on,üzerine basmak
step on a rake,tırmık üzerine basmak
step on it,gazla
step on someone's toes,kıskançlık uyandırmak
step out,dışarı çıkmak
step out on someone,birinin hakkını yemek
step over,üstünden geç
step to,adım atmak
step up,adım atın
step up on,üzerine çıkmak
step up one's game,performansı artırmak
step up to the plate,Sahaya çıkmak
stepping razor,bıçak sırtında yürüme
stepping stone,adım taşı
stew in one's juices,kendi düşüncelerine dalmak
stew up,pişirmek
stick 'em up,Silah çekin
stick a fork in something,bir şeye çatal batırmak
stick around,beklemek
stick at,yapmakla
stick by,yanında olmak
stick down,yapıştırmak
stick in someone's craw,boğmak
stick in the mud,köstekli
stick it out,dayanmak
stick it to,onu yapıştırmak
stick it to the man,sisteme karşı gelmek
stick on,yapıştırmak
stick one on,yapıştırmak
stick one's dick in crazy,aptalca bir şeye bulaşmak
stick one's foot in it,Ayağına basmak
stick one's foot in one's mouth,Ayağına çekilmek
stick one's head in the sand,başını kuma gömmek
stick one's neck out,risk almak
stick one's nose into,burnamak
stick one's oar in,araya girmek
stick out,öne çıkmak
stick out a mile,Çok belirgin olmak
stick the knife in,bıçağı saplamak
stick the landing,İyi bir iniş yapmak
stick to,uygun olmak
stick to one's knitting,kendi işine odaklanmak
stick to one's last,kendi işine odaklanmak
stick to one's text,konusundan sapmamak
stick to someone's ribs,içine işlemek
stick together,beraber olmak
stick up,direnmek
stick up for,savunmak
stick with,beraber olmak
sticker shock,fiyat şoku
sticking plaster,bant
sticking point,tartışma noktası
sticks and stones,sopalar ve taşlar
sticks in a bundle are unbreakable,Bir araya toplanmış çubuklar kırılmaz
sticky fingers,yapışkan parmaklar
stiff up,sertleşmek
stiff upper lip,dişini sıkmak
stiffen up,sertleşmek
still got one's communion money,hala komünyon parası var
still water runs deep,Sakin sular derinlere işler
still waters run deep,Sakin sular derinlere işler
stinge out,sönmek
stink eye,kötü bakış
stink on ice,buzda koku
stink out,kokmak
stink the joint out,ortamı kokutmak
stink up,kokutmak
stir shit,Tartışma çıkarmak
stir someone's blood,kanını kaynatmak
stir the embers,közleri karıştırmak
stir up,kışkırtmak
stitch and bitch,dikiş nakış sohbet
stitch incoming,dikiş yaklaşıyor
stitch together,birleştirmek
stitch up,dikmek
stock down,düşüş
stock out,stokta olmama
stock phrase,hazır ifade
stock up,stok yapmak
stoke up,doldurmak
stomp for,için ayak çırpmak
stomp off,öfkeyle ayrılmak
stomp on,üzerine basmak
stomp out,söndürmek
stomping ground,alan
stone cold,buz gibi
stone dead,taş gibi ölü
stone deaf,sağır
stone's throw,taş atma mesafesi
stoop and roop,eğilmek ve kalkmak
stop a bullet,bir kurşunu durdurmak
stop and chop,durdur ve doğra
stop and smell the flowers,gül kokusunu içine çek
stop and smell the roses,Hayatın tadını çıkarın
stop at nothing,herhangi bir şeye başvurmak
stop by,beklemek
stop cold,aniden durmak
stop dead,aniden durmak
stop down,azaltmak
stop in,beklemek
stop into,beklemek
stop off,beklemek
stop out,durdurmak
stop over,aktarma
stop press,acil haber
stop someone in their tracks,şaşkınlığa uğratmak
stop the bleeding,kanamayı durdur
stop the car,arabayı durdur
stop the lights,ışıkları kapat
stop the presses,işleri durdurun
stop up,tıkayıp
store away,saklamak
store up,biriktirmek
storm in,içinde
storm off,öfkeyle ayrılmak
storm out,tartışarak ayrılmak
storm out of the blocks,Hızla başlamak
stormy weather,fırtınalı hava
story of my life,hayatımın hikayesi
stove up,ısıtmak
stovepipe hat,şapka
stow away,saklamak
straight and narrow,düz ve dar
straight away,hemen
straight face,düz yüz
straight from the horse's mouth,doğrudan kaynağından
straight from the shoulder,Açık sözlü bir şekilde
straight goods,düz ürün
straight man,heteroseksüel erkek
straight out of the chute,başlangıçtan itibaren
straight out of the gate,başlangıçtan itibaren
straight shooter,düz konuşan
straight-face test,düz yüz testi
straighten out,düzeltmek
straighten up,düzeltmek
straighten up and fly right,düzgün ol ve doğru davran
strain a point,bir noktayı vurgulamak
strain at a gnat,ucuz şeylerle uğraşmak
strain at the leash,kayıştan sıyrılmak
strain every nerve,elinden geleni yapmak
strange bedfellows,tuhaf ittifaklar
strange bird,garip kuş
strangely warmed,garip bir şekilde ısınmış
stranger things have happened,daha garip şeyler yaşandı
strangle the parrot,papağanı boğmak
strap in,kayışları bağla
strap on,takmak
strap on a pair,bir çift tak
strap on the boots,botları giy
strap up,bağlamak
straw poll,anket
straw that stirs the drink,kıvılcım
street appeal,sokak görünümü
streets ahead,çok ileride
streets behind,arkadaki sokaklar
strengthen up,güçlendirmek
stress out,Stresli olmak
stretch forth,uzatmak
stretch it out,uzat
stretch one's legs,bacakları germek
stretch out,uzatmak
stretch the truth,Gerçeği çarpıtmak
strickly dickly,kesinlikle kesinlikle
strictly better,kesinlikle daha iyi
strictly dickly,kesinlikle
strictly proper,kesinlikle uygun
strictly roots,kesinlikle kökler
strictly speaking,katı anlamda
stricto sensu,tam anlamıyla
strike a blow,bir darbe indirmek
strike a chord,etkilemek
strike a false note,yanlış bir nota çalmak
strike a light,çakmak yakmak
strike back,karşı koymak
strike down,iptal etmek
strike in,vurmak
strike it lucky,şanslı olmak
strike it rich,zengin olmak
strike me pink,pembe yap
strike off,kazımak
strike oil,petrol bulmak
strike one's flag,bayrağı indirmek
strike out,vurmak
strike someone when they are down,Birinin zor durumda olduğu zaman saldırm…
strike tallies,oy sayımı
strike the tent,çadırı sök
strike through,üzerini çizmek
strike up,başlamak
strike while the iron is hot,Demir sıcakken vur
string along,yalancı davranmak
string attached,bağlı ip
string on,için
string out,yaymak
string to one's bow,ok yayına takmak
string together,bir araya getirmek
string up,bağlamak
string with,birlikte
strip away,soyma
strip down,sıyırmak
strip off,soyma
strip out,çıkarıp ayırmak
stroke of business,iş anlaşması
stroke of luck,şans eseri
stroke of work,çalışma stili
stroke out,vurmak
strong suit,güçlü yön
strongly connected,güçlü bağlantılı
strung out,gergin
strut one's stuff,kendini göstermek
stub out,söndürmek
stubborn up,inatçı
stuck in a rut,rutine düşmüş
stuck in the mud,çamurda kalmak
stuck in the Stone Age,Taş Devri'nde kalmış
stuck in time,zamanda sıkışmış
stuck like Chuck,Chuck'a benzeyen bir şekilde sıkışmış
stuck on,sıkışmış
stuck up,kendini beğenmiş
stud muffin,zeki öğrenci
student union politics,öğrenci birliği siyaseti
studs up,dikey olarak yerleştirilmiş
study up on,iyi çalışmak
stuff it,boğ
stuff one's face,Ağzını doldurmak
stuff out,doldurmak
stuff the ballot box,oy sandığını doldurmak
stuff up,bozulmak
stuff you,seni sinir etmek
stuffed like a turkey,hindi gibi doldurulmuş
stuffed shirt,kibirli
stuffed to the gills,öpücüklerle dolu
stumble across,tesadüfen bulmak
stumble against,çarpmak
stumble into,tesadüfen karşılaşmak
stumble on,tesadüfen bulmak
stumble onto,tesadüfen bulmak
stumble upon,tesadüfen bulmak
stumbling block,Engel
stump and rump,kütük ve kalça
stump it,Beni şaşırt
stump out,azaltmak
stump up,ödemek
stupid is as stupid does,aptal insan aptallık yapar
style it out,stilini ortaya koy
style up,stilini geliştir
sua sponte,kendiliğinden
sub in,yedek oyuncu
sub out,yedeklemek
sub specie aeterni,sonsuzluk altında
subject to,şartıyla
subsequent to,sonrasında
success is a great deodorant,başarı harika bir deodorant
success story,başarı hikayesi
such as,gibi
such is life,işte hayat böyledir
such that,böylece
suck a big one,Büyük bir şey emmek
suck a lemon,limon emmek
suck and blow,emmek ve üflemek
suck donkey balls,Salaklık yapmak
suck down,emmek
suck dry,kuru bırakmak
suck face,yüzünü çekmek
suck hind tit,Emzirmek
suck in,iç çekmek
suck into,emmek
suck it,Em
suck it up,üstesinden gel
suck my balls,seninle cinsel ilişki yaşamak istemiyoru…
suck my cock,Siktir
suck my dick,seni sikayım
suck my penis,senin penisini em
suck my Richard,Richard'ımı em
suck off,emmek
suck on that,Onu em
suck out,emmek
suck the kumara,kumara emmek
suck the mop,suyu sıkmak
suck tits,Memelere dokunmak
suck under,başarısız olmak
suck up,yaranmak
suck your mum,annenin dikini em
sucks to be you,Senin için üzücü
sucks to suck,berbat bir durum
suds up,köpürmek
sue out,dava açmak
suffer fools gladly,aptalları hoş görmek
suffer from,acı çekmek
suffer in silence,sessizce acı çekmek
suffice it to say,söyleyeceklerim bu kadar
suffice to say,söylemeye gerek yok
sugar and spice,şeker ve baharat
sugar and spice and everything nice,şeker baharat ve her şey güzel
sugar coated,şekerli kaplı
sugar down,şeker düşüşü
sugar off,şekerden arındırılmış
sugar out,şekerden arındırılmış
sugar up,şekerlemek
sugarcoat a bitter pill,acı bir gerçeği yumuşatmak
sugarcoat the pill,gerçeği yumuşatmak
suit down to the ground,yere inmek
suit one's book,hoşa gitmek
suit the action to the word,Söz ile eylemi uyumlu hale getirmek
suit up,hazırlanmak
suited and booted,Şık giyimli
sull up,yukarı çek
sum up,özetlemek
summer and winter,yaz ve kış
summon up,toplamak
sun up,güneş doğarken
sun worshipper,güneşperest
Sunday best,Pazar için en güzel kıyafetler
Sunday driver,Yavaş sürücü
Sunday-go-to-meeting clothes,Kiliseye giderken giyilen kıyafetler
sunder out,ayırmak
sunlight is the best disinfectant,Güneş ışığı en iyi dezenfektandır
sunshine and rainbows,güneş ve gökkuşağı
suo motu,kendiliğinden
super trouper,süper gösterici
supply and demand,talep ve arz
supply up,artırmak
suppose that,varsayalım ki
sure as shit,kesinlikle
sure enough,elbette
surf and turf,ızgara et ve deniz ürünleri
surf's up,Dalgalar yüksekte
suspend one's disbelief,şaşkınlığı bir kenara bırakmak
suspended congress,askıya alınmış parlamento
suss out,anlamak
Sussex Drive,Sussex Caddesi
swab down,silmek
swack up,öpüşmek
swaddling clothes,Zıbın
swag it out,havalı hale getirmek
swag it up,havalı hale getir
swag out,havalı olmak
swag up,havalı olmak
swallow a bitter pill,acı bir gerçeği kabullenmek
swallow down,yutmak
swallow one's pride,Gururunu yutmak
swallow the dictionary,sözlüğü yutmak
swallow the leek,pırasayı yut
swallow up,yutmak
swallow whole,bütün olarak yutmak
swamp out,boğmak
swan song,veda şarkısı
swap horses in midstream,akarsu ortasında at değiştirmek
swap in,değiştir
swap out,değiştirmek
swap over,değişmek
swear at,bağırıp sövmek
swear by,kesinlikle tavsiye etmek
swear down,yemin ederim
swear in,yemin etmek
swear off,bırakmak
swear on,yemin etmek üzerine
swear out,ifade etmek
swear upon,yemin etmek üzerine
sweat bricks,terlemek
sweat bullets,terlemek
sweat equity,tercihli hisse
sweat it out,terlemek
sweat of one's brow,alın teri
sweat off,ter atmak
sweat out,terlemek
sweat the small stuff,Küçük şeyleri önemseme
sweater up,kazak giy
sweep along,yana doğru savrulmak
sweep aside,yana atmak
sweep away,yıkmak
sweep in,sürmek
sweep out,temizlemek
sweep someone off their feet,büyülemek
sweep something under the rug,bir şeyi örtbas etmek
sweep the board,her şeyi kazanmak
sweep the deck,katı süpürmek
sweep up,toplamak
sweet dreams,tatlı rüyalar
sweet fuck all,aptalca bir şey
sweet hereafter,tatlı gelecek
sweet home Alabama,tatlı Alabama yurdu
sweet Jesus,tatlı İsa
sweet Mary,tatlı Mary
sweet Mary mother of God,kutsal Meryem Tanrı'nın annesi
sweet nothings,tatlı sözler
sweet smell of success,başarının tatlı kokusu
sweet stuff,tatlı şeyler
sweet summer child,tatlı yaz çocuğu
sweet tooth,tatlı düşkünü
sweet young thing,tatlı genç kız
sweeten the pill,Acıyı hafifletmek
sweeten the pot,İşe bir teşvik eklemek
sweeten up,tatlandırmak
sweetheart deal,tatlı anlaşma
sweetness and light,tatlılık ve aydınlık
swell out,şişmek
swell up,şişmek
swill down,yutmak
swill up,karıştırmak
swim upstream,akıntıya karşı yüzmek
swim with sharks,köpekbalıklarıyla yüzmek
swing and a miss,kaçırdı
swing away,uzaklara vurmak
swing back,geri salınım
swing both ways,iki tarafa da yakın olmak
swing by,geçmekten
swing for,salıncak için
swing for the fences,Her şeyi riske atmak
swing of things,işlerin akışı
swing off,sallanmak
swing out,dışarı salmak
swing over,salıncak
swing round the circle,daire içinde sallanmak
swing through,salınarak geçmek
switch off,kapatmak
switch on,açmak
switch out,değiştirmek
switch up,değiştirmek
sword and sorcery,kılıç ve büyücülük
swords to ploughshares,kılıçları sabanlara çevirmek
swords to plowshares,kılıçları sabanlara çevirmek
swot up on,hazırlanmak
sympathy is between shit and syphilis,Empati, bok ve frengi arasında bir şeydi…
sync up,senkronize olmak
syphon the python,pythonu boşalt
tab out,sekme ile çık
table scrap,yemek artığı
table talk,sofra sohbeti
tach up,yakınlaştırmak
tack about,teşekkürler
tack down,sabitlemek
tack together,birleştirmek
tack up,yuklemek
tackle on,üstlenmek
TACO out,Görüşürüz
tag along,beraber gelmek
tag off,etiketi çıkarmak
tag on,etiketlemek
tag out,değişmek
tag up,etiketlemek
tail away,kaybolmak
tail between one's legs,kuyruğu bacaklarının arasına almak
tail down,kuyruğu bassa
tail in,içine
tail off,azalmak
tail wagging the dog,kovan dolandırıcılığı
take a back seat,arka plana çekilmek
take a bath,Banyo yapmak
take a bead on,Hedef almak
take a Bex,bir Bex hapı al
take a bite,bir ısırık al
take a bite out of,bir parça almak
take a bow,eğilin
take a breath,derin bir nefes al
take a breather,bir nefes alın
take a bullet,bir kurşun almak
take a chance,bir şans almak
take a cotton to,pamukla silmek
take a crack at,denemek
take a deep breath,Derin bir nefes al
take a dim view of,olumsuz bakmak
take a dive,dalış yapmak
take a dookie,dışkı yapmak
take a fancy to,beğenmek
take a flyer,bir broşür al
take a gamble,risk almak
take a gander,bir göz atın
take a hand in something,bir işe el koymak
take a hike,yürüyüşe git
take a hit,zarar görmek
take a joke,şakayı anlamak
take a leaf out of somebody's book,birinden örnek almak
take a liking to,beğenmek
take a load off,içini rahatlat
take a look,bir bak
take a nap,uyku
take a pew,Bir yer kapın
take a picture,foto çek
take a piss,siddet
take a powder,Defol
take a ride to Tyburn,Tyburn'a bir yolculuk yap
take a risk,risk almak
take a run at,denemek
take a shine to,beğenmek
take a shit,Defe etmek
take a shot in the dark,kör bir tahmin yapmak
take a stab at,denemek
take a stand,tarafgir olmak
take a tumble,düşmek
take a turn,sıra olmak
take a turn for the better,daha iyiye doğru dönmek
take a turn for the worse,kötüleşmek
take a walk,yürüyüş yapmak
take a walkout powder,işten ayrılma tozu
take a whack at,denemek
take a while,biraz zaman alacak
take a wife,evlenmek
take a wrong turn at Albuquerque,Albuquerque'da yanlış bir yola girmek
take aback,şaşırtmak
take account of,göz önünde bulundurmak
take across,geçirmek
take advantage of,faydalanmak
take after,benzemek
take against,karşı çıkmak
take ages,çok zaman almak
take aim,Hedef al
take air,hava almak
take an axe to,balta ile saldırmak
take an interest in,ilgi duymak
take apart,parçalara ayırmak
take away,almak
take away from,eksiltmek
take back,geri almak
take bread and salt,tuzlu ekmek getirin
take by storm,fırtına gibi gelmek
take by surprise,şaşırtmak
take care of business,işleri hallet
take care of yourself,kendine iyi bak
take centre stage,ön plana çıkmak
take charge,kontrolü ele almak
take check,ödeme almak
take cover,siper alın
take credit,hak sahibi olmak
take delight in,keyif almak
take down,indirmek
take down a notch,bir tık azaltmak
take down a peg,biraz alçakgönüllü olmasını sağlamak
take drugs,uyuşturucu kullanmak
take easy,kolay alın
take effect,Geçerli olmak
take fire,alev almak
take flight,uçmak
take for,almak için
take for a ride,taraftarlığını yapmak
take for a spin,deneme sürüşü yapmak
take for granted,garanti görmek
take form,şekil almak
take French leave,İzin almadan gitmek
take from behind,arkadan almak
take great pains,çok çaba göstermek
take guard,nöbet tutmak
take heed,dikkatli olun
take hold,yakalamak
take huff,burnout
take ill,hastalanmak
take in,içirmek
take into account,göz önünde bulundurmak
take into consideration,göz önünde bulundurmak
take it away,alın
take it easy,kolay gelsin
take it on the lam,kaçmak
take it or leave it,ya al ya bırak
take it or leave it alone,ya al ya bırak
take it out in,ondan intikam almak
take it out of,ondan çıkarmak
take it out on,Üzerine salmak
take it outside,Dışarı çıkar
take it up the ass,Sallamak
take it upon oneself,üstlenmek
take its rise,yükselmesi
take its toll,zarar vermek
take kindly,hoş görmek
take leave of one's senses,akılını yitirmek
take liberties,özgürlükleri kullanmak
take lightly,hafif almak
take matters into one's own hands,işleri kendi eline almak
take measures,tedbir almak
take no for an answer,reddedilmeyi kabul etmemek
take no notice of,dikkat etmemek
take no prisoners,Merhamet göstermemek
take note of,dikkat etmek
take notice,dikkat edin
take occasion,fırsatını kullan
take off,kalkmak
take offence,ofus olmak
take on,üstlenmek
take on faith,inanca dayanarak
take on the chin,çeneden vurmak
take on water,su almak
take one day at a time,Bir günü bir gün yaşa
take one for the team,Takım için bir şey yapmak
take one up,kabul et
take one's ball and go home,oyundan çekilmek
take one's chance,şansını kullanmak
take one's courage in both hands,içini toplamak
take one's eye off the ball,dikkatini dağıtmak
take one's eyes off,gözünü ayırmak
take one's hat off to,saygı duymak
take one's hook,kancasını takmak
take one's leave,vedaya gelmek
take one's medicine,ilaçını içmek
take one's pick,seçmek
take one's sweet little time,Zamanını öylece geçirmek
take one's time,Acele etmemek
take out,çıkartmak
take out an onion,Bir soğan çıkar
take out in trade,takasla almak
take out of context,bağlamından koparmak
take out the trash,çöpleri dışarı çıkar
take over,devralmak
take part,katılmak
take place,olmak
take precedence,Öncelik kazanmak
take pride,gurur duymak
take refuge,sığınmak
take responsibility,sorumluluk almak
take risks,risk almak
take roll,devam listesi almak
take several seats,birkaç koltuk alın
take shape,şekillenmek
take sides,taraf tutmak
take silk,ipek almak
take soil,toprak almak
take somebody under one's wing,kısmet almak
take somebody's breath away,şaşkınlığa uğratmak
take somebody's mind off somebody,birinin aklını başka bir şeyle meşgul et…
take somebody's mind off something,Bir şeyden birinin aklını dağıtmak
take someone for all they've got,birinden her şeyini almak
take someone out back,Birini arkaya götürmek
take someone to brown town,Birini öldürmek
take someone to the grave,birini mezara götürmek
take someone's arm,birinin kolunu tutmak
take someone's breath away,şaşkınlığa uğratmak
take someone's head off,başkalarının kafasını kesmek
take someone's life,birinin hayatını almak
take someone's part,tarafsız kalmak
take someone's word for it,sözüne güvenmek
take something as it comes,olduğu gibi kabul etmek
take something as read,okumuş gibi kabul etmek
take something in one's stride,kolaylıkla kabullenmek
take something in stride,kolaylıkla kabullenmek
take something with a pinch of salt,Şüpheyle yaklaşmak
take steps,önlem almak
take stock,durumu değerlendirmek
take the biscuit,bisküviyi al
take the bitter with the sweet,acı ve tatlıyı birlikte yaşamak
take the cake,pasta almak
take the count,sayım almak
take the cure,tedavi ol
take the fall,suçunu üstlenmek
take the fifth,beşinci maddeyi kullanmak
take the flak,eleştirileri üzerine almak
take the front seat,ön koltuğa geç
take the game to,oyunu götür
take the gilt off the gingerbread,gerçeği ortaya koymak
take the hint,İpucu almak
take the initiative,öncülük etmek
take the lead,öncülük etmek
take the liberty,özgürlük
take the mask off,maskeyi çıkar
take the meaning,anlamını almak
take the Michael,Michael'ı al
take the mick,alay etmek
take the mickey,alay etmek
take the offensive,saldırıya geçmek
take the pee,alay etmek
take the piss,alay etmek
take the plunge,cesaret etmek
take the point,noktayı almak
take the rap,suçlamayı üstlenmek
take the red pill,kırmızı hapı yutmak
take the reins,kontrolü ele almak
take the ride,geziye katıl
take the shadow for the substance,görünüşe aldanmak
take the stand,tanık kürsüsüne çıkmak
take the veil,peçe takmak
take the wheel,direksiyonu almak
take time,zaman ayırmak
take time by the forelock,Fırsatı kaçırmamak
take time off,izin almak
take time out,zaman ayırmak
take to,almak
take to court,mahkemeye başvurmak
take to heart,kalbe almak
take to one's heels,kaçmak
take to task,hesap sormak
take to the bank,bankaya götür
take to the cleaners,temizleyiciye götürmek
take to the grave,mezara götürmek
take to the hills,dağlara sığınmak
take to the stage,Sahneye çıkmak
take turns,Sırayla
take under,altına almak
take up,başlamak
take up a collection,para toplamak
take up for,savunmak
take up the cudgel for,savunmak
take up the cudgels,tartışmaya başlamak
take up the gauntlet,eldiveni kapmak
take up the hatchet,kılıcı kuşanmak
take up the running,koşmaya başlamak
take up with,ilişki yaşamak
take upon oneself,üstlenmek
take with,beraber götür
take with a grain of salt,dikkatle değerlendirmek
take with a pinch of salt,Şüpheyle yaklaşmak
take your change out of that,oradan paranı al
take your oil,yağınızı alın
takes one to know one,Benzerleri tanırsın
talent management,yetenek yönetimi
talk a blue streak,aralıksız konuşmak
talk a good game,abartılı konuşmak
talk a mile a minute,bir dakika konuşmak
talk about,konuşmak hakkında
talk about the weather,Hava hakkında konuşmak
talk around,etrafında konuşmak
talk at,konuşma
talk back,tepkı vermek
talk dirty,kötü konuş
talk down,küçük görmek
talk down to,küçük görmek
talk in circles,uğraşmak boşuna
talk into,ikna etmek
talk is cheap,söz ucuzdur
talk jockey,sunucu
talk like an apothecary,apoteker gibi konuş
talk of the devil,şeytanı konuşmak
talk out,konuşmak
talk out of,ikna etmek
talk out of one's ass,saçmalık konuşmak
talk out of one's ear,konuşmak bitmez
talk out of turn,Sırayla konuşmamak
talk over,konuşmak üzerine
talk over someone's head,Anlayamayacakları bir şey hakkında konuş…
talk past,Geçmişten bahsetmek
talk round,etrafında konuşmak
talk someone under the table,birini alt etmek
talk someone's ear off,konuşmak bitirmek
talk the legs off a pot,konuşmak bitirmek
talk the talk,sözde olmak
talk through,konuşarak çözmek
talk through one's hat,abuk sabuk konuşmak
talk to,konuşmak
talk to a brick wall,duvara konuşmak
talk to God,Tanrı ile konuşmak
talk to oneself,kendisiyle konuşmak
talk to the hand,elini kullan
talk trash,alaycı konuşmak
talk turkey,Açık konuşmak
talk up,övmek
talking head,konuşan yüz
tall in the saddle,atalarda uzun boylu
tall oaks from little acorns grow,Küçük meşelerden büyük ağaçlar büyür
tall order,zor iş
tall story,abartılı hikaye
tall tale,abartılı hikaye
tall trees catch much wind,Uzun ağaçlar çok fazla rüzgar alır
tally on,hesaplamak üzerine
tally up,toplamak
tamp down,bastırmak
tan out,güneşlenmek
tan someone's hide,birini azarlamak
tan up,güneşlenmek
tank up,depo doldurmak
tant pis,üzülme
tap dance,parmakla dans
tap in,bağlanmak
tap into,erişmek
tap off,kesmek
tap on,vurmak
tap or nap,vurmak veya uyku
tap out,pes etmek
tap up,vurmak
tape off,bantlamak
tape out,kayıt yapmak
tape over,bantlamak
tape up,bantlamak
taper off,azaltmak
tar out,çıkartmak
tart up,süslemek
task failed successfully,Görev başarıyla tamamlandı
taste of one's own medicine,kendi ilacının tadını çıkarmak
taste of one's own poison,kendi zehrini tatmak
tat up,tatlı
tattle on,ifşa etmek
teach away,uzaklaştırmak
teach grandma how to suck eggs,büyükanneye yumurta emmeyi öğret
teach out,öğretmek
teach somebody a lesson,bir ders vermek
teach someone a lesson,bir ders vermek
teacher's pet,öğretmennin favorisi
team up,birleşmek
team up with,birleşmek
teamwork makes the dream work,Takım çalışması hayalleri gerçeğe dönüşt…
tear a cat,bir kediyi yırtmak
tear along,boyunca
tear and wear,yıpranma
tear apart,parçalara ayırmak
tear at,yırtmak
tear away,yırtmak
tear down,yıkmak
tear into,yırtmak
tear it up,yırtmak
tear off,yırtmak
tear one's hair out,Saçını yolmak
tear out,yırtmak
tear to shreds,parçalara ayırmak
tear up,yırtmak
tear up the dance floor,Dans pistini inletmek
tear up the pea patch,bezelye tarlasını kazmak
tears before bedtime,uyku öncesi gözyaşları
tease apart,ayrıştırmak
tease out,ayırt etmek
tech up,teknoloji geliştirme
tee off,başlamak
tee up,hazırlamak
teed off,öfkelenmek
teem down,aşağıya doğru akmak
teem with,dolmak
teensy weensy,çok küçük
teeny weeny,çok küçük
teething issues,diş çıkarma sorunları
teething problem,başlangıç sorunları
teething trouble,başlangıç sorunları
teething troubles,başlangıç sorunları
telephone tag,telefon oyunu
tell against,karşı çıkmak
tell all,her şeyi söyle
tell apart,ayırt etmek
tell fortunes,gelecekleri tahmin etmek
tell it like it is,olduğu gibi söyle
tell it to Sweeney,Bunu Sweeney'e söyleyin
tell it to the hand,ona söyleyin
tell it to the judge,Hakime söyleyin
tell it to the marines,bana anlat
tell its own story,Kendi hikayesini anlatmak
tell its own tale,kendi hikayesini anlatmak
tell me about it,Bana anlat
tell me another one,bana bir tane daha söyle
tell me something I don't know,Bana bilmediğin bir şey söyle
tell of,anlatmak
tell off,azarlamak
tell on,ihbar etmek
tell someone where to shove it,Onu nereye sokacağını söyle
tell tales,hikaye anlatmak
tell tales out of school,sırları açığa vurmak
tell the truth,Gerçeği söyle
tell us another,bize başka bir şey anlat
tell us another one,bize bir tane daha anlat
tell you the truth,sana gerçeği söyleyeceğim
tell you what,bakalım ne olacak
temper temper,Sakin ol
tempest in a teapot,bardakta fırtına
temple of immensity,büyüklük tapınağı
tempt fate,kaderle oynamak
tempus fugit,zaman hızla geçiyor
ten a penny,on parayla
ten points for Gryffindor,Gryffindor'a on puan
ten points from Gryffindor,Gryffindor'dan on puan
ten points to Gryffindor,Gryffindor'a on puan
ten to one,onlara karşı bir
ten will get you twenty,bir elin nesi var iki elin sesi var
ten-cent word,on kuruşluk kelime
ten-dollar word,on dolarlık kelime
tend to,eğilimli olmak
tenpence to the shilling,onluktan bir kuruş
tens across the board,herkese eşit olarak
tense up,gerginleşmek
tentpole movie,büyük yapım film
term of years,yıllık süre
term of years absolute,sınırsız süreyle
term of years determinable,Belirlenebilir süreli
term out,bitmek
terminally ill,hayatının sonunda
terms and conditions,şartlar ve koşullar
terra firma,sağlam zemin
territorial pissing,toprakını işaretleme
tertium non datur,Üçüncü seçenek yok
test bed,test ortamı
test out,denemek
test someone's patience,sabırlarını sınamak
test the waters,suyu yoklamak
textbook case,tipik örnek
than a bygod,bir tanrıdan daha
thank one's lucky stars,şanslı olduğunu düşünmek
thank you all,Hepinize teşekkürler
thank you very much,çok teşekkür ederim
thanks a bunch,çok teşekkürler
thanks a heap,çok teşekkürler
thanks a ton,çok teşekkürler
thanks be,şükranla
thanks for coming,Geldiğiniz için teşekkürler
thanks for nothing,hiçbir şey için teşekkürler
thanks for your help,Yardımınız için teşekkürler
thanks to,sayesinde
thar she blows,orada
that ain't hay,bu saman değil
that ain't it,O öyle değil
that cock won't fight,o horoz savaşmayacak
that does it,işte bu kadar
that dog don't run,o köpek koşmuyor
that dog won't hunt,O köpek işe yaramaz
that ever walked on two legs,iki ayağı üzerinde yürüyen
that figures,işte böyle
that is to say,yani
that old dog won't hunt,o eski köpek artık av yapamaz
that said,bununla birlikte
that ship has already sailed,O gemi çoktan yelken açtı
that ship has sailed,O tren kalktı
that train has left the station,O tren istasyondan ayrıldı
that was then; this is now,O zaman öyleydi; şimdi böyle
that way,o şekilde
that way madness lies,O şekilde deliliğe yol açar
that'll be the day,işte o zaman
that'll be the frosty Friday,o cuma çok soğuk olacak
that'll do,işte bu
that'll do it to you,Bu seni etkiler
that'll learn someone,birini öğretir
that'll teach someone,biraz ders vermek
that's a bar,bu bir bar
that's a pity,Ne yazık ki
that's a shame,Ne yazık ki
that's a wrap,çekim bitti
that's about the size of it,işin özü bu
that's all Greek to me,Bana Çince gibi
that's all she wrote,işte bu kadar
that's all there is to it,işte bu kadar
that's as may be,İşte böyle olabilir
that's done it,işte bitti
that's flat,o düz
that's Greek to me,Bana Yunanca gibi
that's how the cookie crumbles,işte hayat böyle
that's just me,işte ben öyleyim
that's life,işte hayat
that's me told,o benim söylediğim
that's my,o benim
that's news to me,Bana yeni bir haber
that's on period,o dönemde
that's on periodt,kesinlikle
that's right,doğru
that's saying something,Bu çok şey demek
that's someone's funeral,Bu birilerinin işi
that's that,işte bu kadar
that's that on that,işte bu kadar
that's the bunny,işte o tavşan
that's the spirit,işte bu ruhla
that's the story of one's life,İşte hayatın özeti
that's the thing,işte sorun şu
that's the ticket,işte bu
that's the tip,işte ipucu
that's the way it goes,işte böyle
that's the way life is,işte hayat böyle
that's the way the ball bounces,işte hayat böyle
that's the way the cookie crumbles,işte hayat böyle
that's the way the mop flops,işte böyle
that's too bad,çok yazık
that's wassup,Ne oluyor
that's what he said,o öyle dedi
that's what I call,Ben buna derim ki
that's what I'm talking about,İşte bahsettiğim şey
that's what she said,orada bir şey ima etti
that's what's up,işte bu
that's why,bu yüzden
that's why they play the game,bu yüzden oyunu oynuyorlar
that's your lot,işte hepsi
that's your sort,işte senin türün
thaw out,erimek
the arse is out of 'er,bitti
the ayes have it,oyların çoğunluğu
the bad penny always comes back,Kötü şeyler genellikle tekrar başına gel…
the bad penny always turns up,Kötü şeyler hep bir yolunu bulur
the ball is in someone's court,top artık birilerinin elinde
the bee's knees,harika
the beginning of the end,sonun başlangıcı
the best defence is attack,En iyi savunma saldırıdır
the big picture,büyük resim
the breath of life,hayatın nefesi
the bride at every wedding,her düğünde gelin
the British are coming,İngilizler geliyor
the buck stops here,sorumluluk bende
the burnt child dreads the fire,tavşan olan çocuk ateşten korkar
the burnt child fears the fire,tavşanı yanan çocuk ateşten korkar
the cake is a lie,pasta bir yalandır
the camera never lies,kamera asla yalan söylemez
the carpet matches the drapes,halı perdelerle uyumlu
the case rests,dava sonuçlandı
the cat's out of the bag,Sırlar açığa çıktı
the cat's pajamas,çok şık
the cat's pyjamas,çok güzel
the chickens come home to roost,hesaplaşma zamanı gelmek
the chuff,hışırtı
the closet is glass,dolap camdan
the closet is made of glass,dolap camdan yapılmış
the coast is clear,her şey yolunda
the cobbler's children go barefoot,Ayakkarcının çocukları yalın ayak gezer
the computer says no,bilgisayar izin vermiyor
the corpse at every funeral,her cenazede ceset
the cupboard is bare,dolap boş
the curtain falls,perde kapanıyor
the curtains match the drapes,perde ve tüller uyumlu
the customer is always right,Müşteri her zaman haklıdır
the cutting edge,en son teknoloji
the damage is done,zarar tamamlandı
the dear knows,sevgili biliyor
the deuce you say,ne dedin
the devil,şeytan
the devil a one,şeytan bir tanecik
the devil is a liar,şeytan yalan söyler
the devil is in the detail,şeytan ayrıntıda gizlidir
the devil is in the details,şeytan ayrıntılarda gizlidir
the devil looks after his own,şeytan kendi işini görür
the Devil take the hindmost,Sonunculuk kimin olacaksa şeytan onu als…
the devil you know,tanıdığın şeytan
the devil you say,dediğin şeytan
the dickens you say,Ne dedin
the die is cast,karar verildi
the dog ate my homework,köpek ödevimi yedi
the dose makes the poison,doz ilacı zehire çevirir
the drinks are on me,ben ısmarlıyorum
the early bird catches the worm,Erken kalkan yol alır
the early bird gets the worm,Erken kalkan yol alır
the Earth kept spinning,Dünya dönmeye devam etti
the end,son
the end justifies the means,amaç her şeyi haklı gösterir
the end of one's rope,umutsuzluğa kapılmak
the ends justify the means,amaçlar araçları haklı gösterir
the fact that,ki
the fat hit the fire,yağ ateşe düştü
the fat is in the fire,işler karışık
the feathers fly,tüyler uçuyor
the feezy,soğuk
the fewer the better fare,daha az ne kadar iyiyse o kadar iyi
the final straw,son damla
the finest,en iyi
the finger,parmak
the fish rots from the head,balık başından kokar
the fix is in,işler yolunda
the forbidden fruit tastes the sweetest,yasak meyve en tatlısıdır
the freaks come out at night,garip insanlar gece ortaya çıkar
the frosting on the cake,pastanın üzerindeki krema
the fuck,Siktir
the fuckola,aptallık
the fur flies,tartışma patlak veriyor
the future is now,Gelecek şimdi
the game is up,oyun bitti
the genie's out of the bottle,artık çok geç
the ghost walks,hayalet dolaşıyor
the girls are fighting,Kızlar kavga ediyor
the gods smile on someone,tanrılar ona yardım etsin
the good die young,iyi insanlar genç yaşta ölür
the good doctor,iyi doktor
the good old days,eski güzel günler
the grapes are sour anyway,üzümler yine de ekşi
the grass is always greener,çimler her zaman daha yeşildir
the half of it,bunun yarısı
the handbags come out,çantalar piyasaya sürülüyor
the handwriting is on the wall,işaretler açıkça görülüyor
the hard way,zorla
the Hatfields and the McCoys,Hatfield ve McCoy aileleri
the heart wants what it wants,kalp ne isterse onu ister
the heat is on,işler kızışıyor
the heat of the moment,anlık heyecan
the heavens open,gökler açılıyor
the hell you say,ne dediğini
the hit dog hollers,vurulan köpek havlar
the house always wins,kumarhane her zaman kazanır
the icing on the cake,tuzluğun bardağı
the ink was not even dry,mürekkep henüz kurumamıştı
the Internet never forgets,İnternet hiçbir şeyi unutmaz
the jig is up,oyun bitti
the job is oxo,iş çok iyi
the job's a good 'un,iş çok iyi
the joke is on someone,şakanın kurbanı biri var
the joke's on someone,şakanın kurbanı biri var
the jokes write themselves,şakalar kendiliğinden ortaya çıkıyor
the juice is worth the squeeze,Çaba buna değer
the jury is still out,karar henüz verilmedi
the knives are out,bıçaklar çekildi
the lady doth protest too much,kadın çok fazla itiraz ediyor
the last gasp of something,bir şeyin son nefesi
the last I heard,son duyduğum
the last of pea-time,bezelye zamanının sonu
the last straw,son damla
the latchstring is out,kapı açık
the law is a ass,kanun bir aptal
the law is an arse,kanun bir aptal
the law is an ass,kanun aptalcadır
the length of the Flemington straight,Flemington düzlüğünün uzunluğu
the line is busy,hat gibi
the lion's share,aslan payı
the long way around the barn,uzun ve dolambaçlı yol
the longest pole knocks the persimmon,en uzun çubuk erik ağacına çarpıyor
the longest purse knocks the persimmon,en uzun cüzdan erik ağacını deviriyor
the Lord works in mysterious ways,Tanrı gizemli yollarla çalışır
the man of one's dreams,hayallerin adamı
the map is not the territory,harita, bölge değildir
the math ain't mathing,matematik doğru değil
the math is mathing,matematik işliyor
the measles,kızamık
the middle ground,orta yol
the middle of nowhere,neredeyse hiç yer yokmuş gibi
the mind boggles,akıl duruyor
the mixture as before,karışımı olduğu gibi
the moment that,o an
the moon on a stick,bir çubuk üzerine takılmış ay
the moral high ground,ahlaki üstünlük
the more the merrier,Ne kadar çok o kadar iyi
the more you know,ne kadar çok bilirsen
the natives are getting restless,yerliler huzursuzlanıyor
the natives are restless,yerliler huzursuz
the nerve of,yamanlık
the night is young,gece genç
the nose knows,burun bilir
the old guard,eski muhafızlar
the oldest trick in the book,en bilinen numara
the one that got away,kaçan fırsat
the other day,Geçen günlerde
the other white meat,diğer beyaz et
the pantaloons off,pantolonları indir
the pants off,pantolonu çıkarmak
the party is over,parti bitti
the penny drops,gerçekleşmek
the pick of something,en iyisi
the pleasure is all mine,benden size
the plot thickens,işler karışıyor
the powers that be,iktidar sahipleri
the promised land,vaat edilen toprak
the proof is in the eating,sözde değil özde önemlidir
the proof is in the pudding,iddia edilenin doğruluğu uygulamada orta…
the quality,kalite
the rabbit died,tavşan öldü
the race that stops a nation,Bir ülkeyi durduran yarış
the rest is gravy,gerisi hikaye
the rest is history,Geriye kalan tarih
the revolution will not be televised,devrim televizyonda yayınlanmayacak
the rich get richer,zenginler daha da zenginleşir
the rubber hits the road,işler ciddi başlıyor
the rubber meets the road,işler zorlaşmaya başlıyor
the same mixture as before,aynı karışım
the schoolmaster is abroad,okul müdürü yurt dışında
the second mouse gets the cheese,ikinci fare peyniri kapar
the seven bells,yedi çan
the shape of things to come,geleceğin şekli
the sharp end,keskin uç
the shirt off one's back,sırtından gömleği çıkarmak
the shoemaker's children go barefoot,Ayakkarcının çocukları çıplak ayakla gez…
the shoemaker's son always goes barefoot,ayakkarcının oğlu her zaman yalın ayak g…
the show must go on,şov devam etmeli
the sky fell in,gökyüzü çöktü
the sky is the limit,gökyüzü sınırdır
the sky's the limit,gökyüzü sınırdır
the something of one's dreams,birinin hayallerinin bir parçası
the spirit moves someone,birinin içinden bir şey gelir
the spoils belong to the victor,Zaferin getirdiği ganimetler
the squeaky wheel gets the grease,Gürültü yapan tekerlek yağlanır
the squeaky wheel gets the oil,Gürültü yapan tekerlek yağlanır
the story goes,hikaye şöyle devam ediyor
the streets are paved with gold,sokaklar altınla döşenmiş
the struggle is real,mücadele çok zor
the sun is over the yardarm,güneş öğlene doğru
the sun sets on something,bir şeyin batışı
the tackies hit the tar,spor ayakkabılar asfalta çarptı
the tail wags the dog,büyükler küçükleri dinliyor
the terrorists will have won,teröristler kazanacak
the thick plottens,kalın yamalar
the thing is,aslında
the thing of it,onunla ilgili olan
the thumbs down,olumsuz yorum
the thumbs up,beğeni
the time has come,Artık zamanı geldi
the tip of the iceberg,buzdağının görünen kısmı
the toilet is clogged,Tuvalet tıkalı
the trash takes itself out,çöp kendiliğinden dışarı çıkıyor
the truth is in the wine,gerçek şaraptadır
the truth that,gerçeği ki
the turns have tabled,dönüşler ertelendi
the upper hand,üstünlük
the very thing,tam o şey
the victor gets the spoils,Kazanan her şeyi alır
the vultures are circling,kartallar dönüyor
the way things are going,işlerin gidişatı
the wheel has come full circle,işler tam bir döngüye girdi
the wheel turns,tekerlek dönüyor
the wheels came off,işler kontrolden çıktı
the wheels came off the bus,otobüsün tekerlekleri çıktı
the wheels came off the wagon,araba tekerlekleri çıktı
the wheels fall off,tekerlekler düşer
the wheels fell off,tekerlekler çıktı
the wheels fell off the bus,Otobüsün tekerlekleri çıktı
the wheels fell off the wagon,tekerlekler vagonun üzerinden çıktı
the whistle doesn't pull the train,düdük treni çekmiyor
the whole world and his dog,herkes ve her şey
the winner takes it all,kazanan her şeyi alır
the wolf is at the door,kurtt kapıda
the woman of one's dreams,hayallerin kadını
the word is go,git
the world is one's lobster,dünya birinin avı
the world is someone's oyster,dünya onun elinde bir oyuncak gibi
the world kept spinning,dünya dönmeye devam etti
the world over,tüm dünyada
the world owes one a living,dünya senden bir şeyleri alacak
the worse for wear,yıpranmış
the writing is on the wall,işaretler açıkça görülüyor
the wrong side of,yanlış tarafı
them that has gets,onlara ait olanı alır
them what has gets,onlara ne olmuş ne oluyor ne alıyor
them's the breaks,işte böyle
them's the facts,işte gerçekler
then again,peki ya
then and in that event,o zaman ve o durumda
then and there,o anda orada
there and back,gidiş dönüş
there are no atheists in foxholes,Siperde hiçbir ateist yoktur
there are no stupid questions,soru sormak ayıptır diye bir şey yoktur
there for everyone to see,herkesin görebileceği
there goes the neighborhood,mahalle berbat bir hal aldı
there goes the neighbourhood,mahalle berbat bir hale geldi
there is no doubt that,Şüphe yok ki
there is no free lunch,bedava öğle yemeği yok
there is no honor among thieves,Hırsızlar arasında bir onur yoktur
there is no honour among thieves,Hırsızlar arasında bir onur yoktur
there is no Planet B,B planeti yok
there is no replacement for displacement,yer değiştirmenin bir alternatifi yoktur
there is no spoon,kaşık yok
there is no telling,bilinmiyor
there is safety in numbers,sayıların gücü var
there is something in the water,suyun içinde bir şeyler var
there is strength in numbers,Birlikten kuvvet doğar
there is the rub,işin püf noktası
there lies the rub,işin püf noktası
there one has it,orada birisi onu aldı
there ought to be a law,bir yasa olmalı
there oughta be a law,Orada bir yasa olmalı
there oughtta be a law,kesinlikle bir yasa olmalı
there she blows,orada patlıyor
there we go,işte bu
there you are,orada sensin
there you go,orada
there you have it,işte bu kadar
there's a first time for everything,Her şeyin bir ilk kez olduğu olur
there's a good time coming,iyi zamanlar gelecek
there's a lid for every pot,Her tencereye bir kapak vardır
there's a sucker born every minute,Her dakika bir saf doğuyor
there's a thought,bir fikir var
there's always a bigger fish,her zaman daha büyük bir balık vardır
there's been an accident,bir kaza oldu
there's more where that came from,daha fazlası var
there's no "there" there,orada bir "orada" yok
there's no accounting for taste,Zevkler tartışılmaz
there's no business like show business,şov dünyası gibi bir dünya yok
there's no I in team,Ekipte "ben" kelimesi yoktur
there's no place like home,ev gibi bir yer yok
there's no shame in my game,Benim oyunumda utanılacak bir şey yok
there's no smoke without fire,Duman tütmeden ateş olmaz
there's no there there,orada bir şey yok
there's no time like the present,Şimdi gibi bir zaman yok
there's no use,boşuna
there's nothing to it,çok kolay
there's nowt so queer as folk,insanlar çok tuhaf olabilir
there's one born every minute,Her bir dakikada bir tanei oluyor
there's the rub,işin püf noktası
thereby hangs a tale,işte böyle bir hikaye var
therein lies the rub,işin püf noktası
these things happen,Bu tür şeyler olur
they say,dediler
they should have sent a poet,Orada bir şair olmalıydı
they'll do it every time,Onu her seferinde yapacaklar
they're only after one thing,Onları sadece tek bir şey ilgilendiriyor
thick and thin,kalın ve ince
thick and threefold,kalın ve üç katlı
thick as a brick,Tuğla gibi kalın
thick as thieves,çok samimi
thick end,kalın uç
thick of things,olayların ortasında
thick skin,kalın cilt
thicken up,koyulaştırmak
thicker than a Snickers,Bir Snickers'tan daha kalın
thief in the night,gece hırsızı
thieve out,çalmak
thin air,seyreltilmiş hava
thin down,seyreltmek
thin end of the wedge,öncü adım
thin out,seyreltmek
thin the herd,grup büyüklüğünü azaltmak
thin up,inceltmek
thing is,aslında
thing of the past,Geçmişte kalan
think about,düşünmek
think again,tekrar düşün
think aloud,Yüksek sesle düşünmek
think back,geriye dönmek
think better of something,bir şeyi daha iyi değerlendirmek
think for oneself,kendisi için düşünmek
think highly of,çok değerli bulmak
think nothing of doing something,bir şeyin yapılmasından çekinmemek
think nothing of it,önemseme
think of,düşünmek
think of England,İngiltere'yi düşün
think on,düşünmek üzerine
think on one's feet,çevik olmak
think one hung the moon,ayrıca birinin ayı astığını düşünmek
think one is God's own cousin,birinin Tanrı'nın kendi kuzeni olduğunu …
think one's shit doesn't stink,kendini çok iyi sanmak
think out,düşünmek
think out loud,Yüksek sesle düşünmek
think outside the box,kalıpların dışında düşünmek
think over,düşünmek
think tank,düşünce kuruluşu
think the world of,çok değerli olduğunu düşünmek
think through,düşünmek
think twice,iki kez düşün
think up,bulmak
think with one's little head,küçük aklıyla düşünmek
thinking cap,düşünme şapkası
thinking man's,düşünen insan için
third hand,üçüncü el
third string,üçüncü perde
third time is the charm,Üçüncü kez işe yarar
third time lucky,Üçüncü girişimde muradına ermek
third time pays for all,üçüncü seferde her şey karşılanır
third time's a charm,üçüncü girişimde muradına ermek
third time's the charm,üçüncü girişimde muradına ermek
third wheel,üçüncü şahıs
thirteenth reason why,on dördüncü neden
this day six months,bu gün altı ay
this is not a drill,Bu bir tatbikat değil
this is someone,bu birisi
this is the life,işte hayat
this is war,bu bir savaş
this is where I came in,Buraya nereden geldiğimi
this is where we came in,Buraya nereden geldiğimiz yer
this mean time,bu saat kaç
this means war,bu savaş demek
this minute,bu dakika
this much,bu kadar
this too shall pass,bu da geçecek
this too shall pass away,bu da geçecektir
thorn in someone's side,göz dağı
thorn in the flesh,et ve bala
those that have get,sahip olanlar
those that have get more,Sahip olanlar daha fazlasını elde eder
those were the days,O günlerdi
those who have get,sahip olanlar
those who have get more,Sahip olanlar daha fazlasını elde eder
those who know,bilenler
thought bubble,düşünce balonu
thoughts and prayers,düşünceler ve dualar
thrash about,savurma
thrash out,tartışmak
thread of thought,düşünce akışı
thread the needle,iğneye geçirmek
three green,üç tane yeşil
three guys in a garage,Bir garajda üç adam
three hots and a cot,yiyecek ve barınma
Three Musketeers,Üç Musketeer
three score and ten,seksen
three sheets to the wind,sarhoş
three skips of a louse,bir pirenin üç zıplaması
three squares,üç kare
Three Stooges,Üç Palyaço
three strikes and you're out,üç hata yaparsan elenirsin
three times a charm,üçüncü girişimde işe yarar
three's a crowd,üç kişi bir araya gelince sıkıntı olur
three-dog night,çok soğuk gece
three-martini lunch,öğle yemeği
three-ring circus,üçlü gösteri
thresh out,ayırmak
thrill kill,heyecanlı cinayet
thrill killer,heyecan katili
thrill of the hunt,avlanmanın heyecanı
thrills and spills,heyecan ve aksilikler
throttle down,gazı kesmek
through and through,içten içe
through the ceiling,tavanın içinden
through the eyes of,gözünden
through the floor,zeminden geçerek
through the gate,kapıdan geçerek
through the hawsehole,havuz deliğinden
through the lens of,merceğinden bakarak
through the looking glass,Aynanın içinden
through the looking-glass,aynanın içinden
through the mill,işlemden geçmek
through the roof,çatıdan geçmek
through the wazoo,çok fazla
through thick and thin,zorluklarla birlikte
throw a bone to,bir kemik atmak
throw a fit,kriz geçirmek
throw a kiss,öpücük göndermek
throw a spanner in the works,işleri bozmak
throw a tantrum,kriz yapmak
throw a wet blanket on,havayı bozmak
throw a wobbly,sinirlenmek
throw a wrench in,işleri bozmak
throw a wrench in the gears,işleri bozmak
throw a wrench in the works,işleri bozmak
throw about,savurmak
throw an ant into a sty,bir karıncayı çamuruna atmak
throw an eye,göz atmak
throw aside,bırakmak
throw away,atmak
throw away the key,anahtarı çöpe at
throw back,geri atmak
throw by,tarafından atılan
throw caution to the wind,dikkat etmemek
throw cold water on,soğutmak
throw down,atmak
throw down the gauntlet,eldiveni yere atmak
throw dust in someone's eyes,gözlerini boyamak
throw good money after bad,kaybı telafi etmek için daha fazla para …
throw in,eklemek
throw in at the deep end,derin sulara bırakmak
throw in the towel,pes hande etmek
throw in with,katılmak
throw it back,geri at
throw light on something,Bir şeye ışık tutmak
throw money away,Parayı boşa harcamak
throw of the dice,zar atışı
throw off,düşürmek
throw off balance,dengeyi bozmak
throw off on,kaybetmek
throw off the trail,izini kaybettirmek
throw on,üzerine atmak
throw one's cap over the windmill,umutsuzluğa kapılmak
throw one's hat in the ring,yarışa katılmak
throw one's hat over the fence,işaret vermek
throw one's hat over the wall,işaret göndermek
throw one's hat over the windmill,boşuna çaba göstermek
throw one's hotdog down someone's hallway,Birinin koridoruna sosis atmak
throw one's voice,sesini taklit etmek
throw one's weight around,Etki kullanmak
throw one's weight behind,destek vermek
throw oneself at,kendini vermek
throw oneself behind,destek vermek
throw oneself into,kendini vermek
throw out,atmak
throw over,üzerine atmak
throw overboard,denize atmak
throw shapes,şekiller yapmak
throw someone a rope,birine yardım etmek
throw spaghetti at the wall,spagetti duvara fırlatmak
throw stones,taş atmak
throw stones in a glass house,cam kırık atmak
throw the book at,cezayı kesmek
throw the bull,boğayı serbest bırak
throw the bull around,abartmak
throw them bows,onlara yay atın
throw to the dogs,köpeklere vermek
throw to the wind,rüzgara bırakmak
throw to the wolves,kurda teslim etmek
throw together,bir araya getirmek
throw up,kusmak
throw up one's hands,ellerini kaldırmak
throw up the sponge,peshandeyi fırlatmak
throw up to,yukarı atmak
throw wobblies,sarsıntı geçirmek
thrust out,öne itmek
thrutch up,tırmanmak
thud and blunder,çarpma ve hata
thug it out,Dayanmak
thumb a ride,otomobil beklemek
thumb down,olumsuz eleştiri
thumb on the scale,tartışmaya dahil olmak
thumb one's nose,burnu kabartmak
thumb through,karıştırmak
thus and so,bu yüzden
thus and such,bu yüzden ve böyle şeyler
thus far,şimdilik
tib out,bekle
tick a lot of boxes,Birçok kriteri karşılamak
tick all the boxes,tüm kutuları işaretle
tick and flick,hızlı çekim
tick and tie,gömlek ve kravat
tick and toy,taka ve oyuncak
tick away,geçmek
tick by,tiktik
tick down,sayısı azalmak
tick off,işaretlemek
tick on,işaretlemek
tick over,çalışmaya devam etmek
tick past,geçmek
tick-tock biological clock,biyolojik saat
ticket to ride,tren yolculuğu
tickle pink,gülümsetmek
tickle someone's funny bone,gülümsetmek
tickle someone's pickle,hoşuna gitmek
tickle the dragon's tail,Ejderhanın kuyruğunu gıdıklamak
tickle the ear,kulakları gıdıklamak
tickle the sausage,sosisleri tahrik etmek
tickle the wire,kabloyu tahrik etmek
tickled pink,çok memnun
tidally locked,Gelgit etkisine bağlı
tide nor time tarrieth no man,ne gelgit ne zaman hiçbirini durduramaz
tide over,geçici olarak yardım etmek
tidy up,düzenlemek
tie back,bağlamak
tie down,bağlamak
tie in,bağlantı
tie in knots,düğümler çözülmek
tie in with,bağlantı kurmak
tie into,bağlamak
tie off,bağlamak
tie one on,içki içmek
tie oneself in knots,kendini karmaşaya sokmak
tie out,bağlamak
tie over,geçici çözüm
tie someone's hands,ellerini bağlamak
tie the knot,evlenmek
tie to,bağlantı
tie up,bağlamak
tie up loose ends,gevşek uçları bağlamak
tied in knots,düğümlenmiş
tiger of a different stripe,farklı bir türden bir kaplan
tight as Dick's hatband,çok sıkı
tight lips,sıkı dudaklar
tight ship,düzenli işleyiş
tight spot,zor durum
tight squeeze,zor durum
tighten down,sıkmak
tighten the purse strings,harcamaları kısmak
tighten up,sıkılaştırmak
tighter than Dick's hatband,Çok sıkı
tighty whities,İnce iç çamaşırı
till all hours,sabaha kadar
till death do us part,ölüm bizi ayırana kadar
till next time,bir dahaki sefere
till the cow come home,inek eve dönene kadar
till the cows come home,inekler eve dönene kadar
till time,zamana kadar
till we meet again,Tekrar görüşmek üzere
tilt at windmills,yel değirmenlerine saldırmak
time after time,sürekli olarak
time alone will tell,zaman gösterecek
time and again,sürekli olarak
time and material,malzeme ve işçilik
time and tide,zaman ve akıntı
time and time again,sürekli olarak
time back,geri dönmek
time bandit,zaman hırsızı
time burglar,zaman hırsızı
time crime,zaman suçu
time flies,zaman hızla geçiyor
time flies when you're having fun,Zevk alırken zaman hızla geçer
time forgot,zamanın unuttuğu
time hangs heavily,Zaman ağır geçiyor
time hangs heavy,Zaman ağır geçiyor
time heals,zaman her şeyi iyileştirir
time heals all hurts,Zaman her yarayı iyileştirir
time heals all sorrows,Zaman her acıyı iyileştirir
time heals all things,zaman her şeyi iyileştirir
time heals all wounds,Zaman her yarayı iyileştirir
time heals every wound,zaman her yarayı iyileştirir
time in,içinde
time is a flat circle,zaman düz bir dairedir
time is a great healer,Zaman her şeyi iyileştirir
time is money,Zaman nakittir
time is of the essence,Zaman çok önemli
time is on one's side,zamana sahip olmak
time is ripe,zamanı geldi
time is short,zaman kısa
time is the great healer,Zaman her yarayı iyileştirir
time is ticking,zaman akıyor
time is up,Zaman doldu
time it out,Zamanını ayarla
time of old,eski zamanlar
time of one's life,hayatının en güzel anı
time off,izin
time out,mola
time out of mind,zamanın başlangıcından beri
time over,bitmiş zaman
time past,Geçen zaman
time stands still,zaman duruyor
time thief,zaman hırsızı
time to make the donuts,simit yapma zamanı
time will tell,zaman gösterecek
time window out,zaman aşımı
time you got a watch,saat aldın mı
time's a-wasting,zaman daralıyor
time's up,Zaman doldu
times past,Geçmiş zamanlar
timing is everything,Zamanlama her şeydir
tin god,tanrısal varlık
tin-pot dictatorship,sahte diktatörlük
Tinker to Evers to Chance,Tinker'dan Evers'a, Evers'dan Chance'e
tinker up,tamir etmek
tip back,arkaya doğru eğil
tip down,aşağı doğru it
tip it down,devir
tip of the hat,saygı duruşu
tip of the ice cube,buz küpünün ucu
tip of the iceberg,buzdağının görünen kısmı
tip off,bilgi vermek
tip one's hat,şapkayı çıkarmak
tip out,dökmek
tip over,devrilmek
tip the scale,dengeyi bozmak
tip the scales,dengeyi bozmak
tip the wink,göz kırpmak
tip up,kaldır
tiptoe around,dikkatli davranmak
tiptoe through a minefield,Mayınlı bir alanda dikkatlice ilerlemek
tire fire,lastik yangını
tire out,yormak
tired and emotional,Yorgun ve duygusal
tit about,konu hakkında
tit for tat,göz göze
tit up,yukarı çekmek
tits or GTFO,Yağlı veya defol
tits up,üstü açık
tl dr,özetle
to a degree,bir ölçüde
to a desire,bir isteğe
to a fare thee well,hoşça kal
to a fare you well,hoşça kalın
to a fare-thee-well,mümkün olan en iyi şekilde
to a fare-you-well,mümkün olduğunca
to a fault,fazlasıyla
to a fine fare-thee-well,hoşça kal
to a first approximation,ilk yaklaşımla
to a great extent,büyük ölçüde
to a greater extent,daha fazla ölçüde
to a hair,bir teli kadar
to a large extent,büyük ölçüde
to a lesser extent,Daha az ölçüde
to a man,bir erkeğe
to a nicety,mükemmel bir şekilde
to a T,mükemmel bir şekilde
to a tee,mükemmel bir şekilde
to a tick,bir tike
to a tittle,en ufak bir şey bile
to a turn,sıraya
to all appearance,görünüşe göre
to all appearances,görünüşe göre
to all intents and purposes,temel olarak
to an extent,bir ölçüde
to and fro,gidip gelmek
to arms,silahlanın
to be continued,devam edecek
to be early days,henüz erken
to be fair,adaletli olmak gerekirse
to be honest,dürüst olmak gerekirse
to be named later,Daha sonra açıklanacak
to be on the safe side,güvenli tarafta olmak
to be precise,tam olarak
to be reckoned with,hesaplanması gereken
to be sure,emin olmak
to be truthful,doğruyu söylemek
to beat the band,grubu geçmek
to begin with,öncelikle
to bits,parçalara
to boot,ayrıca
to cap it all,üstelik
to crown it all,bunların üzerine bir de
to date,bugüne kadar
to death,ölüme
to die for,ölmek için
to distraction,dikkat dağıtmak
to do with,ilişkili olmak
to each his own,her zevki farklıdır
to each their own,her zevki farklıdır
to err is human,insan olmak hata yapmaktır
to go,gitmek
to God,Tanrı'ya
to hand,ele
to have and to hold,sahip olmak ve sahip çıkmak
to heel,topuğa
to hell,Cehenneme
to hell and back,cehenneme ve geri
to hell in a handbasket,berbat bir duruma
to hell with,Cehenneme
to high heaven,çok yükseğe
to let,izin vermek
to little avail,Çok az fayda sağlayarak
to make matters worse,Durumu daha da kötüleştirmek
to meward,bana doğru
to my mind,bana göre
to name a few,birkaç örnek vermek için
to no avail,boşa
to no purpose,boşuna
to one's advantage,Faydasına olacak şekilde
to one's bone,derine
to one's bones,derinden
to one's credit,takdir etmek
to one's dying day,ömrünün sonuna kadar
to one's face,yüzüne karşı
to one's feet,ayağa
to one's heart's content,içinden geleni yapmak
to one's knowledge,bildiği kadarıyla
to one's mind,fikrine göre
to one's name,isim adına
to one's own cheek,yüzüne
to one's rescue,kurtarmaya
to one's way of thinking,düşünce tarzına göre
to order,sipariş vermek
to overflowing,taşmaya yakın
to perfection,mükemmelliğe
to pieces,parçalara
to reckon with,hesaplaşmak
to rights,haklara
to save one's life,hayatını kurtarmak
to say nothing of,hele ki
to say the least,en azından
to scale,ölçeklendirmek
to some degree,bir ölçüde
to some extent,Bir ölçüde
to someone's credit,birinin takdirine layık olarak
to someone's face,Yüzine
to someone's liking,hoşa gidiyor
to someone's taste,kişinin zevkine göre
to spare,yedeklemek
to speak of,bahsetmek
to sum up,özetlemek için
to taste,tatmak
to tell the truth,gerçekten söylemek gerekirse
to tell you the truth,gerçekten söyleyecek olursam
to that effect,bu doğrultuda
to that end,bu amaçla
to the backbone,sırtına
to the best of one's knowledge,bildiği kadarıyla
to the bone,derinden
to the bones,derinden
to the brim,taşırmak üzere
to the contrary,tam tersine
to the core,özüne kadar
to the day,o güne kadar
to the death,ömre bedel
to the effect,şöyle ki
to the end of the chapter,bölümün sonuna kadar
to the end of time,sonsuzluğa kadar
to the exclusion of,hariç
to the extent that,şartıyla ki
to the fore,öne
to the full,tam olarak
to the fullest,tam olarak
to the gills,branayla
to the gods,tanrılara
to the good,iyiliğe
to the gunnels,gövdeye
to the gunwales,duvarlara kadar
to the hilt,tamamen
to the last,sonuna kadar
to the last man,sonuna kadar
to the left,sola
to the letter,tam olarak
to the life,hayata
to the limit,sınırına kadar
to the marrow,derine kadar
to the max,en üst düzeye
to the moon,aya
to the moon and back,öne geri
to the nines,çok şık
to the nth degree,sonsuz dereceye kadar
to the point,öz
to the power of,üstel
to the prejudice of,zararına olarak
to the purpose,amaç doğrultusunda
to the quick,özüne kadar
to the rafters,tavana kadar
to the rescue,Kurtarmaya
to the tee,tam olarak
to the tonsils,tonsillere
to the top of one's bent,gücünün yettiği kadar
to the touch,dokunduğunuzda
to the tune of,melodisiyle
to the turn of a hair,bir saç teli kadar
to the victor belong the spoils,Zaferin getirdiği ganimeti kim alır
to the victor go the spoils,Zaferin getirdiği ganimetler
to the victor the spoils,Zaferin getirdiği ganimetler
to the wide,geniş alana
to thine own self be true,Kendine karşı dürüst ol
to this day,bugüne kadar
to this effect,bu doğrultuda
to this end,bu amaçla
to those it may concern,ilgili kişilere
to time,zamana göre
to top it all,üstelik
to top it off,üstelik
to what extent,ne kadar
to whom it may concern,ilgili kişilere
to whom this may concern,ilgili kişilere
to wit,yani
to your health,sağlığına
toast of the town,şehirde gündem
toast up,kızartmak
today we are all,bugün hepimiz
toddle off,yürüyerek uzaklaşmak
toe in,ayağın ucu
toe out,ayağı dışarı doğru
toe the line,talimatlara uymak
toes up,ayağı yukarı
together with,birlikte
toil and moil,uğraş ve çabalama
toke up,içecek
tokens get spent,jetonlar harcanıyor
told you,söyledim
told you so,söyledim işte
tomayto tomahto,domates domates
tomorrow is another day,Yarın bir başka gün
tomorrow never comes,yarın asla gelmez
tone down,azaltmak
tone in,ton yapmak
tone up,sıkılaşmak
tone with,uyum içinde
tonsil hockey,bademcık oyuncağı
tonsil tennis,bademcik tenis
too bad,çok yazık
too big for one's boots,kendini beğenmiş
too big for one's britches,kendini beğenmiş
too clever by half,fazla zeki
too cool for school,okul için çok havalı
too good for this world,Bu dünyanın çok üzerinde
too good to be true,inanılmaz derecede iyi
too hot to hold,tutulacak kadar sıcak değil
too late,çok geç
too little too late,Çok geç kaldı
too long; didn't read,çok uzun okumadım
too many balls in the air,Çok fazla işi aynı anda yürütmek
too many chefs spoil the broth,Çok aşçı işi bozarmış
too many cooks spoil the broth,Çok usta işi bozabilir
too many cooks spoil the soup,Çok usta işi bozabilir
too many cooks spoil the stew,Çok usta işi bozabilir
too many cooks spoils the broth,Çok usta işi bozarmış
too much,çok fazla
too much of a good thing,fazla iyi bir şey
too much water drowned the miller,Çok fazla su değirmenciyi boğdu
too rich for one's blood,çok pahalı
too right,kesinlikle haklısın
tool around,etrafta dolaşmak
tool up,ekipman hazırlamak
tools of trade,meslek araçları
toora loora,türküler
toot one's own horn,kendini övmek
toothpaste is out of the tube,Diş macunu tüpten çıktı
top and tail,baş ve son
top banana,en iyi
top cat,en iyi kedi
top dog,en iyi
top dollar,en yüksek fiyat
top drawer,çekmece
top end of town,Şehrin en iyi yeri
top it off,üstüne bir şey daha eklemek
top notch,birinci sınıf
top of mind,ön planda
top of the hour,saatin başı
top of the line,en üst düzeyde
top of the morning,günaydın
top of the shop,dükkanın üstü
top off,tamamlamak
top oneself,kendini aşmak
top out,zirveye ulaşmak
top shelf,en üst raf
top the charts,listelerde zirve yapmak
top to bottom,yukarıdan aşağıya
top up,doldurmak
top-heavy with drink,içkiyle dolu
topple over,devrilmek
torch down,bitümlü örtü
torch up,yakmak
torque off,torku kes
torque up,sıkmak
torqued off,çok sinirli
tosh up,saçma sapan
toss and turn,dönüp durmak
toss around,savurmak
toss away,atmak
toss down,atmak
toss in,eklemek
toss in with,eklemek
toss it in,içine at
toss off,savurmak
toss out,atmak
toss together,karıştır
toss up,uçurum
tot lot,her şey
tot up,toplamak
total package,tam paket
total up,toplamını hesapla
totally disconnected,tamamen bağlantısız
totally ordered,tamamen sıralı
tote up,toplamak
totus porcus,tam domuz
touch a nerve,canlı noktaya dokunmak
touch and go,tehlikeli
touch base,iletişime geçmek
touch down,iniş
touch in,dokunmak
touch off,tetiklemek
touch on,değinmek
touch oneself,kendine dokunmak
touch out,dokunmak
touch the hem of someone's garment,birinin giysisinin etek kısmına dokunmak
touch up,tamir etmek
touch upon,değinmek
touch wood,ağaç dokunmak
tough as nails,Çelik gibi dayanıklı
tough bananas,sert muzlar
tough beans,zor durum
tough break,üzücü bir durum
tough call,Zor karar
tough case,zor dava
tough cookies,zorlu durumlar
tough going,zorlu bir süreç
tough it out,Dayanmak
tough love,katı sevgi
tough luck,üzücü bir durum
tough out,dayanmak
tough sledding,zorlu bir süreç
tough tacos,sert taco
tough tarts,sert turtalar
tough titty,zor durum
tough titty said the kitty,zor iş dediler kedi
tough toodles,zor oyuncaklar
tough tooshie,sert kalça
tough tuchus,sert kalça
tough tushie,sert kalça
toughen up,güçlenmek
toujours perdrix,her zaman tavşan
towel down,havluyu indir
towel off,havluyu çıkarmak
towel up,havluyu çek
tower over,gölgelendirmek
town and gown,şehir ve üniversite
toy with,oyuncak
toys in the attic,Çatıdaki oyuncaklar
trace down,bulmak
trace out,çizmek
track down,takip etmek
track record,geçmiş performans
track with,birlikte takip etmek
tractor out,traktörü dışarı çıkar
trade away,satmak
trade down,daha ucuz bir ürün almak
trade hands,el değiştirmek
trade in,takas
trade off,uzlaşma
trade up,daha iyisiyle değiştirmek
trail away,kaybolmak
trail behind,ardında kalmak
trail off,azalmak
trailer park trash,karavan parkı sakinleri
trailer trash,karavan hayatı yaşayanlar
train up,eğitmek
train wreck,kazaya karışmış tren
trample out,ezmek
trance out,transandöze
transform and roll out,dönüştürmek ve uygulamaya koymak
trap and trace,tuzak kurmak ve iz sürmek
trap in,içine sıkışmak
trap out,boşaltmak
trash out,boşaltmak
tread carefully,Dikkatli olun
tread down,ezmek
tread lightly,dikkatli davran
tread on,üzerine basmak
tread on someone's toes,kıskançlık yaratmak
tread out,yürümek
tread the boards,sahneye çıkmak
tread upon,üzerine basmak
treat of,konu olmak
tremble and obey,titremek ve itaat etmek
trench mouth,ağız çevresi iltihabı
trenything is possible,Her şey mümkün
trial and error,deneme yanılma
trial balloon,deneme balonu
trial by fire,ateşten geçirme
trial by media,medya yoluyla yargılama
trials and tribulations,zorluklar ve sıkıntılar
trice up,yukarı çekmek
trick of the trade,mesleğin sırrı
trick off,hile yapmak
trick or treat,şeker yoksa kapıyı çal
trick out,modifiye etmek
trick question,hileli soru
trick up,hile
trick up one's sleeve,kollarda bir şeyler var
tricked out,modifiye edilmiş
trickle down,aşağıya doğru akmak
tried and tested,denenmiş ve test edilmiş
tried and trusted,denenmiş ve güvenilir
trifle with,önemsiz şeylerle uğraşmak
trim down,küçültmek
trim up,düzeltmek
trip out,şaşkınlık
trip over,takılmak
trip over oneself,üst üste gelmek
trip to the woodshed,odunluğa yolculuk
trip up,takılmak
triple down,katlamak
trog off,gitmek
trolley off,vagonu indirme
troon out,çıkarma
trophy wife,ödül eşi
trot off,koşarak gitmek
trot out,sahneye çıkarmak
trotter case,koşu atı vakası
trouble at mill,fabrikada sorun
trouble in paradise,cennette sorunlar
truck in,kamyonla
truck out,taşı
true blue,sadık
true colours,asıl renkler
true stripes,gerçek çizgiler
true to form,beklenildiği gibi
true up,düzeltmek
truly yours,samimi olarak
Trump bump,Trump etkisi
Trump slump,Trump'ın düşüşü
trump up,uydurmak
trundle along,yavaşça ilerlemek
truss up,bağlamak
trust me bro,bana güven
trust someone to,birine güvenmek
trust the process,sürece güven
truth be told,doğrusunu söylemek gerekirse
truth is stranger than fiction,Gerçek bazen kurgudan daha garip
truth will out,Gerçek ortaya çıkar
try as one may,ne kadar uğraşılırsa olsun
try as one might,ne kadar uğraşılırsa olsun
try it on,Denemek
try on,denemek
try on for size,bedenine uymayı dene
try one's hand,denemek
try one's hand at something,Bir şeye girişmek
try one's luck,şansını denemek
try out,denemek
try the veal,dana eti deneyin
tua culpa,suçum
tube steak,sosis
tuck away,saklamak
tuck in,içine sokmak
tuck into,sokmak
tuck out,içe doğru çekmek
tuck up,içeri çekmek
tucker out,yorgun düşmek
tug at,çekmek
tug of war,çekişme
tug one's forelock,saçını çekmek
tulip mania,lale çılgınlığı
tumble down,yuvarlanmak
tumble in,yuvarlanmak
tumble on,rastlamak
tumble to,yuvarlanmak
tumble together,birlikte yuvarlanmak
tumble up,yukarı düşmek
tune down,azaltmak
tune in,izleyin
tune out,susturmak
tune up,ayarlama
tuned in,ayarlamak
tuppence worth,çok az değer
turd in the punchbowl,punç kasesine sıçtığı
turf out,kovmak
turf war,toprak anlaşmazlığı
turkey shoot,hindistan avı
turn a blind eye,göz yummak
turn a blind eye to something,göz yummak
turn a corner,köşe dönmek
turn a deaf ear,kulak kapatmak
turn a hair,bir tel saç bile kıpırdatmamak
turn a phrase,bir ifade kullanmak
turn a profit,kar etmek
turn a setback into a comeback,aksiliği avantaja çevirmek
turn a trick,bir numara yapmak
turn about,dönüş
turn about is fair play,karşılık vermek adil davranıştır
turn against,karşı çıkmak
turn around,dönmek
turn aside,yana çekil
turn away,yana çevirmek
turn back,geri dönmek
turn back the clock,zamanı geriye sar
turn down,azaltmak
turn forth,dışarı çıkmak
turn heads,dikkat çekmek
turn in,teslim etmek
turn in on oneself,içe dönmek
turn in one's grave,kabirde dönmek
turn into,dönüşmek
turn into a pumpkin,kabaca bir balkabağına dönüşmek
turn loose,serbest bırakmak
turn of events,olayların gelişimi
turn of speed,hızlanma
turn of the screw,vidayı çevirmek
turn off,kapatmak
turn on,açmak
turn on its head,alt üst etmek
turn on one's heel,arkasını dönmek
turn one's coat,yelek değiştirmek
turn one's color,yüzünü buruşturmak
turn one's nose up,burun kıvırmak
turn or burn,ya da kül ol
turn out,ortaya çıkmak
turn over,ters çevirmek
turn over a new leaf,Yeni bir sayfa açmak
turn round,dönmek
turn someone's head,başkalarının dikkatini çekmek
turn tail,kaçmak
turn the air blue,havayı kirletmek
turn the boat,Tekneyi çevirmek
turn the corner,köşeyi dönmek
turn the other cheek,diğer yanağını çevir
turn the page,sayfayı çevir
turn the scale,tartışmayı başlatmak
turn the screw,vidayı çevirmek
turn the tables,oyunu çevirmek
turn the tide,gelgit değiştirmek
turn to,yönelmek
turn to dust,toza dönüşmek
turn to good account,iyi değerlendirmek
turn together,birlikte dönmek
turn turtle,baştan başlamak
turn two,ikiye çevir
turn under,aşağı çevir
turn up,açmak
turn up for the book,kitabı almak için gelmek
turn up one's nose,burun kıvırmak
turn up the heat,Isıyı arttır
turn up the volume on,sesi açmak
turn up trumps,işe yarar olmak
turn upon,bağımlı olmak
turn upside down,ters çevirmek
turnabout is fair play,karşılık vermek adalet ister
turned of,kapatıldı
turning point,dönüm noktası
turtle down,yavaşla
turtle head,kaplumbağa başı
turtle up,kaplumbağayı yukarı kaldır
twat about,konuşmak hakkında
twat around,boşuna zaman geçirmek
tweak on,ayarlamak
tweak out,ayarlamak
twelve-ounce curls,on iki ons hacimli bukleler
twenty bucks is twenty bucks,yirmi dolar yirmi dolardır
twenty dollars is twenty dollars,yirmi dolar yirmi dolardır
twenty to the dozen,ikişerli on ikişerli
twenty whole dollars,yirmi dolar
twenty winks,uzun bir uyku
twenty-twenty hindsight,sonradan görme
twiddle one's thumbs,parmaklarınıoynatmak
twilight industry,karanlık sanayi
twilight years,akşamüstü yılları
twinkle in one's daddy's eye,babasının gözünde parıldamak
twinkle in one's father's eye,babanın gözündeki parıltı
twinkle out,sönmek
twist and turn,dönüp durmak
twist in the wind,rüzgarda dönmek
twist of fate,kaderin cilvesi
twist up,kıvırmak
twists and turns,dönüşler ve kıvrımlar
two a penny,çok yaygın
two birds with one stone,tek taşla iki kuş
two birds/one stone,kuş iki amaç
two birds—one stone,kuş misali iki amaçla
two bob,iki kuruş
two can play at that game,oyunu aynı şekilde oynayabiliriz
two can play at this game,Bu oyunu herkes oynayabilir
two can play that game,oyunu herkes oynayabilir
two can play this game,Bu oyunu herkes oynayabilir
two cents,iki kuruş
two for two,ikisi birden
two ha'pennies for a penny,bir kuruşa iki kuruş vermek
two heads are better than one,Bir akıl bir aklı geçer
two left feet,iki sol ayağı olmak
two left hands,beceriksiz
two penn'orth,iki kuruş
two pennies to rub together,bir kuruş bile yok
two pennies' worth,fikrimce
two plus two equals five,iki artı iki beş eder
two sides of the same coin,aynı madalyonun iki yüzü
two slips of latinum,iki adet latinum parçası
two steps ahead,bir adım önde
two tears in a bucket,kovada iki damla
two thumbs up,iki parmak yukarı
two up,iki yukarı
two upon ten,on üzerinde iki
two wrongs don't make a right,iki yanlış bir doğru etmez
two wrongs make a right,Bir yanlış iki yanlışı düzeltmez
two's company and three is none,İki kişi yeter ama üç kişi olunca işler …
two-fisted drinker,Ağır içen
two-forty on a plank road,tahta yolda iki yüz kırk
two-hit wonder,tek şarkılık sanatçı
two-second rule,iki saniye kuralı
two-way street,çift yönlü yol
type out,yazmak
type up,yazmak
tyre kicker,zaman geçiren
ugly American,kötü amerikan
ugly customer,çirkin müşteri
ugly duckling,çirkin ördek yavrusu
ugly up,çirkinleştirmek
ultra vires,yetki dışı
unable to can,konserve yapamamak
under a cloud,bulutun altında
under a lucky star,Şanslı yıldızın altında
under a spell,büyünün etkisi altında
under arrest,gözaltında
under canvas,çadır altında
under center,merkezin altında
under construction,İnşaat aşamasında
under control,kontrol altında
under correction,düzeltme altında
under cover,örtülü olarak
under cover of darkness,karanlığın altında
under cover of night,gecenin karanlığında
under erasure,silinerek
under fire,Ateş altında
under glass,camın altında
under hack,hack'lenmiş
under hatches,yumurtaların altında
under lock and key,Kilit altında ve güvenli bir şekilde
under no circumstance,Hiçbir koşulda
under no circumstances,Hiçbir koşulda
under oath,yemin altında
under one roof,aynı çatı altında
under one's arm,koltuğun altında
under one's belt,tecrübesi olmak
under one's breath,fısıltıyla
under one's feet,ayak altında
under one's hand,imzalı olarak
under one's hat,akılda
under one's own steam,kendi imkanlarıyla
under one's thumb,boyun eğmek
under one's very eyes,gözlerinin önünde
under one's very nose,burnun dibinde
under one's wing,kanatlarının altında
under pain of,tehdidi altında
under par,beklentilerin altında
under protest,itirazla
under sail,yelkenli
under seal,mühür altında
under someone's nose,burnun dibinde
under someone's roof,birinin çatısı altında
under the auspices of,himayesinde
under the bootheel of,başkente tabi olan
under the breath,fısıltıyla
under the carpet,halının altına
under the cosh,baskı altında
under the counter,tezgahın altında
under the covers,battaniyenin altında
under the fist of,yumruğun altında
under the gun,zor durumda
under the hammer,çekiç altında
under the hood,içeride
under the illusion,yanılgı altında
under the impression,izleniminde olmak
under the influence,etkinin altında
under the influence of,etkinliği altında
under the jail,hapishanenin altında
under the knife,ameliyat masasında
under the lee,rüzgarın korumasında
under the mahogany,mağoganyın altında
under the microscope,mikroskop altında
under the pump,baskı altında
under the radar,dikkat çekmeden
under the rose,göz ardı ederek
under the rug,halının altına
under the rule,kural altında
under the saya,saya altında
under the sheets,yorganın altında
under the stars,yıldızların altında
under the sun,güneş altında
under the surface,yüzeyin altında
under the table,masa altında
under the terms of,şartlarına göre
under the weather,keyifsiz
under the weight of,ağırlığının altında
under the wire,son anda
under the yoke,yük altında
under water,suyun altında
under way,devam ediyor
under wraps,gizli
underneath one's breath,fısıltıyla
underneath the hood,motorun altında
underpromise and overdeliver,Vaat edip fazlasını yapmak
understand the assignment,görevi anlamak
undress with one's eyes,gözleriyle soyunmak
unicorn barf,tek boynuzlu at kusagi
unicorn puke,tek boynuzlu at kusagi
unicorn vomit,tek boynuzlu at kusması
uniformly continuous,eşit derecede sürekli
union is strength,birlik güçtür
union makes strength,birlik güçtür
unity is strength,birlik güçtür
unity makes strength,birlik güçtür
university of life,hayat üniversitesi
university of the streets,sokak üniversitesi
unknown quantity,bilinmeyen miktar
unmask one's batteries,pilini ortaya çıkarmak
uno ab alto,yüksek bir yer
unring a bell,bir şeyi düzeltmek
unsung hero,Kahraman ama adı duyulmamış
until all hours,sabahın erken saatlerine kadar
until further notice,bildirilene kadar
until hell freezes over,asla
until Kingdom come,sonsuza kadar
until next time,bir dahaki sefere
until one's dying day,ömrünün sonuna kadar
until proven otherwise,kanıtlanana kadar
until the cows come,inekler gelene kadar
until the cows come home,inekler eve dönene kadar
until the cows freeze over,inekler donana kadar
until the last dog is hung,Son köpek asıldığında kadar
until the pips squeak,sıkılana kadar
until the wheels fall off,tekerlekler düşene kadar
until we meet again,Tekrar görüşmek üzere
unto itself,kendisine
unto the ages of ages,asırlarca
unto time,zamanla
unused to,alışkın olmayan
up a close,yakınlaştırma
up a creek,zor durumda
up a creek without a paddle,çaresiz durumda
up a gum tree,bir sakız ağacının üzerine
up a height,bir yüksekliğe
up a storm,fırtına gibi
up a stump,bir kütüğün üzerine
up a tree,ağaca tırmanmış
up against,karşı
up against the ropes,zor durumda
up and at 'em,işe koyulalım
up and away,yukarı ve uzak
up and coming,yükselen
up and down,yukarı ve aşağı
up and running,çalışır durumda
up close and personal,yakın ve samimi
up for,hazır olmak için
up for grabs,satılık
up front,önceden
up goes the donkey,eşeğin yukarı doğru hareketi
up hill and down dale,tepelerden vadilere
up in one's grill,üstüne atlamak
up in the air,havada
up line,yukarı hat
up on one's ear,kulak hırsızlığı
up one's own ass,kendini beğenmek
up one's sleeve,kollarda
up one's sleeves,kollarda
up poo creek,Çok uzak bir yere
up shit creek,Çorbaya düştü
up shit creek without a paddle,Çaresiz durumda
up shit's creek,Çorap söküğü gibi
up shit's creek without a paddle,Çaresiz durum
up someone's alley,ilgi alanına giren
up someone's ass,arkasına geçmek
up someone's strasse,birinin önünü kesmek
up someone's street,birinin sokağına
up the aisle,Koridorda yukarı
up the ante,bahsi yükseltmek
up the booai,yukarı doğru
up the boohai,boohai'yi yukarı kaldır
up the creek,düşük durumda
up the creek without a paddle,çaresiz durumda
up the duff,hamile kalmak
up the flume,kanal boyunca yukarı
up the Oxo Tower,Oxo Kulesi'ne çıkmak
up the pole,direğe doğru
up the proverbial,söyleneni aşmak
up the river,nehir boyunca yukarı
up the spout,boşa harcamak
up the stick,sopa kaldırmak
up the stump,odunu kes
up the wall,duvara doğru
up the walls,duvarları yukarı
up the wazoo,çok fazla
up the yin-yang,yin-yang'ı yükselt
up the ying yang,yin yang'ı tersine çevirmek
up the ying-yang,çok sinirlenmek
up to anything,her şeye açık
up to eleven,on bir'e kadar
up to no good,kötü şeyler planlıyor
up to one's ass in alligators,çok büyük bir sorunla karşılaşmak
up to one's chin,boynuna kadar
up to one's ears,kulaklarına kadar
up to one's elbows,dirseğine kadar
up to one's eyeballs,boynuna kadar
up to one's eyebrows,kaşlarına kadar
up to one's eyes,boynuna kadar
up to one's neck,boynuna kadar
up to one's neck in alligators,çok sıkıntılı bir durumla karşılaşmak
up to one's old tricks,eski numaralarına başvurmak
up to par,beklentileri karşılayan
up to scratch,yeterince iyi
up to snuff,yeterince iyi
up to something,bir şeyler planlamak
up to speed,bilgilendirilmiş
up to the chin,çene hizasına kadar
up to the elbows,dirseğe kadar
up to the hammer,çekiç kadar
up to the hub,merkeze kadar
up to the knocker,kapı tokmağına kadar
up to the mark,beklentileri karşılayan
up to the nines,çok şık
up to the tonsils,tonsillere kadar
up to time,zamanında
up until,kadar
up what spring,yukarı nebahar
up with the chickens,tavuklarla birlikte
up with the lark,sabaha karşı
up with the larks,sabaha karşı erken kalkmak
uphill battle,Zorlu mücadele
upon a sixpence,çok ucuz
upon a stound,şaşkınlıkla
upon a sudden,ani bir şekilde
upon a time,Bir zamanlar
upon my sivvy,bana göre
upon my soul,ruhuma yemin ederim
upon one's legs,bacaklarının üzerinde
upon one's speed,hızına bağlı olarak
upon pain of,cezasıyla
upon reflection,düşünceli bir şekilde
upon the back of,arkasına
upon the books,kayıtlarda
upon the carpet,halının üzerinde
upon the heels of,ardından
upon the instant,hemen
upon the matter,konu hakkında
upon the pad,pedin üzerine
upon the point of,tam olarak
upon the square,karenin üzerinde
upon the strength of,gücüne dayanarak
upon the tapis,halıda
upon the wing,kanat üzerinde
upper crust,üst sınıf
upper hand,üstünlük
upper storey,üst kat
ups and downs,inişler ve çıkışlar
upset the applecart,işleri bozmak
upward of,yukarı doğru
upwardly mobile,yükselen
ur mum,mum
urban fabric,şehir dokusu
urge on,teşvik etmek
urge to merge,birleşme isteği
use in anger,Öfkeyle kullanmak
use it or lose it,kullan veya kaybet
use one's coconut,hindistan cevizi kullanmak
use one's head,akıl kullanmak
use one's noggin,akıl yürütmek
use to,kullanmak
use up,tüketmek
use your words,kelimelerinizi kullanın
used to,alışkın
useful as a chocolate teapot,işe yaramaz
useful as tits on a bull,işe yaramaz
useless as tits on a bull,anlam ifade etmeyen
usher in,başlamak
uterine cancer,rahim kanseri
vacuum up,emmek
valar dohaeris,bilinmiyor
valar morghulis,bilinmeyen bir dilde bir ifade
vale of tears,gözyaşı vadisi
valley of death,ölüm vadisi
valley of the shadow of death,ölümün gölgesindeki vadi
vamp up,canlandırmak
vanish to the four winds,dört bir yana dağılmak
vanishing act,kaybolma numarası
variety is the spice of life,Hayata renk katar
vast majority,Çoğunlukla
veg out,dinlenmek
vehicularly challenged,araba kullanma konusunda yetersiz
vehicularly housed,araçla taşınan
vel non,veya değil
vel sim.,evet ama
velvet handcuffs,kadife kelepçeler
verb. sap.,fiil. öz
verbum sap,bilgeliğin sözü
verbum sapienti,Bilgeye söz
verbum sat,kelime yeterli
verge on,yakın olmak
vertically challenged,boy konusunda sorun yaşayan
very good,çok iyi
very well,çok iyi
vestra culpa,sizin suçunuz
vibe out,havaya girmek
vibe with,uyum sağlamak
victim of one's own success,kendi başarısının kurbanı
victory at sea,deniz zaferi
vide infra,aşağıda
vide supra,yukarıya bakınız
view from the top,zirveden manzara
vim and vigor,enerji ve canlılık
Virtue is her own reward,Erdem kendi başına bir ödül gibidir
virtue is its own reward,erdem kendi başına bir ödül gibidir
virtuous circle,iyi bir döngü
vision out,görüş açısı
visually impaired,Görsel engelli
vive la difference,farkındalıkla
voice in the wilderness,vahşi doğadaki ses
voices off,sesler kapalı
vomit up,kusmak
vostra culpa,sizin suçunuz
vote blue no matter who,Mavi oy kullanın kim olursa olsun
vote down,reddetmek
vote in,oy vermek
vote off the island,adadan oy vererek çıkarmak
vote out,görevden uzaklaştırmak
vote up,beğen
vote with one's feet,ayaklarıyla oy vermek
vote with one's wallet,parayla oy vermek
vouch for,garanti vermek
VR legs,Sanal gerçeklik bacakları
vulture culture,leşçi kültürü
W-shaped recession,W şeklinde resesyon
wack out,şaşırtmak
wade in,içine girmek
wade through,içinden geçmek
waft off,yayılmak
waft over,yayılmak
wag a finger,parmak sallamak
wag the dog,kötü niyetli bir şekilde dikkat dağıtmak
wail on,ağıt yakmak
wait and see,bekleyip görmek
wait around,beklemek
wait for,beklemek
wait for Godot,Godot'u beklemek
wait for it,bekle
wait for the ball to drop,topun düşmesini bekle
wait for the dust to settle,tozun çökmesini beklemek
wait in the wings,beklemek
wait on,beklemek
wait on someone hand and foot,birinin her istediğini yapmak
wait out,beklemek
wait till the clouds roll by,bulutlar geçene kadar bekle
wait up,bekle
wait upon,hizmet etmek
wait upon hand and foot,her oraya kadar hizmet etmek
waiting game,bekleme oyunu
waiting in the wings,beklemede olan
waiting to happen,olması muhtemel
wake and bake,uyan ve kullan
wake the dead,ölüleri uyandırmak
wake up,uyanmak
wake up and die right,uyan ve öl
wake up and smell the coffee,gerçekleri gör
wake up one day,Bir gün uyanmak
wale on,balina
walk a mile in someone's shoes,Birinin yerinde olmak
walk all over,ezmek
walk around,etrafı dolaşmak
walk away,uzaklaşmak
walk away from,uzaklaşmak
walk away with,elde etmek
walk back,geri çekilmek
walk behind,arkadan yürümek
walk down,Aşağı inmek
walk free,serbest kalmak
walk in,gelmek
walk in on,görmek
walk in the park,parkta yürümek
walk in the snow,karda yürümek
walk into,içeri girmek
walk of life,hayatın farklı alanları
walk off,yürüyerek uzaklaşmak
walk off with,kaçırmak
walk on,yürümek
walk on broken glass,kırık camın üzerinde yürümek
walk on by,Geçip gitmek
walk on eggshells,Çekingen davranmak
walk on sunshine,güneşin altında yürümek
walk on the wild side,sınırları aşmak
walk on water,suda yürümek
walk one's chalks,yürümek
walk out,ayrılmak
walk out on,bırakmak
walk out with,birlikte yürümek
walk over,üzerinden geçmek
walk the beat,devriye gezmek
walk the chalk,tebeşir çizgisi üzerinde yürümek
walk the dog,köpeği gezdir
walk the floor,Odadaki zemini dolaşmak
walk the line,sınırı aşmamak
walk the plank,tahtadan yürümek
walk the streets,sokaklarda dolaşmak
walk the talk,söylediği gibi yapmak
walk the walk,söylediklerini yapmak
walk through,içinden geçmek
walk with,beraber yürümek
wall in,duvara
wall of silence,sessizlik duvarı
wall off,izole etmek
wall up,duvar örmek
walls have ears,Duvarların kulakları vardır
Wally World,Wally Dünyası
wander off,kaybolmak
wank off,mastürbasyon yapmak
wanker's cramp,mastürbasyon krampları
wanna bet,bahis mi yapmak istersin
want for,ihtiyaç duymak
want for nothing,hiçbir şeye ihtiyacı olmamak
want in,istiyorum
want must be one's master,istek efendinin olmalı
want out,dışarı çıkmak
want someone's nachos,birinin nachosunu istemek
want to,istemek
want to bet,bahis yapmak ister misin
want to know,bilmek istiyorum
wanton kittens make sober cats,yaramaz kediler ciddi kedileri de yarama…
war bride,Savaş gelini
war is hell,savaş cehennemdir
war of nerves,sinir savaşı
war of words,kelime savaşı
ward off,uzak tutmak
warm body,sıcak vücut
warm down,soğumak
warm over,ısıtmak
warm regards,saygılarımla
warm the cockles of someone's heart,kalbi ısıtmak
warm up,ısınma
warmest regards,saygılarımla
warn off,uzaklaştırmak
warts and all,kusurlarıyla birlikte
wash a blackamoor white,bir zenciyi beyazlatmak
wash and squash,yıkama ve ezme
wash away,yıkayıp götürmek
wash down,yıkayarak temizlemek
wash off,yıkayıp temizlemek
wash one's dirty laundry in public,özel meseleleri herkese açık etmek
wash one's dirty linen in public,özel meseleleri herkese açık etmek
wash one's elbows,dirseğini yıkamak
wash oneself of,kendini temizlemek
wash out,yıkamak
wash over,üzerine gelmek
wash up,yıkanmak
wash with,ilaçla yıkamak
washed out,solmuş
wasp around,arı gibi dolaşmak
waste away,erimek
waste breath,boşuna konuşmak
waste of breath,boşa konuşmak
waste of space,Boş yer
watch back,geriye sar
watch it,izleyin
watch one's language,lafınızı ölçün
watch one's mouth,Ağzını tutmak
watch one's step,dikkatli olmak
watch out,dikkat et
watch over,gözetmek
watch the world burn,dünyanın yanışını izlemek
watch the world go by,dünyanın nasıl değiştiğini izlemek
watch this space,bekleyin görün
watched toast never burns,tost asla yanmaz
water down,seyreltmek
water finds its level,Suyun kendi seviyesine ulaşması
water finds its own level,Su kendi seviyesini bulur
water is wet,su ıslaktır
water over the dam,çoktan geçti
water seeks its level,Su kendi seviyesini bulur
water seeks its own level,Su kendi seviyesini bulur
water to one's mill,kendi değirmenine su vermek
water under the bridge,geçmişte kalmış
waterfowl alignment,kuşların dizilmesi
watering hole,su kaynağı
watery grave,sulu mezar
wave aside,yana atmak
wave away,savuşturmak
wave down,durdurmak
wave goodbye,el sallamak
wave goodbye to something,Bir şeye veda etmek
wave in,dalga içinde
wave of the hand,el sallamak
wave off,savuşturmak
wave the white flag,beyaz bayrak çekmek
wave through,geçirmek
wax and wane,dalgalanmak
wax down,parlatmak
wax on,parlat
wax the dolphin,yunus
way back when,eskiden
way of thinking,düşünce biçimi
way out of a paper bag,kağıt torbadan kolayca çıkabilecek kadar
we all bleed red,Hepimiz aynı renkte kan kaybediyoruz
we all make mistakes,Hepimiz hata yaparız
we been knew,biliyorduk
we hardly knew ye,neredeyse seni tanımıyorduk
we haven't got all day,Bütün günümüz yok
we live in a society,biz bir toplumda yaşıyoruz
we wuz kangz,Biz krallardık
we wuz kangz n sheeit,Biz krallardık ve böyle şeylerdi
we wuz kangz n shiet,Biz krallardık ve her şeyin üstündeydik
weak sister,zayıf kız kardeş
weak tea,cıvıltı
weaken up,uyanmak
weaker vessel,daha zayıf gemi
weakly cardinal,zayıf kardinal
weakly contractible,zayıf bir şekilde kasılabilir
wean off,kademeli olarak bırakmak
weaponized incompetence,Silahlandırılmış yetersizlik
weapons free,silahlar serbest
weapons hold,silahları tutmak
weapons tight,silahlar sıkı
wear and tear,aşınma yıpranma
wear away,aşınmak
wear down,aşındırmak
wear in,aşınma
wear many hats,çok farklı görevleri üstlenmek
wear off,geçmek
wear on,aşınma
wear one's heart on one's sleeve,Kalbini herkese açık etmek
wear out,aşınmak
wear out one's welcome,hoş olmayan davranışlar sergilemek
wear rose-colored glasses,pembe gözlüklerle bakmak
wear sackcloth and ashes,sakal ve kül giymek
wear the trousers,pantolonu giy
wear thin,incelmek
wear through,aşınmak
wear too many hats,Çok farklı görev üstlenmek
wear two hats,iki farklı rolü üstlenmek
wear up,kullanmak
wear yellow stockings,Sarı çorap giy
weary out,yorgun düşürmek
weasel into,sızmak
weasel out,kaçmak
weather out,geçirmek
weather the storm,fırtınayı atlatmak
wedge up,yukarı kaldırmak
weed out,ayıklamak
Weekend at Bernie's,Bernie'nin Yanında Hafta Sonu
weep Irish,İrlanda'da ağlamak
weigh against,karşılaştırmak
weigh down,ağırlık getirmek
weigh in,fikrini belirtmek
weigh off,tartmak
weigh on,yük olmak
weigh out,tartmak
weigh up,değerlendirmek
weight down,ağırlık altında
weight of the world,dünyanın yükü
weird and wonderful,Garip ve harika
weird flex but OK,Garip bir hareket ama tamam
weird out,rahatsız etmek
welcome back,hoş geldiniz
welcome home,hoş geldiniz
welcome to my life,Hayatıma hoş geldiniz
welcome to my world,Benim dünyama hoş geldiniz
welcome to the club,kulübe hoş geldiniz
weld together,birleştirmek
welfare Cadillac,sosyal yardım Cadillac
well and good,iyi güzel
well and truly,tamamen
well begun is half done,İyi başlamak yarıya kadar bitirmek demek…
well done,Aferin
well played,güzel oynadın
well said,çok güzel söylendi
well up,yükselmek
well-oiled machine,Tıkır tıkır işleyen sistem
Welsh comb,Galler tarakı
were it not for,eğer olmasaydı
were you born in a tent,Çadırda mı doğdun
wet behind the ears,tecrübesiz
wet blanket,can sıkıntısı
wet boy,ıslak çocuk
wet down,Islatmak
wet firecracker,ıslak havai fişek
wet one's beak,gagalamak
wet one's pants,pantolonunu ıslatmak
wet one's whistle,bir kadeh içmek
wet out,Islanmak
wet the bed,yatak ıslatmak
wet the shamrock,yoncaı ıslat
wet through,ıslanmış
whack off,koparmak
whack on,vurmak
whack one out,sikişmek
whack out,vurmak
whack up,vurmak
whale away,boşuna harcamak
whale on,balina üzerinde
wham bam thank you ma'am,Hızlıca bitti
what a shame,ne yazık ki
what a small world,ne kadar küçük bir dünya
what about the children,Çocuklar ne olacak
what am I bid,Ne kadar teklif ediliyor
what am I looking at,Şu anda neye bakıyorum
what are the odds,olasılıklar
what are you like,sen nasıl bir insansın
what are you looking at,neye bakıyorsun
what are you smoking,ne içiyorsun
what are you waiting for,ne bekliyorsun
what can I say,Ne diyebilirim
what can I tell you,Size ne söyleyebilirim
what cheer,ne kadar güzel
what color is your Bugatti,Bugattiniz hangi renkte
what colour is your Bugatti,Bugattiniz hangi renkte
what comes around goes around,Ne ekersen onu biçersin
what did I tell you,Sana ne dedim
what do I know,ben ne biliyorum
what do you know,ne biliyorsun
what do you make the time,Buna ne diyorsunuz
what do you say,ne diyorsun
what do you want: blood?,ne istiyorsun: kan mı
what else is new,Başka ne var
what foot the shoe is on,Ayakkabının hangi ayağa giyildiği
what gives,ne oluyor
what go round come round,ne gelirse gelir
what goes around comes around,Ne ekersen onu biçersin
what goes round comes round,Ne ekersen onu biçersin
what goes up must come down,Her yükselen şeyin bir düşüşü vardır
what good is,ne işe yarar
what happens twice happens thrice,Bir şey iki kez olursa üç kez olur
what has someone done,Birinin ne yaptığını
what in tarnation,Ne oluyor
what in time,zaman içinde
what is more,daha fazla
what is one to do,ne yapmalı
what is the matter,Ne oldu
what is the time,Saat kaç
what is your job,Ne işle meşgul oluyorsun
what is your problem,Sorunun ne
what it is,Bu ne
what it takes,gerekenler
what next,sonra ne olacak
what o'clock is it,Saat kaç
what price,ne kadar
what say you,ne diyorsun
what seems to be the problem,Sorun nedir
what someone is about,ne hakkında
what someone said,dediği şey
what someone says goes,dediği geçerlidir
what that mouth do,o ağız ne yapıyor
what the crap,ne oluyor
what the deuce,ama ne
what the Devil,şeytan ne yaptı
what the doctor ordered,doktorun önerdiği
what the ef,ne oluyor
what the eff,Ne oluyor
what the fish,ne demek
what the flip,ne oluyor
what the flying fuck,ne oluyor
what the fuck,Ne oluyor
what the fudge,ne oluyor
what the goodyear,Goodyear ne demek
what the hay,ne oluyor
what the heck,ne oluyor
what the hell,ne oluyor
what the helly,ne oluyor
what the hey,Ne oluyor
what the shit,Ne oluyor
what time do you make it,Buna ne diyorsunuz
what time have you got,Saat kaç
what was someone smoking,kim ne içiyor
what was someone thinking,birinin aklından ne geçiyordu
what was your first clue,İlk ipucunuz neydi
what would Jesus do,İsa ne yapardı
what's cooking,Ne pişiriliyor
what's doing,ne yapıyorsun
what's done cannot be undone,Yapılan bir şey geri alınamaz
what's done is done,geçmiş geçmişe ait
what's eating,ne yiyor
what's eating you,Sana ne olmuş
what's going on,Ne oluyor
what's in a name,Bir ismin anlamı ne
what's in it for me,Bana ne çıkar
what's in the bag,Çantanın içinde ne var
what's it to you,Senin için ne önemi var
what's more,daha da
what's new,Ne var ne yok
what's next,Sonra ne olacak
what's not to like,beğenmemek için bir sebep yok
what's not to love,beğenmemek için bir sebep yok
what's occurring,Ne oluyor
what's old is new again,Eski şeyler yeniden moda oluyor
what's one's angle,bakış açısı
what's someone's damage,birinin zararı ne kadar
what's the beef,Ne oldu
what's the betting,bahisler neler
what's the big idea,Ne oluyor
what's the crack,Ne oluyor
what's the craic,Ne var ne yok
what's the damage,zarar ne kadar
what's the deal,Ne oluyor
what's the difference,farkı ne
what's the good of,neye yarar
what's the haps,Ne var ne yok
what's the matter,Ne oldu
what's the scam,Dolandırıcılık ne
what's the story,hikaye ne
what's the time,Saat kaç
what's the use,ne işe yarar
what's up,Ne var ne yok
what's up Doc,Ne haber doktor
what's up with,ne oluyor
what's what,ne olduğu
what's with,ne oluyor
what's yer poison,ne istersin
what's your game,Ne yapıyorsun
what's your pleasure,İstediğiniz ne
what's your poison,ne istersin
what's your problem,Sorunun ne
whatcha know good,ne biliyorsun
whatever butters your biscuit,İstediğin gibi
whatever butters your biscuits,İstediğin gibi
whatever butters your bread,istediğin gibi
whatever butters your muffin,İstediğin gibi
whatever butters your toast,İstediğin gibi
whatever creams your twinkie,Umrumda değil
whatever floats your boat,İstediğin gibi
whatever helps you sleep at night,Sizi rahat ettiren neyse onu yapın
whatever humps your camel,Umrumda değil
whatever it takes,ne gerekiyorsa
whatever melts your butter,istediğin gibi
whatever next,Ne olacak şimdi
whatever sizzles your bacon,İstediğin gibi
whatever the case may be,Ne olursa olsun
whatever tickles your pickle,İstediğin gibi
whatever winds your clock,İstediğin gibi
whatever you do,ne yaparsanız yapın
what’s wrong with this picture?,Bu resimde ne yanlış
wheat bread,Buğday ekmeği
wheel about,dönüş
wheel and deal,iş çevirmek
wheel around,yuvarlaklaştırmak
wheel away,tekerleğiyle uzaklaşmak
wheel out,tekerlekli olarak çıkarmak
wheel round,yuvarlaklaştırmak
wheel within a wheel,tekerlek içinde tekerlek
wheeler and dealer,aracı simsarcı
wheeling and dealing,iş çevirme
wheels are turning,işler dönüyor
wheels of steel,çelik tekerlekler
when Adam was an oakum boy,Adam'ın pamuk temizleme işi yaptığı zama…
when all is said,her şey söylendiğinde
when all is said and done,her şey bittiğinde
when everything is said and done,her şey bittiğinde
when Hell freezes over,cehennem donduğunda
when in Rome,Roma'da olduğunuzda
when it comes to,konu söz konusu olduğunda
when it's at home,evdeyken
when opportunity knocks,fırsat doğduğunda
when pigs fly,domuzlar uçtuğunda
when push comes to shove,işler dara girdiğinde
when the balloon goes up,balon yükseldiğinde
when the cat's away,kedi yokken
when the chips are down,zor zamanlarda
when the music stops,müzik durduğunda
when the time comes,zamanı geldiğinde
when two Fridays come together,İki Cuma bir araya geldiğinde
when two Sundays come together,iki pazar üst üste geldiğinde
when two Sundays meet,iki pazarın bir araya gelmesi
whenever one turns around,her döndüğünde
where are the snows of yester-year,Geçmişin karları nerede
where are the snows of yesteryear,Geçmişin karları nerede
where are the toilets,Tuvaletler nerede
where away,nereden
where do I sign up,nereden kaydolabilirim
where do you live at,nerede yaşıyorsun
where got,nereden alındı
where I come from,nereden geldiğim
where is the lie,yalan nerede
where someone is coming from,nereden geldiği
where the puck is going,puck'un nereye gideceği
where the puck is heading,puck'un nereye gideceği
where the shoe pinches,sorunun kaynağı
where the sun doesn't shine,güneşin ulaşmadığı yerler
where the sun don't shine,güneşin ulaşmadığı yerler
where there is a will,isteye bağlı
where there's muck there's brass,Her pislikte bir çıkar vardır
where's the beef,et nerede
where's the fire,yangın nerede
where's the lie,yalan nerede
where's the lie tho,yalan nerede
whet one's appetite,iştah açmak
whether or not,ister veya değil
which foot the shoe is on,Ayakkabının hangi ayağa giyildiği
which way the wind is blowing,Rüzgar hangi yönden esiyor
whichever way one slices it,Ne şekilde olursa olsun
while away,vakit geçirmek
while we're young,Henüz gençken
while you're down there,orada olduğunuz sırada
whip down,çırpmak
whip hand,çırpma kolu
whip in,katmak
whip into shape,şekle sokmak
whip it on,Üzerine sür
whip off,çıkartmak
whip out,Çıkartmak
whip the cat,Kediyi dövmek
whip through,hızla geçmek
whip together,hızlıca hazırlamak
whip up,hazırlamak
whip up a storm,fırtına koparmak
whips and jingles,kamçılar ve jinglelar
whisk away,uzağa götürmek
whisk off,çırpmak
whiskey dick,viski penis
whisper campaign,fısıltı kampanyası
whistle Dixie,Dixie şarkısını çalmak
whistle for,için düdük çalmak
whistle in the dark,karanlıkta ıslık çalmak
whistle in the wind,rüzgarda ıslık sesi
whistle past,düdük çalmak
whistle past the graveyard,mezarlığın yanından geçmek
whistle up,düdük çalmak
whistle walk,düdüklü yürüyüş
white as a sheet,beyaz yüzlü
white bread,Beyaz ekmek
white coat hypertension,beyaz önlük hipertansiyonu
white flight,beyazların kaçışı
white hat,etik hacker
white knight,beyaz şövalye
white lie,beyaz yalan
white lives matter,Beyaz hayatlar da önemlidir
white magic,beyaz büyü
white marriage,beyaz evlilik
white night,beyaz gece
white on rice,pilav üzerine beyaz sos
white out,beyazlaşmak
white pee,beyaz idrar
white rabbit,beyaz tavşan
white rider,beyaz süvari
white satin,beyaz saten
white sheep,beyaz koyun
white trash,pislik
white trashery,beyaz çöp
white up,beyazlatmak
whither away,nereye gidiyor
Whitman's sampler,Whitman'ın tadım paketi
whittle away,Oyma yapmak
whittle down,azaltmak
who am I kidding,Kendimi nasıl aldatıyorum
who are you telling,kime söylüyorsun
who ate all the pies,kim bütün pastaları yedi
who died and made you boss,kim öldü de seni patron yaptılar
who died and made you king,kim öldü de seni kral yaptı
who died and made you president,kim öldü de seni başkan yaptı
who died and made you queen,kim öldü de seni kraliçe yaptı
who do you think you are,Sen kim olduğunu sanıyorsun
who goes there,Kim var orada
who hurt you,Seni kim incitti
who knew,kim bilebilirdi
who knows,kim bilir
who put a quarter in you,Sana çeyrek koyan kimdi
who shot John,John'u kim vurdu
who wants to know,kim öğrenmek ister
who was your servant last year,Geçen yıl kim sana hizmet etti
who watches the watchers,gözetmenleri kim gözetiyor
who would have guessed,kim tahmin edebilirdi
who would have known,kim bilebilirdi
who would have thought it,kimin aklına gelebilirdi
who would have thunk it,kimin aklına gelebilirdi
who would've thunk it,kimin aklına gelebilirdi
who woulda thunk it,kimin aklına gelebilirdi
who writes this stuff,Bunu kim yazıyor
who'd a thunk it,kimin aklına gelebilirdi
who'd have thunk it,kimin aklına gelebilirdi
who'd've thunk it,kimin aklına gelebilirdi
who'da thunk it,kimin aklına gelir ki
who's asking,kim soruyor
who's robbing this coach,Bu otobüsü kim soyuyor
who's to say?,kim bilir
who's who,kimkimdir
who's who in the zoo,hayvanat bahçesindeki önemli kişiler
who's your daddy,baban kim
whoever smelt it dealt it,Kokuyu alan suçludur
whole ball of wax,tüm olay
whole box of tricks,tüm hileler
whole cloth,tamamen
whole enchilada,tüm işler
whole package,tam paket
whole shebang,tüm işler
whole shooting match,Her şey
whom am I kidding,Kendimi neyle kandırıyorum
whomp on,vurmak
whomp up,çırpmak
whoop ass,Dayak atmak
whoop it up,coşmak
whore after,fahişe olarak
whore around,Çevresinde gezinmek
whore out,sömürmek
whore up,bozulmak
whose foot the shoe is on,Ayakkabının kime ait olduğu
whose ox is gored,kimin öküzü boğuluyor
why am I not surprised,Neden şaşırmadım
why God invented,Tanrı neden yarattı
why in God's name,Tanrı aşkına
why in the world,dünyada neden
why in time,zamanında
why not Zoidberg,Neden Zoidberg değil
why oh why,neden neden
why on Earth,dünyada neden
why so serious,ne kadar da ciddi
wicked tongue,kötü dilli
wide awake,uyanık
wide berth,geniş mesafe
wide of the mark,hedefinden sapmış
wide open,geniş açık
widen one's horizons,ufuklarını genişletmek
widen up,genişletmek
widow's mite,fakirin parası
wife up,evlenmek
wig on to,bağlanmak
wig onto,üzerine takmak
wig out,şaşkınlık geçirmek
wiggle out of,kaçmak
wild blue yonder,mavi gökyüzü
wild child,Yaramaz çocuk
wild horses,vahşi atlar
wild out,Kontrolü kaybetmek
wild-goose chase,boş uğraş
wile out,boş zaman geçirmek
wilful ignorance,istemli cehalet
willing and able,İsteğe bağlı ve yetenekli
willing horse,İsteğe bağlı at
willow in the wind,rüzgarda salınan söğüt
wily beguily,kurnaz aldatıcı
wimp out,korkaklık yapmak
win around,etrafında kazanmak
win back,geri kazanmak
win by a nose,bir farkla kazanmak
win one for the Gipper,Gipper için bir galibiyet al
win or lose,kazan veya kaybet
win out,zafer kazanmak
win over,kazanmak
win round,turu kazanmak
win the day,günü kazanmak
win the lottery,çekilişi kazanmak
win through,başarmak
win up,kazanmak
wind at one's back,arka destek
wind back,geri sar
wind back the clock,zamanı geriye sar
wind down,rahatlamak
wind off,rüzgarı kes
wind tunnel testing,rüzgar tüneli testleri
wind up,sarmak
wind up one's bottoms,pantolonunu çekmek
window down,Camı aç
window on the world,dünyaya açılan pencere
window out,pencereden dışarı
window over,pencerenin üstü
window up,Camı yukarı
windward of the law,kanunun önünde
wine and dine,yemek ve içmek
wine tosser,şarap fırlatan
wine up,sarhoş olmak
winged word,kanatlı kelime
wink at,göz kırpmak
wink out,sönmek
winkle out,ortaya çıkarmak
winning is a great deodorant,winning harika bir deodorant
winning ways,kazanma yolları
winnow down,azaltmak
winnow up,ayırmak
winter rat,kış sıçanı
winter wonderland,kış masalı
wipe away,silmek
wipe down,silmek
wipe off,silmek
wipe out,yok etmek
wipe someone's eye,gözünü silmek
wipe someone's nose,burnun silmek
wipe the floor with someone,yere sermek
wipe the slate clean,sayfayı temizlemek
wipe up,silmek
wire away,bağlamak
wire in,kabloyu takmak
wire off,kabloyu ayırmak
wise apple,bilge elma
wise beyond one's years,Yaşına göre olgun
wise head on young shoulders,genç omuzlarda bilge bir zihin
wise off,alaycı olmak
wise up,akıllan
wish away,geçirmek
wish one joy of it,Bundan keyif alın
wishful thinking,umut güdümlü düşünce
with a bang,Gürültüyle
with a bullet,mermiyle
with a bump,bir çıkıntı ile
with a grain of salt,şüpheyle
with a high arm,Yüksek kolla
with a high hand,otoriter bir şekilde
with a hint of,birazcıkla
with a hook,kanca ile
with a quickness,hızla
with a vengeance,intikamla
with a view to,amaçla
with a wet finger,Islak parmakla
with a will,istekle
with ages,yaşlarıyla birlikte
with all due respect,saygılarımla
with all of one's heart,tüm kalbiyle
with all one's ears,kulakları kabartmak
with all one's eyes,gözleriyle
with all one's heart,tüm kalbiyle
with all one's might,elinden gelenin en iyisini yapmak
with an eye to,göz önünde bulundurarak
with an eye towards,göz önünde bulundurarak
with any luck,umarım
with apologies to,üzüntülerimizle
with arms wide open,kolları açık
with bad grace,kötü niyetle
with bated breath,iç çekerek
with bells on,Çanlarla birlikte
with blackjack and hookers,blackjack ve fahişelerle
with both hands,iki elle
with brass knobs on,pirinç düğmelerle
with cause,sebeple
with child,hamile
with childe,çocukla
with closed doors,kapalı kapılarla
with dispatch,hızla
with due respect,saygılarımla
with effect from,tarihinden itibaren
with every bone in one's body,bedeninin her bir kemiğiyle
with every breath,her nefeste
with every fiber of one's being,canının derinden
with every fibre of one's being,canının yanarak
with every ounce of one's being,varlığıyla
with extra steps,ek adımlarla
with flying colors,mükemmel bir şekilde
with flying colours,çok başarılı bir şekilde
with foal,taylı
with God,Tanrı ile
with God as my witness,Tanrıya yemin ederim
with good grace,hoşgörüyle
with good reason,Haklı nedenle
with ill grace,hoşnutsuzlukla
with knobs on,ekstra avantajlarla
with leaden wings,kurşun kanatlarla
with no further ado,artık fazla söze gerek yok
with one consent,bir oy birliğiyle
with one shoulder,tek omuzlu
with one voice,tek sesle
with one's bare hands,çıplak ellerle
with one's chest,göğsüyle
with one's dick in one's hand,elinde sikleğiyle
with one's dying breath,son nefesiyle
with one's finger in one's mouth,Parmak ağzında
with one's finger up one's ass,parmağını anüsüne sokmak
with one's head held high,başını dik tutarak
with one's jaw in one's lap,çenesini kucağına koymuş
with one's last breath,Son nefesiyle
with one's own eyes,kendi gözleriyle
with one's pants down,pantolonu çaresizce açıkta
with one's tail up,kuyruğu dik
with one's tongue in one's cheek,alaycı bir şekilde
with open arms,açık kollarla
with pleasure,Memnuniyetle
with prejudice,önyargıyla
with reason,sebeple
with reference to,ilişkin olarak
with regard to,konuyla ilgili olarak
with regards to,konuyla ilgili olarak
with respect,saygılarımla
with respect to,bakımından
with that in mind,bunu göz önünde bulundurarak
with the best,en iyisiyle
with the best of them,en iyilerinin arasında
with the exception of,istisna olmakla birlikte
with the Lord,Rab ile birlikte
with the manner,şekilde
with the passage of time,zamanla
with the passing of time,zamanla
with the skin of one's teeth,tüy sıyırarak
with the spin,dönmeyle birlikte
with this in mind,bunu göz önünde bulundurarak
with time,zamanla
with tongue in cheek,alaycı bir şekilde
with whole skin,sağlıklı ciltle
with young,gençlerle birlikte
wither away,solmak
wither on the vine,kurumak
within a bull's roar,boğanın kükremesi içinde
within a whisker of,neredeyse
within ames ace,ames ace içinde
within an ace of,neredeyse
within an inch of one's life,canını dişine takarak
within an inch of one's skin,derinin dibine kadar
within arm's reach,kolumun ulaşabileceği mesafede
within call,ulaşılabilir
within cry,ağlama aralığında
within living memory,Yaşayanların hatırlayabileceği kadar yak…
within one sigma,bir sigma içinde
within one's fingers,parmakların içinde
within one's means,imkanlar dahilinde
within one's rights,Haklı olmak
within reach,ulaşılabilir
within reason,makul olmakla birlikte
within the agreed time,Belirlenen süre içinde
within the four seas,dört deniz arasında
within the pale,kabul edilebilir sınırların içinde
within touching distance,ulaşılabilir mesafede
without a by your leave,izin almadan
without a by-your-leave,izin almadan
without a doubt,şüphe yok ki
without a hitch,Sorunsuz bir şekilde
without a murmur,fısıltı olmadan
without a shadow of a doubt,kesinlikle
without a trace,izsiz
without a word of a lie,Hiçbir yalan söylemeden
without accident,Kazasız
without batting an eye,gözünü bile kırpmadan
without biscuits,Bisküv olmadan
without book,kitapsız
without cause,sebepsiz yere
without cease,kesintisiz
without coffee,kahvesiz
without day,günden bağımsız
without doubt,şüphe yok ki
without end,sonsuz
without exception,istisnasız
without fail,kesinlikle
without fear or favor,utanmadan çekinmeden
without fear or favour,Tarafsız olarak
without further ado,artık fazla söze gerek kalmadan
without hesitation,çekinmeden
without incident,olaysız
without loss of generality,genelliği kaybetmeden
without number,numsız
without prejudice,ön yargısız
without price,fiyatsız
without question,sorunsuz olarak
without recourse,taksirle
without so much as a by-your-leave,izin vermeden
without tea and biscuits,çay ve bisküvisiz
without tears,gözyaşı olmadan
without trace,izsiz
without troubling the scorers,gol atmadan
without welt or guard,koruyucu olmadan
woe betide,uğursuzluk gelsin
woe to,ah zavallı
wolf back,sırta doğru
wolf down,yutmak
wolf guarding the sheep,koyunları koruyan kurt
wolf in one's stomach,mideme ağrı girmesi
wolf in sheep's clothing,koyun postu giymiş kurt
wolf of Wall Street,Wall Street'in kurtları
wolf up,yiyip bitirmek
wolve down,yutmak
woman among women,kadınlar arasında
woman of few words,Az konuşan kadın
woman of the hour,saatın kadını
woman of the people,halkın kadını
woman on the street,sokaktaki kadın
woman up,cesur ol
women and children first,Kadınlar ve çocuklar önce
won't someone think of the children,Çocukların kimse aklına gelmiyor mu
wonders never cease,Merak bitmez
wonk out,bayılmak
wooden ear,tahta kulak
wooden spoon,tahta kaşık
wooden spoonist,tahta kaşık kullanan
word gets around,haber yayılır
word has it,söylentilere göre
word is,kelime
word is bond,söz
word it,ifade et
word of finger,parmakla
word of mouth,ağızdan ağıza
word on the street,dedikodu
word on the wire,haber
word to the wise,akıllıya söz
word up,anlaşıldı
words cut deep,Sözler derinden etkiliyor
words fail someone,kelimeler yetmez
words of one syllable,tek heceli kelimeler
work around,çözüm bulmak
work at,çalışmak
work away,uzaklaşmak
work back,geri dönmek
work in,çalışmak
work into the ground,zemine işle
work it,yap
work it out on the remix,remikste onu çöz
work its magic,büyüsünü göstermek
work like a dog,köle gibi çalışmak
work like a dream,mükemmel çalışmak
work like a horse,at gibi çalışmak
work like hell,Çok çalışmak
work of art,sanat eseri
work off,ödemek için çalışmak
work on,üzerinde çalışmak
work one's fingers to the bone,Çılgınlar gibi çalışmak
work one's magic,büyüsünü kullanmak
work out,antrenman yapmak
work over,üzerinde çalışmak
work round,çevresini dola
work someone's arse off,çok çalışmak
work someone's ass off,çok çalışmak
work spouse,iş arkadaşı
work the crowd,kalabalığı etkilemek
work the room,ortamı dolaşmak
work through,çözmek
work to rule,işe bağlı kalmak
work together,birlikte çalışmak
work up,geliştirmek
work up to,aşamalı olarak yapmak
work with one's hands,elleriyle çalışmak
work wonders,mucizeler yaratmak
worked up,heyecanlı
working girl,çalışkan kız
working hard or hardly working,çok çalışmak veya az çalışmak
world of difference,büyük fark
world record,dünya rekoru
worlds apart,çok farklı
worlds away,çok uzak
worm food,solucan yemi
worm has turned,işler değişti
worm out,yıpratmak
worm turns,yılanın dönüşü
worm's-eye view,karınca gözüyle
worry along,endişe etme
worry back,endişe etmek
worry down,endişeyi azaltmak
worse and worse,daha da kötü
worse for liquor,daha kötü alkol için
worse for wear,yıpranmış
worse things happen at sea,Denizde daha kötü şeyler olabilir
worship the ground someone walks on,birinin ayaklarını öpmek
worship the porcelain god,porselen tanrıya tapmak
worship the porcelain goddess,porselen tanrıçayı ibadetle karşılamak
worst comes to worst,en kötü ihtimalde
worst of both worlds,iki dünyanın en kötüsü
worst-kept secret,En çok bilinen sır
worth a Jew's eye,bir Yahudi gözü kadar değerli
worth every penny,Her kuruşuna değer
worth one's salt,değerini bilmek
worth one's weight in gold,paha biçilemez
worth one's while,değer
would give a Jew's eye,Yahudi gözüyle bakmak
would it hurt,acıcak mı
would it kill someone,birini öldürür mü
would you believe,inanır mısın
would you believe it,inanır mısınız
wouldn't be seen dead,asla yapmaz
wouldn't you know,beklerken
wouldn't you know it,İşte böyle olurdu
wouldn't you say,söylemez misiniz
wowie kazowie,şaşkınlık belirtisi
wowie zowie,vay canına
wrack and ruin,yıkım
wrap around,sarılmak
wrap around one's little finger,bağlamak
wrap in cotton wool,pamuklu kumaşla sarmak
wrap in the flag,bayrakla örtmek
wrap it before you tap it,onu sarın sonra tıklayın
wrap up,sarmak
wreathed in smiles,gülümsemelerle çevrili
wrestle with,mücadele etmek
wrestle with a pig,domuzla güreşmek
wriggle out of,Kurtulmak
wring one's hands,ellerini ovuşturmak
wring out,sıkmak
write checks one can't cash,Sahtecilik
write down,yaz
write for the drawer,çekmece için yaz
write in,yaz
write off,iptal etmek
write one's own ticket,Kendi kurallarını koymak
write oneself into a corner,kendini köşeye sıkıştırmak
write out,yazmak
write over,üzerine yazmak
write the book,kitabı yaz
write up,rapor
writer's cramp,yazma krampu
writing on the wall,duvar yazıları
written all over someone's face,Yüzünden belli olması
written in blood,kanla yazılmış
written in someone's face,yüzüne yansıyan
written in the stars,yıldızlara yazılmış
wrong crowd,yanlış çevre
wrong number,yanlış numara
wrong side of the tracks,kötü semtin içinde
wuss out,korkaklık yapmak
X factor,X faktörü
X marks the spot,X işareti burayı gösteriyor
X out,İptal et
X's and O's,X'ler ve O'lar
y'all means all,siz
yack on,sıkıcı konuşmak
yada yada yada,veya veya veya
yadi yadi yada,vesvese
yak on,hakkında konuşmak
yammer on,uzun uzadıya konuşmak
yank around,çekip oynamak
yank off,koparmak
yank someone's chain,birini sinirlendirmek
Yankee dime,Amerikan on kuruşu
yard out,bahçeye koymak
yard up,bahçeyi düzenle
yardarm it,yardıma ihtiyacı var
yardarm to,iskeleye
yardarm to yardarm,gemiye gemiye
yarn on,ipler üzerinde
ye gods,aman tanrım
ye of little faith,küçük inançlı
ye olde,evet
year dot,çok uzun zaman önce
yeastie beastie,küçük yaratık
yeasty beasty,mayalı canavarca
yell out,bağırarak söylemek
yell silently,Sessizce bağırmak
yellow brick road,Sarı tuğla yol
yellow grease,sarı yağ
yellow journalism,sarı basın
yellow journalist,sarı basın
yellow light,sarı ışık
yellow off,sarımtırak
yellow out,sarılaşmak
yellow press,sarı basın
yellow state,sarı durum
yellow up,sarılaşmak
yeoman's service,sadık hizmet
yes and amen,Evet ve amin
yes and no,evet ve hayır
yes man,evetçi
yes to death,ölüme evet
yesterday is gone,Dün geçti gitti
yesterday's gone,Dün geçti
yield the ghost,hayaleti ortaya çıkar
yield up,teslim etmek
yield up the ghost,hayata veda etmek
yikes on bikes,aman tanrım
yippee skippy,heyecanlıyım
you ain't seen nothing yet,Henüz hiçbir şey görmedin
you alright,iyimisiniz
you and what army,sen ve hangi ordu
you and which army,sen ve hangi ordu
you and whose army,sen ve hangi ordunun
you are the doctor,siz doktorsunuz
you are what you eat,Sen ne yersen o olursun
you beauty,güzellik
you bet,kesinlikle
you bet one's boots,kesinlikle
you bet one's life,hayatını riske atmak
you better believe it,Bunu kesinlikle bilmelisin
you call this,bunu ne diyorsun
you can say that again,Haklısın
you can't be half pregnant,hamile olmak ya ya da değil
you can't fight City Hall,Belediyeyle baş edemezsiniz
you can't fix stupid,aptal düzeltilemez
you can't get something for nothing,Hiçbir şey karşılıksız alınamaz
you can't go home again,Eve dönmek mümkün değil
you can't make this stuff up,Bunu uyduramazsın
you can't outrun your fork,Çatalından kaçamazsın
you can't polish a turd,bir boktan zarafet çıkaramazsın
you can't polish shit,boktan bir şeyi parlatamazsın
you can't say fairer than that,Bundan daha adil bir şey olamaz
you can't take it with you,Bunu yanınıza alamazsınız
you can't unring a bell,Çan çaldıktan sonra onu geri çeviremezsi…
you can't win them all,onları hepsini kazanamazsın
you cannot please everyone,Herkesi memnun etmek mümkün değil
you could have fooled me,bana bunu yaptırabilirdin
you couldn't make it up,inanılmaz
you don't get owt for nowt,Ücretsiz hiçbir şey elde edemezsin
you don't get something for nothing,Hiçbir şey karşılıksız alınmaz
you don't know where it's been,nerede olduğunu bilmiyorsun
you don't want to know,Bilmek istemiyorsun
you gals,siz kızlar
you get that,anlıyor musun
you get what you pay for,Ödediğin karşılığını alırsın
you got it,anladım
you got this,senin üstesinden gelebilirsin
you had one job,sana sadece bir iş verilmişti
you had to be there,orada olman gerekiyordu
you happy jiu OK,sen mutlusun tamam mı
you haven't lived,henüz yaşamamışsın
you hear what I'm saying,Ne dediğimi duyuyor musun
you know it,biliyorsun
you know something,bir şey biliyor musun
you know what,biliyorsun
you know what I mean,ne demek istediğimi anlıyorsun
you know what I'm saying,ne demek istediğimi anlıyorsun
you know what they say,biliyorsun ne dediklerini
you knows it,biliyorsun
you learn something new every day,Her gün yeni bir şeyler öğreniyorsun
you lot,siz
you man,sen adam
you must be fun at parties,Partilerde kesinlikle eğlencelisindir
you must be new here,Buraya yeni gelmiş olmalısınız
you must spoil before you spin,Önce hazırlamanız gerekir sonra işleyebi…
you name it,istersen
you never know,asla bilemezsiniz
you only get what you give,Verdiğin kadarını alırsın
you only go around once,Hayat sadece bir kere yaşanır
you only live once,yaşamak için bir kere vardır
you said a mouthful,Çok şey söyledin
you said it,sen dedin
you shouldn't have,sahip olmamalısın
you snooze you lose,uyanmazsan kaybedersin
you the birthday,doğum gününüz kutlu olsun
you think,sen ne düşünüyorsun
you think what,sen ne düşünüyorsun
you want a cookie,bir kurabiye ister misin
you welcome,hoş geldiniz
you were saying,diyordunuz
you win,kazandın
you wish,dilediğin
you'd better believe it,Bunu kesinlikle aklınızda bulundurun
you'll get yours,Senin de sıran gelecek
you'll live,yaşayacaksın
you'll never guess,Asla tahmin edemeyeceksiniz
you're a long time dead,çok uzun süre öleceksin
you're all right,haklısınız
you're alright,iyisin
you're good,sen iyisin
you're kidding,şaka yapıyorsun
you're never too old to learn,Asla öğrenmek için çok yaşlı olunmaz
you're on,başarılısın
you're telling me,bana söylüyorsun
you're the boss,sen patronusun
you're the doctor,siz doktor musunuz
you're welcome a million,rica ederim bir milyon kez
you've got to be kidding me,bana mı diyorsun
you've got to laugh,gülmek gerekir
you've gotta be kidding me,bana mı diyorsun
you've said a mouthful,Çok şey söyledin
young at heart,içten genç
young blood,genç kan
young fogey,genç muhafazakar
young Turk,Genç Türk
your arse,senin sırtın
your ass,senin sırtın
your barn door is open,ahır kapınız açık
your blood's worth bottling,kanın şişelenmeye değer
your boy,erkek arkadaşın
your chariot awaits,arabanız sizi bekliyor
your girl,kız arkadaşın
your good name,iyi adınız
your head,başın
your mileage may differ,sonuçlar farklılık gösterebilir
your mileage may vary,Sonuçlar farklılık gösterebilir
your money is no good here,Burada paranız geçmiyor
your net worth is your network,değerinizin ölçüsü, sahip olduğunuz iliş…
your network is your net worth,Çevreniz sizin değerinizdir
your place or mine,senin yerin mi benim yerim mi
your reputation precedes you,Sizinle ilgili şeyler önceden duyuldu
your vibe attracts your tribe,Enerjin, senin gibi insanları kendine çe…
your wish is my command,Emrinize amadeyim
yours ever,senin için her zaman
yours faithfully,Saygılarımla
yours sincerely,Saygılarımla
yours trulies,samimiyetle
yours truly,saygılarımla
youth is wasted on the young,Gençlik gençlere harcanır
yuck fou,iğrenç pis
yuck it up,iğrençlik yapmak
yuck out,kusmak
yuck someone's yum,birinin tadını bozmak
yuck up,kusmak
yuk it up,abartmak
zap over,geçici olarak devre dışı bırakmak
zap up,şarj etmek
zero fucks given,Umurumda değil
zero in,sıfıra indirgemek
zero out,sıfırlamak
zig when one should zag,ne zaman sağa doğru gidilmesi gerektiği
zip down,aşağı indirmek
zip one's lip,ağzını kapatmak
zip up,sıkıştırmak
zipper down,fermuar açık
zipper up,fermuarı kapat
zoink out,çıkarılmak
zombie out,zombi gibi davranmak
zone in,bölgeye odaklanmak
zone off,alan kapatmak
zone out,dikkatini dağıtmak
zonk out,uyumak
zoom by,hızla geçmek
zoom in,yakınlaştırmak
zoom in on,yakınlaştırmak
zoom out,Yakınlaştırmayı azaltmak
zoot suit,zoot takım elbise
zoot up,süslemek
