$20 is $20,Двадцать долларов это двадцать долларов
'ark at 'ee,посмотри на нее
'fess up,признаться
'fraid not,Боюсь, нет
'fraid so,Боюсь, что так
'nuff said,Все понятно
'til next time,до следующей встречи
'til the cows come home,пока не прибегут коровы
'til we meet again,до новой встречи
'tis the season,Это время года
10 points to Gryffindor,10 очков Гриффиндору
11 Downing Street,Даунинг-стрит, 11
110 proof,110 градусов
11th commandment,11-я заповедь
12-ounce curls,Локоны весом 12 унций
13th reason why,13 причин смотреть
15 minutes of fame,Кратковременная слава
20 bucks is 20 bucks,Двадцать долларов это двадцать долларов
20 dollars is 20 dollars,Двадцать долларов это двадцать долларов
20 whole dollars,Двадцать долларов
20% cooler,На 20% холоднее
23 skidoo,быстро уйти
23 Skidoo Street,Улица Ску
51 percent,пятьдесят один процент
800-pound gorilla,Доминирующий игрок
a bad penny always comes back,плохая монета всегда возвращается
a bad penny always turns up,плохое дело не останется незамеченным
a balancing act,баланс
a barking dog never bites,лающая собака не кусает
a barking dog seldom bites,лающая собака редко кусается
a big ask,большая просьба
a big mouth,болтун
a bird in the hand,птица в руках
a boon and a bane,и благо, и зло
a breath of fresh air,глубокий вдох свежего воздуха
a bridge too far,слишком далеко
a buck is a buck,доллар есть доллар
a buck's a buck,доллар есть доллар
a bumpy ride,неровная дорога
a burnt child dreads the fire,У кого был горький опыт, тот боится повт…
a calorie is a calorie,калория есть калория
a case in point,пример
a cash cow,доходный источник
a change of heart,перемена в чувствах
a cigar is a cigar,сигара есть сигара
a cigar is just a cigar,сигара это всего лишь сигара
a closed mouth catches no flies,Молчание золото
a closed mouth doesn't get fed,Закрытый рот не получает еды
a closed mouth gathers no feet,Молчание золото
a cold day in July,холодный день в июле
a creaking door hangs longest,скрипучая дверь висит дольше
a cut above,выше
a cut above the rest,выше остальных
a danger foreseen is half avoided,Предупрежденный - значит вооружен
a dark horse,темная лошадка
a dead end,тупик
a deal is a deal,слово есть слово
a dime a dozen,как грязи
a fact of life,факт жизни
a far remove,далеко
a fault confessed is half redressed,Признанная ошибка – это уже половина реш…
a fine line,тонкая грань
a fool and his money,деньги текут через глупого человека
A for effort,За старание
a frame of mind,состояние ума
a free agent,свободный агент
a full-time job,работа на полный рабочий день
a game plan,план действий
a good bet,хорошая ставка
a good deal,выгодная сделка
a gray area,серая зона
a great deal,много
a grey area,серая зона
a gut feeling,чутье
a head start,преимущество
a hen night,девичник
a hen party,девичник
a high profile,важный
a hit dog hollers,собака лает
a hit dog will holler,Собака, которую ударили, будет лаять
a horse apiece,по лошади на человека
a house is not a home,дом - это не семья
a hundred and ten percent,сто десять процентов
a into g,из а в г
a juggling act,жонглирование
a la,в стиле
a laughing stock,объект насмешек
a leading light,ведущая фигура
a leopard can't change its spots,Леопард не может изменить свои пятна
a leopard cannot change its spots,У слона не может не быть хобота
a level playing field,равные условия
a lie has no legs,ложь быстро раскрывается
a little bird told me,маленькая птичка мне сказала
a little birdie told me,Мне сказали, что
a little goes a long way,малое дело много значит
a little pot is soon hot,маленькая кастрюля быстро нагревается
a long shot,маловероятно
a lump in one's throat,комок в горле
a magician never reveals his secrets,Маг никогда не раскрывает свои секреты
a man's home is his castle,Дом - это крепость для мужчины
a means to an end,средство достижения цели
a mite,клещ
a mixed bag,смешанные чувства
a new broom sweeps clean,Новая метла хорошо метет
a new lease of life,новая жизнь
a new man,новый человек
a new woman,новая женщина
a notch above,выше
a number of,несколько
a one-night stand,одноразовая связь
a pain in the arse,боль в заднице
a pain in the ass,боль в заднице
a pain in the neck,головная боль
a pat on the back,похлопывание по спине
a pecking order,иерархия
a perfect storm,идеальный шторм
a picture paints a thousand words,Картина стоит тысячи слов
a pit stop,питомник
a plague o' both your houses,Да погубится вся ваша семья
a plague on both your houses,проклятие обоим домам
a pound to a penny,фунт стерлингов к пенни
a pox on both your houses,проклятие обоим домам
a promise is a promise,обещание - это обещание
a question mark over somebody,вопрос по поводу кого-то
a question mark over something,вопрос по поводу чего-либо
a quick fix,быстрое решение
a race against the clock,гонка со временем
a race against time,гонка со временем
a red flag,красный флаг
a red herring,ложная улика
a rising tide lifts all boats,Подъем уровня поднимает все лодки
a rite of passage,обряд посвящения
a Roland for an Oliver,глаз за глаз
a roll of honour,список почета
a rolling stone gathers no moss,камень, который катится, не обрастает мх…
a rough ride,неровная дорога
a rule of thumb,эмпирическое правило
a safe bet,надёжный вариант
a safety net,страховка
a sea change,радикальные изменения
a slippery slope,скользкий путь
a smooth ride,плавная езда
a stitch in time saves nine,предупрежден - значит вооружен
a stumbling block,препятствие
a sucker is born every minute,Каждую минуту рождается новый доверчивый…
a tall order,сложная задача
a thin line,тонкая линия
a thing or two,немного
a thousand,тысяча
a Trojan horse,Троянский конь
a turkey voting for Christmas,индейка, голосующая за Рождество
a turn of phrase,фразеологизм
a twinkle in someone's eye,искорка в глазах
a vicious circle,порочный круг
a vote of confidence,вотум доверия
a wake-up call,звонок будильника
a war of words,словесная перепалка
a watched kettle never boils,Ждущий не дождется
a watched pot never boils,Ждущий Иван долго ждет
a watched pot never boils over,Ждущий Иван долго ждет
a wee bit,немного
a week from next Tuesday,через неделю после следующего вторника
a wild card,козырь
a wish list,список желаний
a woman's work is never done,женская работа никогда не заканчивается
a year and a day,год и один день
ab off,выключено
aback of,сзади
abate of,уменьшение
Abbot's Priory,Приорат аббата
abide by,соблюдать
abound in one's own sense,быть полным собственного понимания
about one's ears,около ушей
about one's person,о человеке
about that life,о такой жизни
about time,вовремя
about turn,разворот
above all else,прежде всего
above and beyond,выше и дальше
above average,выше среднего
above board,честно
above grass,над травой
above ground,над землей
above measure,без меры
above one's bend,за пределами своих возможностей
above one's huckleberry,слишком сложно
above one's pay grade,не входит в компетенцию
above one's paygrade,не входит в компетенцию
above one's station,выше своего положения
above par,выше среднего
above proof,выше доказательства
above stairs,над лестницей
above the curve,выше кривой
above the fold,над верхней частью страницы
above the fray,вне борьбы
above the law,над законом
above the rim,над краем
above the salt,выше соли
above the table,над столом
above water,над водой
absence makes the heart fonder,в отсутствии любовь крепнет
absence makes the heart go yonder,расстояние сближает
absence makes the heart grow fonder,встреча через разлуку делает любовь силь…
absente reo,отсутствует подсудимый
absit invidia,Пусть не будет зависти
absolutely convergent,абсолютно сходящийся
absolutely summable,полностью суммируемый
absorb oneself in,погрузиться
absque hoc,без этого
absque impetitione vasti,без запроса огромный
abstract away from,отвлечься от
abuse of distress,злоупотребление положением
abut on,примыкать к
ac etiam,и также
academically disadvantaged,академически неблагополучные
accident of birth,случайность рождения
accident waiting to happen,несчастный случай, который вот-вот произ…
accidentally on purpose,намеренно и случайно
accidents will happen,несчастные случаи случаются
according to,согласно
according to Cocker,по мнению Кокера
according to Gunter,по мнению Гюнтера
according to Hoyle,по правилам
according to one's lights,по совести
according to one's understanding,по мнению
according to plan,по плану
account for,объяснять
account of,отчет
account to,отчетность
accredit with,приписывать
ace in the hole,козырь в рукаве
ace into,входить
ace out,обыграть
ace up one's sleeve,козырь в рукаве
ache for,тосковать по
aches and pains,боли и дискомфорт
acknowledge the corn,признать ценность кукурузы
acquired taste,приобретенный вкус
across country,через всю страну
across lots,через много мест
across the board,для всех
across the ditch,через канаву
across the line,через линию
across the pond,через пруд
across the way,напротив
act of Congress,закон, принятый конгрессом
act on,действовать
act one's age,вести себя по возрасту
act out,играть роль
act the hypocrite,играть лицемерную роль
act up,Капризничать
act upon,действовать
actions have consequences,Действия имеют последствия
actions speak louder than words,Действия говорят громче слов
activist judge,активистский судья
activist justice,активизм справедливость
ad damnum,вред
ad idem,в согласии
ad in,реклама
ad out,выключить
ad quod damnum,какой ущерб
ad vitam aut culpam,на всю жизнь или до вины
ad vivum,вживую
Adam Tiler,Адам Тайлер
Adam's ale,вода
add fuel to the fire,подливать масла в огонь
add insult to injury,добавить еще больше боли
add oil,добавить масло
add on,дополнение
add one's twopenn'orth,высказать свое мнение
add up,суммировать
add up to,суммироваться
added value,добавленная стоимость
address me,обращайтесь ко мне
adequately wet,достаточно влажный
adhere to,придерживаться
adopt out,отдавать на передержку
adorn oneself with borrowed plumes,приукрашивать себя чужими перьями
adrenaline rush,адреналиновый всплеск
adversarial collaboration,конкуренционное сотрудничество
advise against,предостерегать от
affair partner,партнер по интрижке
affinely independent,аффи́нно независимые
afraid of one's own shadow,бояться собственной тени
after a fashion,в некоторой степени
after all,в конце концов
after all is said and done,в конце концов
after dark,после наступления темноты
after hours,после рабочего времени
after me the deluge,после меня наступит потоп
after one's own heart,близкий по духу
after one's own soul,близко сердцу
after Saturday comes Sunday,После субботы наступает воскресенье
after the fact,после того как случилось
after the jump,после прыжка
after the Lord Mayor's show,после церемонии открытия городского сове…
after us the deluge,после нас потоп
again and again,снова и снова
against all odds,вопреки всему
against all the odds,вопреки всему
against nature,против природы
against one's better judgment,вопреки здравому смыслу
against the clock,наперегонки со временем
against the collar,против воротника
against the grain,против течения
against the hair,против роста волос
against the law,против закона
against the run of play,вопреки ходу игры
against the world,против всего мира
against time,против времени
age ain't nothing but a number,возраст - это всего лишь цифра
age before beauty,возраст не помеха красоте
age is just a number,возраст - это всего лишь цифра
age out,выйти из программы
age up,повысить возраст
agree to disagree,не согласны, но не спорят
agree with,согласен с
aha moment,озарение
ahead of,впереди
ahead of one's time,впереди своего времени
ahead of schedule,впереди графика
ahead of the curve,впереди своего времени
ahead of the game,впереди других
ahead of the pack,впереди всех
ahead of time,заранее
aid and abet,помогать и подстрекать
aim at,стремиться к
ain't no shame in my game,Я ни в чем не виноват
ain't no telling,Невозможно предсказать
ain't that the truth,это правда
ain't what it used to was,уже не то, что раньше
air off,проветрить
air one's dirty laundry in public,выносить сор из избы
air one's dirty linen in public,выносить сор из избы
air out,проветрить
air rage,агрессия в самолете
air sandwich,бутерброд с воздухом
air up,наполнить воздухом
alarums and excursions,тревоги и вылазки
albatross around one's neck,тяжёлая ноша
albatross round one's neck,тяжёлая ноша
alert and oriented,в сознании и ориентирован
algebraically closed,алгебраически замкнутое
algebraically independent,алгебраически независимые
alive and kicking,жив и здоров
alive and well,жив и здоров
all aboard,Всем на борт
all along,на протяжении всего времени
all and sundry,все и всякие
all at once,все сразу
all bark and no bite,много шума, а мало дела
all bedlam breaks loose,начинается хаос
all bets are off,все ставки отменяются
all cats are beautiful,все кошки красивы
all cats are gray at night,Все кошки серые ночью
all cats are grey at night,Все кошки серые ночью
all cats are grey by night,Все кошки серые ночью
all correct,все правильно
all cows eat grass,все коровы едят траву
all cry and no wool,много шума и мало дела
all duck or no dinner,либо всё или ничего
all ears,внимательно слушаю
all ends up,всё заканчивается
all eyes,все взгляды
all eyes and ears,внимательно слушаю
all eyes are on,все взгляды прикованы к
all eyes on somebody,все взгляды прикованы к кому-то
all eyes on something,все взгляды прикованы к чему-то
all fingers and thumbs,неуклюжий как две слегонёй
all foam and no beer,пустые слова
all for nought,впустую
all fur and no knickers,много шума и мало дела
all fur coat and no knickers,внешность обманчива
all good,все хорошо
all good in the hood,всё хорошо в районе
all good things,все хорошее
all hands to the pump,Всем к насосам
all hat and no cattle,много шума и мало дела
all hat and no cowboy,много шума и мало дела
all heart,от всего сердца
all hell breaks loose,начинается ад
all holiday,все праздники
all hollow,пусто внутри
all in a day's work,обычная работа
all in all,в целом
all in one piece,целый и невредимый
all in the family,в семье
all is not lost,не все потеряно
all it's cracked up to be,не так уж и хорошо
all kidding aside,если серьезно
all lives matter,жизни всех людей важны
all manner of,всевозможный
all mouth and no trousers,много слов, мало дела
all mouth and trousers,много слов, мало дела
all of a doodah,ерунда
all of a heap,в кучу
all of a sudden,внезапно
all of the sudden,внезапно
all on one's own,самостоятельно
all one's born days,дни рождения
all one's life's worth,стоимость всей жизни
all out,полный выход
all over,повсюду
all over bar the shouting,почти готово
all over but the shouting,Всё кончено, остались только споры
all over hell's half acre,повсюду
all over someone like a rash,быть одержимым кем-то
all over the ballpark,повсюду на стадионе
all over the board,повсюду
all over the gaff,повсюду
all over the lot,повсюду
all over the map,повсюду
all over the place,повсюду
all over the shop,повсюду в магазине
all over the show,повсюду
all over the world,по всему миру
all points of the compass,все стороны света
all politics are local,вся политика - это местная политика
all politics is local,вся политика - это местная политика
all publicity is good publicity,Любая реклама - это хорошая реклама
all quiet on the Western Front,На западном фронте без перемен
all rights reserved,все права защищены
all roads lead to Mecca,Все дороги ведут в Мекку
all roads lead to Rome,Все дороги ведут в Рим
all roads lead to Sydney,Все дороги ведут в Сидней
all rumors are true,все слухи правдивы
all set,все готово
all sixes and nines,отлично
all sixes and sevens,в полном беспорядке
all sizzle and no steak,много шума и мало дела
all students take calculus,Все студенты изучают математический анал…
all style and no substance,только внешность, а содержания нет
all systems go,Все системы работают
all talk and no cider,пустые разговоры
all that glisters is not gold,Не всё то золото, что блестит
all that glitters,не всё то золото, что блестит
all that glitters is not gold,Не всё то золото, что блестит
all that jazz,всё это
all that said,несмотря на все вышесказанное
all the best,всего наилучшего
all the gear and no idea,много снаряжения и ни одной идеи
all the marbles,все козыри
all the rage,в моде
all the same,одинаково
all the sudden,внезапно
all the tea in China,все чай в Китае
all the while,всё это время
all the world's a stage,весь мир – театр
all there,все там
all things,все вещи
all things considered,во всем вместе
all things to all people,всё для всех
all thumbs,неуклюжий
all to smash,разбить всё
all to the better,к лучшему
all told,в целом
all very well,всё очень хорошо
all wet,мокрый
all wool and a yard wide,полностью из шерсти и очень широкий
all's fair in love and war,В любви и войне все средства хороши
all's one,всё равно
all's well that ends well,Всё хорошо, что хорошо кончается
all-weather friend,друг на все времена
alles anderes ist Menschenwerk,всё остальное – дело рук человека
allot upon,выделять на
allow for,предусмотреть
allude to,упоминать
Ally Pally,Алли Палли
almighty dollar,всемогущий доллар
almost doesn't count,почти не считается
alone in a crowd,один в толпе
along about,примерно
along of,вместе с
along the lines of,в духе
along the same vein,в том же духе
along the way,по пути
along with,вместе с
alongside of,рядом с
alpha up,вверх альфа
alright me babber,хорошо, мой дорогой
alright me lover,ладно, любимый
alright my babber,хорошо, мой дорогой
alright my lover,хорошо моя любовь
also known as,также известный как
am I right,Я прав
amateur hour,час любителей
amber gambler,янтарь азартный игрок
amber light,оранжевый свет
amber nectar,янтарный нектар
American Dream,Американская мечта
Amish bus driver rule,Правило для водителей автобусов амишей
ammo up,пополнить боезапас
amount to,составлять
amp down,уменьшить мощность
amp up,усилить
an angel passes,ангел пролетает
an arm and a leg,очень дорого
an army marches on its stomach,Армия марширует на полном брюхе
an easy ride,легкая поездка
an Englishman's home is his castle,Дом - это крепость для англичанина
an uphill battle,тяжелая борьба
an uphill struggle,тяжелая борьба
an uphill task,сложная задача
anaconda mortgage,ипотека от anaconda
anatomically correct,анатомически точный
ancient history,древняя история
and a half,и пол
and all the rest of it,и всё остальное
and another thing,и еще кое-что
and change,и изменить
and company,и компания
and counting,и продолжается
and crap,и ерунда
and don't play one on TV,и не играйте в это по телевизору
and don't you forget it,и не забывайте этого
and everything,и всё
and finally,и наконец
and his mother,и его мать
and how,и как
and I claim my five pounds,и я требую свои пять фунтов
and I don't mean maybe,и я не имею в виду, возможно
and I oop,и я, кажется, ошиблись
and no flies,и без мух
and no mistake,и без сомнения
and nothing of value was lost,и ничего ценного не было потеряно
and shit,и всякое такое
and so forth,и так далее
and so say all of us,и все мы так считаем
and stuff,и тому подобное
and such,и тому подобное
and that's flat,и это плоско
and the church says amen,и церковь говорит аминь
and the like,и тому подобное
and whatnot,и тому подобное
and your little dog too,и вашу маленькую собачку тоже
angel's advocate,адвокат дьявола
angle for,угол для
angle for farthings,угол для пенсов
angle iron,уголок
angles and dangles,непослушные пряди
another country heard from,другая страна высказалась
another county heard from,ещё один округ высказался
another day in paradise,ещё один день в раю
another nail in someone's coffin,последний гвоздь в крышку гроба
another nail in the coffin,ещё один гвоздь в крышку гроба
another string to one's bow,еще один козырь в рукаве
answer back,ответить
answer for,ответ
answer on a postcard,ответ на открытке
answer someone's prayers,исполнить чью-то просьбу
answer the call of nature,ответить зову природы
answer to,ответ
answer to someone's prayers,ответ на молитву
answer up,ответить
ante in,впереди
ante litteram,до этого
ante up,вносить вклад
ants in one's pants,нетерпение
any day now,в любой момент
any exposure is good exposure,Любая реклама - это хорошая реклама
any fule kno,все знают
any given Sunday,в любой воскресный день
any hole's a goal,Любое отверстие - это гол
any more for any more,еще по одному
any nook or cranny,любой уголок
any number of,любое количество
any old,любой старый
any old kind of way,любым способом
any old nook or cranny,любой уголок
any old thing,что угодно
any other business,другие вопросы
any port in a storm,любой порт в шторм
any press is good press,любая реклама - это хорошая реклама
any the wiser,стать мудрее
any time now,в любой момент
any time soon,скоро
any way one cuts it,как посмотреть
any way one slices it,в любом случае
anybody who is anybody,важная персона
anyone's guess,предположения
anything goes,все возможно
apart from,помимо
ape in,внутри
ape leader,лидер обезьян
apothecary's Latin,латынь аптекаря
appearances are deceptive,Внешность обманчива
appetite comes with eating,аппетит приходит во время еды
apple of someone's eye,яблоко глаз
apple polisher,подхалим
apple up,вверх яблоко
apples and oranges,яблоки и апельсины
apples to apples,яблоки к яблокам
apply oneself,прилагать усилия
April showers bring May flowers,Апрельские дожди приносят майские цветы
apron string,шнурок для фартука
apron-string hold,держать веревку для фартука
apropos of,по случаю
apropos of nothing,совсем не к месту
arc up,подниматься дугой
arch doxy,главная догма
are bears Catholic,Являются ли медведи католиками
are the Kennedys gun-shy,боятся ли Кеннеди оружия
are we deadass,Мы серьезно
are we there yet,Мы уже приехали
are you blind,Ты слепой
are you deaf,Ты глухой
are you sure you're sure,вы уверены, что вы уверены
are your ears burning,у тебя уши горят
argle-bargle morble whoosh,бессмыслица ерунда шуршание
argue down,опровергать
argue out,обсуждать
ark at ee,архив при университете Ист-Энглии
arm candy,украшение
arm out,вытянутая рука
arm to the teeth,вооружён до зубов
arm up,подготовиться к бою
arm's length,на расстоянии вытянутой руки
armchair quarterback,диванный критик
army volunteer,доброволец в армии
around one's ears,вокруг ушей
around Robin Hood's barn,вокруг конюшни Робин Гуда
around the bend,за поворотом
around the clock,круглосуточно
around the corner,за углом
around the Horn,вокруг Мыса Горн
around the traps,по разным местам
around the way,рядом
around the wicket,вокруг ворот
around the world,вокруг света
arrive at,прибыть
arrow in the quiver,стрела в колчане
arse about,болтать ерунду
arse around,бездельничать
arse end of nowhere,самый отдалённый уголок
arse over tip,задом наперед
arse over tit,с ног на голову
arse up,напутать
arsy varsy,арси варси
arsy versy,рифмы ради рифмы
art imitates life,искусство подражает жизни
art up,начни рисовать
artful dodger,хитрый пройдоха
article of death,смертный приговор
artificially intelligent,искусственный интеллект
artificially sweetened,искусственно подслащенный
as a duck takes to water,как рыба в воде
as a lamb to the slaughter,как агнец на заклание
as a matter of course,как обычно
as a matter of fact,на самом деле
as a matter of facts,в действительности
as a result,в результате
as a rule,обычно
as a whole,в целом
as all fuck,как черт знает
as all get-out,очень сильно
as and when,по мере необходимости
as anything,как угодно
as be damned,к черту
as best one can,насколько это возможно
as big as life,как живой
as cold as ice,холодный как лёд
as ever trod shoe leather,как всегда ходил пешком
as ever trod shoe-leather,как всегда ходил пешком
as far as,насколько
as far as I know,насколько я знаю
as far as one is concerned,насколько это касается кого-либо
as far as one knows,насколько известно
as far one's concerned,с точки зрения кого-либо
as fate would have it,как ни странно
as fine as Dick's hatband,отлично
as fit as a fiddle,В полной форме
as for,касательно
as God intended,как задумал Бог
as God is my witness,Клянусь Богом
as good as gold,как золото
as good as it gets,насколько это возможно
as good as new,как новый
as good as the original,так же хорошо, как оригинал
as hard as nails,жесткий как камень
as I live and breathe,пока я жив
as I see it,как я вижу
as I was saying,как я и говорил
as if,как будто
as if by magic,как по волшебству
as if I care,как будто мне не все равно
as if I cared,как будто мне не все равно
as if someone owns the place,как будто он хозяин этого места
as if there is no tomorrow,как будто завтра нет
as if there were no tomorrow,как будто завтра не наступит
as if there's no tomorrow,как будто завтра нет
as it comes,как есть
as it gets,по мере того как
as it goes,как идёт
as it happens,как раз
as it stands,в настоящее время
as large as life,яркий как жизнь
as light as air,легкий как перышко
as long as,пока что
as luck may have it,как повезёт
as luck would have it,как ни странно
as memory serves,если память не изменяет
as much,столько
as much as possible,насколько это возможно
as much sinning as sinned against,настолько же виновен, как и пострадавший
as near as matters,по сути
as of late,в последнее время
as of right,на данный момент
as often as not,часто
as opposed to,в отличие от
as per,согласно
as previously mentioned,как уже упоминалось
as provided for,как предусмотрено
as regards,в отношении
as right as rain,как новенький
as she is spoke,как она говорит
as soon as,как только
as soon as look at someone,с первого взгляда
as soon as possible,Как можно скорее
as such,в таком виде
as the case may be,в зависимости от обстоятельств
as the crow flies,по прямой
as the day is long,как день длинный
as the fella said,как сказал этот парень
as the fella says,как говорит этот парень
as the gull flies,как летит чайка
as the man said,как сказал этот человек
as the man says,как говорит этот человек
as the next girl,как следующая девушка
as the next guy,как следующий парень
as the next person,как следующий человек
as the saying goes,как говорится
as the wind blows,как ветер дует
as they come,по мере поступления
as they say,как говорится
as though,как будто
as time goes by,со временем
as times go,со временем
as to,касательно
as useful as a chocolate teapot,бесполезный как шоколадный чайник
as we know it,как мы знаем
as well,также
as well as,а также
as white as a sheet,бледный как простыня
as who should say,кто должен сказать
as you go,по мере движения
as you know,как вы знаете
as you like,как вам угодно
as you please,как вам угодно
asap,как можно скорее
Asian don't raisin,Азиаты не выращивают изюм
aside from,помимо
ask a stupid question,задать глупый вопрос
ask after,спрашивать о
ask around,спросить у людей
ask back,спросить в ответ
ask for,спрашивать
ask for it,попросить об этом
ask for the moon,просить луну
ask in,спросить о
ask me one about sport,Задай мне вопрос о спорте
ask me one on sport,спросите меня что-нибудь о спорте
ask my arse,спроси у своей жопы
ask out,пригласить на свидание
ask over,спрашивать
ask round,спросить у всех
asked and answered,вопрос и ответ
asking for a friend,для друга
asleep at the switch,невнимательный
asphalt jungle,асфальтовый лес
asposed to,по сравнению с
ass in the grass,задница на траве
ass out,задница наружу
ass over teakettle,перевернуться вверх тормашками
assault and battery,насилие и нанесение телесных повреждений
assume room temperature,комнатная температура
assume the mantle,взять на себя ответственность
assume the position,занять позицию
astern of,сзади
astraddle of,наездник
at a canter,быстрым галопом
at a clip,быстро
at a discount,со скидкой
at a distance,на расстоянии
at a draft,в черновике
at a draught,на разлив
at a fast clip,быстро
at a glance,с первого взгляда
at a go,сразу
at a guess,наугад
at a loose end,без дела
at a loss,в замешательстве
at a loss for words,в замешательстве
at a low ebb,в низком состоянии
at a minimum,минимум
at a moment's notice,в любой момент
at a pinch,в крайнем случае
at a premium,по высокой цене
at a price,по цене
at a profit,с прибылью
at a push,в крайнем случае
at a rate of knots,с бешеной скоростью
at a run,бегом
at a single stroke,одним махом
at a stand,в тупике
at a stretch,натянув бюджет
at a stroke,одним махом
at a time,одновременно
at a venture,наобум
at adventure,в приключении
at all,вообще
at all adventures,во всех приключениях
at all costs,любой ценой
at all events,во всяком случае
at all hands,для всех членов экипажа
at all hours,в любое время
at all points,во всех точках
at anchor,на якоре
at antipodes,на противоположных полюсах
at any event,на любом мероприятии
at any given moment,в любой момент
at any hand,в любой момент
at any rate,в любом случае
at arm's length,на расстоянии вытянутой руки
at bank,в банке
at bar,в баре
at bat,в ударе
at bay,в узде
at best,в лучшем случае
at bottom,внизу
at call,по вызову
at command,по команде
at cost,по себестоимости
at cross-purposes,в разных направлениях
at daggers drawn,в состоянии войны
at dark,в темноте
at death's door,на волоске от смерти
at each other's throats,в состоянии войны
at ease,в спокойствии
at fault,виноват
at first,сначала
at first bluff,сначала блеф
at first blush,на первый взгляд
at first glance,на первый взгляд
at first sight,с первого взгляда
at full pelt,на полную мощность
at full steam,на полную мощность
at full stretch,в полную силу
at full throttle,на полную мощность
at full tilt,на полную мощность
at gaze,взгляд
at grips,в состоянии конфликта
at gunpoint,под дулом пистолета
at hand,под рукой
at heart,в душе
at heck and manger,в хлев и конюшню
at Her Majesty's pleasure,по усмотрению Ее Величества
at home,дома
at intervals,через равные промежутки времени
at issue,в центре внимания
at knifepoint,под угрозой ножа
at large,на свободе
at last,наконец
at latter Lammas,в поздний Ламмас
at least,по крайней мере
at leisure,в свободное время
at length,в конце концов
at liberty,на свободе
at loggerheads,в состоянии конфликта
at long last,наконец-то
at loose ends,без дела
at minimum,минимум
at most,максимум
at night,ночью
at no time,никогда
at odd times,в непостоянное время
at odds,в противоречии
at once,сразу
at one go,сразу
at one stroke,одним махом
at one time,когда-то
at one time or another,когда-нибудь
at one's best,в лучшей форме
at one's ease,в своей тарелке
at one's elbow,рядом
at one's feet,у ног
at one's fingers' ends,на кончиках пальцев
at one's fingertips,под рукой
at one's leisure,по своему усмотрению
at one's own peril,на свой страх и риск
at one's own risk,на свой страх и риск
at one's peril,на свой страх и риск
at one's risk,на свой страх и риск
at pace,в темпе
at pains,с трудом
at peace,в мире с собой
at peace with,в мире с собой
at places,в некоторых местах
at play,в игре
at pleasure,по желанию
at present,в настоящее время
at rack and manger,в стойле и корыте
at random,случайно
at rest,в покое
at right angles to,под прямым углом
at risk,в опасности
at rovers,у роверов
at scale,в масштабах
at school,в школе
at sea,В море
at second hand,с рук
at short notice,в короткие сроки
at short sight,близкорукость
at sight,при предъявлении
at sixes and sevens,в полном беспорядке
at some point,в какой-то момент
at somebody's elbow,у чьего-то локтя
at somebody's heels,у чьих-то пяток
at someone's disposal,в распоряжении кого-либо
at someone's door,у чьей-то двери
at someone's elbow,у чьего-то локтя
at someone's heels,у чьих-то пяток
at someone's service,к вашим услугам
at someone's throat,у кого-то в горле
at spearpoint,в авангарде
at speed,на скорости
at stake,под угрозой
at swordpoint,под угрозой меча
at swords' points,в состоянии вражды
at table,за столом
at ten and two,в десять часов двадцати
at that time,в то время
at the back of one's mind,в глубине подсознания
at the bank,в банке
at the best,в лучшем виде
at the best of times,в лучшие времена
at the bottom of,внизу
at the bottom of the pile,внизу стопки
at the coal face,в шахте
at the corner,у угла
at the cost of,за счет чего-то
at the discretion of,по усмотрению
at the disposal of,в распоряжении
at the door,у двери
at the door of,у двери
at the double,вдвойне
at the drop of a hat,мгновенно
at the earliest,Как можно скорее
at the elbow,у локтя
at the end of one's tether,на грани нервного срыва
at the end of the day,в конце концов
at the end of the rainbow,в конце радуги
at the expense of,за счет
at the feet of,у ног
at the hand of,от руки
at the hands of,от руки
at the helm,у штурвала
at the high port,в высоком порту
at the instance of,по инициативе
at the last,в конце концов
at the last minute,в последний момент
at the last moment,в последний момент
at the latest,не позднее
at the least,по крайней мере
at the mercy of,в чьем распоряжении
at the minimum,минимум
at the minute,в данный момент
at the moment,в данный момент
at the money,в черном
at the most,максимум
at the outset,в начале
at the outside,снаружи
at the point of,в момент
at the prospect of,в преддверии
at the ready,наготове
at the receiving end,в роли получателя
at the risk of,рискуя
at the same time,в то же время
at the sight of,при виде
at the soonest,как можно скорее
at the tail,в конце
at the thought of,при мысли о
at the time,в то время
at the top of one's bent,в своей стихии
at the top of one's game,на пике формы
at the top of one's lungs,во весь голос
at the top of one's voice,во весь голос
at the top of the heap,на вершине иерархии
at the top of the pile,вверху кучи
at the top of the tree,на вершине дерева
at the very least,по крайней мере
at the very most,в крайнем случае
at the wheel,за рулем
at the whim of,по прихоти
at the worst,в худшем случае
at third hand,из третьих рук
at this juncture,в данный момент
at this moment in time,в данный момент
at this point,в данный момент
at this point in time,в данный момент времени
at this rate,в таком темпе
at times,иногда
at times and again,иногда и снова
at turns,по очереди
at twice,вдвое
at unawares,неожиданно
at variance,в противоречии
at war,в состоянии войны
at will,по желанию
at work,на работе
at worst,в худшем случае
at your service,к вашим услугам
atomic cocktail,атомный коктейль
atta girl,Молодец
attend to,заботиться о
attention whore,любовник внимания
Attic salt,Соль для чердака
attitude reflects leadership,отношение отражает лидерство
attribute to,приписывать
au jus,бульон
auction off,продавать на аукционе
audi alteram partem,дайте выслушать другую сторону
Augean stables,Авгиевы конюшни
auger in,вкручивать
auld lang syne,на старые времена
aurally challenged,с проблемами слуха
autem cackler,автоматический смех
autem diver,автомобиль-трансформер
autem mort,однако умер
autumn romance,осенняя романтика
avant la lettre,до того как это стало известно
average bear,обычный медведь
average down,покупать дешевле
average Joe,обычный человек
average out,усреднять
average up,увеличивать в среднем
away at the races,на скачках
away from home,вдали от дома
away game,выездной матч
away in a hack,в телеге
away to the races,на гонки
away with the fairies,витает в облаках
awful but lawful,ужасно, но законно
ax to grind,личная заинтересованность
ay up me duck,подними меня, утка
aye aye shepherd's pie,да да пирог с бараниной
ayo chill,расслабься
ayy lmao,ай лама
babe in arms,младенец на руках
babe in the woods,неопытный человек
babe magnet,магнит для девушек
babies in the eyes,малыши в глазах
baby and bathwater,выбрасывать ребенка вместе с грязной вод…
baby elephant in the room,проблема которую все игнорируют
baby needs new shoes,детям нужна новая обувь
baby step,маленький шаг
baby up,поднять ребенка
babysitter test,тест для няни
back and edge,спинка и край
back and forth,вперед и назад
back at ya,в ответ тебе
back at you,в ответ тебе
back atcha,взаимно
back away,отступать
back down,отступать
back forty,задняя часть участка
back gammon player,игрок в нарды
back in,вернуться
back in the day,в те времена
back in the game,снова в игре
back in the groove,снова в ритме
back in the saddle,снова в седле
back into,обратно в
back of one's hand,ладонь
back off,отступать
back office,офис поддержки
back on to,на
back one out,отступить
back onto,назад на
back out,отступать
back that train up,верни поезд назад
back the right horse,поддержать правильную сторону
back the wrong horse,поддержать не ту сторону
back then,тогда
back to back,спина к спине
back to back jack,двойной эйс
back to square one,снова с самого начала
back to the drawing board,начинать всё сначала
back to the wall,спиной к стене
back up,резервная копия
back up the truck,выгрузить груз из грузовика
back-cloth star,фон звезда
backhanded compliment,Льстивый комплимент
backwards and forwards,вперед и назад
bad actor,плохой актер
bad apple,плохой яблоко
bad blood,вражда
bad books,плохие книги
bad business,плохой бизнес
bad company,плохая компания
bad egg,плохой человек
bad facts make bad law,Неправильные факты приводят к неправильн…
bad hair day,плохой день для волос
bad iron,плохой утюг
bad joke,плохой анекдот
bad looker,плохой вид
bad money drives out good,плохое деньги вытесняет хорошее
bad news,плохие новости
bad news bears,плохие новости
bad news travels fast,Плохие новости распространяются быстро
bad old days,тяжёлые времена
bad penny,неприятный человек
bad scran to someone,плохая еда
bad taste in one's mouth,горький привкус во рту
bad things come in threes,плохое редко случается по одному
bad trip,плохая поездка
bad trot,расстройство желудка
bad up,хуже
bad word,плохое слово
badge bunny,значок кролик
badge in,значок
badge of honor,знак отличия
badge out,снять бейдж
badge up,прикрепить значок
bag and tag,маркировать и упаковывать
bag down,упаковать
bag of bones,скелет
bag of tricks,арсенал приемов
bag off,снять сумку
bag out,вытаскивать
bag up,упаковать
bah humbug,ерунда
bail on,отменить встречу
bail out,вытаскивать
bail out on,отказаться
bail up,загонять
bait up,насадить наживку
bake in,выпекать в
bake off,конкурс выпечки
bake out,пропекание
bake something blind,выпекать наугад
bake up,приготовить
baker's dozen,дюжина с излишком
baker's half dozen,дюжина
baking hot,очень горячий
balance down,снижать баланс
balance out,сбалансировать
balance the books,вести бухгалтерию
balance up,уравновесить
bale out,вызволять
bale up,упаковывать
ball down,катать
ball hog,эгоист на площадке
ball it off,отбросить
ball of fire,шар огня
ball of malt,шарик из солода
ball off,отбить
ball out,выложиться
ball up,сворачивать в клубок
ballast up,поднять балласт
ballistic podiatry,баллистическая подология
balloon goes up,шар поднимается
balloon knot,узел для воздушного шара
ballpark estimate,приблизительная оценка
ballpark figure,приблизительная оценка
balls about,безразлично
balls around,катается
balls of steel,стальные нервы
balls on,на шарах
balls to the wall,до предела
balls to the walls,до предела
balls up,комкает
bally about,болтать
baloney pony,ерунда лошадь
balum rancum,Я не знаю
bamboo ceiling,стеклянный потолок для азиатов
banana nose,нос как у банана
banana republic,банановая республика
band together,объединяться
band-aid solution,временное решение
bandwagon fan,болельщик-прилипа
bandwagon jumper,попутчик
bandy about,бросать слова на ветер
bandy around,бросать слова на ветер
bane of someone's existence,бремя существования
bang a uey,бить
bang about,шуметь
bang around,стучать
bang away,отгонять
bang down the door,Выбить дверь
bang for one's buck,цена-качество
bang for the buck,цена-качество
bang into,врезаться
bang off,снять
bang on,точно
bang out,выбивать
bang some heads together,поссориться
bang straw,соломинка
bang to rights,поймать с поличным
bang up,в отличном состоянии
bank night,вечер в банке
bank on,полагаться на
bank up,накапливать
banker's dozen,дюжина
bankers' hours,рабочее время банков
bankrupt cart,тележка для банкротов
banner year,успешный год
banyan day,день бансиана
bar down,закрыться
bar none,без исключения
bar off,отрезать
bar out,запретить
bar sinister,незаконнорожденный
bar star,звезда бара
bar up,поднять вверх
barbecue up,жарить на гриле
barber's sign,вывеска парикмахера
bare one's soul,открыть душу
bare one's teeth,показать зубы
bare poles,голые столбы
barf out,рвать
bargain away,продавать за бесценок
bargain for,торговаться
bargain on,торговаться
barge in,ворваться
barge into,ворваться
bark up the wrong tree,идти по ложному пути
barking dogs never bite,лающая собака не кусает
barking dogs seldom bite,лающая собака кусает редко
Barkis is willin',Баркис готов
Barkis is willing,Баркис готов
barn find,находка в сарае
barrel of laughs,веселое времяпровождение
barrel of monkeys,куча обезьян
base off,основываться на
base off of,основываясь на
base on,основываться на
base over apex,основание над вершиной
base upon,основываться на
based on,на основе
basement battler,бой в подвале
bash about,разбивать
bash in,врываться
bash into shape,привести в форму
bash one out,сделать
bash out,бить
bash someone's face in,бить кому-то лицо
bash someone's head,ударить кого-то по голове
bash the bishop,обругать епископа
bash together,собирать вместе
bash up,избить
bask in the sunshine,нежиться на солнце
basket house,корзина дом
bastardly gullion,подлый мерзавец
baste up,сшивать грубыми стежками
bat a thousand,добиться успеха
bat about,бить по
bat an eyelid,ничего не замечать
bat around,отбивать
bat away,отмахиваться
bat five hundred,отбить пятьсот
bat for the other team,играть за другую команду
bat in,летучая мышь
bat of an eye,миг ока
bat one's eyes,моргать
bat out,выбивать
bat round,раунд ударов
bat the breeze,легкий ветерок
batch up,подготовить партию
bate an ace,подавать эйс
bathroom singer,певец в душевой
batten down,закрепить
batten down the hatches,готовиться к худшему
batter up,готов к подаче
battle it out,сражаться
battle out,сражаться
bawl off,отменить
bawl one's eyes out,громко плакать
bawl out,кричать
be a bit much,слишком много
be a hundred years too early,быть на сто лет раньше времени
be a lost cause,быть безнадёжным случаем
be a man,будь мужчиной
be a tall order,сложная задача
be a thing of the past,быть в прошлом
be aces with,быть в хороших отношениях с
be alive with something,быть полным чего-либо
be all in,быть полностью вовлеченным
be all over somebody,надоедать кому-то
be all very well,быть вполне хорошо
be along,быть рядом
be around,быть рядом
be at a loss,быть в замешательстве
be at odds,быть в противоречии
be at pains to do something,стараться изо всех сил
be at the mercy of somebody,быть в чьем-либо распоряжении
be at the mercy of something,быть в зависимости от чего-либо
be at the plague,быть во время чумы
be beside oneself,быть вне себя
be called,называться
be careful,будь осторожен
be careful what you wish for,Берегитесь того, чего желаете
be cruel to be kind,быть жестоким, чтобы быть добрым
be damned,будь проклят
be down with,поддерживать
be fearful when others are greedy,бойтесь, когда другие жадничают
be for the best,к лучшему
be greedy when others are fearful,быть жадным, когда другие боятся
be hard pressed,быть в затруднительном положении
be in and out,заходить и выходить
be in for,быть готовым к чему-либо
be in luck,везти
be in the balance,в равновесии
be in the front line,быть на передовой
be in the know,быть в курсе
be in the loop,быть в курсе
be in the market for something,искать что-то купить
be in the money,иметь деньги
be in the pipeline,в стадии разработки
be in the public eye,быть в центре внимания
be in the right place at the right time,быть в нужном месте в нужное время
be in the same boat,быть в одной лодке
be in touch,быть на связи
be into,интересоваться
be larger than life,быть больше, чем просто человек
be left at the post,оставить на почте
be left holding the baby,остаться с ребенком
be left kicking,остаться в неловком положении
be like,быть похожим
be make or break for somebody,решающий момент для кого-либо
be make or break for something,решающий момент для чего-либо
be mother,быть матерью
be my guest,Будьте гостем
be news to somebody,быть новостью для кого-то
be no match for,не быть равным по силам
be no match for somebody,не быть равным кому-то
be no match for something,не быть равным чему-либо
be nothing short of,не что иное, как
be of one's own making,быть результатом собственных действий
be of the essence,иметь решающее значение
be off the mark,быть неточным
be off the wall,быть сумасшедшим
be on a roll,идти в гору
be on about,говорить о
be on bad terms with somebody,быть в плохих отношениях с кем-то
be on edge,быть на взводе
be on good terms with somebody,быть в хороших отношениях с кем-то
be on guard,быть начеку
be on hand,быть рядом
be on hold,ждать на линии
be on one's best behaviour,вести себя хорошо
be on one's guard,быть начеку
be on the level,быть честным
be on the line,быть на связи
be on the loose,на свободе
be on the march,идти в поход
be on the mend,иду на поправку
be on the receiving end,получать
be on the run,в бегах
be on the up,идти в гору
be on the wing,в пути
be on to,понимать
be one of a kind,быть уникальным
be one step ahead,быть на шаг впереди
be one's own man,быть самостоятельным человеком
be one's own person,быть самостоятельным человеком
be one's own woman,быть независимой женщиной
be one's own worst enemy,быть самому себе врагом
be oneself,быть собой
be only a matter of time,вопрос времени
be onto,быть в курсе
be out for,быть вне игры
be out in force,выступить в полную силу
be out of action,быть вне строя
be out of bounds,выходить за пределы
be out of line,переходить границы
be out of luck,быть невезучим
be out of order,неисправен
be out of place,быть неуместным
be out of pocket,быть недоступным
be out of the picture,не иметь отношения
be out of the way,не мешать
be out of this world,невероятный
be out of touch,быть оторванным от реальности
be over and done with,закончить и забыть
be right back,Я сейчас вернусь
be right up somebody's arse,быть слишком навязчивым
be seeing you,до встречи
be set in stone,быть незыблемым
be somebody's strong point,быть сильной стороной кого-либо
be somebody's strong suit,быть сильной стороной
be someone's to lose,быть в выигрышной позиции
be still my heart,Затихнет моё сердце
be taken ill,заболеть
be thankful for small mercies,благодарить за небольшие радости
be that as it may,несмотря на это
be the bigger man,проявить благородство
be the order of the day,быть в порядке дня
be there and be square,будь там и будь честен
be there or be square,Будь там или будь старомодным
be up somebody's arse,быть навязчивым
be-all and end-all,самое главное
beak off,отколоть клюв
beam up,телепортировать
bean counter,бухгалтер
bear a hand,помочь
bear against,противостоять
bear away,отходить
bear away the bell,унести колокол
bear down,прилагать усилия
bear down on,давить
bear fruit,приносить плоды
bear in,включить
bear in mind,помнить
bear in on,передавать информацию
bear in the air,в воздухе
bear in with,терпеть
bear off,отвлекать
bear off from,отклоняться от
bear on,иметь отношение к
bear oneself,вести себя
bear out,подтверждать
bear something in mind,помнить о чем-то
bear testimony to something,быть свидетельством чего-либо
bear the brunt,нести основную тяжесть
bear up,справляться
bear upon,иметь значение
bear with,терпеть
bear witness to something,быть свидетелем чего-либо
beard the lion in his den,пойти напролом
Beast from the East,Зверь с востока
beast on,нападать на
beast with two backs,зверь с двумя спинами
beat a dead horse,тянуть кота за хвост
beat a retreat,отступить
beat about,волокита
beat around the bush,отходить от темы
beat as one,бить как один
beat back,отразить
beat Banaghan,победить Банагана
beat down,бить
beat feet,быстро уйти
beat into,бить
beat it,уходи
beat like a jungle drum,бить как барабан в джунглях
beat off,отбивать
beat off with a stick,отбить палкой
beat on,бить
beat one's brain,ломать голову
beat one's meat,мастурбировать
beat one's swords into ploughshares,превратить оружие в орудия труда
beat one's swords into plowshares,превратить оружие в орудия труда
beat out,обыграть
beat someone round the ears,отхлестать
beat someone's arse,отлупить кому-то
beat someone's ass,отлупить кому-то за панк
beat someone's brains out,избить до смерти
beat the bishop,победить епископа
beat the bushes,прочесывать местность
beat the clock,преодолеть время
beat the cock,бить петуха
beat the crowd,обойти толпу
beat the daylights out of,избить до смерти
beat the drum for,рекламировать
beat the dust,сдувать пыль
beat the meat,отбить мясо
beat the odds,преодолеть трудности
beat the pants off,ошеломить
beat the poop out of,избить до смерти
beat the shit out of,избить до смерти
beat the stuffing out of,избить до смерти
beat to,бить
beat to the punch,опередить
beat up,побитый
beat up on,избивать
beat with the ugly stick,бить палкой
beats me,Не знаю
beautiful people,красивые люди
beauty is but skin-deep,Внешность обманчива
beauty is only skin deep,Внешность обманчива
beauty is only skin-deep,Внешность обманчива
beauty never boiled the pot,Красота никогда не варила кастрюлю
beauty queen,королева красоты
beauty sleep,сон для красоты
beauty won't boil the pot,Красота не сварит кашу
beauty won't make the pot boil,Красота не заставит кастрюлю закипеть
beaver away,усердно работать
because is why,потому что
because reasons,потому что причины
because you touch yourself at night,потому что ты трогаешь себя ночью
become of,стать
become one flesh,стать единым целым
become one with one's inner self,стать единым со своим внутренним "я
bed and breakfast,гостевой дом с завтраком
bed blocker,пациент, занимающий больничное место
bed down,ложиться спать
bed in,встроенный
bed of roses,путь, усыпанный розами
bed out,выспаться
bee in one's bonnet,затеяться
bee tee dubs,между прочим
beef out,угрюмиться
beef to the hoof,говядина от фермы до стола
beef up,укрепить
been darkmans,было темно
been to the rodeo,был на родео
beep out,заглушить
beer and skittles,пиво и развлечения
beer goggles,розовые очки
beer muscles,пивное телосложение
beer up,поднять тост за пиво
before dark,до темноты
before GTA 6,до выхода GTA 6
before it was cool,до того, как это стало популярным
before long,скоро
before one can blink,до того, как моргнешь
before one knows it,не успев опомниться
before one knows where one is,прежде чем понять, где ты находишься
before one's eyes,на глазах
before one's time,впереди своего времени
before someone's time,раньше времени
before the fact,заранее
before the ink was dry,пока чернила еще не высохли
before you can say Jack Robertson,до того, как успеешь произнести имя Джек…
before you can say Jack Robinson,до того, как успеешь произнести и двух с…
before you can say knife,до того, как успеешь сказать слово
beg for one's life,умолять о пощаде
beg off,отказывать
beg pardon,извините
beg the question,задавать вопрос, который предполагает от…
beg to differ,не согласен
beg yours,умолять вас
beggar off,отказываться
beggars can't be choosers,У кого нет, у того нет выбора
begger off,отказывать
begging your pardon,извините
begin upon,начинать
behind bars,за решеткой
behind closed doors,за закрытыми дверями
behind its time,впереди своего времени
behind someone's back,за спиной
behind the arc,за дугой
behind the bit,за битом
behind the counter,за прилавком
behind the curtain,за кулисами
behind the curve,отставать
behind the eight ball,в сложной ситуации
behind the eight-ball,в сложной ситуации
behind the scene,за кулисами
behind the scenes,за кулисами
behind the times,отсталый
behind the wheel,за рулем
behind the wire,за проволокой
behind time,опоздал
behind-the-scenes,за кулисами
bein darkmans,быть темным человеком
being poor is a mindset,быть бедным - это состояние души
belay my last,отменить последнее
belemnite battlefield,поле битвы белемнитов
believe it or not,верьте или нет
believe me,поверь мне
believe one's ears,не поверить своим ушам
believe one's eyes,верить своим глазам
believe you me,поверь мне
believing is seeing,Видеть - значит верить
bell out,звонить
bell the cat,позвонить в колокол
bell up,поднять настроение
bellow out,громко кричать
bellows to mend,ремкомплект для насоса
bells and smells,колокола и запахи
bells and whistles,дополнительные функции
bellwether state,ключевой штат
belly out,выпяченный живот
belly up,на брюхе
belly up to the bar,подходить к барной стойке
below decks,внизу палубы
below ground,под землей
below par,ниже нормы
below stairs,внизу по лестнице
below the belt,Ниже пояса
below the breadline,ниже черты бедности
below the fold,ниже линии сворачивания
below the gangway,под трапом
below the law,ниже закона
below the mahogany,под красным деревом
below the radar,вне поля зрения
below the salt,ниже соли
below the surface,под поверхностью
belt down,затянуть ремень
belt out,громко петь
belt up,Пристегнитесь
bench jockey,тренер
bend down,наклониться
bend it like Beckham,Согни как Бекхэм
bend one off,снять стресс
bend one's elbow,согнуть локоть
bend over,наклониться
bend over backwards,прилагать все усилия
bend someone's ear,надоедать кому-то
bend someone's will,сломить волю кого-либо
bend the brain,заставлять думать
bend the knee,преклонить колено
bend the truth,искажать правду
bend to one's will,подчиняться своей воле
bend to someone's will,подчиняться чьей-либо воле
bene darkmans,добрый вечер, мистер Дакманс
bene lightmans,Бен Лайтман
beneath contempt,ниже презрения
beneath the hood,под капотом
beneath the surface,под поверхностью
benevolent overlord,благожелательный правитель
Benjamin Button,Бенджамин Баттон
bent on,нацеленный на
bent on a splice,изогнутый при соединении
beside oneself,в ярости
beside the mark,не в тему
beside the point,не по теме
besides oneself,в ярости
best before,годен до
best bet,наиболее вероятный вариант
best laid plans,лучшие планы
best of both worlds,лучшее из обоих миров
best of the best,лучшее из лучшего
best of the bunch,лучший из лучших
best pleased,очень доволен
best regards,с уважением
best thing since sliced bread,лучшее, что было изобретено после хлеба
best thing since sliced pan,лучшее, что случилось со времен хлеба
best-kept secret,самая большая тайна
bet on,делать ставку
bet one's boots,быть уверенным
bet one's bottom dollar,быть уверенным как никогда
bet out,выставить ставку
bet round,раунд ставок
bet the farm,рисковать всем
bet the house,поставить на кон всё
bet the ranch,поставить всё
bet up,поднять ставку
betray with a kiss,предать поцелуем
better and better,все лучше и лучше
better angels,лучшие черты
better dead than red,лучше смерть, чем предательство
better for it,лучше от этого
better is the enemy of good,Лучшее – враг хорошего
better late than never,лучше поздно, чем никогда
better luck next time,Удачи в следующий раз
better nature,лучшая сторона
better place,лучшее место
better safe than sorry,лучше перестраховаться, чем сожалеть
better than sex,лучше, чем секс
better the devil you know,лучше дьявола, которого знаешь
between jobs,между работами
between Scylla and Charybdis,между Сциллой и Харибдой
between the ears,между ушами
between the hammer and the anvil,между молотом и наковальней
between the jigs and the reels,между молотом и наковальней
between the lines,между строк
between the pegs,между колышками
between the pipes,между трубами
between the sheets,между простынями
between two stools,между двух стульев
between wind and water,между ветром и водой
betwixt and between,между
beware of Greeks bearing gifts,Остерегайтесь греков, приносящих дары
beyond a joke,не до шутки
beyond a reasonable doubt,вне всяких сомнений
beyond a shadow of a doubt,безусловно
beyond a shadow of doubt,безусловно
beyond belief,невероятно
beyond dispute,несомненно
beyond one's depth,выходить за рамки своих возможностей
beyond one's ken,за пределами понимания
beyond one's pay grade,не входит в компетенцию
beyond one's wildest dreams,запредельно
beyond one's years,за пределы своего возраста
beyond question,безусловно
beyond reasonable doubt,вне всяких сомнений
beyond seas,за морями
beyond someone's grasp,недоступный
beyond someone's scope,вне компетенции кого-либо
beyond the beyonds,за пределами пределов
beyond the black stump,за чертой видимости
beyond the call of duty,сверх своих обязанностей
beyond the grave,загробный мир
beyond the pale,вне всяких норм
beyond the shadow of a doubt,безусловно
beyond words,невыразимо
bicycle chain,цепь велосипеда
bid down,снижать цену
bid in,делать ставку
bid off,отбить предложение
bid up,завышать цену
bide one's time,ждать подходящего момента
big boy,большой мальчик
big boys,большие мальчики
big break,прорыв
big bucks,большие деньги
big cheese,важная персона
big deal,важная вещь
big dick energy,энергия уверенного парня
big end of town,лучший район города
big fat,большой толстый
big fish,большая рыба
big fish eat little fish,крупная рыба ест мелкую рыбу
big fish in a small pond,важная персона в узком кругу
big girl,большая девочка
big gun,большая пушка
big hand,большая стрелка
big head,большая голова
big if true,большая проблема если это правда
big kahuna,важный человек
big mad,очень злой
big man ting,крутая штука
big money,большие деньги
big mouth,болтун
big name,известное имя
big ol',огромный
big old,большой старый
big ole,огромный
big picture,общая картина
big rig,большой грузовик
big screen,большой экран
big shop,большой магазин
big shot,важная персона
big sleep,долгий сон
big spender,щедрый человек
big talk,пустые разговоры
big tamale,большой тамале
big tent,большой шатер
big things come in small packages,Большие вещи часто скрываются в малом
big up,поддерживать
big wheel,большое колесо
bigger fish to fry,важнее
bigger than Ben Hur,больше, чем Бен-Гур
bill of goods,товарный чек
bill up,начислить счет
bin off,выключить
bind off,закончить вязание
bind over,задержать
bind up,перевязывать
bio queen,биокоролева
bird in the bosom,птица в груди
bird in the hand,птица в руках
bird of ill omen,плохой знак
bird of one's own brain,птица в голове
bird off,улететь
bird's-eye view,вид сверху
birds and bees,птицы и пчелы
birds of a feather,люди, схожие по интересам
birds of a feather flock together,Свой к своему тянется
birds of the feather flock together,Люди, схожие по интересам, тянутся друг …
birthday suit,пижама
bis dat qui cito dat,Тот, кто даёт быстро, даёт дважды
bit by a barn mouse,укус полевой мыши
bit by bit,понемногу
bitch and moan,ворчать и ныть
bitch goddess,богиня-вещица
bitch off,Заткнись
bitch out,отказывать
bitch up,быть дерзкой
bite back,сдерживаться
bite down,сжать зубы
bite in,укус
bite me,укуси меня
bite my ass,целуй мою задницу
bite my shiny metal ass,Укуси мою блестящую металлическую задниц…
bite of the cherry,первый кусочек
bite of the reality sandwich,укус реальности
bite off,откусить
bite one's lip,сжимать губы
bite one's nails,грызть ногти
bite one's tongue,сдержаться
bite someone's hand off,откусить руку
bite someone's head off,резко отругать
bite the big one,умереть
bite the biscuit,откусить печенье
bite the bullet,сжать зубы
bite the curb,врезаться в бордюр
bite the dust,умереть
bite the hand that feeds one,кусать руку, которая кормит
bite to eat,легкий перекус
bits and bobs,мелочи
bits and pieces,мелкие детали
bitten by the same bug,заразился одним и тем же вирусом
bitter end,горький конец
blab out,выболтать
black and blue,синяк
black and white,черно-белый
black babies,чёрные младенцы
black day,тяжёлый день
black don't crack,черный не трескается
black gold,черное золото
black hat,черный хакер
black in,в черном цвете
black lie,ложь
black lives matter,жизни черных имеют значение
black mark,черная метка
black market,черный рынок
black out,обезьяна
black over Bill's mother's,над домом матери Билла
black oxide,оксид черни
black rider,чёрный всадник
black sheep,белая ворона
black up,затемнить
blame Canada,винить Канаду
blame game,игра обвинений
blanch up,побледнеть
blank on,пустой
blank out,затемнить
blanket term,общее понятие
blare out,громко звучать
blast away,уничтожать
blast from the past,воспоминание из прошлого
blast off,взлёт
blast out,взрывать
blast up,взорвать
blaze a trail,прокладывать путь
blaze away,стреляй на здоровье
blaze down,сжигать дотла
blaze on,пылать
blaze up,загореться
bleed for,жертвовать ради
bleed out,умереть от кровопотери
bleed red ink,быть в убытке
bleeding edge,передовые технологии
bleep out,заглушить
blend in,сливаться с толпой
blend into the woodwork,сливаться с толпой
blend up,измельчить
bless out,благословить
bless someone with,наградить чем-либо
bless someone's cotton socks,благословить до костей
bless someone's heart,жалеть кого-то
bless someone's little cotton socks,благословить до косточек
bless you,будь здоров
blessed event,благоприятное событие
blimp out,улетать
blimp up,наполнить гелием
blind date,свидание вслепую
blind leading the blind,слепые ведут слепых
blind with science,ослеплённый наукой
blinded by nostalgia,ослеплённый ностальгией
bling out,блестеть
bling up,украшать блестками
blink first,моргай первым
blink of an eye,миг ока
blip out,исчезнуть
bliss out,расслабиться
blitz out,молниеносный удар
blob off,отключить
blob out,выдавливать
block off,заблокировать
block out,заблокировать
block up,заблокировать
blocking and tackling,базовые навыки
blood and guts,кровь и кишки
blood in,кровь в
blood in the water,кровь в воде
blood is thicker than water,кровь гуще воды
blood out,кровь наружу
bloody oath,клянусь
bloody up,залить кровью
bloom is off the peach,цветение персика закончилось
bloom is off the rose,красота увяла
blossom forth,расцвести
blossom out,расцвести
blot on the escutcheon,пятно на репутации
blot one's copy book,испортить репутацию
blot out,закрыть
blot up,впитывать
blow a fuse,перегореть предохранителю
blow a hole through,проделать дыру
blow a kiss,поцеловать в воздух
blow apart,разлететься на куски
blow away,сдуть
blow chunks,рвать кишки
blow down,снести
blow hot air,пустословие
blow hot and cold,то холодно то жарко
blow in,дуть
blow into,дуть в
blow me,поцелуй меня
blow me down,черт возьми
blow off,сдуть
blow off steam,выпустить пар
blow on,дуть на
blow one's chance,упустить свой шанс
blow one's load,высказать все
blow one's mind,поразить воображение
blow one's own trumpet,хвастаться
blow one's wad,растратить все деньги
blow out,сдуть
blow out of proportion,преувеличивать
blow out of proportions,преувеличивать
blow out of the water,поразить
blow over,утихнуть
blow past,пронестись мимо
blow someone's back out,сделать кому-то больно в спине
blow someone's brains out,выстрелить кому-то в голову
blow someone's cover,разоблачить
blow someone's mind,сделать кому-то мозг
blow the cobwebs away,сдуть пыль
blow the doors off,поразить всех
blow the lid off,разоблачить
blow the whistle,поднять тревогу
blow this for a lark,сделать это ради забавы
blow this pop stand,взорвать этот киоск
blow this popsicle stand,закрыть это дело
blow this taco stand,разнести этот киоск с тако
blow through,продуваться
blow to kingdom come,до смерти
blow tomahawks,стрелять томагавками
blow town,маленький городок
blow up,взорваться
blow up in one's face,обернуться против кого-то
blow upon,дуть на
blow wide open,широко раскрыться
blue chamber,голубая комната
blue devils,синие дьяволы
blue lives matter,жизни полицейских важны
blue moon,голубая луна
blue note,блюзовый нотный знак
blue ribbon,голубая лента
blue state,штат, голосующий за демократов
blue wall of silence,стена молчания
blue-eyed boy,мальчик с голубыми глазами
blue-sky thinking,креативное мышление
bluebird of happiness,синяя птица счастья
blues and twos,сирены и мигалки
bluff out,обмануть
blur the line,размывать границу
blurt out,выдать
blush is off the peach,румянец исчез
blush is off the rose,румянец исчез с розы
bo bian,бо биан
bo pian,игра в покер
bo pien,большой пин
board out,селить на дому
board up,забаррикадировать
Bob is your uncle,Боб - твой дядя
bob under,подбородок
bob up,появляться
Bob's your father's brother,Твой дядя Боб
Bob's your mother's brother,дядя
Bob's your uncle,Всё просто
body blow,удар в самое сердце
body English,язык тела
body forth,выражать
bog down,застрять
bog in,болото
bog into,вникать
bog off,отвали
bogged down,застрял
boh bian,бохемский
boh pian,бог план
boh pien,бог пион
boil away,испаряться
boil down,сводиться к
boil off,испарять
boil over,переливаться
boil up,кипеть
boiling frog,кипящая лягушка
boiling hot,кипящий горячий
boiling mad,в ярости
boiling point,точка кипения
bollix up,напутать
bollocks to it,Да ну его
bollocks up,ерунда
bolster up,укреплять
bolt bucket,ведро для болтов
bolt down,закрепить
bolt from the blue,внезапный удар
bolt in,вкручивать
bolt to the bran,прикрепить к отрубям
bomb around,бездельничать
bomb off,снять бомбу
bomb out,провалить
bon appétit,Приятного аппетита
bona nochy,спокойной ночи
bond out,выплатить залог
bone apple teeth,кость яблоко зубы
bone down,уменьшать
bone dry,абсолютно сухой
bone hard,как камень
bone in her teeth,зуб
bone in the throat,комок в горле
bone of contention,причина споров
bone out,удалить кости
bone to pick,недомолвка
bone up,подготовиться
boo up,подбадривать
boob up,поднимать грудь
booby prize,антипремия
booger off,отвали
booger up,засохшая слизь
boogie down,танцевать
boogie on down,веселиться
book away,забронировать
book burning,Сожжение книг
book dumping,сброс книг
book in,забронировать
book into,забронировать
book off,забронировать
book on,о книге
book up,забронировать
boom goes the dynamite,бах бум
boom off,взрыв
boon and bane,благо и проклятие
boot camp,военный лагерь
boot out,выгнать
boot up,загрузка
booty down,присесть
booze can,банка с алкоголем
booze cruise,круиз с алкоголем
booze up,напиться
bop around,прыгать
bop it up,подними это вверх
bop the bishop,сбить епископа
border on,граничить с
bore in,сверлить
bore out,подтверждать
bored out of one's mind,до ужаса скучно
bored shitless,до ужаса скучно
born and bred,выросший и воспитанный здесь
born and raised,родился и вырос
born in a barn,родился в сарае
born in a mill,родившийся на мельнице
born in the vestry,родился в притворе
borrow trouble,нагонять беду
borrowed time,выигранное время
boss about,быть строгим
boss around,приказывать
boss up,стать лидером
botch up,испортить
bottle away,откладывать в сторону
bottle down,сдерживать
bottle off,отключить
bottle out,отступать
bottle up,затаить
bottom dollar,максимальная сумма
bottom drops out,дно проваливается
bottom falls out,дно выпадает
bottom fishing,ловля у дна
bottom line,суть
bottom of the line,самый низкий уровень
bottom of the ninth,девятый иннинг
bottom on,внизу
bottom out,дойти до дна
bottom the house,нижняя часть дома
bounce around,подпрыгивать
bounce back,восстановиться
bounce in,подпрыгивать
bounce into,подпрыгивать
bounce off,отразиться
bounce off the walls,прыгать по стенам
bounce on it,подпрыгивать на нём
bounce to the ounce,соответствовать грамму
bound ahead,впереди
bound to,связанный с
bouquets and brickbats,похвалы и упреки
bow and scrape,преклоняться
bow down,поклониться
bow down before the porcelain god,поклониться фарфоровому богу
bow in,склоняться
bow out,выйти из игры
bow to,кланяться
bow up,надуть
bow-legged wi' brass,косолапый с латунью
bowl a googly,бросить гуггли
bowl down,ложиться
bowl of cherries,миска с вишнями
bowl out,выбить
bowl over,поразить
bowl up,подниматься
Box and Cox,Бокс и Кокс
box clever,думать головой
box in,в рамку
box off,отключить
box oneself into a corner,загнать себя в угол
box out,вытеснять
box seat,ложа
box someone's ears,шлёпать по щекам
box the compass,определить стороны света
box up,упаковать
boy howdy,ну и ну
boy in the boat,мальчик в лодке
boy off,уйти
boy toy,игрушка
boys and girls,мальчики и девочки
boys and their toys,мальчики и их игрушки
boys will be boys,мальчишки - сорванцы
brace aback,остановить назад
brace about,около
brace by,поддерживать
brace in,включать
brace of shakes,пара коктейлей
brace up,собрать силы
brag on,хвастаться
bragging rights,право похвастаться
brain blast,вспышка мысли
brain bucket,шлем
brain candy,сладкая булочка
brain drain,утечка мозгов
brain surgeon,нейрохирург
brain surgery,хирургия головного мозга
branch off,отходить
branch out,расширяться
brass ceiling,стеклянный потолок для женщин
brass farthing,латунный пенни
brass it out,выяснить
brass monkey,латунная обезьянка
brass monkeys,медные обезьянки
brass neck,нахальство
brass off,отвалите
brass out,выглядеть вызывающе
brass up,напыщить
brassed off,раздраженный
brave new world,новый мир
brave out,выстоять
Bravo Zulu,Браво Дзе
brazen out,нагло
bread and butter,хлеб с маслом
bread and circuses,хлеб и зрелища
bread of life,хлеб жизни
breadcrumb up,вверх по цепочке
break a leg,удачи
break a sweat,попотеть
break apart,разделиться
break away,отделиться
break back,перерыв
break cover,выходить из укрытия
break down,ломаться
break even,идти в ноль
break from,перерыв
break gates,ломать ворота
break in,взлом
break into,взломать
break into a run,броситься бежать
break it down,разложить по полочкам
break it to,сообщить неприятную новость
break new ground,открывать новые горизонты
break off,разрывать
break on,остановка
break one off,отломить
break one's back,сломать спину
break one's chops,хрустеть
break one's duck,добиться первой победы
break one's heart,разбивать сердце
break one's lance,сражаться
break one's neck,ломать шею
break one's promise,нарушить обещание
break out,прорваться
break ranks,нарушить строй
break reality,нарушить реальность
break someone's back,сломать кому-то спину
break someone's face,избить лицо кому-то
break someone's heart,разбить кому-то сердце
break the back of,сделать самое сложное
break the bank,слить бюджет
break the buck,остановить рост цен
break the cycle,прервать цикл
break the deadlock,преодолеть тупик
break the fourth wall,нарушить четвёртую стену
break the ice,растопить лёд
break the Internet,Взорвать интернет
break the mold,ломать стереотипы
break the Sabbath,нарушить субботу
break the seal,вскрыть печать
break the story,разбить историю
break the wheel,сломать колесо
break through,прорваться
break up,расстаться
break wind,пукнуть
break with,разорвать
breast down,лицом вниз
breast up,поднять грудь
breath and britches,дыхание и штаны
breath of fresh air,глубокий вдох
breathe a sigh of relief,вздохнуть с облегчением
breathe a word,произнести слово
breathe down someone's neck,давить на кого-то
breathe easy,дышать свободно
breathe in,вдохнуть
breathe life into something,вдохнуть жизнь в что-то
breathe new life into something,вдохнуть новую жизнь
breathe one's last,умереть
breathe out,выдыхать
breathe upon,дышать на
breed in the bone,в крови
breed up,разводить
breeze off,легкий ветерок
breeze past,проскользнуть мимо
breeze through,легко справляться
breeze up,подниматься по ветру
brevity is the soul of wit,Краткость - сестра таланта
brew up,приготовить
brick in,кирпич
brick in one's hat,быть невнимательным
brick off,отколоть
brick over,замуровать
brick up,замуровать
bricks and mortar,кирпич и цемент
bridge over troubled waters,мост через бурные воды
bridge the gap,преодолеть разрыв
bridge up,поднять мост
bridle up,запрягать
brief against,против
bright and early,рано утром
bright lights,яркий свет
bright line,четкая граница
bright side,светлая сторона
bright spark,искрометный человек
bright young thing,яркая молодая личность
bright-eyed and bushy-tailed,бодрый и энергичный
bright-line rule,четкое правило
brighten up,осветить
brim over,переливаться
bring a knife to a gunfight,быть не готовым к серьезной борьбе
bring a lump to someone's throat,комок подступает к горлу
bring about,вызвать
bring along,брать с собой
bring around,приблизить
bring away,уносить
bring back,вернуть
bring back to life,оживить
bring down,сбивать
bring down on,накладывать
bring down the curtain,снимать занавес
bring down the hammer,наказать
bring down the house,вызвать всеобщий восторг
bring forth,выносить
bring forward,перенести
bring home,приносить домой
bring home the bacon,обеспечивать семью
bring in,привлекать
bring it weak,принеси слабое
bring off,выполнить
bring on,приводите
bring one's arse to an anchor,пристыковать задницу к якорю
bring one's own hide to market,приходить на рынок со своей шкурой
bring oneself away,уйти
bring oneself to,набраться смелости
bring out,выносить
bring out in a rash,вызывать сыпь
bring out of oneself,вызвать у себя
bring over,принести
bring owls to Athens,привезти сову в Афины
bring round,привести
bring someone to their knees,привести кого-то в умоление
bring through,проносить
bring to,приводить
bring to an end,закончить
bring to bear,применять
bring to heel,приручить
bring to justice,привлечь к ответственности
bring to life,оживить
bring to light,раскрыть
bring to nought,свести к нулю
bring to the hammer,привести к молоту
bring to the table,вносить вклад
bring together,объединять
bring under,подчинить
bring up,воспитывать
bring up against,обвинить
bring up the rear,идти в хвосте
bring up to,поднимать
bring upon,наводить
bring with,приносить с собой
brisk up,подбодрить
bristle up,вскипать
bro down,сражаться
bro out,выходить из шкафа
broach to,подходить к
broad and shallow,широкий и мелкий
broad brush,в общих чертах
broad in the beam,широкий
broad shoulders,широкие плечи
broad strokes,в общих чертах
broaden one's horizons,расширять кругозор
broaden someone's horizons,расширять кругозор
broil up,жарить на гриле
broken arrow,сломанная стрела
broken heart,разбитое сердце
broken hearted,с разбитым сердцем
broken home,разбитая семья
broken man,сломленный человек
broken record,заезженная пластинка
broken reed,сломленный тростник
broken vessel,разбитый сосуд
Bronx cheer,Ослиный крик
bronze up,загорать
brood above,находиться над
broom up,подметать
bros before hoes,друзья прежде всего
bros before hos,Братья прежде всего
brother from another mother,брат по духу
brown bag,бумажный пакет
brown bread,черный хлеб
brown noser,подхалим
brown out,падение напряжения
brown power,коричневая энергия
brown study,задумчивость
brown thumb,не умеет ухаживать за растениями
brown up,потемнеть
browned off,раздраженный
Brownian motion,Броуновское движение
brownie point,заслужить расположение
bruise up,синяк
brush aside,отмахнуться
brush away,смахнуть
brush back,отбросить назад
brush by,пройти мимо
brush down,расчесывать
brush off,отмахнуться
brush out,расчесывать
brush over,скользить по поверхности
brush past,мимоходом пройти
brush up,повторить
brush up to,повторить
bubble in,пузырь
bubble over,переливаться
bubble under,под пузырьком
bubble up,выходить на поверхность
buck down,присядь
buck fever,лихорадка охотника
buck for,за
buck in,вкладывать
buck off,сбросить
buck out,выплатить
buck the trend,идти против течения
buck up,Воодушевляйся
buck up one's ideas,поддерживать свои идеи
buck up to,подбадривать
bucket about,о ведре
bucket down,опустить ведро
bucket list,список желаний
bucket of bolts,лажа
bucket of rust,ведро ржавчины
bucket of syrup,ведро сиропа
buckle down,взяться за дело
buckle in,пристегнитесь
buckle over,наклониться
buckle to,подчиняться
buckle under,поддаваться
buckle up,пристегнитесь
Buckley's and none,Буклес и ничто
Buckley's chance,Никаких шансов
bud off,отводки
bud out,распускаться
bud up,подружиться
buddy up,объединиться
budge up,придвиньтесь
buff down,уменьшить
buff nor stye,нарыв или ячмень
buff out,полировать
buff the muffin,отполировать кекс
buff up,улучшить
buffer up,увеличивать буфер
buffing the muffin,полировка кекса
Bufton Tufton,Буфтон Туфтон
bug down,устраиваться на длительное время
bug in,внутри
bug off,отвали
bug out,убежать
bug storm,нашествие насекомых
bug up,подразнить
bugger about,возиться
bugger around,шалить
bugger off,отвали
bugger up,испортить испортить испортить испортить …
buggerise about,ерунда
Buggins's turn,Очередь Буггинса
build a better mousetrap,создать более эффективную мышеловку
build a case,собрать доказательства
build bridges,строить мосты
build castles in the air,строить воздушные замки
build character,воспитывать характер
build down,строить вниз
build in,встроенный
build into,встраивать
build on,строиться на основе
build on sand,строить на песке
build out,расширять
build the plane while flying it,строить самолет в полете
build up,собирать
build upon,основываться на
built different,создан иначе
built like a brick outhouse,крепкий как камень
built like a brick shipyard,крепкий как скала
built like a brick shithouse,крепкий как скала
bulk billing,бесплатное обслуживание
bulk out,увеличивать объем
bulk up,набрать массу
bull in a china shop,неуклюжий человек
bull session,беседа
bull up,подбадривать
bully off,запугивать
bum around,бездельничать
bum out,расстраиваться
bum rap,ложное обвинение
bum rush,нападать внезапно
bum steer,обман
bum's rush,резкий уход
bumble along,медленно продвигаться
bump across,наткнуться
bump and grind,тереться
bump and jump,толчок и прыжок
bump down,сдвинуть вниз
bump in the road,препятствие
bump into,столкнуться
bump off,устранить
bump on,уплотнение
bump up,поднять
bumper crop,обильный урожай
bun fight,схватка
bunch in,внутри
bunch together,собираться вместе
bunch up,сбиваться в кучу
bundle of energy,пакет энергии
bundle of joy,малыш
bundle of laughs,море смеха
bundle of nerves,пучок нервов
bundle off,отвязать
bundle together,объединять вместе
bundle up,утепляться
bundy off,выключить
bundy on,надеть
bung it on,положить туда
bung on,прикрутить
bung out,выдать
bung up,засорить
bunk down,ложиться спать
bunk in,отменить
bunk into,врезаться
bunk off,саботировать
bunk out,спать
bunk together,жить вместе
bunk up,снимать жилье вместе
bunker out,укрыться в бункере
bunker up,укрыться
bunny hop,прыжок зайчиком
bunny hug,объятия как у зайчика
buoy up,поддерживать
buried treasure,зарытый клад
burn a hole in someone's pocket,обжигать карман
burn away,сгорать
burn bread,поджарить хлеб
burn daylight,тратить светлое время дня
burn down,сжечь
burn in,сгореть
burn off,сжечь
burn one down,поджечь
burn one's boats,пересекать реку, сжигая лодки
burn one's bridges,перегораживать мосты
burn one's fingers,потерять деньги
burn out,выгорание
burn rubber,резиновать
burn someone's ears,обжечь уши кому-то
burn the candle at both ends,работать на износ
burn the midnight oil,Работать допоздна
burn the roof,поджечь крышу
burn through,сжигать
burn time,время горения
burn up,сгореть
burning question,насущный вопрос
burr in one's saddle,быть не по себе
burst forth,вырваться
burst in,врываться
burst into,взорваться
burst into tears,всхлипнуть
burst out,взорваться
burst out laughing,разораться смехом
burst someone's bubble,разочаровать кого-то
burst up,взорваться
bury one's head in the sand,зарывать голову в песок
bury the hatchet,забыть обиду
bury the lede,затушевать главное
bus plunge,падение автобуса
bush league,низкопрофессиональный
bush out,расширять
bush telegraph,слухи
business as usual,как обычно
business before pleasure,дело прежде удовольствия
business end,рабочая часть
business girl,деловая женщина
business is business,дело есть дело
busman's holiday,отпуск для рабочих
buss down,отпраздновать
buss it down,отпраздновать
bust a cap,выстрелить
bust a move,двигаться
bust a nut,извергнуть сперму
bust a U,повернуть
bust around,гулять
bust ass,выкладываться на полную
bust chops,хвастаться
bust down,сломать
bust in,рейд
bust into,врываться
bust it down,Разбери это по частям
bust off,снять
bust on,задержать
bust one's balls,напрячься
bust one's butt,выкладываться по полной
bust one's chops,подшучивать над кем-то
bust out,вырваться
bust the dust,убрать пыль
bust up,разбить
busted flush,безнадёжная ситуация
busy around,в суете
busy as a bee,занят как пчела
busy as a nailer,занят как пчела
busy work,пустая работа
but for,но для
but for the grace of God,благодаря благодати Божьей
but good,но хорошо
but me no buts,но я не буду возражать
but seriously folks,но серьезно, друзья
but who's counting,но кому это важно
butch up,притворяться крутым
butcher's bill,счет мясника
butcher's thumb,ушиб большого пальца
butt heads,спорить
butt in,вмешиваться
butt out,не вмешивайся
butt up,прижиматься
butter down,смягчать
butter face,некрасивое лицо
butter one's bread on both sides,наварить суп на все случаи жизни
butter out,смазать маслом
butter the cony,масло
butter up,подлизываться
butter won't melt in someone's mouth,у кого-то во рту масло не растает
butter wouldn't melt in someone's mouth,быть очень вежливым и приятным
butterfly upon a wheel,бабочка на колесе
button nose,пугоносый
button one's lip,сжимать губы
button pusher,нажиматель кнопки
button through,пройти через
button up,застегнуть
buy a dog and bark oneself,купить собаку и лаять самому
buy a ticket to,купить билет на
buy and hold,купи и держи
buy back,выкупать
buy down,снизить цену
buy in,покупать
buy into,инвестировать
buy it,купите это
buy nice or buy twice,лучше купить хороший товар, чем купить д…
buy off,подкупить
buy off on,подкупить
buy out,выкупить
buy out from under,подставить
buy over,покупать больше
buy straw hats in winter,покупать соломенные шляпы зимой
buy the farm,умереть
buy the rights,купить права
buy the rumor,покупать на слухах
buy the same horse twice,купить одного и того же коня дважды
buy time,выигрывать время
buy to let,покупка для сдачи в аренду
buy up,покупать оптом
buy yourself a hat,купи себе шляпу
buyer beware,покупатель, будь осторожен
buzz about,шум вокруг
buzz in,жужжать
buzz off,отвали
buzz up,поднять в топ
buzzin' dozen,дюжина
by a hair's breadth,в одну волосок
by a landslide,с подавляющим большинством
by a long chalk,значительно
by a long shot,далеко не
by a long way,значительно
by a time,вовремя
by a whisker,впритык
by accident,случайно
by all accounts,по всем данным
by all appearances,по всем признакам
by all means,во всяком случае
by all reports,по всем сообщениям
by an eyelash,на ребро ножа
by and large,в целом
by any chance,возможно
by any means,любыми способами
by any measure,по любому показателю
by any stretch,ни при каких обстоятельствах
by any stretch of the imagination,ни в коем случае
by blood,по крови
by chalks,мелом
by chance,случайно
by cock,на рассвете
by cock and pie,клянусь петухом и пирогом
by committee,по решению комитета
by comparison,по сравнению
by contrast,напротив
by crumbs,крошками
by crums,от крошек
by day,днём
by default,по умолчанию
by definition,по определению
by degrees,постепенно
by design,по замыслу
by dint of,благодаря
by ear,на слух
by extension,в расширенном смысле
by eye,на глаз
by fair means or foul,любыми способами
by far,безусловно
by far and away,безусловно
by foot,пешком
by George,от Джорджа
by God,Боже мой
by guess or by gosh,наугад
by gum,черт возьми
by gummy,из жевательной резинки
by half,вдвое
by halves,пополам
by hand,вручную
by heart,назубок
by hell,к черту
by hook and by crook,любыми способами
by hook or by crook,любыми способами
by hook or crook,любыми способами
by inches,по сантиметрам
by leaps and starts,скачками и рывками
by little and little,понемногу
by means of,с помощью
by mistake,по ошибке
by name,по имени
by nature,по природе
by night,ночью
by no manner of means,ни в коем случае
by no means,ни в коем случае
by no stretch,ни в коем случае
by no stretch of imagination,вообще ни в коем случае
by no stretch of the imagination,ни в коем случае
by numbers,по номерам
by one's lights,по совести
by one's lonesome,в одиночестве
by one's own hand,своими руками
by owner,от собственника
by rail,по железной дороге
by reason of,в связи с
by return mail,обратно почтой
by return of post,почтовым отправлением
by right,по праву
by right of,по праву
by rights,по праву
by sail,под парусом
by sight,на глаз
by some distance,с большим отрывом
by starts and leaps,скачками и рывками
by steam,паром
by the book,по правилам
by the bye,кстати
by the day,посуточно
by the ears,за уши
by the eye,глазом
by the Grace of Allah,Благодатью Аллаха
by the Grace of God,Благодатью Божьей
by the holy poker,честное слово
by the immortal powers,бессмертными силами
by the job,по найму
by the lay,по мнению обывателя
by the minute,из минуты в минуту
by the moment,в тот момент
by the name of,по имени
by the numbers,пошагово
by the piece,поштучно
by the rood,ради дерева
by the same token,в то же время
by the score,множеством
by the skin of one's teeth,чуть не погибнуть
by the sound of it,по слухам
by the strong hand,сильной рукой
by the ton,по тонне
by the way,кстати
by the way of,путем
by trade,по профессии
by turns,по очереди
by vice of,из-за недостатка
by virtue of,благодаря
by way of,через
by way of example,в качестве примера
by wire,по проводам
by your leave,пожалуйста
c'est la vie,такова жизнь
cable up,подключить кабелем
cack on,крякать
cack up,громко смеяться
Cadillac problem,Проблема с Cadillac
Caesar's wife must be above suspicion,Жена Цезаря должна быть безупречной
caf up,кафетерий
caffeine up,поднять уровень кофеина
cake and gingerbread,торт и имбирное печенье
cake crumbs,крошки от торта
cake up,наносить макияж
cake walk,легко
cakes and ale,пироги и пиво
calculate out,вычислить
Cali or bust,Или Кали, или провал
call a lid,накрыть крышкой
call a shovel a shovel,называть вещи своими именами
call a spade a spade,называть вещи своими именами
call ahead,заранее позвонить
call an ambulance,вызвать скорую помощь
call an audible,отдать голосовую команду
call around,позвонить по телефону
call away,отзывать
call back,перезвонить
call down,призывать
call for,призыв
call forth,призывать
call in,вызвать
call it,назовите это
call it a day,закончить работу
call it a night,Спокойной ночи
call it an early night,завершить вечер пораньше
call it as one sees it,Как видишь, так и говоришь
call it quits,закончить
call it stumps,Закончили
call off,отменить
call off the dogs,отменить погоню
call on,обращаться
call out,называть
call over,позвать
call roll,перекличка
call round,зайти в гости
call someone's bluff,проверить на прочность
call someone's number,позвонить по номеру телефона
call the ball,назвать мяч
call the fire brigade,вызвать пожарную службу
call the fire department,вызвать пожарную службу
call the police,вызвать полицию
call the shots,принимать решения
call time on something,завершить что-либо
call to,звонок
call to account,ответственность
call to the bar,призыв к действию
call together,созвать
call up,позвонить
call upon,обращаться
calm before the storm,тишина перед бурей
calm down,Успокойтесь
calm the farm,успокоить обстановку
calm your farm,Успокойся
cam out,выйти из шкафа
camel's nose,нос верблюда
cammy up,подняться вверх
camo up,маскироваться
camp as a row of tents,лагерь в виде ряда палаток
camp down,разбить лагерь
camp it up,преувеличивать
camp out,разбить лагерь
camp out on,разбить лагерь на
can a duck,может ли утка
can a duck swim,может ли утка плавать
can of corn,консервированная кукуруза
can of worms,банка Пандоры
can we say,можем ли мы сказать
can you not,не можешь
can't be arsed,не хочу
can't complain,не могу жаловаться
can't do right for doing wrong,не можешь сделать ничего хорошего, всегд…
can't get enough,не могу наесться
can't help,не могу помочь
can't keep one's eyes off somebody,не могу отвести взгляд от кого-то
can't keep one's eyes off something,не могу отвести взгляд от чего-либо
can't lie,не могу врать
can't stand,не могу выносить
can't stand the sight of,не могу выносить вид
can't take one's eyes off somebody,не могу отвести взгляд от кого-то
can't take one's eyes off something,не могу оторвать взгляд
can't wait,не могу дождаться
canary fit,подходит по размеру
canary in a coal mine,индикатор опасности
cancel out,компенсировать
cancel someone's Christmas,испортить кому-то Рождество
candle in the wind,свеча на ветру
cannot away with,нельзя отделаться
cannot make it,не могу прийти
cap in hand,с протянутой рукой
cap it all off,подвести итог
cap it off,завершить
cap off,закрыть крышкой
cap on,крышка
cap over the windmill,крышка ветряной мельницы
cap up,закрыть крышку
captain's pick,выбор капитана
carb up,увеличить потребление углеводов
carbon burning,сжигание углерода
carbonated water,газированная вода
card of ten,десятка
care a button,забота о кнопке
care a jackstraw,быть небрежным
care a whit,быть не в курсе
care for,заботиться
care killed a cat,Чрезмерная забота может навредить
care killed the cat,Чрезмерная забота убивает кошку
care of,забота о
care package,посылка с подарками
careful what you wish for,Берегитесь того, чего желаете
carpe diem,наслаждайся моментом
carriage forward,вперед
carriage trade,высокий класс
carried away,унесенный
carrot and stick,кнут и пряник
carry a torch,нести факел
carry away,уносить
carry coals to Newcastle,носить воду решетом
carry forward,переносить
carry me out,вынесите меня
carry off,унести
carry on,продолжать
carry one's weight,нести свою долю ответственности
carry oneself,вести себя
carry out,выполнять
carry over,переносить
carry someone's water,поддерживать кого-то
carry the ball,передавать мяч
carry the can,нести ответственность
carry the mail,доставлять почту
carry the message to Garcia,передать сообщение Гарсии
carry through,выполнить
carry up,поднимать
carry water for,носить воду
cart away,увезти
cart off,увозить
carve out,выделять
carve up,разрезать
carved in stone,высеченный в камне
case closed,дело закрыто
case out,проверить
case the joint,зафиксировать соединение
case up,упаковать
cash for crash,деньги за аварию
cash in,получить деньги
cash in one's chips,сходить со сцены
cash is king,Наличные - это царь
cash on the barrelhead,наличными сразу
cash out,вывести деньги
cash up,закрыть кассу
cashed up,с деньгами
cast a chill,охладить
cast a shadow,отбрасывать тень
cast about,осматриваться
cast around,осматриваться
cast aside,отбросить
cast aspersions,бросать тень сомнения
cast away,бросить
cast back,отбрасывать назад
cast down,свергнуть
cast in concrete,залитый бетоном
cast in someone's teeth,пломба
cast loose,отпустить
cast of thousands,массовка
cast off,сбросить
cast on,набрасывать
cast one's bread upon the waters,бросать хлеб в воду
cast one's mind back,вспомнить
cast one's net wide,расширять круг поиска
cast one's vote,отдать свой голос
cast out,изгнать
cast over,набросить
cast pearls before swine,бросать жемчуг перед свиньями
cast round,бросить взгляд вокруг
cast snowballs,бросать снежки
cast the first stone,бросить первый камень
cast up,вызвать рвоту
cast up one's accounts,вести учёт
castle in the air,замок на песке
cat and dog life,жизнь кошки и собаки
cat around,гулять
cat got someone's tongue,кто-то проглотил язык
cat in the meal-tub,кот в миске с едой
cat in the sack,кот в мешке
cat piss,моча кошки
cat that ate the canary,кот, съевший канарейку
cat's cradle,классики
cat's meow,отлично
catbird seat,выигрышная позиция
catch a body,поймать тело
catch a break,передохнуть
catch a case,поймать
catch a cold,подхватить простуду
catch a date,назначить свидание
catch a fade,получить оплеуху
catch a falling knife,пытаться поймать падающий нож
catch a packet,поймать пакет
catch a stray,поймать бездомное животное
catch a wave,поймать волну
catch air,ловить воздух
catch as catch can,как получится
catch big air,совершать высокие прыжки
catch dust,собирать пыль
catch feelings,влюбиться
catch fire,воспламениться
catch flies,ловить мух
catch hands,хватать руками
catch heat,получать критику
catch hell,получить нагоняй
catch it,поймай это
catch napping,ловить во время сна
catch no ball,не поймать мяч
catch no balls,не париться
catch of the day,улов дня
catch on,понять
catch one's breath,перевести дыхание
catch one's death,подхватить простуду
catch oneself on,осознать
catch out,выявлять
catch red-handed,поймать с поличным
catch sight of,заметить
catch some rays,загорать
catch some z's,поспать
catch someone napping,застать врасплох
catch someone's drift,понять суть
catch someone's eye,привлекать внимание
catch the eye,привлекать внимание
catch the sun,ловить солнечные лучи
catch up,наверстать упущенное
catch wind of something,услышать о чем-то
catch you later,до встречи
catch you on the flip side,до скорой встречи
cattle call,массовый отбор
cattle up,скот
caucus race,бег в мешках
caught between two stools,между двух стульев
caught short,застигнутый врасплох
caught up,задержался
caught with one's pants down,быть застигнутым врасплох
caulk off,заделать швом
cause a stir,вызвать переполох
cause and effect,причина и следствие
caution - slippery when wet,осторожно скользко при намокании
cautionary tale,предостерегающая история
cave in,обрушение
cave out,выдолбить
caveat emptor,пусть покупатель сам следит
caveat lector,читатель, будь осторожен
caviar to the general,икра генералу
cede the field,уступить место
cell up,зарядить телефон
Celtic curse,Кельтское проклятие
cement together,соединять
center field,центр поля
center part,центральная часть
Centrelink time,Время работы Centrelink
cerebrally challenged,с проблемами в развитии
chacun a son gout,У каждого свой вкус
chain up,приковать
chair up,поднимите стул
chalk against,мел против
chalk and cheese,как небо и земля
chalk and talk,лекция
chalk down,записать
chalk it down,записать
chalk off,вычеркнуть
chalk out,наметить
chalk something up to experience,считать это опытом
chalk talk,беседа у доски
chalk up,записать
chalk up to,приписать
champ down on,сжать зубами
champ up,подбодриться
champagne taste on a beer budget,желания как у богатого, а возможности ка…
chance on,шанс на
chance upon,случайно встретить
chance would be a fine thing,было бы неплохо
chance'd be a fine thing,было бы здорово
chances are,вероятность
change around,переставлять
change collars,менять воротники
change down,уменьшить
change hands,перейти во владение
change horses in midstream,менять лошадей на полпути
change of clothes,смена одежды
change of heart,перемена в чувствах
change of life,период перемен
change of pace,смена темпа
change of scenery,смена обстановки
change of tack,смена тактики
change one's battery,заменить батарею
change one's mind,передумать
change one's story,изменить свою версию событий
change one's tune,изменить мнение
change out,заменить
change over,переход
change someone's mind,изменить чье-либо мнение
change the channel,переключить канал
change the game,изменить игру
change up,изменить
change with the times,изменяться вместе со временем
chaotic neutral,хаотически нейтральный
Chap laps,губы
chapter out,глава опубликована
char up,увеличить
character assassination,дискредитация
charge down,броситься вниз
charge off,списать со счета
charge up,зарядить
charity begins at home,благотворительность начинается с дома
charity mugger,благотворительный вымогатель
charley horse,судорога
charm offensive,очаровательная кампания
charm the birds from the trees,завораживать
charm up,очаровать
charmed life,счастливая жизнь
chase a rainbow,ловить радугу
chase after,преследовать
chase away,отгонять
chase down,преследовать
chase off,отогнать
chase one's tail,гоняться за своим хвостом
chase rainbows,ловить радугу
chase tail,заигрывать
chase the ace,погоня за тузом
chase the dragon,гоняться за иллюзией
chase up,догонять
chat away,болтать без умолку
chat up,флиртовать
chaw up,жевать
che sara sara,что будет, то будет
che sera sera,что будет, то будет
cheap and cheerful,дешёвый и практичный
cheap at half the price,дешево даже за полцены
cheap drunk,дешевый алкоголь
cheap out,экономить
cheap thrill,дешевое удовольствие
cheap-arse Tuesday,дешёвый вторник
cheapen out,экономить
cheaper by the dozen,дешевле десятками
cheat on,обманывать
cheat out,обманывать
cheat out of,обмануть и украсть
cheat sheet,шпаргалка
cheaters never prosper,Мошенники никогда не процветают
cheats never prosper,Мошенники никогда не процветают
check and balance,система сдержек и противовесов
check in,регистрация
check in on,узнать о
check in with oneself,проверить себя
check into,заселиться
check is in the mail,че́к отправлен по почте
check off,отметить
check on,проверить
check out,посмотреть
check over,проверить
check the math,проверьте математику
check through,проверить
check up,проверка
check up on,проверить
check you out,осмотреть тебя
check your privilege,проверь свои привилегии
check yourself before you wreck yourself,Проверь себя, прежде чем испортить себе …
checks play,шахматные партии
checkup from the neck up,осмотр верхней части тела
cheek by jowl,бок о бок
cheek for chowl,щека за еду
cheek it out,посмотри
cheek it through,проверить
cheek up,поднять щеку
cheek up to,подходить вплотную
cheeky monkey,озорная обезьянка
cheer on,болеть за
cheer up,веселись
cheers my dears,здравствуйте мои дорогие
cheese down,снизить цену
cheese it,уходи
cheese off,отключить
cheese out,выпендриваться
cheese tax,налог на сыр
cheese up,сделать более привлекательным
cheesed off,раздраженный
chef up,готовить
chemically imbalanced,химический дисбаланс
chemically impaired,химически опьяненный
chemically inconvenienced,химически раздражён
cherry on top,вишенка на торте
chess piece,шахматная фигура
chest down,грудь вниз
chest up,от груди и выше
chesterfield rugby,честерфилд, регби
chew off,грызть
chew on,жевать
chew out,ругать
chew over,обдумывать
chew the cud,размышлять
chew the scenery,играть на публику
chew up,жевать
chick with a dick,девушка с пенисом
chicken feed,корм для птицы
Chicken Licken,Курочка Ряба
chicken out,испугаться
chicken scratch,неразборчивый почерк
chicks before dicks,Сначала забота о детях, а потом о мужчин…
child's play,детская игра
chill it with,будь добрее
chill out,расслабиться
chill to the bone,до костей продрогший
chillin' like a villain,отдыхаю как злодей
chilly climate,холодный климат
chime in,высказаться
chime up,звенеть
chimney's afire,Труба горит
chimp out,выпасть из-под контроля
chin up,подбородьем вверх
China syndrome,Синдром Китая
China's final warning,Окончательное предупреждение Китая
Chinaman on one's back,Чувство вины
Chinaman's chance,Крайне маловероятно
Chinese compliment,Китайский комплимент
Chinese green,Китайский зелёный
Chinese overtime,Китайский сверхурочный труд
Chinese puzzle,Китайская головоломка
Chinese Wall,Китайская стена
Chinese water torture,Китайские муки
chink in the armor,слабое место
chink up,заделать щель
chip and charge,чип и зарядка
chip at,подпиливать
chip away,постепенно разрушать
chip in,вносить вклад
chip into,вклиниваться
chip off the old block,как две капли воды
chip on one's shoulder,заносчивость
chip shot,короткий удар
chip up,подбадривать
chipper up,подбодрить
chirk up,подбодрить
chisel in,вдавливать
chisel out,вырезать
chisel up,вырезать
chocolate teapot,шоколадный чайник
choke back,сдерживать кашель
choke down,заглушить
choke off,перекрыть
choke on,задыхаться от
choke out,задушить
choke the chicken,задушить курицу
choke up,задыхаться
chomp at the bit,нетерпеливо ждать
chomp down on,грызть
chonk up,набрать вес
choose one's fighter,выбрать бойца
choose out,выбирать
choose up,выбирать
choose violence,выбирать насилие
chop and change,изменять и менять
chop and drop,рубить и бросать
chop down,рубить
chop it up,нарезать
chop off,отрезать
chop out,вырубать
chop up,нарезать
chopped liver,неинтересный
chow down,есть
Christmas came early,Рождество наступило раньше
Christmas come early,Рождество наступило раньше
Christmas comes but once a year,Рождество наступает только раз в год
Christmas comes early,Рождество наступает раньше
Christmas graduate,Выпускник, окончивший школу на Рождество
Christmas is coming,Рождество приближается
Christmas tree bill,Счёт за рождественскую ёлку
chrome dome,лысая голова
chrome horn,хромированный рог
chub up,поправиться
chuck away,выбрасывать
chuck down,бросить вниз
chuck in,добавить
chuck it,брось это
chuck it down,бросить вниз
chuck it in,бросьте это
chuck it up,бросить
chuck off,сбросить
chuck out,выбрасывать
chuck over,бросить
chuck up,выплевывать
chug away,работать без перерыва
chum in,включать
chum in the water,рыба-компаньон
chum up,подружиться
chump change,мелочь
chump off,снять
churn and burn,быстро и эффективно
churn out,производить
churn up,взбалтывать
ciao bella,привет красавица
circle back,вернуться к разговору
circle gets the square,круг обводит квадрат
circle in,внутри круга
circle out,обвести
circle the drain,утекать в слив
circle the wagons,объединиться
circle up,собираться в круг
circuit slugger,усилитель мощности
circular file,корзина для бумаг
circular firing squad,круг перестрелки
citation needed,требуется ссылка
civil tongue,вежливый язык
clabber up,свернуться
claim someone's life,забрать жизнь
claim to fame,известность
clam up,замолчать
clamp down on,ужесточить контроль
clamp off,зажать
clap back,ответить
clap eyes on,увидеть
clap in,хлопнуть
clap on,хлопнуть
clap one's hands red,хлопать в ладоши до покраснения
clap out,выходить из строя
clap together,хлопать вместе
clap up,хлопать
clash of the ash,столкновение пепла
class clown,клоун
class up,повышение класса
claw away,сдирать
claw back,вернуть назад
claw off,сдирать
clay up,замазывать глиной
clean as a bean,чистый как слеза
clean as a hound's tooth,чистый как слеза
clean as a whistle,чистый как слеза
clean break,полный разрыв
clean down,убрать
clean hands,чистые руки
clean money,легальные деньги
clean off,убрать
clean out,вычистить
clean someone's clock,обыграть
clean up,убирать
clean up after,убирать после
clean up one's act,исправиться
cleanliness is next to godliness,Чистота - залог здоровья
cleanup in aisle,уборка в проходе
cleanup on aisle,уборка в проходе
clear away,убрать
clear blue water,чистая голубая вода
clear cut,однозначный
clear off,убрать
clear one's lines,очистить линию
clear out,очистить
clear somebody's name,оправдать чью-либо репутацию
clear the air,развеять сомнения
clear the table,убрать со стола
clear up,уточнить
clew down,уменьшить
clew up,распутать
click for,нажмите для
click into gear,переключиться на передачу
click of the fingers,щелчок пальцами
click off,выключить
click through,просмотреть
clicks and bricks,онлайн и офлайн
climb down,спускаться
climb into,залезть внутрь
climb the ladder,подняться по лестнице
climb the walls,беситься
climb up,подниматься
cling on,цепляться
cling to,цепляться
clinically dead,клинически мертвый
clip in,защелкнуть
clip it,обрезать
clip someone's wings,обрезать крылья
clip strip,клип-стрип
clock down,останавливать время
clock in,отмечаться на работе
clock is running,часы идут
clock is ticking,Время идет
clock off,отработать смену
clock on,приходить на работу
clock onto,понимать
clock out,отметиться при выходе
clock the tea,заварить чай
clock up,накапливать
clog up,засорять
clogs to clogs in three generations,от бедности к бедности в три поколения
close at hand,рядом
close but no cigar,почти получилось, но не совсем
close by,рядом
close down,закрыть
close enough for government work,достаточно хорошо для государственных ну…
close in,приближаться
close in on,приближаться
close in upon,сближаться
close off,закрыть
close on the heels of,незамедлительно после
close one eye,прищурить один глаз
close one's eyes,закрывать глаза
close one's mind,закрывать свой разум
close only counts in horseshoes,В покере важна не только близость к цели
close out,закрыть
close round,круглый
close season,сезон закрытия
close the book on,закрыть книгу
close the books,закрыть книги
close the face,закрыть лицо
close to,близко к
close to home,близко к дому
close to one's heart,близко к сердцу
close up,крупный план
close with,закрыть
closed book,закрытая книга
closely held,строго охраняемый
closet case,самый сложный случай
clothes don't make the man,Одежда не делает человека
clothes make the man,Одежда украшает человека
clothes maketh the man,Одежда украшает человека
clothespin vote,прищепка голосование
cloud nine,на седьмом небе от счастья
cloud over,облако
cloud seven,на седьмом небе
cloud up,затемниться
clout list,список влиятельных людей
clout on,влияние на
clown about,шутить
clown around,шалить
clown college,цирковая школа
clown on,надеть клоунский костюм
clown school,школа клоунов
club out,выбивать
club together,собираться вместе
clue in,подсказать
clue stick,палка для кёрлинга
clue up,узнать
clump up,Слеживаться
clutch artist,талантливый игрок
clutter up,засорять
coach up,подготовить
coals to Newcastle,носить воду в реку
coat up,утеплять
cobber up,замаскировать
cobble together,собирать по частям
cobble up,собирать кое-как
cock a snook,поддразнивать
cock cheese,сыр из молока петуха
cock in a frock,петух в юбке
cock in the henhouse,петух в курятнике
cock it over,перевернуть
cock of the roost,главарь
cock of the walk,главарь
cock off,отключить
cock on,надеть
cock one's toes,поджать пальцы ног
cock up,напутать
cock-and-bull story,небылица
cocker up,поднять вверх
code up,написать код
coffee money,деньги на кофе
coffee talk,беседы за чашкой кофе
coffee up,кофе
cog fog,туманный разум
coil up,сворачивать
coke dick,кокаин
Colbert bump,Эффект Кольбера
cold as ice,холодный как лёд
cold cash,наличные деньги
cold chills,озноб
cold comfort,мнимое утешение
cold day in Hell,холодный день в аду
cold fish,холодный человек
cold hand,холодная рука
cold hard cash,наличные деньги
cold one,холодный напиток
cold shoulder,игнорировать
cold snap,морозы
cold treatment,холодное отношение
cold turkey,резко прекратить
collar up,поднять воротник
collect dust,собирать пыль
collect one's thoughts,собрать мысли
collect up,собирать
collectively exhaustive,полностью исчерпывающий
color in,раскрасить
color me,раскрась меня
color up,раскрасить
colour in,раскрасить
colour up,раскрасить
comb down,расческа с зубцами
comb out,расчесывать
comb over,пробор
comb through,прочесывать
come a cropper,потерпеть неудачу
come a long way,пройти долгий путь
come about,произойти
come across,встретить
come across with,встретить
come after,следовать за
come again,повторите
come alive,ожить
come along,пошлите
come and go,приходить и уходить
come apart,развалиться
come apart at the seams,распадаться на части
come around,зайти
come as a surprise,стать неожиданностью
come at,приходить
come away,уйти
come back,вернуться
come back from the dead,воскреснуть
come before,предшествовать
come between,стоять между
come by,зайти
come clean,признаться
come down,спускаться
come down in stair rods,спускаться по лестнице
come down in the last shower,вышел под последним дождем
come down on,критиковать
come down to,сводиться к
come down to earth,вернуться к реальности
come down to us,перешёл к нам
come down upon,нападать
come down with,заболеть
come first,быть первым
come for,приходить
come forth,появляться
come forward,выдвинуться вперед
come from,быть из
come from a Cracker Jack box,выпал из коробки с Cracker Jack
come from a good place,быть хорошим человеком
come from behind,догнать и обогнать
come from below,идти снизу
come full circle,вернуться к началу
come hell or high water,что бы ни случилось
come here to me,Подойди ко мне
come home by weeping cross,вернуться домой, плача и перекрещиваясь
come home to roost,наказать за прошлые грехи
come in,входите
come in for,посетить
come in from the cold,войти из холода
come in handy,полезно
come in hot,войди горячим
come into,войти
come into being,возникать
come into effect,вступать в силу
come into force,вступать в силу
come into its own,раскрыть свой потенциал
come into one's own,раскрыть свой потенциал
come into play,вступать в игру
come into the world,появиться на свет
come into view,появляться на горизонте
come knocking,стучать
come of,получиться
come of age,взросление
come off,отклеиться
come off it,Хватит
come on,Давай
come on in,Входите
come on over,Заходи к нам
come on strong,наступать сильно
come on to,подходи к
come online,войти в сеть
come onto,подходить
come out,появляться
come out in,появляться в
come out in the wash,выяснится
come out of one's shell,выйти из своей скорлупы
come out of the broom closet,выйти из тени
come out of the closet,выйти из тени
come out of the woodwork,вылезать из всех щелей
come out swinging,начинать активно
come out with,выпускать
come over,зайти
come right,сразу же
come round,зайти
come the acid,приходите к кислоте
come the old soldier,приходите, старый солдат
come thick and fast,быстро и непрерывно
come through,преодолеть
come to,приходить
come to a close,заканчиваться
come to a halt,остановиться
come to a head,дойти до кульминации
come to a sticky end,закончиться плохо
come to an end,закончиться
come to blows,поссориться
come to find out,оказалось
come to fruition,осуществиться
come to grief,потерпеть неудачу
come to grips with,примириться с
come to Jesus,покаяться
come to life,ожить
come to light,выявиться
come to mention it,если честно
come to mind,вспоминать
come to nothing,ни к чему не привело
come to nought,не принести пользы
come to one's senses,опомниться
come to oneself,очнуться
come to papa,иди к папе
come to pass,случиться
come to power,прийти к власти
come to someone's aid,помочь кому-то
come to someone's rescue,прийти на помощь
come to terms,примириться
come to terms with,примириться с
come to the fore,выходить на первый план
come to think of it,если подумать
come to time,прийти в себя
come together,собираться вместе
come true,сбыться
come under,подпадать под
come under fire,попасть под огонь
come under pressure,попадать под давление
come unhinged,сойти с ума
come unstuck,отклеиться
come up,появляться
come up against,столкнуться с
come up and bite,подходи и кусай
come up from behind,подкрасться сзади
come up roses,расцветать как розы
come up to,подходить
come up with,придумать
come up with snake eyes,выдать дубль
come up with the goods,сделать то, что нужно
come upon,наткнуться
come upon the parish,попасть в приход
come upon the town,попасть в город
come what may,что бы ни случилось
come with,идти вместе
come with it,пошли с нами
come with the territory,неизбежно
comedy equals tragedy plus time,комедия равна трагедии плюс время
comedy gold,золотая комедия
comedy of errors,комедия ошибок
comfort girl,девушка для развлечений
comfort woman,женщина-комфорт
comfort zone,зона комфорта
comfortable in one's own skin,чувствовать себя комфортно в своей шкуре
comfortably off,обеспеченный
coming and going,приход и уход
coming into the world,появление на свет
coming right up,сейчас же
command performance,выступление по приказу
comme moi,как и я
comment out,закомментировать
common ground,общие интересы
common or garden variety,обычный
common purse,общий кошелек
common run,обычный бег
common touch,простота
company town,город шахтёров
compare and despair,сравнивать и отчаиваться
compare notes,сопоставить записи
comparison is the thief of joy,Сравнение крадет радость
compass out,вывести на карту
complete and utter,полный и абсолютный
completely and utterly,полностью и абсолютно
completely metrizable,полностью метризуемое
compliments of the house,от заведения
computationally secure,вычислительно стойкий
computer says no,компьютер говорит нет
conclusively presumed,предполагается окончательно
concrete jungle,бетонные джунгли
condemn to,осудить
condescend upon,снисходительно относиться к
cone off,отгородить конусами
confide in,доверять
conflict out,разрешить конфликт
confront one's demons,бороться со своими демонами
conjure up,вызвать
conk off,отключиться
conk out,засыпать
connect the dots,соединить точки
connect up,подключить
connecting rod,шатун
conscience money,деньги совести
conscious and oriented,в сознании и ориентирован
consenting adult,совершеннолетний, дающий согласие
conservatively correct,консервативно правильно
consider it done,сделано
considering cap,учитывая лимит
considering that,учитывая что
consist in,состоять в
consist of,состоять из
conspicuous by one's absence,бросается в глаза отсутствием
cont p.94,продолжение стр. 94
cont p94,продолжение, стр. 94
cont. p.94,продолжение, стр. 94
cont. p94,продолжение, стр. 94
contain multitudes,содержать в себе множество
contend with,справляться с
continued on page 94,продолжение на 94 странице
continued page 94,продолжение, страница 94
contract in,вступать в контракт
contract out,передавать на аутсорсинг
contract out of,выйти из договора
contrary to,вопреки
contrary to popular belief,вопреки распространенному мнению
cook back,готовить обратно
cook off,конкурс кулинаров
cook out,приготовить на гриле
cook someone's goose,испортить кому-то планы
cook the books,подделать документы
cook through,прожариться до готовности
cook up,придумывать
cook up a storm,готовить на полную катушку
cooking on gas,приготовление пищи на газе
cooking with gas,готовить на газе
cool cat,крутой парень
cool down,охладиться
cool head,хладнокровие
cool heads must prevail,должны сохранять спокойствие
cool heads prevail,Сохраняют спокойствие
cool heads will prevail,Сохранят спокойствие и примут правильное…
cool off,охладиться
cool one's heels,бездельничать
cool one's jets,успокоиться
cool out,расслабься
cooler heads must prevail,нужно сохранять спокойствие
cooler heads prevail,приходит здравое решение
cooler heads prevailed,пришло время здравомыслия
cooler heads will prevail,здравый смысл восторжествует
coon's age,возраст енота
coop in,включаться
coop up,запереть
cop off,снять
cop off with,украсть
cop on,задержать
cop one's whack,почувствовать себя плохо
cop oneself on,похлопывать себя
cop onto,понять
cop out,увиливать
cope and seethe,справляйся и кипишуй
cope with,справляться с
copper chopper,медный нож
copy down,переписывать
copy out,переписывать
corbel out,выступ
cordon off,оградить
cork off,откупорить
cork out,вытащить пробку
cork up,закупорить
corner the market,монополизировать рынок
corner up,угол вверх
corporate ladder,корпоративная лестница
corporate welfare bum,паразит, живущий за счет корпоративных д…
corporation pop,корпоративная поп-музыка
correct me if I'm wrong,исправь меня, если я не прав
cost out,рассчитать стоимость
cost the earth,стоить целое состояние
cost up,удорожать
cosy along,уютно расположиться
cosy up,уютно устроиться
cosy up to,приближаться к
cotton on,понять
cotton on to,понять
cotton onto,понять
cotton to,хлопок
couch down,присесть
couch potato,домосед
couch up,выкладывать
cough down,закашляться
cough out,выплюнуть
cough over,кашлять над
cough up,отдавать
could go all day,мог бы говорить целый день
could have fooled me,мог бы меня обмануть
could hear a pin drop,Можно было услышать, как падает булавка
could I get the bill,Можно счет
could not get elected dogcatcher,не смог даже стать ловцом собак
could we get the bill,Мы могли бы получить счет
coulda fooled me,мог бы меня обмануть
couldn't be more different,совершенно разные
couldn't care less,мне все равно
couldn't happen to a nicer,не может случиться ничего плохого с боле…
couldn't organise a chook raffle,не смог(ла) организовать даже лотерею с …
couldn't organise a two-ticket raffle,не смог организовать даже лотерею с двум…
count 'em,посчитайте их
count against,учитываться в минус
count angels on pinheads,считать ангелов на булавках
count down,обратный отсчет
count in,включить в счет
count noses,пересчитать людей
count off,пересчитать
count on,полагаться
count one's blessings,ценить то, что имеешь
count one's days,считать дни
count out,считать
count sheep,считать овец
count to five,считать до пяти
count to ten,считать до десяти
count to three,считать до трёх
count towards,учитываться
count up,считать
count upon,полагаться на
countably additive,счётный аддитивный
countably infinite,обезличенно бесконечный
country mile,большое расстояние
couple up,сойтись
courage of one's convictions,храбрость убеждений
court of public opinion,общественное мнение
covenant of salt,завет соли
cover one's bases,подстраховываться
cover one's feet,прикрыть ноги
cover someone's ass,прикрывать спину
cover up,скрыть
cow juice,молоко
cowboy killer,убийца ковбоев
cowboy shower,душ в стиле ковбоя
cowboy up,собираться с духом
cowgirl position,поза ковбойшицы
Cox and Box,Кокс и Бокс
cozy up,уютно устроиться
cozy up to,приближаться к
crab mentality,комплекс неполноценности
crack a crust,хрустеть корочкой
crack a fat,расколоть толстый
crack a smile,улыбнуться
crack along,по наклонной
crack down,ужесточать
crack hardy,крепкий
crack kills,наркотики убивают
crack of dawn,рассвет
crack off,отламываться
crack on,подкалывать
crack one off,выпить глоток
crack onto,флиртовать
crack out,ломаться
crack through,пробиться
crack up,раскалываться
cradle robber,изнасилование
cradle snatcher,похититель жен
cram together,напихать
cramp someone's style,мешать самовыражению
cramp up,спазмы
crank off,завести двигатель
crank one out,сделать
crank one's hog,крутить педали
crank out,выпускать
crank the handle,повернуть ручку
crank up,заводить
crap around,ерунда
crap on,обливать грязью
crap out,сломаться
crap up,засорять
crash course,интенсивный курс
crash dive,резкое погружение
crash in,авария
crash out,выбыть
crawl before one walks,сначала ползать, потом ходить
crawl into a hole,залезть в нору
crawl over each other,переползать друг через друга
crawl with,ползать с
crazy enough to work,достаточно безумно чтобы сработать
crazy up,подстрекать
cream in one's coffee,сливки в кофе
cream in one's jeans,подошва джинсов стерлась
cream of the crop,лучшее из лучших
cream off,отделять сливки
cream the crop,отбирать лучших
cream up,наносить крем
crease up,смеяться до слез
creature comfort,бытовые удобства
creature feature,особенность существа
creature of habit,любитель привычек
creature of statute,юридическое лицо
creature of the night,ночное существо
credit where credit's due,Признавать заслуги
creep in,проникать
creep on,подсматривать
creep out,пугать
creep up,подкрадываться
creep up on,подкрадываться
creepy weepy,жуткий плачущий
crescent spanner,рожковый ключ
crew up,собираться
crime doesn't pay,преступление не окупается
Crimea river,Река в Крыму
Crip out,Выходить из тюрьмы
crip up,украсить
criss-cross applesauce,сидя на корточках с переплетенными ногам…
crit out,критиковать
critically damped,Критически демпфированный
crock of gold,горшок золота
crock off,обмануть
crock up,испортить
crocodile tear,крокодиловы слёзы
crony capitalism,Крупнотная капитализация
crop out,вырезать
crop up,появляться
cross lots,пересекающиеся участки
cross my heart,честное слово
cross of gold,золотой крест
cross off,вычеркнуть
cross one's fingers,скрестить пальцы
cross one's mind,прийти в голову
cross out,вычеркивать
cross over,пересекать
cross paths,пересечься
cross someone's palm,дать взятку
cross someone's path,появиться на пути
cross swords,схватиться на дуэль
cross the aisle,перейти в другой проход
cross the line,перейти черту
cross the Rubicon,перейти реку Рубикон
cross the Thames,перейти Темзу
cross the Tiber,перейти Тибр
cross to bear,тяжёлое бремя
cross to take up,переходить чтобы начать
cross up,путать
crotch down,вниз
crow over,налететь
crow to pick,выбирать ворону
crow to pluck,щипать ворону
crow to pull,тянуть ворону
crowd in,нарождаться
crowd in on,навалиться
crowd out,вытеснять
crowd sail,толпа парус
crowd together,собираться вместе
crowd up,собираться толпой
cruel mistress,жестокая госпожа
cruisin' for a bruisin',рискуешь получить оплеуху
cruising for a bruising,искать неприятности
crum up,сминать
crumb down,крошиться
crumb up,крошиться
crumble up,крошиться
crumple up,сминать
crunch numbers,считать цифры
crush it,разрушить
crush on,влюблённость
crush out,затушить
cry and seethe,плакать и кипеть от злости
cry cupboard,шкаф для платья
cry down,очернять
cry for help,зов крика о помощи
cry foul,обвинять в нечестности
cry harder,плачь громче
cry in one's beer,горевать в одиночестве
cry it out,выплакаться
cry off,отменить
cry on,плакать из-за
cry one's eyes out,плакать навзрыд
cry oneself to sleep,заплакать до сна
cry out,вскрикнуть
cry out for,взывать о
cry over spilt milk,жалеть о прошлом
cry someone a river,жаловаться
cry the blues,плакать от тоски
cry up,хвастаться
cry wolf,кричать волком
crying shame,позор
crystal clear,кристально чистый
crystal dick,кристаллический член
crystally clear,кристально чистый
crème de la crème,сливки общества
cube out,вычислять куб
cuddle up,обниматься
cue in,давать сигнал
cue off,отключить сигнал
cue up,подготовить
cuff out,вывернуть воротник
cuff up,задерживать
culinarily challenged,Не умеет готовить
culminate in,завершиться
culturally appropriative,культурно присваивающий
culture hero,герой-мифолог
cum grano salis,с долей юмора
cup of joe,кофе
cup of tea,чашка чая
curate's egg,яйцо куратора
curb appeal,внешний вид
curb crawler,подставляшка
cure down,увядать
cure up,вылечить
curiosity killed the cat,Любопытство сгубило кошку
curiouser and curiouser,все любопытнее и любопытнее
curl one off,отменить заказ
curl one out,сделать кудри
curl someone's hair,завить волосы
curl up,свернуться калачиком
curls for the girls,локоны для девушек
curry favor,заслуживать расположение
curse out,ругаться
curtain off,снять занавес
cushion for the pushin',амортизация
cuss out,ругаться
cut a dash,производить впечатление
cut a deal,договориться
cut a figure,производить впечатление
cut a rug,танцевать
cut a swath,прорубать путь
cut a wide swath,прорубать себе путь
cut about,около
cut above,выше среднего
cut across,пересекать
cut along,резать вдоль
cut and carve,резать и вырезать
cut and dried,готовое решение
cut and thrust,удар и отпор
cut away,отрезать
cut away one's soul,разорвать душу
cut back,сократить
cut bait,отрезать приманку
cut below,обрезать снизу
cut both ways,иметь двойной смысл
cut corners,экономить средства
cut down,срубить
cut down the tall poppy,обрезать высокую макушку
cut down to size,уменьшить в размерах
cut from the same cloth,одного поля ягоды
cut in,вмешиваться
cut into,разрезать
cut it,разрезать
cut it out,Прекрати
cut it up,разрезать
cut loose,отпустить
cut of one's jib,вести себя вызывающе
cut off,отрезать
cut on,отключить
cut one loose,отпустить
cut one's teeth,набраться опыта
cut out,вырезать
cut red tape,упростить бюрократию
cut round,округлая резка
cut someone cold,обидеть кого-то
cut someone dead,убить кого-то
cut someone loose,отпустить кого-то
cut someone some slack,дать кому-то шанс
cut swathes,прорубать проходы
cut the cheese,отпустить газы
cut the cord,разрывать связь
cut the mustard,справляться
cut the pigeon wing,обрезать крыло голубю
cut the umbilical cord,перерезать пуповину
cut through,прорезать
cut to pieces,разрезать на куски
cut to the chase,Перейти к сути
cut under,подрезать снизу
cut up,нарезать
cut up nasty,разрезать на мелкие куски
cut up rough,грубо поступить
cut with a knife and fork,резать ножом и вилкой
cutting edge,передовые технологии
cycle off,отключить цикл
d.c. al coda,да-капо
dab out,промокнуть
dab up,промокнуть
dag out,выкапывать
daily grind,повседневная рутина
dam up,запрудить
damn by association,пострадать из-за связей с кем-то
damn right,чертовски верно
damn straight,чертовски верно
damn the torpedoes,К черту торпеды
damn with faint praise,хвалить через пень-колодец
damp down,подавлять
damp off,гниль
damp squib,провал
dampen down,уменьшать
dampen off,загнить
dance around,увиливать
dance attendance,посещение танцев
dance of the seven veils,Танец семи покрывал
dance on nothing,танцевать на пустом месте
dance on someone's grave,радоваться чьей-то смерти
dance out,танцевать
dance with the devil,танцевать с дьяволом
dandy as candy,прекрасный как конфетка
dandy shandy,Денди Шанди
dandy up,приукрашивать
danger is one's middle name,опасность - его второе имя
danger past and God forgotten,опасность прошлое и забытый Бог
dangle after,висеть после
Daniel come to judgement,Даниил предстанет перед судом
dap up,похлопать по плечу
dark cloud,тёмное облако
dark horse,темная лошадка
dark up,затемнить
darken a church door,затемнить вход в церковь
darken down,затемнить
darken someone's door,зайти в гости
darken up,затемнить
darn tootin',точно
dart about,резвиться
darwaza band,дверь закрыта
darwaza bund,дверь закрыта
Darwin out,Дарвин вышел
das rite,право
dash down,спешиться
dash off,быстро написать
dash on,прочеркнуть
dash someone's hopes,разочаровать кого-то
date back,датировать
date out,сходить на свидание
date up,обновить дату
date with destiny,встреча с судьбой
daughter of Eve,дочь Евы
daughter out,дочь вышла замуж
Davy Jones's locker,морская пучина
dawn of a new day,рассвет нового дня
dawn of time,начало времён
dawn on,рассвет
dawn upon,рассвет
day after day,день за днем
day and age,эпоха
day and night,день и ночь
day at the beach,день на пляже
day in the sun,день под солнцем
day lark,жаворонок
day of days,день
day or night,день или ночь
day out,вылазка
day to day,из дня в день
daylight robbery,грабеж при свете дня
days of yore,давние времена
de die ad diem,из дня в день
de minimis non curat lex,Закон не обращает внимания на мелочи
dead 'n' buried,похоронен и забыт
dead against,категорически против
dead air,тишина
dead and buried,похоронен и забыт
dead asleep,глубоко спящий
dead cat bounce,ложное восстановление
dead center,точно в центре
dead duck,бесперспективный проект
dead end,тупик
dead fish,мертвая рыба
dead giveaway,явный признак
dead heat,ничья
dead inside,мёртв внутри
dead last,последний
dead loss,полная потеря
dead meat,мясо
dead men can tell no tales,Мёртвые не могут ничего рассказать
dead men tell no tales,мертвые люди не рассказывают сказки
dead men's shoes,ботинки умерших людей
dead of night,глубокой ночью
dead of winter,глубина зимы
dead on,точно
dead ringer,двойник
dead silence,полная тишина
dead soldier,солдат
dead to rights,поймал с поличным
dead to the world,без сознания
dead tree edition,печатное издание
deadbeat dad,отсутствующий отец
deadstick landing,посадка без двигателя
deafening silence,оглушительная тишина
deal a bad hand,подставить
deal a good hand,сделать хороший ход
deal a hand,раздать карты
deal in,заниматься торговлей
deal it out,раздавать
deal out,раздавать
deal to,предложение
deal with,справляться
dear diary,дорогой дневник
dear Sir,Уважаемый господин
dear Sir or Madam,Уважаемый господин или уважаемая госпожа
dear Sir/Madam,Уважаемый господин/Уважаемая госпожа
dear sirs,Уважаемые господа
Dear Sirs or Madams,Уважаемые господа
dear to one's heart,близко сердцу
death and taxes,смерть и налоги
death by a thousand paper cuts,смерть от тысячи мелких порезов
death by PowerPoint,смерть от PowerPoint
death is the great leveller,смерть уравнивает всех
death on,смерть от
death rattle,хрип
death warmed up,смерть не приходит один раз
deathbed conversion,покаяние на смертном одре
debris field,поле обломков
December bride,Невеста в декабре
deceptively misdescriptive,вводяще в заблуждение неточное описание
decide on,решить
decide upon,решить
decimal dozen,десятая часть дюжины
deck out,украшать
deck over,настил
deck up,украсить
declare against,выступать против
deep cut,глубокий порез
deep dive,глубокий анализ
deep down,в глубине души
deep six,устранить
deep thinker,глубокий мыслитель
deep water,глубокая вода
deer in the headlights,олень, застигнутый фарами
degrade gracefully,с достоинством уйти
delay no more,не откладывайте больше
Delhi belly,делихийский грипп
delight in,радоваться
deliver on,выполнить обещание
deliver over into,передать
deliver over to,передать
deliver the goods,доставить товар
deliver the message to Garcia,донести сообщение Гарсии
deliver up,передать
deliver up to,доставлять до
Delivered Ex Quay,Доставка непосредственно от причала
Delivered Ex Ship,Доставлено на борт судна
democratic wedding,демократическая свадьба
denial ain't a river in Egypt,Отрицание - это не река в Египте
denial is a river in Egypt,Отрицание - это река в Египте
denial isn't a river in Egypt,Отрицание - это не река в Египте
deny of,отрицать
depart with,уходить с
depends who's asking,зависит от того, кто спрашивает
Derangement Syndrome,Синдром дезорганизации
descend on,спускаться на
descend upon,нападать
desk jockey,офисный работник
desperate times call for desperate measures,В отчаянные времена требуются отчаянные …
desperate times require desperate measures,В отчаянные времена требуются отчаянные …
despite of,несмотря на
despite the fact that,несмотря на то что
detective work,детективная работа
deuces wild,двойки дикие
devil dancing,дьявольский танец
devil in disguise,дьявол в маске
devil in one's eyes,черт в глазах
devil is kissing his wife,дьявол целует свою жену
devil lies in the details,дьявол кроется в деталях
devil take the hindmost,кто не успел, тот опоздал
devil to pay,тяжелые последствия
devil's advocate,адвокат дьявола
devil's beating his wife,дьявол бьет свою жену
devil's luck,чертовская удача
devote to,посвятить
dey play,они играют
dial back,уменьшить
dial down,уменьшать
dial in,войти
dial into,подключиться
dial it in,набрать номер
dial out,вызывать
dial towards,поворачивать в сторону
dial up,подключиться
diamonds are a girl's best friend,бриллианты - лучшие подруги для девушек
diamonds are forever,бриллианты - навсегда
diarrhea of the mouth,болтливость
dice roll,бросок кубика
dice up,нарезать кубиками
dick about,говорить глупости
dick around,бездельничать
dick down,опусти его
dick milk,сперма
dick munch,Сосалка
dick off,отвали
dick out,высунуть член
dick up,поднимать вверх
dicks before chicks,Я не могу этого перевести
dicky up,сломался
dictated but not read,продиктовано но не прочитано
did my back hurt your knife,укололо ли тебя моим ножом в спину
did not bat,не отбивал
did the journal factory explode,взорвался ли завод по производству журна…
diddle for middle,для среднего класса
die a thousand deaths,умереть тысячу смертей
die away,угасать
die back,увядание
die down,утихать
die hard,упорный
die in harness,умереть на работе
die liao,умер
die off,вымирать
die on,умереть от
die on one's arse,умереть от скуки
die on the vine,увядать на лозе
die out,вымереть
die the way one lived,умереть так, как жил
different breed of cat,порода кошек
different drummer,играет в свою дудку
different strokes,У каждого свой вкус
different strokes for different folks,У каждого свои вкусы
differently able,с ограниченными возможностями
differently abled,люди с ограниченными возможностями
dig a hole for oneself,копать себе яму
dig around,рыться
dig deep,копать глубоко
dig down,копать вниз
dig in,копаться
dig in one's heels,упорствовать
dig into,вникать
dig on,копать
dig one's heels in,упорствовать
dig one's own grave,копать себе могилу
dig oneself in a hole,попасть впросак
dig out,выкапывать
dig out of a hole,выкапывать
dig over,перекапывать
dig round,рыть вокруг
dig up,раскопать
dig up dirt,копать грязь
dig yourself,копай сам
digital courage,цифровое мужество
dike out,плотина
dike up,укреплять дамбой
dim and distant,тусклый и отдаленный
dim out,приглушать
dime out,закончиться
dime's worth,на десять центов
diminishing returns,убывающая отдача
dine and dash,уйти не заплатив
dine in,поесть в ресторане
dine on ashes,есть пепел
dine out,пойти в ресторан
dine out on,пообедать вне дома
ding up,звонить
dip a toe into,попробовать
dip into,окунаться
dip one's finger in,окунуть палец
dip one's toe in,попробовать
dip one's wick,погрузить фитиль
dip out,выходить
diplomatic flu,дипломатический грипп
dire straits,тяжелое положение
directly proportional,прямо пропорционально
director of first impressions,директор по первому впечатлению
dirt file,файл конфигурации
dirt sticks,грязь прилипает
dirty down,грязный пух
dirty Gertie,грязная Гертруда
dirty laundry,грязное белье
dirty look,грязный взгляд
dirty money,грязные деньги
dirty pool,грязный бассейн
Dirty Thirties,Трудные тридцать
dirty up,запачкать
dirty word,нецензурное слово
dirty work,грязная работа
disagree with,не согласен с
Disgusted of Tunbridge Wells,Разочарованный Танбридж-Уэллс
dish off,отключить
dish out,раздавать
dish the dirt,вывалить всю правду
dish up,подавать
dishpan hands,мозоли на руках от мытья посуды
dismal science,мрачная наука
dispense with,отказаться от
dispose of,утилизировать
ditch out,бросить
dive in,погрузиться
diversity is perversity,разнообразие - это извращение
divide and conquer,разделяй и властвуй
divide up,делить
divvy up,делить
divy up,делить
do a bunk,сбежать
do a number on,обмануть
do a slow burn,медленно разгораться
do away with,избавляться от
do bears shit in the woods,Медведи какают в лесу
do by,делать
do by halves,делать наполовину
do cartwheels,делать сальто
do down,спускаться вниз
do drugs,употреблять наркотики
do fish swim,рыбы плавают
do for,делать для
do ill,болеть
do in,делать
do it tough,тяжело
do it up,сделать красиво
do justice,восстановить справедливость
do me a favour,Сделай мне одолжение
do me a lemon,сделай мне лимонад
do not want,не хочу
do numbers,считать
do off,отменить
do one's best,прилагать все усилия
do one's business,заниматься своими делами
do one's damnedest,прилагать все усилия
do one's darnedest,стараться изо всех сил
do one's homework,делать домашнее задание
do one's own thing,делать по-своему
do one's own time,отбывать срок
do one's utmost,прилагать все усилия
do or die,или смерть
do out,выходить
do out of,выполнить
do over,делать заново
do porridge,готовить кашу
do right by,сделать правильно
do somebody wrong,обмануть кого-то
do somebody's dirty work,выполнять грязную работу за кого-то
do someone like that,любить такого человека
do someone one better,переплюнуть кого-то
do someone proud,гордиться кем-то
do someone's head in,раздражать
do tell,расскажите
do the dash,выполнить чертеж
do the decent thing,сделайте порядочный поступок
do the dirty on,подставить
do the honors,выполните церемониальную функцию
do the mahi,делать работу
do the math,сделайте расчеты
do the most,делать больше всего
do the needful,сделайте необходимое
do the right thing,сделать правильную вещь
do the talking,говорить
do the trick,справляется
do the work,выполнить работу
do up,застегнуть
do want,хочу
do well by doing good,добивайтесь успеха, поступая по совести
do well for oneself,добиться успеха
do with mirrors,с использованием зеркал
do without,обходиться без
do you know what I'm saying,Ты понимаешь, что я говорю
do you know who I am,вы знаете, кто я
do you mind,вы против
do you need an invitation,вам нужно приглашение
dob in,выдать
dob on,выдавать
doctor up,улучшать
doctors make the worst patients,Врачи - самые плохие пациенты
dodge a bullet,избежать беды
dodge up,уклоняться вверх
does Macy's tell Gimbel's,рассказывает ли Macy's Gimbel's
does not compute,невозможно обработать
does someone look like,похож ли кто-то
dog and cat,собака и кошка
dog and pony show,спектакль
dog around,бездельничать
dog eat dog,борьба за выживание
dog in the hunt,охотничья собака
dog in the manger,собака в хлеву
dog my cats,собака мои кошки
dog out,выгуливать собаку
dog that caught the car,собака, которая поймала машину
dog who caught the tire,собака, которая поймала шину
dog's breakfast,беспорядок
dog's chance,шанс
dog's life,собачья жизнь
dogs are barking,Собаки лают
dogs have masters; cats have staff,У собак есть хозяева, а у кошек есть слу…
dole out,распределять
doll up,наряжаться
dollar out,выплатить доллары
dollar up,доллар вырос
dollar-sign eyes,жадные глаза
dollars to donuts,вероятность почти наверняка
Don the Con,Дон Обманщик
don't @ me,Не пишите мне
don't ask,не спрашивай
don't ask me,Не спрашивайте меня
don't be a stranger,не пропадайте
don't be that guy,Не веди себя так
don't bite the newbie,Не обижайте новичка
don't buy green bananas,Не покупайте зеленые бананы
don't change a winning team,Не меняйте команду, которая выигрывает
don't count your chickens,Не считай цыплят, пока они не вылупятся
don't count your chicks,Не считай цыплят, пока они не вылупятся
don't cry over spilled milk,Не плачь из-за пролитого молока
don't cut yourself on that edge,Не порежьтесь об этот край
don't do anything I wouldn't do,Не делайте ничего, что я бы не сделал
don't drop the soap,Не роняй мыло
don't even think about it,Даже не думай об этом
don't feed the troll,Не кормите тролля
don't feed the trolls,Не кормите троллей
don't fight the tape,Не боритесь с рынком
don't fish off the company dock,Не рыбачьте с причала компании
don't get above your raising,Не задирайте себя
don't get me wrong,не поймите меня неправильно
don't get someone started,не начинайте с кого-то разговор
don't get your hopes up,не питайте иллюзий
don't give me that,Не говори мне это
don't give up the day job,не бросайте основную работу
don't give up your day job,не бросайте свою основную работу
don't go there,Не ходите туда
don't hold your breath,не задерживайте дыхание
don't knock yourself out,Не утруждайся
don't know,не знаю
don't let the bedbugs bite,Спокойной ночи и не дай клопам тебя укус…
don't look at me,Не смотри на меня
don't look now,Не оборачивайтесь
don't make me laugh,Не заставляйте меня смеяться
don't mention it,не за что
don't mess with success,Не трогайте то, что работает
don't mind if I do,Не возражаете, если я это сделаю
don't pass go,не проходите "го
don't quit your day job,Не бросайте свою основную работу
don't quote me,не цитируйте меня
don't real,не настоящий
don't say gay,Не говорите о гомосексуальности
don't shit in your own nest,Не гадь в собственном гнезде
don't shit where you eat,Не какай там, где ешь
don't shoot the messenger,Не стреляйте в гонца
don't spare the horses,Не жалейте лошадей
don't spend it all at once,Не тратьте все сразу
don't sweat it,не переживайте
don't sweat the small stuff,Не переживайте из-за мелочей
don't take any wooden nickels,Не берите никакие жетоны
don't tell me,не говори мне
don't touch that dial,Не меняйте настройки
don't tread on me,Не наступайте на меня
don't try this at home,Не повторяйте это дома
don't worry,не волнуйся
don't worry your pretty little head,Не беспокойся, милая
don't you know,ты не знаешь
Donald Ducking it,Избегать чего-либо
donde esta la biblioteca,где находится библиотека
done and dusted,сделано и забыто
done deal,сделка завершена
donkey work,тяжёлая работа
donkey's ears,ослиные уши
donkey's years,целая вечность
dont tread on me,не посягайте на меня
donut steel,пончик сталь
doodie up,закакаться
doom and gloom,мрачность и уныние
doomy and gloomy,мрачный и унылый
dope off,засыпать
dope out,разобраться
dope sheet,схема
dope up,употреблять наркотики
dork out,отдыхать
dormitive principle,принцип действия снотворного
dormitive virtue,успокаивающая добродетель
doss about,бездельничать
doss around,бездельничать
doss down,ложиться
doss off,бросать
doss out,бездельничать
dot down,записывать
dot or feather,точка или перо
dote over,влюбляться
double back,вернуться назад
double booked,забронировано дважды
double bookkeeping,двойная бухгалтерия
double bubble,двойной пузырь
double down,увеличить ставку
double Dutch,двойные голландцы
double in brass,труба
double off,отключить двойное питание
double over,согнуться пополам
double taker,двойной обманщик
double tap,двойное касание
double up,удвоить
doubly even,четное число, кратное 4
doubly incontinent,двойной недержания
doubly infinite,двойнoй бесконечности
doubly magic,двойная магия
doubting Thomas,сомневающийся Фома
douche down,душная атмосфера
dowdy up,приукрашивать
down and out,в нищете
down at heel,в запустении
down but not out,не сломлен
down cellar,в подвал
down cold,холодный
down for the count,выбыл из игры
down home,в тихой обстановке
down in the dumps,в подавленном состоянии
down in the mouth,поникший
down line,линия электропередачи
down on one's knees,на коленях
down on one's luck,в сложной ситуации
down on one's uppers,без гроша в кармане
down someone's alley,по вкусу кому-то
down the banks,вдоль берегов
down the cludgie,вниз по склону
down the drain,в никуда
down the gurgler,вниз по сливу
down the hatch,вниз по горловине
down the khazi,в туалет
down the line,в будущем
down the middle,посередине
down the pan,в унитаз
down the plughole,в сливное отверстие
down the road,впереди
down the shitter,в унитаз
down the toilet,в унитаз
down the track,в будущем
down the tube,в никуда
down the tubes,в никуда
down the way,внизу по дороге
down the wind,под ветер
down to a fine art,доведённый до совершенства
down to a science,сведено к науке
down to earth,приземлённый
down to the short strokes,до мелочей
down to the wire,до последнего момента
down tools,прекратить работу
down under,Австралия
down with the kids,в тренде
doze off,заснуть
draft in,черновик
draft up,составить проект
drag and drop,перетаскивание
drag ass,тащить задницу
drag down,тянуть вниз
drag in,перетаскивать
drag into,тянуть за собой
drag on,тянуть
drag one's balls across,тащить яйца
drag one's feet,тормозить
drag out,затягивать
drag the chain,тянуть цепь
drag through the mud,унижать
drag up,поднимать
dragged through the garden,тащили по саду
drain away,стекать
drain out,сливать
drain the dragon,выкачать дракона
drain the python,слить питона
drain the snake,вытащить змею
drama king,король драмы
drama queen,театрал
drape off,свисать
drastic times call for drastic measures,В кризисные времена требуются решительны…
draw a blank,забыть
draw a line,нарисовать линию
draw a line under something,поставить черту под чем-либо
draw a long bow,преувеличивать
draw a straight furrow,провести ровную борозду
draw ahead,вырваться вперед
draw away,отвлекать
draw back,отступать
draw down,снижать
draw even,ничья
draw fire,привлекать огонь
draw in,привлекать
draw into,притягивать
draw off,сливать
draw on,рисовать
draw one's last breath,умереть
draw out,вытягивать
draw stumps,выкорчевывать пни
draw the line,провести черту
draw the long bow,преувеличивать
draw the short straw,вытянуть короткую соломинку
draw through,протягивать
draw together,притягивать
draw up,составлять
draw upon,черпать из
drawing card,изюминка
dream come true,мечта, ставшая реальностью
dream on,мечтай
dream up,придумывать
dredge up,вытаскивать
dress down,одеться проще
dress off,снять платье
dress out,одеться
dress to kill,одеться, чтобы произвести впечатление
dress up,наряжаться
dressed to kill,одета, чтобы произвести впечатление
dressed to the nines,одетый нарядно
dribs and drabs,мелкие детали
dried-fish woman,женщина, продающая сушёную рыбу
drift along,плыть по течению
drift apart,расходиться
drift off,засыпать
drill and kill,эксплуатация и ликвидация
drill down,детально изучать
drill in,сверлить
drill out,сверлить
drill through,пробивать
drill up,сверлить вверх
drink and drive,управление автомобилем в нетрезвом виде
drink down,выпивать
drink from a firehose,получать слишком много информации одновр…
drink in,напиток
drink off,выпить
drink out,выпить до дна
drink someone's bathwater,пить воду из чужой ванны
drink to,за то
drink under,под
drink up,Выпей
drink with the flies,пить с мухами
drinking hole,место где пьют
drinks o'clock,Время для напитков
dripping water hollows a stone,капля, падающая многократно, пробивает к…
drive a coach and horses through,полностью разрушить
drive a hard bargain,торговаться упорно
drive a stake through its heart,пронзить сердце колом
drive a wedge,вбивать клин
drive at,ехать со скоростью
drive away,уехать
drive back,возвращаться
drive down,спускаться
drive in,автокинотеатр
drive off,уехать
drive out,выгнать
drive someone crazy,сводить с ума
drive someone to drink,подталкивать к алкоголю
drive someone up the wall,выводить из себя
drive the porcelain bus,водить туалетный автобус
drive to drink,стремление к алкоголю
drive up,подъехать
drive-by media,медиа, освещающее события мимоходом
drone on,тянуть кота за хвост
drool bucket,ведро для слюней
drop a bollock,наделать ошибок
drop a bomb,бросить бомбу
drop a bombshell,бросить бомбу
drop a brick,обалдеть
drop a dime,позвонить
drop a hint,намекнуть
drop a log,бросить бревно
drop away,отходить
drop back,отступить
drop behind,отставать
drop by,заглянуть
drop down,выпадающий список
drop in,посетить
drop in the bucket,капля в море
drop in the ocean,капля в море
drop in the pond,упасть в пруд
drop in the sea,в море
drop into,попасть
drop off,высадить
drop off the hooks,снять с крючков
drop off the radar,исчезнуть из поля зрения
drop out,бросить
drop round,овальный
drop someone a line,написать кому-нибудь письмо
drop someone in it,поставить в неловкое положение
drop the ball,упустить возможность
drop the bomb,бросить бомбу
drop the f-bomb,оскорбить
drop the gloves,снять перчатки
drop the mic,бросить микрофон
drop the pilot,снять пилота
drop the topic,забыть об этом
drop the writ,отменить судебный приказ
drop top,кабриолет
drop trow,бросить полотенце
drown out,заглушить
drown the miller,утопить мельника
drug of choice,препарат выбора
drug on the market,лекарство на рынке
drum into,вбивать
drum out,исключать
drum up,мобилизовать
drunk as a skunk,пьяный как черт
drunk words are sober thoughts,пьяные слова - трезвые мысли
drunkard's walk,случайная прогулка
drunken words are sober thoughts,Пьяные слова - это трезвые мысли
dry behind the ears,недалёкий
dry eye,сухость глаз
Dry January,Сухой январь
dry off,высушить
dry one's eyes,вытереть глаза
dry out,высыхать
dry run,пробный запуск
dry up,высыхать
dry up and blow away,высыхать и улетать
dub out,озвучивать
dub over,озвучить
dub up,дублировать
duces tecum,с собой
duck and dive,уклоняться и нырять
duck down,пригнуться
duck off,отвали
duck or no dinner,утка или нет ужина
duck out,уйти незаметно
duck soup,проще простого
ducked off,уклонился
ducks and drakes,утки и селезни
dude up,подняться
due course,надлежащее время
due to,из-за
due to the fact that,в связи с тем что
duff up,избить
duke in,герцог
duke it out,сражаться
duke out,вытаскивать
duke up,украшать
duly noted,учтено
dumb as a box of rocks,глупый как пробка
dumb as a post,глупый как пробка
dumb down,упрощать
dumb luck,чистая случайность
dumb out,упрощать
dumb shit,глупость
dummy out,отключить
dummy run,пробный запуск
dummy spit,выплюнуть
dummy up,притворяться
dump on,вываливать
dump one's load,сбросить груз
dump out,высыпать
dunk on,обидеть
dunk out,забить сверху
Dunkirk spirit,Дух Дюнкерка
Dunner stunner,Не знаю
durance vile,ужасное заточение
durwaza bund,дверь закрыта
dust down,сдуть пыль
dust mouse,мышиная пыль
dust off,сдуть пыль
dust off a batter,дать игроку шанс восстановиться
dust out,удалять пыль
dust settles,пыль оседает
dust up,ссора
dusty miller,пышная амарант
Dutch courage,дерзость от выпитого
Dutch reckoning,Голландский метод расчета
duty calls,долг зовёт
dwell upon,размышлять
dyed in the wool,до мозга костей
dying quail,умирающая перепелка
dyke out,выталкивать
dyke up,укреплять дамбу
dynamite charge,динамитная закладка
e pluribus unum,из многих - один
E ticket,Электронный билет
each to his own,каждому своё
each to their own,каждому своё
eager beaver,трудолюбивый
eagle eye,острое зрение
eagle out,вылет орла
eagle up,вверх как орел
ear to the ground,быть в курсе
ear tunnel,ушная туннель
early bath,ранняя ванна
early bird,ранняя пташка
earn one's crust,зарабатывать на жизнь
earn one's keep,зарабатывать на жизнь
earn out,заработать
ears are burning,у меня щекочутся уши
Earth to someone,Эй
earth up,подняться наверх
ease down,смягчить
ease off,смягчать
ease up,смягчить
easier said than done,легче сказать, чем сделать
easy as kiss my hand,проще простого
easy does it,будьте осторожны
easy for you to say,легко сказать
easy mark,легкая добыча
easy money,легкие деньги
easy on the eye,приятный глазу
easy on the eyes,приятный для глаз
easy peasy Japanesey,просто и легко по-японски
easy peasy lemon squeezy,очень просто
easy pickings,лёгкая добыча
easy street,лёгкая жизнь
eat and leave no crumbs,есть и не оставлять крошек
Eat at Joe's,Поешьте в Джо'с
eat away,разъедать
eat away at,разъедать
eat crow,признавать свою ошибку
eat dirt,есть землю
eat down,съесть до конца
eat for two,есть за двоих
eat humble pie,признавать свои ошибки
eat in,есть в
eat into,поедать
eat it,съешь это
eat my shorts,Съешь мои шорты
eat one's feelings,есть от тоски
eat one's gun,положить конец своей жизни
eat one's hat,съесть свою шляпу
eat one's head off,ругаться
eat one's heart out,завидовать до слёз
eat one's own,есть своё
eat one's own dog food,использовать свой продукт
eat one's seed corn,тратить капитал на текущие нужды
eat one's Wheaties,быть в отличной форме
eat one's young,поедать своих детей
eat out,поесть вне дома
eat out of someone's hand,быть у кого-то на поводке
eat shit,Поедай дерьмо
eat someone's dust,дышать пылью кого-то
eat someone's lunch,съесть кому-то обед
eat the mic,Съешь микрофон
eat the onion,съешь лук
eat the rich,съесть богатых
eat up,съесть
eat up with a spoon,есть ложкой
eaten bread is soon forgotten,Съеденный хлеб быстро забывается
ebb and flow,приливы и отливы
ecologically friendly,экологически чистый
economical with the truth,уклончивый
Eddie would go,Эдди пошёл бы
edge in,на краю
edge of the earth,край земли
edge of the world,край света
edge out,вырваться вперед
edge up,приближаться
edit in,редактировать
edit out,удалить
eff and jeff,эф и джефф
eff off,отвали
eff up,наделать ошибок
eff why eye,Эф, почему, я
effluxion of time,течение времени
egg on,подстрекать
eggs in moonshine,яйца в самогоне
eid mubarak,Ид мубарак
either do or die,либо делай, либо умри
ejaculate and evacuate,эякулировать и эвакуировать
ejusdem generis,одного вида
eke out,выживать
El Tel,Эльтель
elbow grease,усилия
elbow mentality,менталитет "локтя
elbows up,локти вверх
electronic superhighway,электронная автомагистраль
element of surprise,элемент неожиданности
elephant in the room,проблема которую все игнорируют
eleventh hour,в последний момент
Elvis has left the building,Элвис покинул здание
Elysian Fields,Элизиум
embarrassingly parallel,неоднозначно
embarrassment of riches,изобилие
embrace the penguin,обнять пингвина
Emma Chisit,Эмма Чисит
emotional cripple,эмоционально ущербный
emperor's new clothes,новая одежда короля
emphasize everything and nothing is emphasized,подчеркнуть всё и ничего не подчеркивать
empty barrels make the most noise,пустые бочки громче всего гремят
empty cans make the most noise,Пустые банки издают больше всего шума
empty out,выливать
empty suit,пустой человек
empty the clip,выбросить магазин
empty the tank,опустошить бак
empty vessels make the most noise,пустые сосуды громче всего гремят
empty vessels make the most sound,пустые сосуды громче всего гремят
empty words,пустые слова
en croix,в форме креста
en route,по пути
en route to,по пути к
end in,заканчиваться
end in smoke,закончиться ничем
end in tears,закончиться слезами
end of,конец
end of discussion,конец обсуждения
end of story,конец истории
end of the line,конец линии
end of the world,конец света
end off,завершить
end out,конец
end up,оказаться
endorse out,поддерживать
Energizer bunny,Кролик Energizer
engage in,участвовать
engage with,взаимодействовать
English or Spanish,Или английский или испанский
enjoy your meal,Приятного аппетита
enlarge up,увеличить вверх
enough is enough,хватит
enough is too much,достаточно - это уже много
enough said,все сказано
enough to choke a horse,хватит, чтобы задушить лошадь
enough to go around,хватит на всех
enough to make a cat laugh,чтобы заставить кошку смеяться
enough to make the angels weep,достаточно, чтобы заставить ангелов плак…
enough to put in one's eye,достаточно, чтобы попасть в глаз
enquire after,узнавать о состоянии
enter into,вступать
enter on the boards,выходить на сцену
environmental storytelling,повествование через окружение
environmentally friendly,экологичный
equal pay for equal work,Равная оплата за равный труд
Erin go bragh,Да хранит Ирландию
err on the side of,стремиться к
err on the side of caution,быть осторожным
error out,выдавать ошибку
escape fire,пожарный выход
esprit de corps,боевой дух
est modus in rebus,Всё хорошо в меру
esthetically challenged,Не обладающий эстетическим вкусом
et al,и др
et al.,и др
et alia,и другие
et aliae,и другие
et alibi,аль алиби
et alii,и другие
et alios,и другие
et cetera,и так далее
et con,и с
et con.,и т.д
et conjunx,супруг
et hoc genus omne,и тому подобное
et id genus omne,и все виды этого
et pass.,проход
et passim,и далее
et seq.,и далее
et seqq.,и далее
et sim.,и тому подобное
et uxor,и жена
eternal sleep,вечный сон
eternal triangle,вечный треугольник
ethically challenged,с моральными проблемами
ethnically challenged,с этническими проблемами
eureka moment,момент озарения
Evel Knievel,Эвель Книвел
even a worm will turn,даже червь перевернется
even Homer nods,даже Гомер может ошибаться
even Jove nods,даже Юпитер кивает
even keel,ровный ход
even money,ровные шансы
even steven,ничья
even the score,выровнять счет
evenly divisible,делится без остатка
everlasting staircase,бесконечная лестница
every accusation is a confession,каждое обвинение - это признание
every barrel has a rotten apple,В каждом бочке есть черви
every bit,каждый бит
every cloud,каждое облако
every cloud has a silver lining,у каждой тучи есть светлая сторона
every day is a school day,каждый день мы чему-то учимся
every dog has his day,У каждого своя полоса везения
every dog has its day,У каждого своя полоса везения
every dog must have his day,у каждого своя очередь
every dog must have its day,у каждого своя очередь
every good boy deserves favor,каждый хороший мальчик заслуживает внима…
every good boy deserves favour,каждый хороший мальчик заслуживает благо…
every good boy deserves food,каждый хороший мальчик заслуживает еды
every good boy deserves fudge,каждому хорошему мальчику полагается шок…
every good boy deserves fun,каждому хорошему мальчику полагается вес…
every good boy does fine,каждый хороший мальчик молодец
every inch,каждый дюйм
every Jack has his Jill,У каждого Джека есть своя Джилл
every king needs a queen,каждому королю нужна королева
every last,последний
every law has a loophole,у каждого закона есть лазейка
every law has its loophole,у каждого закона есть лазейка
every little bit helps,каждая мелочь имеет значение
every little helps,каждая мелочь имеет значение
every man for himself,каждый сам за себя
every man for hisself,каждый сам за себя
every man has a price,У каждого есть своя цена
every man has his price,У каждого есть своя цена
every man Jack,каждый человек
every old nook and cranny,каждый уголок и закоулок
every rose has a thorn,У каждой розы есть шип
every rose has its thorn,У каждой розы есть свой шип
every rule has an exception,У каждого правила есть исключение
every shut eye isn't asleep,не каждый, кто закрыл глаза, спит
every silver lining has a cloud,У каждой светлой полосы есть своя туча
every single time,каждый раз
every so often,иногда
every stick has two ends,У каждой палки два конца
every time,каждый раз
every time one farts,каждый раз, когда кто-то пукает
every time one turns around,каждый раз, когда поворачиваешься
every woman for herself,каждая женщина сама за себя
every woman Jill,каждая женщина, Джилл
Every. Single. Time.,Каждый. Раз. Без исключения
everybody and his brother,все и вся
everybody and his mother,все и вся семья
everybody and their dog,все и вся
everybody who is anybody,все, кто имеет значение
everybody who's anybody,все, кто имеет значение
everyone and his mother,все и вся
everything and the kitchen sink,всё и даже больше
everything but the kitchen sink,все, что угодно, кроме раковины
everything happens for a reason,Всё происходит неслучайно
everything in the garden is lovely,Всё в саду прекрасно
everything in the garden is rosy,Всё хорошо
everything is everything,всё есть всё
everything is rosy in the garden,Всё хорошо в саду
everything old is new again,Всё старое становится новым
everything one touches becomes gold,Всё, к чему он прикасается, превращается…
everything one touches becomes shit,всё, к чему он прикасается, превращается…
everything one touches turns to gold,всё, к чему он прикасается, превращается…
everything one touches turns to shit,всё, к чему он прикасается, превращается…
everything under the sun,всё на свете
evil to him that evil thinks,Зло возвращается к тому, кто злой
evil twin,злая копия
ex abundante cautela,с избыточной осторожностью
ex nihilo,из ничего
ex nihilo nihil fit,из ничего ничего не возникает
ex pede Herculem,Из малого - великое
ex tunc,с того момента
ex vi termini,по смыслу термина
except for,кроме
except that,за исключением того что
exceptio non numeratae pecuniae,исключение неноминальной суммы
exceptio quod metus causa,исключение по причине страха
excess baggage,дополнительный багаж
exchange contracts,подписывать контракты
exchange flesh,обмен плотью
exchange of contracts,обмен договорами
excuse me,извините
excuse you,извините
exempli gratia,например
exeunt omnes,Все уходят
exit stage left,выход слева
expand one's horizons,расширять кругозор
expensive drunk,дорогой пьяница
experience is the best teacher,Опыт – лучший учитель
explain away,объяснить
expose oneself,подвергать себя опасности
express elevator,экспресс-лифт
expressio unius est exclusio alterius,Принцип исключения
exsqueeze me,извините
extend one's hand,протягивать руку
extra pair of hands,дополнительная пара рук
extract the urine,извлечь мочу
extraordinary claims require extraordinary evidence,Необычные утверждения требуют убедительн…
eye for an eye,око за око
eye in the sky,глаз в небе
eye of the beholder,глаз страдает
eye of the storm,глаз бури
eye sex,сексуальный взгляд
eye up,пристально смотреть
eyes on the ground,люди на местах
eyes on the prize,не сводить глаз с цели
F in the chat,Ф в чате
F off,Пошёл вон
f/8 and be there,f/8 и будь там
face down,лицом вниз
face facts,принять реальность
face off,столкновение
face out,лицом наружу
face that would stop a clock,лицо, способное остановить часы
face the music,нести ответственность
face to face with,лицом к лицу
face up,лицом вверх
face up to,столкнуться с чем-либо
face value,номинальная стоимость
faceless bureaucrat,безымянный чиновник
faceless man,человек без лица
fack off,Пошёл вон
fact is,факт
fact is stranger than fiction,реальность часто бывает удивительнее вым…
fact of life,факт жизни
factor in,учитывать
factor out,выносить множитель
factor space,пространство факторов
factor through,разложить на множители
facts and figures,факты и цифры
facts don't care about your feelings,Факты не обращают внимания на ваши чувст…
facts on the ground,фактическая ситуация
facts speak louder than words,Факты говорят громче слов
fade away,исчезать
fade in,постепенное появление
fade out,затухать
faff about,возиться
faff around,возиться
fag out,выгореть
fail at life,провалиться в жизни
fail of,провал
fail out,выбывать
fail over,резервирование
fail up,провалиться вверх
fail upwards,продвигаться вверх, несмотря на неудачи
failure is the best teacher,Неудача – лучший учитель
failure to launch,неспособность начать
faint heart ne'er won fair lady,Трус никогда не добивается любви
faint heart never won fair lady,Трус никогда не добивается любви
faint heart never won fair maiden,Трус никогда не завоевал прекрасную деву…
fair and square,честно и по правилам
fair coin,честная монета
fair crack of the whip,строгая дисциплина
fair enough,справедливо
fair exchange is no robbery,Честная сделка не кража
fair game,честная игра
fair is fair,справедливость требует справедливости
fair off,справедливо
fair play,честная игра
fair sex,женский пол
fair shake,честное отношение
fair share,справедливая доля
fair to middling,так себе
fair up,становится лучше
fair's fair,справедливость должна быть соблюдена
fair-haired boy,светловолосый мальчик
fair-weather fan,болельщик по настроению
fair-weather friend,друг по нужде
fairly and squarely,честно и открыто
fairy money,сказочные деньги
faites vos jeux,делайте ставки
faith can move mountains,вера способна свернуть горы
faith will move mountains,вера способна свернуть горы
fake it till one makes it,Притворяйся, пока не получится
fake out,обмануть
fake up,подделывать
fall about,падать вокруг
fall apart,распадаться
fall around,падать вокруг
fall asleep,заснуть
fall at the last hurdle,споткнуться на последнем этапе
fall away,отпадать
fall back,отступать
fall back into,снова погрузиться
fall back on,использовать в качестве запасного вариан…
fall back upon,возвращаться к
fall behind,отставать
fall below,опускаться ниже
fall between the cracks,теряться из виду
fall between two stools,оказаться между двух стульев
fall by,упасть на
fall by the wayside,отставать
fall down,падать
fall down on,падать на
fall for,влюбиться
fall foul,поссориться
fall from grace,падение с высокого положения
fall in,падать
fall in line,выстроиться в очередь
fall in with,присоединиться
fall into,падать в
fall into a trap,попасть в ловушку
fall into line,встать в строй
fall into oneself,уйти в себя
fall into place,всё встало на свои места
fall into someone's lap,выпасть на долю
fall into the wrong hands,попасть не в те руки
fall off,отвалиться
fall off a truck,выпало из грузовика
fall off one's chair,упасть со стула
fall off one's perch,потерять свой статус
fall off the turnip truck,быть недалеким
fall off the twig,умереть молодым
fall off the wagon,сбиться с пути
fall on,падать на
fall on a grenade,положить мину на гранату
fall on one's face,споткнуться лицом вперёд
fall on one's sword,пожертвовать собой
fall on someone's neck,бросаться на шею кому-то
fall out,выпасть
fall out upon,выпадать на
fall over,упасть
fall over oneself,переворачиваться
fall short,не дотянуть
fall through,проваливаться
fall through the cracks,теряться из виду
fall to,падать
fall to pieces,распадаться
fall together,падать вместе
fall under,подпадать под
fall up,падать вверх
fall upon,напасть
fall victim,пострадать
falling off the bone,отваливается от кости
falling out,ссора
false alarm,ложная тревога
false light,ложный свет
false note,фальшивая нота
familiarity breeds contempt,знакомство порождает пренебрежение
family jewels,семейные ценности
fan dance,танец с веером
fan out,распределяться
fan the flames,раздувать пламя
fancy one's chances,верить в свои силы
fancy seeing you here,Как интересно здесь встретиться
fancy up,украсить
fanny about,вести себя глупо
fanny around,бездельничать
fans are slans,вентиляторы
fap off,мастурбировать
far and away,безусловно
far and wide,далеко и широко
far be it,далеко от меня
far cry,далеко
far far away,далеко далеко
far from it,далеко от этого
far post,дальняя штанга
far removed,далеко
fare thee well,прощай
farm down,снижение цен на сельскохозяйственную про…
farm nigger,Я не могу выполнить эту просьбу
farm out,передавать на аутсорсинг
farmer's tan,загар фермера
fart about,пустословие
fart around,бездельничать
fart fan,любитель пуков
fart in a windstorm,кричать в бурю
fart in an elevator,пукнуть в лифте
fart off,отвалиться
fart out,издавать звук
fas est et ab hoste doceri,Учиться нужно даже у врага
fash one's thumb,показать средний палец
fashionably late,с опозданием
fast and furious,быстро и яростно
fast asleep,глубоко спящий
fast sheet,быстрый лист
fast times,быстрые времена
fasten down,пристегнитесь
fasten up,застегнуть
fat as a barrel,толстый как бочка
fat as a pig,толстый как свинья
fat cat,жирный кот
fat chance,маленький шанс
fat finger,неуклюжий палец
fat is flavor,Жир - это вкус
fat is flavour,Жир - это вкус
fat lip,рассеченная губа
fat of the land,лучшее
fat up,толстеть
fatten up,откормить
fatty boombalatty,жирный бумбалатти
Faustian bargain,фавстова сделка
Faustian deal,фавстова сделка
Faustian dilemma,фаустовская дилемма
faux queen,фальшивая королева
favorite person,любимый человек
fawn over,заискивать
fear not,не бойся
feast or famine,то ли изобилие, то ли голод
feather in one's cap,достижение
feather one's nest,набивать гнездо
feathered friend,пернатый друг
feathered oof-bird,пернатая птица-утка
featherless biped,человек без перьев
fed up,устал
fed up to the back teeth,до ужаса надоело
fed up to the teeth,до зубовного скрежета
federal case,федеральное дело
fee simple absolute in possession,полная собственность с правом владения
feed back,обратная связь
feed into,подавать
feed off,питаться за счет
feed on,питаться
feed the dragon,накормить дракона
feed the fire,поддерживать огонь
feed the meter,зарядить счетчик
feed the troll,провоцировать тролля
feed through,пропускать через
feed two birds with one scone,убить двух зайцев одним выстрелом
feed up,надоело
feeding frenzy,кормовая суета
feel around,щупать
feel for,сочувствовать
feel free,не стесняйтесь
feel like,чувствовать себя
feel like death,чувствовать себя ужасно
feel one's way,прощупывать
feel oneself,чувствовать себя
feel out,ощупывать
feel someone's collar,почувствовать чью-то близость
feel the pinch,почувствовать трудности
feel up,ощупать
feels before reals,чувствует прежде чем осознает
feels over reals,чувства важнее фактов
feet dry,сухие ноги
feet first,ногами вперед
feet of clay,слабые места
feet wet,набраться опыта
fence in,оградить
fence off,оградить
fence the tables,оградить столы
fencepost problem,проблема столбов забора
fend and prove,защищаться и доказывать
fend away,отгонять
fend for oneself,обеспечивать себя сам
fend off,отражать
ferret about,рыться
ferret around,рыться
ferret out,выявлять
fertile as a turtle,плодородный как черепаха
fess up,признаться
fetch a compass,принести компас
fetch about,приносить
fetch and carry,приносить и нести
fetch away,увезти
fetch in,загрузить
fetch off,снять
fetch up,привозить
fetch way,способ доставки
fetus deletus,плод удалён
fever pitch,пик
few and far between,редко встречающиеся
few sandwiches short of a picnic,не все дома в голове
fiat lux,да будет свет
fickle mistress,неверная любовница
fiddle about,возиться
fiddle around,возиться
fiddle away,тратить время впустую
fiddle while Rome burns,играть на скрипке, пока Рим горит
fiddle with,возиться
fie away,улетай
field day,день открытых дверей
field off,выключить поле
field out,вывести в поле
field up,вверх
fiercen up,разгореться
fifth wheel,лишний человек
fifty-cent tour,тур за полдоллара
fig out,понять
fight a losing battle,бороться с безнадежной борьбой
fight back,отражать атаку
fight down,подавить
fight fire with fire,отвечать тем же
fight fires,тушить пожары
fight for one's life,бороться за жизнь
fight it out,разрешить спор
fight like hell,сражаться изо всех сил
fight off,отразить
fight one's corner,защищать свои интересы
fight out,разбираться
fight shy,стесняться
fight up,бороться
fighting chance,шанс на победу
fighting spirit,боевой дух
figure away,вычисляйте дальше
figure on,предвидеть
figure out,понять
figure up,вычислить
file away,отложить в сторону
file down,шлифовать
file in,загрузить
file off,шлифовать
file off the serial numbers,затереть серийные номера
file out,заполнить
file past,прошлые файлы
file with,файл с
fill and fly,наполнить и лететь
fill away,заполнять
fill in,заполнить
fill in the blank,заполнить пропуск
fill one's boots,насытиться
fill one's face,набить рот
fill one's hand,наполнить руку
fill or kill,заполни или уничтожь
fill out,заполнить
fill someone's shoes,заменить кого-то
fill up,заполнить
film at 11,Смотрите в 11 часов
film at eleven,новости в одиннадцать
film out,проявлять
filter down,фильтровать
filter out,отфильтровывать
filter up,фильтруй вверх
filthy lucre,грязные деньги
filthy rich,безумно богатый
final cut,финальная версия
final nail in the coffin,последний гвоздь в крышку гроба
final say,окончательное решение
find another gear,переключиться на другую передачу
find fault,обнаруживать недостатки
find forth,найти вперёд
find in,найти
find it in one's heart,найти в себе силы
find it in oneself,найти в себе
find no bones in,не обнаружено костей в
find one's feet,обрести опору
find one's place,найти свое место
find one's tongue,найти язык
find one's voice,найти свой голос
find oneself,найти себя
find out,узнать
find the net,найти сеть
find your height,узнайте свой рост
fine and dandy like sour candy,отлично и прекрасно как кислая конфета
fine feathers make fine birds,Хорошие перья делают птицу красивой
fine line,тонкая грань
fine print,мелкий шрифт
fine words butter no parsnips,Красивые слова лес не завалят
fine-feathered friend,пернатый друг
finer things,изящные вещи
finest hour,лучший час
finger in the pie,вмешиваться
finger on the pulse,быть в курсе последних событий
finger pointing at the moon,указывать на луну
finger to the wind,чувствовать ветер
fingers and toes crossed,скрестим пальцы и носки
fingers crossed,пальцы скрещены
fingers were made before forks,Пальцы появились раньше вилок
finish off,закончить
finish out,закончить
finish up,закончить
finish with,закончить
fink out,подвести
fire at will,стрелять по своему усмотрению
fire away,стреляйте
fire drill,учебная эвакуация
fire hose,пожарный шланг
fire in the belly,огонь в душе
fire off,отправить
fire on all cylinders,работать на полную мощность
fire out,уволить
fire sale,распродажа
fire the starting gun,сделать выстрел
fire up,запустить
firing line,линия огня
firing on all cylinders,работать на полную мощность
firm up,уточнить
first among equals,равные, но один первый
first and foremost,прежде всего
first and last,первый и последний
first annual,первый ежегодный
first catch your hare,сначала поймай зайца
first loser,первый проигравший
first love,первая любовь
first mile,первая миля
first of all,прежде всего
first of never,впервые
first off,прежде всего
first port of call,первый пункт назначения
first thing's first,прежде всего
first things first,сначала самое важное
first up,сначала
first-mover disadvantage,недостатки первопроходца
fish and chips,рыба с картофелем фри
fish down,рыба вниз
fish in troubled waters,извлекать выгоду из чужих бед
fish one's wish,исполнить свою мечту
fish or cut bait,Решайся или уходи
fish out,выудить
fish out of water,как рыба в воде
fish to fry,дела
fish up,вытаскивать
fish-eating grin,Хищная ухмылка
fishing expedition,рыбалка
fist magnet,магнитный кулак
fit as a fiddle,В отличной форме
fit for a king,достойный короля
fit in,вписываться
fit into,помещаться
fit out,оборудовать
fit the bill,подходить
fit to be tied,в ярости
fit to wake the dead,достаточно сильный, чтобы воскресить мер…
fit together,подходить друг к другу
fit up,подгонять
fits and starts,То тут, то там
five will get you ten,пять даст десять
fix on,зафиксировать
fix someone's wagon,помочь кому-то справиться с трудностями
fix to,прикрепить
fix up,починить
fix upon,остановиться на
fizz out,угасать
fizzle out,угасать
flag away,отбирать
flag down,останавливать
flag up,обратить внимание
flail about,махать руками
flake down,осыпаться
flake off,отслаиваться
flake out,отказывать
flame out,гаснуть
flame up,вспыхнуть
flannelled fool,простак в клетчатой рубашке
flap off,отклеиться
flap one's gums,пошевелить деснами
flare out,расширяться
flare up,вспыхнуть
flash around,быстро мелькать
flash back,воспоминание
flash for cash,фото за деньги
flash over,вспышка
flash the ash,показать пепел
flash the cash,показывать деньги
flash up,вспыхивать
flat as my hat,ровный как шляпа
flat as your hat,ровный как шляпа
flat chat,на пределе
flat down,вниз
flat is justice,справедливость восторжествовала
flat on one's back,лежа на спине
flat out,полностью
flat strap,плоская лента
flatten down,сплющить
flatten out,выровнять
flavor of the week,изюминка недели
flavor up,улучшить вкус
flea in one's ear,пощекотать ухо
fleet up,ускоряться
flesh and blood,плоть и кровь
flesh one's maiden sword,отработать навыки владения мечом
flesh out,развернуть
flex off,показать мускулы
flex on,хвастаться
flex out,выдвигать
flex up,подтянуться
flick off,выключить
flick on the afterburners,включить форсаж
flick over,переключить
flick through,быстро пролистывать
flight of fancy,выдумка
fling off,бросить
fling out,бросать
flip off,показать средний палец
flip one's lid,потерять самообладание
flip one's wig,выходить из себя
flip out,выходить из себя
flip over,перевернуть
flip shit,терять контроль
flip the bird,показать средний палец
flip through,пролистать
flirt with,флиртовать
float around,плавать
float at,плавать у
float someone's boat,радовать кого-то
flock together,собираться вместе
flog a dead horse,тянуть кота за хвост
flog a dead pony,бить кобылу, которая уже умерла
flog the dolphin,избить дельфина
flog the log,бить кнутом
flood out,затопить
flood the zone,затопить зону
floor it,выжать газ до упора
floor one could eat off,пол, на котором можно есть прямо с пола
flop down,опуститься
flop for,провалиться для
floppy infant syndrome,синдром вялого младенца
flotsam and jetsam,обломки и выброшенные вещи
flout at,насмехаться над
flow from,течь из
flow out,вытекать
flower of the flock,жемчужина стада
flub up,напутать
fluff about,пустая болтовня
fluff off,отмахнуться
fluff out,распушить
fluff up,вспушить
fluke out,случайность
fluke up,ошибиться
flump down,опуститься
flunk out,отчислить из университета
flush out,вымыть
flute around,вокруг флейты
flutter in the dovecote,шелест в голубятне
flutter the dovecote,шевелить голубятню
fly apart,разлетаться на части
fly at,летать к
fly blind,лететь вслепую
fly by,пролетать мимо
fly in,прилететь
fly in the face of,идти против
fly in the ointment,маленькое недоразумение
fly into,прилетать
fly low,летать низко
fly off,улететь
fly off at a tangent,уйти в сторону
fly off the handle,впасть в ярость
fly off the shelves,расходится как горячие пирожки
fly on the wall,невидимый наблюдатель
fly out,вылететь
fly out of the blocks,быстро стартовать
fly out of the traps,быстро стартовать
fly solo,летать в одиночку
fly the flag,поднимать флаг
fly too close to the sun,лететь слишком близко к солнцу
fly under the radar,оставаться незамеченным
fly up,подняться вверх
fly upon,летать над
flying start,удачный старт
flying visit,Краткое посещение
fo sheezy,круто
fo shizzle,точно
fo sho,точно
fo' sheezy,круто
fo' sho',точно
foam up,вспениваться
fob off,слить
fog a mirror,запарить зеркало
fog out,выводить пар
fog up,запотевать
fogged out,затуманенный
foist off,впаривать
fold away,складывать
fold down,опускать
fold like a cheap suit,сдаваться под давлением
fold one's tent,свернуть палатку
fold out,раскрывать
fold under zero pressure,сминаться под нулевым давлением
fold up,сложить
folk devil,народный злодей
follically challenged,с проблемами роста волос
follicly challenged,лысеющий
follicularly challenged,с проблемами роста волос
follow along,следить
follow on,следить за
follow someone off a cliff,следовать за кем-то на скалу
follow suit,следовать примеру
follow the crowd,идти за толпой
follow the money,идите по следам денег
follow through,довести до конца
follow to the grave,следовать до могилы
follow up,продолжение
follow up on,прояснить
following along,следить
food baby,пищеварительный метеоризм
food chain,пищевая цепь
food for thought,пища для размышлений
food noise,шум от еды
fool about,шалить
fool along,обманывать
fool around,шалить
fool away,тратить впустую
fool me once,обманули однажды
fool up,обмануть
fool with,обманывать
fool's bargain,невыгодная сделка
fool's errand,бесполезное занятие
fool's paradise,иллюзия
fools rush in,Глупцы бросаются в омут с головой
foot the bill,оплатить счет
foot up,поднять ногу
foot voting,голосование ногами
foot-in-mouth disease,болезнь говорящих во рту ногами
footle about,бездельничать
footle around,бездельничать
footle away,тратить впустую
for a change,для разнообразия
for a fact,на самом деле
for a laugh,для смеха
for a minute,на минуту
for a song,за песню
for Africa,для Африки
for all intents and purposes,по всем признакам
for all money,за все деньги
for all of someone,для всех
for all one is worth,за все, что есть
for all one knows,возможно
for all practical purposes,на практике
for all somebody knows,возможно
for all someone cares,всем равно
for all that,несмотря на это
for all the world,для всего мира
for all the world to see,чтобы все увидели
for all time,навсегда
for another thing,во-вторых
for any sake,во имя чего угодно
for any sakes,во имя всего святого
for beans,для бобов
for best,для лучшего
for better or worse,и в горе и в радости
for Britain,для Великобритании
for cause,по причине
for certain,определённо
for chrissake,ради бога
for crying out loud,черт возьми
for days,в течение нескольких дней
for dear life,изо всех сил
for England,для Англии
for example,например
for fake,поддельный
for fear of,из страха перед
for fear that,из страха что
for free,бесплатно
for fuck's sake,ради бога
for fucking out loud,во имя всего святого
for fudge's sake,ради бога
for good,навсегда
for good and all,навсегда
for good measure,для надежности
for good or ill,к добру или ко злу
for goodness' sake,ради бога
for goodness' sakes,ради всего святого
for goodness's sake,ради бога
for grins,для смеха
for heaven's sake,Ради всего святого
for hellery,для Хиллари
for instance,например
for Ireland,для Ирландии
for keeps,навсегда
for kicks,для развлечения
for lack of,из-за отсутствия
for lack of trying,из-за недостатка усилий
for laughs,для смеха
for life,на всю жизнь
for long,надолго
for love nor money,ни за что и ни за сколько
for me and not for thee,для меня, а не для тебя
for mercy's sake,ради милосердия
for my money,по моему мнению
for my sins,за мои грехи
for name's sake,ради имени
for no good reason,без всякой причины
for nothing,бесплатно
for old sake's sake,ради старой дружбы
for old time's sake,ради старой дружбы
for old times' sake,ради старой дружбы
for old times' sakes,ради старых времен
for once,один раз
for once and for all,окончательно и бесповоротно
for one thing,во-первых
for one's foams,для пены
for one's heart,для сердца
for one's life,ради жизни
for one's liking,по вкусу
for one's own hand,своими руками
for one's own part,с своей стороны
for one's part,с своей стороны
for one's particular,для конкретного человека
for one's trouble,за хлопоты
for Pete's sake,ради бога
for pity's sake,ради жалости
for real and for true,действительно и честно
for real life,для реальной жизни
for reasons,по причинам
for rent,в аренду
for sake of,ради
for sale,на продажу
for Scotland,для Шотландии
for shame's sake,ради чести
for sheezy,для крутых парней
for shit,ерунда
for shits and giggles,для развлечения
for shits and grins,просто так
for short,вкратце
for show,для демонстрации
for some reason,по какой-то причине
for someone,для кого-то
for sour apples,для кислых яблок
for sure,конечно
for that matter,в этом смысле
for the ages,на века
for the asking,за небольшую плату
for the best,для лучшего
for the better,к лучшему
for the birds,не имеет значения
for the book,для книги
for the cheap seats,на дешевые места
for the children,для детей
for the chop,под нож
for the craic,для развлечения
for the foreseeable,в обозримом будущем
for the fuck of it,просто так
for the fun of it,для развлечения
for the Gipper,ради Гиппера
for the gods,для богов
for the heck of it,просто так
for the hell of it,просто так
for the high jump,для прыжков в высоту
for the last time,в последний раз
for the life of one,на всю жизнь
for the lols,для смеха
for the lolz,для смеха
for the lose,ради проигрыша
for the loss,за потерю
for the love of,ради любви
for the love of me,ради меня
for the love of the game,ради любви к игре
for the lulz,для смеха
for the main,для основного
for the mean time,на время
for the meantime,на время
for the most part,в основном
for the nonce,на данный момент
for the plot,для сюжета
for the present,на данный момент
for the record,для протокола
for the rest,для остальных
for the sake of,ради
for the taking,для тех, кто хочет
for the time being,на данный момент
for the want of,из-за недостатка
for the win,для победы
for the world,для мира
for the worse,хуже
for this once,на этот раз
for toffee,для конфет
for two pins,на два шара
for very shame's sake,ради самого стыда
for Wales,для Уэльса
for want of,из-за отсутствия
for weal or woe,и на благо, и во вред
for what it's worth,что бы то ни было
for worlds,для миров
for XYZ reasons,по причинам XYZ
for ya,для тебя
for your eyes only,только для ваших глаз
for your information,для вашей информации
forbidden fruit,запретный плод
forbidden fruit is the sweetest,Запретный плод сладок
force down someone's throat,впихивать силой
force in,влияние
force of habit,сила привычки
force out,вытеснять
force someone's hand,заставить кого-то действовать
forever and a day,навсегда и еще целый день
forewarned is forearmed,предупрежденный значит вооруженный
forge ahead,двигаться вперед
forge over,переплавлять
forget about,забыть о
forget it,забудьте
forget oneself,забыть себя
forget you,забудь меня
forgive and forget,простить и забыть
forgive but don't forget,прости, но не забывай
fork found in kitchen,вилка, найденная на кухне
fork off,отклониться
fork out,выплатить
fork over,отдать
forked tongue,раздвоенный язык
Fort Knox,Форт-Нокс
fort up,укреплять оборону
fortune favors the bold,Удача сопутствует смелым
fortune favors the brave,Удача сопутствует смелым
fortune favors the daring,Удача сопутствует смелым
fortune favours the bold,Удача сопутствует смелым
fortune favours the brave,Удача сопутствует смелым
fortune favours the daring,Удача сопутствует смелым
forty minutes of hell,сорок минут ада
forty winks,немного поспать
forward and backward,вперед и назад
foster up,воспитывать
foul out,дисквалифицировать
foul up,испортить
fountain of youth,фонтан молодости
Four Floors of Whores,Четыре этажа шлюх
Four Horsemen of the Apocalypse,Четыре всадника Апокалипсиса
four more years,ещё четыре года
four score and seven years ago,Сто семь лет назад
four sheets to the wind,пьяный
four-leaf clover,четырехлистный клевер
four-minute warning,предупреждение за четыре минуты
fourth estate,четвертая власть
fourth gear,четвёртая передача
fourth wall,четвёртая стена
fox in the henhouse,лиса в курятнике
fox sleep,лиса спит
fox's socks,носки лисы
foxtrot delta tango,фокстрот дельта танго
frame in,рамка
frame out,очертить
frame up,подставить
freak flag,флаг индивидуальности
freak off,сходить с ума
freak out,испугаться
freaking gosh,черт возьми
freckle up,посыпаться веснушками
free alongside ship,франко доставлено на борт судна
free alongside ships,рядом с кораблями, бесплатно
free hand,свободно
free lunch,бесплатный обед
free ride,бесплатная поездка
free up,освободить
freedom ain't free,Свобода не дается даром
freedom is not free,свобода не дается даром
freedom isn't free,Свобода не дается даром
freedom's not free,Свобода не дается даром
freeze on to,заморозить
freeze onto,замерзнуть на
freeze out,исключать
freeze over,замерзать
freeze to,замерзнуть до
freeze up,замерзнуть
freezing cold,сильный мороз
French fact,Французский факт
French leave,Отпуск без предупреждения
frequent flyer,частый пассажир
fresh legs,свежие силы
fresh off the boat,только что сошедший с корабля
fresh out of,только что закончил
fresh start,Новое начало
fresh up,освежиться
freshen up,освежиться
fret the gizzard,раздражать желудок
friend of Bill W.,друг Билла У
friend with benefits,друг с выгодой
friends in high places,связи в высших эшелонах власти
friends in low places,друзья, живущие не так уж и хорошо
friendship with benefits,отношения с привилегиями
frig around,шалить
frig it,черт возьми
frig off,отключить холодильник
frig up,заморозить
frigg up,напутать
frit away,тратить впустую
fritter away,тратить впустую
fritz out,вывести из строя
fritz up,напугать
frizz up,пушиться
frog in one's throat,першение в горле
from a distance,с расстояния
from a mile away,за километр
from a standing start,с места
from A to B,от А до Б
from A to izzard,от А до Ицзарда
from A to Z,от А до Я
from A to Zed,от А до Я
from A to Zee,от А до Я
from aardvark to zymurgy,от а до я
from all accounts,по всем данным
from all reports,согласно всем отчетам
from an early age,с раннего возраста
from away,отдалённо
from beginning to end,от начала до конца
from can see to can't see,от видно до не видно
from central casting,из центра кастинга
from cover to cover,от начала до конца
from cradle to grave,от рождения до смерти
from first to last,от начала до конца
from good hands,из надёжных рук
from hand to hand,из рук в руки
from hell,из ада
from here to Sunday,до воскресенья
from hereon out,отныне и далее
from home,из дома
from hunger,от голода
from jump street,из полицейской академии
from Kashmir to Kanyakumari,от Кашмира до Каньякумари
from me born,рожденный мной
from memory,из памяти
from Missouri,из Миссури
from Murphy to Manteo,из Мерфи в Мантео
from now on,отныне
from nowhere,ниоткуда
from on high,сверху
from one day to the next,с одного дня на другой
from pillar to post,от столба к столбу
from post to pillar,от столба к столбу
from power,от власти
from scratch,с нуля
from sea to shining sea,от океана до океана
from side to side,с боку на бок
from soda to hock,от газировки до пива
from someone's mouth to God's ears,Как богу на душу положить
from soup to nuts,от и до
from start to finish,от начала до конца
from stem to stern,от носа до кормы
from the bottom of one's heart,от всего сердца
from the cradle to the grave,от колыбели до могилы
from the dead,из мертвых
from the East German judge,от судьи из Восточной Германии
from the face of the earth,с лица земли
from the first,с самого начала
from the get,с самого начала
from the get-go,с самого начала
from the git,из git
from the git-go,с самого начала
from the ground up,с нуля
from the heart,от всего сердца
from the hip,с плеча
from the jump,с самого начала
from the outset,с самого начала
from the river to the sea,от реки до моря
from the rooter to the tooter,от корня до свистка
from the start,с самого начала
from the top,сверху
from the womb to the tomb,от колыбели до могилы
from the word go,с самого начала
from time to time,иногда
from top to bottom,сверху вниз
from top to toe,от головы до ног
from week to week,из недели в неделю
from where one is sitting,с места, где сидишь
from where one sits,от того места, где сидишь
from womb to tomb,от рождения до смерти
from your lips to God's ears,от ваших уст до ушей Божьих
front and center,в центре внимания
front of mind,в центре внимания
front off,спереди от
front on,спереди
front oneself off,представляться
front runner,лидер
front up,проявить смелость
frost up,покрывать инеем
froth up,вспениваться
frown at,нахмуриться
frown on,не одобрять
frown upon,не одобрять
fruit of one's loins,потомство
fruit of the poisonous tree,плод ядовитого дерева
fruit of the union,плод союза
fruit up,улучшать
fruity in the booty,Сочный зад
fry up,жарить
fuck 12,хуй двенадцать
fuck about,ерунда
fuck and chuck,ерунда
fuck around,ерунда
fuck around and find out,попробуй и пожалеешь
fuck away,отвали
fuck if I know,черт его знает
fuck it,Да пошло оно всё к черту
fuck it up,испортить
fuck knows,кто знает
fuck off,отвали
fuck over,обмануть
fuck round,ерунда
fuck someone upside down,трахать вверх ногами
fuck someone's brains out,изнасиловать
fuck that noise,Отвали
fuck this,Черт возьми
fuck this for a lark,Пошли на хер
fuck up,наделать ошибок
fuck with,связываться с
fuck y'all,идите все к черту
fuck you,Пошёл ты к черту
fuck yourself,иди в жопу
fuck's sake,Ради всего святого
fucked off,отвалил
fucked over,обманутый
fucking hell,Черт побери
fucking oath,чертовски
fucking shit,Чёрт побери
fudge factor,запас прочности
fudge the issue,уклоняться от ответа
fudge together,готовить вместе
fuel up,заправиться
fuh sheezy,серьезно
fujo out,выходить
fujoshi out,фудзиоши, прощайте
fuk u,Пошёл ты к черту
full blast,на полную мощность
full butt,пышные ягодицы
full circle,замкнутый круг
full marks,полный балл
full of,полный
full of beans,полный энергии
full of hot air,пустой трепот
full of it,наигранный
full of oneself,самодовольный
full of piss and vinegar,полный энергии и напора
full pelt,на полную мощность
full ride,полная стипендия
full speed ahead,полный вперед
full steam,на полную мощность
full tide,высокий прилив
full tilt,на полную мощность
full tilt boogie,в полную силу
full to the gills,до краев наполненный
full whack,в полную силу
full-time job,работа на полный рабочий день
fully briefed,полностью проинформирован
fully fledged,полностью сформированный
fully rigged,полностью оснащенный
fun and games,развлечения и игры
fun in a bun,веселье в пучке
fun on a bun,хот-дог
fun up,весело
functionally complete,полностью функциональный
funk out,отригивать
funk up,испортить
funny as a barrel of monkeys,весёлый как обезьяна
funny bone,смешное место
funny man,смешной человек
funny stuff,смешные вещи
funny that,смешно то что
fur out,распушиться
fur up,встать дыбом
furbish up,обновить
furnish out,обставлять
fuss around,суетиться
fuss over,взволноваться
futt about,отвлекаться
futz around,бездельничать
futz with,вмешиваться
fuzz out,размыть
fuzzy over,размытый
G. O. A.,Г.О.А
gaff off,отключить
gag me with a spoon,заткни меня ложкой
gagging for it,жаждущий этого
gain momentum,набирать обороты
gain on,прибыль от
gain over,добиться
gain time,выиграть время
gain upon,добиться
gall and wormwood,желчь и полынь
gallows humor,чёрный юмор
game face,серьезное выражение лица
game is game,игра есть игра
game on,игра началась
game out,проиграть
game over,конец игры
game plan,план действий
gandy dancer,железнодорожный рабочий
gang up,объединяться
gang up on,нападать сообща
gape for,разинуть рот от удивления
gapers' block,завал
garden variety,обычный
garner up,собирать
Gary Glitter,Гэри Глиттер
gas and air,закись азота
gas and go,заправка и вперед
gas out,выпускать газ
gas up,заправить
gate off,закрытая калитка
gateway drug,наркотик-провокатор
gather dust,пылиться
gather oneself together,собраться с силами
gather rosebuds,собирать бутоны роз
gather up,собирать
gather way,собираться
gavel out,отбить молотком
gavel to order,объявляю заседание открытым
gay for pay,за деньги
gay for the stay,туристический гей
gay up,веселиться
gear down,переходить на пониженную передачу
gear to,передавать
gear towards,ориентирован на
gear up,готовиться
gee along,поехали
gee up,подбодрить
geek chic,гик-шик
geek out,увлечься
geez Louise,Боже мой
geeze up,подбадривать
geg in,неизвестно
gen up,придумать
gen. et sp. nov.,род и вид, новые
gender bender,изменение пола
genetic lottery,генетическая лотерея
genetically engineered,генетически модифицированный
genetically modified,генетически модифицированный
gentle as a lamb,нежный как ягнёнок
gentle giant,добрый великан
gentle sex,мягкий пол
genuine article,подлинный оригинал
geographically challenged,Не разбирается в географии
German goiter,Эндемический зоб
German virgin,Невинная девушка из Германии
get a charge out of,получать удовольствие
get a clue,пойми суть
get a fix,добиться чего-либо
get a grip,Приди в себя
get a horse,купить лошадь
get a kick out of,получать удовольствие
get a leg up,получить преимущество
get a life,найди себе занятие
get a line on,узнать информацию
get a move on,Двигайся быстрее
get a pair,купить пару
get a rise out of,вызвать реакцию
get a room,найдите комнату
get a wiggle on,Двигайся быстрее
get a wriggle on,Двигайся быстрее
get about,разбираться
get above oneself,прийти в себя
get across,передать
get after,преследовать
get ahead,опережать
get ahead of,опережать
get ahead of oneself,загонять себя в угол
get along,ладить
get amongst it,включиться
get around,объезжать
get around to,найти время
get at,добиваться
get away,уйти
get away with,избежать наказания
get back,вернуться
get back at,отомстить
get back on the horse,вернуться к работе
get back to,вернуться
get beans,купить фасоль
get behind,поддерживать
get bent,пошёл вон
get bent out of shape,расстраиваться
get better,становиться лучше
get between,помещаться между
get big or get out,или уходи
get blood out of a stone,выжать воду из камня
get busy,заняться
get by,выживать
get by with,обходиться
get changed,переодеться
get down,спуститься
get down on,спуститься
get down to,приступать к
get down to bedrock,достичь самой основы
get down to brass tacks,перейти к делу
get down to business,приступать к делу
get down to cases,приступать к делу
get even,отомстить
get even or get even worse,стать ещё хуже
get fresh,освежиться
get grey hair from,поседеть от
get high,употреблять наркотики
get hold of,получить
get in,войти
get in on,присоединиться
get in the boat and row,Садись в лодку и греби
get in the way,мешать
get in touch,связаться
get in trouble,попасть в неприятности
get in with,вступить в
get ink,получить чернила
get into,попасть
get into it,увлечься
get into one's stride,Вливаться в ритм
get into someone's pants,сблизиться с кем-то
get into the act,включиться
get into the wrong hands,попасть не в те руки
get into trouble,попасть в неприятности
get it,получить
get it how one lives,жить как умеет
get it in,получить
get it in ya,получи это
get it on,получить это
get it together,соберитесь
get it up,поднять
get late,опоздать
get life,жить
get lost,потеряться
get misty,затуманиваться
get moving,Двигайся
get off,выходить
get off lightly,легко отделаться
get off of someone's cloud,выйти из-под влияния кого-либо
get off on,получать удовольствие от
get off one's chest,высказать
get off one's high horse,спускаться с высокого коня
get off the ground,взлететь
get off the mark,начать движение
get off with,справиться с
get on,садиться
get on at,садиться на
get on it,заниматься этим
get on somebody's nerves,раздражать
get on someone's grill,ругать кого-то
get on someone's nerves,раздражать
get on the end of,достичь конца
get on the stick,включитесь
get on to,приступать к
get on up,вставать
get on with,ладить с кем-то
get one over on,обмануть
get one up on,опередить
get one's act together,взять себя в руки
get one's ass in gear,взяться за дело
get one's bowels in an uproar,вызвать расстройство кишечника
get one's butt somewhere,пойти куда-то
get one's claws into,вцепиться
get one's claws out,выпускать когти
get one's clock cleaned,быть побежденным
get one's feet wet,попробовать свои силы
get one's fill,насытиться
get one's finger out,взяться за дело
get one's fingers burnt,погореть
get one's fingers onto,попасть к
get one's foot in the door,пробиться
get one's freak on,отрываться
get one's fuck on,заниматься сексом
get one's hands dirty,запачкаться
get one's hands on something,получить что-то
get one's head around something,понять что-то
get one's head straight,прийти в себя
get one's hopes up,заводить надежды
get one's juices flowing,вдохновляться
get one's kicks,получать удовольствие
get one's knickers in a knot,расстраиваться
get one's knickers in a twist,выходить из себя
get one's marching orders,получить распоряжение
get one's mind around something,понять что-то
get one's monkey up,разнервничаться
get one's panties in a bunch,взволноваться
get one's panties in a pretzel,прийти в ярость
get one's panties in a wad,расстраиваться
get one's priorities right,расставить приоритеты
get one's priorities straight,расставить приоритеты
get one's shine box,получить коробку с блестками
get one's shirt out,расстегнуть рубашку
get one's shit together,привести себя в порядок
get one's shorts in a knot,расстраиваться
get one's skates on,быстрее делай
get one's teeth into something,увлечься чем-либо
get one's tits in a wringer,выкручивать руки
get one's undies in a bundle,расстраиваться
get one's way,достичь своей цели
get one's wires crossed,недопонимание
get oneself together,прийти в себя
get onto,забираться
get out,выходи
get out from under,выбраться из-под
get out of,выходить из
get out of Dodge,убираться отсюда
get out of hand,выйти из-под контроля
get out of here,уходи отсюда
get out of jail free card,карточка, дающая право избежать тюремног…
get out of my face,Отойди от меня
get out of my sight,Уйди с моих глаз
get out of someone's hair,не мешать
get out the vote,мобилизация избирателей
get out while the getting's good,уйти, пока все хорошо
get outta here,Уходи отсюда
get over,преодолеть
get over on,обмануть
get over oneself,перестать жалеть себя
get past,преодолеть
get past oneself,преодолеть себя
get rekt,получи по заслугам
get rid of,избавиться от
get right,получить право
get right into it,сразу приступить к делу
get round,обойти
get round to,найти время для
get some air,подышать воздухом
get somebody the green light,дать разрешение
get someone at it,заняться этим
get someone's back up,поддерживать кого-то
get someone's dander up,раздражать кого-то
get someone's goat,раздражать
get someone's neurons firing,пробудить интерес
get something over with,закончить с чем-то
get something the green light,получить разрешение
get started,начинать
get straight,говорить прямо
get stuck in,застрять в
get stuck into,увлечься
get taken in,обмануть
get the ball rolling,начать
get the band back together,собрать группу снова
get the better of,победить
get the boot,уволить
get the bullet,получить пулю
get the chop,потерять работу
get the door,открой дверь
get the drawers,достать ящики
get the drift,понять суть
get the feeling,почувствовать
get the goods on,получить информацию о
get the green light,получить разрешение
get the hang of,освоить
get the idea,понять идею
get the impression,создать впечатление
get the lead out,Двигайтесь быстрее
get the memo,получить информацию
get the message,понять сообщение
get the nod,получить одобрение
get the noggin joggin',заставить мозг работать
get the point,понять суть
get the runaround,оттягивать время
get the sack,уволить
get the show on the road,Начинаем представление
get the wind up,заставить нервничать
get the word out,распространить информацию
get thee behind me,отойди от меня
get there,добраться туда
get this,получить это
get through,пройти через
get through one's head,усвоить
get to,добраться
get to first base,выйти на первую базу
get to grips with,понять
get to one's feet,встать на ноги
get to the bottom of,разобраться
get to the fireworks factory,попасть на завод фейерверков
get to the point,Переходите к делу
get to work,приступать к работе
get together,собираться вместе
get under it,под ним
get under somebody's skin,раздражать
get under someone's skin,раздражать
get underneath someone's skin,раздражать кого-то
get up,встать
get up in,встать
get up into,подниматься в
get up off,встать с
get up the yard,вызвать во двор
get up to,достигать
get up to speed,быстро освоить
get up with the chickens,вставать с петухами
get used,привыкнуть
get well,выздоравливайте
get well soon,скорей поправляйся
get wet,намокнуть
get what one asked for,получить то, что просили
get what's coming to one,получить по заслугам
get wind,услышать
get wind in one's jaws,задубеть от холода
get wind of,услышать
get wind of something,услышать о чем-то
get with,встречаться с
get with it,Включайся
get with the program,Влиться в коллектив
get with the times,идти в ногу со временем
get you,понять тебя
GG no re,Хорошая игра, без обид
ghetto bird,машина для катания по району
ghetto lottery,лотерея для бедных районов
ghost at the feast,призрак на пиру
ghost from one's past,призрак прошлого
ghost home,пустой дом
gift from above,дар свыше
gift from heaven,дар небес
gift from the goddesses,дар богинь
gift from the heavens,дар небес
gift horse,дар
gift of the gab,дар убеждения
gift that keeps on giving,подарок, который приносит пользу долгое …
gild the lily,украшать без нужды
gimme a break,Дай мне передохнуть
gimme a five,похлопай пять
gin up,приготовить
ginger knob,имбирный ноб
ginger up,подбадривать
gingerbread up,имбирное печенье
gird up one's loins,подготовиться
give a damn,быть не равнодушным
give a fuck,мне плевать
give a good account of oneself,проявить себя с лучшей стороны
give a hang,быть не против
give a hoot,быть не равнодушным
give a light,зажечь
give a man a fish,накормить человека рыбой
give a monkey's,быть равнодушным
give a nod,кивнуть
give a rat's arse,мне плевать
give a rip,быть не равнодушным
give a shit,быть равнодушным
give a sneck posset,дать подножку
give about,дать примерно
give against,противостоять
give and take,взаимность
give as good as one gets,отплачивать той же монетой
give away,отдавать
give away the farm,раздарить всё
give away the store,раздать всё
give back,вернуть
give birth,родить
give by,давать
give chase,преследовать
give credit where credit is due,отдавать должное
give curry,карри
give dome,дайте немного
give ear,прислушиваться
give face,делать комплимент
give forth,выдавать
give head,делать оральный секс
give heed,обращать внимание
give in,сдаваться
give into,поддаваться
give it a red-hot crack,дать жару
give it a shot,попробуй
give it a whirl,попробуйте
give it one's best shot,приложить все усилия
give it the big one,дать полную порцию
give it the gun,дайте ему пистолет
give it to someone,дать кому-то
give it up,бросить
give life to,оживить
give lip,отвечать грубостью
give me,дайте
give me a break,Дайте мне отдохнуть
give notice,уведомить
give of oneself,отдавать себя
give off,излучать
give one's all,отдать все силы
give one's head a shake,покачать головой
give one's life,пожертвовать жизнью
give oneself airs,задираться
give or take,плюс минус
give out,раздавать
give over,передавать
give pause,заставить задуматься
give rise to,порождать
give somebody a hard time,доставлять неприятности
give somebody the benefit of the doubt,дать кому-то шанс
give somebody the green light,дать разрешение
give someone a bloody nose,набить морду
give someone a break,дать кому-то передышку
give someone a hand,помочь кому-то
give someone a hard time,доставлять неприятности
give someone a ring,позвонить кому-то
give someone a shout,позвать
give someone a speaking to,отчитать
give someone an earful,отчитать
give someone beans,обмануть кого-то
give someone enough rope,дать кому-то свободу действий
give someone grey hair,заставить кого-то поседеть
give someone grief,доставлять неприятности
give someone Hail Columbia,поздравьте кого-то
give someone hell,доставлять кому-то неприятности
give someone line,говорить кому-то
give someone something to think about,заставить кого-то задуматься
give someone the bag,дать сумку
give someone the boot,уволить
give someone the brush-off,отвергнуть
give someone the business,отказывать
give someone the chair,отдать кому-то стул
give someone the cold shoulder,игнорировать кого-то
give someone the creeps,вызывать у кого-то неприятные ощущения
give someone the eye,подмигивать
give someone the heave-ho,уволить
give someone the old heave-ho,уволить
give someone the runaround,водить по кругу
give someone the slip,уйти незамеченным
give someone their cards,дать кому-то его карты
give someone their flowers,отдать должное
give someone their head,дать волю
give someone time,дать время
give someone to understand,помочь понять
give someone what for,отругать
give someone what-for,отругать
give someone wood,возбудить кого-то
give something a go,попробовать
give something a miss,пропустить
give something a try,попробовать
give something a whirl,попробовать
give something the green light,дать разрешение
give the axe,уволить
give the devil his due,отдать дьяволу, что ему причитается
give the elbow,показать локоть
give the game away,раскрыть секрет
give the green light,дать разрешение
give the lie,обнаружить ложь
give the lie to,опровергнуть
give the royal treatment,оказать королевское отношение
give the sack,уволить
give the time of day,указать время суток
give up,сдаваться
give up the ghost,умереть
give way,уступить дорогу
give weight,придавать значение
give what for,отругать
give your head a wobble,покачай головой
give zero fucks,не парясь
given that,учитывая что
given time,выделенное время
glad tidings,радостная новость
glam up,приукрасить
glance away,отвести взгляд
glance off,отразиться
glance over,быстро просмотреть
glass ceiling,стеклянный потолок
glaze over,покрывать глазурью
glaze up,блестеть
glitch out,глючить
glom on,прилипать
glom onto,прилипать
glomb on,прилипать
glomb onto,цепляться
glomp on,обнять крепко
glomp onto,обхватить
gloom and doom,мрак и безнадежность
glory be,Слава Богу
gloss over,замалчивать
glove up,надеть перчатки
gloves are off,перчатки сняты
glow up,преображение
glutton for punishment,любитель наказаний
gnash one's teeth,скрежетать зубами
gnash up,скрести зубы
gnaw someone's vitals,грызть до костей
go a long way,много помочь
go about,заниматься чем-либо
go about to,заниматься чем-либо
go after,преследовать
go against,идти против
go against the grain,идти против течения
go ahead,вперед
go ahead with,продолжать
go all around the Wrekin,обойти вокруг Урекина
go all out,выкладываться на полную
go all the way,идти до конца
go along,идти вместе
go along for the ride,ехать вместе
go along to get along,ладить ради спокойствия
go along with,соглашаться
go along with the gag,поддерживать шутку
go and boil your head,иди и прокипяти свой мозг
go and eat coke,пойди и поешь колу
go around,обходить
go around in circles,ходить кругами
go around the houses,обходить дома
go around with,общаться с
go at,идти к
go at a good clip,двигаться быстро
go at it,начинай
go away,уходи
go back,вернуться
go back in time,вернуться в прошлое
go back on,отменить
go back to,вернуться
go back to the drawing board,начинать всё сначала
go back to your country,вернись в свою страну
go bail,выплатить залог
go ballistic,выходить из себя
go bananas,сходить с ума
go batshit,сходить с ума
go begging,просить милостыню
go below,опускаться
go berserk,сходить с ума
go between,посредник
go beyond,превосходить
go big or go home,Или всё или ничего
go by,проходить
go by the board,идти насмарку
go by the wayside,уйти в тень
go climb a tree,залезь на дерево
go commando,ходить без нижнего белья
go commit,совершить
go down,спускаться
go down in flames,погибнуть в огне
go down on,спускаться
go down that road,пойти по этой дороге
go down the drain,уйти в никуда
go down the khazi,сходить в туалет
go down the pan,пойти ко дну
go down the road,ехать по дороге
go down the toilet,уйти в унитаз
go down the tubes,провалиться
go down the wrong way,пойти не в ту сторону
go down with,умереть от
go downhill,идти под гору
go downtown,поехать в центр
go Dutch,платить поровну
go easy on somebody,не давить на кого-либо
go far,уходить далеко
go fig,иди к черту
go figure,ну что ж
Go Fish,Игра в карты
go fly a kite,пойди запусти воздушного змея
go for,идти на
go for a song,продаваться за бесценок
go for broke,идти ва-банк
go for it,действуй
go for the gold,стремиться к победе
go for the kill,добиться победы
go for the throat,нападать
go forth,идите вперед
go forth and multiply,умножайтесь
go free,свободно
go from strength to strength,идти от успеха к успеху
go from zero to hero,из ничтожества в героизм
go fuck oneself,иди на хуй
go fuck your mother,иди нахуй
go fuck yourself sideways,иди нахуй
go Galt,уйти в Галт
go get 'em,Дерзай
go great guns,преуспевать
go green,становиться экологичным
go halfsies,делить пополам
go halves,делить пополам
go hang,иди провались
go hard or go home,Будь решительным или уходи
go hard with someone,быть с кем-то строгим
go Hollywood,пойти по голливудскому пути
go horribly right,идеально сработало
go in,войти
go in for,заниматься
go in for the kill,нападать для убийства
go in off,выйти из игры
go in on,вступать
go in the out door,выходить через заднюю дверь
go in with,вступать
go into,войти
go into one's shell,сжиматься в панцирь
go it alone,идти в одиночку
go jump in the lake,Иди прыгай в озеро
go jump off a bridge,Прыгай с моста
go jump off a building,Прыгни с крыши здания
go jump off a cliff,Прыгай со скалы
go left,налево
go moggy,кошка
go native,жить как местный
go nowhere,ничего не достичь
go nowhere fast,быстро никуда не приходить
go off,срабатывать
go off at score,сходить с ума от счета
go off half-cocked,действовать необдуманно
go off into the weeds,уйти в дебри
go off on one,отклоняться от темы
go off the boil,остывать
go on,продолжай
go on by,проходите мимо
go on one's merry way,жить своей жизнью
go on sale,поступить в продажу
go on the mitch,идти на мич
go on the scout,идти на разведку
go on then,Ну же
go one's own way,идти своим путем
go or blow,дуть или идти
go out,выходить
go out of business,обанкротиться
go out of one's way,прилагать все усилия
go out with a bang,закончить с грохотом
go out with the ark,выходить с Ноем
go over,просмотреть
go over someone's head,превышать полномочия кого-либо
go over to the majority,перейти в большинство
go overboard,переусердствовать
go past,пройти мимо
go pear-shaped,испортиться
go places,путешествовать
go play in the traffic,иди поиграй на дороге
go public,выходить на биржу
go rogue,отделиться от группы
go round,обходить
go round in circles,ходить кругами
go round with,встречаться с кем-либо
go shit yourself,иди нахер
go snake,ползти змея
go so far as,доходить до
go soak your head,иди помысли голову
go south,идти на юг
go straight,идите прямо
go the distance,преодолеть все трудности
go the extra mile,прилагать дополнительные усилия
go the way of,пойти по пути
go the way of the dinosaurs,исчезнуть как динозавры
go the way of the dodo,выйти из употребления
go the whole hog,сделать всё возможное
go their separate ways,расходиться разными путями
go through,проходить через
go through hell,пережить ад
go through the gears,переключать передачи
go through the mill,пережить трудности
go through the motions,выполнять формальности
go through with,выполнить
go to,идти к
go to bat,выступать в роли защитника
go to Canossa,пойти в Каноссу
go to great lengths,прилагать большие усилия
go to great lengths to do something,прилагать большие усилия
go to ground,уйти в подполье
go to one's head,втираться в голову
go to pieces,разваливаться
go to Prestwich,поехать в Прествич
go to sea,выходить в море
go to seed,увядать
go to sleep,ложиться спать
go to someone's head,зайти в голову
go to the bow-wows,пойти на собачью площадку
go to the dogs,прийти в упадок
go to the mat,выступить на ковре
go to the mattresses,готовиться к войне
go to the polls,идти на выборы
go to the scaffold,подняться на эшафот
go to the wall,идти к стене
go to the well,идти к колодцу
go to town,ехать в город
go to town on,тратить много денег
go to war,идти на войну
go to work,идти на работу
go together,ходить вместе
go too far,перейти черту
go towards,двигаться в направлении
go tutti-frutti,использовать начинку "тути-фрути
go under,погружаться
go up,подниматься
go up against,противостоять
go up for,подниматься для
go up in flames,вспыхнуть
go up in smoke,рассыпаться прахом
go walking,гулять пешком
go wild,сходить с ума
go with,соглашаться
go with one's gut,следовать своей интуиции
go with the flow,идти по течению
go with the flow of traffic,двигаться в потоке машин
go with the wind,идти по ветру
go without,обходиться без
go without saying,не требует доказательств
go wrong,пойти не так
gob off,убирайся
gob up,поглощать
gobble down,жадно есть
gobble off,поглощать
gobble up,поглощать
God bless someone's cotton socks,Да благословит Господь его носки
God does not play dice,Бог не играет в кости
God doesn't give with both hands,Бог не дает двумя руками
God forbid,Бог миловал
God forfend,Боже упаси
God hates a coward,Бог ненавидит труса
God helps them that help themselves,Бог помогает тем, кто сам себе помогает
God helps them who help themselves,Бог помогает тем, кто сам себе помогает
God helps those who help themselves,Бог помогает тем, кто сам себе помогает
God is in the detail,Бог скрыт в деталях
God knew,Бог знал
God knows,Бог знает
God love someone,Бог да поможет
God loves a trier,Бог любит старающихся
God only knows,Бог знает
God rest her soul,Пусть Бог упокоит её душу
God rest his soul,Пусть его душа покоится с миром
God rest their soul,Пусть душа их покоится с миром
God rest their souls,Да упокоит Бог их души
God Shave the Queen,Да здравствует королева
god that failed,бог, который потерпел неудачу
God works in mysterious ways,Бог действует таинственным образом
God's eye,Божий глаз
God's gift,Божий дар
God's gift to men,Божий дар для людей
God's gift to women,Божий дар женщинам
God's green earth,Земля
God's honest truth,Правда
God's work,Божья работа
Goddess knows,Бог знает
Goddess only knows,Богу известно
gods bless you,Бог вас благословит
going away,уходящий
going on,происходит
going rate,текущая цена
going to,идущий
gold in them thar hills,золото в этих горах
gold is where you find it,золото там, где его можно найти
gold mine,золотая жила
gold over,позолота
golden age,золотой век
golden duck,золотой утенок
golden goose,золотая гусь
golden handcuffs,золотые кандалы
golden handshake,золотой запас
golden hello,золотой привет
golden mean,золотое сечение
golden opportunity,золотая возможность
golden parachute,золотой парашют
golden rule,золотое правило
golden thread,золотая нить
golden ticket,золотой билет
golden touch,золотое прикосновение
golden years,золотые годы
golf widow,вдова гольфиста
gone by lunchtime,к обеду закончится
gone case,безнадёжный случай
gone fishing,пошёл на рыбалку
gone north about,пошёл на север примерно
gone with the wind,Унесённые ветром
Gong Xi Fa Cai,С праздником
gonk out,сломаться
good afternoon,Добрый день
good and,хорошо и
good as gold,как золото
good as new,как новый
good black don't crack,хорошо, черный, не трескается
good books,хорошие книги
good boy,хороший мальчик
good boys deserve fudge always,хорошие мальчики заслуживают шоколадную …
good coin,хорошая монета
good day,Добрый день
good deal,выгодная сделка
good doctor,хороший доктор
good drunk,хорошо пьяный
good egg,хороший человек
good enough for government work,подходит для работы на государственную с…
good enough for jazz,подходит для джаза
good enough to eat,вполне съедобно
good eve,Добрый вечер
good fences make good neighbors,Хорошие заборы делают хороших соседей
good fences make good neighbours,Хорошие заборы делают хороших соседей
good game,хорошая игра
good girl,хорошая девочка
good God,Боже мой
good graces,в хороших отношениях
good gracious,Боже мой
good head on one's shoulders,смышленый
good job,отлично сделано
good life,хорошая жизнь
good looker,красивый человек
good luck,удачи
good morn,доброе утро
good morning,доброе утро
good night,спокойной ночи
good night nurse,Спокойной ночи, медсестра
good noon,добрый день
good old days,хорошие старые времена
good on someone,молодец
good riddance,избавьтесь от него
good run,хорошая пробежка
Good Samaritan,Добрый самаритянин
good sense,здравый смысл
Good Thing,Хорошая вещь
good things come in small packages,Маленькое, да удалое
good things come in threes,хорошее редко бывает единожды
good time coming,впереди хорошие времена
good times,хорошие времена
good turn,добрый поступок
good value,хорошее соотношение цены и качества
good voice to beg bacon,хороший голос для того, чтобы попросить …
good wine needs no bush,Хорошее вино само себя заговорит
good-time Charlie,весельчак
goodness gracious,Боже мой
goodness gracious me,Боже мой
goodness knows,кто знает
goodness me,Боже мой
goodnight Irene,Спокойной ночи, Ирин
goodnight nurse,спокойной ночи, медсестра
goodnight Vienna,Спокойной ночи, Вена
goof around,шалить
goof off,лениться
goof on,обмануть
goof up,наделать ошибок
Google is your friend,Google - ваш друг
google up,поискать в Google
gook up,погуглить
goon out,выходить
goon squad,банда головорезов
goose up,подняться вверх
gooseberry eye,голубой глаз
gooseberry season,сезон крыжовника
gorilla in the room,слон в комнате
gosh knows,кто знает
got it,понял
got it going on,получилось
got to,должен
goth out,вышел
goth up,подняться вверх
gottle o' geer,боже мой
gouge out,вырезать
grab and go,еда на вынос
grab at,хвататься
grab by the lapels,ухватить за лацканы
grab off,схватить
grab the bull by the horns,взять быка за рога
grab the popcorn,хватайте попкорн
graceful degradation,изящное ухудшение
gradually typed,постепенно введенный тип
graff up,украсить граффити
grain of truth,частичка правды
grain up,увеличивать зернистость
grammar Nazi,фанат грамматики
grammar police,полиция грамматики
grand passion,страстная любовь
grand poobah,главный босс
grand scheme,глобальный план
Grand Strand,Большой пляж
grand total,общая сумма
grandfather in,внутренний
grandstand play,зрелищный ход
granny dumping,выброс отходов
granny's fanny,трусы бабушки
granted that,при условии что
grapes of wrath,гроздья гнева
grapple with,бороться с
grasp at straws,хвататься за соломинку
grass on,на траве
grass tops,верхушки травы
grass up,выдавать
grate on somebody's nerves,раздражать
gravitationally challenged,неуклюжий
gravity's pull,гравитационное притяжение
gravy train,легкие деньги
gray hat,серый шляпник
gray out,затемнять
grease it on,намазать жиром
grease monkey,механик
grease payment,взятка
grease someone's palm,дать взятку
grease the skids,облегчить задачу
grease the wheels,смазать шестерёнки
grease up,смазать
greasy spoon,закусочная
great balls of fire,огненные шары
great beyond,запредельный
great deal,большая скидка
great haste makes great waste,Спешка мешает качеству
great job,отличная работа
great minds,великие умы
great minds think alike,великие умы мыслят одинаково
great oaks from little acorns grow,Из маленького желудя вырастают большие д…
great unwashed,бедняки
greater of two evils,меньшее из двух зол
greatest thing since sliced bread,самое лучшее изобретение со времен хлеба
Greek calends,греческие календы
green about the gills,зелёный от волнения
green as grass,зеленый как трава
green fingers,золотые руки
green handshake,зелёное рукопожатие
green in earth,зеленый на земле
green indigo,зеленый индиго
green light,зеленый свет
green lights to Malibu,зеленый свет Малибу
green old age,зеленая старость
green out,зеленый цвет
green queen,зеленая королева
green state,зелёное состояние
green thumb,зеленый палец
green up,зеленеть
green with envy,позеленеть от зависти
greener pastures,лучшие перспективы
grey area,серая зона
grey cells,серые клетки
grey matter,серое вещество
grey out,затемнять
grey power,сила пожилых людей
grill up,жарить на гриле
grin and bear it,терпеть
grind down,измельчать
grind one's gears,выводить из себя
grind out,вырабатывать
grind the corn,молоть кукурузу
grind up,измельчать
grinding machine,шлифовальный станок
grip off,отключить захват
grip oneself with both hands,обхватить себя руками
grip up,ухватиться крепче
grist for the mill,материал для размышлений
grist to the mill,материал для работы
grit one's teeth,сжимать зубы
groove on,наслаждаться
gross out,вызвать отвращение
gross up,увеличивать
ground and pound,земля и кулаки
ground ball with eyes,ловля мяча снизу, не глядя
ground floor,первый этаж
ground out,выбитый
ground rule,основное правило
grow a pair,наберись смелости
grow a set,Мужскоголобый будь
grow a tail,вырастить хвост
grow apart,расходиться
grow away from,удаляться от
grow cold,остывать
grow into,расти
grow on,расти
grow out,вырастать
grow out of,перестать
grow some balls,наберись смелости
grow up,вырастать
grub along,перебиваться
grub out,выкорчевывать
grub up,поесть
gruesome twosome,жуткая парочка
grunt level,уровень начального специалиста
grunt work,рутинная работа
guard against,защищаться от
guess what,угадай что
guff off,отступать
guide on the side,помощь со стороны
guilt trip,упрек
guilty pleasure,невинное удовольствие
gulp down,глотать
gulp up,глотать
gum up,засорять
gummy up,залипать
gun down,расстрелять
gun for,стрелять
gun jumping,рывком выстрелить
gun off,отстрел
gun to your head,пистолет у виска
gun up,подмазать маслом
gunboat diplomacy,дипломатия силы
gunk up,засорять
gunner's daughter,дочь артиллериста
guns blazing,с оружием наготове
gussie up,украсить
gussy up,украшать
gut check,проверка
gut factor,фактор качества
gut feeling,предчувствие
gut for,подходит для
gut out,вычищать
gut reaction,инстинктивная реакция
gut through,проходить через
gut up,подбадривать
gutless wonder,бесхребетный тип
guts out,выпотрошить
gutter out,выплеснуть
guzzle down,глотать
guzzle up,жадно поглощать
ha ha,ха ха
hab or nab,не знаю
hack about,кашлять
hack around,ковырять
hack away,рубить
hack it,взломать
hack off,отрубить
hack up,рвать
hackle up,распушить
had better,лучше
hadaway and shite,вот это ерунда
hadn't ought,не следовало
Haggis McBaggis,Хэггис МакБэггис
hail down,град
hail from,быть родом из
hair of the dog,похмелье
hair out of place,волосы не на месте
hair up,волосы вверх
hair's breadth,на волосок
hairy canary,пушистый канарчик
hairy molly,волосатая молли
hakuna matata,не беспокойся
halcyon days,безмятежные дни
hale and hearty,здоров и бодр
half a brain,половина мозга
half a head,половина головы
half a mind,половина разума
half again,в полтора раза больше
half in the bag,почти готово
half joke,полушутка
half murder,полуубийство
half the battle,половина битвы
half the story,половина истории
half-night stand,одноразовая связь на одну ночь
halfway decent,более-менее приличный
Hallmark moment,Знаковое событие
halter up,поднять поводья
ham it up,играть роль
ham up,преувеличивать
hammer and tongs,изо всех сил
hammer away,усердно работать
hammer home,подчеркнуть
hammer out,выбивать
hammer up,забивать гвозди
hamster wheel,беговое колесо для хомяков
hand around,передавать
hand away,отдавать
hand back,вернуть
hand down,передавать по наследству
hand in,сдать
hand in glove,неразлучные
hand in one's dinner pail,сдавать рабочую сумку
hand it out,раздавать
hand it to,передайте это
hand it to someone,передать кому-то
hand off,передать
hand on,на руке
hand out,раздавать
hand over,передать
hand over fist,быстро и много
hand over hand,рука об руку
hand over head,над головой
hand round,передавать по кругу
hand someone their cards,дать кому-то его карты
hand someone their hat,отомстить кому-либо
hand someone their head,дать кому-то по голове
hand to God,честное слово
hand to mouth,от бедноты
hand up,поднять руку
hand waving,махание рукой
handbags at dawn,драка на рассвете
handbags at ten paces,готовность к бою
handle oneself,справиться
handle up,поднять вверх
handle with kid gloves,обращаться осторожно
handled the ball,обрабатывал мяч
handpick out,выбирать вручную
hands down,безусловно
hands up,руки вверх
handsome is as handsome does,Внешность – не главное, важны поступки
handsome is that handsome does,красивый - это тот, кто делает хорошие п…
handwriting on the wall,надпись на стене
hang a leg,подвесить ногу
hang a Louie,повесить Луи
hang a Ralph,повесить Ральфа
hang a uey,повесить ключ
hang about,болтаться
hang an arse,болтаться без дела
hang around,тусоваться
hang back,отступать
hang behind,отставать
hang by a thread,на волоске
hang heavy,тяжело висеть
hang in,не сдаваться
hang in the balance,в подвешенном состоянии
hang in there,Держись
hang low,висеть низко
hang off,отлипать
hang on,подожди
hang on every word,внимательно слушать каждое слово
hang on in there,Держитесь
hang on to your hat,Держитесь крепче
hang one on,выпить
hang one's hat,закончить работу
hang onto,держаться
hang onto your hat,Держитесь крепче
hang out,тусоваться
hang out one's shingle,объявить о начале своей деятельности
hang out to dry,оставить без поддержки
hang over,навешиваться
hang over someone's head,нависать над кем-то
hang round,болтаться
hang the moon,подвесить луну
hang tight,подожди немного
hang to,висить
hang together,быть вместе
hang tough,Держись
hang up,вешать
hang up one's boots,закончить карьеру
hang up one's fiddle,закончить играть на скрипке
hang up one's hat,закончить работу
hang upon,зависеть от
hang with,общаться
hangar queen,летающая тарелка
hanging offence,преступление, за которое полагалась смер…
happen across,наткнуться
happen along,случайно встретиться
happen by,случайно
happen on,происходить
happen upon,случайно встретить
happily ever after,и жили они долго и счастливо
happy 4th,счастливого 4-го июля
happy as a pig in mud,счастливый как свинья в грязи
happy as a pig in shit,счастливый как свинья в грязи
happy birthday,С днем рождения
happy chappy,весёлый парень
Happy Christmas,Счастливого Рождества
happy Easter,Счастливой Пасхи
happy Fourth,счастливого четвертого
happy Halloween,счастливого Хэллоуина
happy Hanukkah,Счастливого Хануки
happy holidays,счастливых праздников
happy Independence Day,С Днем независимости
happy Kwanzaa,Счастливого Кванзаа
happy landings,счастливого приземления
happy medium,золотая середина
happy Near Year,С Новым годом
happy New Year,С Новым годом
Happy New Year's,С Новым годом
happy panda,счастливый панда
happy place,место, где хорошо
happy Ramadan,Счастливого Рамадана
happy Valentine's Day,счастливого дня святого Валентина
hard as nails,жесткий как камень
hard at it,усердно работает
hard at work,усердно работает
hard cases make bad law,Сложные случаи порождают плохие законы
hard cheese,твёрдый сыр
hard done by,обманутый
hard feelings,обида
hard going,тяжело
hard nut to crack,сложная задача
hard of hearing,плохо слышащий
hard on the eyes,Утомляет глаза
hard pass,категорический отказ
hard pill to swallow,горькая пилюля
hard to come by,трудно достать
hard to swallow,трудно проглотить
hard up,в трудном положении
harden someone's heart,закалить сердце кому-то
harden up,укрепляться
hardy perennial,многолетник
hark back,возвращаться к прошлому
hark who's talking,Слушайте кто говорит
harken back,возвращаться в прошлое
harp on,постоянно повторять
harp on one string,играть на одной струне
harp on the same string,играть на одной струне
harrow up,тревожить
harsh down,жестко критиковать
has left the building,ушел из здания
hash out,обсудить
hash over,обсуждать
hash slinger,хакер
hash up,путать
hasta la pasta,пока
hasta la vista,до свидания
hasta pasta,паста
haste makes waste,Спешка мешает качеству
hat hair,волосы от шляпы
hat in hand,с протянутой рукой
hatch out,вылупиться
hatch up,придумывать
hatchet man,ликвидатор
hate on,ненавидеть
hate someone's guts,ненавидеть до глубины души
haters gonna hate,Ненавистники всегда будут ненавидеть
Hatfields and McCoys,Гэтфилды и Маккой
haul around,таскать
haul ass,мчаться
haul down,спустить
haul in,подтягивать
haul off,уезжать
haul out,вытаскивать
haul someone over the coals,строго отчитывать
haul up,поднимать
have a bad time of it,пережить трудные времена
have a ball,весело проводить время
have a bite,попробуй
have a blast,весело провести время
have a blessed one,будьте счастливы
have a bone to pick,иметь претензии
have a break,отдохнуть
have a brick in one's hat,быть очень удивлённым
have a clue,понимать
have a fable for,иметь басенку для
have a fine finger,иметь красивый палец
have a finger in,быть причастным к
have a fit,расстроиться
have a gas,получить удовольствие
have a go,попробовать
have a good one,Хорошего дня
have a good time,хорошо провести время
have a good time of it,хорошо провести время
have a good weekend,Хороших выходных
have a hand in,принимать участие
have a hand in something,принимать участие
have a handle on,управлять
have a hard time,с трудом
have a hard time of it,тяжело переживать
have a head for,быть способным к
have a heart,будь добрым
have a jag on,испытывать тягу
have a laugh,посмеяться
have a look,посмотрите
have a mind of one's own,иметь собственное мнение
have a moment,подождите минутку
have a mountain to climb,преодолевать трудности
have a nice day,Хорошего дня
have a nice life,живите счастливо
have a night of it,хорошо провести вечер
have a pair,иметь пару
have a point,вы правы
have a poor time of it,плохо провести время
have a quiet word,поговорить тихо
have a rough time of it,переживать трудные времена
have a row,ссориться
have a say,иметь право голоса
have a seat,садитесь
have a shot,попробовать
have a snootful,напиться
have a stab,попробовать
have a stroke,перенести инсульт
have a tantrum,капризничать
have a thin time of it,переживать трудные времена
have a thing for,интересоваться чем-либо
have a tiger by the tail,держать тигра за хвост
have a time,провести время
have a time of it,пережить трудные времена
have a track record,иметь опыт работы
have a way with,уметь находить подход
have a whale of a time,отлично провести время
have a word,говорить
have a word in someone's ear,наговорить кому-то
have a word with oneself,поговорить с собой
have against,против
have an accident,попасть в аварию
have an affair,заводить роман
have an easy time of it,легко справиться
have an eye for,иметь хороший вкус
have another thing coming,ждать чего-то другого
have another think coming,подумайте ещё раз
have at,начинайте
have bats in one's belfry,быть сумасшедшим
have been around,существовал
have been around a bit,немного пожил
have been around the block,много повидал
have blood on one's hands,иметь кровь на руках
have come a long way,прошли долгий путь
have done,сделал
have done with,закончил
have down,иметь
have down as,записать как
have eyes bigger than one's stomach,хотеть съесть больше, чем можно съесть
have fingers made of lime-twigs,иметь пальцы из веточек лайма
have fun,веселитесь
have fun with Dick and Jane,веселитесь с Диком и Джейн
have got,иметь
have got more chins than Chinatown,у неё очень много подбородков
have green fingers,уметь выращивать растения
have had it,достал
have had it up to here,Мне надоело
have had more than one's fair share of something,получить больше, чем полагается
have had one's chips,потерял терпение
have I got news for you,У меня для вас есть новости
have in mind,помнить
have it all,иметь всё
have it away,отдайте это
have it both ways,получить все преимущества
have it coming,заслужить это
have it going on,у него всё хорошо
have it in for,питать неприязнь к
have it in one,справляюсь с этим
have it large,сделайте побольше
have it made,жить в достатке
have it off,сразиться
have it out,поссориться
have it out for,питать неприязнь к кому-либо
have it your own way,как хотите
have it your way,как хочешь
have its moments,имеет свои моменты
have Jesus in one's heart,иметь Иисуса в сердце
have legs,иметь ноги
have more money than God,иметь больше денег, чем у Бога
have no time for,не хватает времени для
have no time for somebody,не хватает времени на кого-то
have no time for something,не хватает времени на что-то
have none of something,не иметь ничего
have off,выходной день
have one eye on somebody,следить за кем-то
have one eye on something,следить за чем-то
have one more time,ещё раз
have one's act together,быть собранным
have one's back up,возмущаться
have one's bread buttered for life,обеспечить себе безбедную жизнь
have one's ducks in a row,быть во всем на должном уровне
have one's ears lowered,опустить уши
have one's ears pinned back,чувствовать себя униженным
have one's finger on the trigger,быть готовым к действию
have one's fingers in many pies,быть вовлеченным во много дел
have one's foot in the door,иметь возможность начать что-то
have one's hand in the till,воровать
have one's hand out,протягивать руку
have one's hands full,быть очень занятым
have one's hands tied,быть бессильным
have one's head read,прочитать по руке
have one's heart in,быть увлеченным чем-либо
have one's mind about one,решиться
have one's moments,иметь свои моменты
have one's name on,быть указанным в качестве автора
have one's name taken,записать имя
have one's name written all over,быть очевидно, что
have one's number on it,быть указан на чём-либо
have one's shit together,быть собранным
have one's way,делать по-своему
have one's way with,добиваться своего
have one's wig snatched,остолбенеть от удивления
have one's wits about one,быть в здравом уме
have one's work cut out,быть очень занятым
have one's work cut out for somebody,быть очень занятым
have other fish to fry,у меня другие дела
have other ideas,есть другие идеи
have out,выходить
have over,иметь больше
have second thoughts,сомневаться
have seen better days,видели лучшие времена
have seen one's day,потерял былую форму
have seen one's last gum tree,увидел последний эвкалипт
have seen this movie,смотрел этот фильм
have several seats,иметь несколько мест
have someone by the balls,держать кого-то в ежовых рукавицах
have someone by the short hairs,быть у кого-то на коротком поводке
have someone on toast,поджарить кого-то на тостере
have someone's back,поддерживать кого-то
have someone's blood on one's head,нести ответственность за чью-то смерть
have someone's guts for garters,быть очень смелым
have someone's head,быть ответственным за что-то
have someone's hide,наказать
have someone's number,знать номер телефона
have something in your sights,быть в поле зрения
have something over with,закончить что-то
have something to show for something,иметь результаты
have the ball in one's court,решать
have the biscuit,пожалуйста, печенье
have the blues,грустить
have the floor,иметь слово
have the hots for,влюблён
have the last laugh,посмеяться над кем-то в конце
have the law of,иметь закон
have the pleasure of,иметь удовольствие
have the right time,быть в нужное время
have the tiger by the tail,держать тигра за хвост
have the time of one's life,получить огромное удовольствие
have the wind up,раздуть
have the wolf by the ear,держать волка за уши
have the world by the tail,быть хозяином положения
have time on one's hands,иметь свободное время
have time on one's side,иметь время в запасе
have truck with,иметь грузовик
have up,поднять
have Van Gogh's ear for music,иметь музыкальный слух как у Ван Гога
have words,иметь слова
have you eaten,ты поел
have you got the time,сколько времени
have you met me,вы со мной встречались
have-a-go hero,герой-самоучка
having said that,несмотря на это
hay is for horses,Сено для лошадей
hay is for horses and cows,Сено для лошадей и коров
hazard a guess,предположить
hazard creep,постепенное увеличение опасности
haze over,туман над
he laughs best that laughs last,кто смеется последним, тот смеется лучше
he who denied it supplied it,тот, кто отрицал это, предоставил это
he who hesitates is lost,Кто медлит, тот проигрывает
he who laughs last laughs best,кто смеется последним, смеется лучше все…
he who laughs last laughs hardest,кто смеется последним, смеется громче
he who smelt it dealt it,кто пахнет, тот и сделал
head and shoulders,голова и плечи
head for the hills,убегать в горы
head in the clouds,в облаках
head loss,потери давления
head of steam,паровоз
head off,отрезать голову
head out,уходить
head over heels,без памяти
head south,двигаться на юг
head start,преимущество
head to toe,от головы до ног
head up,подняв голову
headbutt with,удар головой
heads or tails,орел или решка
heads up,будьте внимательны
heads will roll,будут наказаны
heady days,прекрасные времена
heal over,заживать
heal up,выздоравливать
health is wealth,Здоровье - это богатство
health is your first wealth,Здоровье - это главное богатство
heap on,наваливать
heap up,нагромождать
hear from,услышать от
hear me out,выслушайте меня
hear of,слышать о
hear out,выслушать
hear the end of it,услышать концовку
hear the grass grow,слышать, как растет трава
hear things,слышать вещи
hear through the grapevine,услышать по слухам
hear voices,слышать голоса
hear what I'm saying,послушайте, что я говорю
hearken back,возвращаться в прошлое
heart and soul,от всей души
heart balm,утешение
heart goes out to,сочувствую
heart goes out to somebody,сочувствую кому-то
heart of glass,сердце из стекла
heart of gold,золотое сердце
heart of hearts,в глубине души
heart to heart,откровенный разговор
hearts and flowers,цветы и сердечки
hearts and minds,сердца и умы
hearts on sleeves,открытое сердце
heat through,нагреть насквозь
heat up,нагреть
heat wave,жаркая волна
heave to,стоять на якоре
heaven forbid,да помилует Бог
heaven helps those that help themselves,Бог помогает тем, кто сам себе помогает
heaven helps those who help themselves,Бог помогает тем, кто сам себе помогает
heaven knows,бог знает
heaven only knows,только Бог знает
heavy as a dead donkey,тяжелый как мертвый осел
heavy equipment,тяжелая техника
heavy foot,тяжелая поступь
heavy going,тяжело
heavy hand,жесткий подход
heavy hitter,лидер
heavy lifting,тяжелая работа
heavy with child,беременна
hedge about,увиливать
hedge around,ограждать
hedge in,ограждать
hedge one's bets,страховаться
heel out,пятка наружу
heel over,переворачиваться
heel up,подними пятку
heffalump trap,ловушка для эллефантов
heighten up,усилить
hell and half of Georgia,ад и половина Джорджии
hell around,вокруг ада
hell from above,ад с небес
hell if I care,мне все равно
hell if I know,я не знаю
hell mend someone,Бог накажет кого-то
hell on earth,ад на земле
hell on wheels,безудержный
hell or high water,что бы ни случилось
hell to pay,придется расплачиваться
hell to the naw,нет и тысяча раз нет
hell to the no,категорически нет
hell week,неделя ада
hell's bells,черт побери
helmet hair,прическа после ношения шлема
help along,помогать
help is on the way,помощь уже в пути
help out,помочь
help wanted,требуются сотрудники
helping hand,помощь
hem and haw,замяться
hem in,ограничивать
hem up,подшить
hen up,подняться
hen's tooth,как рак на горе свистнет
Hendry Kendry,Хендри Кендри
herbs and spices,травы и специи
herd cats,пытаться поймать кошек
herd together,собраться вместе
here and now,здесь и сейчас
here and there,здесь и там
here be dragons,здесь живут драконы
here goes nothing,ну что ж попробуем
here lies,здесь покоится
here to stay,остаться навсегда
here we are,мы здесь
here we go again,опять начинаем
here you are,вот ты
here you go,вот
here's hoping,Надеюсь
here's looking at you,Я смотрю на тебя
here's luck,удачи
here's mud in your eye,Вот тебе грязи в глаз
here's the deal,вот что случилось
here's the thing,вот что случилось
here's to,за
hermetically sealed,герметично запечатанный
heroiam slava,героям слава
herry up,Поторопитесь
het up,разогреть
hew down,срубать
hew out,вырубать
hidden in plain sight,на виду, но незаметно
hide and seek,прятки
hide away,прятать
hide behind,прятаться за
hide in plain sight,быть на виду, но незаметным
hide nor hair,ни следа
hide one's light under a bushel,скрывать свой талант
hide out,прятаться
hide the sausage,спрятать колбасу
hiding to nothing,скрываясь нигде
high and dry,на суше и в безопасности
high and low,вверх и вниз
high and mighty,высокомерный
high cotton,хлопок высшего качества
high ground,высокая позиция
high horse,заносчивость
high life,высший свет
high living,роскошная жизнь
high noon,полдень
high on the hog,жить на широкую ногу
high on the totem pole,важный человек
high road,путь наименьшего сопротивления
high strangeness,высокая степень странности
high summer,высокое лето
high time,пора
higher than a kite,в восторге
highway robbery,грабеж на дороге
highways and byways,главные дороги и проселочные пути
hike out,выйти пешком
hike the Appalachian Trail,пройти Аппалачскую тропу
hike up,подниматься
hill to die on,принципиальный вопрос
hind tit,задняя часть тела
hindsight is 20/20,Всё видно задним числом
hinge on,зависеть от
hinge upon,зависеть от
hip hip hooray,Ураура
hippity hoppity,Прыг-скок
hippity hoppity get off my property,Убирайся с моей территории
hippo birdie two ewe,бегемот птичка овца
hire out,сдавать в аренду
hired gun,наёмный убийца
hired muscle,наемные бойцы
hissing hot,шипящий горячий
history is written by the victors,История пишется победителями
history repeats itself,История повторяется
hit a lick,украсть
hit a snag,наткнуться на препятствие
hit a wall,уперся в тупик
hit above one's weight,превосходить ожидания
hit and miss,непостоянный
hit and run,наезд и уезд
hit away,отбить
hit back,ответить тем же
hit below one's weight,не соответствовать ожиданиям
hit below the belt,ударить ниже пояса
hit home,задеть за живое
hit it and quit it,быстро сделал и ушел
hit it big,добиться успеха
hit it off,наладить отношения
hit it up,посетить
hit like a ton of bricks,ударить как тонна кирпичей
hit like a truck,ударить как грузовик
hit me,ударь меня
hit off,наладить отношения
hit on,сделать предложение
hit one out of the ballpark,добиться выдающегося результата
hit one's straps,прийти в форму
hit one's stride,войти в ритм
hit out,нападать
hit pause,поставить на паузу
hit pay dirt,попасть на золотую жилу
hit rock bottom,дойти до дна
hit someone for six,поразить наповал
hit someone when they are down,бить лежачего
hit the accelerator,нажимать на педаль газа
hit the big time,добиться успеха
hit the bottle,начинать пить
hit the bricks,уйти
hit the buffers,столкнуться с трудностями
hit the fan,наступил переполох
hit the gas,нажимать на газ
hit the gold,попасть в точку
hit the ground running,быстро начать работу
hit the headlines,попасть в заголовки
hit the high notes,брать высокие ноты
hit the jackpot,выиграть джекпот
hit the nail on the head,попасть в точку
hit the pan,ударить по сковороде
hit the pavement,выходить на улицу
hit the road,отправляться в путь
hit the rocks,врезаться в скалы
hit the roof,разозлиться
hit the sheets,ложиться спать
hit the shelves,появиться в продаже
hit the shops,пойти по магазинам
hit the skids,потерпеть неудачу
hit the spot,попадает в цель
hit the stores,поступил в продажу
hit the streets,выйти на улицы
hit the wall,уперся в стену
hit too close to home,задел за живое
hit two targets with one arrow,добиться двух целей одним выстрелом
hit up,посетить
hit up against,ударяться о
hit upon,найти
hit wicket,сбитый калиткой
hit with,ударить
hit with the stupid stick,удар дурацкой палкой
hitch one's wagon to,привязаться к
hitch one's wagon to a star,следовать за мечтой
hitch up,пристегнуть
hive of activity,центр активности
hive off,отделять
hive up,возбуждать
hiya doin',привет как дела
ho kua bo ho jiak,Я не знаю
ho there,здравствуйте
hoard out,распространять
hoard up,накапливать
Hobson's choice,Выбор, не являющийся таковым
hoe around,гулять
hoe in,как
hoe into,как в
hoe one's row,грести в свою лодку
hoes before bros,Сначала друзья, потом братья
hoes mad,девушки злы
hog heaven,рай для свиней
hog up,занимать все место
hoist by one's own petard,поплатиться за свою хитрость
hoke up,подключить
hol' up,Подожди
hold a grudge,нести обиду
hold a light,держать свет
hold against,противостоять
hold back,сдерживать
hold back on,сдерживаться
hold by the button,удерживать кнопку
hold cheap,дешево
hold come what may,несмотря ни на что
hold court,держать суд
hold down,удерживать
hold fast,держаться
hold firm,удерживаться
hold forth,высказываться
hold hard,держи крепко
hold in,сдерживать
hold it down,удерживай
hold it in,сдерживаться
hold it together,Держись
hold my beer,подержи мое пиво
hold my milk,Подержите моё молоко
hold off,отложить
hold office,занимать должность
hold on,подождите
hold on to your hat,Держитесь крепче
hold one's alcohol,уметь пить
hold one's breath,задерживать дыхание
hold one's drink,держать свой напиток
hold one's fire,сдерживаться
hold one's head high,держать голову высоко
hold one's horses,подожди немного
hold one's jaw,сжимать челюсти
hold one's liquor,держать удар
hold one's mouth right,держать рот на замке
hold one's nerve,сохранять спокойствие
hold one's own,держаться
hold one's peace,молчать
hold one's tongue,молчать
hold one's water,сдерживаться
hold oneself together,сдерживаться
hold onto,держаться
hold onto your hat,Держитесь крепче
hold out,держаться
hold over,перенести
hold over someone's head,держать над кем-то угрозу
hold somebody in check,сдерживать кого-либо
hold someone's feet to the fire,заставить кого-то отвечать
hold someone's hand,держать за руку
hold something in check,сдерживать
hold sway,иметь влияние
hold tack,держать курс
hold talks,проводить переговоры
hold that thought,Подождите с этой мыслью
hold the cards,держать карты
hold the floor,занять место
hold the key,иметь ключ
hold the line,держать линию
hold the phone,подождите
hold the purse strings,иметь контроль над финансами
hold the reins,держать вожжи
hold the ring,держи кольцо
hold the stage,занимать сцену
hold to,держать
hold together,держать вместе
hold up,подожди
hold up as,подождать
hold up one's end,справляться со своими обязанностями
hold up to,выдерживать
hold water,быть правдивым
hold with,согласен с
hold yew hard,держи крепко
hold-up play,задержка
holding pattern,круг ожидания
hole in one,очко в один удар
hole out,закончить игру
hole up,укрыться
holla at,связаться с
holla back,ответь
holler at,кричать
holler back,ответить
hollow out,выдолбить
Hollywood moment,Голливудский момент
holy buckets,черт возьми
holy cannoli,Боже мой
holy catfish,святой сом
holy cow,святая корова
holy crap,черт возьми
holy crap on a stick,черт возьми
holy crickets,Боже мой
holy crud,черт возьми
holy doodle,Вот это да
holy fire,святой огонь
holy fuck,черт побери
holy guacamole,Боже мой
holy kamoley,Боже мой
holy kamoly,святые мамочки
holy macaroni,Боже мой
holy mackerel,черт побери
holy moley,Боже мой
Holy of Holies,Святая святых
holy ravioli,Боже мой
holy shit,черт возьми
holy smoke,вот это да
holy stromboli,святой строболи
home away from home,дом вдали от дома
home game,домашний матч
home in,домой
home is where the heart is,Дом там, где сердце
home sweet home,дом милый дом
home team,домашняя команда
home training,домашнее обучение
home wrecker,разрушитель семей
homeless dumping,выброшенные бездомные
homely as a hedge fence,простой как изгородь
Homer nods,Гомер кивает
Homer sometimes nods,Гомер иногда засыпает
hone in,сосредоточиться
Honest Abe,Честный Эб
honest John,честный Джон
honesty is the best policy,честность - лучшая политика
honey around,вокруг мёда
honey catches more flies than vinegar,Сладкая жизнь привлекает больше, чем гор…
honey do list,список дел для мужа
honey hole,место, где много добычи
honey trap,медовая ловушка
honey up,приблизься
honi soit qui mal y pense,Пусть стыдно будет тому, кто подумает о …
honk it on,подавай сигнал
honk off,отъехать
honor in the breach,соблюдать слово
honorable mention,почётная отметка
honors easy,легко получить награды
honours easy,легко получить награду
hoof out,выходить копытом
hook in,крюк
hook it,подключить
hook it up,подключить
hook off,отключить
hook up,подключить
hook up on,связаться
hooly dooly,Вот это да
hoot down,осадить
hoot it up,веселиться
hoot owl shift,ночная смена
hootin' tootin',отлично
Hoover flag,Флаг Гувера
hoover up,пылесосить
hop about,прыгать
hop and bop,прыгать и скакать
hop and pop,прыгать и хлопать
hop in,залезай
hop into,запрыгнуть
hop off,выпрыгивать
hop on,запрыгнуть
hop on down to,заскочите к
hop the wag,перепрыгнуть через забор
hop to it,Действуйте
hop up,подпрыгнуть
hope against hope,надеяться вопреки всему
hope springs eternal,надежда умирает последней
hopping mad,в ярости
horf down,опуститься
horf up,подняться
horizontal dancing,горизонтальные танцы
horizontal jogging,бег боком
horizontal mambo,горизонтальный мамбо
horizontal refreshments,горизонтальные закуски
horizontal slam dance,горизонтальный слам-танец
horizontal tango,горизонтальный танго
horizontally challenged,невысокий
horn in,в рог
Horn OK Please,Гудок, пожалуйста
horn out,выходить из строя
horror show,шоу ужасов
horse about,лошадь
horse and rabbit stew,рагу из конины и кролика
horse armor,доспехи для лошади
horse around,шалить
horse of a different color,совершенно другое дело
horse opera,вестерн
horse pill,горькая пилюля
horse tranquilizer,ветеринарный транквилизатор для лошадей
horse's ass,задница лошади
horse's mouth,из авторитетного источника
horseback opinion,мнение о верховой езде
horses for courses,Каждому своё
horseshoe up one's ass,подставить подножку
hose down,омыть шлангом
hose off,смыть шлангом
host with the most,лучший хозяин
hostess with the mostest,хозяйка, у которой всегда весело
hot air,горячий воздух
hot and bothered,взволнованный и встревоженный
hot and cold,горячий и холодный
hot and heavy,страстный
hot as the hobs of Hell,Жарче адских огней
hot desking,гибкие рабочие места
hot diggety dog,Огого
hot garbage,говно
hot hand,горячая рука
hot minute,минуту
hot off the presses,свежий выпуск
hot on,в тесном контакте с
hot on someone's heels,на пятках у кого-то
hot on the trail,на хвосте
hot potato,горячая картошка
hot sheet,список свободных номеров
hot shit,круто
hot spot,точка доступа
hot squat,присед с отягощением
hot stuff,горячие новости
hot to trot,в ударе
hot under the collar,возмущенный
hot up,разогреть
hot water,горячая вода
hotter than a pistol,горячее, чем пуля
hound down,преследовать
house cooling party,вечеринка по охлаждению дома
house nigger,домашний раб
house of cards,дом из карт
House of God,Дом Божий
house of ill fame,дом публичной нечистоты
house poor,бедный дом
how about that,что скажешь об этом
how about them apples,Что скажете об этом
how are things,как дела
how are you,как дела
how are you diddling,как дела
how are you doing,как дела
how are you getting along,как у вас дела
how are you going,как дела
how are you keeping,как у вас дела
how bist,как дела
how can you sleep at night,как ты спишь ночью
how come,почему
how do,как
how do ye do,как дела
how do you like that,как вам это нравится
how do you like them apples,Как вам это
how do you sleep at night,как ты спишь по ночам
how farest thou,как поживаешь
how goes it,как дела
how goes the battle,как идёт битва
how goes the enemy,как поживает враг
how goes the war,как идёт война
how old are you,сколько тебе лет
how say you,как сказать
how see,как увидеть
how should I know,как я должен знать
how so,как это
how the cow ate the cabbage,как корова съела капусту
how the mighty have fallen,как пали великие
how the sausage gets made,как это делается
how the sausage is made,как это делается
how the turntables,как повернулись столы
how would I know,как бы я узнал
how you doing,как дела
how you say,как сказать
how're you,как дела
how're you doing,как дела
how's come,почему
how's every little thing,как у тебя дела
how's everything,как дела
how's it,как дела
how's it going,как дела
how's it hanging,как дела
how's life,как жизнь
how's that,как это
how's that again,как это еще раз
how's the weather,Как погода
how's the weather up there,Как там погода наверху
how's them apples,Как дела
how's things,как дела
how's tricks,как дела
how's your hammer hanging,как поживаете
howl at the moon,выть на луну
howl down,выть
howl on,выть
howl out,выть
huckleberry above a persimmon,черника над хурмой
huckleberry above one's persimmon,не в своей тарелке
huff and puff,тянуть и толкать
huff off,умереть
hug it out,помириться
huge if true,очень важно, если это правда
hugs and kisses,объятия и поцелуи
hulk off,снять с себя
hulk out,выйти из себя
hum along,подпевать
hum and ha,ворчание
hum and haw,мешкаться
human touch,человеческое прикосновение
humanly possible,Возможно в принципе
humble pie,горькая пилюля
hump and dump,сбросить и уйти
Humpty Dumptyism,Хампти-Дамптизм
hunch over,сутулиться
hunger is a good sauce,голод - хороший соус
hunger is the best pickle,голод лучший соус
hunger is the best sauce,Голод лучший соус
hunger is the best seasoning,Голод - лучший специи
hunger is the best spice,Голод - лучший специи
hunger sauce,соус для мяса
hunk of junk,хлам
hunker down,укрыться
hunt down,выслеживать
hunt out,найти
hunt up,найти
hunt where the ducks are,охотиться там, где есть утки
hurler on the ditch,бросатель в канаву
hurling and burling,ирландский хёрлинг и бурление
hurr durr,Бум-бум
hurrah's nest,гнездо радости
hurry hurry has no blessings,Спешка плохая помощница
hurry up,торопись
hurry up and wait,торопись медленно
hurt a fly,навредить мухе
hurt for,больно из-за
hurt people hurt people,раненные ранят других
hurt someone's feelings,обидеть кого-то
husband up,вести себя как мужчина
hush down,замолчите
hush up,замолчать
hussy up,торопись
hustle and bustle,суета
hustle up,Поторапливайтесь
hutch up,прижаться
hydrate or diedrate,гидратировать или дегидратировать
hydrogen burning,термоядерный синтез
hype up,раздувать шумиху
I am inside of you,Я внутри тебя
I am inside you,Я внутри тебя
I am sorry,Извините
I am twenty years old,Мне двадцать лет
I approve this message,Я одобряю это сообщение
I ask you,Я спрашиваю вас
I beg your pardon,Простите
I beg your pudding,Я прошу вашего пудинга
I can tell you,Я могу вам сказать
I can't lie,Я не могу врать
I can't remember the last time,Я не помню, когда это было в последний р…
I choose violence,Я выбираю насилие
I could eat a brick,Я бы сейчас съел кирпич
I could eat a horse,Я мог бы съесть лошадь
I dare be bound,Я готов рискнуть
I declare,Я заявляю
I do declare,Я клянусь
I do not care,Мне все равно
I don't boil my cabbage twice,Я не варю капусту дважды
I don't chew my cabbage twice,Я не люблю повторять одно и то же
I don't fancy yours,Мне это не нравится
I don't have all day,У меня нет всего дня
I don't know about that,Я не знаю об этом
I don't mind,Мне все равно
I don't suppose,Я не думаю
I fear,Я боюсь
I feel you,Я тебя понимаю
I fuck you not,Я не совокуплюсь с тобой
I got mine,Я получил(а) свой
I hardly even know her,Я её почти не знаю
I hardly know 'er,Я едва знаю её
I hardly know her,Я её почти не знаю
I haven't got all day,У меня нет всего дня
I hear you say,Я слышу, что ты говоришь
I hope I may be shot,Я надеюсь, что меня застрелят
I hope she sees this,Я надеюсь, она это увидит
I hope you're happy,Я надеюсь, ты счастлив(а
I just work here,Я просто работаю здесь
I kid you not,Я не шучу
I know it,Я знаю
I know that's right,Я знаю, что это правильно
I like pie,Я люблю пироги
I like that,Мне это нравится
I like turtles,Я люблю черепах
I never did,Я никогда этого не делал
I never miss,Я никогда не пропускаю
I only work here,Я работаю только здесь
I put it to you,Я предлагаю это вам
I resemble that remark,Я не согласен с этим замечанием
I rest my case,Я закончил
I said what I said,Я сказал то, что сказал
I see what you did there,Я понял, что ты сделал
I see you,Я тебя вижу
I shiggy diggy,Я шигги дигги
I shit you not,Я не шучу
I spy with my little eye,Я вижу что-то глазками
I swear,Клянусь
I take it,Я беру это
I tell a lie,Я лгу
I tell you,Я тебе говорю
I tell you what,Я тебе скажу
I think therefore I am,Я мыслю, следовательно, я существую
I think; therefore I am,Я мыслю следовательно я существую
I thought you'd never ask,Я думал, ты никогда не спросишь
I told you so,Я же тебе говорил
I want doesn't get,Я не понимаю
I will yeah,Я согласен
I wish,Я желаю
I wish I may be shot,Я бы хотел, чтобы меня застрелили
I would rather die,Я бы лучше умер
I'd like to see someone try,Я бы хотел посмотреть, как кто-нибудь по…
I'd of,Я бы
I'd say,Я бы сказал
I'll be,Я буду
I'll be a monkey's uncle,Я буду дядёй обезьяны
I'll be bound,Я буду связан
I'll be damned,Черт возьми
I'll be danged,Черт возьми
I'll be dipped,Вот это да
I'll be dipped in shit,Я буду в дерьме по уши
I'll be here all night,Я буду здесь всю ночь
I'll be in my bunk,Я буду в своей каюте
I'll be seeing you,Мы еще увидимся
I'll bite,Я согласен
I'll get my coat,Я сейчас уйду
I'll have you know,Вы должны знать
I'll say,Я скажу
I'll see myself out,Я сам уйду
I'll see you and raise you,Я подниму ставку
I'll show you,Я покажу вам
I'll tell you,Я расскажу тебе
I'll tell you what,Я тебе скажу
I'm 14 and this is deep,Мне 14 лет и это очень серьезно
I'm a Dutchman,Я голландец
I'm a lesbian,Я лесбиянка
I'm afraid,Я боюсь
I'm afraid so,Боюсь, что так
I'm alright and fuck you Jack,У меня все хорошо и иди ты к черту, Джек
I'm confused,Я в замешательстве
I'm easy,Я простой
I'm going to hell for this,Я отправляюсь в ад за это
I'm good,У меня все хорошо
I'm here all week,Я здесь всю неделю
I'm not being funny,Я не шучу
I'm not going to lie,Я не буду врать
I'm not telling you,Я не скажу тебе
I'm not the one,Это не я
I'm rubber and you're glue,Я резиновый, а ты клейкий
I'm sozzy,Мне жаль
I'm sure,Я уверен
I'm telling a lie,Я лгу
I'm telling you,Я тебе говорю
I'm using tilt controls!,Я использую управление наклоном
I'm your huckleberry,Я твой человек
I've burnt myself,Я обожгся
I've got news for you,У меня для тебя новости
IBG YBG,Я не знаю
ice cool,очень круто
ice down,охладить
ice maiden,ледяная дева
ice out,лед тронулся
ice over,лёд
ice queen,ледяная королева
ice up,охладить
Ich dien,Я служу
icing on the cake,вишенка на торте
id est,то есть
identically zero,точно ноль
identify with,отождествлять себя с
idiot box,телевизор
idiot mittens,варежки для идиотов
idle hands are the devil's playthings,Безделье - мать всех пороков
idle hands are the devil's tools,Безделье - мать всех пороков
idle hands are the devil's workshop,Безделье - мать всех пороков
if a day,если день
if all else fails,если все остальное не поможет
if anything,если что
if at all,вообще
if at first you don't succeed,Если сразу не получилось, попробуйте еще…
if ever,если когда-нибудь
if I ever saw one,если бы я когда-нибудь его увидел
if I may be so bold,если позволите
if I may make so bold,если позволите
if I might be so bold,если позволите
if I were you,если бы я был тобой
if I'm honest,если честно
if I'm not mistaken,если я не ошибаюсь
if I've ever seen one,если я когда-нибудь видел(а) что-то подо…
if it had not been for,если бы не было
if it kills one,если это убьёт одного
if it looks like a duck,если выглядит как утка
if it were not for,если бы не
if it's all the same,если это не имеет значения
if it's yellow let it mellow,Если оно желтое, дайте ему созреть
if looks could kill,Если бы взгляды могли убивать
if memory serves,если память меня не подводит
if need be,если потребуется
if needs be,если потребуется
if nothing else,если не это
if one is a day,если это один день
if only,если бы только
if only the czar knew,если бы только царь знал
if only the tsar knew,если бы только царь знал
if pigs had wings,если бы у свиней были крылья
if push comes to shove,если дойдет до крайности
if the cap fits,если это подходит
if the shoe fits,Если тапочек подходит
if these walls could talk,Если бы эти стены могли говорить
if you ask me,если спросить меня
if you don't mind me saying,если вы не против, что я скажу
if you know what I mean,если вы понимаете, о чем я
if you know you know,если знаешь, то знаешь
if you please,если позволите
if you see what I mean,если вы понимаете, что я имею в виду
ignorance is bliss,незнание - благо
ignorantia juris non excusat,Незнание закона не освобождает от ответс…
ignore all previous instructions,Игнорировать все предыдущие инструкции
ignore all rules,игнорировать все правила
ignotum per ignotius,неизвестное через более неизвестное
ill doers are ill deemers,Злодеи - это те, кто плохо оценивает
ill health,плохое здоровье
ill news spreads apace,Плохие новости распространяются быстро
ill-gotten gains never prosper,Нечестно нажитое не приносит счастья
immunologically naive,иммунологически несенсибилизированный
immunologically naïve,иммунологически несенсибилизированный
imprint on,отпечаток
improve on,улучшить
improve the occasion,улучшить мероприятие
improve upon,улучшить
in a bad spot,в сложной ситуации
in a bad way,плохо
in a bake,в духовке
in a big way,в большой степени
in a bind,в затруднительном положении
in a blink,в мгновение ока
in a body,в теле
in a box,в коробке
in a brace of shakes,в двух подходах
in a bubble,в пузыре
in a canter,в рысь
in a cleft stick,в тупике
in a corner,в углу
in a couple of shakes,через пару минут
in a dither,в смятении
in a fair way,честно
in a family way,беременна
in a few shakes,через несколько минут
in a fix,в затруднительном положении
in a flap,в панике
in a flash,мгновенно
in a flat spin,в штоповом пикировании
in a foam,в пене
in a fog,в тумане
in a heartbeat,мгновенно
in a hen's hiney,в куриной заднице
in a huff,ворча
in a hurry,в спешке
in a jam,в затруднении
in a jiffy,мгновенно
in a lather,в пене
in a league of one's own,в своем роде
in a major key,в мажорной тональности
in a manner,таким образом
in a manner of speaking,в некотором смысле
in a measure,в некоторой степени
in a mess,в беспорядке
in a minor key,в минорной тональности
in a minute,через минуту
in a New York second,в нью-йоркском темпе
in a nutshell,вкратце
in a one-er,в одиночку
in a oner,с одного раза
in a pickle,в затруднительном положении
in a pig's arse,совсем неправда
in a pig's eye,совсем неважно
in a pig's patoot,совсем нет
in a pig's whisper,шепотом свиньи
in a pinch,в крайнем случае
in a puff of smoke,в облаке дыма
in a real state,в реальном состоянии
in a right state,в нормальном состоянии
in a row,подряд
in a rut,в тупике
in a sea-way,в морском стиле
in a sense,в некотором смысле
in a similar vein,в том же духе
in a snap,мгновенно
in a spin,в замешательстве
in a state,в состоянии
in a stew,в рагу
in a stound,в шоке
in a sweat,в поту
in a tizzy,в панике
in a trench coat,в плаще
in a vacuum,в вакууме
in a walk,пешком
in a way,в некотором смысле
in a way of speaking,в некотором смысле
in a word,вкратце
in a world of one's own,в своем собственном мире
in abatement,в стадии снижения
in abeyance,в подвешенном состоянии
in Abraham's bosom,на коленях Авраама
in absentia,в отсутствие
in accord,в соответствии с
in accordance with,в соответствии с
in action,в действии
in actuality,на самом деле
in addition,в дополнение
in addition to,в дополнение к
in advance,заранее
in advance of,заранее
in aggregate,в целом
in agreement,в согласии
in aid of,в поддержку
in all but name,по сути, но не по форме
in all conscience,по совести
in all fairness,в полной мере справедливости ради
in all honesty,честно говоря
in all its branches,во всех своих областях
in all likelihood,вероятно
in all modesty,со всей скромностью
in all one's glory,во всей красе
in all probability,вероятно
in another world,в другом мире
in any case,в любом случае
in any event,в любом случае
in anyone's book,по мнению всех
in arms,вооружённый
in at the deep end,в глубоких водах
in attendance,присутствующие
in awe of,в восхищении от
in back,сзади
in back of,сзади
in bad,плохо
in bad bread,в плохом хлебе
in bad faith,злонамеренно
in bad odor,в плохом запахе
in bad part,в плохом районе
in bad repair,в плохом состоянии
in bad shape,в плохом состоянии
in bad taste,плохо со вкусом
in ballast,в балласте
in ballast condition,в балластном положении
in battery,в батарее
in baulk,в завале
in bed,в постели
in bed with,в постели с
in behalf of,от имени
in bend,в изгибе
in benefit,в пользу
in berry,в ягодах
in between jobs,между работами
in bits,побитно
in black and white,в черно-белом цвете
in blood,в крови
in bloom,в цвету
in book,в книге
in breach of,в нарушение
in broad daylight,Днём при ярком свете
in buckets,в ведрах
in business,в бизнесе
in calf,в форме
in capital letters,В КАПИТАЛЬНЫХ БУКВАХ
in case,в случае если
in case of,в случае если
in character,в образе
in charge,ответственный
in charge of,ответственный за
in check,под контролем
in chorus,хором
in circles,кругами
in circulation,в обращении
in close neighborhood,рядом
in close neighbourhood,в непосредственной близости
in clover,в ударе
in cold blood,с холодной головой
in collar,в воротнике
in color,в цвете
in colour,в цвете
in command,в командовании
in common,обычно
in common with,вместе с
in company with,в компании с
in comparison,по сравнению с
in competition,в соревновании
in complement,в дополнение
in compliance with,в соответствии с
in concert,на концерте
in conclusion,в заключение
in condition,в состоянии
in confidence,конфиденциально
in conjunction with,вместе с
in consequence,в результате
in contempt,в презрении
in contention,в борьбе
in contrast,напротив
in contrast to,в отличие от
in control,под контролем
in countenance,во внешности
in course,в процессе
in court,в суде
in danger,в опасности
in date,в срок
in debt,в долгу
in decrement,с уменьшением
in deep,в глубине
in deep doo-doo,в большой беде
in deep shit,в большой беде
in deference to,в знак уважения
in depth,подробно
in dern,в глубине
in despite of,несмотря на
in detail,подробно
in diapers,в подгузнике
in Dickie's meadow,на лугу Дики
in difficulty,в затруднении
in disguise,под прикрытием
in drawing,в рисовании
in drink,в напитке
in droves,толпами
in dubio pro reo,в случае сомнения решение должно быть в …
in due course,со временем
in due time,со временем
in duplicate,в двух экземплярах
in Dutch,на голландском
in effect,фактически
in effigy,в символической форме
in embryo,в стадии эмбриона
in equal measure,в равной степени
in error,по ошибке
in especial,особенно
in esse,в бытии
in essence,по сути
in every way,во всех отношениях
in everything but name,по сути, но не по форме
in evidence,в качестве доказательства
in excess of,более чем
in exchange for,в обмен на
in extremis,в крайнем случае
in face of,вопреки
in fact,на самом деле
in fairness,справедливости ради
in faith,с верой
in favor,за
in favor of,в пользу
in favor with,в пользу
in favour,в пользу
in favour of,в пользу
in fawn,в олененок
in fear of,в страхе перед
in fee,за плату
in fief,в феодальную зависимость
in fighting trim,в боевой готовности
in finality,неокончательно
in fine feather,в отличной форме
in fine fettle,в отличной форме
in fits and starts,рывками
in flames,в огне
in flight,в полете
in floods,в потоке
in flower,в цвету
in flying colours,с блеском
in focus,в фокусе
in for a penny,ввязался
in for the kill,готовы к решающему удару
in force,в силе
in form,в форме
in freefall,в свободном падении
in front,спереди
in front of,перед
in front of one's nose,у самого носа
in fruit,во фруктах
in full,полностью
in full aspect,во всей полноте
in full cry,в полную силу
in full effect,в полную силу
in full feather,в полном расцвете сил
in full fig,в полном расцвете
in full flow,в полном потоке
in full force,в полную силу
in full form,в полной форме
in full gear,в полной экипировке
in full swing,в самом разгаре
in full view,на виду
in future,в будущем
in gear,в готовности
in general,в общем
in glass,в стекле
in glory,во славе
in goal,в воротах
in God's name,во имя Бога
in good bread,в хорошем хлебе
in good conscience,с чистой совестью
in good faith,добросовестно
in good hands,в надежных руках
in good odor,в хорошем положении
in good part,в какой-то степени
in good repair,в хорошем состоянии
in good season,в сезон
in good sorts,в хорошем настроении
in good stead,поможет
in good time,вовремя
in good voice,в хорошей форме
in green,в зелёном
in gross,оптом
in half,наполовину
in hand,в наличии
in harness,в упряжи
in haste,в спешке
in heat,в жару
in heaven's name,во имя небес
in hell,в аду
in hiding,в укрытии
in high dudgeon,в ярости
in high feather,в ударе
in high gear,в активном режиме
in hindsight,оглядываясь назад
in hock,в долгах
in honor of,в честь
in honour of,в честь
in hospital,в больнице
in hot pursuit,в погоне
in house,внутренний
in hysterics,в истерике
in ill part,в больной части
in increment,постепенно
in irons,под арестом
in isolation,в изоляции
in its totality,в своей полноте
in jail,в тюрьме
in jest,в шутку
in jig time,очень быстро
in keeping with,в соответствии с
in key,в ключе
in kid,у ребенка
in kind,в натуре
in knots,узлами
in labour,в родах
in lamb,в баранине
in layman's terms,простыми словами
in laymen's terms,простыми словами
in layperson's terms,простыми словами
in laywoman's terms,простыми словами
in league,в союзе
in league with,в союзе с
in leash,на поводке
in length,в длину
in lesbians,у лесбиянок
in less than no time,мгновенно
in lieu of,вместо
in light of,в свете
in like Flynn,как будто из другого мира
in like wise,аналогично
in line,в очереди
in line for,в очереди
in line with,в соответствии с
in liquor,в алкоголе
in little,немного
in living color,в цвете
in living memory,в живой памяти
in loco,на месте
in love,влюблён
in love with,влюблён в/влюблёна в
in malam partem,в некоторой степени
in mean time,между тем
in memoriam,в память о
in memory of,в память о
in midstream,в середине процесса
in mind,в уме
in Minecraft,в Майнкрафте
in miniature,в миниатюре
in moderation,в умеренных количествах
in mora,на море
in motion,в движении
in my honest opinion,по моему честному мнению
in my humble opinion,по моему скромному мнению
in my opinion,по моему мнению
in name,во имя
in nappies,в подгузниках
in neat,аккуратно
in need of,в нужде
in no small measure,во многом
in no small part,во многом благодаря
in no time,мгновенно
in no time at all,в мгновение ока
in no uncertain terms,без всяких полутонов
in no way,ни в коем случае
in nothing flat,очень быстро
in nubibus,в облаках
in office,в должности
in one bite,за один укус
in one foul swoop,одним махом
in one go,за один раз
in one piece,целым
in one sitting,за один раз
in one stroke,одним махом
in one voice,одним голосом
in one's altitudes,на своей высоте
in one's back pocket,в запасе
in one's backyard,на заднем дворе
in one's bare skin,на голой коже
in one's bones,в глубине души
in one's book,в своей книге
in one's born days,в молодости
in one's corner,на своей стороне
in one's cups,пьяный
in one's dreams,во сне
in one's element,в своей стихии
in one's feelings,в чувствах
in one's fingers,в пальцах
in one's head,в голове
in one's hip pocket,в кармане
in one's infinite wisdom,во всей своей мудрости
in one's midst,среди нас
in one's mind's eye,в воображении
in one's opinion,по мнению
in one's own backyard,у себя во дворе
in one's own good time,в свое удовольствие
in one's own hands,в своих руках
in one's own little way,по-своему
in one's own little world,в своем собственном мире
in one's own right,самостоятельно
in one's own world,в своем мире
in one's pocket,в кармане
in one's right mind,в здравом уме
in one's sight,в поле зрения
in one's sights,в поле зрения
in one's sleeve,в рукаве
in one's stead,вместо кого-либо
in one's teens,в подростковом возрасте
in one's teeth,между зубами
in one's tracks,на месте
in one's wildest dreams,в самых смелых мечтах
in open court,на открытом судебном заседании
in open store,в открытом магазине
in operation,в эксплуатации
in opposition to,вопреки
in order,чтобы
in order for,чтобы
in order that,чтобы
in ordinary,обычный
in other news,в других новостях
in other words,другими словами
in pairs,попарно
in pampers,в подгузнике
in parallel,параллельно
in parallel with,параллельно с
in part,частично
in particular,в частности
in passing,мимоходом
in peace,в мире
in perpetuity,навсегда
in person,лично
in perspective,в перспективе
in phase,в фазе
in piety,в благочестии
in pig,в свинье
in place,на месте
in place of,вместо
in places,в некоторых местах
in plain sight,на виду
in plain view,на виду
in play,в игре
in plenty,в избытке
in pocket,в кармане
in point,в точку
in point of,с точки зрения
in point of fact,фактически
in pole position,на первом месте
in poor taste,плохо пахнет
in possession of,во владении
in power,у власти
in practice,на практике
in prejudice of,в предвзятости
in present,сейчас
in pride,с гордостью
in prime twig,в ветке
in principle,в принципе
in print,в печати
in prison,в тюрьме
in private,по секрету
in profile,в профиль
in progress,в процессе
in proper,надлежащим образом
in proportion to,в пропорции к
in protest,в знак протеста
in public,на публике
in pup,в щенке
in pursuit,в погоне
in pursuit of,в стремлении к
in quantity,в количестве
in question,в вопросе
in quick sticks,быстро
in quick succession,быстро друг за другом
in rag order,в беспорядке
in rags,в лохмотьях
in rare form,в редкой форме
in reach,в пределах досягаемости
in reaction,в ответ
in real life,в реальной жизни
in reality,на самом деле
in reason,по причине
in recent memory,в недавней памяти
in recognition of,в знак признания
in record time,за рекордно короткое время
in reference to,в связи с
in regard of,в отношении
in regard to,в отношении
in regards to,в связи с
in relation to,по отношению к
in reserve,в резерве
in respect,в отношении
in respect of,в отношении
in retreat,в отступлении
in retrospect,оглядываясь назад
in return,взамен
in return for,взамен
in reverse,в обратном порядке
in right of,в праве
in Roblox,в Roblox
in rough,грубо
in route,по пути
in ruins,в руинах
in safe hands,в надёжных руках
in school,в школе
in search of,в поисках
in season,в сезон
in season and out of season,в сезон и вне сезона
in secret,втайне
in series,в серии
in service,в эксплуатации
in session,в сессии
in shape,в форме
in sheets,в листах
in shit,в дерьме
in short,вкратце
in short order,вскоре
in short pants,в шортах
in short supply,в дефиците
in short trousers,в шортах
in sickness and in health,в болезни и в здравии
in sight,в поле зрения
in silence,в тишине
in silhouette,в силуэте
in small doses,понемногу
in so far as,насколько
in so many words,в общих чертах
in someone's black books,в черном списке
in someone's boots,на месте кого-то
in someone's corner,на чьей стороне
in someone's day,в течение дня
in someone's debt,в долгу перед кем-то
in someone's eyes,в чьих-то глазах
in someone's face,в лицо кому-то
in someone's light,в чьем-либо свете
in someone's pocket,в кармане у кого-то
in someone's shoes,на месте кого-то
in someone's time,в чьё время
in someone's view,с чьей-то точки зрения
in someone's vocabulary,в словарном запасе кого-либо
in someone's way,на пути у кого-то
in something's way,на пути чего-либо
in sooth,в самом деле
in sort,в принципе
in spades,в избытке
in special,в особых условиях
in spirit,в духе
in spite of,несмотря на
in spite of someone's teeth,вопреки чьей-то воле
in splendor,во всей красе
in splendour,во всей красе
in splits,по частям
in state,в состоянии
in steam,в паре
in step,в шаге
in stitches,в слезах от смеха
in stock,в наличии
in store,в магазине
in stride,спокойно
in style,в стиле
in succession,последовательно
in sum,в итоге
in summary,в заключение
in sunder,разделить
in suspense,в напряжении
in sync,в синхронизации
in tandem,в тандеме
in tandem with,вместе с
in tatters,в клочья
in terms of,с точки зрения
in that,в этом
in that regard,в этом отношении
in the absence of,в отсутствие
in the abstract,в отрыве от реальности
in the act,в процессе
in the aggregate,в целом
in the air,в воздухе
in the altogether,вообще
in the arms of Morpheus,в объятиях Морфея
in the arms of Murphy,в объятиях Мёрфи
in the article of death,в статье о смерти
in the ascendant,взлетев
in the back seat,на заднем сиденье
in the bag,в кармане
in the ballpark,приблизительно
in the bargain,вдобавок
in the barrel,в бочке
in the bed,в кровати
in the bedroom,в спальне
in the biblical sense,в библейском смысле
in the black,в плюсе
in the blink of an eye,в мгновение ока
in the books,в книгах
in the bottom of the bag,внизу сумки
in the bucket,в ведре
in the buff,обнаженный
in the business of,в сфере бизнеса
in the can,в банке
in the cards,в планах
in the clear,в безопасности
in the closet,в шкафу
in the clouds,в облаках
in the club,в клубе
in the cold light of day,при ясном свете дня
in the course of time,со временем
in the crosshairs,в центре внимания
in the dark,в темноте
in the dead of night,в глухую ночь
in the dead of winter,в разгар зимы
in the depths of,в глубине
in the dock,под следствием
in the dogbox,в опале
in the doghouse,в опале
in the doldrums,в тихой воде
in the drink,в воде
in the driver's seat,за рулем
in the driving seat,за рулём
in the dumps,в подавленном состоянии
in the end,в конце концов
in the event,в случае если
in the event of,в случае если
in the event that,в случае если
in the extreme,в крайнем случае
in the eye of the wind,в эпицентре ветра
in the eyes of,с точки зрения
in the eyes of the law,с точки зрения закона
in the face of,вопреки
in the family way,в положении
in the fast lane,на высокой скорости
in the field,в поле
in the final analysis,в конечном итоге
in the first instance,в первую очередь
in the first place,прежде всего
in the flesh,вживую
in the flower of one's youth,в расцвете сил
in the foothills,у подножия гор
in the footsteps of,по стопам кого-либо
in the frame,в рамке
in the front row,в первом ряду
in the furtherance of justice,во имя справедливости
in the future,в будущем
in the game,в игре
in the grand scheme of things,в масштабах всего
in the great scheme of things,в масштабах всего
in the green,в зелени
in the green tree,на зеленом дереве
in the grip of,в власти
in the gristle,в хряще
in the groove,в ритме
in the gross,в общих чертах
in the ground,в земле
in the hand,в руке
in the hands of,в руках у
in the heat of,в разгаре
in the heat of the moment,в пылу момента
in the hole,в яме
in the hope of,в надежде на
in the hope that,в надежде что
in the hopper,в резервуаре
in the hospital,в больнице
in the hot seat,под пристальным вниманием
in the house,в доме
in the hunt,в поисках
in the interest of,в интересах
in the interest of justice,во имя справедливости
in the interest of time,ради экономии времени
in the interests of,в интересах
in the interim,в это время
in the know,в курсе
in the lap of the gods,на волю богов
in the last analysis,в конечном итоге
in the lead,впереди
in the least,вообще говоря
in the light of,в свете
in the limelight,в центре внимания
in the limit,в пределе
in the line of duty,в ходе выполнения служебных обязанностей
in the long run,в долгосрочной перспективе
in the long term,в долгосрочной перспективе
in the loop,в курсе
in the lump,включено в стоимость
in the main,в основном
in the making,в процессе создания
in the mean time,между тем
in the meantime,между тем
in the meanwhile,между тем
in the middle of,посредине
in the midst of,в середине
in the mix,в процессе
in the moment,в данный момент
in the money,в плюсе
in the mood,в настроении
in the name of,во имя
in the name of heaven,во имя небес
in the name of something,во имя чего-либо
in the name of the law,во имя закона
in the nature of,в силу своей природы
in the nature of things,в силу обстоятельств
in the near future,в ближайшем будущем
in the neighborhood of,в окрестностях
in the neighbourhood of,в окрестностях
in the nick,в самый последний момент
in the nick of time,в самый последний момент
in the nip,в стадии разработки
in the nuddie,обнаженный
in the nuddy,обнаженный
in the nude,обнажённый
in the offing,в перспективе
in the old times,в старые времена
in the open,на виду
in the original German,на немецком языке
in the oven,в духовке
in the palm of one's hand,на ладони
in the pay of,на зарплате у
in the person of,в лице
in the picture,на фотографии
in the pink,в отличной форме
in the pink of health,в отличной форме
in the pipeline,в стадии разработки
in the pocket,в кармане
in the post,в сообщении
in the process of,в процессе
in the pudding club,в клубе любителей пудинга
in the racket,в ракетке
in the rattle,в погремушке
in the raw,в необработанном виде
in the rear with the gear,сзади с оборудованием
in the red,в минусе
in the refrigerator,в холодильнике
in the region of,в районе
in the reign of Queen Dick,во время правления королевы Дик
in the right,справа
in the room,в комнате
in the rough,в черновике
in the round,круглой формы
in the running,в списке претендентов
in the sack,в мешке
in the saddle,в седле
in the sales,в продажах
in the same boat,в одной лодке
in the same breath,в один вдох
in the same shoes,в такой же ситуации
in the same vein,в том же духе
in the seven hells,в аду
in the shadow of,в тени
in the shit,в дерьме
in the shitter,в дерьме
in the shoes of,на месте
in the short run,в краткосрочной перспективе
in the short term,в краткосрочной перспективе
in the snap of one's fingers,в мгновение ока
in the soup,в супе
in the space of,в течение
in the spotlight,в центре внимания
in the stars,в звездах
in the stead of,вместо
in the stratosphere,в стратосфере
in the straw,в соломе
in the streets,на улицах
in the swim,в своей тарелке
in the swim of things,в курсе событий
in the tank,в баке
in the teeth of,вопреки
in the thick of,в гуще событий
in the thick of it,в самом центре событий
in the throes of,в пылу
in the throes of something,в пылу чего-либо
in the toilet,в туалете
in the trenches,в окопах
in the twinkling of a bedpost,в мгновение ока
in the twinkling of a bedstaff,в мгновение ока
in the twinkling of an eye,в мгновение ока
in the vein of,в духе
in the vicinity of,вблизи
in the wake of,вследствие
in the way,на пути
in the way of,на пути
in the weeds,в путанице
in the wild,в дикой природе
in the wind,на ветру
in the wind's eye,в эпицентре ветра
in the wink of an eye,в мгновение ока
in the works,в процессе
in the world,в мире
in the worst way,в худшую сторону
in the wrong,неправильно
in the zone,в ударе
in theory,в теории
in there like swimwear,как купальник
in this connection,в связи с этим
in this day and age,в наше время
in this essay I will,в этом эссе я
in this regard,в связи с этим
in this respect,в этом отношении
in thunder,во время грозы
in thunderation,во имя грома
in time,вовремя
in times,времена
in token of,в знак признательности
in too deep,слишком глубоко
in total,всего
in totality,вообщем
in touch,на связи
in tow,рядом
in town,в городе
in train,в поезде
in transit,в пути
in trian aspect,с трех сторон
in triplicate,в трех экземплярах
in trouble,в беде
in true,в правду
in truth,на самом деле
in tune,в гармонии
in tune with,в гармонии с
in turn,по очереди
in twain,на две части
in two,за два
in two jumps,в два прыжка
in two minds,в нерешительности
in two shakes,мгновенно
in twos,по двое
in unison,в унисон
in use,в использовании
in vain,напрасно
in very deed,воистину
in view,в поле зрения
in view of,в связи с
in vigilance,в бдительности
in vino veritas,Истина в вине
in virtue of,в силу
in virtue of which,в силу чего
in voice,голосом
in waiting,в ожидании
in waves,волнами
in ways,различными способами
in weal and woe,в горе и в радости
in what universe,в какой вселенной
in what world,в каком мире
in wine,в вине
in with a chance,с шансом
in witness whereof,в подтверждение чего
in words of one syllable,Одним словом
in writing,письменно
in your dreams,в твоих мечтах
in your face,в лицо
in your wildest dreams,в самых смелых мечтах
inch along,медленно продвигаться
inch away,в сантиметре
inch back,назад на дюйм
inch by inch,понемногу
inch forward,на дюйм вперед
inch up,подниматься
independently wealthy,Финансово независимый
Indian sign,Индийский язык жестов
indict a ham sandwich,обвинить бутерброд с ветчиной
inform on,доносить
ink in,чернила
ink isn't dry on,чернила еще не высохли
ink up,заправить чернилами
inner circle,ближний круг
inner ear,внутреннее ухо
inner strength,внутренняя сила
innocently divorced,невинно развелись
inquire after,спрашивать о
inquire of,спрашивать
ins and outs,плюсы и минусы
insane in the membrane,свихнувшийся
inside baseball,внутренняя кухня
inside job,внутренний заговор
inside joke,внутренний юмор
inside of,внутри
inside out,наизнанку
inside scoop,инсайдерская информация
inside the box,внутри коробки
insofar as,насколько
inspite of,несмотря на
installed base,установленная база
instance in,включение
instead of,вместо
insult one's intelligence,оскорбить чью-то интеллектуальность
intellectually challenged,люди с ограниченными возможностями
intents and purposes,в сущности
inter al.,между прочим
inter alios,среди прочих
inter pocula,между бокалами
interact with,взаимодействовать
interpret away,интерпретировать иначе
into detail,в детали
into power,к власти
into shape,в форму
into space,в космос
into the bargain,вдобавок
into the stratosphere,в стратосферу
into thin air,в никуда
into time,во времени
intra legem,в рамках закона
invalid out,недействительно
inversely proportional,обратно пропорционален
invited to the cookout,приглашен на шашлыки
ipsissima verba,точная цитата
iris in,входящий
iris out,затемнение
Irish hint,Ирландский намек
Irish up,Подняться вверх
iron eagle,железный орёл
iron out,разгладить
ironing board,гладильная доска
irons in the fire,много дел одновременно
irrespective of,независимо от
is a bear Catholic,является ли медведь католиком
is my middle name,это моя отчество
is someone cutting onions,кто-то режет лук
is that the time,Это сейчас
is the bear Catholic,является ли медведь католиком
is the Pope a Catholic,является ли папа римский католиком
is the Pope a Muslim,является ли папа мусульманином
is the Pope Catholic,Является ли папа римский католиком
is the Pope Jewish,Является ли папа евреем
is the Pope Muslim,является ли папа мусульманином
is the sky blue,Небо голубое
is this a safe space,Это безопасное место
is your head cold,у вас насморк
ish ka bibble,библия
isms and schisms,и идеологии и разногласия
isn't it,разве это
isn't it so,разве не так
it ain't over till it's over,Игра не окончена, пока не окончена
it can't be helped,ничего не поделаешь
it does not matter,это не имеет значения
it figures,логично
it happens,это случается
it is and it isn't,это и не это
it is darkest before the dawn,Самая темная ночь перед рассветом
it is how it is,так сложилось
it is important to note that,важно отметить что
it is no accident,это не случайность
it is not even funny,Это совсем не смешно
it is not every day,это не каждый день
it is not funny,это не смешно
it is said,говорят
it is to laugh,это смешно
it is what it is,такова жизнь
it is worth noting that,стоит отметить что
it isn't even funny,Это совсем не смешно
it isn't funny,Это не смешно
it never rains but it pours,Когда началось, то началось
it pays to advertise,реклама окупается
it takes a village,нужна помощь всего общества
it takes all kinds,У каждого свой характер
it takes all sorts,Люди разные
it takes one to know one,Подобное притягивается к подобному
it takes two to quarrel,Чтобы поссориться, нужны двое
it takes two to tangle,В этом деле виноваты оба
it takes two to tango,Чтобы танцевать танго, нужны двое
it was like this,Это было так
it was this way,так было
it wasn't only only,это было не только только
it's a date,это свидание
it's a deal,договор
it's a free country,Это свободная страна
it's a jungle out there,Там настоящий хаос
it's a long story,Это долгая история
it's a man's world,Это мужской мир
it's a matter of time,Это вопрос времени
it's a question of time,Это вопрос времени
it's a small world,это маленький мир
it's about time,пора
it's all Chinese to me,Это для меня китайская грамота
it's all g,Всё хорошо
it's all go,Всё хорошо
it's all good,Всё хорошо
it's all Greek to me,Это для меня китайская грамота
it's an ill wind,Не все то плохо, что с человеком случает…
it's been 84 years,Прошло 84 года
it's been a slice,Было приятно познакомиться
it's been real,Было приятно познакомиться
it's early days,Это только начало
it's everywhere,это повсюду
it's five o'clock somewhere,где-то сейчас пять часов
it's going,идёт
it's Greek to me,Это для меня китайская грамота
it's grim up north,Там на севере мрачно
It's high time,Высокое время
it's lonely at the top,одиноко на вершине
it's never too late to mend,Никогда не поздно исправить ошибку
it's no use,Это бесполезно
it's none of your business,Это не ваше дело
it's not even funny,Это совсем не смешно
it's not every day,Это не каждый день
it's not funny,Это не смешно
it's nothing,Это ничего
it's on,Оно включено
it's only a matter of time,Это всего лишь вопрос времени
it's only a question of time,Это всего лишь вопрос времени
it's someone's funeral,это чья-то трагедия
it's the hit dog that howls,Не укусит тот пёс, который лает
it's the story of one's life,это история жизни
it's the thought that counts,важно не само действие, а намерение
it's too late for sorry,слишком поздно извиняться
it's what's inside that counts,Важно то, что внутри
itch the ditch,чесать ямку
itchy feet,зуд в ногах
itchy trigger finger,зуд в пальцах
iura novit curia,Суд знает законы
ivory tickler,щекотка слоновой кости
ivory tower,башня из слоновой кости
jack around,шутить
jack in,вставить
jack into,подключить
jack of all trades,мастер на все руки
jack off,мастурбировать
Jack Tar,Матрос
jack up,поднять
jacket up,надеть куртку
jag off,отключить
jake brake,тормоз-ограничитель
jam out,отдыхать
jam today,джем сегодня
jam tomorrow,варенье на завтра
jam up,застрять
Jane Average,Средняя Джейн
Jane Doe,Джейн Доу
Jane Hancock,Джейн Хэнкок
Jane Roe,Джейн Роу
Jane Wayne,Джейн Уэйн
JAQ off,Выход из системы
jaw away,отвечать
jaw down,замолчать
jazz around,импровизировать
jazz up,украсить
Jedi mind trick,Силовой трюк джедаев
jeepers creepers,черт возьми
jeepers peepers,Огого
jell out,застывать
jerk around,подшучивать
jerk off,мастурбировать
jerk one off,мастурбировать
jerk one out,сделать
jerk over,дергать
jerk up,поднять вверх
jerkin the gherkin,куртка огурец
jerky up,дергаться
jerry to,передать
jet off,улететь
jet set,светская публика
Jew crew,Еврейская команда
Jew down,Обмануть
jew out,выгнать
jew up,украсить
jewel in the crown,жемчужина в короне
jiak kentang,жареная картошка
jib out,выдвинуть бейгу
jig up,собирать конструкцию
jill of all trades,мастер на все руки
jill off,снять трусы
jim up,поднять
jimmy up,поднимать
jive around,болтать без дела
jive turkey,болтун
jizz up,улучшить
job's a good 'un,хорошая работа
job's a good'un,хорошая работа
job's a goodun,хорошая работа
jock off,мастурбировать
Joe Average,Среднестатистический человек
Joe Citizen,Обыватель
joe job,работа
Joe Public,обычный человек
Joe Random,Джон Смит
Joe Schmo,Джон Доу
Joe Schmoe,Джон Доу
Joe Shmo,Джон Доу
Joe Shmoe,Джон Доу
jog on,беги
jog someone's memory,взбодрить память
John Citizen,Джон Гражданин
John Hancock,Джон Хэнкок
John Henry,Джон Генри
John Mastodon,Джон Мастодонт
John Q. Public,Обычный человек
Johnny Appleseed,Джонни Эпплсид
join forces,объединить усилия
join hands,держаться за руки
join in,присоединиться
join issue,обсудить вопрос
join out,выйти из
join the club,присоединяйтесь к нам
join up,вступить
joined at the hip,неразлучные
joke around,шутить
joke it up,шутить
joke up,шутить
jolly along,весело проводить время
jot and tittle,точки над i
jot down,записать
Jove nods,Юпитер кивает
judge a book by its cover,судить о книге по обложке
jug ears,лопухи
juggling act,жонглирование
juice up,зарядить
jumble together,смешивать
jumble up,перемешать
jump about,прыгать вокруг
jump and dump,прыгать и выбрасывать
jump around,прыгать вокруг
jump at,быстро соглашаться
jump at the chance,ухватиться за возможность
jump at the opportunity,воспользоваться возможностью
jump before one is pushed,предупреждать беду
jump down,спрыгнуть
jump down someone's throat,нападать
jump for joy,радоваться от души
jump in,прыгать
jump in one's skin,вздрогнуть
jump off,спрыгнуть
jump on,прыгать на
jump on the bandwagon,подхватить волну
jump onto,прыгнуть на
jump out,выпрыгивать
jump salty,прыгать соленый
jump someone's bones,сделать предложение кому-то
jump street,учебный полигон
jump the gun,начинать раньше времени
jump the queue,лезть без очереди
jump the shark,достичь пика популярности и затем начать…
jump through hoops,прыгать через обручи
jump to,перейти к
jump to conclusions,делать поспешные выводы
jump to it,приступайте к делу
jump up,подпрыгнуть
jump up behind,подпрыгнуть и оказаться позади
jump upon,прыгать на
jumpers for goalposts,футбольные ворота из подручных материало…
jungle telegraph,слухи
junk in the trunk,лишний вес
junkyard dog,собака с помойки
jure divino,божественное право
jury is out,решение не принято
just a minute,минутку
just a second,секунду
just another pretty face,просто красивая рожа
just as well,к счастью
just deserts,спокойствие
just folks,простые люди
just friends,просто друзья
just in case,на всякий случай
just in the nick of time,в самый последний момент
just in time,вовремя
just like that,просто так
just my luck,просто моя удача
just say no,просто скажи нет
just shy of,чуть меньше чем
just the job,именно то, что нужно
just the same,так же
just you wait,подожди немного
justice delayed is justice denied,Задержка правосудия – это несправедливос…
justice is blind,справедливость слепа
jut out,выступать
kak on,как он
kangaroo court,судебный фарс
kao peh kao bu,я не понимаю
karma is a bitch,карма - стерва
karma's a bitch,карма - суровая штука
Katy bar the door,Не пускать никого
keel over,перевернуться
keen as a bean,острый как бритва
keep a close watch,следить внимательно
keep a cool head,сохранять спокойствие
keep a lid on,держать в секрете
keep a lid on something,скрывать
keep a low profile,быть незаметным
keep a straight face,сохранять невозмутимое выражение лица
keep a weather eye open,быть начеку
keep across,быть в курсе
keep ahead,опережать
keep an eye on,следить за
keep an eye on something,следить за чем-либо
keep an eye open,следить
keep an eye out,следите
keep an eye out for somebody,следить за кем-то
keep an eye out for something,следить за чем-то
keep an eye peeled,будьте внимательны
keep around,держать рядом
keep at,продолжать заниматься
keep away,Держитесь подальше
keep away from,держаться подальше от
keep back,держать в стороне
keep company,быть рядом
keep count,считать
keep down,успокойся
keep from,предотвратить
keep good time,идти точно по времени
keep hope alive,поддерживать надежду
keep house,вести хозяйство
keep in,сохранять
keep in touch,поддерживать связь
keep in with,поддерживать отношения с
keep it between the ditches,держать в узде
keep it in the family,в семье не без сукна пряди
keep it moving,Двигайтесь дальше
keep it one hundred,будь честен
keep it real,Будьте честными
keep it together,сохраняй спокойствие
keep it up,продолжай в том же духе
keep off,не подходить
keep off the streets,не выходите на улицы
keep on,продолжать
keep on about,постоянно говорить о
keep on truckin',продолжай в том же духе
keep one eye on somebody,следить за кем-то
keep one eye on something,следить за чем-то
keep one's chin up,не унывать
keep one's cool,сохранять спокойствие
keep one's ears open,быть внимательным
keep one's eye on the ball,следить за ситуацией
keep one's eyes peeled,быть начеку
keep one's fingers crossed,скрестить пальцы
keep one's hair on,сохранить волосы на голове
keep one's head,сохранять спокойствие
keep one's head above water,выживать
keep one's head down,держаться в тени
keep one's head on a swivel,быть начеку
keep one's head up,не унывать
keep one's knickers on,Сохраняйте спокойствие
keep one's lips sealed,молчать как рыба об лед
keep one's mouth shut,молчать
keep one's nose clean,вести себя хорошо
keep one's options open,оставлять варианты открытыми
keep one's pants on,сохранять спокойствие
keep one's pecker up,не унывать
keep one's powder dry,быть наготове
keep one's stick on the ice,оставаться в игре
keep one's temper,сдерживать гнев
keep one's tits on,держаться
keep one's voice down,говорить тише
keep one's word,держать слово
keep oneself to oneself,держаться особняком
keep out,не входить
keep out of,не подходить
keep pace,держать темп
keep quiet,молчите
keep shtum,молчать
keep somebody in check,сдерживать кого-либо
keep somebody on their toes,держать кого-то в напряжении
keep somebody posted,информировать кого-либо
keep somebody's eyes peeled,быть начеку
keep somebody's eyes skinned,быть начеку
keep someone amused,развлекать кого-то
keep someone busy,занять кого-то
keep someone company,быть рядом с кем-то
keep someone in the loop,информировать
keep someone on ice,держать в резерве
keep someone on their toes,держать в напряжении
keep someone posted,информировать кого-либо
keep someone sweet,умилостивить кого-то
keep something at bay,сдерживать
keep something in check,сдерживать
keep something in mind,помнить о чем-то
keep straight,идти прямо
keep tabs on,следить за
keep tabs on somebody,следить за кем-то
keep tabs on something,следить за чем-либо
keep telling yourself that,говори себе это снова и снова
keep the ball rolling,продолжать
keep the bones green,сохраняйте кости зелеными
keep the change,Сдачи не нужно
keep the home fires burning,поддерживать домашний очаг
keep the peace,поддерживать мир
keep the pot boiling,поддерживать интерес
keep the rent down,удерживать арендную плату на низком уров…
keep the rent low,держать арендную плату низкой
keep the show on the road,продолжать
keep the wolf from the door,обеспечить средства к существованию
keep to,придерживаться
keep to oneself,быть замкнутым
keep together,держать вместе
keep track of,следить за
keep under,держать под
keep up,поддерживать
keep up appearances,сохранять видимость
keep up with,быть в курсе
keep up with the Joneses,быть на уровне
keep up with the times,идти в ногу со временем
keep watch,дежурить
keep yourself safe,берегите себя
ken oath,клятва
kernel of truth,зерно истины
kettle of fish,неразбериха
key down,нажата клавиша
key in,вводить ключ
key in on,сосредоточиться на
key into,вводить ключ
key off,выключить зажигание
key on,включено
key out,выключить
key up,поднять вверх
keys to the kingdom,ключи от царства
kick a dog when it's down,бить собаку, когда она лежит
kick about,прогуливаться
kick against,противостоять
kick against the pricks,идти против системы
kick around,прогуливаться
kick ass,быть крутым
kick ass and take names,добиваться успеха и быть крутым
kick at an open door,бить открытую дверь
kick at the can,откладывать решение
kick back,расслабиться
kick bollocks scramble,беспорядок суматоха неразбериха
kick butt,победить
kick down,сносить
kick in,вступать в силу
kick in the teeth,подлый удар
kick into the long grass,отложить в долгий ящик
kick into touch,выбить в аут
kick it,отдыхать
kick loose,освободить ногой
kick off,начать
kick on,включить
kick one's heels,бездельничать
kick out,выгнать
kick out the jams,отрываться на полную катушку
kick over,перевернуть
kick rocks,отвалите
kick some tail,победить
kick some tires,пощупать шины
kick someone when they are down,бить человека, когда он повержен
kick someone's ass,обездвижить кого-то
kick the beam,сбиться с пути
kick the bucket,умереть
kick the can down the road,откладывать решение проблемы на потом
kick the habit,бросить привычку
kick the tires,проверить шины
kick the tyres,проверить шины
kick to,удар ногой
kick to the curb,бросить
kick up,поднимать пыль
kick up a fuss,поднимать шум
kick up one's heels,весело проводить время
kick upstairs,перевести в высший эшелон
kick with,ударить ногой
kick with the other foot,ударить другой ногой
kicking and screaming,с криками и слезами
kicking boots,пинать сапоги
kicks and giggles,подталкивания и смех
kid around,шутить
kid on,подшучивать над
kiddie table,детский столик
kids will be kids,дети есть дети
kill me,убей меня
kill off,уничтожить
kill one's darlings,отрекаться от любимых, но не самых удачн…
kill the fatted calf,забить откормленного теленка
kill trees,рубить деревья
kill two birds with one stone,убить двух зайцев одним выстрелом
kill your heroes,убить своих кумиров
kill your idols,убей своих кумиров
killer diller,отлично
killer instinct,инстинкт убийцы
Kilroy was here,Здесь был Килрой
kind of,вроде
kind regards,с уважением
kindest regards,с наилучшими пожеланиями
kindred soul,родственная душа
kindred spirit,родственная душа
king of all one surveys,царь всего, что видно
king of beasts,царь зверей
king of birds,царь птиц
king of the castle,хозяин замка
king of the hill,король горы
King of the Jungle,Царь джунглей
King Shit of Turd Island,Король дерьма с острова дерьма
king's cushion,королевская подушка
king's ransom,королевская сумма
kink on,зацепка
kink out,загиб
Kiong Hee Huat Chai,С Новым годом
kip down,опуститься
kip in,заскочить
kip out,уйти
kip up,проснуться
kirk out,уйти
kiss and cry,слезы радости
kiss and make up,помириться
kiss and tell,рассказывать сплетни
kiss arse,подлизываться
kiss ass,подлизываться
kiss goodbye to something,прощаться с чем-то
kiss me,поцелуй меня
kiss my ass,Поцелуй мою задницу
kiss my balls,Поцелуй мои яйца
kiss of death,поцелуй смерти
kiss of life,искусственное дыхание
kiss off,отвергнуть
kiss out,поцеловать
kiss someone's ass,подлизываться
kiss someone's ring,поцеловать кольцо
kiss the gunner's daughter,поцеловать дочь артиллериста
kiss up,подлизываться
kiss up to,подлизываться
kissing goes by favor,поцелуи дарят по настроению
kit out,оснастить
kit up,подготовить снаряжение
kitchen table software,программное обеспечение для настольных к…
kite around,летать вокруг
kitty's titties,грудь кошки
Klaatu barada nikto,Клату барада никто
kludge out,исправить
klunk out,выключить
knee-deep in the Big Muddy,по колено в реке Миссисипи
knee-high by the Fourth of July,до колена к четвертому июля
knee-high to a grasshopper,еще ребенок
knee-jerk reaction,рефлекторная реакция
kneel before,преклонить колени перед
kneel down,приклониться
knick off,откусить
knife up,нож вверх
knight of the post,почтальон
knit one's brows,нахмуриться
knit one's eyebrows,нахмурить брови
knit together,связывать
knit up,связать
knive up,ножницами
knob job,неумелая работа
knock about,бить
knock around,барабанить
knock back,отклонить
knock down,сбивать с ног
knock down a peg,снизить рейтинг
knock for a loop,сбить с толку
knock in,стучать
knock into,ударить
knock it off,Прекрати
knock it out of the park,поразить всех
knock off,скопировать
knock on,стучать
knock on heaven's door,постучать в небесные врата
knock on wood,стучать по дереву
knock one out,выбить
knock oneself out,усердно работать
knock out,нокаутировать
knock out of the box,поразить
knock over,сбить с ног
knock round,стучать
knock some sense into,вправить мозги
knock someone down with a feather,сбить с ног лёгким дуновением
knock someone flat,сбить с ног
knock someone off their perch,сбить с пьедестала
knock someone over with a feather,сбить с ног лёгким дуновением
knock someone's block off,отправить в нокаут
knock someone's socks off,поразить до глубины души
knock someone's wind out,сбить с ног
knock the living daylights out of,ошеломить
knock the stuffing out of,добиться убедительной победы
knock together,собирать вместе
knock under,подделываться под
knock up,забеременеть
knocking on heaven's door,стучаться в небесные врата
knot off,отвязать
know a thing or two,знать кое-что
know about,знать о
know beans about,ничего не знать
know every trick in the book,знать все приемы
know from a bar of soap,знать по куску мыла
know how many beans make five,знать, сколько бобов нужно, чтобы получи…
know inside and out,знать как свои пять пальцев
know no bounds,не знать границ
know of,знать о
know one's own mind,знать, чего хочешь
know one's shit,знать своё дело
know one's stuff,знать своё дело
know one's way around,ориентироваться
know someone,знать кого-то
know someone from Adam,знать кого-то как облупленного
know someone from Eve,знать кого-то с самого детства
know someone in the biblical sense,знать кого-то в библейском смысле
know the drill,знать, что делать
know the score,знать, что к чему
know thyself,познай себя
know what,знать
know what I'm saying,понимаешь о чём я говорю
know what is what,знать, что есть что
know where the bodies are buried,знать, где похоронены тела
know where you stand,знать, где ты находишься
know which end is up,знать, где верх, а где низ
knowledge is power,знание - сила
knuckle down,приложить усилия
knuckle dragger,отсталый человек
knuckle sandwich,шлепок
knuckle to,кулак
knuckle under,подчиниться
knuckle up,сжимать кулаки
Kojak with a Kodak,Кодзяк с фотоаппаратом Кодак
konk out,выбыть
Kool-Aid smile,Натянутая улыбка
Kung Hei Fat Choi,С Новым годом
kung pow penis,Кунг пао пенис
L in the chat,Л в чате
l'istesso tempo,в то же время
lab rat,подопытный кролик
labor of love,работа для души
labour of love,работа для души
labour the point,излишне акцентировать
lace into,вплести
lace up,зашнуровать
laced mutton,баранина с чесноком
ladies and gentlemen,дамы и господа
ladies first,дамам первыми
ladies' man,ловец женщин
lady garden,сад
lady or tiger,или леди или тигр
lady's man,ловец женщин
lag behind,отставать
lag off,задержка
lair it up,украсить
lair up,подняться
lam into,входить
lam off,выключить
lam out,выхожу
lamb down,мягкий пух
lamp along,фонарь вдоль
land down,приземлиться
land in someone's lap,выпасть на голову
land legs,ноги на твердой земле
land of opportunity,страна возможностей
land on,приземлиться
land on one's feet,устоять на ногах
land poor,бедный землевладелец
land the plane,посадить самолет
land up,приземлиться
land upon,приземлиться на
land with,приземлиться с
landing strip,взлетно-посадочная полоса
lands preserved,охраняемые земли
lang may yer lum reek,Да хранит вас Бог
lang may your lum reek,Да пребудет с тобой свет
lap of luxury,роскошь
lap up,облизывать
lard down,укладывать жир
lard up,засолить
large and in charge,крупный и влиятельный
large it up,увеличить
lark about,шутить
lark around,шалить
laser in on,сосредоточиться
lash back,отразить удар
lash down,привязать
lash off,отрезать
lash out,нападать
lash together,связывать
lash up,прикрепить
lasso up,подтягивать
last burst of fire,последний залп огня
last cast,последний бросок
last full measure,последний рубеж
last hurrah,последний рывок
last I checked,насколько я помню
last I heard,насколько я знаю
last known good,последняя рабочая версия
last mile,последняя миля
last minute,в последний момент
last nail in the coffin,последний гвоздь в крышку гроба
last of the big spenders,последний из больших трачущих
last out,последний
last refuge,последнее убежище
last resort,последний шанс
last roundup,последняя облава
last straw,последняя капля
Last Supper,Тайная вечеря
last thing,последнее
last thing one needs,то, что совсем не нужно
last time I checked,в последний раз, когда я проверял
last trump,последний шанс
last word,последнее слово
latch on,защелкнуть
latch onto,цепляться
late in the game,в конце игры
late model,современная модель
late to the party,опоздал на вечеринку
latest and greatest,новейший и лучший
lather up,вспенить
lathered up,вспенился
lato sensu,в широком смысле
laugh a minute,смеяться каждую минуту
laugh and grow fat,смеяться и толстеть
laugh at,смеяться над
laugh away,смеяться
laugh down,смеяться над
laugh in one's sleeve,смеяться в кулак
laugh off,отшутиться
laugh one's head off,смеяться до упаду
laugh out of court,отклонить иск
laugh up one's sleeve,держать в уме
laugh with,смеяться вместе
laughing stock,объект насмешек
laughing tackle,шуточный подкат
laughter is the best medicine,Смех - лучшее лекарство
launch forth,отправлять
launch into,начинать
laundry list,список дел
law and order,закон и порядок
lawful but awful,законно, но ужасно
lawyer up,нанять адвоката
lax up,расслабься
lay a finger on,тронуть
lay about,бездельничать
lay an anchor to the windward,положить якорь против ветра
lay an egg,снести яйцо
lay aside,отложить
lay at someone's door,обвинять кого-либо
lay away,откладывать деньги
lay back,откинуться назад
lay bare something,раскрыть что-либо
lay behind,находиться позади
lay by,отложить
lay by the heels,лежать на боку
lay claim,заявлять о правах
lay down,лечь
lay down on,лечь
lay down the law,устанавливать правила
lay down the marker,поставить точку
lay eggs,откладывать яйца
lay eyes on,увидеть
lay eyes on somebody,увидеть кого-то
lay eyes on something,увидеть что-то
lay for,лежать для
lay hands on,прикоснуться
lay in,лежать в
lay in lavender,лежал в лаванде
lay into,ругать
lay it on,расскажи
lay it on thick,преувеличивать
lay odds,делать ставки
lay of the land,общая картина
lay off,уволить
lay on,лежать
lay on the line,рискнуть
lay one down,уложить
lay one's hands on something,потрогать
lay one's head,ложиться спать
lay one's tongue to,говорить
lay out,раскладывать
lay over,пересадка
lay something at the feet of,положить к ногам
lay something on the line,рисковать всем
lay store by,придавать большое значение
lay the groundwork,заложить основу
lay the wood,укладывать дерево
lay to,ложиться
lay to rest,похоронить
lay up,забивать бросок вблизи кольца
lay up with,ложиться с кем-то
layer up,одеться теплее
laze about,бездельничать
laze around,лениться
lead by the nose,вести за нос
lead foot,тяжелая нога
lead in,лидерство
lead nowhere,ничего не давать
lead off,открывать
lead on,идите вперед
lead out,выводить
lead someone to the altar,вести к алтарю
lead someone up the garden path,вводить в заблуждение
lead the line,быть на острие атаки
lead the way,Идите вперёд
lead through,вести за собой
lead time,срок поставки
lead to,приводить к
lead up to,приводить к
lead with one's chin,наступать на рогатку
leading light,ведущая фигура
leaf out,распускаться
leaf through,пролистать
leak out,просачиваться
lean and mean,стройный и сильный
lean in,приближаться
lean into,приближаться к
lean on,опираться на
lean towards,склоняться к
leap ahead,вырваться вперед
leap at,бросаться
leap out,выпрыгивать
leap to mind,сразу приходит в голову
leap up,подпрыгнуть
leaps and bounds,гигантскими шагами
learn one's lesson,извлечь урок
learn one's place,знать свое место
learned profession,профессия
lease out,сдавать в аренду
least of all,в последнюю очередь
leave aside,отложить
leave at the door,оставьте у двери
leave behind,оставить позади
leave for dust,оставить в пыли
leave home,уехать из дома
leave it all on the field,выложиться на все сто
leave it alone,Оставь это в покое
leave it at that,Оставьте это как есть
leave it be,Оставь это как есть
leave it out,опустите это
leave me alone,Оставь меня в покое
leave no crumbs,не оставлять следов
leave no stone unturned,не оставить ни одного камня неперевернут…
leave off,прекратить
leave on,оставить включенным
leave out,исключать
leave over,оставаться
leave someone at the altar,оставить невесту у алтаря
leave someone high and dry,бросить
leave someone holding the baby,оставить кого-то с проблемой
leave someone in the dust,оставить кого-то позади
leave someone in the lurch,подвести кого-то
leave someone no choice,не оставлять выбора
leave someone out in the cold,оставить кого-то в беде
leave someone to their fate,оставить кого-то на волю судьбы
leave someone to their own devices,оставить кого-то в покое
leave something to be desired,оставляет желать лучшего
leave the ball in someone's court,переложить ответственность на другого
leave the door open,оставить дверь открытой
leave the nest,покинуть гнездо
leave things alone,не трогать
leave things be,оставить как есть
leave to the imagination,оставить на волю воображения
lede to kum,от леда до кума
left hook,левый хук
left turn,поворот налево
left-handed compliment,неоднозначный комплимент
leg around,вокруг ноги
leg out,выставить ногу
leg over,перекинуть ногу через
leg up,помощь
legal beagle,юрист
legal duty,юридическое обязательство
legal eagle,юрист
legally binding,юридически обязывающий
legend in one's own lifetime,легенда при жизни
legend in one's own lunchtime,легенда на свой обеденный перерыв
lemon law,закон о защите прав потребителей при пок…
lend a hand,помочь
lend an ear,прислушаться
lend itself to,подходить для
lend somebody a hand,помочь кому-то
length and breadth,длина и ширина
lengthen down,удлинять вниз
lengthen out,удлинить
lengthen up,удлинить
les jeux sont faits,Игра окончена
less is a bore,меньше - скучнее
less is more,меньше значит больше
less than nothing,ниже нуля
lesser of two evils,меньшее из двух зол
lessons learned,извлеченные уроки
let a sleeping dog lie,не буди лихо, пока оно тихо
let a thousand flowers bloom,пусть расцветут тысячи цветов
let alone,тем более
let bygones be bygones,простить и забыть
let down,разочаровать
let drive,поехали
let fly,отпустить
let George do it,позвольте Джорджу сделать это
let go and let God,отпусти и доверься Богу
let in,впускать
let in on,посвятить в курс дела
let into,впускать
let it all hang out,выкладываться по полной
let it alone,оставьте его в покое
let it be,пусть будет
let it snow,пусть идет снег
let loose,отпустить
let me count the ways,позвольте мне перечислить причины
let me see,позвольте мне посмотреть
let me tell you,позвольте мне рассказать вам
let nature take its course,дать природе идти своим чередом
let off,отпустить
let on,включить
let one go,отпустить
let one off,отпустить
let one's fingers do the walking,позвольте вашим пальцам сделать всю рабо…
let one's hair down,расслабиться
let oneself go,расслабиться
let out,выпустить
let past,простить
let sleeping dogs lie,не буди лихо, пока оно тихо
let slide,пропустить
let slip,проговориться
let slip something,проболтаться
let someone down gently,аккуратно разочаровать кого-то
let someone go,отпустить кого-то
let someone have it,дать понять
let something slip,пропустить
let that sink in,дайте это усвоиться
let the buyer beware,покупатель должен быть внимательным
let the dog see the rabbit,позвольте собаке увидеть кролика
let the matter drop,забыть об этом
let them eat cake,пусть едят пирожные
let there be light,да будет свет
let things alone,не трогать
let things be,оставьте всё как есть
let this cup pass from me,пусть этот кубок минует меня
let through,пропускать
let up,отпустить
let us count the ways,давайте посчитаем способы
let us go,пойдёмте
let us see,давайте посмотрим
let well alone,не трогать
let's be having you,давайте знакомиться
let's face it,признаем это
let's get the party started,Начнем вечеринку
let's get this party started,Начнем вечеринку
let's go,пошли
let's go Brandon,Пошли отсюда, Брэндон
let's have it,Давайте
let's hear it for someone,давайте поаплодируем кому-нибудь
let's know,давайте узнаем
let's not and say we did,Давайте не будем и скажем, что сделали
let's roll,давай поехали
let's say,давайте предположим
let's see,посмотрим
letters after one's name,ученые звания
level best,лучшее
level down,уровень понизить
level off,выравниваться
level out,выравнивать
level to the ground,сровнять с землей
level up,повысить уровень
level with,на одном уровне с
lex dubia non obligat,Неоднозначные законы не обязывают
lexically scoped,с областью видимости, определяемой лекси…
lez out,выходить
lez up,поднимись
liar liar pants on fire,лжец лжец штаны горят
lib out,выход из библиотеки
libel chill,холод
licence to print money,лицензия на печать денег
lick and a promise,обман и обещание
lick into shape,придать форму
lick log,лизать бревно
lick my balls,лизать мои яйца
lick one's chops,облизываться
lick one's lips,облизать губы
lick one's wounds,залечивать раны
lick out,вылизать
lick someone's ass,подлизываться
lick someone's balls,лизать жопу
lick the pants off,превзойти
lick up,облизать
lie above,находиться выше
lie ahead,впереди
lie along,лежать вдоль
lie around,лежать без дела
lie at someone's door,лежать у чьих-то дверей
lie back,ложиться на спину
lie back and think of England,Лягте и подумайте об Англии
lie before,лежать перед
lie behind,стоять за
lie by,лежать рядом с
lie down,лежать
lie ill in one's mouth,быть неправдой
lie in,лежать в
lie in one's throat,першить в горле
lie in wait,подстерегать
lie low,ждать
lie off,отдыхать
lie over,лежать сверху
lie through one's teeth,лгать без зазрения совести
lie to,лгать
lie upon,лежать на
lie with,лежать с
lies beget more lies,ложь порождает новую ложь
life and limb,жизнь и здоровье
life and soul of the party,душа компании
life goes on,жизнь продолжается
life happens,жизнь продолжается
life imitates art,жизнь подражает искусству
life is short,жизнь коротка
life is too short,жизнь слишком коротка
life is what you make it,Жизнь - это то, что ты из нее делаешь
life of its own,собственная жизнь
life of Riley,жизнь без забот
life of the party,душа компании
life off,вне работы
life's a bitch,Жизнь - сука
life's too short,жизнь слишком коротка
lift a finger against,поднять палец против
lift all boats,поднять все корабли
lift and shift,перенос без изменений
lift down,спустить вниз
lift off,взлёт
lift one's game,повысить уровень
lift one's hand against,поднять руку против
lift someone's spirits,поднять настроение
lift the lid on something,раскрыть что-либо
lift up,поднять
light a fire under,подстегивать
light along,вдоль света
light as air,легкий как перышко
light at the end of the tunnel,свет в конце тоннеля
light bucket,ведро для воды
light down,уменьшить яркость
light in the loafers,лёгкие мокасины
light into,внутрь
light of one's life,свет жизни
light off,выключить свет
light on,включить
light out,выключить свет
light skirt,легкая юбка
light someone's ass up,поджарить кого-то
light the blue touchpaper,зажечь синий предохранитель
light up,зажечь
light up a room,осветить комнату
light upon,свет на
light-bulb moment,озарение
lighten someone's purse,облегчить кошелёк
lighten up,расслабься
lightning fast,молниеносно быстрый
lightning in a bottle,искры
lightning never strikes twice,молния не бьет дважды
lightning strike,удар молнии
lights out,выключить свет
like a bag of ferrets,как мешок с хорьками
like a bat out of hell,как ошпаренный
like a big dog,как большая собака
like a bitch,как сука
like a bitch on heat,как сука в течке
like a boss,как босс
like a bug to a zapper,как мотылька к лампе
like a bull at a gate,Как бык, бросающийся на ворота
like a champ,как чемпион
like a charm,как по волшебству
like a chicken with no head,как курица без головы
like a chicken with the pip,как цыпленок, пробивающий скорлупу
like a demon,как демон
like a dog on heat,в период течки
like a dog with two dicks,как собака с двумя хуями
like a dog with two tails,как собака с двумя хвостами
like a dose of salts,как доза соли
like a dream,как во сне
like a drowned rat,как утонувшая крыса
like a duck takes to water,как рыба в воде
like a duck to water,как рыба в воде
like a fart in church,как плевок в лицо
like a hawk,как ястреб
like a headless chicken,как курица, потерявшая голову
like a headless chook,как курица, потерявшая голову
like a hole in one's head,как ножа в голову
like a hole in the head,как дыра в голове
like a hot knife through butter,как нож сквозь масло
like a kid at Christmas,как ребенок в канун Рождества
like a kid on Christmas morning,как ребенок в канун Рождества
like a knife through butter,как нож сквозь масло
like a lamb to the slaughter,как агнец на заклание
like a man,как мужчина
like a man possessed,как одержимый
like a martin to his gourd,как ласточка к своему гнезду
like a martin to its gourd,как ласточка к своему гнезду
like a million bucks,Как миллион долларов
like a million dollars,как миллион долларов
like a million pounds,как миллион фунтов
like a monkey on a stick,как обезьяна на палке
like a moth to a flame,как мотылёк к огню
like a moth to flame,как мотылёк к огню
like a moth to the flame,как мотылёк к огню
like a mother hawk,как ястребиная мать
like a pakapoo ticket,как лотерейный билет
like a phoenix from the ashes,как феникс из пепла
like a raped ape,как изнасилованная обезьяна
like a rat up a drain,как крыса в норе
like a rat up a drainpipe,как крыса по водосточной трубе
like a ripe plum,как спелая слива
like a scalded cat,как обожженная кошка
like a scalded dog,как обожжённая собака
like a shot,мгновенно
like a stuck pig,как приклеенный
like a ton of bricks,как тонна кирпичей
like a train,как поезд
like a wet weekend,как дождливые выходные
like a wolf on the fold,как волк на овечьей пастбище
like all possessed,как будто одержимый
like anything,как угодно
like atomic clockwork,как атомные часы
like Blackpool Illuminations,как Блэкпул Иллюминации
like breaking sticks,как ломать палки
like buggery,как похоть
like butter on a bald monkey,как масло на лысой обезьяне
like candy,как конфеты
like cats and dogs,как кошка с собакой
like cheese at fourpence,как сыр за четыре пенса
like clockwork,как часы
like crack,как трещина
like crazy,как сумасшедший
like father like son,яблоко от яблони недалеко падает
like ferrets in a bag,как червяки в ящике
like flies on a rib roast,как мухи на жареном мясе
like flies on pie,как мухи на пироге
like fuck,как черт
like fudge,как повидло
like fun,весело
like fury,с яростью
like gangbusters,с огромным успехом
like grease through a goose,как масло по маслу
like grim death,как мрачная смерть
like heck,черт возьми
like hell,ни за что
like hey-go-mad,сходить с ума
like hot cakes,Как горячие пирожки
like I care,мне все равно
like I cared,мне было неважно
like it or leave it,или нравится, или нет
like it or lump it,Принимай как есть или не принимай
like it's going out of fashion,как будто это последний раз
like it's going out of style,как будто это последний раз
like lightning,как молния
like mad,в ярости
like magic,как по волшебству
like merry hell,как черти пляшут
like molasses,как патока
like molasses in January,как патока в январе
like mushrooms,как грибы
like new,как новый
like no other,непохожий ни на что другое
like of,как
like old boots,как старые сапоги
like one means it,как будто это значит
like one o'clock,как час
like one o'clock half struck,как будто час пробил наполовину
like one owns the place,как будто он хозяин
like one's life depended on it,как будто от этого зависит жизнь
like painting the Forth Bridge,как покрасить мост Форт
like peas and carrots,как горох и морковь
like peas in a pod,как две капли воды
like rats from a sinking ship,как крысы с тонущего корабля
like rats in a sack,как крысы в мешке
like riding a bike,как кататься на велосипеде
like robbing a baby,как грабить младенца
like shelling peas,как чистить горох
like shit through a goose,как из жопы раненой
like shooting fish in a barrel,как два пальца об асфальт
like sin,как грех
like smack,шлепать
like someone owns the place,как будто он хозяин этого места
like speaking to a brick wall,разговаривать со стеной
like speaking to a wall,разговаривать со стеной
like stink,ужасно
like stink on shit,как дерьмо в дерьме
like strange bulldogs,как странные бульдоги
like taking candy from a baby,как взять конфету у младенца
like talking to a brick wall,как разговаривать со стеной
like talking to a wall,разговаривать со стеной
like that,так
like the bottom of a birdcage,дно клетки для птиц
like the clappers,как сумасшедшие
like the devil,как черт
like the man said,как сказал этот человек
like the man says,как говорит этот человек
like the new time,новое время
like the wind,как ветер
like the wrath of God,как гнев Божий
like there is no tomorrow,как будто завтра нет
like turkeys voting for Christmas,как индюки, голосующие за Рождество
like two peas in a pod,как две капли воды
like water,как вода
like water off a duck's back,как с гуся вода
like white on rice,как белое на рисе
like winkin,подмигивая
like winking,как будто подмигивает
likker up,убирать
limber up,разогреться
limit out,достиг лимита
limp in,хромать
line in,включить
line in the sand,граница
line of attack,линия атаки
line of country,линия одежды в стиле кантри
line of fire,линия огня
line of questioning,линия вопросов
line off,выключить линию
line one's pockets,набивать карманы
line out,вычеркнуть
line someone's pockets,набивать карманы
line up,выстроиться
line up behind,выстроиться за
line up one's ducks,привести в порядок
linearly dependent,линейно зависимые
linearly independent,линейно независимые
linger on,задерживаться
linger out,задерживаться
link in,включить
link out,не работает
link up,связываться
lion's den,логово льва
lion's share,львиная доля
lip off,молчи
lip out,высунуть губу
lip service,лицемерие
liquid courage,жидкий смелость
liquor up,налить
listen after,слушать после
listen in,подслушивать
listen out,прислушиваться
listen to you,слушать тебя
listen up,Слушайте внимательно
little emperor,маленький император
little girl,маленькая девочка
little hand,маленькая рука
little head,маленькая голова
Little Joe from Kokomo,Маленький Джо из Кокомо
little mad,немного злой
little old,маленький старый
little pitcher,маленький кувшин
little pitchers have big ears,У маленьких детей большие уши
little pitchers have long ears,У маленьких горшков длинные ушки
little shit,мерзкий парень
little strokes fell great oaks,Маленькие шаги приводят к большим резуль…
live a lie,жить во лжи
live and die by,жить и умирать по
live and learn,жить и учиться
live and let live,жить и дать жить
live beyond one's means,жить не по средствам
live down,жить ниже
live down to,не оправдать ожиданий
live for,жить ради
live in,жить в
live in sin,жить в грехе
live in the past,жить в прошлом
live in the shadow of,жить в тени
live it up,жить на полную катушку
live large,жить на широкую ногу
live long and prosper,будь здоров и процветай
live off,жить за счет
live on,жить
live on the edge,жить на грани
live one,жить
live out,прожить
live over the brush,жить над кустарником
live paycheck to paycheck,жить от зарплаты до зарплаты
live rent-free in someone's head,жить в чьей-то голове без оплаты
live rent-free in someone's mind,жить в чьем-то сознании
live rough,жить в нищете
live the dream,жить мечтой
live through,пережить
live to tell the tale,выжить чтобы рассказать историю
live together,жить вместе
live up,соответствовать
live with,жить с
live with oneself,жить со своими принципами
liven up,оживить
living death,живая смерть
living end,лучшее, что есть
living proof,живое доказательство
load down,скачивать
load of shit,чушь
load out,комплектация
load up,загружать
load up on,запастись
loaded for bear,готовый к бою
loaded language,язык, содержащий оценочные суждения
loaded word,нагруженный термин
loaf about,бездельничать
loaf around,бездельничать
lobby out,вывести из лобби
lobby up,собираться
locally compact,локально компактный
locally finite,локально конечный
locally indicable,локально определяемый
lock and key,замок и ключ
lock and load,приготовиться к бою
lock away,запереть
lock down,карантин
lock horns,схватиться в схватке
lock in,заблокировать
lock into,зафиксировать
lock off,отключить
lock on,захват
lock out,запереть снаружи
lock through,проходить через шлюз
lock under,под замком
lock up,запереть
locked up,заперт
locker room humor,шутки в раздевалке
locks only keep honest people honest,замки защищают только честных людей
log in,войти
log into,войти
log off,выйти
log on,войти
log onto,войти в систему
log out,выйти
loll about,бездельничать
loll around,бездельничать
lolly up,подниматься вверх
lone gunman,одинокий стрелок
lone it,оставь его
Lone Ranger,Одинокий рейнджер
long arm,длинная рука
long arm of the law,длинная рука закона
long betwixt the fingers,длинный между пальцами
long drink,алкогольный напиток
long finger,длинный палец
long for,тосковать по
long fuse,длинная предохранительная пробка
long green,длинный зеленый
long hair don't care,Длинные волосы, мне плевать
long hour,долгий час
long in coming,долгожданный
long in the tooth,в возрасте
long long ago,Давным-давно
long odds,маленькие шансы
long off,далеко
long pork,человеческое мясо
long row to hoe,много работы
long run,длительный период
long screwdriver,длинная отвертка
long shot,маловероятный шанс
long since,давно
long story,долгая история
long story short,вкратце
long time,долгое время
long time no hear,Давно не слышались
long time no see,Давно не виделись
look after,заботиться
look ahead,заглядывать в будущее
look ahead to,заглядывать в будущее
look ahere,посмотри сюда
look around,осмотреться
look askance,косо смотреть
look at,смотреть
look at it this way,посмотри на это с этой стороны
look away,отвести взгляд
look back,оглядываться назад
look before one leaps,семь раз отмерь, один раз отрежь
look beyond,смотреть дальше
look both ways,смотри по сторонам
look down,смотреть вниз
look down on,презирать
look down one's nose,смотрить свысока
look down upon,презирать
look for,искать
look for a dog to kick,искать, на кого наброситься
look for number one,искать номер один
look forward to,с нетерпением ждать
look here,посмотри сюда
look in,заглянуть
look in on,заглянуть
look into,изучить
look off,отвлекаться
look on,смотреть на
look on as,смотреть как
look on the bright side,смотреть на позитивную сторону
look on the dark side,смотреть с негативной стороны
look out,осторожно
look out for number one,заботиться о себе прежде всего
look out for someone,следить за кем-то
look over,просмотреть
look over one's shoulder,оглядываться
look past,заглядывать дальше
look right through,видеть насквозь
look round,осмотреть
look the other way,отворачиваться
look the part,выглядеть соответственно
look through,просматривать
look through one's fingers,закрывать глаза на что-либо
look to,смотреть
look up,искать
look up and down,смотреть вверх и вниз
look up to,восхищаться
look upon,смотреть на
look what the cat dragged in,что кошка притащила
look what the cat drug in,посмотри, что кошка притащила
look what the cat's dragged in,что за зверь сюда притащился
look what the wind blew in,что принесло ветром
look who the cat dragged in,вот кого ветер принёс
look who's talking,вот кто говорит
lookers-on see most of the game,Зрители видят большую часть игры
looks can be deceiving,Внешность может быть обманчива
loom ahead,надвигаться
loom large,выглядеть внушительно
loop in,петля
loop off,отключить цикл
loop up,поиск
loose cannon,непредсказуемый человек
loose end,недоделанное дело
loose ends,незавершенные вопросы
loose lip,болтливый человек
loose lips sink ships,Слухи губительны
loose off,освобождать
loose tongue,болтливый
loosen someone's lips,выведать секрет
loosen someone's tongue,расколдовать
loosen the apron strings,дать больше свободы
loosen the purse strings,смягчить денежную политику
loosen up,расслабиться
lop down,ложиться
lop off,отрезать
lord it over,доминировать
Lord knows,Бог знает
Lord love you,Бог вас любит
lord of gingerbread,властелин имбирного пряника
lord of the flies,Повелитель мух
Lord only knows,Бог знает
lord over,господствовать над
Lord rest his soul,Да упокоит его Бог
Lord's Supper,Вечеря Господня
lose count,потерять счёт
lose face,потерять лицо
lose ground,терять позиции
lose it,потерять
lose one's battle,проиграть
lose one's bottle,потерять самообладание
lose one's cool,терять самообладание
lose one's head,потерять голову
lose one's heart,влюбиться
lose one's mind,свихнуться
lose one's shirt,потерять все деньги
lose one's shit,выходить из себя
lose one's temper,терять самообладание
lose one's tongue,потерять дар речи
lose one's touch,потерять форму
lose one's virginity,потерять девственность
lose one's wits,потерять рассудок
lose out,проиграть
lose patience,терять терпение
lose sight of something,терять из виду
lose the bell,потерять колокольчик
lose the bubble,лопнуть
lose the number of one's mess,потерять счет своим проблемам
lose the plot,сбиться с мысли
lose touch,потерять связь
lose track,терять счёт
loss and gain are brothers twain,Потери и приобретения - братья-близнецы
loss of face,потеря лица
lost cause,бесполезное дело
lost errand,бесполезное дело
lost for words,бессловен
lost in the shuffle,забытый
lost in translation,потеряно в переводе
lost on,потерянный
lost to the world,потерянный для мира
lost to time,потеряно во времени
lotion up,наносить лосьон
loud and clear,громко и чётко
louse around,лениться
louse up,испортить испортить всё
love at first sight,любовь с первого взгляда
love away,любовь вдалеке
love buzz,влюбленность
love cannot be forced,Любовь нельзя заставить
love conquers all,любовь побеждает все
love goggles,розовые очки
love is blind,любовь слепа
love is love,любовь есть любовь
love it or lump it,Принимай как есть или не принимай
love muscle,любовь мышца
love nest,гнездышко любви
love of one's life,любовь всей жизни
love on,любовь
love up,влюбляться
love ya,люблю тебя
love you,Я люблю тебя
low and slow,медленно и плавно
low blow,подлый удар
low on the totem pole,внизу иерархии
low road,лёгкий путь
low-hanging fruit,легкий улов
lower one's sights,снижать планку
lower the bar,понизить планку
lower the boom,наказать
lube up,смазать
lubrication payment,взятка
luck in,удача в
luck into,случайность
luck of the draw,случайность
luck out,повезло
luck through,благодаря удаче
lucky break,удачный шанс
lucky dip,лотерея
lucky dog,счастливый пес
lucky duckie,везунчик
lucky duckling,счастливый утенок
lucky ducky,везун
lucky star,звезда удачи
lucky you,тебе повезло
lucus a non lucendo,тёмное место
luff up,поднять парус
lug in,втаскивать
lug out,вытаскивать
lumber with,использовать вместе с
lump in one's throat,комок в горле
lump it,мириться с этим
lump to one's throat,комок в горле
lump together,объединять
lump up,сбиваться в ком
lunatics have taken over the asylum,Безумцы захватили психиатрическую больни…
lunch in,обед в
lunch out,обед вне дома
luncheon truncheon,обед палка
lush around,зеленеет
lush it up,украсить
lush up,улучшить
lust after,стремиться к
ma non troppo,не слишком
macho up,быть мужественным
mack down,сбивать с ног
mack on,залипать
mack out,заснул
mad money,легкие деньги
made for each other,созданы друг для друга
made for life,созданный для жизни
made in China,сделано в Китае
made in Japan,сделано в Японии
made in the shade,в тени
made of sterner stuff,сделанный из более прочного материала
made to fade,созданный для того, чтобы выцветать
magic asterisk,магическая звездочка
magic box,волшебная шкатулка
magic bullet,волшебная пуля
magic touch,волшебное прикосновение
magic up,создать
mail it in,отправьте по почте
main character,главный герой
main event,главное событие
main man,главный человек
Main Street,Главная улица
major in,специализация
make a big thing out of,делать из чего-то большое дело
make a break for it,сделать рывок
make a career of,сделать карьеру
make a case,подготовить дело
make a case for,аргументировать
make a clean breast,высказать все
make a comeback,вернуться
make a day of it,прекрасно провести день
make a difference,иметь значение
make a face,строить рожицы
make a fist of,сжимать кулак
make a fool of,высмеять
make a fuss,шуметь
make a go of,попробовать
make a grab,схватить
make a killing,зарабатывать огромные деньги
make a leg,сделать ногу
make a light,зажечь свет
make a living,зарабатывать на жизнь
make a meal of,приготовить еду
make a mess of something,навести беспорядок
make a mockery of,издеваться над
make a monkey out of,обезьянничать
make a move,сделать ход
make a name for oneself,прославиться
make a night of it,провести вечер вместе
make a noise in the world,шуметь
make a pig of oneself,обжора
make a pig's ear of,испортить
make a point,подчеркнуть
make a poor fist of,плохо справиться
make a rabbit bite a bulldog,заставить кролика укусить бульдога
make a return,вернуть
make a run for it,бежать
make a scene,устраивать сцену
make a show of oneself,выставлять себя напоказ
make a spectacle of oneself,выставлять себя на посмешище
make a splash,произвести впечатление
make a start,начинать
make a statement,сделать заявление
make a Virginia fence,построить забор в вирджинском стиле
make a virtue of necessity,превратить необходимость в добродетель
make after,делать после
make against,противиться
make all the difference,иметь огромное значение
make amends,загладить вину
make an appearance,появиться
make an ass of,выставить дураком
make an example of,дать пример
make an exhibition of oneself,выставлять себя напоказ
make an honest woman,сделать честной женщиной
make away,уносить
make away with,украсть
make baby Jesus cry,заставить младенца Иисуса заплакать
make beautiful music together,создавать прекрасную музыку вместе
make believe,притворяться
make biscuits,готовить печенье
make bones about,возмущаться
make book,создать книгу
make both ends meet,сводить концы с концами
make bricks without straw,строить из кирпича без соломы
make do,обходиться
make do and mend,экономить и ремонтировать
make down,спускать
make ends meet,сводить концы с концами
make every effort,приложить все усилия
make eye contact,Смотреть в глаза
make faces,строить рожицы
make for,стремиться к
make friends,заводить друзей
make from scratch,делать с нуля
make fun of,издеваться над
make game of,издеваться над
make garden,сделать сад
make good,компенсировать
make good on,выполнить обещание
make good on something,выполнить обещание
make ground,приземлиться
make happen,сделать так чтобы произошло
make hard work of,трудиться не покладая рук
make haste slowly,Поспешай медленно
make hay while the sun shines,пока солнце светит, делай сено
make head or tail of,понять
make headway,добиваться прогресса
make heavy going of,затруднять
make heavy weather,создавать трудности
make history,войти в историю
make interesting,делать интересным
make into,превратить в
make it do or do without,сделать или обойтись без
make it interesting,Сделайте это интересным
make it make sense,Сделай так, чтобы это работало
make it rain,вызвать дождь
make it snappy,Быстро
make it so,сделайте так
make it up to,загладить вину
make light of,легкомысленно относиться
make light work of,легко справляться с
make like a banana and split,Разделитесь как банан
make like a tree and leave,уходи
make love to the camera,флиртовать с камерой
make matters worse,усугубить ситуацию
make me,сделай меня
make mention of,упоминать
make mincemeat out of,разбить в пух и прах
make money,зарабатывать деньги
make muffins,готовить маффины
make news,быть в новостях
make no bones about,не стесняться
make no mistake,не ошибитесь
make noise,шуметь
make of,из
make off,убежать
make off with,украсть
make one's bow,кланяться
make one's hand,помочь
make one's mark,оставить свой след
make one's presence felt,заявить о себе
make one's way,пробираться
make oneself at home,чувствовать себя как дома
make oneself clear,выразить свою мысль ясно
make or break,решать судьбу
make out,разбирать
make out like a bandit,наживаться как бандит
make out of,изготавливать из
make out with,целоваться
make over,переделать
make peace,заключить мир
make pigs and whistles of,делать из чего-то шутку
make quick work of,быстро справиться
make room,уступить место
make sense,иметь смысл
make shit of,делать из чего-то ерунду
make short work of,быстро справиться с
make somebody's day,сделать кому-то хорошо
make someone's blood boil,вызвать гнев
make someone's day,сделать кому-то хорошо
make someone's ears sad,заставить кого-то загрустить из-за услыш…
make someone's head spin,свести с ума
make someone's jaw drop,поразить до глубины души
make someone's skin crawl,вызывать отвращение
make someone's teeth itch,вызвать зубовную боль
make something of oneself,добиться успеха
make sport of,издеваться над
make strange,делать странным
make strides,делать успехи
make the bald man cry,заставить лысого человека плакать
make the best of,извлекать максимум пользы
make the best of one's way,использовать все возможности
make the best of something,извлечь максимум пользы из чего-либо
make the call,позвонить
make the case for,доказать
make the cut,пройти отбор
make the difference,сделать разницу
make the grade,справляться
make the headlines,заголовки
make the most of,извлекать максимум пользы
make the move,сделать ход
make the point,подчеркнуть
make the running,бег
make the weather,изменять погоду
make the welkin ring,заставить небо звенеть
make the world go around,двигать мир
make time,найти время
make time with,провести время с
make to order,по индивидуальному заказу
make to stock,поставить на учет
make tracks,уходить
make tracks for,отправляться куда-либо
make trial of,провести испытание
make up,придумывать
make up for lost time,наверстать упущенное время
make up one's mind,принять решение
make up the numbers,выдумывать цифры
make up to,догонять
make waves,вызывать волнения
make way,уступите дорогу
make with,делать вместе
make yourself at home,чувствуйте себя как дома
makes you think,заставляет задуматься
mama's boy,маменькин сынок
mama's girl,маменькина дочка
man about town,знаменитый житель города
man among men,человек среди людей
man bites dog,человек кусает собаку
man down,человек ранен
man in the street,обычный человек
man is a wolf to man,человек человеку волк
man it out,проявить себя
man of few words,человек немногословный
man of parts,многогранная личность
man of the people,человек из народа
man on the street,обычный человек
man overboard,человек за бортом
man plans and God laughs,человек строит планы, а Бог смеется
man the fort,охранять крепость
man up,Мужчинам надо быть мужчинами
manage down,уменьшать
manage out,уволить
manage up,работать с начальством
manage with,справляться с
manners maketh man,Воспитание делает человека человеком
manoeuvre the apostles,маневрировать апостолами
many a mickle makes a muckle,маленькое дело, а большое дело
many a time and oft,много раз
many hands make light work,много рук - не крах
many happy returns,счастья и радости
many moons ago,много лун назад
many moons from now,через много лун
many such cases,много подобных случаев
many thanks,большое спасибо
map onto,отображать на
map out,составить план
march on,идти маршем
march past,парад
mare's fart,морская гадость
marginalize out,оттеснять в сторону
marinate on,мариновать
mark as,отметить как
mark down,уменьшить цену
mark down as,отметить как
mark my word,запомни мои слова
mark my words,запомни мои слова
mark off,отметить
mark one's own homework,проверять свою работу
mark out,отметить
mark someone's card,поставить отметку в карточке
mark up,повышать цену
Marks and Sparks,Меркс и Спаркс
marriage bed,брачное ложе
marriage penalty,налог на брак
marry in,жениться в
marry into,жениться/выйти замуж за кого-то из опред…
marry me,Выходи за меня
marry off,выдавать замуж
marry out,жениться/выйти замуж
marry the ketchup,жениться на кетчупе
marry up,жениться выше своего положения
marshal together,объединять
Mary Celeste,Мэри Селест
mash it up,перемешать
mash up,смешивать
mask off,снимать маску
mask up,Надевайте маску
mass destruction,массовое уничтожение
massively parallel,массивно параллельный
Master John Goodfellow,Мастер Джон Гудфеллоу
Master of the Universe,Владыка Вселенной
master out,выпустить
master plan,генеральный план
match made in heaven,союз, созданный на небесах
match made in hell,союз, заключенный в аду
match up,соответствовать
matter at hand,вопрос
matter of course,само собой
matter of fact,фактически
matter of life and death,вопрос жизни и смерти
matter of time,вопрос времени
max out,максимально использовать
may as well,можно и так
may God be my witness,да будет мне Бог судьей
may I help you,Могу ли я вам помочь
may I pass through,Можно пройти
May the 4th Be With You,Да пребудет с тобой 4 мая
may the Force be with you,да пребудет с тобой Сила
may the Force be without you,да пребудет с тобой Сила
May the Fourth Be With You,Да пребудет с тобой Четвертое мая
may you live in interesting times,желаю вам жить в интересные времена
me gusta,мне нравится
me thinketh,я думаю
me three,я тоже
meal deal,комплексный обед
meal ticket,билет в жизнь
meals on wheels,доставка еды на дом
mean business,быть серьезным
mean machine,мощная машина
mean people suck,Злые люди отвратительны
mean streak,злая натура
mean the world to,быть очень важным
mean to,значить
meant to,предназначенный
measure for measure,мера за меру
measure off,измерять
measure out,отмерять
measure swords with,измериться силами с
measure the drapes,измерить шторы
measure twice and cut once,Семь раз отмерь, один раз отрежь
measure up,соответствовать требованиям
meat market,мясной магазин
meat off,снять мясо
meat on one's bones,быть в хорошей форме
meat on the bones,мясо на костях
meat rack,мясной шкаф
meat sweats,пот от жары
media darling,любимец медиа
medical out,медицинская справка
medicine up,лекарства вверх
meet a sticky end,погибнуть ужасной смертью
meet halfway,встретиться на полпути
meet one's maker,умереть
meet up,встретиться
meet with,встретиться с
meeting of the mindless,встреча бессмысленных людей
meeting of the minds,встреча умов
mellow out,расслабиться
mellow yellow,солнечно-желтый
melon head,дурак
melt away,таять
melt down,расплавиться
melt in the mouth,тает во рту
melt into,растаять
melt out,растопить
melt up,разогреть
member for Barkshire,депутат от графства Беркшир
meme on,мем
memory lane,дорога воспоминаний
mend fences,налаживать отношения
mend one's ways,исправить свои ошибки
mene mene tekel upharsin,Мне мне текель фарес
mental gymnast,гимнаст мозга
mentally challenged,с ограниченными возможностями
mentally ill,психически больной
mentally retarded,умственно отсталый
merc up,увеличить
merchant of death,торговец смертью
mercy bucket,ведро для воды
mercy buckets,ведра для милостыни
mercy fuck,пощади меня
mercy sake's alive,Ради милосердия, он жив
mere mortal,смертный человек
Merry Andrew,Шут
merry Christmas,Счастливого Рождества
merry dance,веселый танец
merry men,весёлые люди
merry Xmas,Счастливого Рождества
mess about,шалить
mess around,шалить
mess of pottage,каша
mess over,напутать
mess up,напутать испортить испортить все испорти…
mess with,связываться с кем-то
metabolically challenged,имеющий проблемы с метаболизмом
mete out,назначать
methinks thou dost protest too much,кажется, ты слишком много протестуешь
method to one's madness,Не судите строго
mew up,мурлыкать
Mexican breakfast,Мексиканский завтрак
mic drop,громкий финал
mic up,подключить микрофон
micky off,Мики ушел
microwave up,разогреть в микроволновке
Midas touch,золотые руки
middle for diddle,середина
middle of nowhere,середина нигде
middle of the road,посредственный
might as well,можно и так
might is right,сила есть право
might makes right,сила есть право
mighty oaks from little acorns grow,Из маленького желудя вырастают могучие д…
mike off,выключить микрофон
mike up,подключить микрофон
mile a minute,миля в минуту
milieu control,контроль окружающей среды
milk before meat,молоко перед мясом
milk can,кувшин для молока
milk drinker,любитель молока
milk of human kindness,человеческая доброта
milk the clock,тянуть время
mill about,мелькать
mill around,бродить
Miller of Dee,Миллер из Ди
milling machine,токарный станок
million and one,миллион и один
mime out,изображать
mince up,измельчить
mince words,умалчивать
mind how you go,осторожно идите
mind one's language,следить за своей речью
mind one's own business,не вмешиваться
mind one's P's and Q's,вести себя прилично
mind one's ps and qs,следить за собой
mind out,следи за собой
mind the gap,осторожно, ступенька
mind the store,присматривать за магазином
mind you,помните
mind your own beeswax,не лезь не в своё дело
mind's ear,внутреннее слуховое восприятие
mind's eye,внутреннее зрение
miners' canary,канарейка шахтеров
mines and minerals,рудники и полезные ископаемые
minor in,специализация
minor miracle,небольшое чудо
mint condition,в идеальном состоянии
misery enjoys company,Несчастье любит компанию
misery loves company,Несчастье любит компанию
misfortunes never come alone,Беда не приходит одна
misfortunes never come singly,Беда не приходит одна
miss off,пропустить
miss out,упустить
Miss Priss,Зануда
Miss Right,Та, которая подходит
miss the forest for the trees,видеть только детали и упускать общую ка…
miss the mark,промахнуться
miss the memo,не знать о чём речь
miss the point,упускать суть
miss the wood for the trees,не видеть леса за деревьями
miss the woods for the trees,не видеть леса за деревьями
Miss Wrong,Мисс Неправильная
misses and kisses,объятия и поцелуи
missing stair,отсутствующая ступенька
mission accomplished,миссия выполнена
mission creep,расширение задач
mist over,туман над
mist up,запотевать
mistake windmills for giants,принимать ветряные мельницы за великанов
Mister Right,Идеальный мужчина
Mister Wrong,Не тот человек
misters before sisters,сначала господа, потом дамы
mists of time,туман времени
mitten onto,надеть варежку
mix and match,сочетать и комбинировать
mix apples and oranges,смешивать яблоки и апельсины
mix down,смешивать
mix it up,перемешать
mix up,смешивать
mixed bag,смесь
mixed blessing,смешанное чувство
mixed herbs,смесь трав
mixed message,двусмысленный сигнал
mixed picture,смешанная картина
mob up,собирать толпу
mobilia sequuntur personam,мебель следует за человеком
mock out,обмануть
mock up,макет
mocking is catching,издеваться заразно
modern as next week,современный как вчера
modern up,обновить
modest proposal,скромное предложение
molehill mountaineer,альпинист-любитель
molon labe,дай сюда
moment in the sun,момент на солнце
moment of truth,момент истины
mommy brain,материнский мозг
Monday-morning quarterback,Критик, который высказывает свое мнение …
money can't buy happiness,Деньги не могут купить счастье
money cannot buy happiness,Деньги не могут купить счастье
money does not smell,Деньги не пахнут
money does not stink,Деньги не пахнут
money doesn't grow on trees,Деньги не растут на деревьях
money for jam,деньги на варенье
money for old rope,платить за воздух
money has no smell,Деньги не пахнут
money is no object,Деньги не имеют значения
money makes the world go around,Деньги правят миром
money makes the world go round,Деньги правят миром
money pit,дыра в бюджете
money talks,деньги решают все
money talks and bullshit walks,Деньги решают всё, а ерунда уходит
money's worth,соответствует цене
mong out,выходить из
monkey about,шалить
monkey around,шалить
monkey business,ерунда
monkey paw,обезьяний коготь
monkey up,лазить как обезьяна
monkey wrench,разводной ключ
monkey's paw,исполняющий желания
monkeys humping a football,обезьяны, занимающиеся половыми актами с…
Monopoly money,Деньги в монополию
month of Sundays,месяц без забот
Moo U,Му
mooch off,паразитировать
moonlight and roses,лунный свет и розы
moonlight flit,лунный свет
moor up,пришвартовываться
mop down,мыть пол
mop up,вытирать
mope about,ворчать
mope around,хандрить
moral bankruptcy,моральное банкротство
moral high ground,моральное превосходство
moral low ground,моральная низость
moral of the story,мораль истории
morally bankrupt,морально развращенный
morbidly obese,сильно страдающий ожирением
more at eleven,продолжение в одиннадцать
more betoken,больше означает
more by token,больше по токенам
more confusing than a Rubik's cube,сложнее, чем кубик Рубика
more cry than wool,больше шерсти, чем крика
more cushion for the pushin',больше амортизации для толчков
more dollars than sense,больше денег, чем здравого смысла
more equal,более равноправный
more honored in the breach,чаще нарушается, чем соблюдается
more is more,больше - лучше
more like,скорее как
more like it,похоже на это
more money than brains,больше денег, чем мозгов
more money than sense,больше денег, чем ума
more often than not,чаще всего
more or less,примерно
more power to someone,больше сил тебе
more than meets the eye,не так просто, как кажется
more than one bargained for,больше, чем ожидалось
more than one cares to mention,больше, чем хочется говорить
more to the point,более важный вопрос
more's the pity,жаль
morning person,жаворонок
morris off,выходной день Морриса
moss out,выходить из мха
most an end,конец
mother hen,курица-мать
Mother Hubbard,Мать Хаббард
mother lode,богатство
mother of all,мать всех
mother up,заботиться
motion of someone's ocean,движение океана
mount up,собираться
mouse around,изучать
mouse over,навести курсор
mouth breather,ротoдышатель
mouth of a sailor,матерная брань
mouth off,отпускать грубые шутки
mouth the words,проговаривать слова
mouthful of marbles,рот, полный шариков
move about,передвигаться
move ahead,двигаться вперед
move along,Двигайтесь дальше
move around,передвигаться
move away,уехать
move back,отступать
move down,спускаться
move furniture,передвигать мебель
move heaven and earth,перевернуть горы
move house,переехать
move in,переехать
move in on,переезжать
move into,переехать
move it or lose it,Действуй или проиграешь
move off,уходить
move on,идти дальше
move one's body,двигать тело
move out,выселиться
move over,Отойди
move someone to tears,вызвать слезы
move the goalposts,передвигать планку
move the needle,изменить ситуацию
move the yardsticks,сдвинуть мерки
move through the gears,переключать передачи
move to,переехать
move together,двигаться вместе
move up,подняться
move up in the world,подняться по служебной лестнице
move with,двигаться вместе с
move with the times,идти в ногу со временем
movie jail,тюрьма в кино
mow down,скосить
much ado about nothing,много шума из ничего
much good may it do someone,пусть это принесет кому-то пользу
much less,гораздо меньше
much of a muchness,незначительное отличие
much the same as,почти то же самое
much to be said,многое можно сказать
muck about,шалить
muck around,шалить
muck in,вмешиваться
muck out,убирать навоз
muck up,загрязнить
mud and stud,грязь и шипы
mud fence,глиняный забор
mud monkey,грязная обезьяна
mud out,вытаскивать из грязи
mud sticks,грязь прилипает
muddle along,тянуть как-то
muddle on,путаться
muddle through,выкручиваться
muddle up,путать
muddy the waters,запутывать ситуацию
muddy up,загрязнить
muff up,заглушить
muffle up,укутаться
mug off,отключить
mug up,зубрить
mug's game,пустая трата времени
mugged by reality,удар реальности
mukluk telegraph,телеграф муклук
mull over,размышлять
mull up,размышлять
multum in parvo,много в малом
mum's the word,молчи
munch on,хрустеть
murder will out,истина всегда восторжествует
murderers' row,ряд убийц
murk out,закрасить
muscle in,мышца
muscle in on,вторгаться
muscle up,подтягиваться с отрывом
mush it up,перемешать
mush up,перемешать
music to one's ears,музыка для ушей
music to someone's ears,музыка для ушей
muss up,испортить
must get in front,должен быть впереди
must have been the wind,наверное, ветер
must have killed a Chinaman,должно быть, убил китайца
must've been the wind,наверное, ветер
muster in,собираться
muster out,демобилизовать
muster up,собрать
mustn't grumble,нельзя ворчать
mutual admiration society,общество взаимного восхищения
mutually exclusive,взаимно исключающие
mutually intelligible,взаимно понятный
my arse,ерунда
my back teeth are floating,мои задние зубы отваливаются
my bad,извини
my bloody oath,черт возьми
my body is ready,Мое тело готово
my culture is not your costume,моя культура - это не ваш костюм
my dog ate my homework,Моя собака съела мою домашнюю работу
my enemy's enemy is my friend,враг моего врага - мой друг
my eye,мой глаз
my eyes are up here,Мои глаза здесь
my foot,моя нога
my head's a shed,У меня голова раскалывается
my kingdom for a horse,Я отдал бы всё королевство за коня
my sides,у меня от смеха бока раскалываются
my skull's afly,у меня болит голова
my spider sense is tingling,У меня чутье обострилось
my teeth are floating,мои зубы плавают
my watch has ended,мое время истекло
my way or the highway,или так, или нет
my word,мое слово
n'est-ce pas,не так ли
na na na na boo boo,ня ня ня ня бу бу
na na na na na na,на на на на на на
na-na na-na boo-boo,на-на на-на бу-бу
na-na na-na na-na,на-на на-на на-на
Nader's raider,Налётчик Надера
naff off,отвали
nail down,определить
nail in one's coffin,приговор
naked ape,обнажённая обезьяна
name after,назвать в честь
name and shame,называть и позорить
name for,имя для
name names,называть имена
name of the game,название игры
name one's poison,выбирать свое наказание
nanny nanny boo boo,няня няня бу бу
Nantucket sleigh ride,Прогулка на санях по Нантукету
narrow down,сузить
narrow up,сузить
native soil,родная земля
nature abhors a vacuum,природа ненавидит пустоту
nature beckons,природа манит
nature calls,природа зовет
nature of the beast,сущность зверя
nature versus nurture,природа против воспитания
nature vs nurture,природа против воспитания
nature vs. nurture,природа против воспитания
nause up,тошнить
ne bis in idem,нельзя судить дважды за одно и то же пре…
near and dear,близкий и дорогой
near at hand,рядом
near beer,безалкогольное пиво
near post,ближняя штанга
near the knuckle,около сустава
near the mark,близок к цели
nearest and dearest,самые близкие и дорогие
nearly man,полумужчина
nearly never bulled a cow,почти никогда не доил корову
nearly never won the race,почти никогда не выигрывал гонку
neat and tidy,аккуратно и чисто
neato burrito,крутой бурито
neato mosquito,интересный комар
neato torpedo,крутая торпеда
necessary evil,неизбежное зло
necessity is the mother of innovation,Необходимость - мать изобретения
necessity is the mother of invention,Необходимость - мать изобретения
necessity knows no law,Необходимость не знает законов
neck and neck,вровень
neck down,от шеи вниз
neck of the woods,окрестности
neck up,от шеи и выше
necker's knob,выпуклость на шее
necktie party,вечеринка в галстуках
need I say more,Мне нечего больше сказать
need one's eyes checked,проверить зрение
needle drop,падение иглы
needle in a haystack,иголка в стоге сена
needle mover,двигатель
needless to say,несомненно
needs must,необходимо
needs must when the devil drives,Когда нет другого выхода
negative Nancy,негативщик
neither employed nor retired,не работает и не вышел на пенсию
neither fish nor flesh,ни рыба ни мясо
neither fish nor fowl,ни рыба ни мясо
neither here nor there,не здесь и не там
nerd out,увлечься
nerve out,нервничать
nerve up,набраться смелости
nerves of steel,стальные нервы
nervous hit,нервный удар
nervous Purvis,нервный Пёрвис
nest together,гнездиться вместе
net out,получить чистую прибыль
neti neti,не это, не это
never a dull moment,ни минуты покоя
never change a running system,Не меняйте работающую систему
never eat shredded wheat,никогда не ешьте хлопья из пшеницы
never eat soggy waffles,Никогда не ешьте мокрые вафли
never eat soggy Weet-Bix,Никогда не ешьте размокшие хлопья Weet-B…
never eat soggy wheat,никогда не ешьте мокрую пшеницу
never fear,не бойся
never in a million years,ни за миллион лет
never in a month of Sundays,ни за что на свете
never meet your heroes,Не стоит встречаться со своими кумирами
never mind,неважно
never say never,никогда не говори никогда
never sick at sea,не болеет в море
never the twain shall meet,они никогда не встретятся
never trust me,никогда мне не доверяй
never waste a crisis,не упускайте возможности, которые дает к…
never you mind,не обращайте внимания
new brooms sweep clean,Новые метлы лучше выметают
new dawn,новый рассвет
new hotness,самое новое и популярное
new kid in town,новый житель города
new kid on the block,новый жилец
new normal,новая нормальность
new school,новая школа
new territory,новая территория
new up,обновление
new wine in an old bottle,новое вино в старой бочке
new wine in an old wineskin,новое вино в старой коже
News of the Screws,Новости о болтах
newspaperman's newspaper,газета журналиста
next door,рядом
next thing one knows,и вдруг
next to,рядом с
next to no time,совсем мало времени
next to nothing,почти ничего
nice guy,хороший парень
nice guys finish last,Добрые парни всегда остаются позади
nice knowing you,рад был познакомиться
nice to meet you,рад познакомиться
nicen up,улучшить
nick off,уйти
nick up,зарегистрироваться
nickel and dime,понемногу
nickel nurser,никелевая бутылочка
nickel tour,экскурсия по достопримечательностям
nigger nose,Я не могу этого перевести
nigger rich,Богатый как негр
nigh on,почти
night and day,день и ночь
night out,вечерний отдых
night owl,сов
night person,сов
nighty night,спокойной ночи
Nikon choir,хор Никон
nil by mouth,ничего через рот
nil per os,через рот
Nina from Pasadena,Нина из Пасадены
nine times out of ten,в девяти случаях из десяти
nine-day wonder,мимолетное увлечение
ninjas cutting onions,ниндзя режут лук
nip and tuck,подправить
nip at,кусать
nip in the bud,пресекать в зародыше
nishtaneh hateva,изменение природы
nix off,отклонить
Nixon goes to China,Никсон едет в Китай
Nixon in China,Никсон в Китае
Nixon to China,Визит Никсона в Китай
no and low,нет и низкий
no big deal,неважно
no biggie,неважно
no bigs,неважно
no bones about it,без всяких оговорок
no brown in town,нет коричневого цвета в городе
no buts,без вариантов
no chance,никаких шансов
no cigar,ничего не выйдет
no comment,без комментариев
no contest,без борьбы
no deal,нет сделки
no dice,не говорит
no diggity,нет и нет
no entry,запрещено въезжать
no eye see,я не вижу
no fear,без страха
no fixed abode,без определенного места жительства
no flies on,не дурак
no free lunch,бесплатный сыр только в мышеловке
no fun at parties,невеселый на вечеринках
no further action,дальнейших действий не требуется
no gain without pain,Без труда не бывает плодов
no glove no love,Без перчаток нет любви
no go,нельзя
no good deed ever goes unpunished,ни одно доброе дело не остается безнаказ…
no good deed goes unpunished,нет добрых дел, которые бы остались безн…
no great scratch,небольшая царапина
no great shakes,не стоит особого внимания
no hard feelings,без обид
no harm done,никакого вреда не нанесено
no horse in this race,У меня нет интереса к этому
no human involved,без участия человека
no johns,нет порнографии
no joke,без шуток
no joy,безрадостно
no love lost,взаимная неприязнь
no man is an island,никто не является отшельником
no matter,неважно
no matter how,независимо от того
no matter what,что бы ни случилось
no me gusta,Мне не нравится
no means no,нет значит нет
no more,больше нет
no more Mister Nice Guy,больше никаких уступок
no more Mr Nice Guy,Хватит быть хорошим парнем
no more Mr. Nice Guy,Хватит быть хорошим парнем
no news is good news,Плохих новостей нет, значит, все хорошо
no notes,без заметок
no offence,без обид
no offense,без обид
no one is born a master,никто не рождается мастером
no parking,Запрещена парковка
no peace for the weary,нет покоя утомленным
no picnic,непросто
no pressure,без давления
no prize for guessing,Никаких наград за угадывание
no problem,не проблема
no probs,не за что
no promo homo,без рекламы, без пропаганды
no pun intended,без намека
no question,без вопросов
no rest for the weary,нет покоя для уставших
no rest for the wicked,злые не знают покоя
no rights reserved,без каких-либо ограничений
no rose without a thorn,Не бывает розы без шипов
no score,без очков
no screaming hell,без криков ада
no sense no feeling,никакого смысла никакого чувства
no shame in my game,Я не стыжусь своих поступков
no shot,нет шансов
no show without Punch,Нет шоу без Панча
no skin off one's back,не иметь никакого значения
no skin off one's nose,не имеет значения
no skin off one's teeth,не причинит вреда
no sleep for the wicked,злые не спят
no smoke without fire,нет дыма без огня
no smoking,Не курить
no soap,нет мыла
no sooner said than done,как только сказали, так сразу сделали
no sooner than,не раньше чем
no soup for you,У вас не будет супа
no spring chicken,не молодой
no string attached,без обязательств
no strings attached,без условий
no such thing,такого нет
no thanks to,не благодаря
no time,нет времени
no time like the present,Сейчас самое подходящее время
no time to lose,нет времени терять
no trespassing,запрещено вход
no two ways about it,без всяких сомнений
no way,невозможно
no way Jose,Ни за что Жозе
no ways,Никак нет
no word of a lie,без единой лжи
no word of lie,ни единой лжи
no wrong answers,нет неправильных ответов
no wuckas,нет проблем
no wuckaz,нет проблем
no wuckers,нет проблем
no wuckies,не переживайте
no wuckin' furries,никаких фурри-извращенцев
no wucking furries,нет фурри
no wucks,нет проблем
no wukkas,нет работы
no wukkaz,нет работы
no-good ass,плохая задница
no-hit wonder,однохитовый артист
noah fence,забор Ноя
nobody's perfect,никто не идеален
nod in,кивать головой
nod off,заснуть
nod out,заснуть
nod through,одобрять
nodding acquaintance,знакомый по приветливому кивку
noise up,шум
noli illegitimi carborundum,Не позволяйте нечестным людям вас расстр…
nome sane,здоровое имя
non constat,неизвестно
non est factum,недействительно
non est inventus,не найден
non possumus,мы не можем
non prosequitur,непреследование
non-denial denial,отрицание без отрицания
none of someone's business,не имеет отношения к делу
none of your bee's wax,не ваше дело
none of your bees' wax,не ваше дело
none of your beeswax,не ваше дело
none other than,никто кроме
none taken,не обижаюсь
none the wiser,не получив информации
none the worse,ничуть не хуже
noodle up,запутаться
nook and cranny,уголок и закоулок
nook or cranny,уголок
nope out,нет
normally black,обычно черный
normally white,обычно белый
north forty,северная часть участка
north of,севернее
nose about,узнавать
nose around,пошукать
nose count,перепись
nose out,выдвинуть носом
nose out of joint,заносчивый
nose over,над носом
nose to the grindstone,тянуть лямку
nosh off,перекусить
nostra sponte,по собственной инициативе
not a bother on someone,не проблема
not a chance,никаких шансов
not a minute too soon,не минутой позже
not a patch on,совсем не сравнится
not a pretty sight,некрасивое зрелище
not a word,не слово
not a word of a lie,Ни единой лжи
not all heroes wear capes,Не все герои носят плащи
not at all,вообще нет
not be caught dead,не захотел бы даже за деньги
not before time,не слишком рано
not break the bank,не разориться
not by a jugful,не в большом количестве
not by any manner of means,ни одним способом
not by any means,Ни в коем случае
not care beans,неважно
not cricket,нечестно
not do someone any favors,не оказывать кому-либо услугу
not do someone any favours,не оказывать кому-либо услугу
not feeling it,не чувствую
not for attribution,без указания источника
not for nothing,не зря
not for the world,не для всех
not grow on trees,не растет на деревьях
not half bad,неплохо
not have a prayer,не иметь ни единого шанса
not here to fuck spiders,Я не пришел сюда, чтобы трахать пауков
not if I see you first,если я тебя увижу первым
not in a million,ни за миллион
not in a million years,ни за миллион лет
not in Kansas anymore,больше не в Канзасе
not in the least,совсем нет
not in the slightest,совсем нет
not invented here,не изобретено у нас
not just a pretty face,не только красивая внешность
not know one is born,не знать, когда родился человек
not know what hit one,не знать, что произошло
not know what one is missing,не знать, чего не хватает
not know which way to turn,не знать, что делать
not least,не в последнюю очередь
not leave one's thoughts,не отпускать мысли
not likely,маловероятно
not long for this world,недолго осталось жить
not look a day over,не выглядит старше
not miss a trick,не упускать ни одной детали
not much of anything,не особо ничего
not my Nigel,не мой Нигел
not necessarily,не обязательно
not on any account,Ни при каких обстоятельствах
not on your life,ни за что
not on your nellie,Ни за что
not on your nelly,Ни за что
not one's first rodeo,не новичок
not only,не только
not quite,почти нет
not saying much,мало говорит
not see someone for dust,не видеть кого-либо
not so fast,Не спеши
not so much,не так уж много
not the end of the world,не конец света
not to be outdone,не отставать
not to brag,не хвастаться
not to mention,не говоря уже о
not to say,не говоря уже о
not to worry,не беспокойтесь
not touch with a barge pole,не иметь с ним ничего общего
not touch with a ten-foot pole,держаться от него на расстоянии вытянуто…
not want to do that,не хочу этого делать
not wanted on voyage,не требуется в плавании
not win for losing,не победить из-за поражения
not worth a brass farthing,не стоит гроша двух
not worth a Continental,Не стоит континанта
not worth a dime,не стоит гроша
not worth a plug nickel,бесполезная вещь
not worth a whistle,не стоит и гроша
not worth beans,не стоит гроша
not worth hell room,не стоит того, чтобы попасть в ад
not worth salt,не стоит гроша
not worth the powder,не стоит затраченных усилий
not worth the powder and shot,не стоит затраченных усилий
not worth writing home about,не стоит того, чтобы писать об этом домо…
not wrapped too tight,не слишком туго закручен
not your father's,не как у твоего отца
nota bene,обратите внимание
notch on one's bedpost,царапина на изголовье кровати
notch up,зафиксировать
note down,записать
nothing about us without us,ничего о нас без нашего участия
nothing doing,ничего не выйдет
nothing for it,ничего не поделать
nothing gold can stay,ничто золотое не может оставаться
nothing if not,если не
nothing less than,не меньше чем
nothing more than,не больше чем
nothing new under the sun,ничего нового под солнцем
nothing short of,не что иное, как
nothing succeeds like success,Успех любит успех
nothing to choose between,между ними нет никакой разницы
nothing to it,не проблема
nothing to see here,Здесь ничего нет
nothing to write home about,ничего особенного
nourish a viper in one's bosom,кормить змею на груди
now and again,иногда
now and then,иногда
now hear this,послушайте это
now I've heard everything,Я все слышал
now I've seen everything,Я всего повидал
now or never,сейчас или никогда
now that's what I call,вот что я называю
now there's a thought,вот о чём стоит подумать
now we're talking,мы говорим о важном
now you mention it,теперь, когда вы об этом упомянули
now you're cooking,ты молодец
now you're talking,ты говоришь по делу
nowhere to be found,не найти нигде
Nubian queen,Нубийская царица
nuclear option,ядерный вариант
nudge ahead,подтолкнуть вперед
nudge nudge wink wink,подмигивание подмигивание
nudge out,вытеснить
nudie rudie,обнажённый
nudy rudy,голый рыжий
nugget of truth,зернышко правды
nuke it out,устранить
nuke the fridge,уничтожить холодильник
null and void,недействительный
nulla bona,ничего хорошего
nulla poena sine lege,Нет наказания без закона
numb out,оцепенеть
number games,игры с числами
number one,первый
number one with a bullet,безусловный лидер
nunc pro tunc,сейчас вместо тогда
Nuremberg defense,Нюрнбергский процесс
nut out,выяснить
nut up,закачаться
nut-cutting time,время резать орехи
nuts and bolts,болты и гайки
nuts to,черт с ним
nuts to butts,сзади
nuttier than squirrel poop,Безумнее беличьего помета
nuttier than squirrel shit,Безумнее, чем у суслика в заднице
o algo,что-то
O me of little faith,О, я человек с малой верой
O ye of little faith,О вы, лишенные веры
O'Malley's Alley,Переулок О'Мэлли
o. b. o.,ООО
oat opera,оперная постановка о овсе
object to,возражать
obscurum per obscurius,из тьмы во тьму
obtusely umbonate,тупоконечно-пупочный
occur to,приходить в голову
occurs to one,приходит в голову
odd and curious,странный и любопытный
odd bod,необычный человек
odd duck,странный тип
odd fish,странная рыба
odds and bods,разные люди
odds and ends,мелочи
odds and sods,всячина
of a blood,крови
of a certain,определенного
of a certain age,определенного возраста
of a feather,одинаковые
of a kind,определенного вида
of a lifetime,на всю жизнь
of a piece,единый
of a piece with,единый
of a sudden,внезапно
of a surety,безусловно
of a truth,на самом деле
of age,совершеннолетний
of all loves,из всех видов любви
of all people,из всех людей
of all places,из всех мест
of all things,из всего что есть
of all time,всех времен
of any use,полезный
of blessed memory,светлая память
of choice,по выбору
of consequence,важный
of counsel,в качестве консультанта
of course,конечно
of course my horse,конечно, моя лошадь
of coz,конечно
of even date,той же даты
of hers,её
of interest,интересный
of its hand,своей рукой
of its kind,своего рода
of its own head,по своей воле
of its own study,собственного исследования
of its part,со своей стороны
of its proper movement,его правильного движения
of Koranic proportions,в коранических масштабах
of late,в последнее время
of means,имеющий средства
of mine,мой
of modest means,скромного достатка
of note,заслуживающий внимания
of old,старый
of one mind,единым разумом
of one's choice,по выбору
of one's choosing,по своему выбору
of one's making,собственного изготовления
of one's own,собственный
of one's own accord,по своей воле
of one's own making,собственного изготовления
of one's word,сдержать слово
of ours,наш
of record,в официальных документах
of service,обслуживания
of some use,некоторой пользы
of someone's dreams,мечты кого-то
of someone's life,в чьей-то жизни
of sorts,вроде как
of that ilk,того же рода
of the best water,лучшая вода
of the century,века
of the colors,цветов
of the colours,цветов
of the deepest dye,самого глубокого тона
of the essence,суть
of the finest water,лучшей воды
of the first water,первого сорта
of the like,подобного рода
of the moment,в данный момент
of the order of,порядка
of the same leaven,одного теста
of the same stripe,одного типа
of the world,мира
of theirs,их
of two minds,в нерешительности
of use,в использовании
of value,ценный
of yore,давние времена
of yours,твоё
off air,вне эфира
off and running,в пути
off at the races,поехали
off balance,неуравновешенный
off base,не в тему
off board,вне доски
off book,назубок
off camera,вне кадра
off chance,маловероятный шанс
off course,сбиться с курса
off duty,в отпуске
off guard,невнимательным
off keel,наклон
off kilter,неровный
off label,вне инструкции
off like a bride's nightie,яркий как ночное платье невесты
off one's block,выходить из себя
off one's box,вывести из себя
off one's chump,обмануть
off one's dot,с ума сойти
off one's face,в хмелю
off one's feed,отключить уведомления
off one's game,выбиться из колеи
off one's guard,невнимателен
off one's head,с ума
off one's hinge,вывести из равновесия
off one's hinges,сходить с ума
off one's meds,прекратить прием лекарств
off one's nut,свихнуться
off one's nuts,потерять рассудок
off one's onion,расстроиться
off one's own bat,самостоятельно
off one's rocker,свихнувшийся
off one's rocket,сходить с ума
off one's tits,пьяный
off one's tree,сходить с ума
off one's trolley,свихнуться
off pat,назубок
off record,неофициально
off rip,сразу
off service,вне эксплуатации
off someone's hands,с плеч
off sync,несинхронизированный
off tap,из крана
off target,мимо цели
off the air,с эфира
off the back foot,в обороне
off the bat,сразу же
off the beam,мимо цели
off the beaten path,Вдали от проторенных дорог
off the beaten track,Вдали от проторенных дорог
off the boil,успокоиться
off the books,неофициально
off the chain,невероятно
off the chart,вне шкалы
off the charts,запредельный
off the clock,вне рабочего времени
off the cuff,на ходу
off the deep end,сойти с ума
off the derech,вне пути
off the dome,на ходу
off the face of the earth,с лица земли
off the grid,вне сети
off the ground,в воздухе
off the hinges,отвалившийся от петель
off the hizzy,в ярости
off the hook,снять с крючка
off the hooks,снять с крючка
off the horn,снять с якоря
off the lay,в отпуске
off the mark,неточно
off the nut,с ума съехать
off the plan,по проекту
off the radar,вне поля зрения
off the radio,по радио
off the rails,сходит с ума
off the record,неофициально
off the reservation,вне резервации
off the rip,сразу
off the scale,запредельный
off the shelf,готовый к использованию
off the shits,в хорошем настроении
off the table,исключено
off the tools,уйти на пенсию
off the top of one's dome,сразу
off the top of one's head,по памяти
off the track,вне темы
off the wagon,сбиться с пути
off the water cart,с водовоза
off to the races,в путь
off with someone's head,отрубить голову
off with their head,срубить голову
offer affordances,возможности
offer one can't refuse,предложение, от которого нельзя отказать…
offer one's condolences,выражать соболезнования
offer up,предложить
office up,вверх по лестнице
officer down,Офицер ранен/выбыл из строя
Officer Friendly,Добрый полицейский
oh dark hundred,очень темно
oh dark thirty,три часа ночи
oh me of little faith,ох, я человек с маленькой верой
oh my,О боже
oh my God,о боже мой
oh my goodness,о боже мой
oh my goodness gracious,о боже мой
oh my gosh,о боже мой
oh my life,ох, моя жизнь
oh well,ну что ж
oh ye of little faith,о, люди с малым количеством веры
oi oi saveloy,Ой-ой савелой
oil and water,масло и вода
oil and water don't mix,масло и вода не смешиваются
oil burner,мазутный котел
oil trash,маслоотходы
oil up,смазать
oink out,хрюкать
OK yah,Хорошо
okey dokey smokey,ладно
okey-dokey artichokey,ладно-хорошо артишок
okey-dokey Smokey,Окей-доки Смоки
old as the hills,старый как мир
old boy network,кружок старых друзей
old chestnut,банальность
old enough to vote,достигший возраста для голосования
old fart,старый хрыч
old flame,бывшая любовь
old fogey,старожил
old habits die hard,Старые привычки трудно искоренить
old hand,опытный человек
old hat,банально
old head on young shoulders,мудрость в юном теле
old man yells at cloud,старик кричит на облако
old man yells at clouds,старик кричит на облака
old money,старые деньги
old salt,старый моряк
old saw,пила
old school,старая школа
old sins cast long shadows,старые грехи отбрасывают длинные тени
old sins have long shadows,старые грехи отбрасывают длинные тени
old song,старая песня
old stager,опытный человек
old stick,старая палка
old wine in a new bottle,старое вино в новой бутылке
old-fashioned look,старомодный вид
olive juice,оливковый сок
oll korrect,все правильно
olly olly oxen free,игра в прятки
om mani padme hum,Ом мани падме хум
on a bell,на колоколе
on a collision course,на пути столкновения
on a daily basis,ежедневно
on a day-to-day basis,в повседневной жизни
on a different note,переходя к другой теме
on a dime,мгновенно
on a first-name basis,по имени отчеству
on a full stomach,сытым желудком
on a go-slow,в режиме экономии ресурсов
on a good wicket,в хорошей форме
on a kick,в ударе
on a lark,ради забавы
on a losing wicket,на плохой площадке
on a mission,в миссии
on a need-to-know basis,только для тех, кому это необходимо
on a pair,на пару
on a par,на одном уровне
on a par with,на одном уровне с
on a plate,на тарелке
on a platter,на блюде
on a promise,на обещании
on a regular basis,регулярно
on a roll,в ударе
on a shoestring,с минимальным бюджетом
on a silver platter,на блюдечке с голубой каёмочкой
on a sixpence,за гроши
on a stick,на палочке
on a string,на нитке
on a sudden,внезапно
on a tear,в восторге
on a tight leash,на коротком поводке
on a time,когда-то
on a whim,по прихоти
on a wing and a prayer,чудом
on a wonder,в изумлении
on accident,случайно
on account,в счет чего-либо
on account of,в связи с
on acid,под кайфом
on air,в эфире
on alert,в состоянии готовности
on all counts,во всех отношениях
on all fours,на четвереньках
on all hands,со всех сторон
on all-fours,на четвереньках
on an empty stomach,на голодный желудок
on an equal footing,на равных условиях
on an impulse,порыве
on an irregular basis,нерегулярно
on and off,вкл и выкл
on and on,и так далее
on another note,в другом ключе
on any view,с любой точки зрения
on average,в среднем
on background,на фоне
on bad terms,в плохих отношениях
on bail,под залогом
on balance,в целом
on base,на базе
on behalf of,от имени
on bended knee,на коленях
on blast,взрыв
on board,на борту
on butt,на попе
on call,в режиме ожидания
on camera,в кадре
on cloud nine,на седьмом небе от счастья
on cloud seven,на седьмом небе от счастья
on command,по команде
on condition,при условии
on contact,при контакте
on course,по графику
on course for,по графику
on course to do something,на пути к чему-либо
on credit,в кредит
on cue,по команде
on death's doorstep,на грани смерти
on deck,на палубе
on demand,по запросу
on display,на выставке
on duty,на дежурстве
on earth,на земле
on edge,на грани
on end,в конце
on equal footing,на равных условиях
on equal terms,на равных условиях
on eternal patrol,на вечном патрулировании
on everybody's lips,на устах у всех
on everyone's lips,на устах у всех
on familiar ground,на знакомой территории
on file,в архиве
on fire,в огне
on firecall,по вызову пожарных
on first-name terms,на ты
on fleek,идеально
on foenem grave,на фоне чего-то
on foot,пешком
on form,в форме
on fours,на четвереньках
on God's green earth,на всей земле
on good terms,в хороших отношениях
on hand,в наличии
on heat,нагрев
on high,вверху
on hire,в аренду
On HMS,На борту корабля HMS
on hold,в ожидании
on horseback,верхом
on ice,в запасе
on impulse,порыве
on in years,в возрасте
on instruments,на инструментах
on it like a car bonnet,как крышка багажника автомобиля
on its merits,по существу
on its way out,уходит
on Jah,на Я
on keel,на киле
on level terms,на равных условиях
on like Donkey Kong,как Дональд Канг
on line,онлайн
on lobby terms,на условиях лоббирования
on location,на месте
on long-term sick,на длительном больничном
on loop,в цикле
on main,на главной
on memo,в служебной записке
on net,в сети
on no account,Ни при каких обстоятельствах
on nodding terms,знакомы понарошку
on notice,в уведомлении
on oath,под присягой
on occasion,иногда
on offer,в продаже
on one hand,с одной стороны
on one's back,на спине
on one's beam ends,на боку
on one's behaviour,по отношению к чьему-либо поведению
on one's bill,в счете
on one's conscience,по совести
on one's deathbed,на смертном одре
on one's feet,на ногах
on one's game,в форме
on one's guard,настороже
on one's hands and knees,на четвереньках
on one's head,на голове
on one's high horse,заносчивый
on one's honor,на честном слове
on one's Jack Jones,в штанах
on one's L's,на коленях
on one's last legs,на последнем издыхании
on one's lee-lane,в зоне подветрия
on one's legs,на ногах
on one's lonesome,в одиночестве
on one's Ls,на своих местах
on one's mark,на месте
on one's mettle,в испытании
on one's mind,в мыслях
on one's ones,сам по себе
on one's own,самостоятельно
on one's own account,за свой счет
on one's own bat,самостоятельно
on one's own ground,на своей территории
on one's own hook,на своей ответственности
on one's own time,в свободное время
on one's P's,храпеть
on one's part,со своей стороны
on one's pat,на коленях
on one's Pat Malone,в состоянии алкогольного опьянения
on one's period,во время менструации
on one's person,при себе
on one's plate,в работе
on one's Ps,настороже
on one's side,на своей стороне
on one's tod,сам по себе
on one's todd,один
on one's toes,настороже
on one's uppers,без гроша в кармане
on one's watch,под его руководством
on one's way,по дороге
on ones,на ногах
on opposite sides of the barricades,по разные стороны баррикад
on order,в заказе
on pain of,под страхом
on paper,на бумаге
on parade,на параде
on pins and needles,в напряжении
on point,в точку
on principle,по принципу
on pump,насосный
on purpose,намеренно
on rails,на рельсах
on rare form,в отличной форме
on read,на чтение
on record,в архиве
on reflection,поразмыслив
on remand,на пересмотр
on report,в отчете
on sale,по акции
on schedule,по расписанию
on second thought,подумав ещё раз
on second thoughts,подумав ещё раз
on seen,виден
on serve,на подаче
on shaky ground,на неустойчивой почве
on shipboard,на борту корабля
on short notice,в короткие сроки
on show,на выставке
on sight,при виде
on site,на месте
on skibidi,на скибиди
on sleep,во сне
on solid ground,на твердой почве
on somebody's account,ради кого-то
on somebody's agenda,в планах у кого-либо
on somebody's mind,в мыслях у кого-то
on someone's account,от имени кого-либо
on someone's ass,за спиной у кого-то
on someone's back,на спине у кого-то
on someone's books,в долгу перед кем-то
on someone's dime,за чужой счет
on someone's doorstep,у чьей-то двери
on someone's good side,в хороших отношениях с кем-то
on someone's hands,на руках у кого-то
on someone's mind,в мыслях у кого-то
on someone's own dime,за свой счет
on someone's radar,в поле зрения
on someone's radar screen,в поле зрения
on someone's side,на чьей-то стороне
on someone's tail,за кем-то следовать
on song,в ударе
on speaking terms,в хороших отношениях
on spec,по заказу
on special,по акции
on steroids,на стероидах
on strike,в забастовке
on stun,в состоянии шока
on sufferance,по милости
on suspicion of,по подозрению в
on sync,в синхронизации
on tag,на бирке
on talking terms,в хороших отношениях
on tap,из крана
on tape,на пленке
on target,в цель
on task,в работе
on television,по телевидению
on tender hooks,на тонких крючках
on tenterhooks,в напряжении
on tenters,на растяжках
on terms with,в согласии с
on that basis,на этой основе
on that note,в связи с этим
on that score,в этом отношении
on the agenda,в повестке дня
on the air,в эфире
on the alert,настороже
on the anvil,на наковальне
on the assumption that,при условии что
on the back burner,в отложенных планах
on the back foot,в обороне
on the back of,сзади
on the ball,в теме
on the bash,на баше
on the basis of,на основании
on the batter,на тесте
on the beach,на пляже
on the beat,в ритме
on the bench,на скамейке
on the bias,под углом
on the blanket,на одеяле
on the blink,неисправный
on the blob,на комке
on the block,в продаже
on the boil,в кипящем состоянии
on the boob,на груди
on the book,на книге
on the books,в документах
on the bounce,в прыжке
on the bow,в носовой части
on the brain,в голове
on the breadline,на грани нищеты
on the brew,в процессе приготовления
on the brink,на грани
on the brink of,на грани
on the bubble,на грани
on the bum,без гроша в кармане
on the bung,на пробке
on the burst,взрывом
on the button,на кнопке
on the cadge,на подхвате
on the canvas,на холсте
on the cards,в планах
on the carpet,на ковре
on the case,занимаюсь делом
on the cheap,дешево
on the clock,в графике
on the contrary,напротив
on the couch,на диване
on the count of,по счёту
on the critical list,в критическом состоянии
on the crook,на крюке
on the cross,на кресте
on the cuff,на манжетах
on the cusp,на пороге
on the cutting room floor,на черновике
on the debit side,в дебете
on the deck,на палубе
on the defensive,в обороне
on the district,в районе
on the DL,втайне
on the docket,в повестке дня
on the door,на двери
on the dot,точно в срок
on the double,быстро
on the down-low,потихоньку
on the downlow,потихоньку
on the drum,на барабане
on the dry,на сухую
on the earie,на озере Эри
on the edge,на краю
on the edge of,на краю
on the edge of one's seat,на краю сиденья
on the eve of,в канун
on the face of,на поверхности
on the face of it,на первый взгляд
on the face of the earth,на земле
on the fence,в нерешительности
on the fiddle,играть на скрипке
on the flat,на равнине
on the flip side,с другой стороны
on the flipside,с другой стороны
on the floor,на полу
on the fly,на лету
on the fritz,сломался
on the front burner,в приоритете
on the front foot,в активной позиции
on the full,в полном объеме
on the game,в игре
on the go,в пути
on the grid,на сетке
on the gridiron,на поле
on the gripping hand,на захватывающей руке
on the grog,пьяный
on the ground,на земле
on the grounds of,на основании
on the grounds that,поскольку
on the half hour,каждый полчаса
on the heels of,непосредственно после
on the high rope,на канате
on the high ropes,на канате
on the hog,на свинье
on the hog train,в поезде для перевозки свиней
on the hoof,на месте
on the hook,на крючке
on the hop,в суете
on the horizon,на горизонте
on the horn,по телефону
on the horns of a dilemma,в тупике
on the hour,каждый час
on the house,бесплатно
on the huh,на хуй
on the hunt,на охоте
on the hurry up,в спешке
on the hush,втайне
on the hush-hush,в тайне
on the hustle,в движении
on the improve,в процессе улучшения
on the inside,внутри
on the instant,мгновенно
on the internet,в интернете
on the jar,на банке
on the job,на работе
on the jump,в прыжке
on the knocker,на дверном звонке
on the ladder,на лестнице
on the lam,в бегах
on the lash,в отпуске
on the latch,на защелке
on the level,на уровне
on the line,на линии
on the lines of,в соответствии с
on the lookout,настороже
on the loose,на свободе
on the low,втайне
on the make,в поисках легкой наживы
on the mark,в цель
on the market,на рынке
on the mat,на коврике
on the mend,иду на поправку
on the mending hand,на руке, которая лечится
on the money,точно в цель
on the mop,на швабре
on the move,в движении
on the muscle,на мышце
on the nail,в точку
on the needle,на игле
on the nick,на грани
on the nod,кивком головы
on the nose,точно в цель
on the nut,на орехе
on the off-chance,вдруг
on the one hand,с одной стороны
on the order of,примерно
on the other bus,в другом автобусе
on the other hand,с другой стороны
on the other paw,с другой стороны
on the other side of,с другой стороны
on the outlook,в перспективе
on the outs,в ссоре
on the outside,снаружи
on the outside looking in,находясь снаружи и наблюдая изнутри
on the outskirts of,на окраине
on the pad,на подкладке
on the panel,на панели
on the part of,от имени
on the Pat and Mick,на Пате и Мике
on the pdq,на PDQ
on the phone,по телефону
on the pill,принимает противозачаточные таблетки
on the piss,в нетрезвом виде
on the plus side,с одной стороны
on the point of,на грани
on the premises,на территории
on the prod,в работе
on the prowl,на охоте
on the pull,натяжение
on the Q.T.,потихоньку
on the qt,потихоньку
on the quarter,на четверть
on the rack,под давлением
on the radar,в поле зрения
on the rag,в менструацию
on the rail,на рельсе
on the rails,на рельсах
on the rampage,в ярости
on the ran tan,на бегу
on the razz,в отпуске
on the razzle,в разгаре
on the razzle-dazzle,в блеске и гламуре
on the ready,наготове
on the real,в реальности
on the receiving end,в роли получателя
on the record,официально
on the reg,регулярно
on the reggo,регулярно
on the regs,регулярно
on the regular,обычно
on the right foot,с хорошего начала
on the right side of history,по правильной стороне истории
on the right track,на правильном пути
on the rise,в ростe
on the rivet,в напряжении
on the road,в пути
on the rob,нелегально
on the rocks,со льдом
on the ropes,в отчаянии
on the run,в бегах
on the safe side,на всякий случай
on the same page,на одной волне
on the same wavelength,на одной волне
on the sauce,в ударе
on the scene,на месте
on the scoot,на самокате
on the scrounge,в поисках наживы
on the shady side of,с теневой стороны
on the shelf,на полке
on the sick,на больничном
on the side,сбоку
on the side of the angels,на стороне ангелов
on the skids,в кризисе
on the slide,на слайде
on the sly,потихоньку
on the sniff,по запаху
on the spectrum,на спектре
on the spin,вращаясь
on the spot,на месте
on the square,на площади
on the stand,на трибуне
on the stock,на складе
on the stocks,в строю
on the street,на улице
on the streets,на улицах
on the strength of,на основании
on the stroke of,ровно в
on the stump,на предвыборной кампании
on the surface,на поверхности
on the table,на столе
on the take,берет взятки
on the tap,из крана
on the tapis,в обсуждении
on the telephone,по телефону
on the tenterhooks,в напряжении
on the tenters,на растяжках
on the tiles,на плитках
on the tip of one's tongue,на кончике языка
on the tools,за работой
on the toss of a coin,по решению судьбы
on the town,в городе
on the trot,подряд
on the turf,на газоне
on the turn,по очереди
on the turps,на турпе
on the up-and-up,честно
on the uptake,в курсе
on the verge,на грани
on the verge of,на грани
on the viretot,на виретоте
on the wagon,на телеге
on the wallaby,в Австралии
on the wallaby track,по следам кенгуру
on the wane,убывает
on the warpath,на пути войны
on the watch,на страже
on the way,по дороге
on the way out,по дороге домой
on the whole,в целом
on the wind,на ветру
on the wing,в полете
on the wings of the wind,на крыльях ветра
on the wrong foot,на неправильной ноте
on the wrong side of history,по неправильной стороне истории
on the wrong track,в тупике
on thin ice,на тонком льду
on this score,в этом отношении
on threes,по трое
on tick,по счетчику
on tilt,в ярости
on time,вовремя
on tiptoe,на цыпочках
on top,сверху
on top of,сверху
on top of one's game,в отличной форме
on top of that,кроме того
on top of the world,на вершине мира
on tour,в туре
on track,в графике
on trial,на суде
on trial for one's life,на суде за жизнь
on TV,по телевидению
on twos,на счету два
on velvet,на бархате
on view,на выставке
on watch,на дежурстве
on what planet,на какой планете
on what score,по какому показателю
on wheels,на колесах
on wing,в полете
on yer bike,Вперед
on your head be it,пусть будет так
once again,снова
once and for all,окончательно и бесповоротно
once in a blue moon,очень редко
once in a lifetime,один раз в жизни
once in a purple moon,очень редко
once in a while,иногда
once more into the breach,снова в бой
once or twice,один или два раза
once upon a time,Однажды
once you go black,один раз попробовав, больше не захочешь …
once-in-a-lifetime,уникальный
one after another,друг за другом
one age with,в одном возрасте с
one and all,все вместе
one and only,единственный
one and the same,одно и то же
one at a time,по одному
one bad turn deserves another,одно плохое дело порождает другое
one big happy family,одна большая счастливая семья
one could hear a pin drop,Можно было услышать, как падает иголка
one day,один день
one engine in steam,один паровой двигатель
one fell swoop,одним махом
one flesh,одна плоть
one for the road,еще по одной на дорогу
one good turn deserves another,доброта за доброту
one hand can't hold two watermelons,Одна рука не может удержать две арбуза
one hundred and one,сто один
one in the eye for,в глаз
one man and his dog,один человек и его собака
one moment,минутку
one more again,ещё раз
one must give to get,чтобы получить, нужно отдать
one nail drives out another,Одна гвоздь выгоняет другую
one of a kind,уникальный
one of His Majesty's bad bargains,одна из неудачных сделок Его Величества
one of those things,одна из этих вещей
one should be so lucky,нужно быть таким везучим
one should live so long,человек должен жить так долго
one should never meet one's heroes,Не стоит встречаться со своими кумирами
one side,одна сторона
one step ahead,на шаг впереди
one step at a time,постепенно
one strike and you're out,один удар и ты выбываешь
one swallow doesn't a spring make,Одна ласточка не весна
one swallow doesn't a summer make,Одна ласточка не весна
one swallow doesn't make a spring,Одна ласточка не весна
one swallow doesn't make a summer,Одна ласточка не весна
one thing leads to another,одно ведёт к другому
one thing led to another,одно привело к другому
one thing or another,то или другое
one too many,слишком много
one up,переплюнуть
one way or another,один или другой способ
one way or the other,то или иное
one who hesitates is lost,Тот, кто медлит, теряет
one will know the reason why,однажды станет известно, почему
one word leads to another,Одно слово ведёт к другому
one's ass is dragging,у кого-то совсем плохо
one's ass is grass,кто наверху, того и ждёт падение
one's back is up,спина у него стоит дыбом
one's blood is up,кровь кипит
one's blood runs cold,кровь стынет в жилах
one's cake is dough,его торт - это тесто
one's cotton socks off,довести до исступления
one's days are numbered,у кого-то дни сочтены
one's door is open,дверь открыта
one's egg breaks,яйцо разбилось
one's egg cracks,яйцо трескается
one's father was born before one,Отец родился раньше, чем сам человек
one's fingers are all thumbs,неуклюжий
one's fingers itch,пальцы чешутся
one's flabber is gasted,быть ошеломленным
one's heart bleeds,сердце кровью обливается
one's heart in one's mouth,сердце в пятках
one's heart out,от всей души
one's heart sinks,сердце уходит в пятки
one's hour,свой час
one's house in order,привести в порядок свои дела
one's jig is up,разоблачено
one's last,последний
one's lips are sealed,рот зашит
one's name is mud,у него плохая репутация
one's own boss,свой начальник
one's own master,свой хозяин
one's race is run,бег окончен
one's ship comes in,удача улыбнется
one's socks off,довести до обожания
one's teeth water,слюнки текут
one's time is one's own,Время принадлежит самому человеку
one's way,свой путь
one's word is law,слово - закон
one-hit wonder,однодневный хит
one-horse race,легкая победа
one-horse town,глухая деревня
one-man band,одиночка
one-night stand,одноразовая связь
one-track mind,узкий кругозор
one-trick pony,одноталанный человек
one-way ticket to Palookaville,билет в один конец в Палуквилл
only a mother could love,только мать может любить
only fools and horses work,Только дураки и лошади работают
only game in town,единственный вариант
only Nixon can go to China,только Никсон может поехать в Китай
only Nixon could go to China,только Никсон мог поехать в Китай
only the good die young,Уходят молодые и хорошие люди
only time will tell,только время покажет
ontogeny recapitulates phylogeny,онтогенез повторяет филогенез
onward and upward,вперед и вверх
onwards and upwards,вперед и вверх
ooga booga,буга буга
ookie cookie,печенье
open a can of whoop ass,отправить в нокаут
open book,открытая книга
open doors,открытые двери
open field,открытое поле
open fire,открывать огонь
open invitation,открытое приглашение
open it up,откройте это
open one's legs,расставить ноги
open one's mind,открыть свой разум
open one's mouth,открыть рот
open out,открываться
open Pandora's box,открыть ящик Пандоры
open season,период охоты
open sesame,откройся, Сим-Сим
open someone's eyes,открыть кому-то глаза
open the batting,открыть счет
open the door,откройте дверь
open the floodgates,открыть шлюзы
open the kimono,раскрыть карты
open the schools,открыть школы
open up,открыть
open wide,открой рот широко
open-door policy,политика открытых дверей
opening of an envelope,открытие конверта
opinio juris sive necessitatis,юридическое мнение или необходимость
opinions are like assholes,У всех свой вкус
opportunity comes knocking,возможность представляется
opportunity knocks,возможность стучится
opportunity knocks at every man's door,У каждого человека есть возможности
opportunity makes a thief,возможность порождает воровство
opportunity makes the thief,Возможность порождает воровство
opportunity seldom knocks twice,Возможность редко стучится дважды
opposite number,противоположное число
opposites attract,противоположности притягиваются
opt in,подписаться
opt out,отказаться
optically active,оптически активный
optimize out,оптимизировать
or anything,или
or bust,или провал
or else,иначе
or it didn't happen,или этого не произошло
or should I say,или, может быть, я должен сказать
or something,или что-то
or words to that effect,или близко к этому
Orange Man bad,Плохой оранжевый человек
orange wine,оранжевое вино
oranges with oranges,апельсины с апельсинами
order about,порядок о
order around,распоряжаться
order in,заказать
order out,заказать еду на дом
order to cash,от заказа до получения денег
order up,готово
orders are orders,приказы есть приказы
Oreo cookie,Орео
orphan off,осиротеть
ostrich policy,политика страуса
other end of the ball,другой конец мяча
other fish in the sea,другие рыбы в море
other half,вторая половина
other head,другая голова
other man,другой мужчина
other side,другая сторона
other than,кроме
other than that,кроме этого
other woman,другая женщина
otherly abled,с ограниченными возможностями
otherwise engaged,занят
our era,наша эпоха
out and about,на улице
out cold,без сознания
out for a duck,с треском провалиться
out for blood,жаждущий мести
out loud,вслух
out of a job,безработный
out of a nightmare,из кошмара
out of action,вне строя
out of all proportion,вообще несоразмерно
out of book,из книги
out of bounds,вне границ
out of breath,задыхаться
out of central casting,как будто сошедший со страниц сценария
out of character,не в характере
out of collar,из воротника
out of commission,выведен из строя
out of conceit with,недовольны
out of condition,не в форме
out of control,вне контроля
out of countenance,смущённый
out of course,вне курса
out of date,устаревший
out of drawing,из чертежа
out of fashion,не в моде
out of favor,в опале
out of favour,в опале
out of fix,в затруднительном положении
out of focus,не в фокусе
out of form,вне формы
out of frame,вне кадра
out of gas,без бензина
out of gauge,вне допустимых параметров
out of gear,на нейтральной передаче
out of hand,вне контроля
out of harness,вне упряжи
out of heart,из сердца
out of heat,без отопления
out of house and home,вне дома и семьи
out of humour,в плохом настроении
out of joint,выбившийся из строя
out of keeping with,не в соответствии с
out of kelter,не в порядке
out of key,не в тон
out of kilter,не в порядке
out of line,вне очереди
out of luck,без удачи
out of nowhere,из ниоткуда
out of one's box,выходить за рамки
out of one's cotton-picking mind,с ума сойти
out of one's depth,не справляется
out of one's element,не в своей тарелке
out of one's face,в отключку
out of one's fingers,неуклюжий
out of one's gourd,в ярости
out of one's hands,вне контроля
out of one's head,не в себе
out of one's league,не по силам
out of one's mind,свихнувшийся с ума
out of one's own pocket,из собственных средств
out of one's senses,вне себя
out of one's sight,из поля зрения
out of one's skin,в панике
out of one's system,вывести из системы
out of one's time,тратить время
out of one's tree,свихнувшийся
out of order,неисправен
out of place,не на месте
out of play,вне игры
out of plumb,неровный
out of pocket,без выходных
out of power,без электроэнергии
out of practice,выпал из практики
out of preparation,из-за недостаточной подготовки
out of print,изданный ограниченным тиражом
out of process,вне процесса
out of proportion,непропорциональный
out of question,вне вопроса
out of rack,из стойки
out of reach,недоступный
out of season,не в сезон
out of service,выведен из эксплуатации
out of shape,не в форме
out of sight,не видно
out of someone's hands,вне чьего-либо контроля
out of someone's way,не мешать кому-либо
out of sorts,не в своей тарелке
out of spirits,в подавленном состоянии
out of spoons,нет ложек
out of station,вне ведомства
out of step,не в ногу
out of stock,нет в наличии
out of suits,нет костюмов
out of suits with,без костюмов
out of sync,не в синхроне
out of temper,в гневе
out of the ark,из ковчега
out of the blue,внезапно
out of the box,нестандартно
out of the chute,сразу же
out of the common,вне обыденности
out of the gate,с самого начала
out of the loop,не в курсе
out of the money,без денег
out of the mouths of babes,из уст младенцев
out of the ordinary,необычный
out of the picture,вне игры
out of the question,невозможно
out of the running,вне игры
out of the starting gate,с места старта
out of the way,в сторону
out of the window,из окна
out of the woods,выбраться из беды
out of thin air,из ниоткуда
out of this world,невероятный
out of time,без времени
out of touch,не в курсе
out of town,вне города
out of true,неискренний
out of tune,фальшиво
out of turn,не по очереди
out of use,не в употреблении
out of view,из виду
out of wedlock,вне брака
out of whack,не в порядке
out of wind,без ветра
out of work,безработный
out on a limb,рисковать
out on one's feet,на ногах
out on the tiles,на танцполе
out over one's skis,переоценить свои возможности
out sick,на больничном
out the ass,из задницы
out the blue,внезапно
out the wazoo,слишком много
out the window,из окна
out to lunch,в обеденный перерыв
out-paramour the Turk,превзойти любовника турка
outpope the Pope,превзойти папу римского
outrun the constable,перехитрить полицейского
outside chance,маленький шанс
outside job,работа вне офиса
outside of,вне
outside the box,вне рамок
outside world,внешний мир
outta town,В отъезде
over a barrel,в безвыходном положении
over and out,конец связи
over and over,снова и снова
over and over again,снова и снова
over easy,Яичница-глазунья
over hard,жареный с двух сторон
over light,над светом
over medium,средняя температура
over my dead body,Через мой труп
over nine thousand,больше девяти тысяч
over one's head,выше головы
over one's skis,быть не по силам
over open sights,без прицела
over the counter,без рецепта
over the edge,за край
over the fence,через забор
over the head,над головой
over the hill,в возрасте
over the hills and far away,за горы и далеко
over the hump,перешагнул через трудности
over the left,справа
over the left shoulder,через левое плечо
over the line,перейти черту
over the moon,В восторге
over the odds,сверх меры
over the rainbow,над радугой
over the top,слишком
over the transom,через порог
over the way,напротив
over the wire,по проводам
over time,со временем
over well,над колодцем
over-the-counter,безрецептурный
overstep the mark,переходить границы
owe it to oneself,должен себе это
owe out,должен
owing to,в связи с
own up,признаться
ox is in the ditch,бык в канаве
oxygen burning,горение кислорода
p'd off,раздраженный
pace off,измерять шагами
pace out,измерять шагами
pack away,упаковать
pack fudge,упаковка шоколадного лакомства
pack heat,носить оружие
pack in,упаковать
pack it in,закончить
pack of lies,ложь
pack off,убираться
pack on,набрать вес
pack out,упаковать
pack shit,упаковать дерьмо
pack up,упаковать
packaged goods,упакованные товары
packed to the gills,полностью заполненный
packed to the rafters,полностью забитый
packing for Perth,упаковка для Пёрта
pact of silence,пакт молчания
pacta sunt servanda,соглашения должны соблюдаться
pad down,прижать
pad out,добавлять
pad up,уплотнять
padded cell,изолятор с мягкими стенами
paddle one's own canoe,быть самостоятельным
page down,прокрутить страницу вниз
page in,вход
page out,выгрузка страницы
page up,Вверх
pagoda tree,пагода
pain in the ass,головная боль
pain in the neck,боль в шее
painful on the eyes,Утомляющие глаза
paint a rosy picture,рисовать радужные перспективы
paint down,краска вниз
paint oneself into a corner,загнать себя в тупик
paint out,закрасить
paint over,закрасить
paint the town red,отрываться на всю катушку
paint the wagon,покрасить повозку
paint up,покрасить
paint with a broad brush,обрисовывать в общих чертах
painting rocks,роспись камней
pair and share,обсудить в парах
pair of shoes,пара обуви
pair off,составить пары
pair up,объединяться
paisa vasool,деньги не потрачены зря
pal around,общаться
pal up,подружиться
palace intrigue,интриги во дворце
palace politics,интриги во дворце
pale in comparison,бледнеет по сравнению с
pale rider,бледный всадник
pall on,тяжесть
palm off,впарить
palm out,ладонью наружу
palmately compound,перистопальчатый
pam off,выключить
pan and scan,панорама и сканирование
pan out,получиться
Pandora's box,Ящик Пандоры
pansy up,подлизаться
pants on fire,говорит неправду
paper bag,пакет
paper over,замазывать
paper tiger,бумажный тигр
paper trail,след документов
par avion,по почте
par delictum,из-за вины
par for the course,нормально
par off,отключить
parade of horribles,парад ужасов
parade passed someone by,парад прошел мимо кого-то
paradise on earth,рай на земле
paralysis by analysis,паралич анализа
parcel out,распределять
parcel up,упаковать посылку
pardon me,извините
pardon my French,извините за мой французский
pare down,сокращать
parentally challenged,с проблемами в воспитании
park and bark,парк и лай
park in,в парк
park that thought,отложи эту мысль
park the bus,припарковать автобус
park up,припарковаться
part and parcel,неотъемлемая часть
part off,отделить
part out,разбирать на запчасти
part with,расстаться с
partial out,частично
partially ordered,частично упорядоченный
parting of the ways,расхождение во мнениях
parting shot,последний кадр
partner up,объединиться
party animal,тусовщик
party cry,девиз вечеринки
party down,веселиться
party hardy,веселиться от души
party hearty,весело проводить время
party in one's mouth,вечеринка во рту
party like it's 1999,веселиться как в 1999 году
party on,веселитесь
party to,участник
party up,собираться вместе
pas devant les enfants,Не в присутствии детей
pass along,передавать
pass around,передавать
pass as,пройти как
pass away,умереть
pass by,проходить мимо
pass down,передавать по наследству
pass for,проходить за
pass muster,выдержать проверку
pass off,подделывать
pass off as,выдавать себя за
pass on,передавать
pass oneself off as,выдавать себя за
pass out,терять сознание
pass over,пройти мимо
pass round,передавать по кругу
pass the bottle of smoke,передайте бутылку с дымом
pass the buck,перекладывать ответственность
pass the hat,передайте шляпу
pass the river,перейти реку
pass the torch,передать эстафету
pass through,проходить через
pass under the yoke,подчиняться
pass up,упускать
past it,прошлое
past one's prime,быть не в форме
past the point of,за пределами
paste away at,наносить пасту
paste up,наклеивать
pasture out,выгнать на пастбище
pat down,обследование
pat on the back,похлопывание по спине
pat somebody on the back,похлопать по спине
pat. pend.,в стадии патента
patch over,замаскировать
patch together,собирать по частям
patch up,залатать
patience is a virtue,терпение - добродетель
patience of a saint,терпение святого
patience of an angel,терпение ангела
patience of Job,терпение Иова
patience of Mother Teresa,терпение Матери Терезы
patriotically correct,патриотично правильно
pattern up,создать шаблон
pave the road to hell,вымостить дорогу в ад
pave the way,прокладывать путь
pave the way for something,проложить путь для чего-либо
paw at,лакать
paw off,отдавать
paw up,поднять лапу
pawn off,продавать
pawn off as,выдавать за
pawn upon,положить в залог
pay a visit,посетить
pay and display,оплата за парковку
pay attention,обращать внимание
pay back,вернуть
pay dividends,выплачивать дивиденды
pay down,выплачивать
pay heed,обращать внимание
pay homage to,отдавать дань уважения
pay its way,окупаться
pay off,выплатить
pay off old scores,расплатиться за старые обиды
pay one's debt to society,отплатить долг обществу
pay one's dues,отплатить долг
pay or okay,платить или хорошо
pay out,выплатить
pay packet,зарплата
pay the bills,оплатить счета
pay the fiddler,заплатить музыканту
pay the freight,оплатить доставку
pay the penalty,заплатить штраф
pay the piper,платить по счетам
pay the price,заплатить цену
pay the rent,оплатить аренду
pay through the nose,переплачивать
pay to play,платная реклама
pay towards,вносить платеж за
pay tribute to,отдавать дань уважения
pay up,оплатить
pea patch,огород
pea-time is past,Время гороха прошло
peace of mind,спокойствие
peace out,пока
peace through strength,мир через силу
peaches and cream,персики и сливки
peal out,резко завести двигатель
peanut butter,арахисовая паста
peanut gallery,толпа зевак
pearl of wisdom,жемчужина мудрости
pearls before swine,бросать жемчуг свиньям
pearly whites,белые зубы
pebble in one's shoe,камушек в ботинке
peck at,клевать
pecker checker,проверка качества
pedal to the metal,выжимать все соки
pedals to the metal,выжать все из машины
peddle out,продавать
pee in someone's cornflakes,испортить кому-то жизнь
pee off,раздражать
pee on someone's cornflakes,облить кого-то мочой
pee one's pants,обмочиться
peed off,убирайся
peel away,отслаиваться
peel me a grape,Очистите мне виноград
peel off,отклеивать
peel out,резко трогаться с места
peel the onion,очистить лук
peep of day,рассвет
peep out,заглянуть
peeve off,раздражать
peg away,упорно работать
peg back,откидывать назад
peg down,фиксировать
peg out,зафиксировать
peg the needle,закрепить иглу
pellet moulding,формование гранул
pelt down,лить как из ведра
pelt of the dog,шерсть собаки
pen in,вводить
pen picture,портрет
pen up,открыть ручку
penalty box,штрафной ящик
pencil in,запланировать предварительно
pencil out,набросать
pencil whip,быстрый удар
pendente lite,во время судебного разбирательства
penny for them,Я отдам за это грош
penny for your thoughts,Что у тебя на уме
penny in the fusebox,монета в предохранителе
penny pincher,скупой
penny wedding,свадьба на грош
penny wise and pound foolish,скупой и жадный
pension off,пенсия
people person,общительный человек
people sit on chairs,люди сидят на стульях
pep in one's step,энергия
pep up,подбодрить
pepper up,добавить остроты
Pepperidge Farm remembers,Pepperidge Farm помнит
per annum,в год
per cent,процент
per curiam,по решению суда
per nocte,ночью
per stirpes,по роду
perfect is the enemy of good,Идеальное – враг хорошего
perfect storm,идеальный шторм
perfection is the enemy of good,Стремление к совершенству - враг хорошег…
perish the thought,Боже упаси
perk up,воодушевляться
permanent shave,эпиляция
perp walk,парадное задержание
persist down,настаивать
persist it down,зафиксировать
person from Porlock,человек из Порлока
person up,встать
personal capital,персональный капитал
pertaining to,относящийся к
pet peeve,издержки
peter out,угасать
Peter Pan syndrome,синдром Питера Пэна
Pfizer riser,Акция Pfizer
phase down,снижать
phase in,внедрять
phase out,постепенно прекращать
philatelically inspired,вдохновленный филателией
phone ahead,заранее позвонить
phone in,звонить
phone tag,перезвон
phone up,позвонить
phoney up,позвонить
phony up,подделать
physical break,физический перерыв
physically challenged,с ограниченными возможностями
pick a fight,затевать драку
pick and pack,комплектация и упаковка
pick apart,разбирать по частям
pick at,ковырять
pick away at,постепенно разбирать
pick corners,занимать углы
pick holes,выискивать недостатки
pick it up,поднять
pick of the crop,лучшее из лучших
pick of the litter,лучший из выводка
pick off,снимать
pick on,издеваться над
pick on someone your own size,Выбирай себе равного
pick one's battles,выбирать битвы
pick one's nose,копаться в носу
pick out,выбирать
pick out of a hat,выбирать наугад
pick over,перебирать
pick someone's brain,почерпнуть опыт у кого-то
pick through,перебирать
pick up,забрать
pick up on,понять
pick up stitches,поднять петли
pick up the pace,ускоряться
pick up the pieces,собирать осколки
pick up the tab,оплатить счет
pick up the threads,продолжить начатое
pick your poison,выбирайте яд
pickin' and grinnin',улыбаясь и радуясь
pickle up,поднять
pics or it didn't happen,фото или не было
pictures or it didn't happen,Если нет фото, значит, этого не было
piddle away,тратить время впустую
pie in the sky,пустые обещания
pie off,отклонить предложение
piece by piece,по частям
piece of ass,Сука
piece of cake,проще простого
piece of crap,ерунда
piece of shit,дерьмо
piece of someone,часть кого-то
piece of tail,хвост
piece of the action,доля в деле
piece of the pie,доля
piece of the puzzle,часть головоломки
piece of work,работа
piece out,разбирать по частям
piece together,собирать воедино
piece up,собирать
Pierian spring,Пирианский источник
piffy on a rock bun,непонятно
pig in a poke,кот в мешке
pig off,отключить
pig out,переедать
pigs can fly,свиньи могут летать
pigs may fly,свиньи могут взлететь
pigs might fly,свиньи могут взлететь
pile in,навалиться
pile on,наваливаться
pile out,вылезать
pile Pelion on Ossa,навалить гору на гору
pile up,накапливаться
pill in the pocket,таблетка в кармане
pill mill,завод по производству таблеток
pill up,запихнуть
pillow talk,ночные разговоры
pilly willy,непристойный
pimp out,подделать
pimp up,улучшать
pin a rose on your nose,прикрепить розу к носу
pin back,прикрепить
pin down,определить
pin money,карманные деньги
pin on,прикрепить
pin up,пинак
pinch at,щипать
pinch off,отщипнуть
pinch one off,отщипнуть
pinch out,выдавить
pine away,тосковать
pink slip,увольнение
pink up,розоветь
pins and needles,онемение
pip to the post,прийти первым
pipe down,Замолчите
pipe dream,пустая мечта
pipe in,труба
pipe off,снять трубу
pipe the eye,подвести глаз
pipe up,высказываться
piping hot,обжигающе горячий
piping times,время подачи
piping times of peace,трубы мира
piss about,бездельничать
piss and moan,ворчать и ныть
piss around,бездельничать
piss away,тратить впустую
piss down,лить как из ведра
piss in someone's cereal,Нагадить кому-то
piss in someone's cornflakes,испортить кому-то настроение
piss it down,сильно лить
piss like a racehorse,мочиться как лошадь
piss money up the wall,тратить деньги на ветер
piss more than one drinks,Выпускать больше, чем потреблять
piss off,Отвали
piss on,облить мочой
piss on someone's cornflakes,нагадить кому-то
piss on someone's parade,испортить кому-то праздник
piss up,ерунда
piss up a wall,лить воду за решето
pissed off,раздраженный
pissing war,бессмысленная вражда
pit against,противостоять
pit out,выкапывать
pitch and pay,предложить и оплатить
pitch around,бросать вокруг
pitch in,помочь
pitch into,бросать
pitch on,предложение
pitch out,выбрасывать
pitch up,появляться
pitch upon,направлять
pitch woo,ухаживать
pitchers have ears,У стенка есть уши
pity fuck,сожаление
pixel peeper,придирчивый критик
pizza table,стол для пиццы
place of business,место ведения бизнеса
place to be,место, где нужно быть
plain dealing,честность
plan ahead,планировать заранее
plan on,планировать
plan out,планировать
plank down,выложить деньги
plank up,подпереть доской
plant a seed,посадить семя
plant one's feet,упорствовать
plant out,высаживать
plastic fantastic,пластик - это здорово
plate away,убрать тарелки
plate out,выкладывать
plate up,выкладывать на тарелку
play a double game,играть в двойную игру
play a part,играть роль
play a role,играть роль
play about,пьеса
play all one's cards,выиграть все козыри
play along,играть вместе
play around,играть
play at,играть в
play away,играть на выезде
play back,воспроизвести
play ball,играй в мяч
play booty,играть в попу
play both sides against the middle,играть на два фронта
play by ear,импровизировать
play chicken,игра в кошки-мышки
play Cupid,играть роль купидона
play down,приуменьшать
play dumb,притворяться глупым
play fast and loose,играть нечестно
play first fiddle,играть первую скрипку
play for love,играть ради любви
play for time,затягивать время
play games,играть в игры
play hard to get,быть недоступным
play hardball,играть жестко
play hob with,мешать
play hooky,пропускать занятия
play in,играть в
play in Peoria,играть в Пеории
play into,играть на руку
play it cheap,играть нечестно
play it cool,Сохраняй спокойствие
play it for all it's worth,выжать из него все соки
play it safe,действовать осторожно
play it straight,говорить прямо
play merry havoc with,сеять хаос и веселье
play merry hell with,вносить хаос
play off,плей-офф
play Old Gooseberry,играть в Старую Голубику
play Old Harry,играть в "Старого Гарри
play Old Harry with,обманывать
play on,играть
play on someone's heartstrings,трогать до глубины души
play on words,игра слов
play one against another,ставить друг против друга
play one's cards right,действовать правильно
play one's part,играть свою роль
play or pay,играть или платить
play out,разворачиваться
play politics,играть в политику
play possum,притворяться мёртвым
play safe,действовать осторожно
play second fiddle,играть второстепенную роль
play silly buggers,шутить
play someone like a fiddle,использовать кого-то как марионетку
play someone like a violin,использовать кого-то как скрипку
play the angles,играть на опережение
play the cat and banjo with,играть в кошки-мышки с банджо
play the deuce with,играть в дубль с
play the devil with,играть злую роль
play the dickens with,портить
play the field,флиртовать со всеми
play the fool,вести себя как дурак
play the gender card,играть на гендерных чувствах
play the hand one is dealt,играть по обстоятельствам
play the mischief with,шутить
play the Nazi card,играть нацистской картой
play the ponies,играть в лошадки
play the race card,играть на расовой нетерпимости
play the same tape,воспроизвести ту же запись
play the something card,сыграть определенную карту
play the victim card,играть роль жертвы
play the wag,играть роль
play through,пройти
play to,играть для
play to the gallery,работать на публику
play to win,играть чтобы победить
play up,преувеличивать
play up to,поддаваться
play upon,играть на
play well with others,хорошо ладить с другими
play with,играть
play with a full deck,играть с полной колодой
play with fire,играть с огнем
play with house money,играть без риска
play with oneself,играть с собой
plead down,умолять
plead out,признать вину
plead over,умолять
plead up,признаться виновным
please excuse my dear Aunt Sally,пожалуйста, извините мою дорогую тетю Са…
please find attached,см. прикреплённый файл
please help me,пожалуйста, помогите мне
please repeat after me,повторите за мной
please say that again,пожалуйста, повторите
please sit down,пожалуйста, сядьте
please speak more slowly,Пожалуйста, говорите медленнее
please turn left,поверните налево
please turn right,поверните направо
please yourself,угоди себе
pleased to meet you,рад познакомиться
pleased with oneself,доволен собой
pleasure oneself,получать удовольствие
plop down,упасть
plot out,планировать
plough a lonely furrow,пахать одинокую борозду
plough ahead,двигаться вперед
plough back,реинвестировать
plough down,вспахивать
plough in,вкладывать
plough into,втыкаться
plough money,вкладывать деньги
plough on,продолжать упорно работать
plough one's own furrow,идти своим путем
plough one's way,пробиваться
plough over,перепахивать
plough the back forty,вспахать дальнее поле
plough through,продираться
plough under,вспахать
plough up,вспахать
plow ahead,двигаться вперед
plow back,вкладывать обратно
plow down,пахать
plow in,вспахивать
plow into,вдавливаться
plow on,пахать дальше
plow one's way,прокладывать путь
plow over,пахать
plow the sands,вспахать песок
plow through,продираться
plow under,вспахать
plow up,вспахать
plow with one's heifer,пахать быком
pluck out,выдергивать
pluck up,собираться с силами
plug and chug,механический ввод данных
plug and play,подключи и работай
plug away,упорно работать
plug in,подключать
plug into,подключать
plug out,вынуть вилку
plug up,забивать
plumb in,точно
plumber up,сантехник
plumber's helper,помощник сантехника
plump down,опуститься
plump for,выбирать
plump up,наполнить
plunge in,погрузиться
plunge into,погрузиться
poach up,тушить
poacher turned gamekeeper,предатель
pobody's nerfect,никто не идеален
pocket dial,случайный вызов
pocket up,засунуть в карман
poetry in motion,живое воплощение красоты
pogi point,точка пого
point blank,в упор
point fingers,обвинять
point man,лидер
point out,указать
point Percy at the porcelain,направьте Перси на фарфор
point the finger at,обвинять
point the finger at somebody,обвинять кого-либо
point up,подчеркнуть
poison pen,клевета
poison-pen letter,анонимное клеветническое письмо
poisoned chalice,горькая чаша
poke about,тыкать
poke along,медленно продвигаться
poke around,поискать
poke holes in,протыкать отверстиями
poke one's nose into,вмешиваться
poke out,выглядывать
poke someone's eye out,выколоть глаз
poke the bear,провоцировать медведя
poker up,собираться играть в покер
poles apart,абсолютно разные
police lives matter,жизни полицейских важны
police up,подъехать к полиции
polish a turd,приукрашивать откровенную чушь
polish off,отшлифовать
Polish parliament,Польский парламент
polish up,отполировать
polish up on,улучшить
polite fiction,вежливая ложь
political football,политический инструмент
politically correct,политически корректный
politically incorrect,непристойный
Polly want a cracker,Полли, хочешь печеньку
poney up,выложить деньги
pony in the barn,лошадь в сарае
pony up,выложить деньги
pooch out,высунуть язык
poon up,поднимать вверх
poop factory,фабрика по производству навоза
poop in one's pants,обкакаться
poop machine,машина для какашек
poop oneself,испугаться до смерти
poop out,выдыхаться
poophole loophole,лазейка дыра
poor as a church mouse,бедный как церковная мышь
poor as a rat,бедный как мышь
poor door,дверь для бедных
poor is a mindset,бедность – это состояние души
poor is a state of mind,бедность это состояние души
poor little rich boy,маленький богатый мальчик
poor little rich girl,бедная богатая девочка
poor man's shilling,дешевая монета
poor power,слабая мощность
poorness is a state of mind,бедность это состояние души
pootle along,медленно ехать
pop down,посетить
pop for,популярность
pop in,заглянуть
pop off,взорваться
pop on,появляться
pop one's cork,выплеснуть гнев
pop one's wad,выплюнуть жвачку
pop out,выскочить
pop someone's cherry,угостить кого-то
pop the cherry,потерять девственность
pop the question,сделать предложение
pop up,выпадающее окно
popcorn movie,попкорн и кино
pope's nose,нос папы
popper up,выскакивающее окно
porcelain god,фарфоровый бог
porcelain goddess,фарфоровая богиня
porcelain skin,фарфоровая кожа
pore over,внимательно изучать
pork out,тратить деньги понапрасну
pork up,улучшать
porn and prawn,порно и креветка
portion off,отделять
portion out,распределять
posh nosh,Изысканная еда
posh up,поднять вверх
positive Polly,Позитивная Полли
possession is nine-tenths of the law,владение - это почти закон
post mortem auctoris,После смерти автора
post off,отправить почтой
post up,занять позицию
postally used,использованный почтой
poster boy,образцовый пример
poster child,образцовый пример
poster girl,образцовая девушка
pot calling the kettle black,обвинять другого в том, в чем сам винове…
pot kettle black,кот давит кота
pot of gold,горшок с золотом
pot on,горшок
pot out,вылить
pot up,поставить в горшок
potato chaser,поклонник картофеля
Potemkin village,поселок Потемкина
potter about,шариться
potter around,бездельничать
potter's clay,гончарная глина
potter's field,кладбище для бедных
potty mouth,нецензурная лексика
pound a beat,бить ритм
pound for pound,по весу
pound of flesh,взять свою плату
pound one's flounder,не знаю
pound out,выбивать
pound sand,отвали
pound the pavement,ходить пешком
pour cold water on,охлаждать водой
pour cold water over,вылить холодную воду на
pour down,лить как из ведра
pour down the drain,сливать в канализацию
pour encourager les autres,чтобы вдохновить других
pour forth,изливаться
pour fuel on the fire,подливать масла в огонь
pour gasoline on the fire,подливать масла в огонь
pour honey in one's ear,шептать на ухо
pour honey into one's ear,вкладывать мёд в ухо
pour honey on,поливать медом
pour in,выливать
pour into,выливать
pour oil on troubled waters,утихомирить ситуацию
pour one out,вылить на землю
pour one's heart out,высказать все откровенно
pour out,выливать
poverty is a mindset,бедность это состояние души
poverty is a state of mind,бедность это состояние души
powder keg,пороховая бочка
power ahead,двигаться вперед
power behind the throne,кукловод
power coffee,кофе для энергии
power down,выключить
power grab,захват власти
power lunch,деловая встреча за обедом
power luncher,обед деловой встречи
power lunching,обед с деловыми целями
power of the pencil,сила карандаша
power of the purse,власть над финансами
power off,выключить
power on,включить
power up,включить
powers that be,те, кто у власти
poz up,поднять вверх
practice makes perfect,повторение - мать учения
practice makes progress,Практика ведет к прогрессу
prairie dog,суслик
praise to the skies,хвала небесам
praise with faint damns,хвалить с полунамеками на критику
prang out,выглядеть вызывающе
prat about,болтать
prat around,шалить
prawn cocktail offensive,коктейль из креветок, вызывающий отвраще…
pray away the gay,излечить от гомосексуальности молитвой
pray tell,пожалуйста, расскажите
pray the gay away,излечить от гомосексуальности
pray to the porcelain god,молиться фарфоровому богу
pray to the porcelain goddess,молиться фарфоровой богине
preach down,наставлять
preach in the desert,проповедовать в пустыне
preach to deaf ears,говорить впустую
preach to the choir,говорить с кем-то, кто уже согласен с ва…
preach up,проповедовать
preach water and drink wine,проповедовать добродетель а делать грех
precious little,очень мало
prep out,готовность
prep up,подготовиться
prepare ahead,подготовиться заранее
prepare the ground,подготовить почву
prepare up,подготовиться
present company excepted,не считая тех, кто здесь присутствует
present company excluded,не считая присутствующих
preserved in aspic,в заливке
press ahead,двигаться вперед
press down,нажать вниз
press F to pay respects,Нажмите F, чтобы почтить память
press into service,привести в действие
press on,нажимать
press out,выдавить
press the flesh,пожимать руки
press the panic button,нажмите кнопку тревоги
pressed for time,не хватает времени
pressure makes diamonds,Давление превращает уголь в алмазы
pretty penny,значительная сумма
pretty pictures,красивые картинки
pretty please with sugar on top,пожалуйста, очень прошу
pretty Polly,красивая Полли
pretty up,украсить
pretzel up,закрутить
prevail upon,убеждать
prevention is better than a cure,Лучше предотвратить, чем лечить
prevention is better than cure,Профилактика лучше лечения
previously disadvantaged,лишенные возможностей
prey on,нападать на
prey upon,нападать на
price in,цена за
price is right,цена подходящая
price of eggs,цена яиц
price of tea in China,цена чая в Китае
price on someone's head,заказ на голову
price out,оценить стоимость
price up,повышение цены
prick out,выдавить
prick up,вскинуться
pride comes before a fall,гордыня приходит перед падением
pride comes before the fall,гордыня приходит перед падением
pride cometh before a fall,гордость наступает перед падением
pride goes before a fall,гордыня навлекает падение
pride goeth before a fall,гордость наступает перед падением
pride wenteth before a fall,гордость наступает перед падением
prim and proper,аккуратный и воспитанный
prime of life,расцвет жизни
prime the pump,запустить механизм
prime up,подготовить
primitive type,простой тип
primp up,приукрашивать
primrose path,путь роз
prink up,прихорашиваться
print off,распечатать
print out,распечатать
print up,распечатать
prior to,до
prior to that,до этого
prior to this,до этого
priss around,строить из себя важную персону
private credit,частное кредитование
private eye,частный детектив
privately held,частная компания
prize pig,свинья-победительница
pro bono,про боно
pro parte,частично
pro re nata,по мере необходимости
pro tip,полезный совет
problem child,проблемный ребенок
procrastination is the thief of time,Прокрастинация - вор времени
procure to pay,оплатить
professional suicide,профессиональное самоубийство
professional victim,профессиональная жертва
proffer up,предлагать
progressive love,прогрессивная любовь
Promised Land,Обетованная земля
prone out,лежа на животе
prop forward,нападающий
prop up,поддерживать
prop up the bar,подпереть стойку
prophet of doom,пророк погибели
pros and cons,плюсы и минусы
pros ton kairon,в подходящее время
protest too much,слишком много протестовать
Protestant work ethic,Протестантская трудовая этика
proud as a peacock,гордый как павлин
prove out,доказать
proverbs come in pairs,пословицы часто встречаются парами
proverbs go in pairs,пословицы часто идут парами
proverbs hunt in pairs,пословицы охота парами
proverbs often come in pairs,пословицы часто встречаются парами
proverbs run in pairs,пословицы часто встречаются парами
proverbs should be sold in pairs,пословицы следует продавать парами
proverbs should be writ in pairs,пословицы следует писать парами
proverbs should come in pairs,пословицы должны быть в паре
proverbs should go in pairs,пословицы должны идти парами
provided that,при условии что
psych out,разобраться
psych up,подбодрить
psyched up,взволнованный
psychological warfare,психологическая война
pub grub,закуски в пабе
public intellectual,публичный интеллектуал
public purse,государственный бюджет
publicity hound,любовник публичности
publicly held,публично размещенные
publish or perish,публикуй или умри
pucker up,приоткрой рот
pudding and tame,пудинг и послушный
puddle jumper,брызгалка
puddle up,собираться в лужи
puff out,надуваться
puff up,надуваться
puke up,рвать
pull a face,скорчить рожу
pull a fast one,обмануть
pull a lever,передвинуть рычаг
pull about,тянуть туда-сюда
pull ahead,вырваться вперед
pull an all-nighter,работать всю ночь
pull apart,разъединять
pull aside,отвести в сторону
pull away,отъезжать
pull back,оттягивать
pull back the curtain,приподнять занавес
pull down,свернуть
pull faces,корчить рожи
pull for,тянуть за
pull in,притягивать
pull in one's horns,смиряться
pull into,подъезжать
pull it out,вытащить
pull my finger,потянись
pull off,выполнить
pull on,тянуть
pull one over,обмануть
pull one's finger out,взяться за дело
pull one's pud,обмануть
pull one's punches,смягчать тон
pull one's socks up,собраться с силами
pull one's weight,вносить свой вклад
pull oneself together,Прийти в себя
pull oneself up by one's bootstraps,вытащить себя из беды собственными силам…
pull out,вытаскивать
pull out all the stops,приложить все усилия
pull out of one's arse,высасывать из пальца
pull out of one's ass,высасывать из пальца
pull out of the fire,вытащить из огня
pull out of the hat,вытащить из шляпы
pull over,притормозить
pull punches,смягчать удары
pull rank,злоупотреблять положением
pull round,подтянуть
pull someone's leg,подшучивать над кем-то
pull someone's plumes,поддразнивать кого-то
pull strings,тянуть за ниточки
pull teeth,выбивать зубы
pull the ladder up after oneself,поднимать лестницу за собой
pull the ladder up behind oneself,поднимать лестницу за собой
pull the long bow,преувеличивать
pull the other leg,подшучивать
pull the other one,потяни ещё раз
pull the plug,прекратить финансирование
pull the rug out from under,подрезать ножки у стула
pull the shutters down,закрыть ставни
pull the strings,дергать за ниточки
pull the trigger,нажать на курок
pull the wool over someone's eyes,вводить в заблуждение
pull through,выздороветь
pull together,объединяться
pull up,подтягиваться
pull up on,подтягиваться
pull up stakes,сворачивать лагерь
pull up your pants,подтяни штаны
pulling power,тяговое усилие
pulling the plug,прекращать финансирование
pump and dump,водка и выброс
pump and jump,насос и прыжок
pump out,выкачивать
pump someone's tires,накачать шины
pump up,накачать
pumpkin head,тыква-голова
punch above,превосходить
punch above one's weight,превосходить свои возможности
punch below one's weight,превосходить ожидания
punch down,уменьшать
punch in,отметить время прихода
punch it,ударь
punch out,отбиваться
punch someone's lights out,выбить из человека все силы
punch someone's ticket,отправить на пенсию
punch up,улучшить
punch-up session,репетиция с отработкой ударов
punk out,откатиться
purchase to pay,закупка и оплата
purely imaginary,чисто воображаемый
purple monkey dishwasher,фиолетовая обезьяна посудомойщик
push about,толкать вокруг
push against an open door,толкать открытую дверь
push along,подталкивать
push around,толкать
push aside,отодвинуть
push away,отталкивать
push back,отложить
push down,нажимать вниз
push for,стремиться
push in,вталкивать
push it,толкай
push off,оттолкнуться
push on,двигаться вперед
push one's luck,рисковать
push one's way,пробиваться
push out,выдавливать
push over,подталкивать
push past,преодолеть
push the boat out,отпраздновать пышно
push the envelope,выходить за рамки
push through,пробиваться
push together,толкать вместе
push under,подталкивать под
push up,отжимание
push up against,прижиматься
push up daisies,почивать с миром
push up on,подталкивать вверх
push water uphill,поднимать воду вверх
puss out,испугаться
pussy out,трусливо отступить
put 'em up,поднимите руки
put a blanket over,накрыть одеялом
put a bug in someone's ear,внушить кому-то идею
put a damper on,снижать энтузиазм
put a finger to the wind,ощупать ветер
put a foot wrong,оступиться
put a gun to someone's head,подставить пистолет к голове
put a hat on a hat,надеть шляпу на шляпу
put a lid on,запретить
put a lid on it,заглушить
put a shift in,сменить смену
put a slight upon,оскорбить
put a sock in it,заткнись
put a stop to,остановить
put about,распространять
put across,передать
put ahead,выдвинуть вперед
put an end to,положить конец
put around,распространять
put aside,отложить
put at risk,подвергать риску
put away,убрать
put back,вернуть
put batteries in someone's back,подливать масло в огонь
put before,поставить перед
put behind one,оставить позади
put butter on one's bread,мазать хлеб маслом
put by,откладывать
put case,подать жалобу
put daylight between oneself and someone,расставить границы
put down,положить
put down as,указать как
put down for,зарегистрировать
put down roots,укорениться
put down to,приписывать
put facts on the ground,закрепить позиции
put food on the table,обеспечивать семью
put foot to ass,дать в задницу
put forth,предлагать
put forward,предлагать
put hair on someone's chest,вырастить волосы на груди
put her there,положи её туда
put in,поместить
put in a position,поставить в положение
put in mind,помнить
put in place,поставить на место
put in pledge,вносить залог
put in the ground,положить в землю
put in with,вносить
put into one's own head,внушить себе
put into practice,применять на практике
put it about,распространять слухи
put it down,положи это
put it off on,откладывать
put it past,не исключено
put it there,положите его туда
put it to,применить
put lipstick on a pig,приукрашивать недостатки
put new wine in old bottles,лить новое вино в старые бутылки
put off,отложить
put on,надеть
put on a clinic,провести мастер-класс
put on a pedestal,возвести на пьедестал
put on airs,важничать
put on frills,украшать рюшами
put on hold,поставить на паузу
put on one's dancing shoes,надеть танцевальные туфли
put on the dog,показуха
put on the long finger,откладывать на потом
put on the map,стать известным
put on the red light,включить красный свет
put on the ritz,жить на широкую ногу
put one across,обмануть
put one over,обмануть
put one past,забить гол
put one's affairs in order,привести дела в порядок
put one's ass on the line,рисковать всем
put one's back into,прилагать усилия
put one's best foot forward,проявить себя с лучшей стороны
put one's cards on the table,раскрыть карты
put one's feet up,вытянуть ноги
put one's finger in the dyke,вмешиваться
put one's finger in the fire,рисковать
put one's finger on,определить
put one's finger on something,определить что-то
put one's foot down on,твердо стоять на своем
put one's foot down upon,твердо стоять на своем
put one's foot in it,оказаться в глупом положении
put one's foot in one's mouth,огорчить себя
put one's foot in someone's ass,стукнуть кого-то
put one's foot up someone's ass,засунуть кому-то палец в задницу
put one's hand in one's pocket,сунуть руку в карман
put one's hand to the plough,взяться за дело
put one's head in the sand,зарывать голову в песок
put one's heart in,вкладывать душу
put one's house in order,привести в порядок свои дела
put one's legs under someone's mahogany,залезть под юбку
put one's mind to it,серьезно взяться за что-то
put one's name in the hat,выдвинуть свою кандидатуру
put one's neck out,рисковать
put one's shoulder into,прилагать усилия
put one's stamp,оставить свой след
put oneself about,быть активным
put oneself across,представить себя
put oneself out,прилагать усилия
put onto,положить на
put out,потушить
put out a fire,потушить пожар
put out feelers,прощупывать почву
put over,обмануть
put paid to,положить конец
put paid to something,положить конец чему-либо
put past,прошлое
put pen to paper,взяться за перо
put round,положить кругом
put simply,проще говоря
put some timber on,положить бревна
put somebody out of their misery,избавить от страданий
put someone hip,быть в тренде
put someone in a box,запереть кого-то в ящике
put someone in mind of,напоминать кому-то
put someone in their place,поставить кого-то на место
put someone on blast,вывести кого-то на чистую воду
put someone on ice,заморозить кого-то
put someone on to,познакомить с
put someone out of their misery,избавить от страданий
put someone to their trumps,поставить кого-то в трудное положение
put someone's back up,раздражать
put someone's lights out,выбить свет у кого-то
put something behind one,оставить позади
put something into perspective,поставить что-то в перспективе
put something on the line,рисковать
put something out of their misery,положить конец страданиям
put store by,хранить
put store in,поставить в магазин
put that in your hat,Положи это в свою шляпу
put the bad mouth on,говорить гадости
put the bee on,поставить пчелу
put the beggar on the gentleman,оскорбить джентльмена
put the boot in,подставить подножку
put the bottom rail on top,положите нижнюю планку сверху
put the brakes on,затормозить
put the cart before the horse,ставить телегу впереди лошади
put the cat among the pigeons,вызвать переполох
put the clock back,перевести стрелки часов назад
put the clock forward,перевести стрелки часов вперед
put the fear of God into,вселить ужас
put the finger on,определить
put the hammer down,уменьшить скорость
put the moves on,сделать комплименты
put the pedal to the metal,выжимать газ
put the plug in the jug,Вставить пробку в кувшин
put the record straight,Восстановить справедливость
put the screws,закрутить винты
put the wood in the hole,положите дерево в отверстие
put through,провести
put through hoops,подвергать испытаниям
put through the mangle,пропустить через мясорубку
put through the wringer,подвергнуть серьезным испытаниям
put to,применять
put to bed,уложить спать
put to good use,использовать во благо
put to the sword,убить мечом
put to the test,подвергнуть испытанию
put to use,применять
put to work,применять на практике
put together,собрать
put two and two together,соединить два и два
put under,под
put under pressure,под давлением
put up,установить
put up a brick,положить кирпич
put up on,обманывать
put up one's dukes,поднять кулаки
put up or shut up,докажи или замолчи
put up to,подстрекать
put up with,мириться с
put words in someone's mouth,подсовывать слова
put-up job,подстава
putter about,возиться
putter around,бездельничать
putty in someone's hands,дать кому-то полную свободу действий
putz around,бездельничать
putz round,беспорядок
puzzle out,разгадать
puzzle over,разгадывать
puzzle through,разгадывать
pyramid down,пирамида вниз
pyramid up,подъем к пирамиде
Q. E. D.,Что и требовалось доказать
quad out,выбыть
quake in one's boots,дрожать от страха
Quaker gun,пушка квайкер
qualify out,выбыть
quality over quantity,качество важнее количества
quantum tunnel,квантовый туннель
quarrel out,поссориться
quarrel with,ссориться с
que sera sera,будет быть
Queen Anne is dead,Королева Анна умерла
Queen Anne's dead,Анна умерла
queen bee,матка
queen of beasts,царица зверей
queen out,королева ушла
queen up,подняться выше
queer bashing,насилие в отношении ЛГБТ
queer fish,странная рыба
queer someone's pitch,испортить выступление
Queer Street,Сомнительное место
queer up,сделать более эксцентричным
quelle surprise,какое удивление
queue up,выстроиться в очередь
quick as a flash,быстро как молния
quick as lightning,быстрый как молния
quick buck,легкие деньги
quick off the mark,быстро реагирует
quick on one's feet,быстро соображать
quick on the draw,быстро реагировать
quick on the uptake,быстро соображает
quick read,легкое чтение
quick study,быстро схватывает
quicken up,ускорить
quidquid Latine dictum sit altum videtur,Что бы ни было сказано на латыни, это ка…
quiet as a church mouse,тихий как мышь в церкви
quiet as a mouse,тихий как мышь
quiet down,Тихо
quiet quit,тихо уволился
quieten down,Успокойтесь
quit scores,результаты на выход
quit while one is ahead,бросить, пока не поздно
quite a bit,довольно много
quite so,вовсе нет
quite some,довольно много
quite the opposite,совершенно наоборот
quoad sacra,в отношении церковных дел
quod erat demonstrandum,что и требовалось доказать
quod google,что такое гугл
quoin up,уголок вверх
quote unquote,в кавычках
qwerty syndrome,синдром qwerty
R. S. V. P.,Прошу ответить
rabbit on,заяц
rabble rouser,подстрекатель
rabz kebabz,шашлык
raccoon eyes,гусиные лапки
race against the clock,гонка со временем
race against time,гонка со временем
race of truth,гонка правды
race off,ускоряться
race out of the traps,вырваться вперед
race queen,королева гонок
race riot,расовые беспорядки
racially challenged,имеющий проблемы с расовыми предрассудка…
rack and ruin,упадок и разруха
rack off,отключиться
rack one's brain,ломать голову
rack one's brains,ломать голову
rack out,вынимать из стойки
rack up,накапливать
radio ahead,передать по радио
rafter snapper,обрезатель стропил
rag bagger,собиратель хлама
rag off,обманывать
rag on,обливать грязью
rag out,вытаскивать
rag the puck,тащить шайбу
rail out,высказывать недовольство
rain buckets,льёт как из ведра
rain cats and dogs,ли́ть как из ведра́
rain death,дождь смерть
rain dogs and cats,лить как из ведра
rain down,падать дождем
rain fire and brimstone,дождь огнём и серой
rain follows the plough,После вспашки идет дождь
rain follows the plow,после вспашки идут дожди
rain off,отменить из-за дождя
rain on someone's parade,портить настроение
rain or shine,в любую погоду
rain out,отменить из-за дождя
rain pitchforks,дождь вилы
rain stopped play,игра приостановлена из-за дождя
rainbow baby,ребенок, рожденный после потери
rainbows and unicorns,радуги и единороги
rainy day,дождливый день
raise awareness,повышать осведомлённость
raise Cain,шуметь
raise concerns,вызывать опасения
raise eyebrows,поднять брови
raise funds,собирать средства
raise hell,наводить хаос
raise its head,поднять голову
raise its ugly head,появляться вновь
raise money,собирать деньги
raise one's eyebrows,поднять брови
raise one's game,повысить уровень игры
raise one's voice,повысить голос
raise questions,задавать вопросы
raise someone's hackles,вызвать гнев
raise someone's shag,поднять настроение кому-то
raise someone's spirits,поднять настроение
raise the ante,повысить ставки
raise the bar,повысить планку
raise the line,поднять линию
raise the possibility,поднять вопрос
raise the roof,поднять крышу
raise the spectre,поднимать призрак
raise the stakes,повысить ставки
raise to the purple,поднять до фиолетового
raise up,поднимать
raised by wolves,выросший среди волков
raised in a barn,вырос в сарае
rake in,зарабатывать
rake it in,зарабатывать кучу денег
rake off,соскребать
rake out,выгребать
rake over,перекапывать
rake over the coals,поднимать старые обиды
rake together,собирать вместе
rake up,поднимать
rally around,объединяться вокруг
rally behind,поддерживать
rally round,объединяться вокруг
rally round the flag,объединиться вокруг флага
Ram Ram,Рам рам
ram something down someone's throat,впихивать что-то кому-то силой
Ramadan mubarak,Рамадан мубарак
rame over,рама над
ramp along,вдоль пандуса
ramp up,увеличивать
range out,выходить за пределы
rank and file,рядовые члены
rank and yank,выдвинуть и уволить
rant and rave,высказывать гневные упреки
rap and rend,рэп и ренде
rap at,стучать по
rap back,отвечать рэпом
rap down,спускаться быстро
rap someone's knuckles,постучать по пальцам
rare animal,редкое животное
raring to go,готовый к действию
rark up,неизвестно
rash up,высыпания
rat on,выдавать
rat out,выдавать
rat run,крысиная тропа
rat through,просматривать
rat's nest,гнездо крысы
Ratatouille moment,Момент, как в фильме "Рататуй
ratchet up,усиливать
rather than,вместо
ratione temporis,со временем
rattle about,греметь
rattle around,греметь
rattle off,быстро перечислять
rattle on,болтать без умолку
rattle through,быстро просматривать
raunch out,высказаться
ravel out,распутывать
ravin down,спускаться быстро
raw deal,нечестная сделка
ray of light,луч света
razz someone's berries,обнять и поцеловать
reach down,нагнуться вниз
reach for,тянуться к
reach for the sky,тянуться к небу
reach for the stars,стремиться к звёздам
reach out,связаться
reach past,дотянуться
read across,читать вслух
read along,читать вместе
read between the lines,читать между строк
read for,читать для
read in,читать вслух
read into,вкладывать смысл
read lips,читать по губам
read minds,читать мысли
read my lips,Смотрите, что я говорю
read off,читать вслух
read oneself in,освоиться
read out,прочитать вслух
read over,просмотреть
read somebody's mind,читать мысли
read someone to filth,осыпать оскорблениями
read someone's lips,читать по губам
read someone's mind,читать мысли
read the car,прочитать номер автомобиля
read the green,прочитать зелёное
read the room,чувствовать атмосферу
read through,прочитать
read up,изучить
reading is tech,чтение это технология
ready and waiting,готов и ждет
ready as Freddy,готов как никогда
ready or not,готов или нет
ready to roll,готов к работе
ready up,готовиться
real deal,настоящий
real live,в реальной жизни
real McCoy,настоящий Маккой
real men don't eat quiche,Настоящие мужчины не едят киш
real quick,очень быстро
reality check,проверка реальности
reality distortion field,поле искажения реальности
ream out,ругать
reap the harvest,собирать урожай
reap the whirlwind,пожинать плоды
rear back,отклоняться назад
rear its head,появляться
rear its ugly head,выскакивать наружу
rear one's head,появляться
rear up,подниматься
reason out,объяснить
reason with,убеждать
rebound relationship,отношения после расставания
recipe for disaster,рецепт катастрофы
reckon for,учитывать
reckon on,рассчитывать на
reckon out,рассчитать
reckon up,подсчитать
reckon upon,рассчитывать на
reckon with,считаться с
reckon without,не учитывать
reckon without one's host,не учитывать мнение хозяина
reclaim one's time,вернуть своё время
record book,журнал
recursively enumerable,рекурсивно перечислимый
Red Baron,Красный барон
red face test,тест на покраснение лица
red flag,красный флаг
red ink,красная краска
red letter day,важный день
red light,красный свет
red lives matter,жизни темнокожих имеют значение
red meat,красное мясо
red rider,красный наездник
red tape,бюрократия
red up,красный
redd up,убрать
redeem oneself,искупить вину
rediscover fire,снова открыть огонь
reduce someone to tears,вызвать слезы
reduce to,сократить до
reef and beef,риф и говядина
reel in,подтягивать
reel off,перечислять
reel out,разматывать
reel up,сматывать
reet pleat,складка
refer to,ссылаться на
refiddle with,переделывать
reflect on,размышлять
reflect upon,размышлять
refresh someone's memory,обновить память
refrigerator mom,мама-холодильник
refrigerator mother,холодильник-мать
regardless of,независимо от
reheat someone's nachos,разогреть начос
reign supreme,быть непобедимым
rein in,сдерживать
rein up,придерживать
reinvent the wheel,изобретать велосипед
relate to,связан с
relative to,относительно
relatively prime,взаимно простые
release the kraken,выпустить кракена
rely on,полагаться на
rely upon,полагаться на
rem out,отключить
remain to be seen,еще предстоит увидеть
remark on,комментарий
remark upon,замечать
remote in,внутри
rend one's garments,рвать одежду
render down,перерабатывать
render off,отключить
render unto Caesar,отдайте Кесарю то, что принадлежит Кесар…
rent out,сдавать в аренду
rent-lowering gunshot,снижение арендной платы выстрел
reopen old wounds,возобновлять старые раны
repeat on,повторить
report back,доложить
report out,доложить
report to,отчитываться перед
requiescant in pace,покойся с миром
requiescat in pace,покойся с миром
reset the dial,перезагрузить регулятор
resonate with,откликаться
respice finem,помни о цели
rest and vest,отдых и жилет
rest assured,будьте уверены
rest easy,спи спокойно
rest his soul,покойся с миром
rest in peace,покойся с миром
rest in pieces,покойся с миром
rest in piss,отдыхай в дерьме
rest in power,покойся с миром
rest on,опираться на
rest on one's laurels,почивать на лаврах
rest one's soul,утешить душу
rest up,отдохнуть
rest upon,основываться на
result in,приводить к
retain and explain,сохранить и объяснить
retrace one's steps,проследить свой путь
return the favor,отплатить добром за добро
return to form,вернуться в форму
return to one's muttons,вернуться к исходной точке
returns to scale,отдача от масштаба
rev up,разгоняться
revenge is sweet,Месть сладка
reverse charge,обратный возврат
reverse course,изменить курс
reverse Midas touch,эффект Антимиды
reverse out,вывести назад
revert back,вернуть
revolutions are not made with rosewater,Революции не совершаются с помощью розов…
revolve around,вращаться вокруг
revolving door syndrome,синдром "вращающихся дверей
rhyme off,рифмовать
rhyme or reason,смысл
rhyme out,рифмовать
rhyme up,рифмовать
rice chaser,поклонник риса
rice out,вытаскивать рис
rich bitch,Богатая сучка
Richard Roe,Ричард Роу
rickle o' banes,морщины от боли
rid of,избавиться от
rid out,пережить
rid up,подняться на лошади
ridden hard and put away wet,использованный до изнеможения и брошенны…
riddle me this,отгадай загадку
riddle wrapped in an enigma,загадка, спрятанная в тайне
ride along,ехать вместе
ride by,проехать мимо
ride down,спускаться
ride down on,спускаться на
ride fence,занимать нейтральную позицию
ride for,ехать за
ride hard and put away wet,ездить интенсивно и убирать влажным
ride herd on,следить за
ride high,быть в ударе
ride off,уехать
ride off into the sunset,уехать на закате
ride on,кататься
ride on a rail,ехать по рельсам
ride on the back of,ехать на спине у
ride one's bumper,ехать на хвосте
ride one's luck,рисковать
ride out,переждать
ride over,проехать
ride roughshod over,попирать
ride shotgun,сидеть рядом с водителем
ride tall in the saddle,быть уверенным в себе
ride the coattails,жить на чужой славе
ride the crest of the wave,быть на пике популярности
ride the pine,сидеть на скамейке запасных
ride the rails,путешествовать на поездах
ride the short bus,ездить на специальном автобусе
ride the tiger,ездить на тигре
ride the wave,ловить волну
ride up,подниматься
ride up on,подъехать
ride with,ехать вместе
rien ne va plus,ничего не поможет
rifle is fine,винтовка в порядке
rig out,снаряжать
rig up,соорудить
right as rain,в полном порядке
right away,сразу
right back,сразу обратно
right back at you,взаимно
right now,сейчас
right of Genghis Khan,право Чингисхана
right off the bat,сразу же
right on,совершенно верно
right out of the gate,с самого начала
right up someone's alley,по вкусу кому-то
right you are,вы правы
rightly or wrongly,правильно или неправильно
rile up,раздражать
rim out,вытереть края
ring a bell,быть знакомым
ring around,кольцо вокруг
ring back,перезвонить
ring down the curtain,завершить выступление
ring false,вызывать сомнения
ring hollow,звучать пусто
ring in,звонить
ring of truth,зерно истины
ring off,сбросить вызов
ring off the hook,снять трубку
ring one's bell,звонить в колокол
ring out,звонить
ring round,кольцо вокруг
ring someone's bell,звонить кому-то
ring sting,укус
ring through,пробиться
ring true,звучать правдиво
ring up,звонить
ringside seat,место у ринга
rinse and repeat,промыть и повторить
rinse down,смыть
rinse off,смыть
rinse out,прополоскать
rip along,мчаться
rip apart,разрывать
rip down,снести
rip into,разносить
rip it up,разорвать
rip off,обмануть
rip off the band-aid,быстро сделать неприятное дело
rip off the bandage,снять повязку
rip on,обзываться
rip out,вырывать
rip someone's head off,отрубить голову
rip to shreds,разорвать на куски
rip up,рвать на куски
rip-snorting mad,безумно злой
ripe for the picking,готовый к сбору
ripe for the plucking,готовый к сбору
ripe old age,преклонный возраст
ripen up,созревать
rise above,преодолеть
rise and fall,подъём и падение
rise and shine,вставай и радуйся
rise from the ashes,восстать из пепла
rise over run,изменение на изменение
rise to the challenge,справиться с вызовом
rise to the occasion,справиться с задачей
rise to the purple,достичь вершины
rise up,подняться
rise with the lark,вставать с рассветом
risk creep,скольжение рисков
risk it for the biscuit,рискнуть ради выгоды
risk it to get the biscuit,рисковать ради выгоды
rivet counter,счетчик заклепок
rizz up,заигрывать
roach coach,автомобиль-магазин
roach out,выглядывать
road hog,хам на дороге
road less traveled,менее проторенная дорога
road to Damascus,путь в Дамаск
roar ahead,мчаться вперёд
roar away,уезжать с шумом
roar back,отвечать яростным выпадом
roar off,реветь
roar on,подбадривать
roar out,громко кричать
roast up,жарить
rob out,обчистить
rob Peter to pay Paul,переводить деньги из одного места в друг…
rob the cradle,украсть из колыбели
robber baron,магнат
Robert is your father's brother,Роберт - брат вашего отца
Robert is your mother's brother,Роберт - брат твоей матери
Robert is your uncle,Роберт - твой дядя
Robert's your father's brother,Твой дядя - брат отца
Robert's your mother's brother,Твой дядя Роберт
Robert's your uncle,Это не имеет значения
rock along,двигаться вперед
rock and roll,рок-н-ролл
rock bottom,дно
rock hound,коллекционер камней
rock on,будь крут
rock out,отрываться
rock out with one's cock out,отрываться на полную катушку и не стесня…
rock someone's socks,поразить кого-то
rock the boat,будоражить
rock up,появляться
rocket science,ракетостроение
rocket scientist,ученый-ракетостроитель
rocket surgery,сложная задача
rocket up,взлетать
rocking horse shit,ерунда
rocking-horse shit,ерунда
rocks for jocks,камни для спортсменов
rod for one's back,бить палкой по спине
rod in pickle,палочка в рассоле
roger that,понял
rogues' gallery,галерея злодеев
rola bola,ролла болла
roll about,кататься
roll around,кататься
roll away,откатиться
roll back,откат
roll back the years,вернуть время назад
roll down,опустить
roll in,приезжать
roll in the aisles,кататься по полу от смеха
roll in wealth,жить в богатстве
roll of the dice,бросок кубика
roll off,сходить с ума
roll off the tongue,легко произносится
roll on,кататься
roll one's eyes,закатывать глаза
roll one's own,самостоятельно скручивать
roll out,развернуть
roll out the red carpet,раскрыть красную дорожку
roll over,перевернуться
roll tape,прокрутить пленку
roll the pitch,катать поле
roll tide,Вперёд, команда
roll up,сворачивать
roll up on,подъехать
roll up one's sleeves,засучить рукава
roll up the sidewalks,закатывать тротуары
roll with,идти вместе
roll with it,иди с ней в ногу
rolled into one,объединенный в одно
rolling in it,жить в достатке
rolling stone,бродяга
Rome wasn't built in a day,Рим не строился за один день
Rome wasn't burned in a day,Рим не сгорел за один день
romp home,уверенно победить
roof over,крыша над
roof over one's head,крыша над головой
room for doubt,повод для сомнений
room in,внутри
room of doom,комната смерти
root about,узнавать
root around,рыться
root cause,коренная причина
root for,болеть за
root out,искоренять
root up,выкорчевывать
rootin' tootin',весёлый и беззаботный
rooting interest,поддержка болельщиков
rope in,привлекать
rope into,вовлечь
rope of sand,пучок песка
rope off,оградить веревкой
rope out,вытаскивать веревкой
rope up,связывать веревкой
rose garden,розарий
rose-colored glasses,розовые очки
roster on,в списке
rot away,гнить
rot in hell,сгнить в аду
rot off,гниёт
rot through,гниёт
rotten apple,гнилое яблоко
rotten egg,тухлое яйцо
rough and ready,простой и надежный
rough around the edges,необработанный
rough justice,суровое правосудие
rough out,набросок
rough patch,тяжелый период
rough sledding,Тяжело
rough sleeper,бездомный
rough trot,тяжелая дорога
rough up,грубо обработать
roughen up,сделать грубее
round about,вокруг
round and round,кругом и кругом
round down,округлять вниз
round in,записываться
round of applause,аплодисменты
round off,округлять
round on,обернуться против
round out,завершить
round the bend,за поворотом
round the clock,круглосуточно
round the Horn,огибать Мыс Горн
round the twist,свихнувшийся
round the wicket,вокруг ворот
round to,округлять
round up,округлять
round upon,вокруг
roving eye,блуждающий взгляд
row back,отступать
row in the same boat,быть в одной лодке
row of pins,ряд булавок
row up,подтягиваться
royal bumps,королевские шишки
rub along,ладить
rub away,стирать
rub down,помассировать
rub elbows,общаться
rub in,втирать
rub it in,подчеркивать
rub off,стираться
rub off on,передаваться
rub one off,почесать
rub one out,помастерить
rub one's hands together,сжимать руки
rub oneself off,тереться
rub out,стирать
rub salt in someone's wounds,подливать масло в огонь
rub salt in the wound,добавлять соль в рану
rub shoulders,общаться
rub shoulders with,общаться с кем-либо
rub someone the wrong way,раздражать кого-либо
rub the fear of God into,вселить ужас
rub up,тереть
rub up against,тереться
rub up on,прижаться
rub up the wrong way,раздражать
rubber hose,резиновый шланг
rubber johnny,резиновый джонни
rubber room,комната с резиновыми стенами
rubber up,надеть перчатки
ruby slippers,рубиновые туфельки
ruck up,сгрудиться
rue the day,жалеть день
ruffle someone's feathers,раздражать
ruffle up,взъерошить
rug up,укутаться
rule in,воцариться
rule of cool,правило крутости
rule of thumb,приблизительное правило
rule off,отключить
rule OK,правило хорошо
rule on,правило
rule out,исключать
rule the day,править днем
rule the roost,быть хозяином
rule the school,быть главным в школе
rules are made to be broken,правила созданы для того, чтобы их наруш…
rules are meant to be broken,правила созданы для того, чтобы их наруш…
rules are rules,правила есть правила
rules are there to be broken,правила созданы, чтобы их нарушать
rules is rules,правила есть правила
rumble on,продолжаться
rumor campaign,кампания дезинформации
rumor has it,по слухам
rumor mill,слухи
rumour has it,по слухам
rump and stump,задняя часть и пень
rumple up,нахмуриться
run a mile,пробежать милю
run a risk,идти на риск
run a temperature,иметь температуру
run about,бегать вокруг
run about with,бегать вокруг с
run across,встретить
run afoul of,нарушить
run after,бежать за
run against,выдвигаться против
run ahead,бежать впереди
run along,беги дальше
run amok,бесчинствовать
run and gun,быстро и агрессивно
run around,бегать вокруг
run around after,бегать за кем-то
run around in circles,бегать по кругу
run around with,гулять с кем-то
run at,бежать со скоростью
run at the mouth,болтать без умолку
run away,убежать
run away from,убежать от
run away together,уйти вместе
run away with,убежать с кем-то
run back,бежать назад
run before,бежать вперёд
run behind,отставать
run by,управляется
run down,разряжать
run down the clock,тратить время
run for it,бежать
run for one's life,бежать, спасая жизнь
run for one's money,бороться до конца
run for the hills,бежать сломя голову
run for the roses,бороться за победу
run high,быть высоким
run hot and cold,томиться
run in,бежать
run in the family,передаётся по наследству
run in with,вступать в контакт с
run into,встретить
run into a brick wall,наткнуться на стену
run into one,встретить кого-то
run into the ground,довести до ручки
run it up,увеличить
run its course,пройти свой ход
run late,опаздывать
run like hell,бежать сломя голову
run of play,ход игры
run off,убежать
run off at the mouth,болтать без умолку
run off on,уйти
run off with,убежать с кем-то
run on,работать от аккумулятора
run on empty,работать вхолостую
run one on,провести одно
run one's name,выдвигать кандидатуру
run out,закончиться
run out of steam,иссякнуть
run out of town,выгнать из города
run out on,бросить
run out the clock,добиться победы, играя на удержание врем…
run over,переехать
run past,пробежать мимо
run rampant,разрастаться
run rings around,обгонять
run riot,бесчинствовать
run round in circles,крутиться как белка в колесе
run scared,бежать в панике
run someone off their feet,измотать кого-то
run someone ragged,измотать кого-то
run someone's file,просмотреть личное дело
run something up the flagpole,выдвинуть идею
run the clock down,добивать время
run the gamut,охватить весь спектр
run the gauntlet,преодолеть трудности
run the rule over,проверить
run the show,руководить
run through,пробежаться
run through the garden,пробежать по саду
run to,бежать к
run to earth,довести до ручки
run up,подбежать
run up against,столкнуться с
run up in,подбежать
run up in it,попасть в беду
run up on,подбежать
run wild,бегать без присмотра
run with,бежать с
run with scissors,бегать с ножницами
runners and riders,участники и фавориты
running and racing,бег и соревнования
running start,начало с опережением
running target,движущаяся цель
runt of the litter,самый маленький из выводка
rush hour,час пик
rush in,врываться
rush off,спешно уйти
rush one's fences,строить забор на скорую руку
rush out,выбежать
rush to judgement,поспешный вывод
Russian roulette,Русская рулетка
rust off,ржавчина
rust out,ржаветь
rust through,ржаветь
rustle up,быстро приготовить
sac up,проявить смелость
sack drill,тренировка с мешком
sack of crap,куча дерьма
sack off,уволить
sack out,ложиться спать
sack up,проявить мужество
sacked out,уволили
sacred cow,священная корова
sad drunk,грустный пьяный
sad panda,грустный панда
sadden up,расстраивать
saddle tramp,бродяга
saddle up,заседлаться
saddle with,обременять
safe and sound,в целости и сохранности
safe in the knowledge,уверенный в том
safety in numbers,безопасность в количестве
sag bag,сумка
sag off,откажитесь
sage on a stage,мудрец на сцене
sage on the stage,мудрец на сцене
said and done,Сказано и сделано
said no one ever,никто никогда не говорил
said the actress to the bishop,актерша сказала епископу
said the bishop to the actress,сказал епископ актрисе
said the thing,сказал это
sail the high seas,плавать по морям
sail the Red Sea,плавать по Красному морю
sail through,легко справляться
sail under false colors,действовать под чужим флагом
salaam alaikum,мир вам
salad days,времена беззаботности
salad year,год салата
salami slicing,нарезка салями
sally forth,смело идти вперед
salt away,отложить в сторону
salt down,засолить
salt in the wound,добавить соль в рану
salt of the earth,соль земли
salt out,выпасть в осадок
salt the earth,опустошить
salt up,посыпать солью
salty tooth,любовь к соленому
same boat,в одной лодке
same difference,разница несущественная
same here,То же самое
same old,как всегда
same old story,Старая история
same same but different,одинаково, но по-разному
same to you,тоже вам
san fairy ann,святая Анна
sand down,шлифовать
sand off,шлифовать
saner heads prevail,здравый смысл восторжествует
saner heads prevailed,здравый смысл возобладал
saner heads will prevail,здравый смысл восторжествует
sans nombre,бесчисленный
Santa's workshop,Мастерская Санты
satanic panic,сатанинская паника
Satyameva Jayate,Правда побеждает
sauce for the goose,правило справедливо для всех
sauce up,добавить соус
saute up,обжарить
sauté up,обжарить
save as,сохранить как
save back,сохранить резервную копию
save by the bell,спасение в последний момент
save down,сохранить
save face,сохранить лицо
save for,откладывать на
save for a rainy day,откладывать на черный день
save it,сохранить
save one's breath,беречь силы
save over,перезаписать
save someone's face,сохранить репутацию
save someone's life,спасти жизнь кому-то
save something for a rainy day,откладывать на черный день
save that,сохрани это
save the best for last,лучшее - к концу
save the day,спасти положение
save the drama for your mama,Оставляй драму для своей мамы
save the drama for your momma,Оставь драму для своей мамы
save the furniture,спасти мебель
save up,копить
saved by the bell,спасённый звонком
savor of,аромат
savour of,аромат
saw logs,бревна
saw off,отпилить
saw wood,пиломатериалы
sawdust trail,пыльная тропа
say again,повторите
say cheese,скажи сыр
say goodbye,прощаться
say goodbye to something,прощаться с чем-то
say grace,говорить молитву перед едой
say hello to my little friend,Привет, мой маленький друг
say it ain't so,Скажи, что это неправда
say it all,сказать всё
say la vee,скажи ла ви
say less,говори меньше
say no more,Больше ничего не говорите
say none,сказать ничего
say nothing,молчать
say on pay,плата за слова
say one's prayers,молиться
say someone's prayers,молиться
say that again,повторите, пожалуйста
say the quiet part loud,Говорить то, что все думают, но молчат
say the word,скажи слово
say to oneself,говорить себе
say uncle,сказать дяде
say what,что сказать
say what you like,говори что хочешь
say what you want,говори что хочешь
say what you will,говорите что хотите
say when,скажи когда
says me,говорит я
says who,кто говорит
says you,говорит тебе
scalding hot,ошпаривающе горячий
scale back,сокращать
scale down,уменьшать
scale in,включать
scale off,отслаиваться
scale out,масштабирование
scale up,масштабировать
scales fall from someone's eyes,открылись глаза
scantily clad,полуобнажённый
scare away,отпугнуть
scare into,пугать до
scare off,отпугнуть
scare someone to death,испугать до смерти
scare story,страшилка
scare straight,напугать и перевоспитать
scare the life out of,напугать до смерти
scare the living daylights out of,напугать до смерти
scare the pants off,напугать до смерти
scare up,пугать
scared green,испуганный до смерти
scared shitless,в ужасе
scared to death,в ужасе
scarf and barf,шарф и рвота
scarf down,съесть быстро
scarf up,укутываться
scent out,вынюхивать
schizz out,уходить
schmaltz up,подслащивать
scholar and gentleman,ученый и джентльмен
school of hard knocks,школа жизни
schoolboy error,глупая ошибка
Schrödinger's douchebag,Дуэль Шрёдингера
science up,наука вперед
scientia potentia est,знание – сила
scoff down,пренебрежительно относиться
scoff up,отрыгивать
scooch over,придвинься
scoop in,зачерпнуть
scoop up,собирать
scoot over,отойди в сторону
scoot up,подъезжай ближе
scope in,область применения
scope out,разведать
scorch up,обжигать
score off,отклонить
score on oneself,оценивать себя
score out,зачеркнуть
score through,прочеркивать
score up,увеличить счет
scot and lot,шот и лот
Scotch mist,Шотландский туман
scour down,тщательно очистить
scour out,очищать
scour up,собирать
scout out,разведка
scramble up,вскарабкаться
scrape along,скрестись
scrape by,выживать
scrape down,соскребать
scrape off,соскрести
scrape someone off the ceiling,снять кого-то с потолка
scrape the bottom of the barrel,доставать со дна бочки
scrape through,выдержать
scrape together,собирать по крупицам
scrape up,соскрести
scratch an itch,почесать
scratch beneath the surface,копать глубже
scratch by,царапать
scratch one's head,чесать голову
scratch one's own itch,утолить собственную потребность
scratch out,вычеркнуть
scratch that,зачеркнуть
scratch the itch,почесать
scratch the surface,затронуть поверхность
scratch together,собрать по крупицам
scratch up,царапать
scrawl down,написать от руки
scrawl off,писать неразборчиво
scrawl out,неразборчиво написать
scrawl up,писать неразборчиво
scream bloody murder,кричать во всю глотку
scream for,кричать из-за
scream loudest,кричать громче
scream one's head off,кричать во всю глотку
screaming trots,кричащие лошади
screech out,пронзительно кричать
screen door on a submarine,водрослик
screen in,встроенный экран
screen off,выключить экран
screen out,отсеивать
screw about,обманывать
screw around,шалить
screw back,закрутить обратно
screw it,забудьте об этом
screw off,отвали
screw over,обмануть
screw the pooch,подставить кого-то
screw this,Да пошло оно всё к черту
screw this for a lark,забить на это ради развлечения
screw up,испортить
screw with,мешать
screw you,Пошёл ты к черту
screwed up,испортил
scribble down,набросать
Scrimblo Bimblo,Бессмыслица
scrimp and save,экономить и беречь
scrimp together,экономить
script out,разработать сценарий
scrounge down,собирать по крупицам
scrounge out,выклянчивать
scrounge up,достать
scrub down,очистить
scrub in,подготовиться к операции
scrub out,чистить
scrub up,подготовиться к операции
scrum up,собираться в кучу
scrump up,сжиматься
scrunch up,нахмуриться
scuff up,поцарапать
scum of the earth,сброд
scummy mummy,мерзкая мама
scurry away,сбежать прочь
scuzz up,загрязнить
scythe down,срезать косой
sea change,изменение
sea legs,морская болезнь
sea load,морская перевозка
seagull approach,подход чайки
seagull manager,менеджер по работе с чайками
seal in,герметизировать
seal off,герметизировать
seal the deal,заключить сделку
seal up,запечатать
search for,искать
search me,поищите меня
search out,искать
search up,искать
season's greetings,счастливых праздников
seat down,садитесь
seat out,выселить
second banana,второй человек
second childhood,второе детство
second fiddle,вторая скрипка
second gear,вторая передача
second nature,вторая натура
second string,запасной игрок
second to none,не имеющий себе равных
second Tuesday of the week,второй вторник недели
secretary spread,распространение информации
security by obscurity,скрытая защита
security through obscurity,безопасность через сокрытие
see a man,видеть человека
see a man about a dog,поговорить с человеком о собаке
see a man about a horse,поговорить с человеком о лошади
see about,узнать о
see after,увидеть потом
see also,также
see an argument,видеть спор
see beyond,видеть дальше
see daylight,увидеть свет дня
see eye to eye,сходиться во мнениях
see for oneself,увидеть своими глазами
see how,посмотри как
see if I care,мне плевать
see in,видеть в
see into,видеть внутрь
see into a millstone,заглядывать в жерновую мельницу
see Naples and die,увидел Неаполь, умер
see off,провожать
see one's way clear to,видеть выход
see oneself out,проводить кого-то
see out,видеть до конца
see over,видеть сверху
see past,видеть прошлое
see red,раскраснеться от злости
see someone's etchings,увидеть чужие гравюры
see something green in one's eye,видеть зелёное пятно перед глазами
see stars,видеть звёзды
see the forest for the trees,видеть лес за деревьями
see the light,увидеть свет
see the light of day,выйти на свет
see the trees through the forest,видеть лес за деревьями
see the wood for the trees,видеть лес за деревьями
see things,видеть вещи
see through,видеть насквозь
see to,следить за
see to it,следите за этим
see what sticks,посмотрим что сработает
see which way the cat jumps,подождать и посмотреть, как пойдут дела
see with half an eye,смотреть одним глазом
see yellow,видеть жёлтый
see you,до свидания
see you around,до встречи
see you in hell,увидимся в аду
see you later,до встречи
see you next Tuesday,Увидимся в следующий вторник
see you round,до встречи
see you tomorrow,Увидимся завтра
see you when I see you,увидимся, когда увидимся
seed down,посеять
seeing as,учитывая
seeing is believing,видеть значит верить
seeing that,учитывая что
seek and ye shall find,ищите и найдёте
seek for,искать
seek out,искать
seismic shift,сейсмический сдвиг
seize on,хвататься
seize out,вытаскивать
seize the day,Лови момент
seize the opportunity,воспользоваться возможностью
seize up,заклинить
seize upon,хвататься
select out,выбрать
selectively mute,селективно отключать звук
self-check out,самообслуживание
self-praise is no recommendation,хвала себе не считается
sell away,продавать
sell bargains,выгодные предложения
sell dearly,продавать дорого
sell down,продавать постепенно
sell down the river,продавать за бесценок
sell ice to Eskimos,продавать лёд эскимосам
sell in May,продавать в мае
sell in May and go away,продавать в мае и уходить
sell in May and stay away,продавать в мае и держаться подальше
sell in May then go away,продавать в мае и уходить на отдых
sell like hot cakes,расходится как горячие пирожки
sell off,продавать
sell on,продавать по
sell one's body,продавать тело
sell one's life dearly,дорожить своей жизнью
sell one's own grandmother,продать даже свою бабушку
sell one's soul,продавать душу
sell oneself short,недооценивать себя
sell out,продавать
sell out from under,подставить
sell someone a bill of goods,впарить кому-то что-то
sell the family silver,продавать семейные ценности
sell the pass,продать проездной
sell up,продавать
sell-by date,срок годности
seller's market,рынок продавца
selling point,конкурентное преимущество
semper fi,всегда верен
Semper Gumby,Всегда Гамби
semper idem,всегда одинаково
semper ubi sub ubi,всегда где под где
send a message,отправить сообщение
send around,распространять
send away,отправлять
send away for,заказать по почте
send back,отправить обратно
send below,отправить ниже
send down,отправить вниз
send down for,отправить вниз
send for,отправить за
send for a toss,подбросить монету
send forth,отправлять
send in,отправить
send off,отправить
send on,отправить дальше
send out,отправлять
send out for,отправить за чем-то
send shivers down someone's spine,вызывать дрожь
send someone packing,выгнать
send someone to the showers,послать в душ
send to Coventry,отдалить
send to dorse,отправить дорсе
send to the glue factory,отправить на клей
send up,отправлять вверх
send word,передать сообщение
sense of craft,чувство мастерства
sensu lato,в широком смысле
sensu stricto,в строгом смысле
separate out,отделить
separate the wheat from the chaff,отделять зерно от плевел
sequential analysis,последовательный анализ
sequential reaction,последовательная реакция
servabo fidem,Я буду верен
serve notice,уведомить
serve out,отдать
serve somebody right,заслужить
serve someone right,заслужить
serve the turn,выполнить задачу
serve time,отбыть срок
serve two masters,служить двум господам
serve up,подать
set a spell,поколдовать
set aback,смутить
set about,приступать к
set after,после
set against,на фоне
set ahead,установить раньше
set apart,отделять
set aside,отложить
set back,отсрочка
set by,установленный
set by the ears,сбить с толку
set down,поставить
set eyes on,увидеть
set eyes on somebody,увидеть кого-то
set eyes on something,увидеть что-то
set foot,поступить
set for life,обеспечен на всю жизнь
set forth,изложить
set in,установлен в
set in motion,запустить
set in one's ways,упрямый
set in stone,неизменный
set of pipes,набор труб
set of wheels,комплект колес
set off,отправляться
set on,настроенный
set one's cap at,ставить себе цель
set one's hair on fire,поджечь волосы
set one's heart on,мечтать о чем-то
set one's shoulder to the wheel,взяться за дело с энтузиазмом
set one's sights on,стремиться к
set one's watch back,перевести часы на час назад
set one's watch by someone,сравнивать часы
set onto,поставить на
set out,отправляться
set out one's stall,продемонстрировать свои достоинства
set over,положить сверху
set pulses racing,заставлять сердце биться быстрее
set store by,ценить
set straight,упорядочить
set the bar,устанавливать планку
set the pace,устанавливать темп
set the record straight,установить истину
set the scene,создать атмосферу
set the scene for something,подготовить почву для чего-либо
set the stage,подготовить сцену
set the Thames on fire,поджечь Темзу
set the wheels in motion,запустить процесс
set the world on fire,поджечь весь мир
set to,установлен
set to work,приступить к работе
set up,настроить
set up one's staff,собрать команду
set up shop,открыть магазин
set up to oneself,установить для себя
set upon,напал
set with,в комплекте с
settle a score,поквитаться
settle down,успокоиться
settle for,мириться с
settle in,освоиться
settle into,устроиться
settle on,остановиться на
settle one's account,закрыть счет
settle someone's hash,уладить вопрос
settle up,погасить долг
settle upon,остановиться на
settle with,урегулировать
seven come eleven,семь, семь, одиннадцать
seven out,семь на вылет
sew buttons,пришивать пуговицы
sew up,зашить
sex in,секс
sex machine,секс-машина
sex on legs,секс на ногах
sex pact,сексуальный договор
sex sells,Секс хорошо продается
sex talk,разговор о сексе
sex up,сделать более сексуальным
sexual congress,половой акт
sexual relation,половые отношения
sexual relations,половые отношения
sexual tension,сексуальное напряжение
sexually anorexic,сексуально-анорексический
sexually mature,половозрелый
sexy up,сделать более привлекательным
Shabbat shalom,Шаббат шалом
shack up,жить вместе
shacked up,совместно проживают
shade up,затемнять
shadow of one's former self,тень прежнего себя
shagging wagon,грузовик для перевозки шерсти
shake a leg,шевели ногами
shake a stick at,грозить палкой
shake and bake,запекать в духовке
shake down,выбивать деньги
shake it up,перемешать
shake like a leaf,дрожать как лист
shake off,сбросить
shake on it,пожать руки
shake out,вытряхнуть
shake over,трясти над
shake the pagoda tree,потрясти дерево пагода
shake the plum tree,встряхнуть сливу
shake together,смешивать
shake up,перетряхнуть
shallow brooks are noisy,Мелкие ручьи шумные
sham Abraham,обманный Авраам
shame on me,Мне стыдно
shame on you,позор тебе
shame upon me,стыдно мне
shanks' mare,лошадь Шенкса
shanks' nag,лошадь Шенкса
shanks' pony,лошадь Шенкса
shape for,форма для
shape or form,форма
shape up,приходить в форму
shape up or ship out,или уходи
share and share alike,делиться и делиться всем
share in,делиться
share out,делить
share up,делиться
shared joy is double joy,Радость, которой делишься, удваивается
shared sorrow is half sorrow,Общая печаль - это половина печали
sharing is caring,делиться - значит заботиться
shark bait,приманка для акул
shark up,увеличить
sharp cookie,острая печенька
sharp elbows,локти
sharp tongue,острый язык
sharpen up,заточить
shatter the ice,разбить лёд
shave down,сбрить
shave off,сбрить
shave up,бриться
shavua tov,Шавуа тов
she'll be apples,она будет в восторге
she'll be right,Всё будет хорошо
she's apples,она милая
she's the cat's mother,она главная
sheathe the sword,поместить меч в ножны
shed a tear,расплакаться
shed blood,пролить кровь
shed find,сарай найти
shed light on something,пролить свет на что-либо
shed light upon,пролить свет на
shed out,сбрасывать
shell out,выплачивать
shew forth,показать
shift about,передвигаться
shift and drift,сдвиг и дрейф
shift gears,переключаться
shift in,сдвиг
shift off,сменить смену
shift out,выдвинуть
shift the dial,повернуть регулятор
shilly and shally,мешкаться
shimmy on down,танцевать
shin out,выглядывать
shine down on,светить сверху
shine down upon,светить сверху
shine off,отражаться
shine on,светить
shine through,проглядывать
shine up,отполировать
shingle up,укладывать черепицу
ship and let ship,отправить и получить
ship out,отправлять
ship over,доставить
shirtsleeves to shirtsleeves in three generations,от нищеты к нищете за три поколения
shit a brick,обалдеть
shit happens,такое бывает
shit in someone's cereal,подлить кому-то в хлопья
shit in someone's Cheerios,испортить кому-то радость
shit in someone's cornflakes,испортить кому-то жизнь
shit it in,засунь это туда
shit just got real,Ситуация обострилась
shit off,выключить
shit on,обсирать
shit on toast,дерьмо на тосте
shit one's pants,испугаться до смерти
shit or get off the can,делай или уходи
shit or get off the pot,Решайся или уходи
shit out,изрыгать
shit out of luck,не повезло
shit rolls downhill,плохое всегда опускается вниз
shit sandwich,неприятная ситуация
shit stain,грязное пятно
shit sticks,палки для перемешивания
shit the bed,обалдеть
shit up,заткнись
shit upon,нагадить
shit with,проблемы с
shit-eating grin,Ухмылка
shitting match,дерьмовая возня
Shitty Kitty,Мерзкая кошка
shiver me timbers,трепещи мои доски
shock to the system,шок для организма
shoe up,появляться
shome mishtake shurely,Наверное, ошибка
shoo away,отгонять
shoo off,отпугнуть
shoot 'em up,шутер
shoot around,тренироваться
shoot back,ответить огнем
shoot down,сбивать
shoot first and ask questions later,стрелять первыми, а потом спрашивать
shoot from the lip,болтать без умолку
shoot holes,продырявить
shoot it out,обмениваться выстрелами
shoot off,стрелять
shoot off at the mouth,болтать без умолку
shoot one's bolt,исчерпать ресурсы
shoot one's load,выпустить пар
shoot oneself in the foot,подрывать собственные интересы
shoot out,выстрелить
shoot the boots,снять сапоги
shoot the breeze,болтать без дела
shoot the bull,болтать без дела
shoot the gold,стрелять по золоту
shoot the messenger,наказывать гонца
shoot through,прострелить
shoot up,подниматься вверх
shop around,поискать лучшие предложения
shore up,укреплять
short accounts make long friends,Краткие встречи порождают долгую дружбу
short down,укоротить
short end of the stick,худшая сторона
short for,сокращение
short fuse,быстрый темп
short hairs,короткие волосы
short leash,короткий поводок
short of,недостаток
short of a length,короткий по длине
short on looks,не очень привлекательный
short out,короткое замыкание
short reckonings make long friends,Короткие расчеты порождают долгую дружбу
short strokes,Короткие штрихи
short temper,быстрый темп
shorten down,сократить
shorten up,сократить
shot across the bow,выстрел через нос
shot heard 'round the world,выстрел, прозвучавший по всему миру
shot heard round the world,выстрел, прозвучавший на весь мир
shot in the dark,чистая случайность
shotgun approach,метод "ячейки
shotgun wedding,брак по расчёту
shots fired,выстрелы
should see the other guy,нужно увидеть другого парня
should've would've could've,должен был, мог бы, хотел бы
shoulder to cry on,плечо, на которое можно положиться
shoulder to shoulder,плечом к плечу
shout down,заглушить
shout fire in a crowded theater,поднять панику в людном месте
shout out,поздравить
shove about,толкаться туда-сюда
shove around,толкаться
shove down,толкать вниз
shove it up your ass,Засунь это себе в задницу
shove off,отвали
shove on,торопиться
shove over,отодвинься
shove something down someone's throat,впихивать что-то кому-то
shove up,подталкивать
shovel out,выкапывать
shovel up,загребать
show a clean pair of heels,быстро убежать
show a leg,покажите ногу
show ankle,показать щиколотку
show around,показать окрестности
show away,уйти
show colour,показать цвет
show don't tell,показывай, а не рассказывай
show down,показательная демонстрация
show forth,проявлять
show in,показывать в
show off,хвастаться
show one's ass,показать задницу
show one's butt,показать задницу
show one's cards,раскрывать свои карты
show one's teeth,показать зубы
show one's true colors,показать свою истинную сущность
show one's true stripes,показать свою истинную сущность
show out,показывать себя
show pony,выставочная лошадь
show round,экскурсия
show someone a good time,весело провести время
show someone a thing or two,показать кому-то кое-что
show someone one's etchings,показать кому-то свои оформы
show someone the door,выпроводить кого-то
show the flag,покажите флаг
show up,появляться
show who's boss,показать, кто главный
shower down,ли́вень
shower of shit,дождь из дерьма
shower of shite,дождь из дерьма
shower thought,внезапная мысль
shower up,принять душ
shower with,принимать душ вместе с
shrimp up,увеличить
shrink away,отступать
shrink back,отступать
shrink down,уменьшаться
shrink up,сжиматься
shrinking violet,робкий человек
shrivel up,сжиматься
shrub out,обрезать кустарник
shrub up,улучшать
shrug off,отмахнуться
shuck down,сбрасывать
shuck off,сбрасывать
shucky ducky,не знаю
shuffle off,уйти
shuffle off this mortal coil,умереть
shurely shome mishtake,определённо ошибка
shut away,запереть
shut down,закрыть
shut in,запереть
shut it,замолчи
shut my mouth,заткнуть рот
shut of,выключить
shut off,выключить
shut one's eyes,закрывать глаза
shut one's face,заткнуться
shut one's gob,заткнись
shut one's mouth,замолчать
shut one's trap,заткнись
shut out,исключить
shut the fridge,закрыть холодильник
shut the front door,Не может быть
shut up,замолчи
shut up and take my money,Заткнись и бери мои деньги
shy away,избегать
shy away from,избегать
shy bairns get noot,робким детям ничего не достанется
shy bairns get nowt,Скромным ничего не достается
shy bladder,синдром недержания мочи
sic passim,и так далее
sic pro,так
sic semper tyrannis,так всегда поступают с тиранами
sick and tired,устал и надоело
sick as a parrot,болен как собака
sick at heart,душевная боль
sick list,список заболевших
sick man,больной человек
sick person,больной человек
sick puppy,мерзкий щенок
sick to the back teeth,до тошноты
sick up,рвать
sickly sweet,приторно сладкий
side against,против
side issue,побочный вопрос
side out,снять блок
side part,пробор сбоку
side with,быть на стороне
sides reversed is,стороны поменялись местами
sieve out,просеивать
sift out,отсеивать
sift through,просеивать
sig. fig.,значимые цифры
sigh of relief,вздох облегчения
sight for sore eyes,радость для глаз
sight in,ввод данных
sight to behold,зрелище
sight unseen,не видя
sign away,подписывать
sign in,войти
sign into,войти
sign of the times,признак времени
sign off,завершить письмо
sign on,подписать
sign on the dotted line,подписать
sign onto,подписываться
sign out,выйти
sign over,передать права
sign up,зарегистрироваться
silence is consent,Молчание означает согласие
silence is golden,Молчание - золото
silence is oppression,Молчание - это угнетение
silence is violence,Молчание - это насилие
silent as the grave,тихий как могила
silent killer,тихий убийца
silky smooth,шелковисто гладкий
silly me,глупый я
silly money,глупые деньги
silly season,сезон сплетен
silt up,заиливаться
silver handshake,серебряная медаль
silver plate,серебряная посуда
silver screen,серебряный экран
silver sheet,серебряная пластина
silver spoon,серебряная ложка
silver tongue,серебряный язык
simmer down,Успокойся
simmer up,томить
Simon says,Симон говорит
simper out,улыбаться
simple as a pimple,просто как дважды два
simple as kiss your hand,просто как поцеловать руку
simplicity itself,простота
simply connected,просто связный
sin tax,налог на вредные товары
since Adam was a boy,с тех пор, как Адам был мальчиком
since Adam was an oakum boy,с тех пор, как Адам был матросом-подмаст…
since God was a boy,когда Бог был мальчиком
since Hector was a pup,с тех пор, как Гектор был щенком
since Skippy was a pup,с тех пор, как Скиппи был щенком
sing a different tune,петь другую песню
sing along,подпевать
sing for one's supper,зарабатывать на жизнь
sing from the same hymnbook,петь по одной ноте
sing like a bird,петь как птица
sing off the same hymn sheet,петь одним голосом
sing out,петь
sing small,петь тихо
sing soprano,сопрано
sing the praises of,восхвалять
sing the same tune,петь одну и ту же мелодию
sing up,регистрироваться
singe one's wings,обжечь крылья
singing soprano,сопрано
single and ready to mingle,одинокий и готовый к знакомствам
single as a Pringle,одинокий как чип
single out,выделять
single up,одинокий
singly even,по отдельности даже
singuli in solidum,по отдельности
sink in,усваиваться
sink into,погружаться
sink of iniquity,логово порока
sink one's teeth into something,глубоко погрузиться во что-то
sink or swim,тонуть или выплывать
sinking ship,тонущий корабль
siphon the python,откачать питона
siren song,соблазнительный голос
sister from another mister,подруга
sisters before misters,Сестры прежде мужчин
sit about,сидеть вокруг
sit around,сидеть без дела
sit back,расслабиться
sit by,сидеть рядом
sit down,садитесь
sit for,сидеть на экзамене
sit in,сидеть
sit in for,заменить
sit in on,посетить
sit in with,присоединиться к
sit off,отдыхать
sit on,сидеть на
sit on a tack,сидеть на гвозде
sit on it,посидеть на нём
sit on one's ass,лениться
sit on one's hands,сидеть сложа руки
sit on the fence,занимать нейтральную позицию
sit one's ass down,садись
sit out,пропустить
sit over,сидеть над
sit right,сидеть ровно
sit still,сидеть спокойно
sit through,выдержать
sit tight,не двигайтесь
sit under,сидеть под
sit up,сидеть прямо
sit up with,сидеть рядом с кем-то
sit upon,сидеть на
sit well,хорошо подходить
sit with,сидеть с
sitting duck,легкая мишень
sitting pretty,в ударе
six and two threes,шесть и два раза по три
six feet deep,шесть футов в глубину
six feet under,в земле
six of the best,самое лучшее
six ways to Sunday,очень долго
six-pack of rolls,упаковка из шести булочек
size down,уменьшить размер
size matters,размер имеет значение
size queen,королева размеров
size up,оценить
skank up,подниматься вверх
skate around,кататься на роликах
skate by,пройти мимо
skate on,кататься на коньках
skate on thin ice,идти по тонкому льду
skate one's lane,держаться своей полосы
skate over,скользить
skeeve out,вызывать отвращение
skeeze out,выходить
skeleton at the feast,скелет за столом
skeleton crew,минимальный состав
skeleton in the closet,семейная тайна
skeleton in the cupboard,семейная тайна
sketch out,набросать
ski-jump nose,нос прыжковой лыжной трассы
skibidi Ohio rizz,Скибиди Огайо харизма
skill up,повысить квалификацию
skim off,снимать сливки
skim through,быстро просматривать
skimp and save,экономить и беречь
skin and bones,до костей
skin and grin,улыбка до ушей
skin back,спина
skin in the game,риск
skin trade,торговля людьми
skin up,подниматься на лыжах
skinny down,урезать
skinny Liz,худая Лиз
skinny Minnie,худенькая Минни
skinny out,уменьшать
skinny up,похудеть
skip a beat,пропустить удар
skip out,уклониться
skip rope,скакалка
skirt around,обходить
skirt chaser,подлиза
skittle out,выбивать
skittles party,вечеринка со скитлс
skive off,отлынивать
skunk at a garden party,носорог на вечеринке в саду
skunk up,испортить
skurry away,сбежать испуганно
slack off,лениться
slack up,расслабляться
slacken off,лениться
slag off,очернять
slam back,резко захлопнуть
slam down,резко хлопнуть
slam dunk,бросок в кольцо
slam out,выкрикивать
slap and tickle,шлепать и щекотать
slap around,шлепать
slap down,отвергнуть
slap leather,бить по коже
slap someone around,отлупить
slap the salami,похлопать салями
slap together,Собрать на скорую руку
slattern away,тратить впустую
slava Ukraini,Слава Украине
slave away,тяжело работать
slave to fashion,раб моды
sleep a wink,не сомкнув глаз
sleep around,заводить романы
sleep camel,верблюд спит
sleep funny,смешно спать
sleep in,спать допоздна
sleep in heavenly peace,спи спокойно в небесном мире
sleep in with,спать с кем-то
sleep it out,выспаться
sleep off,выспаться
sleep on,спать на
sleep one off,выспаться
sleep out,спать на улице
sleep over,ночевать
sleep rough,жить на улице
sleep tight,спокойной ночи
sleep together,спать вместе
sleep with,спать с
sleep with the fishes,Лечь на дно с рыбами
sleeping at the switch,небрежность
sleeping giant,спящий гигант
sleeping policeman,лежачий полицейский
sleeveless errand,безрукавный порученный
sleeves from one's vest,рукава от жилета
slender reed,тонкий тростник
slice and dice,нарезать кубиками
slice up,нарезать
slick back,зачесать назад
slick down,причесать
slick Rick,Слик Рик
slick up,причесать
slide into the DMs,писать в личные сообщения
slide off,соскользнуть
slim down,похудеть
slim jim,слим джим
slime out,вытекать
sling about,распространять
sling along,тащить с собой
sling for,подвешивать
sling in,подвешивать
sling it in,бросить туда
sling off,сбрасывать
sling one up,поднять тост
sling one's hook,уйти
sling out,выбрасывать
sling over,перекидывать через плечо
sling to,подвешивать
sling up,подвесить
slings and arrows,упреки и насмешки
slip away,ускользнуть
slip back,скользить назад
slip by,проскользнуть
slip down,скользить вниз
slip in,проскользнуть
slip into,скользить в
slip it to,передать
slip of the keyboard,ошибка ввода
slip of the pen,ошибка
slip of the tongue,оговорка
slip off,соскальзывать
slip one past,обмануть
slip out,выскользнуть
slip past,проскользнуть мимо
slip someone's mind,вылетело из головы
slip the cable,снять кабель
slip through,проскользнуть
slip through the cracks,проскальзывать незамеченным
slip under,проскользнуть под
slip up,ошибиться
slippery as an eel,скользкий как угорь
slit someone's throat,перерезать кому-то горло
slob about,болтать о
slob around,бездельничать
slob out,выплескивать
slog away,тяжело работать
slop bowl,миска для еды
slop out,вымывать
slope off,спускаться
sloppy toppy,неряшливо
slot in,вырез
slough off,сбрасывать
slow and steady wins the race,Медленно, но верно
slow burn,медленное горение
slow but sure wins the race,Медленно, но верно, придет победа
slow down,замедлиться
slow in,медленно
slow march,медленный марш
slow off,сбрасывать скорость
slow off the mark,медленно включается
slow on the uptake,медлительный
slow out,медленно выходить
slow study,медленное изучение
slow up,замедлиться
slowed and throwed,замедлился и бросил
slower than molasses,медленнее, чем патока
sludge out,выкачивать ил
slug away,уходи
slug it out,бороться до конца
slug out,выбивать
sluice out,смывать
slump down,опускаться
slur over,нечетко произносить
slurp up,хлебать
slush up,замерзать
slut it up,закончить
slut's wool,шерсть шлюхи
smack around,бить
smack down,резко ударить
smack out,гасить
smack up,обмануть
small change,мелкие деньги
small dick energy,энергия комплекса неполноценности
small fry,мелкий сорт
small potatoes,мелочи
small print,мелкий шрифт
small rain lays great dust,малый дождь поднимает много пыли
small talk,легкая беседа
small wonder,неудивительно
small world,маленький мир
smart arse,задира
smart as a whip,умный как черт
smart chance,реальный шанс
smart off,отключить умные функции
smarten up,быть умнее
smash and dash,быстро и решительно
smash down,разрушить
smash hit,хит
smash someone's face in,разбить кому-то лицо
smash someone's head,разбить кому-то голову
smash up,разбить
smear campaign,черная кампания
smell a fox,чутьё лисы
smell a rat,почувствовать неладное
smell blood,чувствовать запах крови
smell fishy,вызывать подозрения
smell like a rose,пахнуть розами
smell like a tart's handbag,пахнуть как сумочка блудницы
smell of an oily rag,Запах масляной тряпки
smell of the lamp,Запах лампы
smell of the shop,Запах магазина
smell one's own farts,чувствовать свой собственный газ
smell out,обнюхать
smell the barn,почувствовать запах амбара
smell up,пахнуть
smell what someone is stepping in,почувствовать, что кто-то наступил
smells and bells,шум и гам
smile a thousand smiles,улыбнуться тысячу раз
smile from ear to ear,улыбаться во весь рот
smite hip and thigh,поразить бедро и пах
smoke around,вокруг дыма
smoke like a chimney,курить как паровоз
smoke my pole,курить кальян
smoke one's own dope,курить свою траву
smoke out,выкурить
smoke signal,дымовой сигнал
smoke the whole pack,выкурить всю пачку
smoke up,курить
smoke-filled room,задымлённая комната
smoking gun,неопровержимое доказательство
smoking ponies,курящие пони
smooth away,сгладить
smooth down,разгладить
smooth operator,профессионал
smooth out,сгладить
smooth over,сгладить
smooth sailing,легко и просто
smooth up,сгладить
smuggle past,пронести незамеченным
snack down on,перекусить
snaffle up,схватить
snail's pace,медленный темп
snake eyes,орлиные глаза
snake oil,чудодейственное средство
snake out,выползти
snake up,ползать вверх
snap at,ворчать
snap at someone's heels,преследовать кого-то по пятам
snap back,возвращаться
snap in,щелкать
snap it up,схватить
snap judgment,поспешный вывод
snap of the fingers,щелчок пальцами
snap out of,выходить из себя
snap someone's head off,резко отругать
snap to,щелкнуть
snap to attention,привести себя в порядок
snap trap,ловушка
snap up,схватить
snarl up,затруднять
snatch the pebble,Хватать камешек
snazz up,обновить
sneak around,подкрадываться
sneak in,пробраться
sneak out,пробраться
sneak past,проскользнуть мимо
sneak up,подкрадываться
sneaking suspicion,смутное подозрение
sneaky beaky,хитрый хитрый
sneaky Pete,хитрый Пит
sneck posset,Неизвестное слово
sneck up,подкрасться
sneeze on the truth,выплюнуть правду
snick or snee,щелкнуть
sniff around,нюхать вокруг
sniff out,вынюхивать
sniff up,нюхать
snipe hunt,охота на дрофу
snitch up,подливать
snitches get stitches,Стукачей ждёт расплата
snod up,застрять
snoop around,подсматривать
snootle around,рыться
snooze off,подремать
snork down,спуститься по веревке
snort up,фыркать
snot up,засохшая слизь
snow down,снег идет
snow in,в
snow job,обман
snow on the mountaintop,снег на вершине горы
snow on the rooftop,снег на крыше
snow out,снегопад
snow over,снегопад
snow under,под снегом
snow up,заметать снегом
snowball effect,эффект снежного кома
snowball in hell,снежный ком в аду
snowball's chance in hell,никаких шансов
snowed under,завален работой
snuff out,затушить
snug as a bug,уютно как в коконе
snug down,устроиться поудобнее
snuggle bunny,милый зайчик
snuggle up,уютно устроиться
so and so,так себе
so as to,чтобы
so be it,так тому и быть
so crazy it just might work,такое безумное, что может и сработать
so crazy it might just work,такое безумное, что может сработать
so far,пока
so far so bad,пока что все плохо
so far so good,пока все хорошо
so help me,помогите мне
so help me Bob,помоги мне, Боб
so help me cat,клянусь кошкой
so help me God,Боже, помоги мне
so help me tater,помоги мне картофелина
so help me tatur,помоги мне, пожалуйста
so help my tater,помоги моей картошке
so help you God,так поможет тебе Бог
so is life,так жизнь и устроена
so it goes,так и есть
so it seems,кажется
so long,до свидания
so long as,пока что
so mote it be,так тому и быть
so much for,и это все
so much the better,тем лучше
so much the worse,тем хуже
so much the worse for,тем хуже для
so much win,такая победа
so there,и там
so they say,как говорят
soak away,впитывать
soak in,напитываться
soak up,впитывать
soaked to the skin,промокший до нитки
soaking wet,промокший насквозь
soap down,мыть мылом
soap off,смыть мылом
soap up,намылить
sob story,слёзливая история
sober down,успокоиться
sober up,трезветь
social death,социальная смерть
social ladder,социальная лестница
social lubricant,социальная смазка
sock away,откладывать в сторону
sock in,вставить
sock into,вставить носок
sock it to,унизить
sod off,отвали
sod this for a lark,пошутить
soda jerk,продавщик газированных напитков
soft kill,мягкое поражение
soft Mick,мягкий Мик
soft sawder,мягкая болтовня
soft shoe,мягкая обувь
soft spot,слабость
soft touch,нежное прикосновение
soft underbelly,уязвимое место
soften someone's cough,умягчить кашель
soften the blow,смягчить удар
soften the ground,размягчить почву
soften up,смягчить
sold again and got the money,снова продали и получили деньги
soldier on,продолжать служить
some mothers do have them,У некоторых матерей они тоже есть
some old,некоторые старые
some people,некоторые люди
some people have all the luck,Некоторым людям везет
some pumpkins,несколько тыкв
some rights reserved,некоторые права защищены
somebody's in here,Здесь кто-то есть
somebody's right-hand man,правая рука
somebody's right-hand woman,правая рука
someone's arse off,выбиться из сил
someone's ass off,до изнеможения
someone's butt off,работать не покладая рук
someone's cup of tea,близко по духу
someone's face doesn't fit,человеку не место здесь
someone's goose is cooked,у кого-то совсем плохо
someone's headlights are on,У кого-то включены фары
someone's heart goes out,сердце сжимается от сочувствия
someone's heart is in,сердце у кого-то в
someone's jaw dropped,Челюсть отвисла
someone's luck is in,у кого-то сейчас удача
someone's number is up,у кого-то истекло время
someone's star falls,падающая звезда
something awful,что-то ужасное
something is better than nothing,Лучше что-нибудь, чем ничего
something is rotten in Denmark,Что-то не так в Дании
something is up,что-то не так
something like,что-то вроде
something tells one,кажется
something to,что-то для
something's up,что-то не так
sometimes a cigar is a cigar,иногда сигара - это просто сигара
somewhere along the line,где-то на пути
somewhere over the rainbow,где-то над радугой
son of Adam,сын Адама
son of the morning,сын утренней звезды
song and dance,песня и танец
sooner or later,рано или поздно
sop up,впитывать
sore boob means more boob,большая грудь
sore point,болевая точка
sorry I'm late,извините, я опоздал
sorry not sorry,не извиняюсь
sort oneself out,привести себя в порядок
sort out,разбираться
sort through,перебирать
sound as a pound,звук как фунт
sound asleep,глубоко спящий
sound mind,здравый ум
sound off,высказаться
sound out,произносить
sounds about white,звучит как будто белый
sounds good,звучит хорошо
sounds like a plan,Звучит как план
soup sandwich,бутерброд с супом
soup to nuts,от начала до конца
soup up,улучшать
soup's on,Суп готов
sour grapes,кислые винограды
sour note,неприятная нота
sour on,разочароваться в
sour stomach,изжога
sour tooth,болит зуб
sow dragon's teeth,посеять зубы дракона
sow one's wild oats,пожить на полную катушку
sow the seeds of,посеять семена
soy out,выбыл
sp. nov.,новый вид
space case,пробел
space out,расслабляться
spaghetti up,запутаться
spank out,шлепать
spank the monkey,пощекотать обезьянку
spank you,шлёпнуть тебя
spank you very much,большое спасибо
spanner in the works,палка в колеса
spare no effort,не жалеть усилий
spare someone the details,не вдаваться в подробности
spare someone's blushes,избежать неловкости
spark off,вызвать
spark out,затушить
spark spread,распространение искр
spark up,зажечь
sparkle up,блестеть
sparks fly,искры летят
spaz out,впасть в истерику
spazz out,выходить из себя
speak down to,говорить снисходительно
speak for,говорить от имени
speak for oneself,говорить само за себя
speak in circles,говорить кругами
speak of,говорить о
speak of the devil,как раз сейчас
speak one's mind,высказывать свое мнение
speak out,высказываться
speak someone's language,говорить на языке собеседника
speak to,говорить с
speak up,говорите громче
speak with a forked tongue,говорить лицемерно
spear carrier,носильщик копья
spec out,определять характеристики
spec up,уточнить спецификацию
special delivery,специальная доставка
special military operation,специальная военная операция
special needs,особые потребности
special relationship,особые отношения
special treatment,особое отношение
specialty crop,специализированная культура
spectator sport,Видовой спорт
speed merchant,торговец специями
speed up,ускорить
Speedy Gonzales,Скороход Гонсалес
spell it out,распишите это
spell off,отменить
spell out,расписать
sperg out,выплеснуть
sperm donor,донор спермы
spew up,выплевывать
spice up,приправить
spicy tooth,Любит острое
spiff up,привести в порядок
spike up,резко вырасти
spill ink,пролить чернила
spill juice,пролить сок
spill one's guts,вывалить все из себя
spill one's seed,растратить силы
spill out,выливаться
spill over,переливаться
spill the beans,раскрыть секрет
spilt milk,пролитое молоко
spin a yarn,рассказывать байки
spin doctor,специалист по связям с общественностью
spin down,замедлять вращение
spin off,отделиться
spin one's wheels,крутить баранку
spin out,замедлять ход
spin round,крутиться
spin someone's wheels,тратить время впустую
spin up,запускать
spiral out,сходить с ума
spirit away,унести
spirit off,отключить
spit feathers,выражать возмущение
spit fire,плеваться огнем
spit in the ocean,плевать в океан
spit in the wind,говорить попутным ветром
spit into the wind,плевать на ветер
spit it out,выкладывай
spit nails,гвозди
spit on,плевать
spit out,выплюнуть
spit the dummy,выплеснуть гнев
spit up,отрыжка
spitters are quitters,Тот, кто жалуется, быстро сдается
spitting distance,в двух шагах
spitting image,двойник
splash about,плескаться
splash around,плескаться
splash down,посадка на воду
splash out,тратить много денег
splice the mainbrace,выдать ром команде
splinter up,разрушить
split hairs,придираться
split off,отделиться
split on a rock,разломиться о камень
split one's sides,ломать от смеха
split the baby,разделить ребенка
split the breeze,разделить ветер
split the difference,найти компромисс
split up,разделиться
Spock ears,Уши Спока
spoil market,искажать рынок
spoil somebody rotten,баловать до безумия
spoil someone rotten,баловать до безумия
spoil the market,завалить рынок
spoiling for a fight,жаждущий драки
spoilt for choice,в замешательстве от изобилия выбора
sponge down,протереть губкой
sponge out,выжимать
sponge up,впитывать
spook out,пугать
spool down,сматывать
spool out,разматывать
spool up,наматывать
spoon bowl,ложка-чаша
spoon out,выкладывать ложкой
sport away,выездной матч
spot check,проверка
spot of bother,небольшая проблема
spout off,отпускать сплетни
spout out,выдавать
spray and pray,стрелять и надеяться
spread one's legs,расставить ноги
spread one's wings,расправить крылья
spread oneself thin,разойтись
spread out,распространяться
spread the word,распространяйте информацию
spring back,возвращаться в исходное положение
spring fever,весеннее обострение
spring for,купить в рассрочку
spring has sprung,весна пришла
spring in one's step,легкость в походке
spring out,выскочить
spring to life,ожить
spring to mind,вспоминается
spring up,появляться
sprout up,прорастать
spruce up,обновить
sprucen up,обновить
sprunt up,прорастать
spunk off,выплескивать гнев
spur of the moment,импульсивно
spur on,подбадривать
sputter out,заглохнуть
spy on,шпионить
spy out,разведать
squad up,собираться в команду
square around,вокруг квадрата
square away,привести в порядок
square meal,сытный обед
square off,выстраиваться в ряд
square on,на квадрате
square one,с нуля
square peg in a round hole,человек, который не подходит для определ…
square shooter,прямой стрелок
square up,выравнивать
squash the beef,забыть обиду
squeak out,выдавить
squeak through,проскочить
squeaky wheels get oiled,Скрипучие колеса нужно смазывать
squeal on,выдавать
squeeze in,втиснуть
squeeze into,втиснуться
squeeze off,отрезать
squeeze one out,выдавить
squeeze out,выдавить
squeeze under,пролезть под
squeeze up,сжимать вверх
squig out,выдавливать
squint like a bag of nails,прищуриться как будто у тебя в глазах гв…
squirrel around,шалить
squirrel away,прятать
squirrels in the attic,белки на чердаке
stab in the back,подлый удар
stab in the dark,угадывание наугад
stab yourself and pass the dagger,вонзись сам и передай кинжал
stack off,стопка
stack the cards,подтасовывать карты
stack up,накапливать
staff of life,хлеб насущный
staff out,уволить сотрудников
staff up,набрать персонал
stage business,сценическое действие
stage of the game,этап игры
stage right,справа от сцены
stage-door Johnny,подхалим
Staggers and Naggers,Шатается и ворчит
staircase wit,шутливый ответ на вопрос о лестнице
stake a claim,заявлять права
stake out,занимать позицию
stalking horse,троянский конь
stall for time,затягивать время
stall out,заглохнуть
stamp out,подавить
stance up,встать
stand a chance,иметь шанс
stand and deliver,стоять и говорить
stand around,стоять вокруг
stand aside,Отойдите в сторону
stand back,Отойдите
stand behind,поддерживать
stand between,стоять между
stand by,быть готовым
stand corrected,признаю свою ошибку
stand down,отступить
stand fast,стоять на месте
stand fire,выдерживать обстрел
stand firm,стоять на своем
stand for,стоять за
stand from under,выходить из-под
stand in,стоять
stand in for,заменять
stand in one's own light,мешать себе самому
stand in someone's shoes,поставить себя на место кого-либо
stand in the gap,заступаться
stand in the gate,стоять у ворот
stand off,стойка
stand on,стоять на
stand on ceremony,соблюдать формальности
stand on its own,стоять отдельно
stand on one's head,Стоять на голове
stand on one's own two feet,быть самостоятельным
stand on someone's shoulders,стоять на плечах кого-либо
stand on the shoulders of,стоять на плечах гигантов
stand on the shoulders of giants,стоять на плечах гигантов
stand one's ground,стоять на своем
stand out,выделяться
stand over,стоять над
stand pat,не менять решение
stand shilly-shally,мешкаться
stand tall,стоять прямо
stand the test of time,выдержать испытание временем
stand to,стоять
stand to reason,логично
stand together,стоять вместе
stand treat,угощать
stand trial,стоять на суде
stand under,стоять под
stand up,встать
stand up against,выступать против
stand up and be counted,высказаться и заявить о себе
stand up for,защищать
stand up on one's hind legs,встать на задние лапы
stand up to,противостоять
stand up to one's lick log,выполнять свою работу
stand up with,встать вместе с
stand upon,стоять на
stand with,стоять рядом с
standard fare,обычное блюдо
standing room only,мест нет
stands to reason,логично
star in the east,звезда на востоке
star turn,звездный час
star up,запускать
star vehicle,звездная роль
stare down,смотреть в упор
stare out,смотреть вдаль
stars align,звезды выстроились
Stars and Bars,Звёздочки и палочки
stars are aligned,звезды сошлись
stars in one's eyes,звёздочки в глазах
start a family,создать семью
start a fresh hare,затеять новую авантюру
start and park,начать и припарковаться
start back,начинать снова
start back in,начинать снова
start back on,вернуться к
start from scratch,начинать с нуля
start from where you are,начинай с того, где ты находишься
start in,начинать
start in on,начинать
start into,начинать
start off,начинать
start on,начинать
start on at,начинать с
start out,начинать
start over,начать заново
start up,запуск
start up on,начинать
start with a clean sheet,начинать с чистого листа
start with a clean slate,начать с чистого листа
startle up,испугать
starvin' Marvin,голодный Марвин
starving artist,голодающий художник
stash away,прятать
stat out,проявлять себя
state of affairs,обстановка
statically scoped,статически области видимости
statistical tie,ничья по статистике
stave in,вбить
stave off,отразить
stay and play,остаться и поиграть
stay away,Держитесь подальше
stay back,Отойдите назад
stay behind,оставаться позади
stay hungry,оставайтесь голодными
stay in,оставаться
stay in one's lane,держаться своей полосы
stay in touch,поддерживать связь
stay on,оставаться
stay out,не заходите
stay over,остаться на ночь
stay put,оставайтесь на месте
stay the course,придерживаться намеченного курса
stay together,быть вместе
stay tuned,Следите за новостями
stay up,не спать
steady as she goes,Держим курс
steady Eddie,спокойный человек
steady hand on the tiller,уверенное управление штурвалом
steady the ship,удержать корабль
steal a glance,бросить взгляд
steal a march,перехватить инициативу
steal away,уйти тайком
steal in,прокрасться
steal someone's heart,завоевать чьё-либо сердце
steal someone's identity,украсть личность
steal someone's thunder,заслонить кого-то
steal the show,украсть представление
steal up,подкрадываться
steam ahead,двигаться вперед
steam off,удалять пар
steam up,испаряться
steaming hot,обжигающе горячий
steel up,готовиться
steer clear of,избегать
stem from,происходить из
stem the rose,обрезать розу
stem the tide,остановить напор
step aside,Отойдите в сторону
step back,отступить
step between,шаг между
step down,уйти в отставку
step forward,шаг вперед
step in,войти
step in it,ступить в него
step into,войти
step into someone's shoes,встать на место кого-либо
step lively,шагать бодро
step off,выходить
step on,наступать
step on a rake,споткнуться о грабли
step on it,дави на газ
step on someone's toes,задевать чьи-то интересы
step out,выходить
step out on someone,предать кого-то
step over,перешагнуть
step to,шагнуть
step up,проявить инициативу
step up on,подняться на
step up one's game,повысить уровень
step up to the plate,выступить
stepping razor,хождение по лезвию
stepping stone,ступенька
stew in one's juices,раздумывать
stew up,тушить
stick 'em up,направьте оружие на них
stick a fork in something,Это уже готово
stick around,оставаться
stick at,прилипать
stick by,быть рядом
stick down,приклеить
stick in someone's craw,заедать
stick in the mud,консерватор
stick it out,выдержать
stick it to,подставить
stick it to the man,перечить системе
stick on,приклеить
stick one on,приклеить
stick one's dick in crazy,засунуть хуй сумасшедшей
stick one's foot in it,попасть впросак
stick one's foot in one's mouth,выдать что-нибудь глупое
stick one's head in the sand,зарывать голову в песок
stick one's neck out,рисковать
stick one's nose into,вмешиваться
stick one's oar in,вмешиваться
stick out,выступать
stick out a mile,быть заметным
stick the knife in,воткнуть нож
stick the landing,успешно приземлиться
stick to,придерживаться
stick to one's knitting,заниматься своим делом
stick to one's last,держаться своей ниши
stick to one's text,придерживаться своей позиции
stick to someone's ribs,быть сытым
stick together,быть вместе
stick up,обокрасть
stick up for,защищать
stick with,придерживаться
sticker shock,шоковое состояние от цены
sticking plaster,пластырь
sticking point,сложный вопрос
sticks and stones,палки и камни
sticks in a bundle are unbreakable,Связанные вместе палки не сломать
sticky fingers,липкие пальцы
stiff up,напрячь
stiff upper lip,стойкость
stiffen up,затвердеть
still got one's communion money,еще не потратил деньги на причастие
still water runs deep,Тихая вода и глубокое течение
still waters run deep,Тихая вода и в ней есть своя глубина
stinge out,вытягивать
stink eye,косой взгляд
stink on ice,запах от льда
stink out,вонять
stink the joint out,вонять как псина
stink up,вонять
stir shit,раздувать скандал
stir someone's blood,возбуждать
stir the embers,раздуть угли
stir up,разбудить
stitch and bitch,вязать и сплетничать
stitch incoming,швы на месте
stitch together,сшивать вместе
stitch up,зашить
stock down,падает
stock out,остаться без товара
stock phrase,шаблонная фраза
stock up,запасаться
stoke up,заправлять
stomp for,топать за
stomp off,уйти сердито
stomp on,топтать
stomp out,подавить
stomping ground,место обитания
stone cold,абсолютно равнодушный
stone dead,мёртвый как камень
stone deaf,глухой как камень
stone's throw,в двух шагах
stoop and roop,сутулиться и хмуриться
stop a bullet,остановить пулю
stop and chop,остановиться и порубить
stop and smell the flowers,остановитесь и понюхайте цветы
stop and smell the roses,наслаждайтесь моментом
stop at nothing,не останавливаться ни перед чем
stop by,зайти
stop cold,остановиться внезапно
stop dead,остановиться как вкопанный
stop down,уменьшать
stop in,остановиться
stop into,зайти
stop off,заехать
stop out,ликвидация
stop over,остановка
stop press,срочные новости
stop someone in their tracks,остановить кого-то на месте
stop the bleeding,остановить кровотечение
stop the car,Остановите машину
stop the lights,выключите свет
stop the presses,Остановите печатные станки
stop up,забивать
store away,убрать на хранение
store up,накапливать
storm in,в
storm off,бросить
storm out,выскочить
storm out of the blocks,быстро начать
stormy weather,непогода
story of my life,История моей жизни
stove up,засорять
stovepipe hat,цилиндр
stow away,пробраться незаметно
straight and narrow,узкий и прямой путь
straight away,сразу
straight face,серьезное лицо
straight from the horse's mouth,из самого надёжного источника
straight from the shoulder,откровенно
straight goods,качественные товары
straight man,гетеросексуал
straight out of the chute,сразу же
straight out of the gate,с самого начала
straight shooter,человек, который говорит прямо
straight-face test,тест на серьезность
straighten out,разбираться
straighten up,выпрямиться
straighten up and fly right,выпрямись и лети правильно
strain a point,напрягать ситуацию
strain at a gnat,зацикливаться на мелочах
strain at the leash,тянуть поводок
strain every nerve,напрячь все силы
strange bedfellows,неожиданные союзники
strange bird,странная птица
strangely warmed,странно согретый
stranger things have happened,бывало и хуже
strangle the parrot,задушить попугая
strap in,пристегнитесь
strap on,пристегнуть
strap on a pair,надеть пару
strap on the boots,надевать сапоги
strap up,закрепить
straw poll,опрос общественного мнения
straw that stirs the drink,последняя капля
street appeal,внешний вид
streets ahead,намного лучше
streets behind,улицы позади
strengthen up,укрепить
stress out,стрессовать
stretch forth,протягивать
stretch it out,растянуть
stretch one's legs,размяться
stretch out,растягиваться
stretch the truth,приукрашивать правду
strickly dickly,строго и честно
strictly better,строго лучше
strictly dickly,строго
strictly proper,строго правильно
strictly roots,только корни
strictly speaking,строго говоря
stricto sensu,в строгом смысле
strike a blow,нанести удар
strike a chord,найти отклик
strike a false note,звучать фальшиво
strike a light,ударить спичкой
strike back,отразить удар
strike down,отменить
strike in,начинать
strike it lucky,поверить в удачу
strike it rich,разбогатеть
strike me pink,сделай меня розовой
strike off,вычеркнуть
strike oil,найти нефть
strike one's flag,сдаться
strike out,вычеркивать
strike someone when they are down,наносить удар, когда человек находится в…
strike tallies,подсчет голосов
strike the tent,свернуть палатку
strike through,зачеркивать
strike up,заводить разговор
strike while the iron is hot,пока горяча
string along,обманывать
string attached,прикреплённый шнур
string on,натянутый
string out,растягивать
string to one's bow,достойный внимания
string together,соединять
string up,натягивать
string with,с помощью
strip away,снимать
strip down,снять
strip off,снимать
strip out,удалять
stroke of business,сделка
stroke of luck,удачный случай
stroke of work,штрих работы
stroke out,вычеркивать
strong suit,сильная сторона
strongly connected,сильно связанный
strung out,взволнованный
strut one's stuff,показывать свои умения
stub out,затушить
stubborn up,упрямо вверх
stuck in a rut,втянулся в рутину
stuck in the mud,застрял в грязи
stuck in the Stone Age,в каменном веке
stuck in time,застрявший во времени
stuck like Chuck,застрял как Чак
stuck on,застрял на
stuck up,заносчивый
stud muffin,красавчик
student union politics,студенческая политика
studs up,шпорами вверх
study up on,подготовиться
stuff it,забудьте об этом
stuff one's face,обжора
stuff out,вытаскивать
stuff the ballot box,фальсифицировать выборы
stuff up,испортить
stuff you,пошло ты
stuffed like a turkey,набитый как индейка
stuffed shirt,зазнавшийся тип
stuffed to the gills,полный до краев
stumble across,наткнуться
stumble against,споткнуться о
stumble into,наткнуться
stumble on,наткнуться
stumble onto,наткнуться
stumble upon,наткнуться
stumbling block,препятствие
stump and rump,пнешь и задница
stump it,затруднить
stump out,заглушить
stump up,выплатить
stupid is as stupid does,глупость проявляется в действиях
style it out,проявить себя
style up,улучшить
sua sponte,по собственной инициативе
sub in,заменить
sub out,заменить
sub specie aeterni,под видом вечности
subject to,подлежит
subsequent to,последующий
success is a great deodorant,успех - отличный дезодорант
success story,история успеха
such as,например
such is life,такова жизнь
such that,такой что
suck a big one,сосать член
suck a lemon,сосать лимон
suck and blow,сосать и орать
suck donkey balls,сосать хуй
suck down,втягивать
suck dry,высушить
suck face,целоваться
suck hind tit,сосать
suck in,втягивать
suck into,втягивать
suck it,соси
suck it up,Смирись
suck my balls,Соси мои яйца
suck my cock,Соси мой хуй
suck my dick,Соси мой хуй
suck my penis,Соси мой член
suck my Richard,Соси мой член
suck off,сосать
suck on that,посмотри на это
suck out,высасывать
suck the kumara,сосать батат
suck the mop,выжимать швабру
suck tits,сосать грудь
suck under,подчиняться
suck up,подлизываться
suck your mum,Поцелуй свою мать
sucks to be you,плохо тебе
sucks to suck,плохо когда тебя обманывают
suds up,вспениться
sue out,подать в суд
suffer fools gladly,терпеть глупцов
suffer from,страдать от
suffer in silence,страдать молча
suffice it to say,можно сказать
suffice to say,можно сказать
sugar and spice,сахар и специи
sugar and spice and everything nice,сладкая и милая
sugar coated,покрытый сахаром
sugar down,снижение уровня сахара
sugar off,убрать сахар
sugar out,сахарный сироп
sugar up,улучшить
sugarcoat a bitter pill,смягчать неприятную правду
sugarcoat the pill,смягчать правду
suit down to the ground,спуститься на землю
suit one's book,подходить кому-либо
suit the action to the word,соответствовать словам делам
suit up,приготовиться
suited and booted,одетый и причесанный
sull up,подниматься
sum up,подвести итог
summer and winter,лето и зима
summon up,собирать
sun up,восход солнца
sun worshipper,поклонник солнца
Sunday best,Воскресный наряд
Sunday driver,Водитель-неспешинка
Sunday-go-to-meeting clothes,Одежда для воскресной службы
sunder out,разделять
sunlight is the best disinfectant,Солнечный свет - лучшее средство дезинфе…
sunshine and rainbows,солнце и радуга
suo motu,по собственной инициативе
super trouper,супертрупер
supply and demand,спрос и предложение
supply up,поставлять
suppose that,предположим что
sure as shit,точно
sure enough,безусловно
surf and turf,морепродукты и мясо
surf's up,Волны хороши
suspend one's disbelief,отключить критическое мышление
suspended congress,приостановленное действие парламента
suss out,выяснить
Sussex Drive,Драйв Сассекс
swab down,протереть
swack up,обмануть
swaddling clothes,пеленки
swag it out,показать себя
swag it up,Приукрасить
swag out,выглядеть круто
swag up,подобраться
swallow a bitter pill,проглотить горькую пилюлю
swallow down,проглотить
swallow one's pride,проглотить свою гордость
swallow the dictionary,проглотить словарь
swallow the leek,проглотить лук
swallow up,поглощать
swallow whole,проглотить целиком
swamp out,вытеснять
swan song,лебединая песня
swap horses in midstream,менять лошадей на переправе
swap in,обменивать
swap out,заменить
swap over,обмениваться
swear at,ругаться
swear by,полагаться на
swear down,клянусь
swear in,клясться
swear off,отказаться
swear on,клясться на
swear out,подать жалобу
swear upon,клясться на
sweat bricks,потеть как свинья
sweat bullets,потеть от страха
sweat equity,доля в компании, полученная за работу
sweat it out,выстрадать
sweat of one's brow,пот со лба
sweat off,потеть
sweat out,выпотеть
sweat the small stuff,не переживать из-за мелочей
sweater up,поднять воротник
sweep along,нестись по
sweep aside,отбросить
sweep away,сметать
sweep in,убирать
sweep out,выметать
sweep someone off their feet,очаровать кого-то
sweep something under the rug,замалчивать
sweep the board,победить во всём
sweep the deck,подмести палубу
sweep up,подметать
sweet dreams,сладких снов
sweet fuck all,черт побери
sweet hereafter,сладкое будущее
sweet home Alabama,сладкий дом, Алабама
sweet Jesus,Боже мой
sweet Mary,святая Мария
sweet Mary mother of God,святая Мария, мать Божья
sweet nothings,ласковые слова
sweet smell of success,сладкий запах успеха
sweet stuff,сладости
sweet summer child,милый летний ребенок
sweet tooth,сладкоежка
sweet young thing,милая девушка
sweeten the pill,смягчить удар
sweeten the pot,улучшить предложение
sweeten up,подсластить
sweetheart deal,выгодная сделка
sweetness and light,сладость и свет
swell out,раздуваться
swell up,набухать
swill down,проглотить
swill up,выплескивать
swim upstream,плыть против течения
swim with sharks,плавать с акулами
swing and a miss,промах
swing away,отбивать
swing back,отклониться назад
swing both ways,быть бисексуалом
swing by,заглянуть
swing for,качели для
swing for the fences,идти ва-банк
swing of things,ритм жизни
swing off,отклоняться
swing out,выдвигаться
swing over,перемахнуть
swing round the circle,вращаться по кругу
swing through,пролететь
switch off,выключить
switch on,включить
switch out,заменить
switch up,изменить
sword and sorcery,фэнтези с элементами магии и приключений
swords to ploughshares,мечи на пахары
swords to plowshares,мечи на пахары
swot up on,подготовиться
sympathy is between shit and syphilis,Сочувствие находится между дерьмом и сиф…
sync up,синхронизировать
syphon the python,сифон питон
tab out,выход
table scrap,остатки еды
table talk,беседы за столом
tach up,подтянуть
tack about,около
tack down,зафиксировать
tack together,соединить
tack up,прикрепить
tackle on,схватиться
TACO out,ПОКА
tag along,присоединяться
tag off,отключить тег
tag on,метка
tag out,заменить
tag up,пометить
tail away,уходить
tail between one's legs,с поджатым хвостом
tail down,опущенный хвост
tail in,хвост
tail off,уменьшаться
tail wagging the dog,хвост, виляющий собакой
take a back seat,отступить на второй план
take a bath,принимать ванну
take a bead on,прицелиться
take a Bex,выпить Бекс
take a bite,откусить
take a bite out of,откусить
take a bow,кланяться
take a breath,сделать вдох
take a breather,передохнуть
take a bullet,поймать пулю
take a chance,рискнуть
take a cotton to,привыкнуть к
take a crack at,попробовать
take a deep breath,сделайте глубокий вдох
take a dim view of,негативно относиться
take a dive,нырнуть
take a dookie,сходить в туалет
take a fancy to,взлюбить
take a flyer,возьмите листовку
take a gamble,рискнуть
take a gander,посмотреть
take a hand in something,принять участие
take a hike,иди в поход
take a hit,потерпеть убытки
take a joke,воспринимать шутку
take a leaf out of somebody's book,учиться у кого-то
take a liking to,полюбить
take a load off,снять груз
take a look,посмотрите
take a nap,вздремнуть
take a pew,занять место
take a picture,сделать фотографию
take a piss,помочиться
take a powder,убирайся
take a ride to Tyburn,поехать в Тайберн
take a risk,рисковать
take a run at,попытаться
take a shine to,полюбить
take a shit,обделаться
take a shot in the dark,угадать наугад
take a stab at,попробовать
take a stand,занять позицию
take a tumble,упасть
take a turn,сделать ход
take a turn for the better,стать лучше
take a turn for the worse,стать хуже
take a walk,прогуляться
take a walkout powder,уйти в отставку
take a whack at,попробовать
take a while,потребует времени
take a wife,жениться
take a wrong turn at Albuquerque,свернул не туда в Альбукерке
take aback,поразить
take account of,учитывать
take across,перевезти через
take advantage of,использовать
take after,напоминать
take against,противостоять
take ages,занимать много времени
take aim,прицелиться
take air,вдыхать воздух
take an axe to,разрубить топором
take an interest in,интересоваться
take apart,разбирать
take away,забрать
take away from,отнимать у
take back,вернуть
take bread and salt,хлеб-соль
take by storm,взять штурмом
take by surprise,взять врасплох
take care of business,заниматься делами
take care of yourself,Берегите себя
take centre stage,быть в центре внимания
take charge,взять на себя ответственность
take check,получить чек
take cover,укрыться
take credit,брать на себя ответственность
take delight in,радоваться
take down,снять
take down a notch,уменьшить на ступень
take down a peg,снизить в должности
take drugs,употреблять наркотики
take easy,не переживай
take effect,вступать в силу
take fire,воспламениться
take flight,взлететь
take for,брать за
take for a ride,обманывать
take for a spin,прокатить
take for granted,принимать как должное
take form,принимать форму
take French leave,уйти без разрешения
take from behind,украсть со спины
take great pains,прилагать большие усилия
take guard,стоять на страже
take heed,будьте внимательны
take hold,захватить
take huff,сделать вдох
take ill,заболеть
take in,принимать
take into account,учитывать
take into consideration,учитывать
take it away,уберите это
take it easy,будь спокоен
take it on the lam,сбежать
take it or leave it,или берите или нет
take it or leave it alone,или берите, или оставьте
take it out in,выместить на ком
take it out of,вынуть из
take it out on,вымещать на ком-то
take it outside,вынеси это наружу
take it up the ass,Засунуть
take it upon oneself,взять на себя
take its rise,начинаться
take its toll,взять свое
take kindly,относиться доброжелательно
take leave of one's senses,потерять рассудок
take liberties,воспользоваться возможностью
take lightly,не воспринимать всерьёз
take matters into one's own hands,взять дело в свои руки
take measures,принимать меры
take no for an answer,считать отказ ответом
take no notice of,не обращать внимания
take no prisoners,не брать пленных
take note of,обратить внимание
take notice,обратить внимание
take occasion,использовать возможность
take off,взлетать
take offence,обидеться
take on,принимать на себя
take on faith,принять на веру
take on the chin,принимать удар
take on water,затопить
take one day at a time,жить одним днем
take one for the team,пойти на жертву ради команды
take one up,принять предложение
take one's ball and go home,уйти, хлопнув дверью
take one's chance,использовать свой шанс
take one's courage in both hands,набраться смелости
take one's eye off the ball,отвлекаться от главного
take one's eyes off,отводить взгляд
take one's hat off to,выражать восхищение
take one's hook,схватиться
take one's leave,прощаться
take one's medicine,принимать лекарство
take one's pick,выбирать на свой вкус
take one's sweet little time,не торопиться
take one's time,не торопиться
take out,вынимать
take out an onion,вынуть лук
take out in trade,обменять
take out of context,вырывать из контекста
take out the trash,вынести мусор
take over,перехватить
take part,участвовать
take place,проходить
take precedence,иметь приоритет
take pride,гордиться
take refuge,найти убежище
take responsibility,нести ответственность
take risks,идти на риск
take roll,отмечать присутствующих
take several seats,садитесь, пожалуйста
take shape,принимать форму
take sides,занимать сторону
take silk,брать шелк
take soil,брать почву
take somebody under one's wing,брать под опеку
take somebody's breath away,лишать дара речи
take somebody's mind off somebody,отвлечь от кого-либо
take somebody's mind off something,отвлечь от чего-либо
take someone for all they've got,обчистить кого-то до нитки
take someone out back,вывести кого-то во двор
take someone to brown town,отправить кого-то в ад
take someone to the grave,похоронить кого-то
take someone's arm,взять за руку
take someone's breath away,лишать дара речи
take someone's head off,отрубить голову
take someone's life,забрать чью-то жизнь
take someone's part,поддерживать кого-либо
take someone's word for it,верить кому-то на слово
take something as it comes,принимать как есть
take something as read,считать само собой разумеющимся
take something in one's stride,принимать как должное
take something in stride,принимать спокойно
take something with a pinch of salt,воспринимать с долей скептицизма
take steps,предпринять шаги
take stock,подвести итоги
take the biscuit,забрать печенье
take the bitter with the sweet,принимать хорошее и плохое вместе
take the cake,переплюнуть всех
take the count,считать голоса
take the cure,пройти курс лечения
take the fall,нести ответственность
take the fifth,отказаться давать показания
take the flak,принимать на себя критику
take the front seat,садитесь на переднее сиденье
take the game to,перенести игру на
take the gilt off the gingerbread,снять иллюзии
take the hint,понять намек
take the initiative,проявить инициативу
take the lead,лидировать
take the liberty,позволить себе
take the mask off,снять маску
take the meaning,понимать смысл
take the Michael,возьми Майкла
take the mick,издеваться
take the mickey,подшучивать
take the offensive,переходить в наступление
take the pee,издеваться
take the piss,издеваться
take the plunge,сделать решительный шаг
take the point,принять предложение
take the rap,нести ответственность
take the red pill,выбрать красную таблетку
take the reins,взять на себя управление
take the ride,прокатиться
take the shadow for the substance,принимать обман за правду
take the stand,выступать в качестве свидетеля
take the veil,выйти замуж
take the wheel,взять штурвал
take time,тратить время
take time by the forelock,брать быка за рога
take time off,взять отпуск
take time out,выкроить время
take to,принимать
take to court,подать в суд
take to heart,воспринимать близко к сердцу
take to one's heels,убежать
take to task,упрекать
take to the bank,отнести в банк
take to the cleaners,обмануть
take to the grave,унести с собой
take to the hills,уйти в горы
take to the stage,выходить на сцену
take turns,чередоваться
take under,под контролем
take up,заниматься
take up a collection,собрать пожертвования
take up for,защищать
take up the cudgel for,вступиться в защиту
take up the cudgels,вступиться в спор
take up the gauntlet,принять вызов
take up the hatchet,взять в руки топор
take up the running,начать бегать
take up with,сближаться с
take upon oneself,взять на себя
take with,брать с собой
take with a grain of salt,воспринимать с осторожностью
take with a pinch of salt,воспринимать с долей скептицизма
take your change out of that,возьмите сдачу из этого
take your oil,возьмите ваше масло
takes one to know one,Подобное притягивается к подобному
talent management,управление талантами
talk a blue streak,отпускать грубые слова
talk a good game,много говорить
talk a mile a minute,говорить без умолку
talk about,говорить о
talk about the weather,говорить о погоде
talk around,обходить тему
talk at,выступление
talk back,отвечать
talk dirty,говорить непристойно
talk down,опускать
talk down to,пренебрежительно разговаривать
talk in circles,говорить по кругу
talk into,убеждать
talk is cheap,Слова ничего не стоят
talk jockey,ведущий радиопередачи
talk like an apothecary,говорить как аптекарь
talk of the devil,как раз сейчас
talk out,обсудить
talk out of,убеждать
talk out of one's ass,говорить ерунду
talk out of one's ear,болтать без умолку
talk out of turn,говорить не к месту
talk over,перебивать
talk over someone's head,говорить над чьей-то головой
talk past,прошлое
talk round,убеждать
talk someone under the table,перебить кого-то
talk someone's ear off,болтать без умолку
talk the legs off a pot,болтать без умолку
talk the talk,говорить красиво
talk through,обсудить
talk through one's hat,говорить ерунду
talk to,говорить с
talk to a brick wall,разговаривать с глухим человеком
talk to God,говорить с Богом
talk to oneself,говорить с собой
talk to the hand,говори с ладонью
talk trash,болтать ерунду
talk turkey,говорить откровенно
talk up,хвастаться
talking head,говорящая голова
tall in the saddle,высокий в седле
tall oaks from little acorns grow,Из маленького желудя вырастают высокие д…
tall order,сложная задача
tall story,небылица
tall tale,байка
tall trees catch much wind,Высокие деревья сильно подвержены ветру
tally on,подсчитать
tally up,подсчитать
tamp down,уплотнять
tan out,загорать
tan someone's hide,наказать
tan up,загорать
tank up,заправиться
tant pis,ничего страшного
tap dance,танец на цыпочках
tap in,подключиться
tap into,использовать
tap off,отключить
tap on,нажать
tap or nap,нажать или вздремнуть
tap out,выбыть
tap up,набрать
tape off,отклеить
tape out,вывести на ленту
tape over,заклеить скотчем
tape up,заклеить скотчем
taper off,уменьшать
tar out,удалять нагар
tart up,приукрасить
task failed successfully,задача выполнена успешно
taste of one's own medicine,попробовать на своей шкуре
taste of one's own poison,попробовать на себе то, что навязываешь …
tat up,подтащить
tattle on,выдавать
teach away,отвлекать
teach grandma how to suck eggs,научить бабушку, как есть яйца
teach out,обучать
teach somebody a lesson,наказать кого-то
teach someone a lesson,наказать кого-то
teacher's pet,изгоден учителю
team up,объединиться
team up with,объединиться с
teamwork makes the dream work,командная работа помогает достичь цели
tear a cat,разорвать кошку
tear along,рвать вдоль
tear and wear,износ
tear apart,разрывать
tear at,рвать
tear away,отрывать
tear down,снести
tear into,разрывать
tear it up,разорвать
tear off,отрывать
tear one's hair out,вырывать волосы
tear out,вырывать
tear to shreds,разорвать на куски
tear up,рвать
tear up the dance floor,зажечь танцпол
tear up the pea patch,перекопать грядку с горохом
tears before bedtime,слезы перед сном
tease apart,разбирать по частям
tease out,выяснять
tech up,повышение квалификации
tee off,начать игру
tee up,подготовить
teed off,раздраженный
teem down,переполнять
teem with,быть полным
teensy weensy,крошечный
teeny weeny,крошечный
teething issues,проблемы на начальном этапе
teething problem,проблема на начальном этапе
teething trouble,первые трудности
teething troubles,первые трудности
telephone tag,телефонные перезвоны
tell against,говорить против
tell all,расскажи всё
tell apart,отличать
tell fortunes,гадать
tell it like it is,Говорить как есть
tell it to Sweeney,скажите это Свини
tell it to the hand,скажи это руке
tell it to the judge,скажите это судье
tell it to the marines,говорить морским пехотинцам
tell its own story,рассказывать свою историю
tell its own tale,рассказывать свою историю
tell me about it,расскажи мне об этом
tell me another one,расскажи ещё один
tell me something I don't know,Расскажи мне что-нибудь, чего я не знаю
tell of,рассказывать о
tell off,ругать
tell on,выдавать
tell someone where to shove it,пососать хуй
tell tales,рассказывать сказки
tell tales out of school,выдавать секреты
tell the truth,говорить правду
tell us another,расскажи еще
tell us another one,расскажи ещё одну
tell you the truth,говорить правду
tell you what,скажи мне что
temper temper,успокойся
tempest in a teapot,шумиха вокруг пустяка
temple of immensity,храм необъятности
tempt fate,испытывать судьбу
tempus fugit,время летит
ten a penny,не имеет значения
ten points for Gryffindor,десять баллов Гриффиндору
ten points from Gryffindor,десять баллов от Гриффиндора
ten points to Gryffindor,Десять баллов Гриффиндору
ten to one,десять к одному
ten will get you twenty,семь раз не отмашешь палкой
ten-cent word,простое слово
ten-dollar word,слово за десять долларов
tend to,стремиться
tenpence to the shilling,десять пенсов за шиллинг
tens across the board,единицы для всех
tense up,напрягаться
tentpole movie,кассовый хит
term of years,срок аренды
term of years absolute,бессрочный договор
term of years determinable,срок, определяемый по годам
term out,закончиться срок полномочий
terminally ill,в терминальной стадии
terms and conditions,условия использования
terra firma,твердая земля
territorial pissing,мечение территории
tertium non datur,третьего не дано
test bed,испытательный стенд
test out,протестировать
test someone's patience,испытывать терпение кого-либо
test the waters,прощупать почву
textbook case,типичный случай
than a bygod,чем у бога отобрать
thank one's lucky stars,благодарить судьбу
thank you all,спасибо всем
thank you very much,большое спасибо
thanks a bunch,большое спасибо
thanks a heap,большое спасибо
thanks a ton,большое спасибо
thanks be,спасибо
thanks for coming,спасибо, что пришли
thanks for nothing,спасибо за бесполезную помощь
thanks for your help,спасибо за помощь
thanks to,благодаря
thar she blows,Вот она
that ain't hay,это не сено
that ain't it,Это не то
that cock won't fight,Этот петух не будет драться
that does it,все, спасибо
that dog don't run,эта собака не бегает
that dog won't hunt,это не сработает
that ever walked on two legs,который когда-либо ходил на двух ногах
that figures,логично
that is to say,то есть
that old dog won't hunt,Эта старая собака не будет охотиться
that said,в связи с этим
that ship has already sailed,Этот поезд ушел
that ship has sailed,Этот поезд ушел
that train has left the station,Этот поезд уже ушел со станции
that was then; this is now,То было тогда, сейчас другое
that way,так
that way madness lies,там кроется безумие
that'll be the day,вот это будет день
that'll be the frosty Friday,это будет морозный пятница
that'll do,Это подойдет
that'll do it to you,это может тебя изменить
that'll learn someone,это кое-кому преподаст урок
that'll teach someone,это будет ему/ей урок
that's a bar,это бар
that's a pity,жаль
that's a shame,это жаль
that's a wrap,снято
that's about the size of it,примерно так
that's all Greek to me,Это для меня китайская грамота
that's all she wrote,Всё
that's all there is to it,Всё, это всё
that's as may be,как говорится
that's done it,Все, готово
that's flat,это плоско
that's Greek to me,Это для меня китайская грамота
that's how the cookie crumbles,такова жизнь
that's just me,это просто я
that's life,такова жизнь
that's me told,это я сказал
that's my,это моё
that's news to me,Это для меня новость
that's on period,это сейчас в моде
that's on periodt,Это круто
that's right,правильно
that's saying something,это многое значит
that's someone's funeral,это чья-то проблема
that's that,Всё
that's that on that,Всё, это всё
that's the bunny,это кролик
that's the spirit,Вот это дух
that's the story of one's life,такова жизнь
that's the thing,вот в чем дело
that's the ticket,вот оно что
that's the tip,это чаевые
that's the way it goes,так бывает
that's the way life is,такова жизнь
that's the way the ball bounces,так бывает
that's the way the cookie crumbles,такова жизнь
that's the way the mop flops,Вот так швабра и швабрается
that's too bad,Это очень жаль
that's wassup,что нового
that's what he said,он так сказал
that's what I call,так я это называю
that's what I'm talking about,Вот о чём я говорю
that's what she said,Вот что она сказала
that's what's up,Вот это да
that's why,поэтому
that's why they play the game,поэтому они и играют в эту игру
that's your lot,это всё, что у тебя есть
that's your sort,это ваш тип
thaw out,оттаивать
the arse is out of 'er,у неё закончились деньги
the ayes have it,голосование показало
the bad penny always comes back,плохая монета всегда возвращается
the bad penny always turns up,Неприятности всегда возвращаются
the ball is in someone's court,решение за кем-то
the bee's knees,самое лучшее
the beginning of the end,начало конца
the best defence is attack,лучшая защита - это нападение
the big picture,общая картина
the breath of life,дыхание жизни
the bride at every wedding,невеста на каждой свадьбе
the British are coming,британцы идут
the buck stops here,ответственность лежит на мне
the burnt child dreads the fire,Жалеющий ожогов ребенок боится огня
the burnt child fears the fire,Ребёнок, обжегшийся, боится огня
the cake is a lie,торт - это ложь
the camera never lies,камера никогда не лжет
the carpet matches the drapes,ковёр сочетается с шторами
the case rests,дело решено
the cat's out of the bag,секрет раскрыт
the cat's pajamas,самое лучшее
the cat's pyjamas,самое лучшее
the chickens come home to roost,возмездие настигло
the chuff,хрюканье
the closet is glass,Шкаф сделан из стекла
the closet is made of glass,Шкаф сделан из стекла
the coast is clear,все чисто
the cobbler's children go barefoot,дети сапожника ходят босиком
the computer says no,компьютер говорит нет
the corpse at every funeral,тело на каждой похоронах
the cupboard is bare,шкаф пуст
the curtain falls,занавес опускается
the curtains match the drapes,шторы сочетаются с гардинами
the customer is always right,клиент всегда прав
the cutting edge,передовая технология
the damage is done,Ущерб нанесен
the dear knows,дорогая знает
the deuce you say,Что ты сказал
the devil,дьявол
the devil a one,дьявол один
the devil is a liar,дьявол лжет
the devil is in the detail,дьявол кроется в деталях
the devil is in the details,дьявол кроется в деталях
the devil looks after his own,дьявол заботится о своих
the Devil take the hindmost,кто не успел, тот опоздал
the devil you know,дьявол, которого ты знаешь
the devil you say,Что ты говоришь
the dickens you say,Что за чертовщина ты говоришь
the die is cast,все решено
the dog ate my homework,Собака съела мою домашнюю работу
the dose makes the poison,доза определяет яд
the drinks are on me,Я угощаю
the early bird catches the worm,Кто рано встаёт, тому Бог подаёт
the early bird gets the worm,Кто рано встаёт, тому Бог подаёт
the Earth kept spinning,Земля продолжала вращаться
the end,конец
the end justifies the means,цель оправдывает средства
the end of one's rope,быть на грани отчаяния
the ends justify the means,цель оправдывает средства
the fact that,тот факт что
the fat hit the fire,жир попал на огонь
the fat is in the fire,все серьезно
the feathers fly,перья летят
the feezy,мороженое
the fewer the better fare,чем меньше, тем лучше, цена приемлемая
the final straw,последняя капля
the finest,лучший
the finger,палец
the fish rots from the head,рыба гниет с головы
the fix is in,все решено
the forbidden fruit tastes the sweetest,Запретный плод сладок
the freaks come out at night,сумасшедшие выходят ночью
the frosting on the cake,глазурь на торте
the fuck,чёрт
the fuckola,ерунда
the fur flies,начинается скандал
the future is now,Будущее наступило
the game is up,игра окончена
the genie's out of the bottle,Джинн вылетел из бутылки
the ghost walks,призрак бродит
the girls are fighting,девочки ссорятся
the gods smile on someone,боги благословят кого-то
the good die young,хорошие люди умирают молодыми
the good doctor,добрый доктор
the good old days,старые добрые времена
the grapes are sour anyway,вино из них всё равно получится кислым
the grass is always greener,трава всегда зеленее там
the half of it,половина
the handbags come out,сумки выходят
the handwriting is on the wall,видно, что произойдет что-то плохое
the hard way,трудно
the Hatfields and the McCoys,Гэтфилды и Маккой
the heart wants what it wants,сердце желает того, чего хочет
the heat is on,напряжение растет
the heat of the moment,в пылу момента
the heavens open,небо разверзлось
the hell you say,что ты сказал
the hit dog hollers,Собака, которую ударили, лает
the house always wins,дом всегда побеждает
the icing on the cake,вишенка на торте
the ink was not even dry,чернила еще не высохли
the Internet never forgets,Интернет не забывает
the jig is up,все кончено
the job is oxo,работа хорошая
the job's a good 'un,Это хорошая работа
the joke is on someone,шутка над кем-то
the joke's on someone,шутка над кем-то
the jokes write themselves,шутки сами пишутся
the juice is worth the squeeze,Это стоит того, чтобы приложить усилия
the jury is still out,решение еще не принято
the knives are out,ножи обнажены
the lady doth protest too much,леди слишком много протестует
the last gasp of something,последний вздох чего-либо
the last I heard,насколько я знаю
the last of pea-time,последний из горохового времени
the last straw,последняя капля
the latchstring is out,дверь открыта
the law is a ass,закон - сволочь
the law is an arse,закон - сволочь
the law is an ass,закон - глупость
the length of the Flemington straight,длина прямой трассы Флемингтона
the line is busy,линия занята
the lion's share,львиная доля
the long way around the barn,косвенный путь
the longest pole knocks the persimmon,самый длинный шест сбивает хурму
the longest purse knocks the persimmon,самый длинный кошелек толкает хурму
the Lord works in mysterious ways,Бог вершит свои дела таинственным образо…
the man of one's dreams,мужчина мечты
the map is not the territory,Карта - это не территория
the math ain't mathing,математика не работает
the math is mathing,математика работает
the measles,корь
the middle ground,золотая середина
the middle of nowhere,середина нигде
the mind boggles,разум отказывается понимать
the mixture as before,смесь как прежде
the moment that,в тот момент когда
the moon on a stick,луна на палочке
the moral high ground,моральное превосходство
the more the merrier,чем больше, тем лучше
the more you know,чем больше знаешь
the natives are getting restless,местные жители начинают проявлять беспок…
the natives are restless,местные жители недовольны
the nerve of,дерзость
the night is young,ночь молода
the nose knows,нос чует
the old guard,старая гвардия
the oldest trick in the book,самый старый трюк
the one that got away,упущенная возможность
the other day,на днях
the other white meat,другое белое мясо
the pantaloons off,снять штаны
the pants off,снять брюки
the party is over,вечеринка закончилась
the penny drops,дошло
the pick of something,лучшее из чего-либо
the pleasure is all mine,Взаимно
the plot thickens,сюжет усложняется
the powers that be,те, кто у власти
the promised land,обетованная земля
the proof is in the eating,Правда проверяется делом
the proof is in the pudding,правда подтверждается делом
the quality,качество
the rabbit died,кролик умер
the race that stops a nation,гонка, которая останавливает страну
the rest is gravy,остальное не имеет значения
the rest is history,остальное - история
the revolution will not be televised,революцию не покажут по телевизору
the rich get richer,богатые становятся богаче
the rubber hits the road,начинаются реальные действия
the rubber meets the road,теория должна быть подтверждена практико…
the same mixture as before,та же смесь что и раньше
the schoolmaster is abroad,учитель находится за границей
the second mouse gets the cheese,вторая мышь поймала сыр
the seven bells,семь колоколов
the shape of things to come,предвестник будущего
the sharp end,острый конец
the shirt off one's back,снять рубашку со спины
the shoemaker's children go barefoot,Дети сапожника ходят босиком
the shoemaker's son always goes barefoot,сын сапожника всегда ходит босиком
the show must go on,шоу должно продолжаться
the sky fell in,небо рухнуло
the sky is the limit,нет предела возможностям
the sky's the limit,нет предела возможностям
the something of one's dreams,мечты
the spirit moves someone,дух веет
the spoils belong to the victor,Добыча достается победителю
the squeaky wheel gets the grease,Кто громче жалуется, тот и получает боль…
the squeaky wheel gets the oil,Кто громче жалуется, тот и получает боль…
the story goes,так гласит легенда
the streets are paved with gold,улицы вымощены золотом
the struggle is real,борьба идет полным ходом
the sun is over the yardarm,пора выпить
the sun sets on something,солнце садится над чем-то
the tackies hit the tar,кроссовки попали на асфальт
the tail wags the dog,хвост виляет собакой
the terrorists will have won,террористы победят
the thick plottens,густые заросли
the thing is,вот в чем дело
the thing of it,суть дела
the thumbs down,дизлайк
the thumbs up,большой палец вверх
the time has come,пришло время
the tip of the iceberg,вершина айсберга
the toilet is clogged,унитаз засорен
the trash takes itself out,мусор сам выносится
the truth is in the wine,истина в вине
the truth that,истина что
the turns have tabled,поворот был отложен
the upper hand,верхнее положение
the very thing,самая суть
the victor gets the spoils,победитель забирает всё
the vultures are circling,Грифы кружат над головой
the way things are going,как идут дела
the wheel has come full circle,все вернулось на круги своя
the wheel turns,колесо вращается
the wheels came off,все пошло не так
the wheels came off the bus,у автобуса отвалились колеса
the wheels came off the wagon,колёса отвалились от телеги
the wheels fall off,колеса отваливаются
the wheels fell off,колеса отвалились
the wheels fell off the bus,колеса отвалились от автобуса
the wheels fell off the wagon,колёса отвалились от телеги
the whistle doesn't pull the train,свисток не тянет поезд
the whole world and his dog,весь мир и все вокруг
the winner takes it all,победитель забирает всё
the wolf is at the door,волк у порога
the woman of one's dreams,женщина мечты
the word is go,идти
the world is one's lobster,мир - это твоя раковина
the world is someone's oyster,весь мир у его ног
the world kept spinning,мир продолжал вращаться
the world over,по всему миру
the world owes one a living,мир должен обеспечить тебе достойную жиз…
the worse for wear,в плохом состоянии
the writing is on the wall,видно, что произойдет
the wrong side of,неправильная сторона
them that has gets,те, у кого есть, получают
them what has gets,что у них есть
them's the breaks,таковы дела
them's the facts,Вот факты
then again,снова
then and in that event,тогда и в этом случае
then and there,тогда и там
there and back,туда и обратно
there are no atheists in foxholes,В окопах нет атеистов
there are no stupid questions,Не бывает глупых вопросов
there for everyone to see,на всеобщее обозрение
there goes the neighborhood,Этот район портится
there goes the neighbourhood,Вот это да
there is no doubt that,нет сомнений что
there is no free lunch,Бесплатных обедов не бывает
there is no honor among thieves,между ворами нет чести
there is no honour among thieves,между ворами нет чести
there is no Planet B,планеты Б не существует
there is no replacement for displacement,нет замены смещению
there is no spoon,ложки нет
there is no telling,невозможно предсказать
there is safety in numbers,в единстве сила
there is something in the water,что-то в воде
there is strength in numbers,В единстве сила
there is the rub,вот в чем проблема
there lies the rub,вот в чем загвоздка
there one has it,у него есть
there ought to be a law,должен быть закон
there oughta be a law,должен быть закон
there oughtta be a law,должен быть закон
there she blows,вот она всплыла
there we go,Вот и все
there you are,вот ты где
there you go,вот и все
there you have it,Вот и все
there's a first time for everything,У всего есть начало
there's a good time coming,впереди хорошее время
there's a lid for every pot,Для каждой кастрюли есть крышка
there's a sucker born every minute,На свете каждый миг рождается кто-то, ко…
there's a thought,вот мысль
there's always a bigger fish,всегда найдется кто-то сильнее
there's been an accident,произошла авария
there's more where that came from,там ещё много такого же
there's no "there" there,там нет ничего
there's no accounting for taste,У каждого свой вкус
there's no business like show business,Нет бизнеса лучше, чем шоу-бизнес
there's no I in team,В команде нет места для эгоизма
there's no place like home,Нет места лучше дома
there's no shame in my game,Я не стыжусь своих поступков
there's no smoke without fire,Нет дыма без огня
there's no there there,там нет ничего
there's no time like the present,Не откладывай на потом
there's no use,это бесполезно
there's nothing to it,Это очень просто
there's nowt so queer as folk,каждый странен по-своему
there's one born every minute,кажется, каждый день рождается кто-то но…
there's the rub,вот в чем проблема
thereby hangs a tale,вот из чего выросла эта история
therein lies the rub,вот в чем загвоздка
these things happen,такое случается
they say,говорят
they should have sent a poet,там нужно было отправить поэта
they'll do it every time,они будут делать это каждый раз
they're only after one thing,они хотят только одного
thick and thin,в горе и в радости
thick and threefold,толстый и тройной
thick as a brick,толстый как кирпич
thick as thieves,неразлучные как братья
thick end,толстый конец
thick of things,в гуще событий
thick skin,толстая кожа
thicken up,уплотнить
thicker than a Snickers,Толще, чем батончик Snickers
thief in the night,вор в ночи
thieve out,украсть
thin air,в воздухе
thin down,разбавлять
thin end of the wedge,начало процесса
thin out,разжижать
thin the herd,проредить стадо
thin up,похудеть
thing is,вот в чем дело
thing of the past,прошлое
think about,подумать
think again,подумайте ещё раз
think aloud,думать вслух
think back,вспомнить
think better of something,передумать
think for oneself,думать самостоятельно
think highly of,высоко ценить
think nothing of doing something,не думать об этом
think nothing of it,не беспокойтесь
think of,думать о
think of England,подумай об Англии
think on,думать о
think on one's feet,быстро соображать
think one hung the moon,думаю, он повесил луну
think one is God's own cousin,считать, что кто-то - кузен Бога
think one's shit doesn't stink,считать, что свои недостатки не замечаеш…
think out,продумать
think out loud,думать вслух
think outside the box,мыслить нестандартно
think over,подумать
think tank,аналитический центр
think the world of,очень ценить
think through,продумать
think twice,подумать дважды
think up,придумать
think with one's little head,думать своей головой
thinking cap,шляпа мысли
thinking man's,для думающих людей
third hand,третья рука
third string,третья струна
third time is the charm,третья попытка удастся
third time lucky,в третий раз повезет
third time pays for all,третий раз не значит сглаз
third time's a charm,третья попытка удастся
third time's the charm,третья попытка удастся
third wheel,лишний человек
thirteenth reason why,тринадцатая причина
this day six months,шесть месяцев назад
this is not a drill,Это не шутка
this is someone,это кто-то
this is the life,вот она, жизнь
this is war,это война
this is where I came in,Вот где я вошел
this is where we came in,Мы здесь начинали
this mean time,это местное время
this means war,это значит война
this minute,сейчас
this much,столько
this too shall pass,это тоже пройдет
this too shall pass away,и это пройдет
thorn in someone's side,колючка в боку
thorn in the flesh,терни в плоти
those that have get,те, у кого есть
those that have get more,те, у кого есть, получают больше
those were the days,То были времена
those who have get,те, у кого есть
those who have get more,те, у кого есть, получают больше
those who know,те, кто знает
thought bubble,облачко мыслей
thoughts and prayers,мысли и молитвы
thrash about,метаться
thrash out,обсуждать
thread of thought,нить мысли
thread the needle,продеть нитку в иголку
three green,три зелёных
three guys in a garage,три парня в гараже
three hots and a cot,проживание и питание
Three Musketeers,Три мушкетёра
three score and ten,семьдесят
three sheets to the wind,пьяный
three skips of a louse,три прыжка блохи
three squares,три квадрата
Three Stooges,Трое неразлучных
three strikes and you're out,три удара и ты выбываешь
three times a charm,в третий раз повезет
three's a crowd,втроём тесно
three-dog night,ночь, когда очень холодно
three-martini lunch,обед с мартини
three-ring circus,цирк с тремя шатрами
thresh out,обсуждать
thrill kill,убийство ради острых ощущений
thrill killer,убийца-маньяк
thrill of the hunt,азарт охоты
thrills and spills,приключения и опасности
throttle down,снижать обороты
through and through,насквозь
through the ceiling,сквозь потолок
through the eyes of,глазами кого-либо
through the floor,сквозь пол
through the gate,через ворота
through the hawsehole,через бортовой люк
through the lens of,через призму
through the looking glass,Сквозь зеркало
through the looking-glass,сквозь зеркало
through the mill,через все трудности
through the roof,до небес
through the wazoo,до небес
through thick and thin,в горе и в радости
throw a bone to,бросить кость
throw a fit,выпасть из себя
throw a kiss,поцеловать в знак приветствия
throw a spanner in the works,свести на нет
throw a tantrum,выпендриваться
throw a wet blanket on,охладить энтузиазм
throw a wobbly,теряться
throw a wrench in,поставить палку в колеса
throw a wrench in the gears,внести сумятицу
throw a wrench in the works,поставить палку в колеса
throw about,бросать вокруг
throw an ant into a sty,бросить муравья в свинарник
throw an eye,бросить взгляд
throw aside,отбросить
throw away,выбрасывать
throw away the key,бросить ключ
throw back,отбрасывать
throw by,бросок от
throw caution to the wind,бросать предостережения за борт
throw cold water on,отражать энтузиазм
throw down,бросить
throw down the gauntlet,бросить вызов
throw dust in someone's eyes,запутывать
throw good money after bad,выбрасывать хорошие деньги на плохие
throw in,добавить
throw in at the deep end,бросать в воду с головой
throw in the towel,сдаться
throw in with,присоединиться
throw it back,отдавать
throw light on something,пролить свет на что-либо
throw money away,тратить деньги впустую
throw of the dice,бросок костей
throw off,сбрасывать
throw off balance,нарушить равновесие
throw off on,сбивать с толку
throw off the trail,сбить с толку
throw on,накинуть
throw one's cap over the windmill,бросать головную тряпку на мельницу
throw one's hat in the ring,выдвигаться кандидатом
throw one's hat over the fence,перейти черту
throw one's hat over the wall,бросить перчатку
throw one's hat over the windmill,бросать вызов
throw one's hotdog down someone's hallway,бросить хот-дог в коридор к кому-то
throw one's voice,изменять голос
throw one's weight around,злоупотреблять властью
throw one's weight behind,поддерживать
throw oneself at,бросаться навстречу
throw oneself behind,поддерживать
throw oneself into,погрузиться
throw out,выбрасывать
throw over,перекидывать
throw overboard,выбросить за борт
throw shapes,вытворять фигуры
throw someone a rope,помочь кому-то
throw spaghetti at the wall,пробовать разные варианты
throw stones,бросать камни
throw stones in a glass house,бросать камни в стеклянный дом
throw the book at,строго наказывать
throw the bull,бросить быка
throw the bull around,отрицать
throw them bows,бросьте им луки
throw to the dogs,бросить собакам
throw to the wind,бросать на ветер
throw to the wolves,бросить волками
throw together,собрать на скорую руку
throw up,рвать
throw up one's hands,поднять руки вверх
throw up the sponge,сдаться
throw up to,поднимать
throw wobblies,вызывать сомнения
thrust out,выдвигать
thrutch up,подниматься вверх
thud and blunder,стук и ошибка
thug it out,выдержать
thumb a ride,автостопом
thumb down,отрицательный отзыв
thumb on the scale,подталкивание
thumb one's nose,показать язык
thumb through,пролистать
thus and so,таким образом и таким образом
thus and such,таким образом и такие
thus far,до сих пор
tib out,выходить
tick a lot of boxes,удовлетворять многим требованиям
tick all the boxes,поставить галочку во все поля
tick and flick,быстро и ловко
tick and tie,галстук и рубашка
tick and toy,клещ и игрушка
tick away,тикать
tick by,тикать
tick down,обратный отсчет
tick off,отметить
tick on,отметить
tick over,работать вхолостую
tick past,тикает
tick-tock biological clock,биологические часы
ticket to ride,билет на поезд
tickle pink,развеселить
tickle someone's funny bone,рассмешить кого-то
tickle someone's pickle,щекотать
tickle the dragon's tail,пощекотать дракону хвост
tickle the ear,щекотать ухо
tickle the sausage,пощекотать колбасу
tickle the wire,пощекотать провод
tickled pink,в восторге
tidally locked,синхронно вращающийся
tide nor time tarrieth no man,время не ждет никого
tide over,пережить трудный период
tidy up,прибрать
tie back,завязать сзади
tie down,привязать
tie in,связь
tie in knots,запутываться
tie in with,соответствовать
tie into,связывать
tie off,завязать
tie one on,выпить
tie oneself in knots,запутываться
tie out,привязывать
tie over,завязывать
tie someone's hands,связать руки
tie the knot,жениться
tie to,связь с
tie up,завязывать
tie up loose ends,завершить незавершенное
tied in knots,в узлах
tiger of a different stripe,тигр другого сорта
tight as Dick's hatband,Очень туго
tight lips,заговорщический взгляд
tight ship,в порядке
tight spot,трудное положение
tight squeeze,теснота
tighten down,затянуть
tighten the purse strings,затянуть пояса
tighten up,ужесточить
tighter than Dick's hatband,Очень туго
tighty whities,трусы-шорты
till all hours,до поздней ночи
till death do us part,пока смерть не разлучит нас
till next time,до следующей встречи
till the cow come home,пока не лопнет
till the cows come home,пока не прибегут коровы
till time,до тех пор как
till we meet again,до новой встречи
tilt at windmills,бороться с ветряными мельницами
time after time,снова и снова
time alone will tell,только время покажет
time and again,снова и снова
time and material,по факту выполненных работ и затраченных…
time and tide,время и приливы
time and time again,снова и снова
time back,вернуть время
time bandit,воровай времени
time burglar,вор-времящик
time crime,преступление, связанное со временем
time flies,время летит
time flies when you're having fun,Время летит незаметно, когда тебе весело
time forgot,время забыло
time hangs heavily,время тянется медленно
time hangs heavy,время тянется
time heals,Время лечит
time heals all hurts,Время лечит все раны
time heals all sorrows,время лечит все раны
time heals all things,Время лечит все раны
time heals all wounds,Время лечит все раны
time heals every wound,Время лечит все раны
time in,время
time is a flat circle,Время - это замкнутый круг
time is a great healer,Время лечит
time is money,Время - деньги
time is of the essence,Время имеет решающее значение
time is on one's side,время на его стороне
time is ripe,время пришло
time is short,время невелико
time is the great healer,Время лечит
time is ticking,Время идет
time is up,Время вышло
time it out,ограничить по времени
time of old,старые времена
time of one's life,лучшие моменты жизни
time off,выходной
time out,тайм-аут
time out of mind,с давних времен
time over,время вышло
time past,прошедшее время
time stands still,время застыло
time thief,вор времени
time to make the donuts,пора печь пончики
time will tell,время покажет
time window out,тайм-аут
time you got a watch,когда ты купил часы
time's a-wasting,Время уходит
time's up,Время вышло
times past,прошедшие времена
timing is everything,время решает все
tin god,божество из олова
tin-pot dictatorship,мелкая диктатура
Tinker to Evers to Chance,Тинкеру Эверса Чансу
tinker up,чинить
tip back,отклонить назад
tip down,наклон вниз
tip it down,наклони вниз
tip of the hat,поднятие шляпы
tip of the ice cube,кончик кубика льда
tip of the iceberg,верхушка айсберга
tip off,подсказать
tip one's hat,снимать шляпу
tip out,вывалиться
tip over,перевернуться
tip the scale,перевесить чашу весов
tip the scales,перевесить чашу весов
tip the wink,подмигнуть
tip up,поднять вверх
tiptoe around,обходить стороной
tiptoe through a minefield,осторожно обходить опасные места
tire fire,пожар шин
tire out,уставать
tired and emotional,уставший и эмоциональный
tit about,о титане
tit for tat,око за око
tit up,поднять грудь
tits or GTFO,Или уходи
tits up,вверх ногами
tl dr,коротко
to a degree,в некоторой степени
to a desire,к желанию
to a fare thee well,до свидания
to a fare you well,до свидания
to a fare-thee-well,до предела
to a fare-you-well,до последнего
to a fault,до крайности
to a fine fare-thee-well,до свидания
to a first approximation,приблизительно
to a great extent,в значительной степени
to a greater extent,в большей степени
to a hair,до волоса
to a large extent,во многом
to a lesser extent,в меньшей степени
to a man,мужчине
to a nicety,безупречно
to a T,безупречно
to a tee,безупречно
to a tick,к клещу
to a tittle,до мельчайшей детали
to a turn,по очереди
to all appearance,по всем видимым признакам
to all appearances,по всем видимым признакам
to all intents and purposes,по всем признакам
to an extent,в определенной степени
to and fro,туда и обратно
to arms,к оружию
to be continued,продолжение следует
to be early days,слишком рано говорить
to be fair,справедливо говоря
to be honest,честно говоря
to be named later,будет объявлено позже
to be on the safe side,на всякий случай
to be precise,чтобы быть точным
to be reckoned with,с которым нужно считаться
to be sure,быть уверенным
to be truthful,честно говоря
to beat the band,превзойти всех
to begin with,в первую очередь
to bits,на кусочки
to boot,вдобавок
to cap it all,чтобы подвести итог
to crown it all,чтобы завершить все это
to date,на данный момент
to death,до смерти
to die for,умереть за что-то
to distraction,до отвлечения
to do with,иметь отношение к
to each his own,каждому своё
to each their own,каждому своё
to err is human,ошибки свойственны человеку
to go,идти
to God,Богу
to hand,вручную
to have and to hold,любить и быть верным
to heel,к пятке
to hell,в ад
to hell and back,до ада и обратно
to hell in a handbasket,к чертям собачьим
to hell with,к черту
to high heaven,до небес
to let,позволить
to little avail,практически бесполезно
to make matters worse,чтобы усугубить ситуацию
to meward,к награде
to my mind,по моему мнению
to name a few,несколько примеров
to no avail,безуспешно
to no purpose,бесполезно
to one's advantage,в свою пользу
to one's bone,до костей
to one's bones,до костей
to one's credit,к чести кого-либо
to one's dying day,до самой смерти
to one's face,в лицо
to one's feet,на ноги
to one's heart's content,по своему желанию
to one's knowledge,насколько мне известно
to one's mind,по мнению
to one's name,от имени кого-либо
to one's own cheek,по своей щеке
to one's rescue,на помощь
to one's way of thinking,в соответствии со своим образом мышления
to order,заказать
to overflowing,до краёв
to perfection,до совершенства
to pieces,на части
to reckon with,считаться с
to rights,права
to save one's life,спасти жизнь
to say nothing of,не говоря уже о
to say the least,мягко говоря
to scale,масштабировать
to some degree,в некоторой степени
to some extent,в некоторой степени
to someone's credit,в чью-то пользу
to someone's face,в лицо
to someone's liking,по вкусу кому-то
to someone's taste,по вкусу кому-то
to spare,экономить
to speak of,говорить о
to sum up,подвести итог
to taste,пробовать
to tell the truth,честно говоря
to tell you the truth,честно говоря
to that effect,в связи с этим
to that end,в связи с этим
to the backbone,до костей
to the best of one's knowledge,насколько мне известно
to the bone,до костей
to the bones,до костей
to the brim,до краёв
to the contrary,наоборот
to the core,до глубины души
to the day,до дня
to the death,до смерти
to the effect,влияя
to the end of the chapter,до конца главы
to the end of time,до конца времён
to the exclusion of,без учета
to the extent that,насколько
to the fore,на передний план
to the full,в полной мере
to the fullest,в полной мере
to the gills,до краёв
to the gods,богам
to the good,к лучшему
to the gunnels,к борту
to the gunwales,до бортов
to the hilt,до предела
to the last,до конца
to the last man,до последнего человека
to the left,слева
to the letter,дословно
to the life,к жизни
to the limit,до предела
to the marrow,до костей
to the max,до предела
to the moon,на луну
to the moon and back,до луны и обратно
to the nines,во всеоружие
to the nth degree,до степени n
to the point,по существу
to the power of,в степени
to the prejudice of,в ущерб
to the purpose,для цели
to the quick,до глубины души
to the rafters,до потолка
to the rescue,на помощь
to the tee,безупречно
to the tonsils,в миндалины
to the top of one's bent,до предела своих возможностей
to the touch,на ощупь
to the tune of,в ритме
to the turn of a hair,до мельчайших деталей
to the victor belong the spoils,Победа достается сильнейшему
to the victor go the spoils,Победа достается сильнейшему
to the victor the spoils,Победа достается сильнейшему
to the wide,в широкие
to thine own self be true,Будь верен себе
to this day,по сей день
to this effect,в связи с этим
to this end,в этой связи
to those it may concern,Тем, кому это может быть интересно
to time,по времени
to top it all,чтобы все это усугубить
to top it off,чтобы все стало еще лучше
to what extent,в какой степени
to whom it may concern,кому это может быть полезно
to whom this may concern,кому это может быть полезно
to wit,а именно
to your health,за ваше здоровье
toast of the town,главная тема обсуждений
toast up,поджарить
today we are all,сегодня мы все
toddle off,ковылять
toe in,пальцем ноги
toe out,разводные пальцы
toe the line,следовать правилам
toes up,умер
together with,вместе с
toil and moil,тяжелый труд
toke up,занимать
tokens get spent,токены расходуются
told you,я же говорил
told you so,Я же говорил
tomayto tomahto,Как угодно
tomorrow is another day,завтра будет новый день
tomorrow never comes,завтра никогда не наступит
tone down,смягчать
tone in,тон
tone up,подтянуть
tone with,в тон с
tonsil hockey,миндалиночный хоккей
tonsil tennis,теннис для миндалин
too bad,жаль
too big for one's boots,зазнаться
too big for one's britches,зазнался
too clever by half,слишком умный для своего блага
too cool for school,слишком крут для школы
too good for this world,слишком хорош для этого мира
too good to be true,слишком хорошо чтобы быть правдой
too hot to hold,слишком горячий, чтобы держать
too late,слишком поздно
too little too late,слишком поздно
too long; didn't read,слишком долго; не читал
too many balls in the air,слишком много задач одновременно
too many chefs spoil the broth,Много поваров портят кашу
too many cooks spoil the broth,Много поваров - каша не сварится
too many cooks spoil the soup,Много поваров - большая беда
too many cooks spoil the stew,Много поваров - каша не сварится
too many cooks spoils the broth,Много поваров - каша не сварится
too much,слишком много
too much of a good thing,слишком много хорошего
too much water drowned the miller,Вода затопила мельника
too rich for one's blood,слишком дорого
too right,совершенно верно
tool around,ездить без дела
tool up,подготовиться к производству
tools of trade,инструменты труда
toora loora,неизвестно
toot one's own horn,хвастаться
toothpaste is out of the tube,зубная паста закончилась
top and tail,верх и низ
top banana,главный
top cat,главный кот
top dog,главный
top dollar,по самой высокой цене
top drawer,верхний ящик
top end of town,лучший район города
top it off,завершить
top notch,высшего качества
top of mind,в приоритете
top of the hour,каждый час
top of the line,высшего качества
top of the morning,доброе утро
top of the shop,вершина иерархии
top off,долить
top oneself,убить себя
top out,достичь предела
top shelf,верхняя полка
top the charts,занимать первое место в чартах
top to bottom,сверху вниз
top up,пополнить
top-heavy with drink,пьяный до беспамятства
topple over,перевернуться
torch down,рулонная кровля
torch up,поджечь
torque off,отключить крутящий момент
torque up,затянуть
torqued off,раздражённый
tosh up,подделать
toss and turn,ворочаться во сне
toss around,бросать
toss away,выбрасывать
toss down,бросить вниз
toss in,добавить
toss in with,добавить
toss it in,брось туда
toss off,бросить
toss out,выбросить
toss together,смешать
toss up,бросок
tot lot,детская площадка
tot up,подсчитать
total package,полный комплект
total up,суммировать
totally disconnected,полностью отключен
totally ordered,полностью упорядоченный
tote up,подсчитать
totus porcus,свинья
touch a nerve,задеть за живое
touch and go,на волоске
touch base,связаться
touch down,посадка
touch in,касание
touch off,провоцировать
touch on,затронуть
touch oneself,касаться себя
touch out,касаться
touch the hem of someone's garment,прикоснуться к краю одежды кого-либо
touch up,подправить
touch upon,затрагивать
touch wood,стучать по дереву
tough as nails,крепкий как камень
tough bananas,неспелые бананы
tough beans,сложно
tough break,тяжелая новость
tough call,сложное решение
tough case,сложный случай
tough cookies,крепкие орешки
tough going,тяжело
tough it out,выдержать
tough love,суровая любовь
tough luck,тяжелая участь
tough out,выдержать
tough sledding,тяжело
tough tacos,твёрдые тако
tough tarts,крепкие пирожные
tough titty,Вот тебе и есть
tough titty said the kitty,Вот тебе и всё
tough toodles,сложные завитушки
tough tooshie,жесткая попа
tough tuchus,крепкая попа
tough tushie,жесткая попа
toughen up,укреплять
toujours perdrix,всегда перепелка
towel down,снять полотенце
towel off,вытирать
towel up,завернуть полотенцем
tower over,возвышаться над
town and gown,студенты и преподаватели
toy with,игрушка
toys in the attic,игрушки на чердаке
trace down,выследить
trace out,прослеживать
track down,выследить
track record,репутация
track with,следить за
tractor out,трактор выехал
trade away,обменивать
trade down,переходить на более дешевый вариант
trade hands,переходить из рук в руки
trade in,обмен
trade off,компромисс
trade up,улучшить
trail away,затухать
trail behind,отставать
trail off,затихать
trailer park trash,мусорня
trailer trash,отбросы общества
train up,обучать
train wreck,катастрофа
trample out,затаптывать
trance out,выходить из транса
transform and roll out,трансформировать и внедрять
trap and trace,ловушка и отслеживание
trap in,в ловушку
trap out,вывести пчёл
trash out,выбрасывать мусор
tread carefully,осторожно
tread down,топтать
tread lightly,действовать осторожно
tread on,наступать
tread on someone's toes,задевать чувства кого-либо
tread out,вытаптывать
tread the boards,играть в театре
tread upon,наступать на
treat of,рассказывать о
tremble and obey,дрожать и подчиняться
trench mouth,стоматит
trenything is possible,Все возможно
trial and error,метод проб и ошибок
trial balloon,пробный шар
trial by fire,испытание огнем
trial by media,судебный процесс в СМИ
trials and tribulations,испытания и трудности
trice up,поднять
trick of the trade,секрет мастерства
trick off,обман
trick or treat,угощайся или отвали
trick out,тюнинговать
trick question,хитрый вопрос
trick up,хитрость
trick up one's sleeve,козырь в рукаве
tricked out,модернизированный
trickle down,эффект домино
tried and tested,проверенный временем
tried and trusted,проверенный и надежный
trifle with,играть
trim down,уменьшить
trim up,подстричь
trip out,удивляться
trip over,споткнуться
trip over oneself,спотыкаться
trip to the woodshed,поездка в дровяной сарай
trip up,споткнуться
triple down,увеличить ставку
trog off,уходить
trolley off,сходит с тележки
troon out,выводить на экран
trophy wife,жена-трофей
trot off,быстро убежать
trot out,выставлять напоказ
trotter case,дело о скандале
trouble at mill,проблемы на заводе
trouble in paradise,проблемы в раю
truck in,грузовик
truck out,вывозить на грузовике
true blue,настоящий друг
true colours,настоящие цвета
true stripes,настоящие полосы
true to form,как обычно
true up,привести в соответствие
truly yours,искренне ваш
Trump bump,Эффект Трампа
Trump slump,Спад, связанный с Трампом
trump up,сфабриковать
trundle along,медленно двигаться
truss up,связать
trust me bro,доверься мне, братан
trust someone to,доверять кому-то
trust the process,доверяйте процессу
truth be told,если честно
truth is stranger than fiction,реальность часто бывает удивительнее вым…
truth will out,правда восторжествует
try as one may,как бы ты ни старался
try as one might,как бы ни старался
try it on,попробовать
try on,примерять
try on for size,попробуй на себя
try one's hand,попробовать себя
try one's hand at something,попробовать себя в чем-то
try one's luck,попробовать удачу
try out,попробовать
try the veal,попробуйте телятину
tua culpa,твоя вина
tube steak,колбаса
tuck away,прятать
tuck in,заправить
tuck into,заправлять
tuck out,заправить
tuck up,заправлять
tucker out,устать
tug at,тянуть
tug of war,перетягивание каната
tug one's forelock,почесать затылок
tulip mania,тюльпаномания
tumble down,падать
tumble in,кувыркаться
tumble on,споткнуться
tumble to,падать
tumble together,кататься вместе
tumble up,переворачиваться вверх
tune down,уменьшить
tune in,настраиваться
tune out,отключиться
tune up,настройка
tuned in,настроился
tuppence worth,небольшое значение
turd in the punchbowl,грязь в бокале с пуншем
turf out,выселить
turf war,территориальная война
turkey shoot,стрельба по индейкам
turn a blind eye,закрывать глаза
turn a blind eye to something,закрывать глаза на что-либо
turn a corner,повернуть за угол
turn a deaf ear,притворяться, что не слышишь
turn a hair,пошевелить волосок
turn a phrase,выражаться
turn a profit,получать прибыль
turn a setback into a comeback,превратить неудачу в успех
turn a trick,сделать трюк
turn about,поворот
turn about is fair play,отвечать тем же
turn against,обернуться против
turn around,повернуться
turn aside,отклониться
turn away,отворачиваться
turn back,вернуться
turn back the clock,вернуть время назад
turn down,уменьшить
turn forth,выходить
turn heads,привлекать внимание
turn in,сдать
turn in on oneself,обратиться вовнутрь
turn in one's grave,переворачиваться в гробу
turn into,превращаться в
turn into a pumpkin,превратиться в тыкву
turn loose,отпустить
turn of events,изменение ситуации
turn of speed,резкость ускорения
turn of the screw,поворот винта
turn off,выключить
turn on,включить
turn on its head,перевернуть с ног на голову
turn on one's heel,повернуться на пятке
turn one's coat,перевернуть пальто
turn one's color,покраснеть
turn one's nose up,морщить нос
turn or burn,или сгорит
turn out,оказаться
turn over,перевернуть
turn over a new leaf,начать новую жизнь
turn round,повернуться
turn someone's head,сводить с ума
turn tail,бежать сломя голову
turn the air blue,рассердить
turn the boat,повернуть лодку
turn the corner,свернуть за угол
turn the other cheek,поворачивать другую щеку
turn the page,перевернуть страницу
turn the scale,перевесить чашу весов
turn the screw,закрутить винт
turn the tables,перевернуть ситуацию
turn the tide,переломить ход событий
turn to,обратиться к
turn to dust,превратиться в пыль
turn to good account,использовать с пользой
turn together,поворачиваться вместе
turn turtle,перевернуться
turn two,повернуть на два
turn under,подвернуть
turn up,повысить
turn up for the book,подойти к книге
turn up one's nose,морщить нос
turn up the heat,усилить накал
turn up the volume on,увеличить громкость
turn up trumps,оказаться полезным
turn upon,зависеть от
turn upside down,перевернуть
turnabout is fair play,Как аукнется, так и откликнется
turned of,выключено
turning point,поворотный момент
turtle down,тормозить
turtle head,голова черепахи
turtle up,подниматься
twat about,болтать о
twat around,бездельничать
tweak on,подкрутить
tweak out,вытащить
twelve-ounce curls,локоны весом в тридцать четыре грамма
twenty bucks is twenty bucks,двадцать долларов это двадцать долларов
twenty dollars is twenty dollars,двадцать долларов это двадцать долларов
twenty to the dozen,двадцать штук за дюжину
twenty whole dollars,двадцать долларов
twenty winks,двадцать морганий
twenty-twenty hindsight,ретроспективный анализ
twiddle one's thumbs,крутить пальцами
twilight industry,сумеречная промышленность
twilight years,летние сумерки
twilight zone,зона сумерек
twinkle in one's daddy's eye,блеск в глазах отца
twinkle in one's father's eye,блеск в глазах отца
twinkle out,мерцать
twist and turn,крутиться и вертеться
twist in the wind,кружиться на ветру
twist of fate,изменение судьбы
twist up,скручивать
twists and turns,изгибы и повороты
two a penny,дешево как два гроша
two birds with one stone,убить двух зайцев одним выстрелом
two birds/one stone,убить двух зайцев одним выстрелом
two birds—one stone,убить двух зайцев одним выстрелом
two bob,два доллара
two can play at that game,играть можно по-разному
two can play at this game,игра на равных
two can play that game,играть по тем же правилам
two can play this game,играть можно по-разному
two cents,два цента
two for two,два из двух
two ha'pennies for a penny,два пенни за один пенни
two heads are better than one,Два ума лучше, чем один
two left feet,Два левых ботинка
two left hands,две левые руки
two penn'orth,два пенни
two pennies to rub together,две медные монеты, чтобы поскрести
two pennies' worth,два цента
two plus two equals five,два плюс два равно пяти
two sides of the same coin,две стороны одной медали
two slips of latinum,два слитка латуни
two steps ahead,на два шага впереди
two tears in a bucket,две капли в ведро
two thumbs up,два больших пальца вверх
two up,два вверх
two upon ten,два на десять
two wrongs don't make a right,две ошибки не делают правильного поступк…
two wrongs make a right,две ошибки не делают правильного
two's company and three is none,Двое - это компания, а трое - это толпа
two-fisted drinker,тяжеловес
two-forty on a plank road,два-четыре на дощатом мосту
two-hit wonder,однохитовый артист
two-second rule,правило двух секунд
two-way street,двустороннее движение
type out,печатать
type up,печатать
tyre kicker,штурман
ugly American,неотесанный американец
ugly customer,некрасивый клиент
ugly duckling,некрасивый утенок
ugly up,испортить внешний вид
ultra vires,выходя за пределы полномочий
unable to can,невозможно консервировать
under a cloud,под облаком
under a lucky star,под счастливой звездой
under a spell,под заклинанием
under arrest,под арестом
under canvas,под палаткой
under center,в центре
under construction,В стадии строительства
under control,под контролем
under correction,под редакцией
under cover,под прикрытием
under cover of darkness,под покровом темноты
under cover of night,под покровом ночи
under erasure,под чертой
under fire,под огнем
under glass,под стеклом
under hack,под взломом
under hatches,под арестом
under lock and key,под замком и ключом
under no circumstance,Ни при каких обстоятельствах
under no circumstances,Ни при каких обстоятельствах
under oath,под присягой
under one roof,под одной крышей
under one's arm,под мышкой
under one's belt,в арсенале
under one's breath,тихо
under one's feet,под ногами
under one's hand,подписью
under one's hat,в уме
under one's own steam,самостоятельно
under one's thumb,под чьим-то контролем
under one's very eyes,на глазах у всех
under one's very nose,у кого под носом
under one's wing,под крылом
under pain of,под страхом
under par,ниже нормы
under protest,под протестом
under sail,под парусом
under seal,под грифом
under someone's nose,под носом
under someone's roof,под чьей-либо крышей
under the auspices of,под эгидой
under the bootheel of,под пятой
under the breath,тихо
under the carpet,под ковром
under the cosh,под давлением
under the counter,под прилавком
under the covers,под одеялом
under the fist of,под властью
under the gun,под давлением
under the hammer,на аукционе
under the hood,под капотом
under the illusion,под иллюзией
under the impression,под впечатлением
under the influence,под влиянием
under the influence of,под влиянием
under the jail,под тюрьмой
under the knife,под ножом
under the lee,под защитой
under the mahogany,под красным деревом
under the microscope,под микроскопом
under the pump,под давлением
under the radar,вне поля зрения
under the rose,под сургучной печатью
under the rug,под ковром
under the rule,под властью
under the saya,под сари
under the sheets,под одеялом
under the stars,под звездами
under the sun,под солнцем
under the surface,под поверхностью
under the table,под столом
under the terms of,в соответствии с условиями
under the weather,нездоровится
under the weight of,под тяжестью
under the wire,в последний момент
under the yoke,под игом
under water,под водой
under way,в процессе
under wraps,в секрете
underneath one's breath,тихо
underneath the hood,под капотом
underpromise and overdeliver,обещать меньше, а делать больше
understand the assignment,понять задание
undress with one's eyes,раздеть взглядом
unga bunga,Уга бунга
unicorn barf,рвота единорога
unicorn puke,рвота единорога
unicorn vomit,рвота единорога
uniformly continuous,равномерно непрерывный
union is strength,объединение - сила
union makes strength,Объединение дает силу
unity is strength,единство - сила
unity makes strength,В единстве сила
university of life,университет жизни
university of the streets,университет улиц
unknown quantity,неизвестная величина
unmask one's batteries,раскрыть свои возможности
uno ab alto,один абзац
unring a bell,отменить решение
unsung hero,невоспетый герой
until all hours,до поздней ночи
until further notice,до особого указания
until hell freezes over,пока растопится лед в аду
until Kingdom come,до скончания веков
until next time,до следующей встречи
until one's dying day,до самой смерти
until proven otherwise,до тех пор, пока не будет доказано обрат…
until the cows come,пока не вырастут рога у коров
until the cows come home,пока не лопнут колеса
until the cows freeze over,пока не растают льды
until the last dog is hung,пока не висят все собаки
until the pips squeak,до скрипа
until the wheels fall off,пока не отвалится колесо
until we meet again,до новой встречи
unto itself,сам себе
unto the ages of ages,во веки веков
unto time,до времени
unused to,не привыкший
up a close,близко
up a creek,в затруднительном положении
up a creek without a paddle,в сложной ситуации
up a gum tree,на дереве
up a height,на высоту
up a storm,на полную катушку
up a stump,на пеньке
up a tree,на дереве
up against,против
up against the ropes,в сложной ситуации
up and at 'em,вперед к победе
up and away,вверх и вдаль
up and coming,многообещающий
up and down,вверх и вниз
up and running,в рабочем состоянии
up close and personal,вблизи и лично
up for,готов
up for grabs,доступно
up front,заранее
up goes the donkey,осел поднимается
up hill and down dale,вверх и вниз
up in one's grill,назойливый
up in the air,в воздухе
up line,вышестоящий
up on one's ear,настороже
up one's own ass,быть самодовольным
up one's sleeve,в рукаве
up one's sleeves,в рукаве
up poo creek,в говно
up shit creek,в сложной ситуации
up shit creek without a paddle,в сложной ситуации
up shit's creek,в сложной ситуации
up shit's creek without a paddle,в сложной ситуации
up someone's alley,по вкусу кому-то
up someone's ass,подставлять
up someone's strasse,подставлять
up someone's street,по улице кого-то
up the aisle,вдоль прохода
up the ante,повысить ставки
up the booai,вверх по буйкам
up the boohai,вверх по бухте
up the creek,в затруднительном положении
up the creek without a paddle,в сложной ситуации без возможности что-л…
up the duff,беременеть
up the flume,вверх по желобу
up the Oxo Tower,на башню Оксо
up the pole,на столб
up the proverbial,до небес
up the river,вверх по реке
up the spout,в никуда
up the stick,поднять палку
up the stump,подняться на пень
up the wall,вверх по стене
up the walls,вверх по стенам
up the wazoo,слишком много
up the yin-yang,поднять инь-ян
up the ying yang,довести до белого каления
up the ying-yang,довести до белого каления
up to anything,готов ко всему
up to eleven,до одиннадцати
up to no good,вытворяет что-то нехорошее
up to one's ass in alligators,попал в переплёт
up to one's chin,по горло
up to one's ears,по уши
up to one's elbows,до локтей
up to one's eyeballs,по уши
up to one's eyebrows,до самых бровей
up to one's eyes,по горло
up to one's neck,по горло
up to one's neck in alligators,по уши в проблемах
up to one's old tricks,снова взяться за старые трюки
up to par,на уровне
up to scratch,соответствовать требованиям
up to snuff,в норме
up to something,занимается чем-то
up to speed,в курсе
up to the chin,до подбородка
up to the elbows,до локтей
up to the hammer,до молотка
up to the hub,до ступицы
up to the knocker,до звонка
up to the mark,соответствующий требованиям
up to the nines,одевшись с иголочки
up to the tonsils,до миндалин
up to time,вовремя
up until,до
up what spring,вверх, пружина
up with the chickens,рано утром
up with the lark,встречать рассвет
up with the larks,встречать рассвет
uphill battle,тяжелая борьба
upon a sixpence,за гроши
upon a stound,на удивление
upon a sudden,внезапно
upon a time,Однажды
upon my sivvy,на моей сиве
upon my soul,клянусь своей душой
upon one's legs,на ногах
upon one's speed,в зависимости от скорости
upon pain of,под страхом
upon reflection,поразмыслив
upon the back of,на спине у
upon the books,в документах
upon the carpet,на ковре
upon the heels of,сразу после
upon the instant,мгновенно
upon the matter,по этому вопросу
upon the pad,на подкладке
upon the point of,на грани
upon the square,на площади
upon the strength of,благодаря силе
upon the tapis,на столе
upon the wing,в полете
upper crust,высший слой общества
upper hand,верхнее положение
upper storey,верхний этаж
ups and downs,взлеты и падения
upset the applecart,нарушить планы
upward of,более чем
upwardly mobile,стремящийся вверх
ur mum,твоя мама
urban fabric,городская ткань
urge on,подталкивать
urge to merge,стремление к слиянию
use in anger,в гневе
use it or lose it,Используй или потеряешь
use one's coconut,использовать свой мозг
use one's head,думать головой
use one's noggin,подумать
use to,использовать
use up,использовать
use your words,Используйте свои слова
used to,привыкший
useful as a chocolate teapot,бесполезный как шоколадный чайник
useful as tits on a bull,бесполезный как сиськи у быка
useless as tits on a bull,бесполезный как рога у быка
usher in,возвещать наступление
uterine cancer,рак матки
vacuum up,пылесосить
valar dohaeris,Пусть ваши сердца будут свободны
valar morghulis,Всем смертным суждено умереть
vale of tears,долина слез
valley of death,долина смерти
valley of the shadow of death,долина тени смерти
vamp up,улучшать
vanish to the four winds,рассеяться по всем уголкам
vanishing act,исчезновение
variety is the spice of life,Разнообразие - это специя жизни
vast majority,подавляющее большинство
veg out,лениться
vehicularly challenged,с проблемами с транспортом
vehicularly housed,транспортное средство, находящееся в укр…
vel non,или нет
vel sim.,или наоборот
velvet handcuffs,бархатные наручники
verb. sap.,глагол. сок
verbum sap,слово мудрости
verbum sapienti,Слово мудрецу
verbum sat,Слово - дело
verge on,быть на грани
vertically challenged,невысокий
very good,очень хорошо
very well,очень хорошо
vestra culpa,ваша вина
vibe out,расслабиться
vibe with,находить общий язык
victim of one's own success,жертва собственного успеха
victory at sea,победа в море
vide infra,см. ниже
vide supra,см. выше
view from the top,вид с вершины
vim and vigor,энергия и сила
Virtue is her own reward,Добродетель сама по себе является наград…
virtue is its own reward,добродетель сама по себе является наград…
virtuous circle,добродетельный круг
vision out,закончился запас
visually impaired,слабовидящий
vive la difference,да здравствует различие
voice in the wilderness,голос в пустыне
voices off,звук отключен
vomit up,рвать
vostra culpa,ваша вина
vote blue no matter who,голосуйте за демократов независимо от ка…
vote down,отрицательный голос
vote in,голосовать за
vote off the island,изгнать с острова
vote out,выгнать голосованием
vote up,лайк
vote with one's feet,голосовать ногами
vote with one's wallet,голосовать кошельком
vouch for,подтверждать
VR legs,Ноги виртуальной реальности
vulture culture,культура хищников
W-shaped recession,Рецессия в форме буквы W
wack out,вывести из строя
wade in,войти по пояс
wade through,пробираться
waft off,разноситься
waft over,парить над
wag a finger,грозить пальцем
wag the dog,отвлекающий маневр
wail on,бить без остановки
wait and see,подождать и посмотреть
wait around,ждать
wait for,ждать
wait for Godot,ждать Годо
wait for it,подождите
wait for the ball to drop,ждать, пока мяч упадет
wait for the dust to settle,подождать, пока ситуация прояснится
wait in the wings,ждать за кулисами
wait on,ждать
wait on someone hand and foot,обслуживать кого-то, как царя
wait out,переждать
wait till the clouds roll by,подождите, пока облака не пройдут
wait up,подожди
wait upon,обслуживать
wait upon hand and foot,обслуживать как царя
waiting game,игра в ожидание
waiting in the wings,в запасе
waiting to happen,ожидаемый
wake and bake,проснуться и употребить наркотики
wake the dead,пробудить мертвых
wake up,просыпаться
wake up and die right,проснуться и умереть сразу
wake up and smell the coffee,очнись и прими реальность
wake up one day,проснуться однажды
wale on,вали на
walk a mile in someone's shoes,почувствовать себя на месте другого чело…
walk all over,попрать достоинство
walk around,гулять
walk away,уйти
walk away from,уйти от
walk away with,получить
walk back,отменить
walk behind,идти позади
walk down,спускаться
walk free,выйти на свободу
walk in,зайти
walk in on,застать врасплох
walk in the park,гулять в парке
walk in the snow,гулять по снегу
walk into,войти
walk of life,сфера деятельности
walk off,уйти
walk off with,унести с собой
walk on,идти по
walk on broken glass,идти по битому стеклу
walk on by,пройти мимо
walk on eggshells,ходить по тонкому льду
walk on sunshine,иди по солнечному свету
walk on the wild side,жить на широкую ногу
walk on water,ходить по воде
walk one's chalks,выходить из себя
walk out,уйти
walk out on,бросить
walk out with,уйти с кем-то
walk over,перейти
walk the beat,патрулировать район
walk the chalk,рисовать мелом
walk the dog,выгуливать собаку
walk the floor,ходить по полу
walk the line,держаться в рамках
walk the plank,идти по доске
walk the streets,гулять по улицам
walk the talk,подтверждать словами делами
walk the walk,подтверждать словами делами
walk through,пройтись
walk with,гулять вместе
wall in,вход
wall of silence,стена молчания
wall off,отгородить
wall up,замуровать
walls have ears,Стены имеют уши
Wally World,Уолли Ворлд
wander off,уйти
wank off,мастурбировать
wanker's cramp,спазм от мастурбации
wanna bet,поспорить
want for,нуждаться в
want for nothing,не нуждаться ни в чем
want in,хочу присоединиться
want must be one's master,хотеть, чтобы кто-то был твоим хозяином
want out,хочу уйти
want someone's nachos,хочу чужие начос
want to,хотеть
want to bet,хочешь поспорить
want to know,хотеть узнать
wanton kittens make sober cats,шаловливые котята делают серьезных котов
war bride,невеста-военная
war is hell,война - это ад
war of nerves,психологическая война
war of words,словесная перепалка
ward off,отражать
warm body,тёплое тело
warm down,охладить
warm over,разогреть
warm regards,с наилучшими пожеланиями
warm the cockles of someone's heart,согреть душу
warm up,разминка
warmest regards,с наилучшими пожеланиями
warn off,отпугнуть
warts and all,со всеми недостатками
wash a blackamoor white,сделать чернокожего белым
wash and squash,мыть и разминать
wash away,смыть
wash down,смыть
wash off,смыть
wash one's dirty laundry in public,выносить сор из избы
wash one's dirty linen in public,выносить сор из избы
wash one's elbows,вылизать
wash oneself of,смыть с себя
wash out,смывать
wash over,накрывать волной
wash up,умыться
wash with,мыть с
washed out,выцветший
wasp around,жужжать вокруг
waste away,увядать
waste breath,тратить дыхание
waste of breath,пустая трата слов
waste of space,пустая трата места
watch back,пересмотреть
watch it,Смотри
watch one's language,Следить за словами
watch one's mouth,следить за словами
watch one's step,быть осторожным
watch out,осторожно
watch over,следить за
watch the world burn,смотреть, как мир горит
watch the world go by,смотреть, как проходит жизнь
watch this space,Следите за новостями
watched toast never burns,поджаренный хлеб никогда не подгорает
water down,разбавлять
water finds its level,вода находит свой уровень
water finds its own level,Вода всегда находит свой уровень
water is wet,вода мокрая
water over the dam,уже не вернуть
water seeks its level,Вода стремится к своему уровню
water seeks its own level,Вода стремится к своему уровню
water to one's mill,играть на руку
water under the bridge,уже прошлое
waterfowl alignment,стыковка водоплавающих
watering hole,место, где можно попить воды
watery grave,водяная могила
wave aside,отмахнуться
wave away,отмахиваться
wave down,останавливать рукой
wave goodbye,прощаться маханием руки
wave goodbye to something,прощаться с чем-то
wave in,махать
wave of the hand,мах рукой
wave off,отмахиваться
wave the white flag,поднять белый флаг
wave through,пропускать без очереди
wax and wane,приливы и отливы
wax down,восковая обработка
wax on,воск наносить
wax the dolphin,дельфин Вакс
way back when,давно
way of thinking,образ мышления
way out of a paper bag,легко
we all bleed red,у нас у всех одна кровь
we all make mistakes,мы все совершаем ошибки
we been knew,мы это знали
we hardly knew ye,мы почти не знали тебя
we haven't got all day,У нас нет всего дня
we live in a society,мы живем в обществе
we wuz kangz,мы были королями
we wuz kangz n sheeit,Мы были королями и все такое
we wuz kangz n shiet,мы были королями и всякое такое
weak sister,слабая сестра
weak tea,слабый чай
weaken up,проснуться
weaker vessel,слабый корабль
weakly cardinal,слабо выраженный основной
weakly contractible,слабо сократимый
wean off,постепенно отучать
weaponized incompetence,созданная некомпетентность
weapons free,свободное владение оружием
weapons hold,держать оружие
weapons tight,оружие наготове
wear and tear,износ
wear away,изнашиваться
wear down,изнашивать
wear in,изнашиваться
wear many hats,выполнять много ролей
wear off,сходить
wear on,изнашиваться
wear one's heart on one's sleeve,носить свое сердце на рукаве
wear out,изнашиваться
wear out one's welcome,перестать быть желанным гостем
wear rose-colored glasses,смотреть сквозь розовые очки
wear sackcloth and ashes,носить мешковину и пепел
wear the trousers,носить штаны
wear thin,изнашиваться
wear through,изнашиваться
wear too many hats,носить слишком много головных уборов
wear two hats,выполнять две роли
wear up,надевать
wear yellow stockings,носить жёлтые чулки
weary out,уставать
weasel into,прокрасться
weasel out,увиливать
weather out,переждать
weather the storm,пережить бурю
wedge up,подпирать
weed out,отсеивать
Weekend at Bernie's,Уикенд у Берни
weep Irish,плакать ирландским языком
weigh against,взвешивать против
weigh down,тяжелеть
weigh in,высказываться
weigh off,взвешивать
weigh on,давить
weigh out,отмерить
weigh up,взвесить
weight down,тяжелый груз
weight of the world,бремя мира
weird and wonderful,странный и удивительный
weird flex but OK,Странный ход, но ладно
weird out,смущать
welcome back,Добро пожаловать обратно
welcome home,Добро пожаловать домой
welcome to my life,Добро пожаловать в мою жизнь
welcome to my world,Добро пожаловать в мой мир
welcome to the club,Добро пожаловать в клуб
weld together,сварить вместе
welfare Cadillac,социальное обеспечение Кадиллак
well and good,хорошо и хорошо
well and truly,по-настоящему
well begun is half done,Хорошее начало - половина дела
well done,отлично
well played,хорошо сыграно
well said,хорошо сказано
well up,наполняться
well-oiled machine,отлаженный механизм
Welsh comb,Валлийский гребень
were it not for,если бы не
were you born in a tent,Вы родились в палатке
wet behind the ears,неопытный
wet blanket,бурая палопа
wet boy,мокрый мальчик
wet down,намочить
wet firecracker,мокрый петард
wet one's beak,намочить клюв
wet one's pants,намочить штаны
wet one's whistle,промокнуть
wet out,промокнуть
wet the bed,мочиться в постель
wet the shamrock,смочить клевер
wet through,промокший насквозь
whack off,отрезать
whack on,бить
whack one out,сделать
whack out,бить
whack up,бить
whale away,тратить впустую
whale on,налететь
wham bam thank you ma'am,Быстро и эффективно
what a shame,какое позор
what a small world,какая маленькая планета
what about the children,а что насчёт детей
what am I bid,какова ваша ставка
what am I looking at,Что я вижу
what are the odds,каковы шансы
what are you like,какой ты
what are you looking at,На что ты смотришь
what are you smoking,Что ты куришь
what are you waiting for,чего ты ждешь
what can I say,Что я могу сказать
what can I tell you,Что я могу вам сказать
what cheer,радуйся
what color is your Bugatti,Какого цвета ваш Бугатти
what colour is your Bugatti,Какого цвета ваш Bugatti
what comes around goes around,Что посеешь, то и пожнёшь
what did I tell you,что я тебе сказал
what do I know,Что я знаю
what do you know,Что ты знаешь
what do you make the time,как ты думаешь, который час
what do you say,Что ты говоришь
what do you want: blood?,что ты хочешь: крови
what else is new,Что нового
what foot the shoe is on,на какой ноге будет обувь
what gives,что случилось
what go round come round,что приходит, то и уходит
what goes around comes around,Что посеешь, то и пожнёшь
what goes round comes round,Что посеешь, то и пожнешь
what goes up must come down,Что вверх идёт, то вниз спускается
what good is,какая польза
what happens twice happens thrice,Что случается дважды, случается трижды
what has someone done,что кто-то сделал
what in tarnation,Что за чертовщина
what in time,что случилось
what is more,что еще
what is one to do,что делать
what is the matter,Что случилось
what is the time,который час
what is your job,какая у вас работа
what is your problem,В чём ваша проблема
what it is,что это такое
what it takes,что нужно
what next,что дальше
what o'clock is it,который час
what price,какая цена
what say you,что ты думаешь
what seems to be the problem,В чём проблема
what someone is about,о чем человек
what someone said,то, что кто-то сказал
what someone says goes,То, что говорит человек, имеет значение
what that mouth do,что делает этот рот
what the crap,что за черт
what the deuce,Что за чертовщина
what the Devil,чёрт побери
what the doctor ordered,то, что рекомендовал врач
what the ef,что за черт
what the eff,Что за черт
what the fish,что за черт
what the flip,что за черт
what the flying fuck,что за черт
what the fuck,Что за черт
what the fudge,Что за черт
what the goodyear,что такое гудйир
what the hay,Что за ерунда
what the heck,что за чертовщина
what the hell,Что за черт
what the helly,что за чертовщина
what the hey,что за чертовщина
what the shit,что за черт
what time do you make it,сколько времени у вас есть
what time have you got,который час
what was someone smoking,что он курил
what was someone thinking,о чем кто-то думал
what was your first clue,какая была ваша первая подсказка
what would Jesus do,Что бы сделал Иисус
what's cooking,Что готовится
what's doing,что происходит
what's done cannot be undone,Сделанного не вернуть
what's done is done,Сделанного не вернуть
what's eating,что случилось
what's eating you,что с тобой случилось
what's going on,Что происходит
what's in a name,что в имени
what's in it for me,Что я от этого получу
what's in the bag,что в сумке
what's it to you,Что вам до этого
what's more,что еще
what's new,Что нового
what's next,что дальше
what's not to like,Что в этом плохого
what's not to love,Что в этом плохого
what's occurring,что происходит
what's old is new again,Старое становится новым
what's one's angle,какая у него позиция
what's someone's damage,какой у него ущерб
what's the beef,Что случилось
what's the betting,каковы шансы
what's the big idea,что это значит
what's the crack,Что нового
what's the craic,Как дела
what's the damage,какой ущерб
what's the deal,что происходит
what's the difference,в чем разница
what's the good of,в чём смысл
what's the haps,Что нового
what's the matter,Что случилось
what's the scam,что за мошенничество
what's the story,Что случилось
what's the time,который час
what's the use,зачем
what's up,что нового
what's up Doc,Что нового, доктор
what's up with,что случилось
what's what,что есть что
what's with,что случилось
what's yer poison,что вы предпочитаете
what's your game,во что ты играешь
what's your pleasure,Что вам угодно
what's your poison,что вы предпочитаете
what's your problem,В чём проблема
whatcha know good,что ты хорошо знаешь
whatever butters your biscuit,как вам угодно
whatever butters your biscuits,как вам угодно
whatever butters your bread,как вам угодно
whatever butters your muffin,как пожелаете
whatever butters your toast,что угодно, что вам нравится
whatever creams your twinkie,Что бы вам ни понравилось
whatever floats your boat,Что вам нравится
whatever helps you sleep at night,что поможет вам спокойно спать ночью
whatever humps your camel,Что вам, что нет
whatever it takes,что бы ни потребовалось
whatever melts your butter,что вам нравится
whatever next,что дальше
whatever sizzles your bacon,что вам нравится
whatever the case may be,что бы ни случилось
whatever tickles your pickle,Как вам угодно
whatever winds your clock,что вам угодно
whatever you do,что бы вы ни делали
what’s wrong with this picture?,Что не так на этой фотографии
wheat bread,хлеб из пшеничной муки
wheel about,поворот
wheel and deal,торговаться и заключать сделки
wheel around,крутить вокруг
wheel away,откатить
wheel out,выкатить
wheel round,крутить
wheel within a wheel,колесо в колесе
wheeler and dealer,спекулянт
wheeling and dealing,сделки и махинации
wheels are turning,шестерёнки крутятся
wheels of steel,стальные колеса
when Adam was an oakum boy,когда Адам был простым рабочим
when all is said,когда все сказано
when all is said and done,когда все закончится
when everything is said and done,когда все закончится
when Hell freezes over,когда лед растает в аду
when in Rome,как говорится в Риме
when it comes to,когда речь идет о
when it's at home,когда он дома
when opportunity knocks,когда представляется возможность
when pigs fly,когда свиньи полетят
when push comes to shove,когда дело дойдет до серьезного момента
when the balloon goes up,когда надувается воздушный шар
when the cat's away,когда кота нет дома
when the chips are down,когда дела идут плохо
when the music stops,когда музыка стихает
when the time comes,когда придёт время
when two Fridays come together,когда два пятницы совпадают
when two Sundays come together,когда два воскресенья совпадают
when two Sundays meet,когда два воскресенья совпадают
whenever one turns around,где бы ни повернуться
where are the snows of yester-year,где снега прошлых лет
where are the snows of yesteryear,где снега прошлых лет
where are the toilets,где туалеты
where away,куда
where do I sign up,где можно зарегистрироваться
where do you live at,где ты живешь
where got,где взял
where I come from,откуда я родом
where is the lie,где ложь
where someone is coming from,откуда человек родом
where the puck is going,куда летит шайба
where the puck is heading,куда летит шайба
where the shoe pinches,где болит
where the sun doesn't shine,там, где не бывает солнца
where the sun don't shine,там, где не светит солнце
where there is a will,где есть желание
where there's muck there's brass,Где грязь, там и деньги
where's the beef,где мясо
where's the fire,где пожар
where's the lie,где ложь
where's the lie tho,где же ложь
whet one's appetite,пробудить аппетит
whether or not,независимо от того
which foot the shoe is on,на какой ноге обувь
which way the wind is blowing,В каком направлении дует ветер
whichever way one slices it,Как посмотреть ни то, ни сё
while away,заниматься чем-то неважным
while we're young,пока мы молоды
while you're down there,пока ты там находишься
whip down,сбивать с ног
whip hand,рукоять
whip in,добавить
whip into shape,привести в форму
whip it on,взбивать
whip off,снимать
whip out,вытаскивать
whip the cat,тихо
whip through,пронестись
whip together,быстро приготовить
whip up,приготовить быстро
whip up a storm,поднять бурю
whips and jingles,плети и колокольчики
whisk away,унести
whisk off,унести
whiskey dick,пендулин
whisper campaign,кампания сплетен
whistle Dixie,играть "Dixie
whistle for,свистеть для
whistle in the dark,свистеть в темноте
whistle in the wind,свист ветра
whistle past,свистеть мимо
whistle past the graveyard,пронестись мимо кладбища
whistle up,подзывать свистком
whistle walk,свист прогулка
white as a sheet,бледный как смерть
white bread,белый хлеб
white coat hypertension,гипертония, вызванная стрессом от посеще…
white flight,белый исход
white hat,белый хакер
white knight,белый рыцарь
white lie,ложь во благо
white lives matter,Жизни белых имеют значение
white magic,белая магия
white marriage,фиктивный брак
white night,белая ночь
white on rice,белый рис
white out,замело
white pee,белая моча
white rabbit,белый кролик
white rider,белый всадник
white satin,белый атлас
white sheep,белая овца
white trash,бедняки
white trashery,белый мусор
white up,светлее
whither away,куда уходит
Whitman's sampler,Набор Whitman's
whittle away,постепенно уменьшать
whittle down,уменьшать
who am I kidding,кого я обманываю
who are you telling,кому ты говоришь
who ate all the pies,кто съел все пироги
who died and made you boss,кто дал тебе право быть начальником
who died and made you king,Кто дал тебе право быть королем
who died and made you president,кто дал тебе право быть президентом
who died and made you queen,кто дал тебе право быть королевой
who do you think you are,Кто ты такой
who goes there,кто здесь
who hurt you,кто тебя обидел
who knew,кто знал
who knows,кто знает
who put a quarter in you,кто положил в тебя четверть доллара
who shot John,Кто выстрелил в Джона
who wants to know,кто хочет знать
who was your servant last year,кто был вашим слугой в прошлом году
who watches the watchers,кто следит за теми, кто следит
who would have guessed,кто бы мог подумать
who would have known,кто бы мог знать
who would have thought it,кто бы мог подумать
who would have thunk it,кто бы мог подумать
who would've thunk it,кто бы мог подумать
who woulda thunk it,кто бы мог подумать
who writes this stuff,Кто это пишет
who'd a thunk it,кто бы мог подумать
who'd have thunk it,кто бы мог подумать
who'd've thunk it,кто бы мог подумать
who'da thunk it,кто бы мог подумать
who's asking,кто спрашивает
who's robbing this coach,Кто грабит этот автобус
who's to say?,кто скажет
who's who,список известных людей
who's who in the zoo,кто есть кто в зоопарке
who's your daddy,Кто твой папа
whoever smelt it dealt it,кто что-то почувствовал, тот и сделал
whole ball of wax,весь комплекс
whole box of tricks,весь набор инструментов
whole cloth,целиком
whole enchilada,весь комплекс
whole package,полный комплект
whole shebang,весь комплекс
whole shooting match,весь комплекс мер
whom am I kidding,кого я обманываю
whomp on,ударить
whomp up,поднять вверх
whoop ass,отлупить за уши
whoop it up,веселиться
whore after,после
whore around,прогуливаться
whore out,проституировать
whore up,испортить
whose foot the shoe is on,на чьей ноге обувь
whose ox is gored,кому больно
why am I not surprised,я не удивлен
why God invented,зачем Бог создал
why in God's name,во имя бога
why in the world,зачем вообще
why in time,вовремя
why not Zoidberg,почему бы не Зойдберг
why oh why,почему же почему
why on Earth,зачем на свете
why so serious,почему так серьезно
wicked tongue,злобный язык
wide awake,полностью бодр
wide berth,большое расстояние
wide of the mark,далеко от цели
wide open,широко открытый
widen one's horizons,расширять кругозор
widen up,расширять
widow's mite,пожертвование вдовы
wife up,жениться
wig on to,подключиться
wig onto,надевать парик
wig out,сходить с ума
wiggle out of,выкрутиться из
wild blue yonder,бескрайнее голубое небо
wild child,непослушный ребенок
wild horses,дикие лошади
wild out,выходить из себя
wild-goose chase,пустая трата времени
wile out,тратить время впустую
wilful ignorance,умышленное невежество
willing and able,готовый и способный
willing horse,послушная лошадь
willow in the wind,ива на ветру
wily beguily,хитро
wimp out,трусить
win around,выиграть примерно
win back,вернуть себе
win by a nose,выиграть с минимальной разницей
win one for the Gipper,сыграть ради Гиппера
win or lose,выиграть или проиграть
win out,победить
win over,убедить
win round,выиграть раунд
win the day,победить сегодня
win the lottery,выиграть в лотерею
win through,выиграть
win up,подниматься вверх
wind at one's back,ветер в спину
wind back,перематывать назад
wind back the clock,вернуть время назад
wind down,расслабляться
wind off,сдуваться
wind tunnel testing,испытания в аэродинамической трубе
wind up,заводить
wind up one's bottoms,подтянуть штаны
window down,опустить стекло
window on the world,окно в мир
window out,выглянуть в окно
window over,над окном
window up,поднять окно
windward of the law,в соответствии с законом
wine and dine,угостить
wine tosser,бросатель вина
wine up,закручивать
winged word,крылатое слово
wink at,подмигивать
wink out,гаснуть
winkle out,выяснить
winning is a great deodorant,winning - это отличный дезодорант
winning ways,способы победы
winnow down,уменьшать
winnow up,просеять
winter rat,зимняя крыса
winter wonderland,зимняя сказка
wipe away,вытереть
wipe down,протирать
wipe off,вытереть
wipe out,уничтожить
wipe someone's eye,протереть глаз
wipe someone's nose,вытереть нос кому-то
wipe the floor with someone,разгромить кого-то
wipe the slate clean,начать всё с чистого листа
wipe up,вытереть
wire away,отправлять
wire in,подключить
wire off,отключить проводку
wise apple,мудрое яблоко
wise beyond one's years,мудрый за свои годы
wise head on young shoulders,мудрый человек в молодом теле
wise off,отвечать дерзко
wise up,одуматься
wish away,уйти
wish one joy of it,желаю вам радости от этого
wishful thinking,пустые надежды
with a bang,с грохотом
with a bullet,с пулей
with a bump,с шишкой
with a grain of salt,с долей скептицизма
with a high arm,с поднятой рукой
with a high hand,свысока
with a hint of,с ноткой
with a hook,с крюком
with a quickness,быстро
with a vengeance,с яростью
with a view to,с целью
with a wet finger,мокрым пальцем
with a will,с волей
with ages,по возрасту
with all due respect,со всей моей любовью и уважением
with all of one's heart,от всего сердца
with all one's ears,внимательно
with all one's eyes,всем глазам
with all one's heart,от всего сердца
with all one's might,со всей силы
with an eye to,с учетом
with an eye towards,с учетом
with any luck,если повезет
with apologies to,с извинениями
with arms wide open,с распростертыми объятиями
with bad grace,с неохотой
with bated breath,затаив дыхание
with bells on,с колокольчиками
with blackjack and hookers,с блэкджеком и проститутками
with both hands,обеими руками
with brass knobs on,с латунными ручками
with cause,по причине
with child,беременная
with childe,с ребенком
with closed doors,с закрытыми дверями
with dispatch,оперативно
with due respect,с уважением
with effect from,с даты
with every bone in one's body,всем своим телом
with every breath,с каждым вздохом
with every fiber of one's being,от всего сердца
with every fibre of one's being,от всего сердца
with every ounce of one's being,от всего сердца
with extra steps,с дополнительными шагами
with flying colors,с отличием
with flying colours,с отличием
with foal,с жеребёнком
with God,с Богом
with God as my witness,Клянусь Богом
with good grace,с достоинством
with good reason,по хорошей причине
with ill grace,с неохотой
with knobs on,с ручками
with leaden wings,с тяжелыми крыльями
with no further ado,без лишних слов
with one consent,по взаимному согласию
with one shoulder,с одним плечом
with one voice,единым голосом
with one's bare hands,голыми руками
with one's chest,грудью
with one's dick in one's hand,с членом в руке
with one's dying breath,с последним вздохом
with one's finger in one's mouth,с пальцем во рту
with one's finger up one's ass,с пальцем в заднице
with one's head held high,с высоко поднятой головой
with one's jaw in one's lap,с опущенной челюстью
with one's last breath,с последним вздохом
with one's own eyes,своими глазами
with one's pants down,в неловком положении
with one's tail up,с поднятым хвостом
with one's tongue in one's cheek,с иронией
with open arms,с распростертыми объятиями
with pleasure,с удовольствием
with prejudice,с предубеждением
with reason,по причине
with reference to,в связи с
with regard to,в отношении
with regards to,в связи с
with respect,с уважением
with respect to,относительно
with that in mind,с учетом этого
with the best,с лучшим
with the best of them,наравне с лучшими
with the exception of,за исключением
with the Lord,с Господом
with the manner,в манере
with the passage of time,Со временем
with the passing of time,со временем
with the skin of one's teeth,в самый последний момент
with the spin,с вращением
with this in mind,с учетом этого
with time,со временем
with tongue in cheek,с иронией
with whole skin,с цельной кожей
with young,с молодыми
wither away,увядать
wither on the vine,увядать на лозе
within a bull's roar,в пределах досягаемости крика быка
within a whisker of,впритык
within ames ace,внутри ames ace
within an ace of,в шаге от
within an inch of one's life,до смерти
within an inch of one's skin,вплоть до кожи
within arm's reach,в пределах досягаемости
within call,в пределах досягаемости
within cry,в пределах слышимости
within living memory,в живой памяти
within one sigma,в пределах одного стандартного отклонени…
within one's fingers,на кончиках пальцев
within one's means,в пределах своих возможностей
within one's rights,вправе
within reach,в пределах досягаемости
within reason,в разумных пределах
within the agreed time,в установленный срок
within the four seas,в пределах четырех морей
within the pale,в рамках дозволенного
within touching distance,в пределах досягаемости
without a by your leave,без разрешения
without a by-your-leave,без разрешения
without a doubt,без сомнения
without a hitch,без проблем
without a murmur,без единого слова
without a shadow of a doubt,без всяких сомнений
without a trace,без следа
without a word of a lie,без единой лжи
without accident,без происшествий
without batting an eye,не моргнув глазом
without biscuits,без печенья
without book,без книги
without cause,без причины
without cease,без перерыва
without coffee,без кофе
without day,без выходных
without doubt,без сомнения
without end,без конца
without exception,без исключения
without fail,обязательно
without fear or favor,без страха и предвзятости
without fear or favour,без страха и предвзятости
without further ado,без лишних слов
without hesitation,без колебаний
without incident,без происшествий
without loss of generality,без ограничения общности
without number,без номера
without prejudice,без предвзятости
without price,без цены
without question,без вопросов
without recourse,без возможности обжалования
without so much as a by-your-leave,без разрешения
without tea and biscuits,без чая и печенья
without tears,без слез
without trace,без следа
without troubling the scorers,без забитых голов
without welt or guard,без шишки и защиты
woe betide,беда неминуема
woe to,горе
wolf back,возвращение волка
wolf down,жадно есть
wolf guarding the sheep,волк, охраняющий овец
wolf in one's stomach,голод
wolf in sheep's clothing,волк в овечьей шкуре
wolf of Wall Street,волк с Уолл-стрит
wolf up,подбираться
wolve down,съесть до конца
woman among women,женщина среди женщин
woman of few words,молчаливая женщина
woman of the hour,женщина часа
woman of the people,человек из народа
woman on the street,обычный человек
woman up,Будь сильной
women and children first,женщины и дети первыми
won't someone think of the children,неужели никто не подумает о детях
wonders never cease,чудеса не прекращаются
wonk out,отключиться
wooden ear,деревянное ухо
wooden spoon,деревянная ложка
wooden spoonist,деревянная ложка
word gets around,Слухи распространяются
word has it,говорят
word is,слово
word is bond,честное слово
word it,выразите это словами
word of finger,слово пальцем
word of mouth,сарафанное радио
word on the street,слухи
word on the wire,слух
word to the wise,предупреждение
word up,понял
words cut deep,слова ранят
words fail someone,Слова не могут выразить
words of one syllable,слова из одного слога
work around,обходить
work at,работать на
work away,работать вдали
work back,работать назад
work in,работать
work into the ground,изнурить
work it,сделай это
work it out on the remix,проработать это в ремиксе
work its magic,оказать свое влияние
work like a dog,работать как вол
work like a dream,работает как часы
work like a horse,работать как лошадь
work like hell,работать как проклятый
work of art,произведение искусства
work off,отрабатывать
work on,работать над
work one's fingers to the bone,работать не покладая рук
work one's magic,проявить свои способности
work out,заниматься спортом
work over,перерабатывать
work round,обходить
work someone's arse off,работать как проклятый
work someone's ass off,работать как проклятый
work spouse,рабочий партнер
work the crowd,завоевывать публику
work the room,общаться со всеми гостями
work through,прорабатывать
work to rule,работать строго по инструкции
work together,работать вместе
work up,подготовиться
work up to,подготовиться
work with one's hands,работать руками
work wonders,творить чудеса
worked up,возбуждённый
working girl,работающая девушка
working hard or hardly working,усердно работая или работая кое-как
world of difference,огромная разница
world record,мировой рекорд
worlds apart,далеко друг от друга
worlds away,далеко
worm food,корм для червей
worm has turned,ситуация изменилась
worm out,вытаскивать червя
worm turns,переворачиваться
worm's-eye view,вид снизу
worry along,беспокоиться
worry back,беспокоиться
worry down,успокоиться
worse and worse,хуже и хуже
worse for liquor,хуже из-за алкоголя
worse for wear,изношенный
worse things happen at sea,хуже бывает в море
worship the ground someone walks on,почитать как бога
worship the porcelain god,поклоняться фарфоровому богу
worship the porcelain goddess,поклоняться фарфоровой богине
worst comes to worst,в худшем случае
worst of both worlds,худшее из двух миров
worst-kept secret,самый известный секрет
worth a Jew's eye,стоит целого состояния
worth every penny,стоит каждой копейки
worth one's salt,стоить своего веса в золоте
worth one's weight in gold,стоить своего веса в золоте
worth one's while,стоит того
would give a Jew's eye,выколоть глаз
would it hurt,Это будет больно
would it kill someone,убьет ли это кого-нибудь
would you believe,вы поверите
would you believe it,вы поверите
wouldn't be seen dead,никогда бы не согласился
wouldn't you know,как назло
wouldn't you know it,как назло
wouldn't you say,разве вы бы не сказали
wowie kazowie,не знаю
wowie zowie,вау вау
wrack and ruin,полное разорение
wrap around,обернуть вокруг
wrap around one's little finger,повернуть вокруг пальца
wrap in cotton wool,обернуть в вату
wrap in the flag,обернуть флагом
wrap it before you tap it,Оберните его, прежде чем нажимать на нег…
wrap up,завершить
wreathed in smiles,окружённый улыбками
wrestle with,бороться с
wrestle with a pig,бороться со свиньей
wriggle out of,выкрутиться из
wring one's hands,сжимать руки
wring out,выжимать
write checks one can't cash,выписывать неоплачиваемые чеки
write down,записать
write for the drawer,писать для ящика
write in,писать
write off,списать
write one's own ticket,решать самому
write oneself into a corner,загнать себя в тупик
write out,писать
write over,переписывать
write the book,написать книгу
write up,статья
writer's cramp,судорога у писаря
writing on the wall,надпись на стене
written all over someone's face,видно по лицу
written in blood,написано кровью
written in someone's face,видно по лицу
written in the stars,предрешено судьбой
wrong crowd,не та компания
wrong number,неверный номер
wrong side of the tracks,плохая сторона рельсов
wuss out,трусить
X factor,Фактор успеха
X marks the spot,Здесь находится место
X out,вычеркнуть
X's and O's,Крестики-нолики
y'all means all,все
yabba dabba doo,Ябба дабба ду
yack on,болтать без умолку
yada yada yada,и так далее
yadi yadi yada,и так далее
yak on,Як
yammer on,болтать без умолку
yank around,дергать
yank off,резко выдернуть
yank someone's chain,дергать за ниточки
Yankee dime,Дюйм
yard out,выносить
yard up,подняться
yardarm it,реверанс
yardarm to,к рейс-штагу
yardarm to yardarm,от носа до кормы
yarn on,пряжа
yaya papaya,яя папайя
ye gods,боги
ye of little faith,маловерный
ye olde,старинный
year dot,с давних времен
yeastie beastie,жуткое чудовище
yeasty beasty,дрожжевой зверь
yell out,кричать
yell silently,кричать молча
yellow brick road,желтая кирпичная дорога
yellow grease,желтый жир
yellow journalism,желтая пресса
yellow journalist,желтая пресса
yellow light,желтый свет
yellow off,желтеть
yellow out,желтеть
yellow press,желтая пресса
yellow state,жёлтое состояние
yellow up,желтеть
yeoman's service,верная служба
yes and amen,да и аминь
yes and no,да и нет
yes man,человек, который всегда соглашается
yes to death,да смерти
yesterday is gone,Вчерашний день прошёл
yesterday's gone,Вчерашний день прошёл
yield the ghost,показать призрака
yield up,отдать
yield up the ghost,умереть
yikes on bikes,Огого
yippee skippy,Ураура
you ain't seen nothing yet,ты еще ничего не видел
you alright,ты в порядке
you and what army,и какая армия
you and which army,ты и какая армия
you and whose army,ты и чья армия
you are the doctor,вы врач
you are what you eat,Ты есть то, что ты ешь
you beauty,красавица
you bet,конечно
you bet one's boots,точно
you bet one's life,ставить на кон свою жизнь
you better believe it,Ты лучше поверь
you call this,как это назвать
you can say that again,это точно
you can't be half pregnant,Нельзя быть наполовину беременной
you can't fight City Hall,С властями бороться бесполезно
you can't fix stupid,глупости не исправить
you can't get something for nothing,Ничего не дается даром
you can't go home again,нельзя вернуться домой
you can't make this stuff up,Этого не придумаешь
you can't outrun your fork,Невозможно убежать от своей вилки
you can't polish a turd,Нельзя сделать из дерьма конфетку
you can't polish shit,Нельзя сделать из дерьма конфетку
you can't say fairer than that,Нельзя сказать лучше, чем так
you can't take it with you,это с собой не унести
you can't unring a bell,Невозможно вернуть сказанное
you can't win them all,Нельзя выиграть все
you cannot please everyone,Невозможно угодить всем
you could have fooled me,я бы и не заметил
you couldn't make it up,невозможно придумать
you don't get owt for nowt,За все нужно платить
you don't get something for nothing,Ничего не дается даром
you don't know where it's been,вы не знаете, где это было
you don't want to know,тебе не нужно это знать
you gals,девушки
you get that,ты понял
you get what you pay for,Вы получаете то, за что платите
you got it,Ты понял
you got this,у тебя всё получится
you had one job,у тебя была одна задача
you had to be there,нужно было там быть
you happy jiu OK,ты счастлив, джиу, хорошо
you haven't lived,вы еще не жили
you hear what I'm saying,Ты слышишь, что я говорю
you know it,ты знаешь
you know something,ты знаешь что-то
you know what,ты знаешь
you know what I mean,вы понимаете, что я имею в виду
you know what I'm saying,ты понимаешь о чём я говорю
you know what they say,вы знаете, что говорят
you knows it,ты знаешь
you learn something new every day,каждый день узнаешь что-то новое
you lot,вы
you man,ты мужик
you must be fun at parties,Вы, должно быть, весёлый человек на вече…
you must be new here,Вы, должно быть, здесь новичок
you must spoil before you spin,нужно испортить прежде чем прясть
you name it,назовите это как хотите
you never know,никогда не знаешь
you only get what you give,Ты получаешь только то, что отдаешь
you only go around once,жизнь дается один раз
you only live once,живешь один раз
you said a mouthful,ты сказал много
you said it,ты это сказал
you shouldn't have,тебе не следовало
you snooze you lose,кто не успел, тот опоздал
you the birthday,с днем рождения
you think,ты думаешь
you think what,что ты думаешь
you want a cookie,ты хочешь печеньку
you welcome,пожалуйста
you were saying,вы говорили
you win,ты победил
you wish,ты желаешь
you'd better believe it,лучше поверь
you'll get yours,тебе тоже достанется
you'll live,ты проживешь
you'll never guess,вы никогда не угадаете
you're a long time dead,ты долго будешь мертв
you're all right,вы правы
you're alright,ты в порядке
you're good,ты молодец
you're kidding,ты шутишь
you're never too old to learn,никогда не поздно учиться
you're on,ты прав
you're telling me,ты мне говоришь
you're the boss,Вы главный
you're the doctor,Вы доктор
you're welcome a million,пожалуйста миллион раз
you've got to be kidding me,Ты шутишь
you've got to laugh,нужно посмеяться
you've gotta be kidding me,ты шутишь
you've said a mouthful,вы сказали многого
young at heart,молодой душой
young blood,молодежь
young fogey,молодой старожил
young Turk,молодой турк
your arse,твоя задница
your ass,твоя задница
your barn door is open,у вас открыта дверь в сарае
your blood's worth bottling,твоя кровь стоит того, чтобы ее сохранит…
your boy,твой парень
your chariot awaits,Ваша колесница ждет
your girl,твоя девушка
your good name,твоё доброе имя
your head,твоя голова
your mileage may differ,Ваши результаты могут отличаться
your mileage may vary,результаты могут отличаться
your money is no good here,Ваши деньги здесь не принимают
your net worth is your network,ваша ценность определяется вашими связям…
your network is your net worth,Ваши связи - это ваш капитал
your place or mine,у тебя или у меня
your reputation precedes you,Ваша репутация вас опережает
your vibe attracts your tribe,Твоя энергия привлекает тех, кто тебе бл…
your wish is my command,Ваше желание - моя команда
yours ever,твоя навсегда
yours faithfully,с уважением
yours sincerely,с уважением
yours trulies,искренне ваш
yours truly,искренне ваш
youth is wasted on the young,молодость проходит зря у молодых
yuck fou,фу
yuck it up,отвратительно
yuck out,выплюнуть
yuck someone's yum,отвратить чью-то радость
yuck up,блевать
yuk it up,веселиться
zap over,приехать
zap up,зарядить
zero fucks given,Мне все равно
zero in,нулевой
zero out,обнулить
zig when one should zag,когда нужно идти направо, нужно идти нал…
zip down,застегнуть молнию
zip one's lip,замолчать
zip up,застегнуть молнию
zipper down,молния расстегнута
zipper up,застегнуть молнию
zoink out,вывести деньги
zombie out,выйти из состояния зомбирования
zone in,зона
zone off,отключить зону
zone out,отвлечься
zonk out,забыть
zoom by,пролетать мимо
zoom in,увеличить
zoom in on,увеличить
zoom out,отдалить
zoot suit,костюм зут
zoot up,украсить
